RealTimestamp,Local_temperature (C),furnace_thermocouple_Voltage (mV),WGM701_Voltage (V),CVM211_Voltage (V),Baratron626D_1KT_Voltage (V),Baratron626D_1T_Voltage (V)
2026-05-12 15:39:38.649,21.881361696912336,11.393771879909309,3.4611132351801643,2.416761820402826,0.08560898756877577,0.2200226375953207
2026-05-12 15:39:39.683,21.881361696912336,11.391404166886332,3.4606393915255467,2.4322407131203363,0.08474027420197672,0.2200226375953207
2026-05-12 15:39:40.715,21.874066163083967,11.40087501897824,3.4600075999860564,2.4160510549208993,0.0841084826624865,0.21804828903441376
2026-05-12 15:39:41.747,21.881361696912336,11.401664256652566,3.461034261237728,2.4158931070360268,0.08395053477761394,0.2246821001990611
2026-05-12 15:39:42.780,21.881361696912336,11.402453494326892,3.4603234957558016,2.4185782210788602,0.08647770093557483,0.2174954714373598
2026-05-12 15:39:43.807,21.881361696912336,11.408767395721497,3.4614291309499094,2.414234654244865,0.08402950872005022,0.22199698615622765
2026-05-12 15:39:44.833,21.881361696912336,11.38824721618903,3.4630875837410713,2.4160510549208993,0.08608283122339344,0.22057545519237465
2026-05-12 15:39:45.860,21.881361696912336,11.390614929212006,3.4645091147049243,2.416761820402826,0.08426643054735905,0.2207334030772472
2026-05-12 15:39:46.887,21.881361696912336,11.37719788874847,3.464430140762488,2.4322407131203363,0.08379258689274138,0.21939084605583048
2026-05-12 15:39:47.919,21.881361696912336,11.3843010278174,3.4651409062444145,2.4316878955232824,0.08521411785659438,0.22104929884699231
2026-05-12 15:39:48.947,21.874066163083967,11.396139592932286,3.46608859355365,2.4317668694657186,0.08474027420197672,0.22081237701968348
2026-05-12 15:39:49.975,21.874066163083967,11.370094749679538,3.4665624372082675,2.430740208214047,0.08395053477761394,0.22191801221379137
2026-05-12 15:39:51.003,21.874066163083967,11.386668740840378,3.467826020287248,2.4317668694657186,0.086240779108266,0.22128622067430115
2026-05-12 15:39:52.030,21.881361696912336,11.385879503166052,3.468931655481356,2.447482684010538,0.08402950872005022,0.21907495028608537
2026-05-12 15:39:53.056,21.874066163083967,11.38982569153768,3.4679839681721205,2.4635933682675386,0.08450335237466788,0.22373441288982576
2026-05-12 15:39:54.104,21.881361696912336,11.393771879909309,3.46948447307841,2.469437440007823,0.08458232631710416,0.22049648124993837
2026-05-12 15:39:55.132,21.866770629255655,11.394561117583635,3.470353186445209,2.4922609093719075,0.08671462276288366,0.22104929884699231
2026-05-12 15:39:56.163,21.874066163083967,11.392982642234983,3.4714588216393167,2.5050546880465845,0.08387156083517766,0.2197067418255756
2026-05-12 15:39:57.191,21.874066163083967,11.38982569153768,3.472406508948552,2.518875127972933,0.08489822208684927,0.2204175073075021
2026-05-12 15:39:58.217,21.874066163083967,11.389036453863355,3.473196248372915,2.5312740369354287,0.08560898756877577,0.22207596009866393
2026-05-12 15:39:59.250,21.866770629255655,11.385879503166052,3.472722404718297,2.544699607149596,0.08466130025954044,0.22057545519237465
2026-05-12 15:40:00.278,21.874066163083967,11.398507305955263,3.47351214414266,2.567681024398553,0.08434540448979533,0.2204175073075021
2026-05-12 15:40:01.311,21.874066163083967,11.375619413399818,3.475249570876258,2.5783425066274503,0.08434540448979533,0.22199698615622765
2026-05-12 15:40:02.337,21.874066163083967,11.405610445024195,3.474933675106513,2.6025085330129514,0.08537206574146694,0.2228656995230267
2026-05-12 15:40:03.362,21.874066163083967,11.375619413399818,3.4756444405884395,2.6116695103355596,0.08489822208684927,0.22176006432891882
2026-05-12 15:40:04.388,21.874066163083967,11.3843010278174,3.4764341800128022,2.6229627841039473,0.10432581192617363,0.22199698615622765
2026-05-12 15:40:05.428,21.874066163083967,11.387457978514703,3.4765131539552385,3.6601275701195846,3.790671496966752,0.22018058548019326
2026-05-12 15:40:06.457,21.874066163083967,11.381144077120098,3.4768290497249836,7.567916189751486,3.963545456959764,0.22199698615622765
2026-05-12 15:40:07.487,21.866770629255655,11.390614929212006,3.478092632803964,7.983161179081435,4.021828226477737,0.22033853336506581
2026-05-12 15:40:08.516,21.874066163083967,11.398507305955263,3.4784875025161455,7.984187840333107,4.05847213576817,0.22104929884699231
2026-05-12 15:40:09.542,21.874066163083967,11.412713584093126,3.479514163767817,7.983792970620925,4.08287508398098,0.2221549340411002
2026-05-12 15:40:10.569,21.874066163083967,11.392193404560658,3.4805408250194887,7.98347707485118,4.101276012568633,0.22089135096211976
2026-05-12 15:40:11.599,21.866770629255655,11.381144077120098,3.481488512328724,7.9818975960024545,4.113280051818947,0.22136519461673743
2026-05-12 15:40:12.626,21.866770629255655,11.386668740840378,3.4810936426165426,7.983713996678489,4.131128162809546,0.22049648124993837
2026-05-12 15:40:13.656,21.866770629255655,11.390614929212006,3.4818833820409054,7.982924257254126,4.147949612548473,0.2214441685591737
2026-05-12 15:40:14.683,21.866770629255655,11.385090265491726,3.4821992778106505,7.9838719445633615,4.159558782086606,0.22207596009866393
2026-05-12 15:40:15.711,21.866770629255655,11.414292059441777,3.482041329925778,7.982924257254126,4.159795703913915,0.22191801221379137
2026-05-12 15:40:16.736,21.866770629255655,11.396928830606612,3.48369978271694,7.983240153023871,4.16200697430213,0.22341851712008065
2026-05-12 15:40:17.765,21.866770629255655,11.40639968269852,3.4844895221413026,7.984345788217979,4.161691078532385,0.2197067418255756
2026-05-12 15:40:18.793,21.866770629255655,11.392982642234983,3.484647470026175,7.983240153023871,4.160190573626096,0.22104929884699231
2026-05-12 15:40:19.822,21.866770629255655,11.402453494326892,3.4848054179110477,7.983003231196562,4.160980313050459,0.22231288192597276
2026-05-12 15:40:20.847,21.866770629255655,11.391404166886332,3.486858740414391,7.98347707485118,4.1614541567050765,0.22057545519237465
2026-05-12 15:40:21.876,21.866770629255655,11.393771879909309,3.4882012974358076,7.984029892448234,4.159558782086606,0.22120724673186487
2026-05-12 15:40:22.902,21.866770629255655,11.396928830606612,3.4890700108026067,7.984424762160415,4.160427495453405,0.21844315874659515
2026-05-12 15:40:23.931,21.866770629255655,11.39535035525796,3.49112333330595,7.98284528331169,4.159242886316861,0.2218390382713551
2026-05-12 15:40:24.962,21.866770629255655,11.392193404560658,3.492544864269803,7.982687335426817,4.159716729971478,0.22057545519237465
2026-05-12 15:40:25.988,21.866770629255655,11.393771879909309,3.49451921283071,7.982766309369254,4.160190573626096,0.22010161153775698
2026-05-12 15:40:27.020,21.866770629255655,11.394561117583635,3.495940743794563,7.983082205138999,4.159874677856351,0.22231288192597276
2026-05-12 15:40:28.056,21.866770629255655,11.392982642234983,3.4984679099525238,7.984424762160415,4.160190573626096,0.2221549340411002
2026-05-12 15:40:29.105,21.866770629255655,11.383511790143075,3.499652519089068,7.984266814275543,4.160427495453405,0.2193118721133942
2026-05-12 15:40:30.139,21.866770629255655,11.399296543629589,3.5023376331319014,7.984661683987724,4.159637756029042,0.2211282727894286
2026-05-12 15:40:31.168,21.859475095427342,11.38824721618903,3.504469929577681,7.9822134917722,4.162401844014312,0.21986468971044815
2026-05-12 15:40:32.213,21.866770629255655,11.393771879909309,3.5062863302537153,7.98347707485118,4.159084938431988,0.22104929884699231
2026-05-12 15:40:33.244,21.859475095427342,11.392982642234983,3.5092083661238576,7.983556048793616,4.160427495453405,0.2214441685591737
2026-05-12 15:40:34.315,21.859475095427342,11.38824721618903,3.5120514280515636,7.983635022736053,4.160585443338277,0.22365543894738948
2026-05-12 15:40:35.347,21.859475095427342,11.383511790143075,3.515921151230941,7.9833191269663075,4.159321860259297,0.22097032490455604
2026-05-12 15:40:36.378,21.866770629255655,11.362991610610607,3.5193960046981374,7.983082205138999,4.160664417280714,0.22120724673186487
2026-05-12 15:40:37.406,21.866770629255655,11.402453494326892,3.52294983210777,7.983240153023871,4.161928000359694,0.22097032490455604
2026-05-12 15:40:38.435,21.859475095427342,11.38824721618903,3.5274513468266377,7.9833191269663075,4.159953651798787,0.2221549340411002
2026-05-12 15:40:39.467,21.866770629255655,11.37325170037684,3.5347959234732116,7.982687335426817,4.160348521510969,0.22152314250160998
2026-05-12 15:40:40.495,21.866770629255655,11.392193404560658,3.5371651417463,7.982924257254126,4.161849026417258,0.2218390382713551
2026-05-12 15:40:41.524,21.859475095427342,11.385090265491726,3.540876917040805,7.985214501584778,4.161928000359694,0.22176006432891882
2026-05-12 15:40:42.550,21.859475095427342,11.391404166886332,3.5455363796445454,7.9833191269663075,4.159005964489552,0.22136519461673743
2026-05-12 15:40:43.582,21.866770629255655,11.390614929212006,3.54861636339956,7.98347707485118,4.159795703913915,0.22333954317764437
2026-05-12 15:40:44.610,21.859475095427342,11.37877636409712,3.551143529557521,7.981502726290273,4.159953651798787,0.21986468971044815
2026-05-12 15:40:45.647,21.859475095427342,11.37719788874847,3.5555660703339527,7.982687335426817,4.160427495453405,0.22136519461673743
2026-05-12 15:40:46.677,21.859475095427342,11.387457978514703,3.5600675850528205,7.983398100908744,4.160664417280714,0.2225498037532816
2026-05-12 15:40:47.705,21.859475095427342,11.410345871070149,3.5640162821746344,7.98410886639067,4.160506469395841,0.22136519461673743
2026-05-12 15:40:48.732,21.859475095427342,11.385090265491726,3.568122927181321,7.9838719445633615,4.158926990547116,0.2207334030772472
2026-05-12 15:40:49.759,21.85217956159903,11.379565601771446,3.572940337669934,7.983161179081435,4.160506469395841,0.22262877769571787
2026-05-12 15:40:50.785,21.859475095427342,11.390614929212006,3.57578339959764,7.982134517829763,4.160427495453405,0.22097032490455604
2026-05-12 15:40:51.830,21.859475095427342,11.383511790143075,3.580995679798434,7.983161179081435,4.159637756029042,0.22057545519237465
2026-05-12 15:40:52.862,21.85217956159903,11.396928830606612,3.584391559323194,7.9847406579301605,4.160427495453405,0.22160211644404626
2026-05-12 15:40:53.892,21.859475095427342,11.3843010278174,3.5884982043298805,7.98347707485118,4.159242886316861,0.22057545519237465
2026-05-12 15:40:54.919,21.85217956159903,11.421395198510709,3.591736135969768,7.983792970620925,4.160427495453405,0.2221549340411002
2026-05-12 15:40:55.946,21.85217956159903,11.393771879909309,3.5958427809764544,7.9824504135995085,4.160506469395841,0.2221549340411002
2026-05-12 15:40:56.974,21.85217956159903,11.375619413399818,3.6001073738680134,7.983161179081435,4.1594798081441695,0.22152314250160998
2026-05-12 15:40:58.000,21.859475095427342,11.399296543629589,3.605398628011244,7.983713996678489,4.160822365165586,0.22405030865957087
2026-05-12 15:40:59.029,21.85217956159903,11.380354839445772,3.6095052730179304,7.983398100908744,4.1623228700718755,0.2214441685591737
2026-05-12 15:41:00.056,21.85217956159903,11.386668740840378,3.613927813794362,7.982371439657072,4.159716729971478,0.22294467346546298
2026-05-12 15:41:01.088,21.85217956159903,11.374040938051166,3.6172447193766857,7.981581700232709,4.161612104589949,0.22191801221379137
2026-05-12 15:41:02.123,21.85217956159903,11.392193404560658,3.6223780256350437,7.98410886639067,4.160980313050459,0.2225498037532816
2026-05-12 15:41:03.167,21.85217956159903,11.396928830606612,3.626958514296348,7.98347707485118,4.161691078532385,0.2221549340411002
2026-05-12 15:41:04.195,21.85217956159903,11.392193404560658,3.6301964459362352,7.9833191269663075,4.1614541567050765,0.22231288192597276
2026-05-12 15:41:05.227,21.859475095427342,11.412713584093126,3.634934882482412,7.983240153023871,4.161928000359694,0.22223390798353648
2026-05-12 15:41:06.257,21.85217956159903,11.405610445024195,3.637856918352554,7.983635022736053,4.1609013391080225,0.22247082981084532
2026-05-12 15:41:07.286,21.844884027770718,11.38824721618903,3.6427533027836034,7.982924257254126,4.16137518276264,0.22302364740789926
2026-05-12 15:41:08.317,21.85217956159903,11.41744901013908,3.647728661157089,7.984503736102852,4.160585443338277,0.22247082981084532
2026-05-12 15:41:09.344,21.844884027770718,11.415870534790429,3.6519142801062117,7.982687335426817,4.16200697430213,0.22176006432891882
2026-05-12 15:41:10.378,21.85217956159903,11.381933314794423,3.655941951170462,7.983161179081435,4.160190573626096,0.22333954317764437
2026-05-12 15:41:11.404,21.85217956159903,11.37719788874847,3.658863987040604,7.982134517829763,4.1614541567050765,0.2225498037532816
2026-05-12 15:41:12.434,21.844884027770718,11.40639968269852,3.6623388405078003,7.98410886639067,4.1623228700718755,0.22302364740789926
2026-05-12 15:41:13.467,21.85217956159903,11.390614929212006,3.6663665115720505,7.983713996678489,4.160427495453405,0.2228656995230267
2026-05-12 15:41:14.501,21.85217956159903,11.392193404560658,3.669604443211938,7.98347707485118,4.161138260935331,0.22420825654444343
2026-05-12 15:41:15.533,21.85217956159903,11.396139592932286,3.673948010045933,7.982134517829763,4.160348521510969,0.22191801221379137
2026-05-12 15:41:16.565,21.844884027770718,11.389036453863355,3.676712098031203,7.983003231196562,4.161296208820204,0.22176006432891882
2026-05-12 15:41:17.596,21.844884027770718,11.385090265491726,3.6805028472681443,7.983240153023871,4.160506469395841,0.22444517837175226
2026-05-12 15:41:18.628,21.844884027770718,11.413502821767452,3.6828720655412326,7.983556048793616,4.160506469395841,0.22373441288982576
2026-05-12 15:41:19.660,21.85217956159903,11.404821207349869,3.683503857080723,7.983161179081435,4.161770052474822,0.22341851712008065
2026-05-12 15:41:20.690,21.85217956159903,11.412713584093126,3.650650697027231,7.983556048793616,4.160664417280714,0.22176006432891882
2026-05-12 15:41:21.738,21.844884027770718,11.397718068280938,3.653177863185192,7.983713996678489,4.16074339122315,0.2246821001990611
2026-05-12 15:41:22.765,21.85217956159903,11.415081297116103,3.6589429609830404,7.983950918505798,4.160190573626096,0.2232605692352081
2026-05-12 15:41:23.793,21.844884027770718,11.385879503166052,3.6646290848384524,7.982608361484381,4.162954661611366,0.22310262135033554
2026-05-12 15:41:24.822,21.85217956159903,11.391404166886332,3.671578791772845,7.983240153023871,4.1623228700718755,0.22373441288982576
2026-05-12 15:41:25.853,21.85217956159903,11.389036453863355,3.675369541009786,7.982687335426817,4.159716729971478,0.22262877769571787
2026-05-12 15:41:26.883,21.85217956159903,11.427709099905314,3.6811346388076345,7.981976569944891,4.160348521510969,0.22476107414149737
2026-05-12 15:41:27.915,21.85217956159903,11.41744901013908,3.6861889711235563,7.983003231196562,4.159874677856351,0.22420825654444343
2026-05-12 15:41:28.944,21.844884027770718,11.404031969675543,3.690611511899988,7.983635022736053,4.160822365165586,0.22333954317764437
2026-05-12 15:41:29.971,21.85217956159903,11.38982569153768,3.6936125217125664,7.983635022736053,4.161612104589949,0.22405030865957087
2026-05-12 15:41:31.000,21.859475095427342,11.385090265491726,3.6996145413377235,7.983556048793616,4.161533130647513,0.22373441288982576
2026-05-12 15:41:32.028,21.85217956159903,11.391404166886332,3.701983759610812,7.983398100908744,4.160664417280714,0.22381338683226204
2026-05-12 15:41:33.056,21.844884027770718,11.400085781303915,3.7073539876964787,7.983003231196562,4.16074339122315,0.22365543894738948
2026-05-12 15:41:34.105,21.85217956159903,11.392193404560658,3.710591919336366,7.983398100908744,4.16074339122315,0.22444517837175226
2026-05-12 15:41:35.130,21.844884027770718,11.386668740840378,3.7146985643430526,7.982766309369254,4.160190573626096,0.22381338683226204
2026-05-12 15:41:36.157,21.844884027770718,11.393771879909309,3.718252391752685,7.984029892448234,4.162243896129439,0.22491902202636993
2026-05-12 15:41:37.184,21.85217956159903,11.392193404560658,3.7215692973350087,7.982529387541945,4.16137518276264,0.22389236077469832
2026-05-12 15:41:38.212,21.85217956159903,11.394561117583635,3.7249651768597687,7.982766309369254,4.162480817956748,0.22333954317764437
2026-05-12 15:41:39.243,21.844884027770718,11.407188920372846,3.7288349000391463,7.983161179081435,4.163112609496238,0.22412928260200715
2026-05-12 15:41:40.272,21.85217956159903,11.410345871070149,3.7317569359092886,7.983713996678489,4.160269547568532,0.22515594385367876
2026-05-12 15:41:41.297,21.844884027770718,11.404821207349869,3.7359425548584113,7.9824504135995085,4.161770052474822,0.22531389173855132
2026-05-12 15:41:42.325,21.85217956159903,11.38824721618903,3.738706642843681,7.9833191269663075,4.160822365165586,0.22460312625662482
2026-05-12 15:41:43.353,21.844884027770718,11.393771879909309,3.741865600541132,7.98347707485118,4.160427495453405,0.2235764650049532
2026-05-12 15:41:44.380,21.85217956159903,11.38272255246875,3.745182506123456,7.9824504135995085,4.1609013391080225,0.22452415231418854
2026-05-12 15:41:45.451,21.844884027770718,11.383511790143075,3.749210177187706,7.9824504135995085,4.1609013391080225,0.22405030865957087
2026-05-12 15:41:46.480,21.85217956159903,11.40639968269852,3.7524481088275934,7.983950918505798,4.161217234877768,0.2257087614507327
2026-05-12 15:41:47.510,21.85217956159903,11.40639968269852,3.755212196812863,7.984266814275543,4.161612104589949,0.22594568327804154
2026-05-12 15:41:48.544,21.844884027770718,11.387457978514703,3.7578183369132603,7.982529387541945,4.1609013391080225,0.2242872304868797
2026-05-12 15:41:49.573,21.85217956159903,11.38982569153768,3.7612142164380202,7.982292465714636,4.161138260935331,0.22562978750829643
2026-05-12 15:41:50.602,21.85217956159903,11.404031969675543,3.7644521480779076,7.98347707485118,4.161612104589949,0.22634055299022293
2026-05-12 15:41:51.636,21.85217956159903,11.400085781303915,3.768242897314849,7.983003231196562,4.160585443338277,0.22555081356586015
2026-05-12 15:41:52.663,21.844884027770718,11.39535035525796,3.7714018550123,7.982529387541945,4.161138260935331,0.22491902202636993
2026-05-12 15:41:53.695,21.85217956159903,11.394561117583635,3.7734551775156433,7.983240153023871,4.161138260935331,0.22476107414149737
2026-05-12 15:41:54.724,21.844884027770718,11.392193404560658,3.776772083097967,7.983003231196562,4.160822365165586,0.2246821001990611
2026-05-12 15:41:55.751,21.85217956159903,11.385090265491726,3.7791413013710553,7.982687335426817,4.160664417280714,0.22460312625662482
2026-05-12 15:41:56.778,21.844884027770718,11.404821207349869,3.782695128780688,7.984187840333107,4.164060296805474,0.22555081356586015
2026-05-12 15:41:57.803,21.85217956159903,11.392982642234983,3.785301268881085,7.983713996678489,4.161217234877768,0.22562978750829643
2026-05-12 15:41:58.831,21.844884027770718,11.396139592932286,3.7900397054272617,7.983161179081435,4.160822365165586,0.22484004808393365
2026-05-12 15:41:59.858,21.85217956159903,11.392982642234983,3.7920140539881686,7.984503736102852,4.162085948244567,0.22618260510535038
2026-05-12 15:42:00.887,21.85217956159903,11.399296543629589,3.795015063800747,7.983556048793616,4.162559791899184,0.22515594385367876
2026-05-12 15:42:01.914,21.85217956159903,11.398507305955263,3.7984899172679434,7.982371439657072,4.160427495453405,0.22444517837175226
2026-05-12 15:42:02.940,21.85217956159903,11.407978158047172,3.800938109483468,7.983792970620925,4.162480817956748,0.22626157904778665
2026-05-12 15:42:03.971,21.859475095427342,11.392982642234983,3.802912458044375,7.9838719445633615,4.162559791899184,0.2264195269326592
2026-05-12 15:42:05.005,21.844884027770718,11.42297367385936,3.8059134678569535,7.98347707485118,4.161928000359694,0.22507696991124249
2026-05-12 15:42:06.034,21.85217956159903,11.415870534790429,3.809704217093895,7.983003231196562,4.161770052474822,0.2246821001990611
2026-05-12 15:42:07.060,21.85217956159903,11.401664256652566,3.8115995917123655,7.985056553699906,4.162480817956748,0.2275251621267671
2026-05-12 15:42:08.104,21.844884027770718,11.410345871070149,3.8138898360430176,7.98284528331169,4.160980313050459,0.22594568327804154
2026-05-12 15:42:09.134,21.85217956159903,11.394561117583635,3.817127767682905,7.9833191269663075,4.161849026417258,0.22736721424189454
2026-05-12 15:42:10.166,21.85217956159903,11.396139592932286,3.8198128817257384,7.982608361484381,4.161928000359694,0.22594568327804154
2026-05-12 15:42:11.195,21.85217956159903,11.396139592932286,3.822813891538317,7.983556048793616,4.160980313050459,0.22555081356586015
2026-05-12 15:42:12.226,21.85217956159903,11.398507305955263,3.8263677189479495,7.98410886639067,4.162243896129439,0.22665644875996804
2026-05-12 15:42:13.255,21.859475095427342,11.39535035525796,3.828815911163474,7.9833191269663075,4.161928000359694,0.22491902202636993
2026-05-12 15:42:14.289,21.859475095427342,11.412713584093126,3.8321328167457978,7.983082205138999,4.161059286992895,0.22562978750829643
2026-05-12 15:42:15.320,21.85217956159903,11.392982642234983,3.8363184356949205,7.984582710045288,4.162480817956748,0.227209266357022
2026-05-12 15:42:16.351,21.85217956159903,11.390614929212006,3.8388456018528814,7.983635022736053,4.161849026417258,0.2268143966448406
2026-05-12 15:42:17.382,21.85217956159903,11.39535035525796,3.841609689838151,7.982924257254126,4.161691078532385,0.22768311001163966
2026-05-12 15:42:18.413,21.859475095427342,11.38272255246875,3.8449265954204748,7.981818622060018,4.161138260935331,0.22562978750829643
2026-05-12 15:42:19.446,21.85217956159903,11.39535035525796,3.8474537615784357,7.983003231196562,4.1623228700718755,0.22586670933560526
2026-05-12 15:42:20.477,21.85217956159903,11.401664256652566,3.852113224182176,7.983003231196562,4.161928000359694,0.22736721424189454
2026-05-12 15:42:21.506,21.85217956159903,11.392193404560658,3.854640390340137,7.982687335426817,4.162796713726493,0.2268143966448406
2026-05-12 15:42:22.536,21.85217956159903,11.393771879909309,3.8576414001527155,7.982766309369254,4.1623228700718755,0.22886771914818382
2026-05-12 15:42:23.565,21.859475095427342,11.403242732001218,3.8608003578501666,7.983240153023871,4.161770052474822,0.22634055299022293
2026-05-12 15:42:24.591,21.85217956159903,11.400085781303915,3.8653808465114707,7.983161179081435,4.162243896129439,0.2257087614507327
2026-05-12 15:42:25.619,21.859475095427342,11.403242732001218,3.8684608302664856,7.984661683987724,4.161770052474822,0.22736721424189454
2026-05-12 15:42:26.648,21.859475095427342,11.385090265491726,3.8731992668126622,7.984187840333107,4.1623228700718755,0.22760413606920338
2026-05-12 15:42:27.676,21.859475095427342,11.396139592932286,3.8753315632584417,7.983556048793616,4.1623228700718755,0.22697234452971315
2026-05-12 15:42:28.705,21.859475095427342,11.420605960836383,3.878016677301275,7.984503736102852,4.1623228700718755,0.2264985008750955
2026-05-12 15:42:29.733,21.859475095427342,11.394561117583635,3.879991025862182,7.983082205138999,4.162401844014312,0.2264195269326592
2026-05-12 15:42:30.764,21.859475095427342,11.39535035525796,3.882755113847452,7.982687335426817,4.1642972186327825,0.22776208395407593
2026-05-12 15:42:31.792,21.85217956159903,11.401664256652566,3.8849663842356676,7.983082205138999,4.162085948244567,0.22744618818433082
2026-05-12 15:42:32.817,21.85217956159903,11.399296543629589,3.888757133472609,7.982766309369254,4.162085948244567,0.227209266357022
2026-05-12 15:42:33.848,21.859475095427342,11.392982642234983,3.8900207165515894,7.982924257254126,4.162480817956748,0.22673542270240432
2026-05-12 15:42:34.875,21.859475095427342,11.396139592932286,3.893021726364168,7.9822134917722,4.162164922187003,0.22807797972382104
2026-05-12 15:42:35.902,21.859475095427342,11.394561117583635,3.8960227361767465,7.984424762160415,4.162559791899184,0.2279200318389485
2026-05-12 15:42:36.946,21.859475095427342,11.412713584093126,3.897602215025472,7.983161179081435,4.1642972186327825,0.22799900578138477
2026-05-12 15:42:37.975,21.85217956159903,11.405610445024195,3.902182703686776,7.983556048793616,4.162796713726493,0.2268143966448406
2026-05-12 15:42:39.004,21.85217956159903,11.413502821767452,3.9058944789812813,7.9822134917722,4.16200697430213,0.22768311001163966
2026-05-12 15:42:40.034,21.85217956159903,11.385090265491726,3.908026775427061,7.98284528331169,4.161296208820204,0.22886771914818382
2026-05-12 15:42:41.061,21.85217956159903,11.408767395721497,3.9107118894698942,7.983161179081435,4.16200697430213,0.228630797320875
2026-05-12 15:42:42.089,21.859475095427342,11.38982569153768,3.9159241696706886,7.983950918505798,4.161770052474822,0.22728824029945827
2026-05-12 15:42:43.115,21.85217956159903,11.397718068280938,3.917977492174032,7.9838719445633615,4.162559791899184,0.22815695366625732
2026-05-12 15:42:44.146,21.85217956159903,11.40087501897824,3.9207415801593015,7.9833191269663075,4.1628756876689295,0.2285518233784387
2026-05-12 15:42:45.171,21.85217956159903,11.410345871070149,3.9224000329504634,7.983950918505798,4.162164922187003,0.22736721424189454
2026-05-12 15:42:46.200,21.85217956159903,11.425341386882337,3.9244533554538066,7.98284528331169,4.164692088344964,0.22831490155112988
2026-05-12 15:42:47.229,21.85217956159903,11.411135108744475,3.9272174434390763,7.982687335426817,4.162401844014312,0.22918361491792894
2026-05-12 15:42:48.261,21.859475095427342,11.402453494326892,3.9290338441151107,7.983635022736053,4.163270557381111,0.2289466930906201
2026-05-12 15:42:49.290,21.85217956159903,11.415870534790429,3.932271775754998,7.9818975960024545,4.161533130647513,0.22807797972382104
2026-05-12 15:42:50.321,21.85217956159903,11.404031969675543,3.9335353588339785,7.9822134917722,4.162717739784057,0.22847284943600243
2026-05-12 15:42:51.351,21.85217956159903,11.392982642234983,3.937642003840665,7.9824504135995085,4.162164922187003,0.2292625888603652
2026-05-12 15:42:52.382,21.859475095427342,11.42297367385936,3.939695326344008,7.98284528331169,4.162085948244567,0.2285518233784387
2026-05-12 15:42:53.409,21.85217956159903,11.424552149208012,3.9426963361565868,7.983398100908744,4.162164922187003,0.22760413606920338
2026-05-12 15:42:54.444,21.859475095427342,11.415870534790429,3.943959919235567,7.9838719445633615,4.163033635553802,0.2289466930906201
2026-05-12 15:42:55.478,21.859475095427342,11.397718068280938,3.9465660593359644,7.983398100908744,4.161849026417258,0.2296574585725466
2026-05-12 15:42:56.508,21.859475095427342,11.404821207349869,3.9497250170334155,7.98284528331169,4.16200697430213,0.2279200318389485
2026-05-12 15:42:57.536,21.85217956159903,11.407188920372846,3.9516993655943224,7.982371439657072,4.161691078532385,0.22878874520574755
2026-05-12 15:42:58.565,21.85217956159903,11.403242732001218,3.9545424275220284,7.983792970620925,4.164455166517655,0.22989438039985544
2026-05-12 15:42:59.595,21.859475095427342,11.399296543629589,3.9585700985862786,7.983398100908744,4.161849026417258,0.2279200318389485
2026-05-12 15:43:00.623,21.859475095427342,11.394561117583635,3.960149577435004,7.982371439657072,4.163270557381111,0.22949951068767405
2026-05-12 15:43:01.652,21.859475095427342,11.393771879909309,3.962913665420274,7.983240153023871,4.1623228700718755,0.2282359276086936
2026-05-12 15:43:02.682,21.859475095427342,11.421395198510709,3.965203909750926,7.983003231196562,4.163112609496238,0.23021027616960055
2026-05-12 15:43:03.714,21.85217956159903,11.394561117583635,3.9673362061967055,7.982608361484381,4.163981322863037,0.22886771914818382
2026-05-12 15:43:04.745,21.859475095427342,11.39535035525796,3.969705424469794,7.9824504135995085,4.164376192575219,0.22902566703305638
2026-05-12 15:43:05.777,21.859475095427342,11.419027485487732,3.973496173706735,7.983240153023871,4.16200697430213,0.23131591136370844
2026-05-12 15:43:06.808,21.85217956159903,11.39535035525796,3.9776028187134216,7.9824504135995085,4.163112609496238,0.2289466930906201
2026-05-12 15:43:07.834,21.859475095427342,11.404031969675543,3.978313584195348,7.983792970620925,4.1628756876689295,0.2285518233784387
2026-05-12 15:43:08.863,21.859475095427342,11.426130624556663,3.9830520207415248,7.983161179081435,4.164534140460091,0.23139488530614472
2026-05-12 15:43:09.892,21.859475095427342,11.410345871070149,3.9835258643961424,7.982371439657072,4.16413927074791,0.23021027616960055
2026-05-12 15:43:10.922,21.85217956159903,11.426919862230989,3.986289952381412,7.983635022736053,4.162717739784057,0.23060514588178194
2026-05-12 15:43:11.947,21.859475095427342,11.396928830606612,3.9912653107548977,7.983635022736053,4.163902348920601,0.2293415628028015
2026-05-12 15:43:12.978,21.85217956159903,11.385879503166052,3.993318633258241,7.983398100908744,4.16200697430213,0.2321846247305075
2026-05-12 15:43:14.006,21.859475095427342,11.39535035525796,3.996240669128383,7.984029892448234,4.1637444010357285,0.23123693742127216
2026-05-12 15:43:15.034,21.85217956159903,11.383511790143075,3.9975832261498,7.982371439657072,4.161849026417258,0.22918361491792894
2026-05-12 15:43:16.064,21.85217956159903,11.399296543629589,4.000268340192633,7.9833191269663075,4.164692088344964,0.23194770290319866
2026-05-12 15:43:17.097,21.85217956159903,11.411135108744475,4.003111402120339,7.983398100908744,4.161770052474822,0.23186872896076238
2026-05-12 15:43:18.156,21.85217956159903,11.403242732001218,4.005243698566119,7.9833191269663075,4.1628756876689295,0.22989438039985544
2026-05-12 15:43:19.187,21.859475095427342,11.403242732001218,4.007849838666516,7.982292465714636,4.163349531323547,0.23044719799690938
2026-05-12 15:43:20.216,21.859475095427342,11.39535035525796,4.00966623934255,7.982687335426817,4.162796713726493,0.2299733543422917
2026-05-12 15:43:21.248,21.859475095427342,11.421395198510709,4.013693910406801,7.985135527642342,4.1647710622874,0.2303682240544731
2026-05-12 15:43:22.276,21.859475095427342,11.425341386882337,4.015352363197962,7.981976569944891,4.162559791899184,0.23186872896076238
2026-05-12 15:43:23.308,21.85217956159903,11.402453494326892,4.017405685701306,7.982529387541945,4.163902348920601,0.22989438039985544
2026-05-12 15:43:24.338,21.85217956159903,11.425341386882337,4.021828226477737,7.984582710045288,4.165244905942018,0.23210565078807122
2026-05-12 15:43:25.373,21.859475095427342,11.39535035525796,4.02388154898108,7.983003231196562,4.162638765841621,0.2303682240544731
2026-05-12 15:43:26.401,21.85217956159903,11.399296543629589,4.0270405066785315,7.984503736102852,4.163902348920601,0.23281641626999772
2026-05-12 15:43:27.430,21.859475095427342,11.42297367385936,4.0270405066785315,7.982608361484381,4.164376192575219,0.23123693742127216
2026-05-12 15:43:28.463,21.859475095427342,11.396928830606612,4.030515360145728,7.983713996678489,4.162954661611366,0.2317897550183261
2026-05-12 15:43:29.494,21.85217956159903,11.400085781303915,4.033358422073434,7.983240153023871,4.163191583438675,0.23092104165152705
2026-05-12 15:43:30.522,21.85217956159903,11.39535035525796,4.035648666404086,7.983003231196562,4.164218244690346,0.23155283319101727
2026-05-12 15:43:31.551,21.859475095427342,11.40639968269852,4.036912249483066,7.98347707485118,4.1628756876689295,0.23155283319101727
2026-05-12 15:43:32.587,21.859475095427342,11.392982642234983,4.039518389583463,7.983792970620925,4.163270557381111,0.2336061556943605
2026-05-12 15:43:33.613,21.859475095427342,11.407188920372846,4.040939920547316,7.98410886639067,4.165244905942018,0.23257949444268888
2026-05-12 15:43:34.645,21.85217956159903,11.410345871070149,4.043940930359895,7.982608361484381,4.163586453150856,0.23352718175192422
2026-05-12 15:43:35.678,21.85217956159903,11.398507305955263,4.045599383151057,7.983082205138999,4.163112609496238,0.23210565078807122
2026-05-12 15:43:36.710,21.85217956159903,11.398507305955263,4.0476527056544,7.983082205138999,4.163823374978165,0.23305333809730655
2026-05-12 15:43:37.739,21.859475095427342,11.394561117583635,4.049706028157743,7.983161179081435,4.162638765841621,0.23257949444268888
2026-05-12 15:43:38.770,21.866770629255655,11.387457978514703,4.052154220373268,7.984345788217979,4.163112609496238,0.23194770290319866
2026-05-12 15:43:39.799,21.85217956159903,11.407188920372846,4.054681386531229,7.984345788217979,4.162401844014312,0.23265846838512516
2026-05-12 15:43:40.828,21.85217956159903,11.404031969675543,4.057524448458935,7.982924257254126,4.163981322863037,0.23202667684563494
2026-05-12 15:43:41.856,21.85217956159903,11.403242732001218,4.058393161825734,7.983635022736053,4.163270557381111,0.23115796347883588
2026-05-12 15:43:42.887,21.859475095427342,11.413502821767452,4.059893666732023,7.983240153023871,4.1657187495966355,0.23352718175192422
2026-05-12 15:43:43.918,21.85217956159903,11.396139592932286,4.062104937120239,7.9818975960024545,4.162559791899184,0.231473859248581
2026-05-12 15:43:44.949,21.85217956159903,11.414292059441777,4.06400031173871,7.983950918505798,4.163191583438675,0.23344820780948794
2026-05-12 15:43:45.974,21.85217956159903,11.402453494326892,4.064474155393327,7.98284528331169,4.1637444010357285,0.23194770290319866
2026-05-12 15:43:47.000,21.859475095427342,11.411135108744475,4.066606451839107,7.98347707485118,4.164929010172273,0.23376410357923305
2026-05-12 15:43:48.027,21.85217956159903,11.4119243464188,4.069054644054631,7.9822134917722,4.163349531323547,0.23257949444268888
2026-05-12 15:43:49.055,21.859475095427342,11.392193404560658,4.070555148960921,7.983082205138999,4.163586453150856,0.23407999934897816
2026-05-12 15:43:50.086,21.85217956159903,11.418238247813406,4.075135637622225,7.983398100908744,4.162954661611366,0.23344820780948794
2026-05-12 15:43:51.113,21.85217956159903,11.407188920372846,4.076873064355823,7.983240153023871,4.163665427093292,0.23423794723385072
2026-05-12 15:43:52.142,21.85217956159903,11.38982569153768,4.080032022053274,7.982687335426817,4.163981322863037,0.23407999934897816
2026-05-12 15:43:53.172,21.85217956159903,11.41744901013908,4.081216631189818,7.983713996678489,4.163981322863037,0.2332112859821791
2026-05-12 15:43:54.197,21.85217956159903,11.419816723162057,4.08287508398098,7.982687335426817,4.162717739784057,0.2332112859821791
2026-05-12 15:43:55.228,21.859475095427342,11.405610445024195,4.085402250138941,7.9833191269663075,4.165007984114709,0.23479076483090466
2026-05-12 15:43:56.258,21.85217956159903,11.419816723162057,4.087692494469593,7.983950918505798,4.1642972186327825,0.23407999934897816
2026-05-12 15:43:57.289,21.85217956159903,11.407188920372846,4.088798129663701,7.983161179081435,4.163981322863037,0.2336061556943605
2026-05-12 15:43:58.314,21.859475095427342,11.402453494326892,4.091483243706534,7.983082205138999,4.163191583438675,0.23352718175192422
2026-05-12 15:43:59.340,21.859475095427342,11.41744901013908,4.093299644382569,7.982608361484381,4.163191583438675,0.23494871271577722
2026-05-12 15:44:00.370,21.85217956159903,11.39535035525796,4.095195019001039,7.981739648117582,4.164534140460091,0.23313231203974283
2026-05-12 15:44:01.399,21.859475095427342,11.397718068280938,4.098748846410672,7.983713996678489,4.162796713726493,0.2339220514641056
2026-05-12 15:44:02.428,21.859475095427342,11.402453494326892,4.1000914034320886,7.983003231196562,4.163902348920601,0.2336061556943605
2026-05-12 15:44:03.454,21.85217956159903,11.394561117583635,4.102460621705177,7.98347707485118,4.162954661611366,0.2332112859821791
2026-05-12 15:44:04.519,21.85217956159903,11.419816723162057,4.104355996323648,7.9822134917722,4.163902348920601,0.23447486906115955
2026-05-12 15:44:05.550,21.85217956159903,11.413502821767452,4.106251370942118,7.983792970620925,4.1657187495966355,0.23447486906115955
2026-05-12 15:44:06.577,21.85217956159903,11.403242732001218,4.108857511042515,7.983713996678489,4.163665427093292,0.23400102540654188
2026-05-12 15:44:07.605,21.85217956159903,11.404031969675543,4.109963146236623,7.983792970620925,4.164060296805474,0.2354225563703949
2026-05-12 15:44:08.632,21.85217956159903,11.392193404560658,4.111779546912658,7.983161179081435,4.163191583438675,0.2336061556943605
2026-05-12 15:44:09.675,21.85217956159903,11.402453494326892,4.114385687013055,7.982924257254126,4.163191583438675,0.23400102540654188
2026-05-12 15:44:10.702,21.85217956159903,11.407978158047172,4.117544644710506,7.982766309369254,4.163981322863037,0.23581742608257628
2026-05-12 15:44:11.728,21.844884027770718,11.403242732001218,4.1182554101924325,7.983161179081435,4.1647710622874,0.23471179088846839
2026-05-12 15:44:12.761,21.85217956159903,11.407188920372846,4.121177446062575,7.984661683987724,4.164376192575219,0.2354225563703949
2026-05-12 15:44:13.788,21.85217956159903,11.397718068280938,4.1219671854869375,7.982924257254126,4.163902348920601,0.23581742608257628
2026-05-12 15:44:14.818,21.85217956159903,11.396139592932286,4.122914872796173,7.98347707485118,4.163586453150856,0.23447486906115955
2026-05-12 15:44:15.844,21.85217956159903,11.399296543629589,4.124573325587335,7.9838719445633615,4.163665427093292,0.2361333218523214
2026-05-12 15:44:16.871,21.844884027770718,11.401664256652566,4.126705622033114,7.983161179081435,4.163665427093292,0.2350276866582135
2026-05-12 15:44:17.895,21.844884027770718,11.396139592932286,4.127732283284786,7.9833191269663075,4.163665427093292,0.23479076483090466
2026-05-12 15:44:18.920,21.844884027770718,11.404821207349869,4.130575345212492,7.982134517829763,4.163270557381111,0.2361333218523214
2026-05-12 15:44:19.950,21.844884027770718,11.412713584093126,4.133813276852379,7.983082205138999,4.165323879884454,0.23565947819770372
2026-05-12 15:44:20.979,21.85217956159903,11.423762911533686,4.1353137817586685,7.983556048793616,4.163033635553802,0.23660716550693905
2026-05-12 15:44:22.007,21.85217956159903,11.402453494326892,4.138077869743938,7.98284528331169,4.164534140460091,0.2367651133918116
2026-05-12 15:44:23.033,21.844884027770718,11.397718068280938,4.141078879556517,7.983556048793616,4.162954661611366,0.2361333218523214
2026-05-12 15:44:24.065,21.844884027770718,11.392982642234983,4.141710671096007,7.982608361484381,4.164534140460091,0.23589640002501255
2026-05-12 15:44:25.095,21.844884027770718,11.40639968269852,4.14376399359935,7.982529387541945,4.163428505265983,0.23526460848552233
2026-05-12 15:44:26.122,21.837588493942405,11.387457978514703,4.144948602735894,7.982055543887327,4.164613114402528,0.23881843589515483
2026-05-12 15:44:27.149,21.844884027770718,11.416659772464754,4.146054237930002,7.983556048793616,4.16350747920842,0.23763382675861067
2026-05-12 15:44:28.177,21.844884027770718,11.4119243464188,4.148028586490909,7.983398100908744,4.164060296805474,0.23573845214014
2026-05-12 15:44:29.207,21.844884027770718,11.390614929212006,4.150239856879125,7.982766309369254,4.163586453150856,0.238581514067846
2026-05-12 15:44:30.233,21.844884027770718,11.40639968269852,4.151661387842978,7.982529387541945,4.163586453150856,0.2361333218523214
2026-05-12 15:44:31.264,21.844884027770718,11.38982569153768,4.155294189195047,7.983635022736053,4.166192593251253,0.237159983103993
2026-05-12 15:44:32.294,21.844884027770718,11.423762911533686,4.155531111022356,7.983161179081435,4.164060296805474,0.2360543479098851
2026-05-12 15:44:33.324,21.844884027770718,11.400085781303915,4.156794694101336,7.982687335426817,4.1637444010357285,0.23731793098886556
2026-05-12 15:44:34.349,21.844884027770718,11.407188920372846,4.160190573626096,7.9833191269663075,4.1647710622874,0.23692306127668417
2026-05-12 15:44:35.380,21.844884027770718,11.419027485487732,4.161849026417258,7.98347707485118,4.163981322863037,0.2381866443556646
2026-05-12 15:44:36.410,21.85217956159903,11.429287575253966,4.16350747920842,7.984187840333107,4.16413927074791,0.23802869647079206
2026-05-12 15:44:37.441,21.844884027770718,11.412713584093126,4.166745410848307,7.982292465714636,4.163349531323547,0.23771280070104694
2026-05-12 15:44:38.474,21.85217956159903,11.427709099905314,4.168482837581905,7.9833191269663075,4.1642972186327825,0.2374758788737381
2026-05-12 15:44:39.505,21.85217956159903,11.429287575253966,4.169825394603322,7.9838719445633615,4.164850036229836,0.23905535772246367
2026-05-12 15:44:40.535,21.844884027770718,11.40639968269852,4.1714048734520475,7.984661683987724,4.164534140460091,0.23739690493130183
2026-05-12 15:44:41.563,21.844884027770718,11.397718068280938,4.173853065667572,7.9833191269663075,4.164376192575219,0.23842356618297345
2026-05-12 15:44:42.595,21.844884027770718,11.429287575253966,4.178196632501567,7.983635022736053,4.163586453150856,0.23739690493130183
2026-05-12 15:44:43.624,21.844884027770718,11.430866050602617,4.176933049422587,7.982608361484381,4.167377202387797,0.24087175839849806
2026-05-12 15:44:44.649,21.844884027770718,11.405610445024195,4.178828424041058,7.982924257254126,4.163823374978165,0.2392922795497725
2026-05-12 15:44:45.677,21.844884027770718,11.420605960836383,4.1817504599112,7.984582710045288,4.1642972186327825,0.23771280070104694
2026-05-12 15:44:46.704,21.844884027770718,11.40639968269852,4.183250964817489,7.983003231196562,4.166034645366381,0.24055586262875295
2026-05-12 15:44:47.737,21.844884027770718,11.40087501897824,4.18577813097545,7.9838719445633615,4.164060296805474,0.238581514067846
2026-05-12 15:44:48.766,21.844884027770718,11.425341386882337,4.187515557709048,7.9822134917722,4.163981322863037,0.23952920137708134
2026-05-12 15:44:49.795,21.844884027770718,11.404031969675543,4.18917401050021,7.982766309369254,4.164692088344964,0.23834459224053717
2026-05-12 15:44:50.821,21.844884027770718,11.391404166886332,4.190279645694318,7.982292465714636,4.16350747920842,0.24031894080144411
2026-05-12 15:44:51.850,21.844884027770718,11.404031969675543,4.192964759737151,7.983556048793616,4.165007984114709,0.240003045031699
2026-05-12 15:44:52.875,21.85217956159903,11.393771879909309,4.194228342816132,7.983161179081435,4.1657187495966355,0.23984509714682645
2026-05-12 15:44:53.902,21.844884027770718,11.430076812928291,4.195728847722421,7.982687335426817,4.165797723539072,0.24087175839849806
2026-05-12 15:44:54.929,21.844884027770718,11.394561117583635,4.197466274456019,7.983082205138999,4.163665427093292,0.2392922795497725
2026-05-12 15:44:55.961,21.844884027770718,11.423762911533686,4.200151388498853,7.9822134917722,4.163270557381111,0.240003045031699
2026-05-12 15:44:56.987,21.844884027770718,11.3843010278174,4.201572919462706,7.98284528331169,4.1651659319995815,0.24087175839849806
2026-05-12 15:44:58.013,21.844884027770718,11.418238247813406,4.20338932013874,7.9847406579301605,4.1637444010357285,0.23976612320439017
2026-05-12 15:44:59.042,21.844884027770718,11.404031969675543,4.207969808800044,7.9822134917722,4.167219254502925,0.24126662811067945
2026-05-12 15:45:00.068,21.844884027770718,11.436390714322897,4.209391339763897,7.984582710045288,4.165086958057145,0.24174047176529712
2026-05-12 15:45:01.097,21.844884027770718,11.403242732001218,4.21144466226724,7.98284528331169,4.166666436905871,0.2392922795497725
2026-05-12 15:45:02.121,21.844884027770718,11.410345871070149,4.213419010828147,7.982371439657072,4.1642972186327825,0.2418194457077334
2026-05-12 15:45:03.151,21.844884027770718,11.40639968269852,4.213892854482765,7.982529387541945,4.163902348920601,0.23992407108926272
2026-05-12 15:45:04.182,21.844884027770718,11.420605960836383,4.21634104669829,7.983003231196562,4.164929010172273,0.2421353414774785
2026-05-12 15:45:05.209,21.844884027770718,11.412713584093126,4.217130786122652,7.98284528331169,4.163902348920601,0.24095073234093434
2026-05-12 15:45:06.241,21.844884027770718,11.42297367385936,4.221237431129339,7.9824504135995085,4.165086958057145,0.24229328936235106
2026-05-12 15:45:07.279,21.844884027770718,11.407978158047172,4.225107154308716,7.9824504135995085,4.164613114402528,0.24055586262875295
2026-05-12 15:45:08.306,21.844884027770718,11.432444525951269,4.228897903545658,7.983556048793616,4.1642972186327825,0.24268815907453245
2026-05-12 15:45:09.333,21.844884027770718,11.404821207349869,4.230319434509511,7.982766309369254,4.163981322863037,0.24095073234093434
2026-05-12 15:45:10.359,21.844884027770718,11.397718068280938,4.232293783070418,7.982766309369254,4.164534140460091,0.24087175839849806
2026-05-12 15:45:11.385,21.844884027770718,11.408767395721497,4.234268131631325,7.982687335426817,4.164850036229836,0.24418866398082173
2026-05-12 15:45:12.411,21.85217956159903,11.42297367385936,4.236005558364923,7.984029892448234,4.166508489020998,0.24237226330478734
2026-05-12 15:45:13.435,21.844884027770718,11.430076812928291,4.237032219616594,7.982529387541945,4.165560801711763,0.24245123724722362
2026-05-12 15:45:14.466,21.844884027770718,11.3843010278174,4.237506063271212,7.983003231196562,4.164613114402528,0.242846106959405
2026-05-12 15:45:15.497,21.837588493942405,11.40087501897824,4.239796307601864,7.984898605815033,4.1642972186327825,0.24158252388042456
2026-05-12 15:45:16.525,21.844884027770718,11.407978158047172,4.242165525874952,7.983556048793616,4.1665874629634345,0.2432409766715864
2026-05-12 15:45:17.553,21.844884027770718,11.418238247813406,4.243823978666114,7.984266814275543,4.163902348920601,0.24197739359260595
2026-05-12 15:45:18.579,21.844884027770718,11.404821207349869,4.2430342392417515,7.984582710045288,4.1637444010357285,0.2439517421535129
2026-05-12 15:45:19.625,21.844884027770718,11.407188920372846,4.244692692032913,7.983556048793616,4.16540285382689,0.24316200272915012
2026-05-12 15:45:20.656,21.844884027770718,11.403242732001218,4.2467460145362566,7.984187840333107,4.166350541136126,0.2421353414774785
2026-05-12 15:45:21.683,21.844884027770718,11.411135108744475,4.247772675787928,7.9822134917722,4.1642972186327825,0.24363584638376778
2026-05-12 15:45:22.712,21.844884027770718,11.405610445024195,4.249825998291271,7.98284528331169,4.1647710622874,0.24260918513209617
2026-05-12 15:45:23.745,21.844884027770718,11.408767395721497,4.250378815888325,7.982687335426817,4.165244905942018,0.24458353369300312
2026-05-12 15:45:24.770,21.844884027770718,11.412713584093126,4.251168555312688,7.983003231196562,4.165007984114709,0.2435568724413315
2026-05-12 15:45:25.797,21.837588493942405,11.40087501897824,4.25282700810385,7.984582710045288,4.163823374978165,0.2432409766715864
2026-05-12 15:45:26.823,21.844884027770718,11.410345871070149,4.2549593045496295,7.9833191269663075,4.165323879884454,0.2450573773476208
2026-05-12 15:45:27.856,21.837588493942405,11.401664256652566,4.255512122146683,7.982529387541945,4.165086958057145,0.24331995061402267
2026-05-12 15:45:28.881,21.837588493942405,11.403242732001218,4.25748647070759,7.984661683987724,4.1637444010357285,0.2449784034051845
2026-05-12 15:45:29.917,21.844884027770718,11.4119243464188,4.258829027729007,7.982924257254126,4.165955671423944,0.244267637923258
2026-05-12 15:45:30.942,21.844884027770718,11.40087501897824,4.261040298117223,7.982055543887327,4.163981322863037,0.24489942946274823
2026-05-12 15:45:31.972,21.844884027770718,11.40639968269852,4.261987985426458,7.983398100908744,4.165481827769327,0.24592609071441984
2026-05-12 15:45:32.997,21.844884027770718,11.415870534790429,4.263093620620566,7.982529387541945,4.164060296805474,0.24403071609594917
2026-05-12 15:45:34.024,21.844884027770718,11.396139592932286,4.264120281872238,7.984345788217979,4.1651659319995815,0.24521532523249334
2026-05-12 15:45:35.050,21.844884027770718,11.39535035525796,4.266015656490708,7.9824504135995085,4.164455166517655,0.24482045552031195
2026-05-12 15:45:36.078,21.844884027770718,11.407188920372846,4.265620786778527,7.981818622060018,4.166508489020998,0.244267637923258
2026-05-12 15:45:37.104,21.844884027770718,11.407978158047172,4.26767410928187,7.983082205138999,4.164218244690346,0.2464789083114738
2026-05-12 15:45:38.131,21.844884027770718,11.426130624556663,4.26980640572765,7.984345788217979,4.16413927074791,0.24655788225391007
2026-05-12 15:45:39.164,21.837588493942405,11.40639968269852,4.2705961451520125,7.982687335426817,4.165481827769327,0.24813736110263562
2026-05-12 15:45:40.194,21.844884027770718,11.402453494326892,4.272412545828047,7.983398100908744,4.164850036229836,0.24553122100223845
2026-05-12 15:45:41.224,21.844884027770718,11.421395198510709,4.272096650058302,7.983635022736053,4.165797723539072,0.24663685619634634
2026-05-12 15:45:42.250,21.844884027770718,11.392982642234983,4.2734392070797185,7.98347707485118,4.164060296805474,0.24545224705980218
2026-05-12 15:45:43.281,21.844884027770718,11.405610445024195,4.276045347180116,7.983240153023871,4.1647710622874,0.2463999343690375
2026-05-12 15:45:44.310,21.844884027770718,11.398507305955263,4.279520200647312,7.982608361484381,4.164850036229836,0.2467948040812189
2026-05-12 15:45:45.339,21.837588493942405,11.401664256652566,4.28252121045989,7.982766309369254,4.164060296805474,0.24624198648416495
2026-05-12 15:45:46.367,21.844884027770718,11.398507305955263,4.283468897769126,7.9822134917722,4.165244905942018,0.24726864773583657
2026-05-12 15:45:47.394,21.844884027770718,11.410345871070149,4.285443246330033,7.983950918505798,4.1651659319995815,0.2482163350450719
2026-05-12 15:45:48.418,21.844884027770718,11.405610445024195,4.286706829409013,7.982529387541945,4.164218244690346,0.24813736110263562
2026-05-12 15:45:49.445,21.844884027770718,11.421395198510709,4.289391943451847,7.982687335426817,4.165323879884454,0.2475055695631454
2026-05-12 15:45:50.475,21.844884027770718,11.425341386882337,4.2908134744157,7.983398100908744,4.164692088344964,0.24687377802365518
2026-05-12 15:45:51.507,21.844884027770718,11.427709099905314,4.292235005379553,7.9824504135995085,4.1671402805604885,0.24940094418161607
2026-05-12 15:45:52.537,21.85217956159903,11.424552149208012,4.295788832789185,7.983003231196562,4.1651659319995815,0.24687377802365518
2026-05-12 15:45:53.568,21.844884027770718,11.421395198510709,4.29547293701944,7.982924257254126,4.165955671423944,0.24876915264212585
2026-05-12 15:45:54.600,21.837588493942405,11.400085781303915,4.297684207407656,7.983792970620925,4.164060296805474,0.24742659562070912
2026-05-12 15:45:55.632,21.837588493942405,11.40639968269852,4.29823702500471,7.982371439657072,4.166745410848307,0.24797941321776307
2026-05-12 15:45:56.666,21.837588493942405,11.404031969675543,4.300922139047543,7.983082205138999,4.167930019984851,0.25050657937572396
2026-05-12 15:45:57.695,21.844884027770718,11.401664256652566,4.302738539723578,7.9833191269663075,4.166113619308817,0.24797941321776307
2026-05-12 15:45:58.725,21.844884027770718,11.400085781303915,4.304870836169357,7.982687335426817,4.165481827769327,0.25050657937572396
2026-05-12 15:45:59.750,21.844884027770718,11.427709099905314,4.3047128882844845,7.983635022736053,4.1647710622874,0.2496378660089249
2026-05-12 15:46:00.777,21.844884027770718,11.409556633395823,4.305897497421029,7.98347707485118,4.167377202387797,0.24845325687238073
2026-05-12 15:46:01.810,21.85217956159903,11.410345871070149,4.307319028384882,7.983240153023871,4.1647710622874,0.25011170966354257
2026-05-12 15:46:02.836,21.844884027770718,11.415870534790429,4.310004142427715,7.984029892448234,4.164376192575219,0.2493219702391798
2026-05-12 15:46:03.864,21.844884027770718,11.398507305955263,4.31434770926171,7.983713996678489,4.165560801711763,0.2516911885122681
2026-05-12 15:46:04.903,21.844884027770718,11.407188920372846,4.317664614844034,7.983635022736053,4.1680089939272875,0.2507435012030328
2026-05-12 15:46:05.933,21.844884027770718,11.419816723162057,4.316558979649926,7.983792970620925,4.164692088344964,0.24947991812405235
2026-05-12 15:46:06.964,21.844884027770718,11.404821207349869,4.318533328210833,7.9824504135995085,4.164376192575219,0.2507435012030328
2026-05-12 15:46:07.988,21.844884027770718,11.404821207349869,4.319717937347377,7.983713996678489,4.165244905942018,0.2503486314908514
2026-05-12 15:46:09.017,21.85217956159903,11.391404166886332,4.320428702829304,7.983003231196562,4.166508489020998,0.24971683995136118
2026-05-12 15:46:10.048,21.837588493942405,11.399296543629589,4.323666634469191,7.9822134917722,4.16540285382689,0.25090144908790535
2026-05-12 15:46:11.072,21.85217956159903,11.423762911533686,4.324772269663299,7.98347707485118,4.16540285382689,0.25090144908790535
2026-05-12 15:46:12.099,21.85217956159903,11.425341386882337,4.327378409763696,7.982608361484381,4.165086958057145,0.24995376177867001
2026-05-12 15:46:13.129,21.844884027770718,11.396928830606612,4.327852253418314,7.98284528331169,4.166034645366381,0.2535075891883025
2026-05-12 15:46:14.159,21.844884027770718,11.42297367385936,4.328720966785113,7.982134517829763,4.165560801711763,0.2506645272605965
2026-05-12 15:46:15.187,21.844884027770718,11.413502821767452,4.330537367461147,7.983792970620925,4.165560801711763,0.25445527649753785
2026-05-12 15:46:16.213,21.85217956159903,11.415081297116103,4.33132710688551,7.982766309369254,4.164692088344964,0.25311271947612113
2026-05-12 15:46:17.244,21.844884027770718,11.410345871070149,4.3336963251585985,7.982924257254126,4.165876697481508,0.2521650321668858
2026-05-12 15:46:18.271,21.85217956159903,11.401664256652566,4.335275804007324,7.982529387541945,4.165244905942018,0.25192811033957696
2026-05-12 15:46:19.298,21.844884027770718,11.39535035525796,4.336618361028741,7.983003231196562,4.16413927074791,0.251375292742523
2026-05-12 15:46:20.328,21.85217956159903,11.403242732001218,4.339540396898883,7.983003231196562,4.166034645366381,0.252796823706376
2026-05-12 15:46:21.357,21.85217956159903,11.421395198510709,4.340093214495937,7.983398100908744,4.165323879884454,0.2524019539941946
2026-05-12 15:46:22.383,21.85217956159903,11.392982642234983,4.341119875747609,7.984266814275543,4.1642972186327825,0.25342861524586624
2026-05-12 15:46:23.409,21.844884027770718,11.40087501897824,4.343489094020697,7.983556048793616,4.1651659319995815,0.2529547715912486
2026-05-12 15:46:24.437,21.844884027770718,11.391404166886332,4.344673703157241,7.984345788217979,4.164613114402528,0.25303374553368485
2026-05-12 15:46:25.466,21.844884027770718,11.404031969675543,4.345305494696731,7.982924257254126,4.1647710622874,0.2542973286126653
2026-05-12 15:46:26.495,21.844884027770718,11.402453494326892,4.3459372862362216,7.9824504135995085,4.165323879884454,0.25516604197946435
2026-05-12 15:46:27.524,21.85217956159903,11.4119243464188,4.346253182005967,7.9824504135995085,4.165955671423944,0.2549291201521555
2026-05-12 15:46:28.572,21.844884027770718,11.401664256652566,4.348622400279055,7.98347707485118,4.1671402805604885,0.2539814328429202
2026-05-12 15:46:29.597,21.85217956159903,11.416659772464754,4.35107059249458,7.984582710045288,4.16540285382689,0.2557188595765183
2026-05-12 15:46:30.625,21.85217956159903,11.401664256652566,4.353439810767668,7.982687335426817,4.165244905942018,0.2560347553462634
2026-05-12 15:46:31.653,21.85217956159903,11.404821207349869,4.35446647201934,7.983161179081435,4.165007984114709,0.25548193774920946
2026-05-12 15:46:32.680,21.85217956159903,11.404821207349869,4.356045950868065,7.98347707485118,4.166982332675616,0.25453425043997413
2026-05-12 15:46:33.706,21.859475095427342,11.392982642234983,4.356598768465119,7.983950918505798,4.16540285382689,0.2561137292886997
2026-05-12 15:46:34.732,21.85217956159903,11.430866050602617,4.359520804335261,7.982608361484381,4.166271567193689,0.2557188595765183
2026-05-12 15:46:35.842,21.85217956159903,11.412713584093126,4.360626439529369,7.9833191269663075,4.165323879884454,0.25556091169164574
2026-05-12 15:46:36.870,21.85217956159903,11.399296543629589,4.360073621932315,7.983398100908744,4.166508489020998,0.2557188595765183
2026-05-12 15:46:37.897,21.85217956159903,11.404031969675543,4.361495152896168,7.983635022736053,4.165007984114709,0.2557188595765183
2026-05-12 15:46:38.928,21.85217956159903,11.404821207349869,4.361495152896168,7.982292465714636,4.16690335873318,0.257061416597935
2026-05-12 15:46:39.955,21.844884027770718,11.399296543629589,4.362363866262967,7.9824504135995085,4.165481827769327,0.25627167717357224
2026-05-12 15:46:40.983,21.85217956159903,11.396928830606612,4.364180266939002,7.9833191269663075,4.165955671423944,0.25587680746139085
2026-05-12 15:46:42.010,21.85217956159903,11.410345871070149,4.3663915373272175,7.984345788217979,4.165955671423944,0.25879884333153313
2026-05-12 15:46:43.035,21.85217956159903,11.415870534790429,4.365996667615036,7.983398100908744,4.164692088344964,0.2563506511160085
2026-05-12 15:46:44.063,21.85217956159903,11.411135108744475,4.3683658858881245,7.982134517829763,4.165086958057145,0.25690346871306247
2026-05-12 15:46:45.088,21.85217956159903,11.431655288276943,4.370024338679286,7.983398100908744,4.16690335873318,0.2578511560222978
2026-05-12 15:46:46.116,21.85217956159903,11.383511790143075,4.371682791470448,7.982766309369254,4.16540285382689,0.25832499967691547
2026-05-12 15:46:47.148,21.844884027770718,11.410345871070149,4.371603817528012,7.983398100908744,4.165955671423944,0.2589567912164057
2026-05-12 15:46:48.179,21.85217956159903,11.402453494326892,4.37270945272212,7.982766309369254,4.165086958057145,0.2591937130437145
2026-05-12 15:46:49.207,21.844884027770718,11.391404166886332,4.373657140031355,7.98284528331169,4.167456176330234,0.2586408954466606
2026-05-12 15:46:50.234,21.85217956159903,11.415081297116103,4.377842758980478,7.9833191269663075,4.165560801711763,0.25950960881345964
2026-05-12 15:46:51.263,21.844884027770718,11.409556633395823,4.379264289944331,7.983003231196562,4.1651659319995815,0.2589567912164057
2026-05-12 15:46:52.291,21.859475095427342,11.415870534790429,4.380527873023311,7.981502726290273,4.165639775654199,0.2599834524680773
2026-05-12 15:46:53.322,21.85217956159903,11.418238247813406,4.381791456102292,7.983398100908744,4.165323879884454,0.2586408954466606
2026-05-12 15:46:54.349,21.85217956159903,11.411135108744475,4.383134013123708,7.983398100908744,4.165244905942018,0.25974653064076847
2026-05-12 15:46:55.379,21.85217956159903,11.421395198510709,4.385029387742179,7.982529387541945,4.164613114402528,0.25832499967691547
2026-05-12 15:46:56.408,21.85217956159903,11.416659772464754,4.386529892648468,7.983713996678489,4.165955671423944,0.2603783221802587
2026-05-12 15:46:57.436,21.85217956159903,11.398507305955263,4.387398606015267,7.983161179081435,4.164929010172273,0.25974653064076847
2026-05-12 15:46:58.467,21.85217956159903,11.403242732001218,4.386529892648468,7.982766309369254,4.165560801711763,0.2614049834319303
2026-05-12 15:46:59.501,21.85217956159903,11.411135108744475,4.388030397554758,7.982924257254126,4.164692088344964,0.2595885827558959
2026-05-12 15:47:00.528,21.859475095427342,11.414292059441777,4.390162694000537,7.983082205138999,4.165323879884454,0.2610890876621852
2026-05-12 15:47:01.556,21.85217956159903,11.42297367385936,4.3911103813097725,7.982055543887327,4.165560801711763,0.26014140035294986
2026-05-12 15:47:02.587,21.85217956159903,11.410345871070149,4.392373964388753,7.983398100908744,4.16540285382689,0.2629054883382196
2026-05-12 15:47:03.617,21.85217956159903,11.415081297116103,4.393637547467733,7.981739648117582,4.165244905942018,0.2614049834319303
2026-05-12 15:47:04.644,21.85217956159903,11.39535035525796,4.395059078431586,7.982608361484381,4.16540285382689,0.2624316446836019
2026-05-12 15:47:05.672,21.85217956159903,11.40639968269852,4.397586244589547,7.982766309369254,4.166824384790743,0.26266856651091075
2026-05-12 15:47:06.698,21.85217956159903,11.404031969675543,4.3987708537260914,7.984266814275543,4.165955671423944,0.2629054883382196
2026-05-12 15:47:07.727,21.844884027770718,11.38824721618903,4.399718541035327,7.983082205138999,4.166034645366381,0.2628265143957833
2026-05-12 15:47:08.755,21.859475095427342,11.42297367385936,4.3996395670928905,7.982687335426817,4.165086958057145,0.2625106186260382
2026-05-12 15:47:09.786,21.85217956159903,11.408767395721497,4.401929811423543,7.983635022736053,4.166350541136126,0.26337933199283725
2026-05-12 15:47:10.819,21.859475095427342,11.419027485487732,4.4024826290205965,7.982529387541945,4.1671402805604885,0.2624316446836019
2026-05-12 15:47:11.850,21.85217956159903,11.407188920372846,4.404062107869322,7.982292465714636,4.166113619308817,0.26416907141720003
2026-05-12 15:47:12.879,21.85217956159903,11.393771879909309,4.406036456430229,7.983161179081435,4.165007984114709,0.2621947228562931
2026-05-12 15:47:13.910,21.859475095427342,11.413502821767452,4.405088769120994,7.982766309369254,4.165481827769327,0.26622239392054325
2026-05-12 15:47:14.936,21.859475095427342,11.416659772464754,4.407221065566773,7.983240153023871,4.1657187495966355,0.2652747066113079
2026-05-12 15:47:15.964,21.85217956159903,11.4119243464188,4.40856362258819,7.982766309369254,4.164850036229836,0.2639321495898912
2026-05-12 15:47:16.995,21.85217956159903,11.420605960836383,4.409748231724734,7.983556048793616,4.166192593251253,0.2660644460356707
2026-05-12 15:47:18.021,21.859475095427342,11.403242732001218,4.411406684515896,7.982924257254126,4.166113619308817,0.2650377847839991
2026-05-12 15:47:19.052,21.85217956159903,11.430866050602617,4.411722580285641,7.983082205138999,4.165481827769327,0.26519573266887164
2026-05-12 15:47:20.083,21.859475095427342,11.407978158047172,4.413144111249494,7.984029892448234,4.16753515027267,0.26590649815079814
2026-05-12 15:47:21.110,21.859475095427342,11.402453494326892,4.415434355580146,7.983161179081435,4.168087967869724,0.26772289882683253
2026-05-12 15:47:22.137,21.859475095427342,11.423762911533686,4.416382042889381,7.983082205138999,4.1647710622874,0.2649588108415628
2026-05-12 15:47:23.167,21.85217956159903,11.402453494326892,4.41661896471669,7.983003231196562,4.165639775654199,0.2671700812297786
2026-05-12 15:47:24.194,21.85217956159903,11.419027485487732,4.418435365392725,7.983950918505798,4.166113619308817,0.26622239392054325
2026-05-12 15:47:25.221,21.859475095427342,11.39535035525796,4.420330740011195,7.983792970620925,4.165086958057145,0.2657485502659256
2026-05-12 15:47:26.251,21.85217956159903,11.414292059441777,4.422463036456975,7.983161179081435,4.1671402805604885,0.2670911072873423
2026-05-12 15:47:27.280,21.85217956159903,11.430076812928291,4.424279437133009,7.983240153023871,4.165086958057145,0.266143419978107
2026-05-12 15:47:28.314,21.859475095427342,11.4119243464188,4.424516358960318,7.983792970620925,4.165086958057145,0.2663803418054158
2026-05-12 15:47:29.341,21.85217956159903,11.400085781303915,4.4266486554060975,7.984819631872597,4.165955671423944,0.2682757164238865
2026-05-12 15:47:30.368,21.859475095427342,11.413502821767452,4.427359420888024,7.983713996678489,4.165797723539072,0.2689075079633767
2026-05-12 15:47:31.397,21.85217956159903,11.402453494326892,4.429886587045985,7.983082205138999,4.166824384790743,0.26795982065414137
2026-05-12 15:47:32.423,21.859475095427342,11.4119243464188,4.431229144067402,7.98284528331169,4.167851046042415,0.2674070030570874
2026-05-12 15:47:33.448,21.859475095427342,11.408767395721497,4.432571701088818,7.9822134917722,4.165797723539072,0.26946032556043065
2026-05-12 15:47:34.476,21.859475095427342,11.420605960836383,4.433914258110235,7.983161179081435,4.165639775654199,0.26795982065414137
2026-05-12 15:47:35.505,21.859475095427342,11.415081297116103,4.436125528498451,7.98347707485118,4.164929010172273,0.26985519527261204
2026-05-12 15:47:36.534,21.859475095427342,11.394561117583635,4.436836293980377,7.983950918505798,4.165481827769327,0.26906545584824926
2026-05-12 15:47:37.561,21.85217956159903,11.402453494326892,4.438415772829103,7.983950918505798,4.16540285382689,0.26938135161799437
2026-05-12 15:47:38.587,21.859475095427342,11.41744901013908,4.439837303792956,7.983398100908744,4.166429515078562,0.27198749171839154
2026-05-12 15:47:39.613,21.859475095427342,11.416659772464754,4.440942938987064,7.982608361484381,4.166350541136126,0.27159262200621015
2026-05-12 15:47:40.640,21.859475095427342,11.400085781303915,4.448208541691201,7.983082205138999,4.1647710622874,0.2717505698910827
2026-05-12 15:47:41.666,21.85217956159903,11.404821207349869,4.457211571128937,7.983082205138999,4.167930019984851,0.27514644941584265
2026-05-12 15:47:42.695,21.85217956159903,11.40087501897824,4.465187939315001,7.9822134917722,4.16816694181216,0.27727874586162216
2026-05-12 15:47:43.722,21.85217956159903,11.407188920372846,4.472611489904011,7.98347707485118,4.165481827769327,0.2763310585523868
2026-05-12 15:47:44.748,21.859475095427342,11.400085781303915,4.477981717989678,7.982055543887327,4.1665874629634345,0.2796479641347105
2026-05-12 15:47:45.774,21.85217956159903,11.400085781303915,4.481456571456874,7.983792970620925,4.16753515027267,0.2821751302926714
2026-05-12 15:47:46.801,21.859475095427342,11.404821207349869,4.485168346751379,7.982687335426817,4.166982332675616,0.2820961563502351
2026-05-12 15:47:47.831,21.859475095427342,11.407188920372846,4.487853460794213,7.983792970620925,4.166271567193689,0.2839915309687058
2026-05-12 15:47:48.859,21.859475095427342,11.407188920372846,4.490617548779483,7.981423752347837,4.166271567193689,0.28486024433550483
2026-05-12 15:47:49.886,21.85217956159903,11.408767395721497,4.496303672634895,7.9818975960024545,4.168245915754596,0.28801920203295595
2026-05-12 15:47:50.920,21.859475095427342,11.396139592932286,4.499936473986963,7.983003231196562,4.1651659319995815,0.28912483722706384
2026-05-12 15:47:51.947,21.85217956159903,11.408767395721497,4.5045169626482675,7.983635022736053,4.1680089939272875,0.29267866463669634
2026-05-12 15:47:52.978,21.866770629255655,11.422184436185034,4.508386685827645,7.983082205138999,4.165639775654199,0.29125713367284334
2026-05-12 15:47:54.005,21.859475095427342,11.40639968269852,4.513125122373822,7.984266814275543,4.16690335873318,0.29378429983080423
2026-05-12 15:47:55.031,21.859475095427342,11.401664256652566,4.5173107413229445,7.982529387541945,4.166271567193689,0.2960745441614563
2026-05-12 15:47:56.060,21.859475095427342,11.415870534790429,4.520311751135523,7.983003231196562,4.165481827769327,0.29599557021902
2026-05-12 15:47:57.085,21.859475095427342,11.402453494326892,4.528288119321587,7.98284528331169,4.164850036229836,0.2992335018589074
2026-05-12 15:47:58.113,21.859475095427342,11.403242732001218,4.5306573375946755,7.9833191269663075,4.166508489020998,0.2999442673408339
2026-05-12 15:47:59.143,21.859475095427342,11.398507305955263,4.536738331162269,7.98347707485118,4.1651659319995815,0.3017606680168683
2026-05-12 15:48:00.170,21.866770629255655,11.407188920372846,4.538791653665612,7.982608361484381,4.166271567193689,0.3035770686929027
2026-05-12 15:48:01.197,21.859475095427342,11.419816723162057,4.542187533190372,7.9818975960024545,4.166429515078562,0.3042088602323929
2026-05-12 15:48:02.227,21.859475095427342,11.407978158047172,4.545583412715132,7.982766309369254,4.165797723539072,0.307367817929844
2026-05-12 15:48:03.298,21.866770629255655,11.414292059441777,4.549848005606691,7.982371439657072,4.166192593251253,0.30799960946933425
2026-05-12 15:48:04.327,21.859475095427342,11.411135108744475,4.554981311865049,7.983240153023871,4.165797723539072,0.3102898537999863
2026-05-12 15:48:05.356,21.859475095427342,11.416659772464754,4.557113608310829,7.983082205138999,4.166271567193689,0.31234317630332953
2026-05-12 15:48:06.382,21.859475095427342,11.408767395721497,4.561852044857005,7.983556048793616,4.165797723539072,0.31194830659114814
2026-05-12 15:48:07.409,21.859475095427342,11.40087501897824,4.565879715921255,7.984582710045288,4.166192593251253,0.31660776919488853
2026-05-12 15:48:08.445,21.85217956159903,11.424552149208012,4.569670465158197,7.981976569944891,4.165323879884454,0.31660776919488853
2026-05-12 15:48:09.473,21.859475095427342,11.389036453863355,4.572750448913212,7.983082205138999,4.16816694181216,0.31692366496463364
2026-05-12 15:48:10.505,21.859475095427342,11.39535035525796,4.577251963632079,7.982292465714636,4.165639775654199,0.32039851843182987
2026-05-12 15:48:11.533,21.859475095427342,11.398507305955263,4.58191142623582,7.983713996678489,4.167693098157542,0.32087236208644754
2026-05-12 15:48:12.562,21.859475095427342,11.396139592932286,4.585070383933271,7.983161179081435,4.165244905942018,0.3223728669927368
2026-05-12 15:48:13.592,21.859475095427342,11.40087501897824,4.587834471918541,7.9833191269663075,4.1657187495966355,0.32411029372633493
2026-05-12 15:48:14.617,21.859475095427342,11.407978158047172,4.592967778176899,7.9833191269663075,4.167377202387797,0.32553182469018793
2026-05-12 15:48:15.646,21.859475095427342,11.40639968269852,4.596442631644095,7.9822134917722,4.166034645366381,0.32932257392712927
2026-05-12 15:48:16.676,21.859475095427342,11.404031969675543,4.600312354823473,7.983003231196562,4.167219254502925,0.32908565209982044
2026-05-12 15:48:17.705,21.859475095427342,11.393771879909309,4.604655921657468,7.9833191269663075,4.165876697481508,0.33011231335149205
2026-05-12 15:48:18.731,21.859475095427342,11.413502821767452,4.6071041138729925,7.984029892448234,4.166824384790743,0.33263947950945294
2026-05-12 15:48:19.758,21.859475095427342,11.412713584093126,4.610894863109934,7.982529387541945,4.165639775654199,0.3341399844157422
2026-05-12 15:48:20.785,21.859475095427342,11.409556633395823,4.614290742634694,7.9818975960024545,4.166508489020998,0.33477177595523244
2026-05-12 15:48:21.811,21.859475095427342,11.401664256652566,4.6198978925476695,7.983003231196562,4.166271567193689,0.33690407240101194
2026-05-12 15:48:22.839,21.859475095427342,11.404031969675543,4.622504032648067,7.983556048793616,4.167851046042415,0.33824662942242867
2026-05-12 15:48:23.866,21.859475095427342,11.407978158047172,4.624478381208974,7.982529387541945,4.165560801711763,0.34006303009846306
2026-05-12 15:48:24.894,21.859475095427342,11.407978158047172,4.627163495251807,7.982766309369254,4.165797723539072,0.3410107174076984
2026-05-12 15:48:25.920,21.859475095427342,11.407188920372846,4.628742974100533,7.983556048793616,4.166824384790743,0.34361685750809556
2026-05-12 15:48:26.945,21.859475095427342,11.426130624556663,4.632375775452601,7.983003231196562,4.165639775654199,0.344880440587076
2026-05-12 15:48:27.974,21.859475095427342,11.41744901013908,4.633481410646709,7.985530397354523,4.166666436905871,0.3459071018387476
2026-05-12 15:48:29.002,21.859475095427342,11.42297367385936,4.634350124013508,7.983556048793616,4.166429515078562,0.3466178673206741
2026-05-12 15:48:30.028,21.866770629255655,11.437179951997223,4.63814087325045,7.982134517829763,4.165560801711763,0.350566564442488
2026-05-12 15:48:31.054,21.859475095427342,11.410345871070149,4.6397993260416115,7.982924257254126,4.1671402805604885,0.3517511735790322
2026-05-12 15:48:32.125,21.859475095427342,11.394561117583635,4.642326492199572,7.982371439657072,4.16540285382689,0.35293578271557635
2026-05-12 15:48:33.156,21.866770629255655,11.416659772464754,4.644774684415097,7.982924257254126,4.166429515078562,0.35506807916135585
2026-05-12 15:48:34.183,21.866770629255655,11.400085781303915,4.646591085091131,7.982371439657072,4.166429515078562,0.35435731367942935
2026-05-12 15:48:35.210,21.859475095427342,11.386668740840378,4.64959209490371,7.982371439657072,4.166034645366381,0.3577531932041893
2026-05-12 15:48:36.238,21.866770629255655,11.398507305955263,4.6517243913494895,7.983635022736053,4.166429515078562,0.35791114108906186
2026-05-12 15:48:37.268,21.859475095427342,11.393771879909309,4.653303870198215,7.982766309369254,4.1657187495966355,0.3613859945562581
2026-05-12 15:48:38.292,21.859475095427342,11.420605960836383,4.656146932125921,7.983635022736053,4.167298228445361,0.3623336818654934
2026-05-12 15:48:39.320,21.859475095427342,11.399296543629589,4.657568463089774,7.98347707485118,4.166824384790743,0.36288649946254736
2026-05-12 15:48:40.347,21.866770629255655,11.40639968269852,4.6602535771326075,7.982766309369254,4.165639775654199,0.36572956139025337
2026-05-12 15:48:41.376,21.859475095427342,11.404031969675543,4.661438186269152,7.982292465714636,4.165560801711763,0.3660454571599985
2026-05-12 15:48:42.404,21.859475095427342,11.407188920372846,4.663570482714931,7.983398100908744,4.165481827769327,0.36723006629654265
2026-05-12 15:48:43.428,21.859475095427342,11.419816723162057,4.6659397009880195,7.982529387541945,4.166350541136126,0.37188952890028304
2026-05-12 15:48:44.458,21.859475095427342,11.419816723162057,4.667519179836745,7.982924257254126,4.167219254502925,0.37070491976373887
2026-05-12 15:48:45.489,21.859475095427342,11.408767395721497,4.6687827629157255,7.983398100908744,4.166508489020998,0.37291619015195465
2026-05-12 15:48:46.515,21.85217956159903,11.405610445024195,4.672020694555613,7.982055543887327,4.167851046042415,0.37402182534606254
2026-05-12 15:48:47.541,21.859475095427342,11.402453494326892,4.673679147346775,7.982134517829763,4.167061306618052,0.37504848659773415
2026-05-12 15:48:48.572,21.866770629255655,11.421395198510709,4.675495548022809,7.983398100908744,4.166034645366381,0.3788392358346755
2026-05-12 15:48:49.600,21.859475095427342,11.421395198510709,4.677469896583716,7.983398100908744,4.1665874629634345,0.3799448710287834
2026-05-12 15:48:50.627,21.859475095427342,11.427709099905314,4.680076036684113,7.98347707485118,4.168956681236523,0.3820771674745629
2026-05-12 15:48:51.658,21.866770629255655,11.413502821767452,4.680865776108476,7.983161179081435,4.166350541136126,0.38041871468340105
2026-05-12 15:48:52.687,21.859475095427342,11.407188920372846,4.684024733805927,7.983398100908744,4.166350541136126,0.3834197244959796
2026-05-12 15:48:53.715,21.859475095427342,11.401664256652566,4.686314978136579,7.983161179081435,4.167219254502925,0.38570996882663167
2026-05-12 15:48:54.759,21.859475095427342,11.42297367385936,4.68821035275505,7.982766309369254,4.16690335873318,0.38721047373292095
2026-05-12 15:48:55.789,21.859475095427342,11.401664256652566,4.690895466797883,7.983398100908744,4.169272577006268,0.38831610892702884
2026-05-12 15:48:56.817,21.859475095427342,11.413502821767452,4.692080075934427,7.984503736102852,4.16690335873318,0.38894790046651906
2026-05-12 15:48:57.843,21.859475095427342,11.407978158047172,4.69500211180457,7.982529387541945,4.16816694181216,0.39036943143037206
2026-05-12 15:48:58.870,21.866770629255655,11.40087501897824,4.695870825171369,7.9824504135995085,4.167219254502925,0.39360736307025945
2026-05-12 15:48:59.899,21.859475095427342,11.404821207349869,4.698003121617148,7.982529387541945,4.166350541136126,0.39289659758833295
2026-05-12 15:49:00.928,21.866770629255655,11.408767395721497,4.699740548350746,7.983082205138999,4.166745410848307,0.39605555528578407
2026-05-12 15:49:01.956,21.859475095427342,11.393771879909309,4.701635922969217,7.982687335426817,4.167219254502925,0.39755606019207335
2026-05-12 15:49:02.981,21.866770629255655,11.405610445024195,4.70368924547256,7.982371439657072,4.167772072099979,0.3983457996164361
2026-05-12 15:49:04.009,21.859475095427342,11.40087501897824,4.705584620091031,7.983950918505798,4.166745410848307,0.40110988760170585
2026-05-12 15:49:05.037,21.866770629255655,11.39535035525796,4.707795890479247,7.9838719445633615,4.16690335873318,0.4027683403928677
2026-05-12 15:49:06.063,21.859475095427342,11.408767395721497,4.709059473558227,7.9822134917722,4.16540285382689,0.4016627051987598
2026-05-12 15:49:07.091,21.866770629255655,11.421395198510709,4.711191770004007,7.983556048793616,4.167219254502925,0.40474268895377463
2026-05-12 15:49:08.117,21.866770629255655,11.409556633395823,4.714192779816585,7.982134517829763,4.169035655178959,0.40537448049326485
2026-05-12 15:49:09.145,21.859475095427342,11.416659772464754,4.715851232607747,7.982529387541945,4.165955671423944,0.4067170375146816
2026-05-12 15:49:10.170,21.866770629255655,11.4119243464188,4.718220450880835,7.983713996678489,4.166113619308817,0.41003394309700525
2026-05-12 15:49:11.196,21.859475095427342,11.415870534790429,4.71940506001738,7.982766309369254,4.168324889697033,0.4101918909818778
2026-05-12 15:49:12.227,21.866770629255655,11.404031969675543,4.721142486750978,7.9833191269663075,4.1665874629634345,0.4127190571398387
2026-05-12 15:49:13.252,21.866770629255655,11.411135108744475,4.724854262045483,7.982924257254126,4.167061306618052,0.41398264021881914
2026-05-12 15:49:14.280,21.859475095427342,11.38824721618903,4.725722975412282,7.981976569944891,4.166824384790743,0.4148513535856182
2026-05-12 15:49:15.307,21.866770629255655,11.391404166886332,4.729118854937042,7.9822134917722,4.168482837581905,0.4172995458011428
2026-05-12 15:49:16.335,21.866770629255655,11.433233763625594,4.731093203497949,7.982292465714636,4.166192593251253,0.4184051809952507
2026-05-12 15:49:17.365,21.859475095427342,11.410345871070149,4.7318829429223115,7.983792970620925,4.167298228445361,0.4191159464771772
2026-05-12 15:49:18.391,21.859475095427342,11.429287575253966,4.733541395713473,7.981976569944891,4.166271567193689,0.42188003446244693
2026-05-12 15:49:19.419,21.866770629255655,11.416659772464754,4.735041900619763,7.984187840333107,4.167219254502925,0.4231436175414274
2026-05-12 15:49:20.445,21.866770629255655,11.426130624556663,4.736937275238233,7.9833191269663075,4.168719759409214,0.42393335696579015
2026-05-12 15:49:21.475,21.866770629255655,11.407188920372846,4.739069571684013,7.98410886639067,4.167456176330234,0.4258287315842608
2026-05-12 15:49:22.505,21.859475095427342,11.424552149208012,4.740649050532738,7.982766309369254,4.165876697481508,0.42819794985734916
2026-05-12 15:49:23.533,21.866770629255655,11.412713584093126,4.742544425151209,7.981660674175146,4.168482837581905,0.42969845476363844
2026-05-12 15:49:24.561,21.866770629255655,11.394561117583635,4.74443979976968,7.983161179081435,4.167456176330234,0.4315938293821091
2026-05-12 15:49:25.589,21.859475095427342,11.403242732001218,4.74633517438815,7.98284528331169,4.166666436905871,0.432699464576217
2026-05-12 15:49:26.616,21.866770629255655,11.40639968269852,4.7489413144885475,7.984345788217979,4.167219254502925,0.4349107349644328
2026-05-12 15:49:27.645,21.866770629255655,11.393771879909309,4.749967975740219,7.9822134917722,4.169035655178959,0.43498970890686905
2026-05-12 15:49:28.674,21.859475095427342,11.41744901013908,4.752258220070871,7.983950918505798,4.168877707294087,0.4379907187194476
2026-05-12 15:49:29.724,21.866770629255655,11.407188920372846,4.755417177768322,7.98347707485118,4.166666436905871,0.4377537968921388
2026-05-12 15:49:30.751,21.866770629255655,11.407188920372846,4.7566017869048665,7.98347707485118,4.166982332675616,0.4397281454530457
2026-05-12 15:49:31.778,21.866770629255655,11.421395198510709,4.758418187580901,7.984029892448234,4.167851046042415,0.4408337806471536
2026-05-12 15:49:32.806,21.866770629255655,11.409556633395823,4.759523822775009,7.983161179081435,4.165876697481508,0.44430863411434984
2026-05-12 15:49:33.834,21.859475095427342,11.42849833757964,4.761340223451043,7.982924257254126,4.16816694181216,0.44533529536602146
2026-05-12 15:49:34.861,21.859475095427342,11.414292059441777,4.7637094417241315,7.9833191269663075,4.166034645366381,0.4447824777689675
2026-05-12 15:49:35.886,21.866770629255655,11.40639968269852,4.764420207206058,7.9838719445633615,4.167061306618052,0.4469937481571833
2026-05-12 15:49:36.918,21.859475095427342,11.404821207349869,4.766947373364019,7.982766309369254,4.16690335873318,0.44849425306347257
2026-05-12 15:49:37.945,21.866770629255655,11.427709099905314,4.767737112788382,7.982608361484381,4.166824384790743,0.44920501854539907
2026-05-12 15:49:38.972,21.859475095427342,11.408767395721497,4.769948383176597,7.982924257254126,4.167851046042415,0.4519691065306688
2026-05-12 15:49:39.999,21.866770629255655,11.407978158047172,4.772633497219431,7.983161179081435,4.168640785466778,0.4544962726886297
2026-05-12 15:49:41.033,21.866770629255655,11.404031969675543,4.773739132413539,7.9824504135995085,4.166508489020998,0.456865490961718
2026-05-12 15:49:42.061,21.866770629255655,11.396928830606612,4.774686819722774,7.983161179081435,4.166034645366381,0.45528601211299247
2026-05-12 15:49:43.084,21.866770629255655,11.420605960836383,4.775792454916882,7.982371439657072,4.166508489020998,0.4575762564436445
2026-05-12 15:49:44.114,21.866770629255655,11.412713584093126,4.778240647132407,7.983082205138999,4.168719759409214,0.4590767613499338
2026-05-12 15:49:45.142,21.859475095427342,11.410345871070149,4.778319621074843,7.983556048793616,4.167614124215106,0.46002444865916914
2026-05-12 15:49:46.170,21.859475095427342,11.402453494326892,4.779820125981132,7.98347707485118,4.167614124215106,0.46255161481713003
2026-05-12 15:49:47.198,21.859475095427342,11.423762911533686,4.780057047808441,7.982924257254126,4.167693098157542,0.4650787809750909
2026-05-12 15:49:48.226,21.866770629255655,11.403242732001218,4.7816365266571665,7.98347707485118,4.166666436905871,0.4665003119389439
2026-05-12 15:49:49.255,21.859475095427342,11.40087501897824,4.783452927333201,7.9838719445633615,4.168719759409214,0.46681620770868903
2026-05-12 15:49:50.283,21.866770629255655,11.434812238974246,4.784163692815127,7.9824504135995085,4.168956681236523,0.46784286896036065
2026-05-12 15:49:51.314,21.866770629255655,11.40639968269852,4.7864539371457795,7.983003231196562,4.167772072099979,0.4700541393485764
2026-05-12 15:49:52.344,21.859475095427342,11.396928830606612,4.786611885030652,7.983003231196562,4.167061306618052,0.4708438787729392
2026-05-12 15:49:53.394,21.866770629255655,11.441126140368851,4.786769832915525,7.982134517829763,4.166982332675616,0.473055149161155
2026-05-12 15:49:54.421,21.866770629255655,11.398507305955263,4.788586233591559,7.983635022736053,4.166666436905871,0.4740028364703903
2026-05-12 15:49:55.447,21.859475095427342,11.407978158047172,4.789060077246177,7.982529387541945,4.168245915754596,0.475898211088861
2026-05-12 15:49:56.474,21.866770629255655,11.430866050602617,4.789533920900794,7.983713996678489,4.167456176330234,0.4777146117648954
2026-05-12 15:49:57.501,21.866770629255655,11.412713584093126,4.791429295519265,7.982766309369254,4.167456176330234,0.47818845541951305
2026-05-12 15:49:58.528,21.859475095427342,11.413502821767452,4.793166722252863,7.983161179081435,4.169193603063832,0.4809525434047828
2026-05-12 15:49:59.559,21.866770629255655,11.407188920372846,4.793719539849917,7.982924257254126,4.167772072099979,0.4819792046564544
2026-05-12 15:50:00.586,21.859475095427342,11.435601476648571,4.795299018698643,7.98284528331169,4.165955671423944,0.483005865908126
2026-05-12 15:50:01.615,21.859475095427342,11.429287575253966,4.796246706007878,7.982371439657072,4.167456176330234,0.48561200600852317
2026-05-12 15:50:02.642,21.859475095427342,11.410345871070149,4.79727336725955,7.9838719445633615,4.165955671423944,0.485848927835832
2026-05-12 15:50:03.670,21.866770629255655,11.414292059441777,4.799326689762893,7.983161179081435,4.166982332675616,0.48821814610892034
2026-05-12 15:50:04.699,21.866770629255655,11.41744901013908,4.800116429187256,7.981344778405401,4.167061306618052,0.48813917216648406
2026-05-12 15:50:05.726,21.859475095427342,11.404821207349869,4.801695908035981,7.982371439657072,4.166113619308817,0.4905873643820087
2026-05-12 15:50:06.752,21.866770629255655,11.411135108744475,4.802406673517908,7.982529387541945,4.16690335873318,0.4933514523672784
2026-05-12 15:50:07.783,21.859475095427342,11.403242732001218,4.803670256596888,7.983082205138999,4.1671402805604885,0.4932724784248421
2026-05-12 15:50:08.812,21.859475095427342,11.412713584093126,4.805881526985104,7.9822134917722,4.169588472776013,0.4973001494890923
2026-05-12 15:50:09.841,21.859475095427342,11.393771879909309,4.805644605157795,7.982924257254126,4.1680089939272875,0.4965104100647295
2026-05-12 15:50:10.916,21.859475095427342,11.419816723162057,4.806987162179212,7.982766309369254,4.166508489020998,0.49777399314370996
2026-05-12 15:50:11.947,21.859475095427342,11.407978158047172,4.809040484682555,7.983556048793616,4.1671402805604885,0.4996693677621806
2026-05-12 15:50:12.977,21.859475095427342,11.420605960836383,4.809593302279609,7.983556048793616,4.168245915754596,0.5012488466109062
2026-05-12 15:50:14.008,21.859475095427342,11.430076812928291,4.809830224106918,7.983161179081435,4.1665874629634345,0.5021965339201415
2026-05-12 15:50:15.034,21.874066163083967,11.415870534790429,4.811093807185898,7.9822134917722,4.166508489020998,0.5049606219054112
2026-05-12 15:50:16.060,21.866770629255655,11.425341386882337,4.81212046843757,7.98284528331169,4.166824384790743,0.5059083092146466
2026-05-12 15:50:17.109,21.866770629255655,11.425341386882337,4.813305077574114,7.984029892448234,4.166271567193689,0.5074877880633721
2026-05-12 15:50:18.133,21.866770629255655,11.427709099905314,4.814726608537967,7.982766309369254,4.166745410848307,0.5098570063364605
2026-05-12 15:50:19.160,21.866770629255655,11.40639968269852,4.815042504307712,7.98347707485118,4.167456176330234,0.5094621366242791
2026-05-12 15:50:20.193,21.866770629255655,11.412713584093126,4.817095826811055,7.9833191269663075,4.167456176330234,0.5121472506671125
2026-05-12 15:50:21.220,21.859475095427342,11.411135108744475,4.818517357774908,7.9833191269663075,4.168324889697033,0.5129369900914753
2026-05-12 15:50:22.245,21.859475095427342,11.401664256652566,4.820096836623634,7.982608361484381,4.167456176330234,0.5163328696162353
2026-05-12 15:50:23.275,21.859475095427342,11.407188920372846,4.8211234978753055,7.9833191269663075,4.169351550948704,0.5166487653859804
2026-05-12 15:50:24.302,21.859475095427342,11.407188920372846,4.821755289414796,7.9833191269663075,4.166824384790743,0.519096957601505
2026-05-12 15:50:25.330,21.859475095427342,11.421395198510709,4.822150159126977,7.9833191269663075,4.166429515078562,0.5194128533712501
2026-05-12 15:50:26.357,21.866770629255655,11.411135108744475,4.823887585860575,7.9818975960024545,4.166429515078562,0.520518488565358
2026-05-12 15:50:27.384,21.859475095427342,11.418238247813406,4.824598351342502,7.983240153023871,4.167851046042415,0.5227297589535738
2026-05-12 15:50:28.411,21.859475095427342,11.404031969675543,4.826098856248791,7.982292465714636,4.167298228445361,0.5239933420325542
2026-05-12 15:50:29.439,21.866770629255655,11.392982642234983,4.827520387212644,7.983950918505798,4.166271567193689,0.5253358990539709
2026-05-12 15:50:30.467,21.866770629255655,11.408767395721497,4.828073204809698,7.983161179081435,4.16879873335165,0.5258887166510249
2026-05-12 15:50:31.493,21.866770629255655,11.427709099905314,4.82973165760086,7.98284528331169,4.167772072099979,0.5298374137728388
2026-05-12 15:50:32.523,21.859475095427342,11.405610445024195,4.8310742146222765,7.983240153023871,4.167298228445361,0.5301533095425839
2026-05-12 15:50:33.553,21.859475095427342,11.413502821767452,4.831153188564713,7.983003231196562,4.169509498833577,0.5318117623337457
2026-05-12 15:50:34.580,21.859475095427342,11.40639968269852,4.833048563183183,7.982134517829763,4.166192593251253,0.5317327883913094
2026-05-12 15:50:35.608,21.866770629255655,11.430866050602617,4.832811641355875,7.983161179081435,4.166192593251253,0.536155329167741
2026-05-12 15:50:36.638,21.859475095427342,11.390614929212006,4.834549068089473,7.982529387541945,4.166350541136126,0.5371819904194126
2026-05-12 15:50:37.667,21.859475095427342,11.393771879909309,4.835496755398708,7.983792970620925,4.166113619308817,0.5369450685921038
2026-05-12 15:50:38.692,21.859475095427342,11.396928830606612,4.836602390592816,7.982687335426817,4.167930019984851,0.5391563389803196
2026-05-12 15:50:39.719,21.859475095427342,11.430076812928291,4.838260843383978,7.983003231196562,4.166745410848307,0.5404988960017363
2026-05-12 15:50:40.744,21.859475095427342,11.405610445024195,4.838339817326414,7.98347707485118,4.166350541136126,0.5405778699441726
2026-05-12 15:50:41.771,21.866770629255655,11.4119243464188,4.83991929617514,7.983003231196562,4.168324889697033,0.54381580158406
2026-05-12 15:50:42.802,21.859475095427342,11.41744901013908,4.841340827138993,7.982134517829763,4.1671402805604885,0.5437368276416237
2026-05-12 15:50:43.830,21.859475095427342,11.413502821767452,4.841577748966301,7.983950918505798,4.166745410848307,0.5458691240874032
2026-05-12 15:50:44.858,21.859475095427342,11.385879503166052,4.843157227815027,7.9822134917722,4.167693098157542,0.548949107842418
2026-05-12 15:50:45.883,21.859475095427342,11.42297367385936,4.844657732721316,7.982055543887327,4.166429515078562,0.5492650036121631
2026-05-12 15:50:46.909,21.859475095427342,11.405610445024195,4.844657732721316,7.982292465714636,4.166192593251253,0.5502126909213985
2026-05-12 15:50:47.937,21.859475095427342,11.411135108744475,4.846158237627606,7.983082205138999,4.167614124215106,0.5530557528491045
2026-05-12 15:50:48.966,21.859475095427342,11.415081297116103,4.847500794649022,7.982687335426817,4.16753515027267,0.5543983098705212
2026-05-12 15:50:49.995,21.859475095427342,11.424552149208012,4.848211560130949,7.9822134917722,4.167772072099979,0.5558198408343742
2026-05-12 15:50:51.032,21.859475095427342,11.416659772464754,4.849317195325057,7.983398100908744,4.169588472776013,0.5576362415104086
2026-05-12 15:50:52.058,21.859475095427342,11.400085781303915,4.850422830519165,7.982529387541945,4.16690335873318,0.5572413717982272
2026-05-12 15:50:53.085,21.859475095427342,11.410345871070149,4.851765387540581,7.983950918505798,4.167456176330234,0.5588208506469527
2026-05-12 15:50:54.114,21.859475095427342,11.40639968269852,4.851844361483018,7.982766309369254,4.168087967869724,0.5622167301717127
2026-05-12 15:50:55.145,21.859475095427342,11.410345871070149,4.8538187100439245,7.9818975960024545,4.168324889697033,0.5619008344019676
2026-05-12 15:50:56.174,21.859475095427342,11.41744901013908,4.854292553698542,7.982924257254126,4.167851046042415,0.5659285054662178
2026-05-12 15:50:57.214,21.859475095427342,11.387457978514703,4.85539818889265,7.982687335426817,4.169193603063832,0.566007479408654
2026-05-12 15:50:58.242,21.859475095427342,11.3843010278174,4.856345876201885,7.981739648117582,4.166192593251253,0.5673500364300708
2026-05-12 15:50:59.270,21.859475095427342,11.407188920372846,4.857135615626248,7.982529387541945,4.166113619308817,0.5683766976817424
2026-05-12 15:51:00.297,21.859475095427342,11.396928830606612,4.857767407165738,7.983003231196562,4.167061306618052,0.5701141244153405
2026-05-12 15:51:01.322,21.859475095427342,11.407978158047172,4.8594258599569,7.982687335426817,4.166034645366381,0.5711407856670121
2026-05-12 15:51:02.354,21.859475095427342,11.42297367385936,4.860294573323699,7.981976569944891,4.169351550948704,0.5730361602854828
2026-05-12 15:51:03.425,21.859475095427342,11.426919862230989,4.861400208517807,7.983556048793616,4.16690335873318,0.5742207694220269
2026-05-12 15:51:04.456,21.85217956159903,11.390614929212006,4.862032000057297,7.983398100908744,4.167693098157542,0.5754053785585711
2026-05-12 15:51:05.488,21.85217956159903,11.411135108744475,4.86218994794217,7.983003231196562,4.168403863639469,0.5772217792346055
2026-05-12 15:51:06.516,21.85217956159903,11.40087501897824,4.864164296503077,7.982292465714636,4.16753515027267,0.579354075680385
2026-05-12 15:51:07.544,21.85217956159903,11.420605960836383,4.86495403592744,7.983713996678489,4.169114629121395,0.5817232939534733
2026-05-12 15:51:08.569,21.859475095427342,11.41744901013908,4.865269931697185,7.982371439657072,4.168956681236523,0.5808545805866743
2026-05-12 15:51:09.597,21.85217956159903,11.407188920372846,4.866296592948856,7.98410886639067,4.169272577006268,0.5841714861689979
2026-05-12 15:51:10.627,21.85217956159903,11.400085781303915,4.867323254200528,7.982766309369254,4.165797723539072,0.5828289291475812
2026-05-12 15:51:11.656,21.859475095427342,11.385090265491726,4.868270941509763,7.983398100908744,4.167772072099979,0.5860668607874686
2026-05-12 15:51:12.685,21.85217956159903,11.40087501897824,4.869376576703871,7.983161179081435,4.169035655178959,0.5863037826147774
2026-05-12 15:51:13.714,21.85217956159903,11.408767395721497,4.86898170699169,7.98284528331169,4.1665874629634345,0.5899365839668462
2026-05-12 15:51:14.741,21.859475095427342,11.391404166886332,4.869376576703871,7.981739648117582,4.166350541136126,0.5910422191609541
2026-05-12 15:51:15.816,21.859475095427342,11.412713584093126,4.871508873149651,7.983161179081435,4.167693098157542,0.5932534895491699
2026-05-12 15:51:16.845,21.859475095427342,11.408767395721497,4.871350925264778,7.982766309369254,4.1671402805604885,0.5945170726281503
2026-05-12 15:51:17.876,21.85217956159903,11.411135108744475,4.871192977379906,7.982924257254126,4.167456176330234,0.5953857859949494
2026-05-12 15:51:18.905,21.859475095427342,11.404031969675543,4.874115013250048,7.983082205138999,4.167061306618052,0.5960965514768759
2026-05-12 15:51:19.935,21.85217956159903,11.387457978514703,4.874746804789538,7.982766309369254,4.16753515027267,0.599255509174327
2026-05-12 15:51:20.967,21.844884027770718,11.40087501897824,4.875062700559283,7.98284528331169,4.167061306618052,0.597833978210474
2026-05-12 15:51:21.995,21.85217956159903,11.393771879909309,4.875931413926082,7.983082205138999,4.1694305248911405,0.6013878056201065
2026-05-12 15:51:23.027,21.859475095427342,11.393771879909309,4.876879101235318,7.983792970620925,4.169272577006268,0.6016247274474154
2026-05-12 15:51:24.055,21.85217956159903,11.415081297116103,4.87766884065968,7.983635022736053,4.16690335873318,0.6038359978356311
2026-05-12 15:51:25.082,21.859475095427342,11.40087501897824,4.878063710371862,7.983635022736053,4.166824384790743,0.6042308675478125
2026-05-12 15:51:26.111,21.85217956159903,11.429287575253966,4.878853449796225,7.984187840333107,4.166271567193689,0.6066000858209009
2026-05-12 15:51:27.135,21.85217956159903,11.432444525951269,4.879485241335715,7.981660674175146,4.166982332675616,0.6084954604393715
2026-05-12 15:51:28.162,21.85217956159903,11.40639968269852,4.880511902587386,7.984424762160415,4.167614124215106,0.6094431477486069
2026-05-12 15:51:29.190,21.859475095427342,11.40639968269852,4.881854459608803,7.982924257254126,4.166982332675616,0.6107857047700236
2026-05-12 15:51:30.218,21.85217956159903,11.413502821767452,4.882012407493676,7.982608361484381,4.167377202387797,0.6138656885250384
2026-05-12 15:51:31.245,21.844884027770718,11.422184436185034,4.882881120860475,7.983161179081435,4.1671402805604885,0.6141815842947835
2026-05-12 15:51:32.271,21.85217956159903,11.40087501897824,4.883275990572656,7.982371439657072,4.167298228445361,0.6156820892010728
2026-05-12 15:51:33.299,21.85217956159903,11.40087501897824,4.884934443363818,7.983161179081435,4.16690335873318,0.6169456722800533
2026-05-12 15:51:34.329,21.85217956159903,11.405610445024195,4.885408287018436,7.983635022736053,4.168087967869724,0.6171036201649258
2026-05-12 15:51:35.356,21.85217956159903,11.414292059441777,4.8856452088457445,7.982292465714636,4.167693098157542,0.6201836039199407
2026-05-12 15:51:36.384,21.85217956159903,11.422184436185034,4.886119052500362,7.982608361484381,4.168956681236523,0.6206574475745583
2026-05-12 15:51:37.409,21.85217956159903,11.405610445024195,4.886671870097416,7.983161179081435,4.1671402805604885,0.6220789785384113
2026-05-12 15:51:38.440,21.85217956159903,11.38982569153768,4.8879354531763965,7.983003231196562,4.166982332675616,0.6236584573871369
2026-05-12 15:51:39.470,21.85217956159903,11.4119243464188,4.888409296831014,7.983792970620925,4.167298228445361,0.6249220404661173
2026-05-12 15:51:40.501,21.859475095427342,11.418238247813406,4.889672879909995,7.983240153023871,4.167061306618052,0.6281599721060047
2026-05-12 15:51:41.528,21.85217956159903,11.412713584093126,4.89062056721923,7.983792970620925,4.166271567193689,0.6269753629694605
2026-05-12 15:51:42.554,21.85217956159903,11.404031969675543,4.890541593276794,7.983082205138999,4.167061306618052,0.631950721342946
2026-05-12 15:51:43.578,21.85217956159903,11.433233763625594,4.891410306643593,7.982371439657072,4.168087967869724,0.631082007976147
2026-05-12 15:51:44.605,21.85217956159903,11.430076812928291,4.892357993952828,7.982371439657072,4.167851046042415,0.6321086692278186
2026-05-12 15:51:45.632,21.85217956159903,11.425341386882337,4.893463629146936,7.984266814275543,4.166982332675616,0.6351886529828334
2026-05-12 15:51:46.662,21.859475095427342,11.402453494326892,4.89401644674399,7.983398100908744,4.169746420660886,0.6355045487525786
2026-05-12 15:51:47.692,21.85217956159903,11.394561117583635,4.8947272122259164,7.982687335426817,4.166429515078562,0.6377158191407943
2026-05-12 15:51:48.723,21.859475095427342,11.391404166886332,4.8947272122259164,7.983082205138999,4.167377202387797,0.6384265846227208
2026-05-12 15:51:49.752,21.859475095427342,11.410345871070149,4.8955959255927155,7.983082205138999,4.1671402805604885,0.6404799071260641
2026-05-12 15:51:50.779,21.85217956159903,11.416659772464754,4.897096430499005,7.9833191269663075,4.166745410848307,0.6416645162626082
2026-05-12 15:51:51.806,21.844884027770718,11.415870534790429,4.897728222038495,7.983792970620925,4.167456176330234,0.643007073284025
2026-05-12 15:51:52.834,21.859475095427342,11.404821207349869,4.898754883290167,7.983082205138999,4.168640785466778,0.645297317614677
2026-05-12 15:51:53.863,21.85217956159903,11.427709099905314,4.898833857232603,7.9822134917722,4.167693098157542,0.645297317614677
2026-05-12 15:51:54.901,21.85217956159903,11.396928830606612,4.900650257908637,7.984345788217979,4.167614124215106,0.6491670407940546
2026-05-12 15:51:55.927,21.85217956159903,11.394561117583635,4.899939492426711,7.983950918505798,4.167614124215106,0.6478244837726379
2026-05-12 15:51:56.959,21.85217956159903,11.416659772464754,4.901755893102745,7.984424762160415,4.167930019984851,0.6505095978154714
2026-05-12 15:51:57.985,21.859475095427342,11.41744901013908,4.901913840987618,7.982766309369254,4.1665874629634345,0.6510624154125253
2026-05-12 15:51:59.015,21.859475095427342,11.405610445024195,4.902940502239289,7.9833191269663075,4.168877707294087,0.653826503397795
2026-05-12 15:52:00.046,21.859475095427342,11.416659772464754,4.90420408531827,7.983556048793616,4.169114629121395,0.6539844512826676
2026-05-12 15:52:01.072,21.859475095427342,11.423762911533686,4.90420408531827,7.983713996678489,4.168877707294087,0.6577752005196089
2026-05-12 15:52:02.097,21.85217956159903,11.414292059441777,4.905625616282123,7.9838719445633615,4.1671402805604885,0.6573803308074275
2026-05-12 15:52:03.124,21.85217956159903,11.41744901013908,4.905862538109432,7.9822134917722,4.167930019984851,0.6595916011956433
2026-05-12 15:52:04.154,21.85217956159903,11.409556633395823,4.906178433879177,7.983635022736053,4.1665874629634345,0.6620397934111679
2026-05-12 15:52:05.180,21.859475095427342,11.441915378043177,4.906257407821613,7.982924257254126,4.169193603063832,0.6628295328355307
2026-05-12 15:52:06.214,21.859475095427342,11.4119243464188,4.9075209909005935,7.982371439657072,4.166824384790743,0.6653566989934916
2026-05-12 15:52:07.240,21.859475095427342,11.414292059441777,4.9094953394615,7.983082205138999,4.167772072099979,0.665751568705673
2026-05-12 15:52:08.272,21.85217956159903,11.408767395721497,4.909021495806883,7.983240153023871,4.169035655178959,0.667173099669526
2026-05-12 15:52:09.299,21.859475095427342,11.43402300129992,4.909890209173682,7.982134517829763,4.1680089939272875,0.6679628390938888
2026-05-12 15:52:10.324,21.859475095427342,11.435601476648571,4.911074818310226,7.984345788217979,4.16690335873318,0.6690684742879967
2026-05-12 15:52:11.353,21.859475095427342,11.412713584093126,4.911153792252662,7.983161179081435,4.168640785466778,0.6715956404459575
2026-05-12 15:52:12.379,21.85217956159903,11.4119243464188,4.911469688022407,7.982292465714636,4.167298228445361,0.6729381974673743
2026-05-12 15:52:13.404,21.85217956159903,11.399296543629589,4.91289121898626,7.983556048793616,4.169746420660886,0.6735699890068645
2026-05-12 15:52:14.431,21.85217956159903,11.408767395721497,4.914154802065241,7.982371439657072,4.168956681236523,0.6739648587190459
2026-05-12 15:52:15.457,21.859475095427342,11.422184436185034,4.913759932353059,7.98410886639067,4.167930019984851,0.6766499727618793
2026-05-12 15:52:16.483,21.859475095427342,11.433233763625594,4.915339411201785,7.982608361484381,4.167851046042415,0.6794930346895853
2026-05-12 15:52:17.512,21.859475095427342,11.402453494326892,4.916839916108074,7.981739648117582,4.168956681236523,0.6795720086320216
2026-05-12 15:52:18.540,21.859475095427342,11.38982569153768,4.916366072453457,7.983003231196562,4.167061306618052,0.6800458522866393
2026-05-12 15:52:19.566,21.859475095427342,11.407188920372846,4.918261447071927,7.98347707485118,4.167614124215106,0.6815463571929286
2026-05-12 15:52:20.595,21.85217956159903,11.40087501897824,4.917866577359746,7.983398100908744,4.168640785466778,0.685653002199615
2026-05-12 15:52:21.625,21.85217956159903,11.385879503166052,4.91905118649629,7.984029892448234,4.167772072099979,0.6861268458542327
2026-05-12 15:52:22.654,21.859475095427342,11.413502821767452,4.919840925920653,7.983635022736053,4.167061306618052,0.6891278556668112
2026-05-12 15:52:23.702,21.859475095427342,11.415870534790429,4.919919899863089,7.983635022736053,4.169825394603322,0.6880222204727033
2026-05-12 15:52:24.735,21.859475095427342,11.405610445024195,4.921104508999633,7.981976569944891,4.16816694181216,0.6921288654793898
2026-05-12 15:52:25.766,21.85217956159903,11.414292059441777,4.921262456884506,7.983635022736053,4.167456176330234,0.691339126055027
2026-05-12 15:52:26.794,21.859475095427342,11.41744901013908,4.922841935733231,7.9824504135995085,4.167930019984851,0.6935503964432428
2026-05-12 15:52:27.823,21.85217956159903,11.412713584093126,4.9240265448697755,7.982766309369254,4.167772072099979,0.6948139795222232
2026-05-12 15:52:28.853,21.85217956159903,11.404821207349869,4.923947570927339,7.9838719445633615,4.167377202387797,0.6954457710617135
2026-05-12 15:52:29.974,21.866770629255655,11.409556633395823,4.924737310351702,7.982529387541945,4.167298228445361,0.6969462759680027
2026-05-12 15:52:31.000,21.85217956159903,11.385090265491726,4.924184492754648,7.983713996678489,4.1685618115243415,0.6978149893348018
2026-05-12 15:52:32.028,21.859475095427342,11.408767395721497,4.92584294554581,7.982529387541945,4.167614124215106,0.7007370252049441
2026-05-12 15:52:33.057,21.859475095427342,11.407978158047172,4.926553711027736,7.984503736102852,4.1671402805604885,0.7019216343414882
2026-05-12 15:52:34.086,21.859475095427342,11.441126140368851,4.927343450452099,7.982687335426817,4.169509498833577,0.703264191362905
2026-05-12 15:52:35.112,21.859475095427342,11.414292059441777,4.928133189876462,7.982529387541945,4.167772072099979,0.7047646962691942
2026-05-12 15:52:36.142,21.859475095427342,11.414292059441777,4.9282911377613345,7.982371439657072,4.169193603063832,0.7052385399238119
2026-05-12 15:52:37.165,21.859475095427342,11.430076812928291,4.929475746897879,7.982371439657072,4.169825394603322,0.7062652011754835
2026-05-12 15:52:38.221,21.859475095427342,11.40087501897824,4.930660356034423,7.9824504135995085,4.167772072099979,0.7082395497363905
2026-05-12 15:52:39.253,21.859475095427342,11.404031969675543,4.931450095458786,7.983161179081435,4.167930019984851,0.7127410644552583
2026-05-12 15:52:40.283,21.859475095427342,11.419027485487732,4.931371121516349,7.983635022736053,4.1671402805604885,0.7119513250308955
2026-05-12 15:52:41.313,21.859475095427342,11.400085781303915,4.932713678537766,7.982529387541945,4.167614124215106,0.7128990123401309
2026-05-12 15:52:42.340,21.866770629255655,11.415081297116103,4.932950600365075,7.983398100908744,4.168482837581905,0.7137677257069299
2026-05-12 15:52:43.371,21.859475095427342,11.425341386882337,4.934845974983546,7.9824504135995085,4.169272577006268,0.7151102827283466
2026-05-12 15:52:44.400,21.866770629255655,11.385879503166052,4.935003922868418,7.98284528331169,4.16690335873318,0.7168477094619448
2026-05-12 15:52:45.426,21.859475095427342,11.415081297116103,4.935793662292781,7.9824504135995085,4.167772072099979,0.7202435889867047
2026-05-12 15:52:46.452,21.859475095427342,11.412713584093126,4.935319818638163,7.9833191269663075,4.166982332675616,0.7205594847564498
2026-05-12 15:52:47.480,21.859475095427342,11.405610445024195,4.936741349602016,7.9833191269663075,4.168324889697033,0.7215071720656852
2026-05-12 15:52:48.507,21.866770629255655,11.419816723162057,4.937531089026379,7.982529387541945,4.168087967869724,0.7226917812022293
2026-05-12 15:52:49.534,21.866770629255655,11.43402300129992,4.938004932680997,7.982608361484381,4.168482837581905,0.7260876607269893
2026-05-12 15:52:50.562,21.859475095427342,11.426130624556663,4.938715698162923,7.9822134917722,4.167456176330234,0.7263245825542981
2026-05-12 15:52:51.593,21.859475095427342,11.414292059441777,4.938399802393178,7.983240153023871,4.16816694181216,0.7285358529425139
2026-05-12 15:52:52.649,21.859475095427342,11.424552149208012,4.939505437587286,7.983398100908744,4.169588472776013,0.7286148268849502
2026-05-12 15:52:53.681,21.859475095427342,11.4119243464188,4.939110567875105,7.98347707485118,4.167377202387797,0.7300363578488032
2026-05-12 15:52:54.709,21.859475095427342,11.426919862230989,4.94132183826332,7.982529387541945,4.167693098157542,0.7310630191004748
2026-05-12 15:52:55.739,21.866770629255655,11.43402300129992,4.940295177011649,7.981660674175146,4.167772072099979,0.7330373676613817
2026-05-12 15:52:56.768,21.859475095427342,11.402453494326892,4.942032603745247,7.9822134917722,4.1671402805604885,0.733669159200872
2026-05-12 15:52:57.796,21.866770629255655,11.414292059441777,4.942111577687683,7.983240153023871,4.169588472776013,0.7383286218046123
2026-05-12 15:52:58.824,21.866770629255655,11.425341386882337,4.943296186824227,7.983161179081435,4.168324889697033,0.7366701690134505
2026-05-12 15:52:59.852,21.866770629255655,11.407978158047172,4.943849004421281,7.982371439657072,4.16690335873318,0.7386445175743575
2026-05-12 15:53:00.880,21.859475095427342,11.396139592932286,4.944243874133463,7.983003231196562,4.169272577006268,0.740223996423083
2026-05-12 15:53:01.908,21.866770629255655,11.427709099905314,4.94471771778808,7.982687335426817,4.167456176330234,0.7418034752718086
2026-05-12 15:53:02.933,21.859475095427342,11.409556633395823,4.944875665672953,7.983003231196562,4.167614124215106,0.7444096153722057
2026-05-12 15:53:03.959,21.859475095427342,11.425341386882337,4.947402831830914,7.9822134917722,4.167851046042415,0.7444096153722057
2026-05-12 15:53:04.990,21.866770629255655,11.404031969675543,4.9473238578884775,7.983161179081435,4.166824384790743,0.7454362766238773
2026-05-12 15:53:06.019,21.866770629255655,11.407978158047172,4.947639753658223,7.9833191269663075,4.168324889697033,0.7485162603788922
2026-05-12 15:53:07.046,21.859475095427342,11.402453494326892,4.948982310679639,7.982924257254126,4.167930019984851,0.7490690779759461
2026-05-12 15:53:08.073,21.866770629255655,11.408767395721497,4.949693076161566,7.9838719445633615,4.167851046042415,0.7513593223065982
2026-05-12 15:53:09.103,21.859475095427342,11.4119243464188,4.950561789528365,7.982608361484381,4.166982332675616,0.7509644525944168
2026-05-12 15:53:10.135,21.866770629255655,11.404031969675543,4.950482815585929,7.982924257254126,4.167772072099979,0.7537285405796865
2026-05-12 15:53:11.163,21.866770629255655,11.39535035525796,4.9515884507800365,7.981423752347837,4.1685618115243415,0.75641365462252
2026-05-12 15:53:12.188,21.859475095427342,11.415081297116103,4.952852033859017,7.983556048793616,4.16690335873318,0.755860837025466
2026-05-12 15:53:13.219,21.866770629255655,11.391404166886332,4.9530099817438895,7.983003231196562,4.167772072099979,0.7575982637590641
2026-05-12 15:53:14.250,21.866770629255655,11.412713584093126,4.953720747225816,7.9833191269663075,4.167930019984851,0.7598885080897162
2026-05-12 15:53:15.277,21.866770629255655,11.431655288276943,4.95490535636236,7.982134517829763,4.167614124215106,0.7613100390535692
2026-05-12 15:53:16.307,21.866770629255655,11.40639968269852,4.954589460592615,7.984187840333107,4.169035655178959,0.7630474657871673
2026-05-12 15:53:17.335,21.859475095427342,11.392193404560658,4.95490535636236,7.9833191269663075,4.167456176330234,0.7637582312690938
2026-05-12 15:53:18.363,21.866770629255655,11.407978158047172,4.956879704923267,7.983240153023871,4.167772072099979,0.7647059185783291
2026-05-12 15:53:19.390,21.866770629255655,11.413502821767452,4.957590470405194,7.982292465714636,4.169746420660886,0.7659695016573096
2026-05-12 15:53:20.419,21.866770629255655,11.43402300129992,4.957195600693012,7.981423752347837,4.167772072099979,0.7681807720455254
2026-05-12 15:53:21.463,21.859475095427342,11.415870534790429,4.9578273922325025,7.982371439657072,4.170457186142812,0.7690494854123244
2026-05-12 15:53:22.490,21.866770629255655,11.40639968269852,4.959327897138792,7.981739648117582,4.169667446718449,0.7705499903186137
2026-05-12 15:53:23.519,21.859475095427342,11.438758427345874,4.959012001369047,7.981818622060018,4.167851046042415,0.7718925473400304
2026-05-12 15:53:24.549,21.866770629255655,11.427709099905314,4.959012001369047,7.983003231196562,4.168403863639469,0.7726033128219569
2026-05-12 15:53:25.582,21.866770629255655,11.429287575253966,4.960512506275336,7.983240153023871,4.167456176330234,0.774340739555555
2026-05-12 15:53:26.611,21.859475095427342,11.410345871070149,4.961302245699699,7.981976569944891,4.168324889697033,0.7764730360013345
2026-05-12 15:53:27.637,21.866770629255655,11.442704615717503,4.962407880893807,7.983161179081435,4.1680089939272875,0.778605332447114
2026-05-12 15:53:28.666,21.866770629255655,11.409556633395823,4.962644802721115,7.984582710045288,4.168877707294087,0.7785263585046778
2026-05-12 15:53:29.690,21.866770629255655,11.411135108744475,4.963355568203042,7.983240153023871,4.1685618115243415,0.780579681008021
2026-05-12 15:53:30.719,21.866770629255655,11.412713584093126,4.963197620318169,7.982687335426817,4.168877707294087,0.7823171077416191
2026-05-12 15:53:31.749,21.866770629255655,11.419027485487732,4.965171968879076,7.983082205138999,4.167851046042415,0.7829488992811093
2026-05-12 15:53:32.777,21.859475095427342,11.413502821767452,4.96446120339715,7.982055543887327,4.168087967869724,0.7871345182302321
2026-05-12 15:53:33.804,21.874066163083967,11.430866050602617,4.965329916763949,7.983635022736053,4.169588472776013,0.786265804863433
2026-05-12 15:53:34.830,21.866770629255655,11.430076812928291,4.966672473785366,7.982924257254126,4.168324889697033,0.7881611794819037
2026-05-12 15:53:35.893,21.859475095427342,11.416659772464754,4.967462213209728,7.982766309369254,4.167851046042415,0.7903724498701195
2026-05-12 15:53:36.923,21.866770629255655,11.418238247813406,4.966988369555111,7.983792970620925,4.168403863639469,0.7903724498701195
2026-05-12 15:53:37.954,21.866770629255655,11.429287575253966,4.968172978691655,7.98284528331169,4.167298228445361,0.7917939808339725
2026-05-12 15:53:38.988,21.866770629255655,11.41744901013908,4.9686468223462725,7.983161179081435,4.1680089939272875,0.7938473033373157
2026-05-12 15:53:40.020,21.866770629255655,11.437179951997223,4.968804770231145,7.981581700232709,4.169351550948704,0.7958216518982226
2026-05-12 15:53:41.051,21.859475095427342,11.426919862230989,4.970384249079871,7.982292465714636,4.16753515027267,0.7957426779557863
2026-05-12 15:53:42.079,21.859475095427342,11.404031969675543,4.970226301194998,7.983240153023871,4.167772072099979,0.7977960004591296
2026-05-12 15:53:43.106,21.866770629255655,11.40639968269852,4.971568858216415,7.983240153023871,4.16816694181216,0.7989806095956737
2026-05-12 15:53:44.133,21.866770629255655,11.430866050602617,4.97188475398616,7.983398100908744,4.168245915754596,0.8023764891204337
2026-05-12 15:53:45.159,21.874066163083967,11.415081297116103,4.972358597640778,7.983161179081435,4.169667446718449,0.80245546306287
2026-05-12 15:53:46.187,21.866770629255655,11.414292059441777,4.973859102547067,7.983713996678489,4.168482837581905,0.8035610982569779
2026-05-12 15:53:47.213,21.866770629255655,11.411135108744475,4.9734642328348855,7.982766309369254,4.167930019984851,0.8045087855662132
2026-05-12 15:53:48.242,21.866770629255655,11.410345871070149,4.973701154662194,7.982687335426817,4.167772072099979,0.8072728735514829
2026-05-12 15:53:49.271,21.866770629255655,11.402453494326892,4.973385258892449,7.982055543887327,4.167298228445361,0.8067990298968652
2026-05-12 15:53:50.296,21.866770629255655,11.421395198510709,4.974253972259248,7.982529387541945,4.169114629121395,0.8105108051913703
2026-05-12 15:53:51.327,21.866770629255655,11.40087501897824,4.975438581395792,7.983556048793616,4.167298228445361,0.810984648845988
2026-05-12 15:53:52.355,21.866770629255655,11.415870534790429,4.97528063351092,7.982924257254126,4.167377202387797,0.8115374664430419
2026-05-12 15:53:53.381,21.859475095427342,11.415870534790429,4.976070372935283,7.9833191269663075,4.16879873335165,0.8150912938526744
2026-05-12 15:53:54.409,21.866770629255655,11.434812238974246,4.976228320820155,7.9833191269663075,4.168403863639469,0.815249241737547
2026-05-12 15:53:55.439,21.866770629255655,11.407978158047172,4.976386268705028,7.983792970620925,4.170378212200376,0.8184081994349981
2026-05-12 15:53:56.465,21.866770629255655,11.41744901013908,4.976386268705028,7.982766309369254,4.168956681236523,0.8181712776076893
2026-05-12 15:53:57.495,21.874066163083967,11.425341386882337,4.9771760081293905,7.9822134917722,4.167298228445361,0.8206194698232139
2026-05-12 15:53:58.526,21.859475095427342,11.396928830606612,4.977570877841572,7.983713996678489,4.167377202387797,0.8216461310748855
2026-05-12 15:53:59.555,21.874066163083967,11.415870534790429,4.979071382747861,7.9838719445633615,4.167930019984851,0.8243312451177189
2026-05-12 15:54:00.583,21.866770629255655,11.419816723162057,4.978913434862989,7.983003231196562,4.168640785466778,0.8236994535782287
2026-05-12 15:54:01.611,21.874066163083967,11.401664256652566,4.978755486978116,7.982687335426817,4.1680089939272875,0.824647140887464
2026-05-12 15:54:02.637,21.866770629255655,11.441915378043177,4.980334965826842,7.982924257254126,4.1685618115243415,0.8267004633908073
2026-05-12 15:54:03.666,21.866770629255655,11.440336902694526,4.981045731308768,7.982055543887327,4.170457186142812,0.8286748119517142
2026-05-12 15:54:04.695,21.866770629255655,11.441915378043177,4.980887783423896,7.9838719445633615,4.16753515027267,0.8300173689731309
2026-05-12 15:54:05.728,21.866770629255655,11.415870534790429,4.981282653136077,7.982292465714636,4.168403863639469,0.8304122386853123
2026-05-12 15:54:06.760,21.866770629255655,11.433233763625594,4.981361627078513,7.982766309369254,4.168087967869724,0.8346768315768713
2026-05-12 15:54:07.791,21.866770629255655,11.4119243464188,4.981519574963386,7.98410886639067,4.168482837581905,0.8327024830159644
2026-05-12 15:54:08.821,21.866770629255655,11.426919862230989,4.982151366502876,7.983003231196562,4.170378212200376,0.8362563104255969
2026-05-12 15:54:09.902,21.866770629255655,11.42297367385936,4.982388288330185,7.983240153023871,4.170378212200376,0.8372039977348322
2026-05-12 15:54:10.928,21.866770629255655,11.419027485487732,4.9828621319848025,7.9824504135995085,4.169272577006268,0.8374409195621411
2026-05-12 15:54:11.957,21.866770629255655,11.431655288276943,4.9834149495818565,7.983003231196562,4.168324889697033,0.8398891117776657
2026-05-12 15:54:12.986,21.859475095427342,11.421395198510709,4.984757506603273,7.983792970620925,4.167772072099979,0.8410737209142098
2026-05-12 15:54:14.010,21.866770629255655,11.40639968269852,4.984362636891092,7.9833191269663075,4.169272577006268,0.8414685906263912
2026-05-12 15:54:15.038,21.866770629255655,11.421395198510709,4.9854682720852,7.98284528331169,4.168087967869724,0.8446275483238423
2026-05-12 15:54:16.068,21.859475095427342,11.43402300129992,4.985389298142763,7.983161179081435,4.167693098157542,0.8447065222662786
2026-05-12 15:54:17.095,21.866770629255655,11.421395198510709,4.986021089682254,7.983161179081435,4.16816694181216,0.8462860011150042
2026-05-12 15:54:18.123,21.866770629255655,11.438758427345874,4.985784167854945,7.983635022736053,4.170062316430631,0.8484182975607837
2026-05-12 15:54:19.161,21.859475095427342,11.425341386882337,4.985863141797381,7.982292465714636,4.167930019984851,0.8507085418914357
2026-05-12 15:54:20.188,21.866770629255655,11.430866050602617,4.98673185516418,7.982529387541945,4.167614124215106,0.850787515833872
2026-05-12 15:54:21.218,21.866770629255655,11.432444525951269,4.987205698818798,7.983792970620925,4.169193603063832,0.8544203171859408
2026-05-12 15:54:22.244,21.866770629255655,11.425341386882337,4.987758516415852,7.982766309369254,4.170378212200376,0.8540254474737594
2026-05-12 15:54:23.271,21.866770629255655,11.409556633395823,4.987758516415852,7.982055543887327,4.170141290373067,0.8548941608405585
2026-05-12 15:54:24.298,21.866770629255655,11.403242732001218,4.988311334012906,7.983950918505798,4.168956681236523,0.8572633791136468
2026-05-12 15:54:25.326,21.866770629255655,11.437179951997223,4.989416969207014,7.983082205138999,4.168956681236523,0.858447988250191
2026-05-12 15:54:26.353,21.866770629255655,11.440336902694526,4.989180047379705,7.983161179081435,4.168640785466778,0.8593956755594263
2026-05-12 15:54:27.383,21.859475095427342,11.410345871070149,4.990996448055739,7.98284528331169,4.170378212200376,0.8604223368110979
2026-05-12 15:54:28.411,21.866770629255655,11.42849833757964,4.99012773468894,7.983556048793616,4.16816694181216,0.8629495029690588
2026-05-12 15:54:29.439,21.866770629255655,11.426130624556663,4.991075421998175,7.98284528331169,4.170536160085248,0.8647659036450932
2026-05-12 15:54:30.468,21.859475095427342,11.449018517112108,4.9913913177679206,7.984266814275543,4.16753515027267,0.8647659036450932
2026-05-12 15:54:31.493,21.866770629255655,11.421395198510709,4.991549265652793,7.983003231196562,4.16753515027267,0.8661874346089462
2026-05-12 15:54:32.524,21.866770629255655,11.418238247813406,4.991628239595229,7.983161179081435,4.1694305248911405,0.8690304965366522
2026-05-12 15:54:33.551,21.859475095427342,11.416659772464754,4.992812848731774,7.982687335426817,4.167772072099979,0.8698992099034513
2026-05-12 15:54:34.577,21.866770629255655,11.424552149208012,4.993681562098573,7.982608361484381,4.169825394603322,0.8733740633706475
2026-05-12 15:54:35.604,21.859475095427342,11.405610445024195,4.993839509983445,7.98284528331169,4.168640785466778,0.8725843239462847
2026-05-12 15:54:36.629,21.866770629255655,11.434812238974246,4.994234379695627,7.983003231196562,4.16879873335165,0.8754273858739907
2026-05-12 15:54:37.656,21.866770629255655,11.40639968269852,4.994708223350244,7.983082205138999,4.1685618115243415,0.8766119950105349
2026-05-12 15:54:38.682,21.866770629255655,11.43402300129992,4.995103093062426,7.982055543887327,4.167930019984851,0.8768489168378437
2026-05-12 15:54:39.709,21.866770629255655,11.42297367385936,4.995497962774607,7.982687335426817,4.168640785466778,0.8789812132836232
2026-05-12 15:54:40.734,21.866770629255655,11.426919862230989,4.996603597968715,7.983161179081435,4.169035655178959,0.8782704478016967
2026-05-12 15:54:41.761,21.859475095427342,11.397718068280938,4.996603597968715,7.983082205138999,4.168877707294087,0.883166832232746
2026-05-12 15:54:42.793,21.866770629255655,11.422184436185034,4.996998467680896,7.9833191269663075,4.17029923825794,0.8816663273264567
2026-05-12 15:54:43.822,21.866770629255655,11.400085781303915,4.998419998644749,7.9824504135995085,4.167851046042415,0.884588363196599
2026-05-12 15:54:44.849,21.866770629255655,11.407978158047172,4.996603597968715,7.9838719445633615,4.170141290373067,0.8855360505058343
2026-05-12 15:54:45.877,21.866770629255655,11.427709099905314,4.997077441623333,7.983082205138999,4.170378212200376,0.8864837378150696
2026-05-12 15:54:46.903,21.866770629255655,11.435601476648571,4.997472311335514,7.983950918505798,4.170773081912557,0.8899585912822658
2026-05-12 15:54:47.932,21.866770629255655,11.418238247813406,4.999130764126676,7.9824504135995085,4.167772072099979,0.888300138491104
2026-05-12 15:54:48.960,21.866770629255655,11.419816723162057,4.998498972587186,7.984503736102852,4.170141290373067,0.8917749919583002
2026-05-12 15:54:49.988,21.859475095427342,11.414292059441777,4.999288712011548,7.982766309369254,4.168640785466778,0.8924857574402267
2026-05-12 15:54:51.018,21.866770629255655,11.425341386882337,4.999920503551039,7.983713996678489,4.167298228445361,0.8936703665767709
2026-05-12 15:54:52.047,21.866770629255655,11.423762911533686,5.000078451435911,7.983398100908744,4.168403863639469,0.8953288193679327
2026-05-12 15:54:53.074,21.866770629255655,11.409556633395823,5.000236399320784,7.983082205138999,4.167061306618052,0.8952498454254965
2026-05-12 15:54:54.115,21.859475095427342,11.415870534790429,5.000868190860274,7.982529387541945,4.170141290373067,0.8969082982166583
2026-05-12 15:54:55.144,21.866770629255655,11.402453494326892,5.001421008457328,7.983556048793616,4.169588472776013,0.8990405946624378
2026-05-12 15:54:56.170,21.859475095427342,11.409556633395823,5.0015789563422,7.983240153023871,4.170220264315503,0.900225203798982
2026-05-12 15:54:57.197,21.859475095427342,11.410345871070149,5.002605617593872,7.983792970620925,4.168403863639469,0.902515448129634
2026-05-12 15:54:58.222,21.866770629255655,11.422184436185034,5.002210747881691,7.982687335426817,4.168719759409214,0.9042528748632321
2026-05-12 15:54:59.248,21.866770629255655,11.425341386882337,5.003000487306053,7.983556048793616,4.167614124215106,0.9048056924602861
2026-05-12 15:55:00.297,21.859475095427342,11.414292059441777,5.003948174615289,7.9833191269663075,4.170141290373067,0.9068590149636293
2026-05-12 15:55:01.323,21.866770629255655,11.437969189671549,5.004658940097215,7.982055543887327,4.170536160085248,0.9083595198699186
2026-05-12 15:55:02.350,21.866770629255655,11.426130624556663,5.0047379140396515,7.982687335426817,4.167377202387797,0.9097810508337716
2026-05-12 15:55:03.377,21.866770629255655,11.407978158047172,5.004579966154779,7.983082205138999,4.167614124215106,0.9115184775673697
2026-05-12 15:55:04.406,21.859475095427342,11.40639968269852,5.0047379140396515,7.983950918505798,4.167930019984851,0.9145984613223845
2026-05-12 15:55:05.433,21.859475095427342,11.422184436185034,5.005448679521578,7.983240153023871,4.170378212200376,0.913018982473659
2026-05-12 15:55:06.463,21.866770629255655,11.423762911533686,5.006080471061068,7.982134517829763,4.169904368545758,0.9155461486316199
2026-05-12 15:55:07.489,21.859475095427342,11.409556633395823,5.006633288658122,7.982608361484381,4.169114629121395,0.9165728098832915
2026-05-12 15:55:08.516,21.859475095427342,11.4395476650202,5.007028158370304,7.983398100908744,4.167061306618052,0.9186261323866347
2026-05-12 15:55:09.544,21.866770629255655,11.397718068280938,5.008212767506848,7.982924257254126,4.1685618115243415,0.9192579239261249
2026-05-12 15:55:10.571,21.859475095427342,11.429287575253966,5.00837071539172,7.9822134917722,4.167614124215106,0.9217061161416495
2026-05-12 15:55:11.602,21.859475095427342,11.432444525951269,5.008212767506848,7.982371439657072,4.1694305248911405,0.9226538034508849
2026-05-12 15:55:12.630,21.859475095427342,11.396139592932286,5.0090025069312105,7.9833191269663075,4.167851046042415,0.9232855949903751
2026-05-12 15:55:13.657,21.859475095427342,11.400085781303915,5.008765585103902,7.983398100908744,4.167377202387797,0.9256548132634634
2026-05-12 15:55:14.686,21.859475095427342,11.416659772464754,5.010581985779936,7.9833191269663075,4.168719759409214,0.9264445526878262
2026-05-12 15:55:15.716,21.859475095427342,11.413502821767452,5.0105030118375,7.982766309369254,4.168087967869724,0.9282609533638606
2026-05-12 15:55:16.745,21.859475095427342,11.42297367385936,5.0105030118375,7.983713996678489,4.168877707294087,0.9306301716369489
2026-05-12 15:55:17.791,21.866770629255655,11.412713584093126,5.0104240378950635,7.982292465714636,4.167377202387797,0.9307881195218215
2026-05-12 15:55:18.819,21.866770629255655,11.418238247813406,5.011608647031608,7.9818975960024545,4.168719759409214,0.9341050251041452
2026-05-12 15:55:19.846,21.866770629255655,11.40087501897824,5.0118455688589165,7.983003231196562,4.168719759409214,0.9340260511617089
2026-05-12 15:55:20.874,21.866770629255655,11.404821207349869,5.012556334340843,7.981344778405401,4.169746420660886,0.9342629729890177
2026-05-12 15:55:21.900,21.866770629255655,11.411135108744475,5.012477360398407,7.981660674175146,4.16816694181216,0.9371060349167237
2026-05-12 15:55:22.926,21.866770629255655,11.409556633395823,5.013346073765206,7.983003231196562,4.168719759409214,0.939159357420067
2026-05-12 15:55:23.953,21.859475095427342,11.408767395721497,5.0132670998227695,7.98347707485118,4.168324889697033,0.9406598623263562
2026-05-12 15:55:24.980,21.866770629255655,11.415081297116103,5.0132670998227695,7.982766309369254,4.169588472776013,0.941449601750719
2026-05-12 15:55:26.008,21.866770629255655,11.40087501897824,5.01516247444124,7.982687335426817,4.169193603063832,0.9417654975204641
2026-05-12 15:55:27.035,21.859475095427342,11.415081297116103,5.015083500498804,7.983713996678489,4.168640785466778,0.9435029242540622
2026-05-12 15:55:28.061,21.866770629255655,11.418238247813406,5.01453068290175,7.982608361484381,4.167851046042415,0.9466618819515134
2026-05-12 15:55:29.088,21.866770629255655,11.426919862230989,5.015004526556368,7.9833191269663075,4.168719759409214,0.9467408558939496
2026-05-12 15:55:30.114,21.866770629255655,11.413502821767452,5.015399396268549,7.98410886639067,4.167298228445361,0.9472146995485673
2026-05-12 15:55:31.144,21.859475095427342,11.408767395721497,5.015557344153422,7.982055543887327,4.167851046042415,0.9510054487855086
2026-05-12 15:55:32.172,21.866770629255655,11.424552149208012,5.016031187808039,7.983082205138999,4.168482837581905,0.9500577614762733
2026-05-12 15:55:33.198,21.859475095427342,11.43402300129992,5.016978875117275,7.981265804462964,4.168324889697033,0.9522690318644891
2026-05-12 15:55:34.226,21.859475095427342,11.393771879909309,5.01729477088702,7.983713996678489,4.167930019984851,0.9544013283102686
2026-05-12 15:55:35.254,21.859475095427342,11.393771879909309,5.0175316927143285,7.982687335426817,4.16879873335165,0.9540064585980872
2026-05-12 15:55:36.281,21.866770629255655,11.407188920372846,5.017847588484074,7.982292465714636,4.168877707294087,0.9574813120652834
2026-05-12 15:55:37.307,21.866770629255655,11.416659772464754,5.018795275793309,7.983240153023871,4.169746420660886,0.958507973316955
2026-05-12 15:55:38.335,21.866770629255655,11.416659772464754,5.01919014550549,7.982608361484381,4.167851046042415,0.9605612958202983
2026-05-12 15:55:39.368,21.866770629255655,11.410345871070149,5.020453728584471,7.983713996678489,4.168403863639469,0.9600084782232443
2026-05-12 15:55:40.420,21.874066163083967,11.410345871070149,5.020137832814726,7.984029892448234,4.168403863639469,0.9640361492874945
2026-05-12 15:55:41.508,21.866770629255655,11.415081297116103,5.02132244195127,7.982766309369254,4.167772072099979,0.9636412795753131
2026-05-12 15:55:42.569,21.866770629255655,11.414292059441777,5.020058858872289,7.983161179081435,4.16753515027267,0.9652207584240386
2026-05-12 15:55:43.597,21.874066163083967,11.412713584093126,5.020453728584471,7.982055543887327,4.167061306618052,0.9668002372727642
2026-05-12 15:55:44.623,21.866770629255655,11.392982642234983,5.021401415893706,7.9822134917722,4.168719759409214,0.9689325337185437
2026-05-12 15:55:45.652,21.859475095427342,11.4119243464188,5.021717311663451,7.984029892448234,4.168087967869724,0.9690904816034163
2026-05-12 15:55:46.678,21.866770629255655,11.405610445024195,5.021243468008834,7.982371439657072,4.16816694181216,0.9714596998765046
2026-05-12 15:55:47.721,21.874066163083967,11.412713584093126,5.022822946857559,7.9838719445633615,4.167772072099979,0.9731181526676664
2026-05-12 15:55:48.750,21.874066163083967,11.424552149208012,5.022822946857559,7.982529387541945,4.1685618115243415,0.9740658399769018
2026-05-12 15:55:49.779,21.866770629255655,11.421395198510709,5.023533712339486,7.981976569944891,4.170536160085248,0.9765930061348627
2026-05-12 15:55:50.806,21.866770629255655,11.40639968269852,5.023533712339486,7.983003231196562,4.167693098157542,0.9779355631562794
2026-05-12 15:55:51.833,21.866770629255655,11.411135108744475,5.023612686281922,7.981818622060018,4.169667446718449,0.9776986413289706
2026-05-12 15:55:52.866,21.866770629255655,11.40087501897824,5.02471832147603,7.983240153023871,4.169746420660886,0.9792781201776961
2026-05-12 15:55:53.892,21.866770629255655,11.419816723162057,5.024876269360902,7.983556048793616,4.1671402805604885,0.9808575990264217
2026-05-12 15:55:54.917,21.874066163083967,11.431655288276943,5.024876269360902,7.984503736102852,4.16690335873318,0.9825160518175835
2026-05-12 15:55:55.944,21.866770629255655,11.392982642234983,5.025666008785265,7.983713996678489,4.168640785466778,0.9842534785511816
2026-05-12 15:55:56.974,21.866770629255655,11.437969189671549,5.025823956670138,7.983556048793616,4.167298228445361,0.9848852700906718
2026-05-12 15:55:58.004,21.866770629255655,11.407978158047172,5.026692670036937,7.982766309369254,4.169035655178959,0.9881232017305592
2026-05-12 15:55:59.035,21.866770629255655,11.41744901013908,5.026139852439883,7.982924257254126,4.167377202387797,0.9867016707667062
2026-05-12 15:56:00.072,21.866770629255655,11.419027485487732,5.026771643979373,7.982371439657072,4.170141290373067,0.988912941154922
2026-05-12 15:56:01.101,21.874066163083967,11.427709099905314,5.027640357346172,7.9822134917722,4.170457186142812,0.9912821594280103
2026-05-12 15:56:02.130,21.866770629255655,11.419027485487732,5.028667018597844,7.983161179081435,4.168719759409214,0.9930985601040447
2026-05-12 15:56:03.160,21.866770629255655,11.411135108744475,5.029219836194898,7.982371439657072,4.167377202387797,0.9957047002044419
2026-05-12 15:56:04.188,21.874066163083967,11.397718068280938,5.028824966482716,7.9833191269663075,4.167614124215106,0.9961785438590596
2026-05-12 15:56:05.219,21.866770629255655,11.437179951997223,5.029851627734388,7.9847406579301605,4.1671402805604885,0.9973631529956037
2026-05-12 15:56:06.247,21.866770629255655,11.43402300129992,5.030483419273878,7.982766309369254,4.168245915754596,0.9998113452111284
2026-05-12 15:56:07.271,21.866770629255655,11.399296543629589,5.030246497446569,7.982292465714636,4.1671402805604885,0.9993375015565107
2026-05-12 15:56:08.301,21.866770629255655,11.41744901013908,5.030088549561697,7.984345788217979,4.170773081912557,1.001390824059854
2026-05-12 15:56:09.333,21.866770629255655,11.427709099905314,5.0317470023528585,7.981818622060018,4.167772072099979,1.0023385113690892
2026-05-12 15:56:10.361,21.866770629255655,11.426919862230989,5.030720341101187,7.9822134917722,4.168956681236523,1.005655416951413
2026-05-12 15:56:11.413,21.874066163083967,11.430866050602617,5.0322998199499125,7.983792970620925,4.167772072099979,1.0043128599299962
2026-05-12 15:56:12.444,21.874066163083967,11.42849833757964,5.031983924180167,7.983240153023871,4.1680089939272875,1.0064451563757757
2026-05-12 15:56:13.472,21.874066163083967,11.437969189671549,5.031668028410422,7.982766309369254,4.1671402805604885,1.0092092443610454
2026-05-12 15:56:14.499,21.866770629255655,11.440336902694526,5.032220846007476,7.9833191269663075,4.167851046042415,1.0111835929219524
2026-05-12 15:56:15.527,21.874066163083967,11.436390714322897,5.033010585431839,7.983635022736053,4.167456176330234,1.011341540806825
2026-05-12 15:56:16.557,21.859475095427342,11.438758427345874,5.034195194568383,7.983792970620925,4.167219254502925,1.0115784626341338
2026-05-12 15:56:17.584,21.866770629255655,11.42297367385936,5.033563403028893,7.983240153023871,4.169588472776013,1.0154481858135114
2026-05-12 15:56:18.613,21.866770629255655,11.425341386882337,5.035221855820055,7.983398100908744,4.16816694181216,1.0155271597559477
2026-05-12 15:56:19.640,21.866770629255655,11.416659772464754,5.033642376971329,7.982924257254126,4.170141290373067,1.0177384301441634
2026-05-12 15:56:20.666,21.874066163083967,11.419027485487732,5.0345900642805645,7.983082205138999,4.16753515027267,1.0178174040865997
2026-05-12 15:56:21.695,21.866770629255655,11.403242732001218,5.035853647359545,7.983635022736053,4.168245915754596,1.0197127787050704
2026-05-12 15:56:22.725,21.874066163083967,11.4119243464188,5.036485438899035,7.98347707485118,4.167614124215106,1.0220819969781587
2026-05-12 15:56:23.752,21.866770629255655,11.430076812928291,5.036880308611217,7.982924257254126,4.168877707294087,1.0226348145752127
2026-05-12 15:56:24.782,21.866770629255655,11.430076812928291,5.036880308611217,7.98284528331169,4.167930019984851,1.0248460849634284
2026-05-12 15:56:25.809,21.866770629255655,11.412713584093126,5.037117230438525,7.9838719445633615,4.168482837581905,1.0256358243877912
2026-05-12 15:56:26.836,21.874066163083967,11.397718068280938,5.036959282553653,7.982292465714636,4.169588472776013,1.0266624856394628
2026-05-12 15:56:27.865,21.874066163083967,11.414292059441777,5.037038256496089,7.982529387541945,4.169746420660886,1.028399912373061
2026-05-12 15:56:28.901,21.866770629255655,11.407978158047172,5.038538761402378,7.983398100908744,4.168877707294087,1.0299793912217865
2026-05-12 15:56:29.927,21.866770629255655,11.419816723162057,5.039328500826741,7.984266814275543,4.168956681236523,1.031242974300767
2026-05-12 15:56:30.955,21.866770629255655,11.41744901013908,5.039170552941869,7.982292465714636,4.168245915754596,1.0321906616100023
2026-05-12 15:56:31.986,21.874066163083967,11.40639968269852,5.03956542265405,7.98284528331169,4.168640785466778,1.0342439841133455
2026-05-12 15:56:33.012,21.866770629255655,11.409556633395823,5.040355162078413,7.983398100908744,4.168482837581905,1.0356655150771985
2026-05-12 15:56:34.038,21.866770629255655,11.410345871070149,5.040355162078413,7.984029892448234,4.167061306618052,1.0368501242137427
2026-05-12 15:56:35.107,21.866770629255655,11.415081297116103,5.041776693042266,7.983398100908744,4.169904368545758,1.038350629120032
2026-05-12 15:56:36.135,21.866770629255655,11.410345871070149,5.040907979675467,7.983792970620925,4.1671402805604885,1.0402460037385026
2026-05-12 15:56:37.164,21.866770629255655,11.411135108744475,5.041934640927138,7.983240153023871,4.170378212200376,1.0425362480691547
2026-05-12 15:56:38.191,21.874066163083967,11.414292059441777,5.042645406409065,7.9818975960024545,4.169509498833577,1.0428521438388998
2026-05-12 15:56:39.219,21.866770629255655,11.416659772464754,5.042882328236374,7.983792970620925,4.167377202387797,1.04348393537839
2026-05-12 15:56:40.245,21.866770629255655,11.426919862230989,5.0435930937183,7.983082205138999,4.167614124215106,1.047432632500204
2026-05-12 15:56:41.273,21.866770629255655,11.421395198510709,5.042408484581756,7.983240153023871,4.168245915754596,1.0464059712485323
2026-05-12 15:56:42.297,21.866770629255655,11.436390714322897,5.043514119775864,7.982134517829763,4.168324889697033,1.0475116064426402
2026-05-12 15:56:43.329,21.866770629255655,11.420605960836383,5.043830015545609,7.982924257254126,4.168482837581905,1.0495649289459834
2026-05-12 15:56:44.356,21.866770629255655,11.413502821767452,5.044935650739717,7.982292465714636,4.168087967869724,1.0501967204854736
2026-05-12 15:56:45.385,21.866770629255655,11.419816723162057,5.044777702854844,7.981660674175146,4.168403863639469,1.0529608084707434
2026-05-12 15:56:46.411,21.866770629255655,11.412713584093126,5.044698728912408,7.9822134917722,4.16879873335165,1.053434652125361
2026-05-12 15:56:47.441,21.874066163083967,11.425341386882337,5.044619754969972,7.983003231196562,4.167456176330234,1.0553300267438317
2026-05-12 15:56:48.498,21.866770629255655,11.434812238974246,5.045488468336771,7.983556048793616,4.1680089939272875,1.056830531650121
2026-05-12 15:56:49.526,21.866770629255655,11.426130624556663,5.0456464162216434,7.983398100908744,4.169035655178959,1.0579361668442289
2026-05-12 15:56:50.553,21.866770629255655,11.422184436185034,5.04635718170357,7.981976569944891,4.168245915754596,1.059673593577827
2026-05-12 15:56:51.586,21.866770629255655,11.437969189671549,5.045962311991389,7.981739648117582,4.168245915754596,1.0615689681962976
2026-05-12 15:56:52.613,21.866770629255655,11.421395198510709,5.046752051415751,7.9818975960024545,4.167377202387797,1.0629115252177144
2026-05-12 15:56:53.640,21.866770629255655,11.41744901013908,5.047146921127933,7.983556048793616,4.167456176330234,1.06449100406644
2026-05-12 15:56:54.668,21.866770629255655,11.414292059441777,5.047383842955242,7.982687335426817,4.168719759409214,1.066228430800038
2026-05-12 15:56:55.696,21.866770629255655,11.418238247813406,5.048726399976658,7.984187840333107,4.1671402805604885,1.067649961763891
2026-05-12 15:56:56.723,21.859475095427342,11.410345871070149,5.049042295746403,7.98284528331169,4.167614124215106,1.0694663624399254
2026-05-12 15:56:57.747,21.866770629255655,11.398507305955263,5.048331530264477,7.982134517829763,4.168245915754596,1.0697822582096705
2026-05-12 15:56:58.777,21.866770629255655,11.432444525951269,5.0493581915161485,7.982608361484381,4.167219254502925,1.0727042940798128
2026-05-12 15:56:59.807,21.866770629255655,11.405610445024195,5.049595113343457,7.983713996678489,4.167614124215106,1.0745996686982835
2026-05-12 15:57:00.834,21.866770629255655,11.421395198510709,5.050542800652693,7.981660674175146,4.168087967869724,1.0741258250436658
2026-05-12 15:57:01.861,21.866770629255655,11.411135108744475,5.050621774595129,7.982371439657072,4.167614124215106,1.0760211996621365
2026-05-12 15:57:02.886,21.866770629255655,11.415870534790429,5.051174592192183,7.981976569944891,4.168403863639469,1.0777586263957346
2026-05-12 15:57:03.910,21.866770629255655,11.412713584093126,5.051490487961928,7.984582710045288,4.169904368545758,1.0782324700503523
2026-05-12 15:57:04.939,21.866770629255655,11.430076812928291,5.052043305558982,7.982766309369254,4.167930019984851,1.079575027071769
2026-05-12 15:57:05.970,21.866770629255655,11.413502821767452,5.052359201328727,7.9838719445633615,4.167614124215106,1.080996558035622
2026-05-12 15:57:06.996,21.866770629255655,11.422184436185034,5.051885357674109,7.982055543887327,4.167298228445361,1.0813124538053671
2026-05-12 15:57:08.022,21.866770629255655,11.41744901013908,5.052675097098472,7.983240153023871,4.168245915754596,1.0843134636179457
2026-05-12 15:57:09.062,21.866770629255655,11.42849833757964,5.054491497774507,7.983635022736053,4.169035655178959,1.0856560206393624
2026-05-12 15:57:10.090,21.866770629255655,11.40639968269852,5.054017654119889,7.983792970620925,4.169035655178959,1.0873144734305242
2026-05-12 15:57:11.120,21.866770629255655,11.419816723162057,5.054096628062325,7.98284528331169,4.16690335873318,1.0887360043943772
2026-05-12 15:57:12.147,21.866770629255655,11.401664256652566,5.055281237198869,7.983082205138999,4.167614124215106,1.08952574381874
2026-05-12 15:57:13.174,21.866770629255655,11.405610445024195,5.055518159026178,7.982687335426817,4.167930019984851,1.0910262487250293
2026-05-12 15:57:14.203,21.874066163083967,11.415870534790429,5.0550443153715605,7.982134517829763,4.167298228445361,1.0929216233435
2026-05-12 15:57:15.255,21.859475095427342,11.431655288276943,5.056070976623232,7.982924257254126,4.1680089939272875,1.0931585451708088
2026-05-12 15:57:16.284,21.866770629255655,11.409556633395823,5.056386872392977,7.983950918505798,4.169588472776013,1.095764685271206
2026-05-12 15:57:17.310,21.859475095427342,11.418238247813406,5.056228924508105,7.984266814275543,4.167377202387797,1.0973441641199315
2026-05-12 15:57:18.337,21.874066163083967,11.431655288276943,5.056939689990031,7.983240153023871,4.1680089939272875,1.0984497993140394
2026-05-12 15:57:19.363,21.866770629255655,11.441126140368851,5.056228924508105,7.983556048793616,4.16753515027267,1.1019246527812356
2026-05-12 15:57:20.391,21.866770629255655,11.436390714322897,5.057413533644649,7.98347707485118,4.169272577006268,1.1011349133568729
2026-05-12 15:57:21.421,21.859475095427342,11.432444525951269,5.057255585759776,7.98410886639067,4.168245915754596,1.1040569492270151
2026-05-12 15:57:22.449,21.866770629255655,11.392982642234983,5.0584401948963205,7.982371439657072,4.167377202387797,1.1047677147089416
2026-05-12 15:57:23.473,21.866770629255655,11.430866050602617,5.05780840335683,7.982924257254126,4.167930019984851,1.1053205323059956
2026-05-12 15:57:24.500,21.859475095427342,11.407978158047172,5.0584401948963205,7.983398100908744,4.169904368545758,1.1081635942337016
2026-05-12 15:57:25.532,21.866770629255655,11.413502821767452,5.059782751917737,7.98347707485118,4.168087967869724,1.107452828751775
2026-05-12 15:57:26.558,21.866770629255655,11.413502821767452,5.059703777975301,7.983950918505798,4.167298228445361,1.1123492131828243
2026-05-12 15:57:27.587,21.859475095427342,11.416659772464754,5.059624804032865,7.982608361484381,4.168956681236523,1.1115594737584615
2026-05-12 15:57:28.614,21.866770629255655,11.419027485487732,5.060493517399664,7.984345788217979,4.167930019984851,1.1130599786647508
2026-05-12 15:57:29.644,21.859475095427342,11.415081297116103,5.0607304392269725,7.983792970620925,4.16753515027267,1.1164558581895108
2026-05-12 15:57:30.672,21.866770629255655,11.407978158047172,5.061125308939154,7.9824504135995085,4.168087967869724,1.1149553532832215
2026-05-12 15:57:31.701,21.866770629255655,11.42849833757964,5.0612832568240265,7.982292465714636,4.170457186142812,1.1180353370382363
2026-05-12 15:57:32.725,21.866770629255655,11.410345871070149,5.061362230766463,7.983003231196562,4.168087967869724,1.1192989201172168
2026-05-12 15:57:33.753,21.866770629255655,11.418238247813406,5.06120428288159,7.983398100908744,4.167298228445361,1.1200886595415795
2026-05-12 15:57:34.784,21.859475095427342,11.410345871070149,5.062467865960571,7.982687335426817,4.169746420660886,1.121905060217614
2026-05-12 15:57:35.812,21.859475095427342,11.42297367385936,5.0635735011546785,7.982608361484381,4.167298228445361,1.1219840341600502
2026-05-12 15:57:36.841,21.866770629255655,11.419816723162057,5.063731449039551,7.98347707485118,4.168403863639469,1.1251429918575013
2026-05-12 15:57:37.879,21.859475095427342,11.40087501897824,5.063415553269806,7.982687335426817,4.167061306618052,1.1276701580154622
2026-05-12 15:57:38.911,21.859475095427342,11.430076812928291,5.063889396924424,7.981976569944891,4.16816694181216,1.126169653109173
2026-05-12 15:57:39.938,21.859475095427342,11.426130624556663,5.064521188463914,7.982371439657072,4.169509498833577,1.1283019495549524
2026-05-12 15:57:40.968,21.859475095427342,11.432444525951269,5.065468875773149,7.983398100908744,4.167219254502925,1.1297234805188054
2026-05-12 15:57:41.998,21.866770629255655,11.413502821767452,5.06523195394584,7.982687335426817,4.167772072099979,1.1320137248494575
2026-05-12 15:57:43.028,21.859475095427342,11.411135108744475,5.065705797600458,7.98347707485118,4.167851046042415,1.1328824382162566
2026-05-12 15:57:44.059,21.859475095427342,11.416659772464754,5.065784771542894,7.983082205138999,4.168087967869724,1.134698838892291
2026-05-12 15:57:45.087,21.859475095427342,11.415081297116103,5.065863745485331,7.9824504135995085,4.167693098157542,1.135251656489345
2026-05-12 15:57:46.118,21.859475095427342,11.405610445024195,5.067206302506747,7.982687335426817,4.16753515027267,1.1379367705321783
2026-05-12 15:57:47.147,21.859475095427342,11.415081297116103,5.066811432794566,7.982134517829763,4.167219254502925,1.1405429106325755
2026-05-12 15:57:48.177,21.859475095427342,11.42297367385936,5.067127328564311,7.983082205138999,4.167456176330234,1.1402270148628304
2026-05-12 15:57:49.207,21.859475095427342,11.429287575253966,5.06736425039162,7.983240153023871,4.167693098157542,1.1418854676539922
2026-05-12 15:57:50.248,21.859475095427342,11.409556633395823,5.068548859528164,7.981502726290273,4.167377202387797,1.1429911028481001
2026-05-12 15:57:51.279,21.859475095427342,11.423762911533686,5.068153989815983,7.983556048793616,4.169825394603322,1.144965451409007
2026-05-12 15:57:52.303,21.859475095427342,11.416659772464754,5.0686278334706,7.981423752347837,4.169351550948704,1.1459131387182424
2026-05-12 15:57:53.330,21.859475095427342,11.42297367385936,5.069575520779836,7.983713996678489,4.168087967869724,1.1490720964156935
2026-05-12 15:57:54.357,21.859475095427342,11.408767395721497,5.069022703182782,7.98410886639067,4.166824384790743,1.1481244091064582
2026-05-12 15:57:55.389,21.859475095427342,11.419816723162057,5.069891416549581,7.982529387541945,4.167851046042415,1.1515202886312181
2026-05-12 15:57:56.417,21.866770629255655,11.424552149208012,5.070049364434453,7.984345788217979,4.166982332675616,1.1509674710341642
2026-05-12 15:57:57.442,21.859475095427342,11.4119243464188,5.07012833837689,7.983240153023871,4.167693098157542,1.1536525850769976
2026-05-12 15:57:58.466,21.85217956159903,11.437179951997223,5.071076025686125,7.982292465714636,4.169351550948704,1.1542843766164879
2026-05-12 15:57:59.491,21.85217956159903,11.42849833757964,5.071944739052924,7.981976569944891,4.167930019984851,1.1575223082563753
2026-05-12 15:58:00.518,21.859475095427342,11.409556633395823,5.071549869340743,7.983398100908744,4.1680089939272875,1.156890516716885
2026-05-12 15:58:01.550,21.859475095427342,11.409556633395823,5.071312947513434,7.98284528331169,4.167851046042415,1.1587069173929194
2026-05-12 15:58:02.581,21.859475095427342,11.419816723162057,5.072181660880233,7.983713996678489,4.167298228445361,1.1602074222992087
2026-05-12 15:58:03.609,21.859475095427342,11.412713584093126,5.072734478477287,7.98284528331169,4.167298228445361,1.1613920314357529
2026-05-12 15:58:04.635,21.859475095427342,11.431655288276943,5.073366270016777,7.98347707485118,4.16690335873318,1.1627345884571696
2026-05-12 15:58:05.662,21.859475095427342,11.429287575253966,5.073840113671395,7.982371439657072,4.1685618115243415,1.164550989133204
2026-05-12 15:58:06.689,21.866770629255655,11.407188920372846,5.073287296074341,7.98284528331169,4.16816694181216,1.1653407285575668
2026-05-12 15:58:07.716,21.859475095427342,11.420605960836383,5.073287296074341,7.983161179081435,4.16690335873318,1.166841233463856
2026-05-12 15:58:08.744,21.859475095427342,11.398507305955263,5.07415600944114,7.982134517829763,4.1694305248911405,1.169368399621817
2026-05-12 15:58:09.774,21.859475095427342,11.411135108744475,5.074550879153321,7.982687335426817,4.16879873335165,1.1688945559671993
2026-05-12 15:58:10.801,21.859475095427342,11.429287575253966,5.07541959252012,7.981502726290273,4.16753515027267,1.1723694094343955
2026-05-12 15:58:11.828,21.859475095427342,11.397718068280938,5.074708827038194,7.9822134917722,4.16816694181216,1.1724483833768318
2026-05-12 15:58:12.904,21.859475095427342,11.413502821767452,5.076130358002047,7.982766309369254,4.16816694181216,1.1752914453045378
2026-05-12 15:58:13.931,21.866770629255655,11.4119243464188,5.075972410117174,7.9833191269663075,4.167614124215106,1.175370419246974
2026-05-12 15:58:14.959,21.859475095427342,11.41744901013908,5.077472915023463,7.9824504135995085,4.167377202387797,1.177660663577626
2026-05-12 15:58:15.989,21.866770629255655,11.412713584093126,5.077709836850772,7.9838719445633615,4.167772072099979,1.1785293769444252
2026-05-12 15:58:17.016,21.859475095427342,11.401664256652566,5.077709836850772,7.9838719445633615,4.16879873335165,1.179635012138533
2026-05-12 15:58:18.046,21.866770629255655,11.436390714322897,5.077235993196155,7.98284528331169,4.170141290373067,1.1827939698359842
2026-05-12 15:58:19.071,21.85217956159903,11.440336902694526,5.078973419929753,7.983556048793616,4.169272577006268,1.1840575529149646
2026-05-12 15:58:20.100,21.859475095427342,11.409556633395823,5.078025732620517,7.9833191269663075,4.1694305248911405,1.184136526857401
2026-05-12 15:58:21.131,21.866770629255655,11.407188920372846,5.079921107238988,7.981265804462964,4.169746420660886,1.1861108754183078
2026-05-12 15:58:22.157,21.866770629255655,11.42849833757964,5.079605211469243,7.9833191269663075,4.167219254502925,1.1870585627275432
2026-05-12 15:58:23.185,21.859475095427342,11.411135108744475,5.079842133296552,7.983713996678489,4.168403863639469,1.18840111974896
2026-05-12 15:58:24.231,21.866770629255655,11.412713584093126,5.079842133296552,7.983240153023871,4.169193603063832,1.1895067549430678
2026-05-12 15:58:25.260,21.866770629255655,11.434812238974246,5.080237003008733,7.982687335426817,4.16879873335165,1.1914811035039747
2026-05-12 15:58:26.286,21.859475095427342,11.415081297116103,5.080552898778478,7.982924257254126,4.167772072099979,1.193534426007318
2026-05-12 15:58:27.316,21.859475095427342,11.412713584093126,5.080552898778478,7.9824504135995085,4.169746420660886,1.1941662175468082
2026-05-12 15:58:28.344,21.859475095427342,11.413502821767452,5.081263664260405,7.982529387541945,4.167298228445361,1.196377487935024
2026-05-12 15:58:29.372,21.859475095427342,11.425341386882337,5.081500586087714,7.981581700232709,4.170694107970121,1.1968513315896416
2026-05-12 15:58:30.422,21.866770629255655,11.40087501897824,5.081816481857459,7.98347707485118,4.167219254502925,1.1991415759202937
2026-05-12 15:58:31.447,21.866770629255655,11.419816723162057,5.083948778303238,7.983003231196562,4.168719759409214,1.2007210547690192
2026-05-12 15:58:32.474,21.859475095427342,11.438758427345874,5.083001090994003,7.983240153023871,4.167298228445361,1.2013528463085095
2026-05-12 15:58:33.507,21.866770629255655,11.430076812928291,5.08284314310913,7.982055543887327,4.168087967869724,1.205222569487887
2026-05-12 15:58:34.533,21.859475095427342,11.415081297116103,5.08284314310913,7.982608361484381,4.169351550948704,1.2037220645815978
2026-05-12 15:58:35.559,21.859475095427342,11.412713584093126,5.083711856475929,7.984029892448234,4.16690335873318,1.2072758919912303
2026-05-12 15:58:36.591,21.866770629255655,11.422184436185034,5.084659543785165,7.98410886639067,4.1685618115243415,1.2075128138185391
2026-05-12 15:58:37.622,21.866770629255655,11.415870534790429,5.084501595900292,7.98284528331169,4.1680089939272875,1.2096451102643186
2026-05-12 15:58:38.653,21.859475095427342,11.419816723162057,5.08497543955491,7.982687335426817,4.167930019984851,1.2094081884370098
2026-05-12 15:58:39.684,21.866770629255655,11.39535035525796,5.085133387439782,7.984029892448234,4.168956681236523,1.2116194588252256
2026-05-12 15:58:40.713,21.859475095427342,11.441126140368851,5.086475944461199,7.9833191269663075,4.1685618115243415,1.2131199637315149
2026-05-12 15:58:41.740,21.859475095427342,11.43402300129992,5.085844152921709,7.98347707485118,4.167219254502925,1.216278921428966
2026-05-12 15:58:42.774,21.859475095427342,11.415870534790429,5.086396970518763,7.9847406579301605,4.17029923825794,1.2155681559470395
2026-05-12 15:58:43.815,21.859475095427342,11.423762911533686,5.08623902263389,7.983635022736053,4.1685618115243415,1.21683173902602
2026-05-12 15:58:44.849,21.859475095427342,11.418238247813406,5.087344657827998,7.982924257254126,4.168482837581905,1.219121983356672
2026-05-12 15:58:45.875,21.859475095427342,11.419027485487732,5.08837131907967,7.984266814275543,4.167377202387797,1.2199117227810348
2026-05-12 15:58:46.902,21.859475095427342,11.403242732001218,5.087660553597743,7.981186830520528,4.170062316430631,1.221096331917579
2026-05-12 15:58:47.932,21.866770629255655,11.429287575253966,5.088450293022106,7.983792970620925,4.168403863639469,1.2222019671116868
2026-05-12 15:58:48.959,21.866770629255655,11.407978158047172,5.088687214849415,7.9824504135995085,4.16753515027267,1.22425528961503
2026-05-12 15:58:49.986,21.859475095427342,11.423762911533686,5.089476954273778,7.982529387541945,4.167614124215106,1.2263875860608096
2026-05-12 15:58:51.013,21.859475095427342,11.419027485487732,5.089240032446469,7.983240153023871,4.167614124215106,1.2269404036578635
2026-05-12 15:58:52.041,21.866770629255655,11.407188920372846,5.09026669369814,7.983713996678489,4.167456176330234,1.2281250127944077
2026-05-12 15:58:53.069,21.859475095427342,11.409556633395823,5.0905825894678856,7.982924257254126,4.168403863639469,1.2309680747221137
2026-05-12 15:58:54.098,21.866770629255655,11.432444525951269,5.0905825894678856,7.983635022736053,4.168324889697033,1.2314419183767313
2026-05-12 15:58:55.133,21.859475095427342,11.4119243464188,5.09026669369814,7.983003231196562,4.167377202387797,1.2327055014557118
2026-05-12 15:58:56.166,21.859475095427342,11.420605960836383,5.090503615525449,7.983556048793616,4.169351550948704,1.2346008760741825
2026-05-12 15:58:57.193,21.866770629255655,11.4119243464188,5.09176719860443,7.981739648117582,4.168719759409214,1.2360224070380355
2026-05-12 15:58:58.220,21.859475095427342,11.421395198510709,5.092083094374175,7.982134517829763,4.167298228445361,1.2373649640594522
2026-05-12 15:58:59.248,21.866770629255655,11.410345871070149,5.092004120431739,7.983635022736053,4.168403863639469,1.2393393126203591
2026-05-12 15:59:00.275,21.859475095427342,11.401664256652566,5.0931097556258464,7.983240153023871,4.1685618115243415,1.2397341823325405
2026-05-12 15:59:01.318,21.866770629255655,11.4119243464188,5.093583599280464,7.982529387541945,4.168640785466778,1.2414716090661386
2026-05-12 15:59:02.343,21.859475095427342,11.421395198510709,5.093583599280464,7.98410886639067,4.168719759409214,1.2433669836846093
2026-05-12 15:59:03.372,21.866770629255655,11.41744901013908,5.09303078168341,7.984503736102852,4.167851046042415,1.2446305667635897
2026-05-12 15:59:04.400,21.866770629255655,11.420605960836383,5.093583599280464,7.982687335426817,4.1694305248911405,1.2454203061879525
2026-05-12 15:59:05.427,21.859475095427342,11.415081297116103,5.09303078168341,7.982529387541945,4.169193603063832,1.247552602633732
2026-05-12 15:59:06.458,21.866770629255655,11.420605960836383,5.094452312647263,7.983950918505798,4.169272577006268,1.2482633681156585
2026-05-12 15:59:07.485,21.866770629255655,11.436390714322897,5.095005130244317,7.9833191269663075,4.17029923825794,1.2506325863887469
2026-05-12 15:59:08.515,21.859475095427342,11.430076812928291,5.0953999999564985,7.9838719445633615,4.167772072099979,1.251264377928237
2026-05-12 15:59:09.545,21.859475095427342,11.402453494326892,5.095715895726244,7.983082205138999,4.171088977682302,1.2549761532227421
2026-05-12 15:59:10.574,21.866770629255655,11.42849833757964,5.09579486966868,7.982924257254126,4.17029923825794,1.2552920489924873
2026-05-12 15:59:11.603,21.866770629255655,11.430076812928291,5.0959528175535524,7.983003231196562,4.170378212200376,1.25608178841685
2026-05-12 15:59:12.637,21.866770629255655,11.421395198510709,5.096110765438425,7.983556048793616,4.167772072099979,1.2573453714958305
2026-05-12 15:59:13.664,21.866770629255655,11.426919862230989,5.096900504862788,7.983635022736053,4.168482837581905,1.259793563711355
2026-05-12 15:59:14.692,21.859475095427342,11.434812238974246,5.097295374574969,7.982134517829763,4.167851046042415,1.2596356158264825
2026-05-12 15:59:15.722,21.866770629255655,11.423762911533686,5.096742556977915,7.982055543887327,4.168640785466778,1.2624786777541885
2026-05-12 15:59:16.749,21.866770629255655,11.42849833757964,5.098716905538822,7.982292465714636,4.171088977682302,1.263742260833169
2026-05-12 15:59:17.774,21.866770629255655,11.416659772464754,5.097611270344714,7.983003231196562,4.167851046042415,1.2644530263150955
2026-05-12 15:59:18.799,21.866770629255655,11.412713584093126,5.098874853423695,7.982055543887327,4.168482837581905,1.2654007136243308
2026-05-12 15:59:19.827,21.866770629255655,11.410345871070149,5.098322035826641,7.9824504135995085,4.168245915754596,1.2672171143003652
2026-05-12 15:59:20.856,21.866770629255655,11.407978158047172,5.098401009769077,7.983556048793616,4.168324889697033,1.2696653065158898
2026-05-12 15:59:21.882,21.859475095427342,11.443493853391828,5.098716905538822,7.982687335426817,4.16816694181216,1.2706919677675614
2026-05-12 15:59:22.912,21.859475095427342,11.401664256652566,5.099980488617803,7.982292465714636,4.16879873335165,1.2721924726738507
2026-05-12 15:59:23.960,21.866770629255655,11.426919862230989,5.099980488617803,7.982292465714636,4.170536160085248,1.2730611860406498
2026-05-12 15:59:24.987,21.866770629255655,11.430866050602617,5.099901514675366,7.98284528331169,4.16879873335165,1.274245795177194
2026-05-12 15:59:26.019,21.866770629255655,11.420605960836383,5.101323045639219,7.982766309369254,4.17093102979743,1.2761411697956646
2026-05-12 15:59:27.045,21.866770629255655,11.422184436185034,5.101165097754347,7.983556048793616,4.167851046042415,1.2781155183565716
2026-05-12 15:59:28.075,21.859475095427342,11.426130624556663,5.1010861238119105,7.983556048793616,4.168087967869724,1.2805637105720962
2026-05-12 15:59:29.104,21.866770629255655,11.419816723162057,5.101717915351401,7.9822134917722,4.169904368545758,1.2826170330754394
2026-05-12 15:59:30.129,21.866770629255655,11.419816723162057,5.102349706890891,7.9833191269663075,4.1685618115243415,1.2812744760540227
2026-05-12 15:59:31.162,21.866770629255655,11.415870534790429,5.1030604723728175,7.982924257254126,4.167377202387797,1.2826170330754394
2026-05-12 15:59:32.189,21.859475095427342,11.421395198510709,5.102191759006018,7.983398100908744,4.167772072099979,1.285933938657763
2026-05-12 15:59:33.216,21.874066163083967,11.399296543629589,5.102665602660636,7.981502726290273,4.168640785466778,1.2860129126001993
2026-05-12 15:59:34.246,21.866770629255655,11.425341386882337,5.103692263912308,7.983950918505798,4.1685618115243415,1.2881452090459788
2026-05-12 15:59:35.276,21.866770629255655,11.423762911533686,5.103771237854744,7.983082205138999,4.169114629121395,1.288777000585469
2026-05-12 15:59:36.303,21.866770629255655,11.40639968269852,5.104560977279107,7.983161179081435,4.167930019984851,1.2898036618371407
2026-05-12 15:59:37.331,21.866770629255655,11.4119243464188,5.104797899106416,7.983003231196562,4.168719759409214,1.2920149322253565
2026-05-12 15:59:38.358,21.866770629255655,11.436390714322897,5.104955846991288,7.983161179081435,4.167456176330234,1.2925677498224104
2026-05-12 15:59:39.388,21.866770629255655,11.419816723162057,5.105271742761033,7.983240153023871,4.168245915754596,1.2965164469442243
2026-05-12 15:59:40.419,21.859475095427342,11.422184436185034,5.105745586415651,7.983556048793616,4.166982332675616,1.2952528638652439
2026-05-12 15:59:41.444,21.866770629255655,11.421395198510709,5.105192768818597,7.983082205138999,4.167377202387797,1.297859003965641
2026-05-12 15:59:42.475,21.874066163083967,11.426919862230989,5.106219430070269,7.983792970620925,4.167851046042415,1.2997543785841117
2026-05-12 15:59:43.502,21.866770629255655,11.412713584093126,5.1059035343005235,7.9824504135995085,4.169351550948704,1.300149248296293
2026-05-12 15:59:44.530,21.866770629255655,11.443493853391828,5.1073250652643765,7.983240153023871,4.169272577006268,1.3014918053177098
2026-05-12 15:59:45.557,21.866770629255655,11.4395476650202,5.107798908918994,7.9810288826356555,4.167219254502925,1.3042558933029795
2026-05-12 15:59:46.584,21.866770629255655,11.412713584093126,5.107167117379504,7.983713996678489,4.168087967869724,1.3050456327273423
2026-05-12 15:59:47.610,21.866770629255655,11.437969189671549,5.107956856803867,7.98284528331169,4.168403863639469,1.3073358770579944
2026-05-12 15:59:48.638,21.866770629255655,11.42297367385936,5.1087465962282295,7.983003231196562,4.168087967869724,1.307493824942867
2026-05-12 15:59:49.670,21.866770629255655,11.41744901013908,5.108035830746303,7.983082205138999,4.167456176330234,1.3094681735037739
2026-05-12 15:59:50.700,21.866770629255655,11.41744901013908,5.108667622285793,7.983240153023871,4.169351550948704,1.3114425220646808
2026-05-12 15:59:51.729,21.866770629255655,11.42297367385936,5.109852231422337,7.982292465714636,4.168245915754596,1.3128640530285338
2026-05-12 15:59:52.767,21.866770629255655,11.416659772464754,5.109141465940411,7.982687335426817,4.169193603063832,1.3133378966831515
2026-05-12 15:59:53.796,21.866770629255655,11.411135108744475,5.109220439882847,7.981660674175146,4.167377202387797,1.3145225058196957
2026-05-12 15:59:54.827,21.866770629255655,11.426130624556663,5.111115814501318,7.9822134917722,4.168877707294087,1.3165758283230389
2026-05-12 15:59:55.854,21.859475095427342,11.438758427345874,5.1101681271920825,7.9838719445633615,4.167693098157542,1.3179183853444556
2026-05-12 15:59:56.884,21.859475095427342,11.409556633395823,5.110484022961828,7.984582710045288,4.1694305248911405,1.3187081247688184
2026-05-12 15:59:57.910,21.866770629255655,11.437179951997223,5.110484022961828,7.982292465714636,4.168403863639469,1.3223409261208872
2026-05-12 15:59:58.933,21.859475095427342,11.438758427345874,5.111747606040808,7.982055543887327,4.16879873335165,1.3222619521784509
2026-05-12 15:59:59.961,21.859475095427342,11.414292059441777,5.112063501810553,7.982134517829763,4.168087967869724,1.3235255352574313
2026-05-12 16:00:00.992,21.866770629255655,11.412713584093126,5.111510684213499,7.9838719445633615,4.168482837581905,1.324868092278848
2026-05-12 16:00:02.019,21.866770629255655,11.40639968269852,5.1124583715227345,7.98347707485118,4.16816694181216,1.3261316753578285
2026-05-12 16:00:03.048,21.866770629255655,11.438758427345874,5.113564006716842,7.983556048793616,4.167693098157542,1.3273162844943727
2026-05-12 16:00:04.077,21.859475095427342,11.401664256652566,5.113485032774406,7.982292465714636,4.169351550948704,1.3301593464220787
2026-05-12 16:00:05.120,21.859475095427342,11.404031969675543,5.113327084889534,7.983082205138999,4.170141290373067,1.3303172943069512
2026-05-12 16:00:06.152,21.866770629255655,11.412713584093126,5.113169137004661,7.983003231196562,4.16753515027267,1.3326865125800396
2026-05-12 16:00:07.179,21.866770629255655,11.435601476648571,5.114353746141205,7.983792970620925,4.1694305248911405,1.3326075386376033
2026-05-12 16:00:08.209,21.866770629255655,11.42849833757964,5.114590667968514,7.982055543887327,4.16753515027267,1.3352926526804367
2026-05-12 16:00:09.239,21.866770629255655,11.420605960836383,5.1144327200836415,7.982924257254126,4.169035655178959,1.3356085484501818
2026-05-12 16:00:10.268,21.866770629255655,11.42297367385936,5.1158542510474945,7.983082205138999,4.167298228445361,1.3382936624930153
2026-05-12 16:00:11.295,21.866770629255655,11.418238247813406,5.115933224989931,7.982134517829763,4.168087967869724,1.3400310892266134
2026-05-12 16:00:12.322,21.866770629255655,11.41744901013908,5.115459381335313,7.983792970620925,4.16753515027267,1.340504932881231
2026-05-12 16:00:13.351,21.866770629255655,11.40087501897824,5.116091172874803,7.984029892448234,4.169351550948704,1.3422423596148292
2026-05-12 16:00:14.377,21.866770629255655,11.415081297116103,5.116565016529421,7.98284528331169,4.16816694181216,1.3435059426938096
2026-05-12 16:00:15.402,21.866770629255655,11.418238247813406,5.117117834126475,7.982292465714636,4.166982332675616,1.3460331088517705
2026-05-12 16:00:16.428,21.859475095427342,11.419027485487732,5.117196808068911,7.9833191269663075,4.16816694181216,1.3477705355853686
2026-05-12 16:00:17.455,21.866770629255655,11.404031969675543,5.117828599608401,7.983398100908744,4.169351550948704,1.3475336137580598
2026-05-12 16:00:18.482,21.859475095427342,11.410345871070149,5.118302443263019,7.983556048793616,4.166824384790743,1.3484023271248589
2026-05-12 16:00:19.510,21.866770629255655,11.410345871070149,5.117907573550838,7.982687335426817,4.168482837581905,1.3502187278008932
2026-05-12 16:00:20.535,21.866770629255655,11.419816723162057,5.1186973129752005,7.983003231196562,4.167693098157542,1.3521930763618002
2026-05-12 16:00:21.565,21.866770629255655,11.42849833757964,5.119092182687382,7.98347707485118,4.168087967869724,1.352982815786163
2026-05-12 16:00:22.592,21.866770629255655,11.426130624556663,5.119171156629818,7.982687335426817,4.168245915754596,1.3562207474260504
2026-05-12 16:00:23.620,21.859475095427342,11.410345871070149,5.119329104514691,7.982924257254126,4.168482837581905,1.356141773483614
2026-05-12 16:00:24.650,21.866770629255655,11.4119243464188,5.120039869996617,7.9822134917722,4.168324889697033,1.3579581741596485
2026-05-12 16:00:25.678,21.866770629255655,11.405610445024195,5.119881922111745,7.983240153023871,4.167298228445361,1.3581950959869573
2026-05-12 16:00:26.707,21.859475095427342,11.430866050602617,5.120750635478544,7.983161179081435,4.167377202387797,1.3608802100297908
2026-05-12 16:00:27.751,21.859475095427342,11.415870534790429,5.1209875573058525,7.983950918505798,4.1680089939272875,1.361512001569281
2026-05-12 16:00:28.778,21.866770629255655,11.41744901013908,5.12082960942098,7.983082205138999,4.1699833424881945,1.363249428302879
2026-05-12 16:00:29.802,21.866770629255655,11.4119243464188,5.121856270672652,7.983398100908744,4.167930019984851,1.3642760895545507
2026-05-12 16:00:30.830,21.866770629255655,11.411135108744475,5.122172166442397,7.983003231196562,4.167298228445361,1.3675929951368744
2026-05-12 16:00:31.855,21.866770629255655,11.413502821767452,5.122488062212142,7.981660674175146,4.1671402805604885,1.368935552158291
2026-05-12 16:00:32.882,21.859475095427342,11.435601476648571,5.121935244615088,7.981660674175146,4.168087967869724,1.3691724739856
2026-05-12 16:00:33.907,21.859475095427342,11.401664256652566,5.123198827694068,7.984029892448234,4.167930019984851,1.3709888746616343
2026-05-12 16:00:34.933,21.859475095427342,11.434812238974246,5.12359369740625,7.98284528331169,4.167930019984851,1.3713837443738157
2026-05-12 16:00:35.965,21.866770629255655,11.435601476648571,5.123198827694068,7.983635022736053,4.1680089939272875,1.3740688584166492
2026-05-12 16:00:36.992,21.866770629255655,11.407978158047172,5.123988567118431,7.9824504135995085,4.1694305248911405,1.3759642330351198
2026-05-12 16:00:38.023,21.866770629255655,11.436390714322897,5.123751645291122,7.983556048793616,4.167614124215106,1.377148842171664
2026-05-12 16:00:39.049,21.866770629255655,11.432444525951269,5.124620358657921,7.9818975960024545,4.168245915754596,1.3777806337111542
2026-05-12 16:00:40.076,21.874066163083967,11.409556633395823,5.124462410773049,7.982134517829763,4.166982332675616,1.379439086502316
2026-05-12 16:00:41.107,21.866770629255655,11.399296543629589,5.125094202312539,7.982924257254126,4.167930019984851,1.381413435063223
2026-05-12 16:00:42.179,21.859475095427342,11.423762911533686,5.125647019909593,7.983635022736053,4.166666436905871,1.3812554871783504
2026-05-12 16:00:43.208,21.866770629255655,11.415081297116103,5.125331124139848,7.983082205138999,4.168245915754596,1.3837826533363113
2026-05-12 16:00:44.237,21.859475095427342,11.419816723162057,5.126594707218828,7.9822134917722,4.167772072099979,1.384256496990929
2026-05-12 16:00:45.269,21.866770629255655,11.413502821767452,5.126436759333956,7.983950918505798,4.167930019984851,1.3875734025732527
2026-05-12 16:00:46.297,21.866770629255655,11.422184436185034,5.125568045967157,7.983082205138999,4.167298228445361,1.387652376515689
2026-05-12 16:00:47.325,21.859475095427342,11.407978158047172,5.126831629046137,7.98284528331169,4.169588472776013,1.3897056990190322
2026-05-12 16:00:48.350,21.859475095427342,11.418238247813406,5.1276213684705,7.9824504135995085,4.168087967869724,1.391916969407248
2026-05-12 16:00:49.380,21.866770629255655,11.412713584093126,5.127779316355372,7.9838719445633615,4.167219254502925,1.392469787004302
2026-05-12 16:00:50.408,21.866770629255655,11.408767395721497,5.127147524815882,7.9824504135995085,4.167851046042415,1.3949179792198265
2026-05-12 16:00:51.437,21.859475095427342,11.44507232874048,5.126594707218828,7.98284528331169,4.1680089939272875,1.3952338749895716
2026-05-12 16:00:52.463,21.866770629255655,11.410345871070149,5.128016238182681,7.983003231196562,4.166982332675616,1.3972871974929149
2026-05-12 16:00:53.493,21.866770629255655,11.435601476648571,5.128490081837299,7.982055543887327,4.167377202387797,1.3988666763416404
2026-05-12 16:00:54.522,21.859475095427342,11.413502821767452,5.128727003664608,7.982371439657072,4.166824384790743,1.3989456502840767
2026-05-12 16:00:55.551,21.859475095427342,11.424552149208012,5.127779316355372,7.983082205138999,4.168640785466778,1.4011569206722925
2026-05-12 16:00:56.586,21.866770629255655,11.408767395721497,5.128411107894863,7.981739648117582,4.1680089939272875,1.4026574255785818
2026-05-12 16:00:57.613,21.859475095427342,11.407978158047172,5.129121873376789,7.982371439657072,4.170220264315503,1.4037630607726896
2026-05-12 16:00:58.641,21.866770629255655,11.413502821767452,5.129279821261662,7.984029892448234,4.168245915754596,1.4065271487579594
2026-05-12 16:00:59.672,21.859475095427342,11.416659772464754,5.128805977607044,7.983082205138999,4.168245915754596,1.4065271487579594
2026-05-12 16:01:00.702,21.859475095427342,11.413502821767452,5.128805977607044,7.982766309369254,4.167298228445361,1.4092122628007928
2026-05-12 16:01:01.730,21.866770629255655,11.403242732001218,5.129990586743588,7.9824504135995085,4.16753515027267,1.410396871937337
2026-05-12 16:01:02.754,21.866770629255655,11.420605960836383,5.129121873376789,7.9822134917722,4.167772072099979,1.4128450641528616
2026-05-12 16:01:03.784,21.866770629255655,11.436390714322897,5.130464430398206,7.983635022736053,4.167930019984851,1.412134298670935
2026-05-12 16:01:04.816,21.859475095427342,11.400085781303915,5.1309382740528235,7.9833191269663075,4.168482837581905,1.4145035169440234
2026-05-12 16:01:05.843,21.859475095427342,11.411135108744475,5.130622378283078,7.983082205138999,4.169509498833577,1.4154512042532588
2026-05-12 16:01:06.869,21.866770629255655,11.421395198510709,5.130701352225515,7.983082205138999,4.167614124215106,1.4177414485839108
2026-05-12 16:01:07.926,21.859475095427342,11.415081297116103,5.131333143765005,7.983003231196562,4.1694305248911405,1.4182942661809648
2026-05-12 16:01:08.954,21.859475095427342,11.432444525951269,5.132517752901549,7.9833191269663075,4.16816694181216,1.419794771087254
2026-05-12 16:01:09.981,21.866770629255655,11.413502821767452,5.131964935304495,7.982687335426817,4.167061306618052,1.4231116766695777
2026-05-12 16:01:11.010,21.859475095427342,11.421395198510709,5.131885961362059,7.983556048793616,4.1680089939272875,1.4233485984968866
2026-05-12 16:01:12.037,21.859475095427342,11.407978158047172,5.132201857131804,7.983713996678489,4.167298228445361,1.4232696245544503
2026-05-12 16:01:13.063,21.859475095427342,11.414292059441777,5.132517752901549,7.983950918505798,4.168087967869724,1.4255598688851023
2026-05-12 16:01:14.105,21.859475095427342,11.423762911533686,5.1337813359805295,7.982134517829763,4.167930019984851,1.4263496083094651
2026-05-12 16:01:15.130,21.866770629255655,11.423762911533686,5.133386466268348,7.982134517829763,4.167614124215106,1.4295085660069162
2026-05-12 16:01:16.161,21.859475095427342,11.433233763625594,5.133228518383476,7.983082205138999,4.168087967869724,1.4292716441796074
2026-05-12 16:01:17.192,21.859475095427342,11.419027485487732,5.1329126226137305,7.982529387541945,4.168403863639469,1.4313249666829506
2026-05-12 16:01:18.220,21.866770629255655,11.424552149208012,5.134018257807838,7.98347707485118,4.166745410848307,1.4326675237043673
2026-05-12 16:01:19.250,21.866770629255655,11.436390714322897,5.1343341535775835,7.982055543887327,4.167377202387797,1.4363003250564361
2026-05-12 16:01:20.297,21.866770629255655,11.424552149208012,5.1343341535775835,7.982292465714636,4.167693098157542,1.435115715919892
2026-05-12 16:01:21.325,21.866770629255655,11.42849833757964,5.13504491905951,7.98410886639067,4.167456176330234,1.437090064480799
2026-05-12 16:01:22.353,21.866770629255655,11.434812238974246,5.133860309922966,7.981818622060018,4.170457186142812,1.4384326215022156
2026-05-12 16:01:23.382,21.859475095427342,11.429287575253966,5.135518762714128,7.981818622060018,4.167298228445361,1.4397751785236323
2026-05-12 16:01:24.412,21.859475095427342,11.419027485487732,5.13504491905951,7.983003231196562,4.167456176330234,1.4424602925664658
2026-05-12 16:01:25.451,21.866770629255655,11.420605960836383,5.135360814829255,7.983713996678489,4.167377202387797,1.4448295108395541
2026-05-12 16:01:26.482,21.859475095427342,11.432444525951269,5.136150554253618,7.983398100908744,4.1680089939272875,1.4458561720912257
2026-05-12 16:01:27.511,21.859475095427342,11.415870534790429,5.135439788771691,7.982529387541945,4.168324889697033,1.4457771981487895
2026-05-12 16:01:28.539,21.859475095427342,11.419816723162057,5.135597736656564,7.982766309369254,4.169667446718449,1.4466459115155885
2026-05-12 16:01:29.564,21.859475095427342,11.4119243464188,5.136703371850672,7.983082205138999,4.166982332675616,1.4481464164218778
2026-05-12 16:01:30.594,21.859475095427342,11.418238247813406,5.136861319735544,7.9824504135995085,4.167930019984851,1.4499628170979122
2026-05-12 16:01:31.619,21.866770629255655,11.419816723162057,5.137019267620417,7.9824504135995085,4.168719759409214,1.451305374119329
2026-05-12 16:01:32.648,21.859475095427342,11.413502821767452,5.13630850213849,7.983398100908744,4.169904368545758,1.4534376705651084
2026-05-12 16:01:33.675,21.859475095427342,11.432444525951269,5.1366243979082356,7.983556048793616,4.168640785466778,1.4542274099894712
2026-05-12 16:01:34.706,21.866770629255655,11.421395198510709,5.136782345793108,7.9822134917722,4.16879873335165,1.4560438106655056
2026-05-12 16:01:35.732,21.859475095427342,11.409556633395823,5.137730033102343,7.982292465714636,4.167061306618052,1.4571494458596135
2026-05-12 16:01:36.763,21.866770629255655,11.415081297116103,5.137966954929652,7.982924257254126,4.167772072099979,1.4597555859600106
2026-05-12 16:01:37.794,21.859475095427342,11.41744901013908,5.13844079858427,7.98284528331169,4.167061306618052,1.4603084035570646
2026-05-12 16:01:38.822,21.859475095427342,11.411135108744475,5.138677720411579,7.982292465714636,4.16753515027267,1.4609401950965548
2026-05-12 16:01:39.853,21.859475095427342,11.41744901013908,5.138993616181324,7.982924257254126,4.17029923825794,1.4637832570242608
2026-05-12 16:01:40.881,21.859475095427342,11.431655288276943,5.1385987464691425,7.983161179081435,4.167614124215106,1.464099152794006
2026-05-12 16:01:41.912,21.866770629255655,11.405610445024195,5.139546433778378,7.982687335426817,4.168087967869724,1.4671791365490208
2026-05-12 16:01:42.955,21.859475095427342,11.424552149208012,5.139388485893505,7.983950918505798,4.167693098157542,1.4671791365490208
2026-05-12 16:01:44.043,21.866770629255655,11.419027485487732,5.1405730950300494,7.983398100908744,4.167456176330234,1.4680478499158198
2026-05-12 16:01:45.108,21.866770629255655,11.425341386882337,5.140652068972486,7.98284528331169,4.16690335873318,1.4714437294405798
2026-05-12 16:01:46.139,21.866770629255655,11.421395198510709,5.139862329548123,7.9838719445633615,4.166666436905871,1.471206807613271
2026-05-12 16:01:47.173,21.859475095427342,11.404031969675543,5.1400202774329955,7.983950918505798,4.166824384790743,1.472944234346869
2026-05-12 16:01:48.203,21.866770629255655,11.430076812928291,5.140494121087613,7.982292465714636,4.16690335873318,1.4746026871380309
2026-05-12 16:01:49.232,21.866770629255655,11.425341386882337,5.141362834454412,7.983556048793616,4.166824384790743,1.4761821659867564
2026-05-12 16:01:50.263,21.866770629255655,11.4119243464188,5.140257199260304,7.9824504135995085,4.1680089939272875,1.4776036969506094
2026-05-12 16:01:51.289,21.859475095427342,11.433233763625594,5.141283860511976,7.98347707485118,4.167219254502925,1.479183175799335
2026-05-12 16:01:52.317,21.859475095427342,11.42849833757964,5.141283860511976,7.982687335426817,4.166982332675616,1.4803677849358792
2026-05-12 16:01:53.350,21.859475095427342,11.422184436185034,5.141125912627103,7.982608361484381,4.16816694181216,1.4832108468635852
2026-05-12 16:01:54.377,21.866770629255655,11.432444525951269,5.142626417533393,7.9833191269663075,4.168482837581905,1.483131872921149
2026-05-12 16:01:55.406,21.859475095427342,11.415081297116103,5.141915652051466,7.981818622060018,4.167298228445361,1.4853431433093647
2026-05-12 16:01:56.435,21.859475095427342,11.416659772464754,5.142784365418265,7.9838719445633615,4.169351550948704,1.4872385179278353
2026-05-12 16:01:57.478,21.859475095427342,11.427709099905314,5.142705391475829,7.983161179081435,4.167219254502925,1.4881072312946344
2026-05-12 16:01:58.507,21.859475095427342,11.415870534790429,5.142626417533393,7.983082205138999,4.16753515027267,1.4918979805315757
2026-05-12 16:01:59.534,21.866770629255655,11.427709099905314,5.143337183015319,7.983398100908744,4.167693098157542,1.4918979805315757
2026-05-12 16:02:00.563,21.859475095427342,11.4119243464188,5.1434161569577554,7.983556048793616,4.16816694181216,1.491976954474012
2026-05-12 16:02:01.590,21.859475095427342,11.404821207349869,5.144205896382118,7.982687335426817,4.166982332675616,1.4945830945744092
2026-05-12 16:02:02.617,21.859475095427342,11.40639968269852,5.143574104842628,7.984029892448234,4.168324889697033,1.4946620685168455
2026-05-12 16:02:03.646,21.859475095427342,11.404031969675543,5.144047948497246,7.983240153023871,4.16690335873318,1.4980579480416054
2026-05-12 16:02:04.676,21.859475095427342,11.441915378043177,5.144916661864045,7.983082205138999,4.168245915754596,1.4983738438113505
2026-05-12 16:02:05.708,21.859475095427342,11.427709099905314,5.144363844266991,7.981976569944891,4.167851046042415,1.5003481923722575
2026-05-12 16:02:06.738,21.859475095427342,11.4119243464188,5.1448376879216084,7.98347707485118,4.167693098157542,1.501058957854184
2026-05-12 16:02:07.766,21.859475095427342,11.415081297116103,5.145153583691354,7.984266814275543,4.167614124215106,1.5027174106453458
2026-05-12 16:02:08.794,21.859475095427342,11.432444525951269,5.144442818209427,7.98347707485118,4.169351550948704,1.5034281761272723
2026-05-12 16:02:09.820,21.859475095427342,11.404821207349869,5.144679740036736,7.982766309369254,4.168324889697033,1.5063502119974146
2026-05-12 16:02:10.848,21.859475095427342,11.404821207349869,5.14649614071277,7.981502726290273,4.167930019984851,1.5074558471915225
2026-05-12 16:02:11.876,21.85217956159903,11.422184436185034,5.145785375230844,7.98347707485118,4.167298228445361,1.5086404563280666
2026-05-12 16:02:12.903,21.859475095427342,11.421395198510709,5.146180244943025,7.983240153023871,4.167614124215106,1.5093512218099931
2026-05-12 16:02:13.930,21.859475095427342,11.436390714322897,5.146417166770334,7.981976569944891,4.167614124215106,1.5126681273923168
2026-05-12 16:02:14.957,21.85217956159903,11.418238247813406,5.146733062540079,7.9838719445633615,4.167377202387797,1.511878387967954
2026-05-12 16:02:15.985,21.85217956159903,11.405610445024195,5.146022297058153,7.984029892448234,4.169588472776013,1.5151952935502777
2026-05-12 16:02:17.013,21.859475095427342,11.430076812928291,5.147601775906878,7.983635022736053,4.169114629121395,1.5149583717229689
2026-05-12 16:02:18.039,21.866770629255655,11.437969189671549,5.147443828022006,7.98347707485118,4.169272577006268,1.5185911730750377
2026-05-12 16:02:19.065,21.85217956159903,11.407978158047172,5.147206906194697,7.9824504135995085,4.16690335873318,1.5197757822115818
2026-05-12 16:02:20.126,21.859475095427342,11.416659772464754,5.146891010424952,7.983082205138999,4.167219254502925,1.5201706519237632
2026-05-12 16:02:21.151,21.859475095427342,11.415081297116103,5.147285880137133,7.982529387541945,4.168245915754596,1.5224608962544153
2026-05-12 16:02:22.178,21.859475095427342,11.424552149208012,5.148391515331241,7.983950918505798,4.167772072099979,1.5224608962544153
2026-05-12 16:02:23.207,21.859475095427342,11.407188920372846,5.1491022808131675,7.984029892448234,4.168482837581905,1.5236455053909594
2026-05-12 16:02:24.235,21.85217956159903,11.418238247813406,5.149181254755604,7.980870934750783,4.16690335873318,1.5256198539518664
2026-05-12 16:02:25.262,21.859475095427342,11.4119243464188,5.148470489273677,7.983161179081435,4.168482837581905,1.5267254891459743
2026-05-12 16:02:26.287,21.859475095427342,11.420605960836383,5.14862843715855,7.9838719445633615,4.167772072099979,1.527752150397646
2026-05-12 16:02:27.313,21.859475095427342,11.413502821767452,5.149181254755604,7.983950918505798,4.1680089939272875,1.5295685510736803
2026-05-12 16:02:28.342,21.859475095427342,11.42849833757964,5.149813046295094,7.983003231196562,4.167456176330234,1.5308321341526607
2026-05-12 16:02:29.368,21.859475095427342,11.415870534790429,5.149576124467785,7.983003231196562,4.166824384790743,1.532885456656004
2026-05-12 16:02:30.399,21.859475095427342,11.40639968269852,5.149418176582913,7.981502726290273,4.16753515027267,1.533754170022803
2026-05-12 16:02:31.457,21.866770629255655,11.437969189671549,5.149734072352658,7.983635022736053,4.166745410848307,1.5372290234899992
2026-05-12 16:02:32.481,21.859475095427342,11.405610445024195,5.1513925251438195,7.9818975960024545,4.1665874629634345,1.537465945317308
2026-05-12 16:02:33.510,21.859475095427342,11.426130624556663,5.150602785719457,7.983161179081435,4.16690335873318,1.5407828508996317
2026-05-12 16:02:34.537,21.859475095427342,11.393771879909309,5.151234577258947,7.983082205138999,4.168956681236523,1.5399141375328327
2026-05-12 16:02:35.563,21.859475095427342,11.437969189671549,5.151629446971128,7.983240153023871,4.169351550948704,1.5407038769571955
2026-05-12 16:02:36.590,21.859475095427342,11.398507305955263,5.1513925251438195,7.983556048793616,4.166824384790743,1.54315206917272
2026-05-12 16:02:37.661,21.859475095427342,11.414292059441777,5.151629446971128,7.982687335426817,4.169035655178959,1.5440997564819554
2026-05-12 16:02:38.689,21.859475095427342,11.437969189671549,5.151471499086256,7.983003231196562,4.1671402805604885,1.546232052927735
2026-05-12 16:02:39.717,21.859475095427342,11.418238247813406,5.152419186395491,7.982529387541945,4.167772072099979,1.5475746099491516
2026-05-12 16:02:40.745,21.859475095427342,11.402453494326892,5.152261238510619,7.9833191269663075,4.1665874629634345,1.548838193028132
2026-05-12 16:02:41.772,21.859475095427342,11.419027485487732,5.152182264568182,7.984029892448234,4.169904368545758,1.5503386979344214
2026-05-12 16:02:42.803,21.859475095427342,11.426919862230989,5.153445847647163,7.982687335426817,4.167930019984851,1.5521550986104558
2026-05-12 16:02:43.834,21.859475095427342,11.430076812928291,5.15391969130178,7.982687335426817,4.170062316430631,1.5549981605381618
2026-05-12 16:02:44.862,21.859475095427342,11.399296543629589,5.153524821589599,7.98347707485118,4.1694305248911405,1.5535766295743088
2026-05-12 16:02:45.889,21.859475095427342,11.403242732001218,5.154393534956398,7.982371439657072,4.168640785466778,1.556498665444451
2026-05-12 16:02:46.917,21.859475095427342,11.408767395721497,5.154630456783707,7.983792970620925,4.167614124215106,1.5583940400629217
2026-05-12 16:02:47.944,21.866770629255655,11.41744901013908,5.154630456783707,7.983556048793616,4.166666436905871,1.5585519879477943
2026-05-12 16:02:48.990,21.859475095427342,11.420605960836383,5.154946352553452,7.983003231196562,4.166824384790743,1.5619478674725542
2026-05-12 16:02:50.018,21.859475095427342,11.40087501897824,5.153998665244217,7.982924257254126,4.1685618115243415,1.561868893530118
2026-05-12 16:02:51.047,21.866770629255655,11.423762911533686,5.155578144092942,7.983082205138999,4.1680089939272875,1.5629745287242258
2026-05-12 16:02:52.077,21.859475095427342,11.407188920372846,5.1542355870715255,7.9838719445633615,4.16690335873318,1.56415913786077
2026-05-12 16:02:53.102,21.859475095427342,11.421395198510709,5.15542019620807,7.9824504135995085,4.166824384790743,1.566133486421677
2026-05-12 16:02:54.128,21.859475095427342,11.414292059441777,5.155183274380761,7.9833191269663075,4.167456176330234,1.5671601476733485
2026-05-12 16:02:55.174,21.859475095427342,11.416659772464754,5.155736091977815,7.982687335426817,4.167061306618052,1.5699242356586183
2026-05-12 16:02:56.200,21.859475095427342,11.391404166886332,5.155894039862687,7.984187840333107,4.1665874629634345,1.5700821835434908
2026-05-12 16:02:57.230,21.859475095427342,11.419816723162057,5.155815065920251,7.982766309369254,4.167614124215106,1.572688323643888
2026-05-12 16:02:58.258,21.859475095427342,11.409556633395823,5.156525831402178,7.983082205138999,4.167377202387797,1.573241141240942
2026-05-12 16:02:59.286,21.859475095427342,11.410345871070149,5.156841727171923,7.983635022736053,4.166824384790743,1.574109854607741
2026-05-12 16:03:00.324,21.859475095427342,11.436390714322897,5.156920701114359,7.983950918505798,4.17029923825794,1.5756893334564666
2026-05-12 16:03:01.352,21.866770629255655,11.408767395721497,5.157394544768977,7.982924257254126,4.169272577006268,1.5782954735568637
2026-05-12 16:03:02.380,21.859475095427342,11.404821207349869,5.156999675056795,7.982687335426817,4.16753515027267,1.5783744474993
2026-05-12 16:03:03.410,21.866770629255655,11.409556633395823,5.156920701114359,7.982608361484381,4.1680089939272875,1.5811385354845697
2026-05-12 16:03:04.436,21.866770629255655,11.420605960836383,5.1576314665962855,7.981818622060018,4.169588472776013,1.582323144621114
2026-05-12 16:03:05.462,21.866770629255655,11.41744901013908,5.1576314665962855,7.984266814275543,4.168482837581905,1.5827180143332953
2026-05-12 16:03:06.502,21.866770629255655,11.398507305955263,5.158184284193339,7.9833191269663075,4.167219254502925,1.5839026234698395
2026-05-12 16:03:07.529,21.866770629255655,11.415081297116103,5.1585001799630845,7.983161179081435,4.166824384790743,1.5864297896278003
2026-05-12 16:03:08.560,21.859475095427342,11.409556633395823,5.158737101790393,7.98347707485118,4.169509498833577,1.5879302945340896
2026-05-12 16:03:09.586,21.866770629255655,11.415870534790429,5.158342232078212,7.98284528331169,4.169746420660886,1.5889569557857612
2026-05-12 16:03:10.613,21.866770629255655,11.418238247813406,5.159131971502575,7.982292465714636,4.167930019984851,1.5915630958861584
2026-05-12 16:03:11.641,21.866770629255655,11.408767395721497,5.15881607573283,7.982924257254126,4.167930019984851,1.5921159134832124
2026-05-12 16:03:12.669,21.859475095427342,11.429287575253966,5.1599217109269375,7.982371439657072,4.167693098157542,1.5946430796411732
2026-05-12 16:03:13.696,21.866770629255655,11.426130624556663,5.1599217109269375,7.983556048793616,4.168245915754596,1.5966964021445165
2026-05-12 16:03:14.724,21.866770629255655,11.41744901013908,5.1599217109269375,7.982687335426817,4.16816694181216,1.5963805063747714
2026-05-12 16:03:15.754,21.866770629255655,11.419027485487732,5.160790424293737,7.982766309369254,4.167377202387797,1.5978020373386244
2026-05-12 16:03:16.782,21.859475095427342,11.422184436185034,5.161185294005918,7.983556048793616,4.16816694181216,1.6000133077268401
2026-05-12 16:03:17.826,21.859475095427342,11.419816723162057,5.160948372178609,7.982924257254126,4.168087967869724,1.6004081774390215
2026-05-12 16:03:18.853,21.859475095427342,11.411135108744475,5.160553502466428,7.9824504135995085,4.1680089939272875,1.6047517442730168
2026-05-12 16:03:19.880,21.859475095427342,11.414292059441777,5.161422215833227,7.982529387541945,4.167614124215106,1.6037250830213452
2026-05-12 16:03:20.906,21.859475095427342,11.437179951997223,5.161659137660536,7.983161179081435,4.169588472776013,1.6061732752368698
2026-05-12 16:03:21.936,21.859475095427342,11.416659772464754,5.16221195525759,7.982687335426817,4.168245915754596,1.6090163371645758
2026-05-12 16:03:22.965,21.866770629255655,11.410345871070149,5.162369903142462,7.982529387541945,4.168482837581905,1.6080686498553405
2026-05-12 16:03:23.989,21.866770629255655,11.43402300129992,5.163001694681952,7.982055543887327,4.168403863639469,1.6100429984162474
2026-05-12 16:03:25.016,21.866770629255655,11.437969189671549,5.163712460163879,7.983713996678489,4.16690335873318,1.6117804251498455
2026-05-12 16:03:26.042,21.859475095427342,11.407978158047172,5.162369903142462,7.982687335426817,4.1680089939272875,1.6140706694804976
2026-05-12 16:03:27.068,21.859475095427342,11.420605960836383,5.162448877084898,7.983398100908744,4.167377202387797,1.6134388779410074
2026-05-12 16:03:28.095,21.859475095427342,11.421395198510709,5.1641863038184965,7.982687335426817,4.168087967869724,1.6151763046746055
2026-05-12 16:03:29.136,21.859475095427342,11.42297367385936,5.163791434106315,7.982529387541945,4.169272577006268,1.6170716792930762
2026-05-12 16:03:30.164,21.859475095427342,11.43402300129992,5.164265277760933,7.982371439657072,4.167219254502925,1.6186511581418017
2026-05-12 16:03:31.191,21.859475095427342,11.4395476650202,5.163949381991188,7.981739648117582,4.16690335873318,1.6203096109329636
2026-05-12 16:03:32.221,21.866770629255655,11.419027485487732,5.1641863038184965,7.982608361484381,4.167061306618052,1.6210993503573263
2026-05-12 16:03:33.248,21.866770629255655,11.433233763625594,5.165449886897477,7.983161179081435,4.168087967869724,1.6223629334363068
2026-05-12 16:03:34.276,21.859475095427342,11.42297367385936,5.163949381991188,7.98347707485118,4.168324889697033,1.6244952298820863
2026-05-12 16:03:35.337,21.866770629255655,11.451386230135085,5.165291939012604,7.983792970620925,4.16816694181216,1.6256008650761942
2026-05-12 16:03:36.364,21.866770629255655,11.430076812928291,5.164660147473114,7.98347707485118,4.16690335873318,1.627259317867356
2026-05-12 16:03:37.392,21.866770629255655,11.426919862230989,5.165844756609658,7.98284528331169,4.16816694181216,1.6293126403706992
2026-05-12 16:03:38.420,21.866770629255655,11.433233763625594,5.164976043242859,7.983240153023871,4.16816694181216,1.6296285361404443
2026-05-12 16:03:39.448,21.859475095427342,11.430076812928291,5.165370912955041,7.983713996678489,4.166745410848307,1.6312869889316062
2026-05-12 16:03:40.478,21.859475095427342,11.419816723162057,5.1656078347823495,7.983240153023871,4.167930019984851,1.633814155089567
2026-05-12 16:03:41.523,21.859475095427342,11.433233763625594,5.166555522091585,7.98284528331169,4.166824384790743,1.63523568605342
2026-05-12 16:03:42.549,21.859475095427342,11.404821207349869,5.166476548149149,7.983003231196562,4.167614124215106,1.6360254254777828
2026-05-12 16:03:43.579,21.866770629255655,11.4395476650202,5.166081678436967,7.9833191269663075,4.167219254502925,1.6367361909597093
2026-05-12 16:03:44.607,21.866770629255655,11.408767395721497,5.16813500094031,7.982687335426817,4.167614124215106,1.6387105395206163
2026-05-12 16:03:45.635,21.859475095427342,11.413502821767452,5.168056026997874,7.982924257254126,4.168403863639469,1.6412377056785772
2026-05-12 16:03:46.660,21.859475095427342,11.423762911533686,5.167187313631075,7.982292465714636,4.169746420660886,1.6417905232756311
2026-05-12 16:03:47.687,21.866770629255655,11.409556633395823,5.1670293657462025,7.983556048793616,4.16753515027267,1.6432120542394841
2026-05-12 16:03:48.719,21.866770629255655,11.437969189671549,5.168056026997874,7.9818975960024545,4.1680089939272875,1.6443966633760283
2026-05-12 16:03:49.747,21.859475095427342,11.430866050602617,5.167740131228129,7.982055543887327,4.1694305248911405,1.6458971682823176
2026-05-12 16:03:50.774,21.866770629255655,11.419816723162057,5.168529870652492,7.982924257254126,4.167930019984851,1.6477925429007882
2026-05-12 16:03:51.800,21.859475095427342,11.421395198510709,5.167898079113002,7.981581700232709,4.167693098157542,1.6485033083827147
2026-05-12 16:03:52.825,21.866770629255655,11.440336902694526,5.169556531904163,7.983713996678489,4.168324889697033,1.6510304745406756
2026-05-12 16:03:53.853,21.866770629255655,11.416659772464754,5.169082688249546,7.983003231196562,4.168087967869724,1.6526889273318375
2026-05-12 16:03:54.881,21.859475095427342,11.433233763625594,5.170346271328526,7.9818975960024545,4.167377202387797,1.6545843019503081
2026-05-12 16:03:55.908,21.859475095427342,11.413502821767452,5.169714479789036,7.98284528331169,4.169351550948704,1.6545843019503081
2026-05-12 16:03:56.958,21.866770629255655,11.422184436185034,5.170346271328526,7.983635022736053,4.168087967869724,1.656558650511215
2026-05-12 16:03:57.985,21.866770629255655,11.425341386882337,5.1698724276739085,7.9822134917722,4.169667446718449,1.6575063378204504
2026-05-12 16:03:59.013,21.859475095427342,11.419816723162057,5.169951401616345,7.984187840333107,4.16816694181216,1.6592437645540485
2026-05-12 16:04:00.041,21.859475095427342,11.444283091066154,5.1698724276739085,7.984503736102852,4.167219254502925,1.660507347633029
2026-05-12 16:04:01.072,21.859475095427342,11.41744901013908,5.170109349501217,7.9824504135995085,4.167693098157542,1.6630345137909899
2026-05-12 16:04:02.099,21.866770629255655,11.420605960836383,5.170346271328526,7.983161179081435,4.16816694181216,1.6645350186972792
2026-05-12 16:04:03.125,21.859475095427342,11.415870534790429,5.170346271328526,7.983713996678489,4.169193603063832,1.663903227157789
2026-05-12 16:04:04.159,21.866770629255655,11.413502821767452,5.171057036810453,7.982766309369254,4.168087967869724,1.6663514193733135
2026-05-12 16:04:05.186,21.859475095427342,11.420605960836383,5.172004724119688,7.98284528331169,4.166745410848307,1.6669832109128038
2026-05-12 16:04:06.217,21.866770629255655,11.42297367385936,5.1718467762348155,7.984029892448234,4.167219254502925,1.6703790904375637
2026-05-12 16:04:07.244,21.866770629255655,11.404031969675543,5.172320619889433,7.983240153023871,4.167614124215106,1.6705370383224363
2026-05-12 16:04:08.270,21.859475095427342,11.433233763625594,5.172241645946997,7.983556048793616,4.166666436905871,1.6719585692862893
2026-05-12 16:04:09.297,21.866770629255655,11.430076812928291,5.17153088046507,7.983635022736053,4.1671402805604885,1.6736959960198874
2026-05-12 16:04:10.323,21.859475095427342,11.42849833757964,5.173505229025977,7.983950918505798,4.1671402805604885,1.6764600840051571
2026-05-12 16:04:11.350,21.859475095427342,11.418238247813406,5.172320619889433,7.983398100908744,4.167693098157542,1.678434432566064
2026-05-12 16:04:12.379,21.866770629255655,11.449018517112108,5.172873437486487,7.98284528331169,4.167851046042415,1.6779605889114464
2026-05-12 16:04:13.405,21.866770629255655,11.422184436185034,5.172636515659178,7.983398100908744,4.167930019984851,1.6796980156450445
2026-05-12 16:04:14.432,21.866770629255655,11.4119243464188,5.173584202968414,7.984266814275543,4.166745410848307,1.6814354423786426
2026-05-12 16:04:15.476,21.859475095427342,11.436390714322897,5.1727154896016145,7.981818622060018,4.1671402805604885,1.683251843054677
2026-05-12 16:04:16.504,21.866770629255655,11.40087501897824,5.174058046623031,7.984029892448234,4.166745410848307,1.6835677388244221
2026-05-12 16:04:17.534,21.866770629255655,11.419027485487732,5.174452916335213,7.981976569944891,4.16816694181216,1.6876743838311086
2026-05-12 16:04:18.562,21.866770629255655,11.413502821767452,5.173347281141105,7.982134517829763,4.1680089939272875,1.685779009212638
2026-05-12 16:04:19.589,21.866770629255655,11.410345871070149,5.17429496845034,7.983635022736053,4.166745410848307,1.6872795141189272
2026-05-12 16:04:20.616,21.859475095427342,11.413502821767452,5.174452916335213,7.983556048793616,4.1671402805604885,1.6897277063344518
2026-05-12 16:04:21.641,21.866770629255655,11.419027485487732,5.174768812104958,7.982292465714636,4.167693098157542,1.6913861591256136
2026-05-12 16:04:22.666,21.874066163083967,11.419027485487732,5.174452916335213,7.983635022736053,4.167456176330234,1.6921758985499764
2026-05-12 16:04:23.696,21.866770629255655,11.418238247813406,5.176190343068811,7.981976569944891,4.168324889697033,1.6947030647079373
2026-05-12 16:04:24.724,21.859475095427342,11.419027485487732,5.176506238838556,7.9847406579301605,4.167298228445361,1.695176908362555
2026-05-12 16:04:25.752,21.866770629255655,11.434812238974246,5.175874447299066,7.982371439657072,4.167061306618052,1.6966774132688442
2026-05-12 16:04:26.778,21.859475095427342,11.41744901013908,5.175874447299066,7.9824504135995085,4.16690335873318,1.6986517618297512
2026-05-12 16:04:27.822,21.866770629255655,11.443493853391828,5.176269317011247,7.9824504135995085,4.167930019984851,1.7001522667360405
2026-05-12 16:04:28.850,21.859475095427342,11.404821207349869,5.175795473356629,7.9822134917722,4.167377202387797,1.7018896934696386
2026-05-12 16:04:29.876,21.866770629255655,11.415081297116103,5.176190343068811,7.9833191269663075,4.167614124215106,1.7052065990519623
2026-05-12 16:04:30.908,21.866770629255655,11.416659772464754,5.177217004320482,7.982924257254126,4.167930019984851,1.7041799378002906
2026-05-12 16:04:31.934,21.866770629255655,11.411135108744475,5.177138030378046,7.982687335426817,4.167061306618052,1.7063122342460701
2026-05-12 16:04:32.959,21.866770629255655,11.424552149208012,5.1769800824931735,7.984424762160415,4.166982332675616,1.7083655567494134
2026-05-12 16:04:33.986,21.866770629255655,11.415870534790429,5.178480587399463,7.983240153023871,4.167298228445361,1.708286582806977
2026-05-12 16:04:35.016,21.859475095427342,11.414292059441777,5.178085717687281,7.984187840333107,4.169904368545758,1.7097870877132664
2026-05-12 16:04:36.044,21.859475095427342,11.423762911533686,5.178480587399463,7.983082205138999,4.168245915754596,1.7112086186771194
2026-05-12 16:04:37.072,21.874066163083967,11.407978158047172,5.178480587399463,7.982134517829763,4.16879873335165,1.7131829672380263
2026-05-12 16:04:38.098,21.866770629255655,11.441126140368851,5.179112378938953,7.983398100908744,4.167930019984851,1.7157101333959872
2026-05-12 16:04:39.124,21.874066163083967,11.414292059441777,5.178796483169208,7.982371439657072,4.166982332675616,1.715947055223296
2026-05-12 16:04:40.153,21.874066163083967,11.412713584093126,5.178559561341899,7.982687335426817,4.16753515027267,1.717921403784203
2026-05-12 16:04:41.180,21.859475095427342,11.401664256652566,5.180060066248188,7.984266814275543,4.16690335873318,1.7201326741724188
2026-05-12 16:04:42.207,21.866770629255655,11.407188920372846,5.179665196536007,7.982924257254126,4.168956681236523,1.7200537002299825
2026-05-12 16:04:43.236,21.859475095427342,11.407978158047172,5.1789544310540805,7.98410886639067,4.167298228445361,1.7223439445606346
2026-05-12 16:04:44.262,21.866770629255655,11.405610445024195,5.180928779614987,7.98284528331169,4.167930019984851,1.723607527639615
2026-05-12 16:04:45.308,21.874066163083967,11.42297367385936,5.18045493596037,7.982371439657072,4.167772072099979,1.7240813712942327
2026-05-12 16:04:46.361,21.866770629255655,11.433233763625594,5.180139040190625,7.983556048793616,4.167772072099979,1.7262926416824484
2026-05-12 16:04:47.386,21.874066163083967,11.409556633395823,5.18108672749986,7.98284528331169,4.167061306618052,1.7281090423584828
2026-05-12 16:04:48.414,21.866770629255655,11.419027485487732,5.181323649327169,7.982687335426817,4.168956681236523,1.7295305733223358
2026-05-12 16:04:49.443,21.866770629255655,11.425341386882337,5.180928779614987,7.982529387541945,4.166982332675616,1.730162364861826
2026-05-12 16:04:50.471,21.866770629255655,11.422184436185034,5.180770831730115,7.982766309369254,4.167298228445361,1.7328474789046595
2026-05-12 16:04:51.501,21.866770629255655,11.427709099905314,5.1817974929817865,7.983082205138999,4.169193603063832,1.7329264528470958
2026-05-12 16:04:52.528,21.866770629255655,11.427709099905314,5.180770831730115,7.983003231196562,4.167851046042415,1.7343479838109488
2026-05-12 16:04:53.553,21.866770629255655,11.418238247813406,5.18171851903935,7.9838719445633615,4.167851046042415,1.7364802802567283
2026-05-12 16:04:54.581,21.866770629255655,11.41744901013908,5.181402623269605,7.9833191269663075,4.168719759409214,1.7384546288176352
2026-05-12 16:04:55.611,21.866770629255655,11.40087501897824,5.181955440866659,7.984029892448234,4.166745410848307,1.7390074464146892
2026-05-12 16:04:56.641,21.866770629255655,11.429287575253966,5.18171851903935,7.982371439657072,4.166824384790743,1.7402710294936696
2026-05-12 16:04:57.670,21.866770629255655,11.409556633395823,5.18235031057884,7.98347707485118,4.167456176330234,1.743193065363812
2026-05-12 16:04:58.694,21.866770629255655,11.432444525951269,5.182745180291022,7.983398100908744,4.16816694181216,1.7439038308457384
2026-05-12 16:04:59.723,21.866770629255655,11.416659772464754,5.182508258463713,7.984661683987724,4.166745410848307,1.7448515181549737
2026-05-12 16:05:00.750,21.866770629255655,11.413502821767452,5.1826662063485855,7.9838719445633615,4.168482837581905,1.7467468927734444
2026-05-12 16:05:01.776,21.866770629255655,11.415081297116103,5.1832190239456395,7.983398100908744,4.167061306618052,1.747773554025116
2026-05-12 16:05:02.803,21.874066163083967,11.419027485487732,5.184008763370002,7.982766309369254,4.169904368545758,1.750616615952822
2026-05-12 16:05:03.829,21.866770629255655,11.42849833757964,5.183929789427566,7.982924257254126,4.167061306618052,1.7515643032620574
2026-05-12 16:05:04.881,21.866770629255655,11.407188920372846,5.18448260702462,7.982766309369254,4.169035655178959,1.7524330166288564
2026-05-12 16:05:05.910,21.866770629255655,11.415081297116103,5.184166711254875,7.984187840333107,4.166429515078562,1.7548022349019448
2026-05-12 16:05:06.936,21.866770629255655,11.427709099905314,5.1855092682762916,7.982529387541945,4.167930019984851,1.7559078700960526
2026-05-12 16:05:07.966,21.866770629255655,11.411135108744475,5.18511439856411,7.983240153023871,4.166824384790743,1.757724270772087
2026-05-12 16:05:08.996,21.866770629255655,11.400085781303915,5.184877476736801,7.983082205138999,4.169904368545758,1.7586719580813224
2026-05-12 16:05:10.026,21.866770629255655,11.410345871070149,5.185430294333855,7.982924257254126,4.167377202387797,1.758829905966195
2026-05-12 16:05:11.074,21.866770629255655,11.415081297116103,5.184719528851929,7.983003231196562,4.167456176330234,1.7613570721241558
2026-05-12 16:05:12.105,21.866770629255655,11.430076812928291,5.185193372506546,7.982371439657072,4.16690335873318,1.763410394627499
2026-05-12 16:05:13.134,21.866770629255655,11.415870534790429,5.185430294333855,7.983240153023871,4.167851046042415,1.764831925591352
2026-05-12 16:05:14.165,21.866770629255655,11.392193404560658,5.185667216161164,7.983003231196562,4.166745410848307,1.7645950037640432
2026-05-12 16:05:15.193,21.866770629255655,11.407188920372846,5.1857461901036,7.98347707485118,4.166666436905871,1.7686226748282934
2026-05-12 16:05:16.221,21.866770629255655,11.39535035525796,5.185825164046037,7.983161179081435,4.167219254502925,1.7679908832888032
2026-05-12 16:05:17.248,21.874066163083967,11.441915378043177,5.186851825297708,7.9824504135995085,4.167061306618052,1.7698862579072738
2026-05-12 16:05:18.276,21.866770629255655,11.419027485487732,5.186456955585527,7.9833191269663075,4.167930019984851,1.771623684640872
2026-05-12 16:05:19.304,21.866770629255655,11.413502821767452,5.186456955585527,7.983635022736053,4.1680089939272875,1.7721765022379259
2026-05-12 16:05:20.332,21.866770629255655,11.430866050602617,5.188115408376689,7.9818975960024545,4.166982332675616,1.7751775120505044
2026-05-12 16:05:21.360,21.866770629255655,11.419027485487732,5.187325668952326,7.982529387541945,4.166666436905871,1.7756513557051221
2026-05-12 16:05:22.398,21.866770629255655,11.425341386882337,5.187957460491816,7.983792970620925,4.167772072099979,1.77675699089923
2026-05-12 16:05:23.426,21.874066163083967,11.42297367385936,5.187562590779635,7.982924257254126,4.166745410848307,1.778178521863083
2026-05-12 16:05:24.456,21.866770629255655,11.414292059441777,5.188589252031306,7.982766309369254,4.167456176330234,1.7802318443664262
2026-05-12 16:05:25.482,21.866770629255655,11.435601476648571,5.187641564722071,7.982924257254126,4.166745410848307,1.7829169584092597
2026-05-12 16:05:26.509,21.874066163083967,11.410345871070149,5.188747199916179,7.982292465714636,4.166429515078562,1.7823641408122057
2026-05-12 16:05:27.534,21.866770629255655,11.422184436185034,5.1889051478010515,7.9833191269663075,4.167061306618052,1.7860759161067108
2026-05-12 16:05:28.608,21.866770629255655,11.41744901013908,5.190010782995159,7.982608361484381,4.167219254502925,1.7850492548550392
2026-05-12 16:05:29.639,21.874066163083967,11.419816723162057,5.1889051478010515,7.982766309369254,4.168877707294087,1.7891558998617256
2026-05-12 16:05:30.667,21.874066163083967,11.418238247813406,5.189852835110287,7.982924257254126,4.167614124215106,1.7882082125524903
2026-05-12 16:05:31.694,21.866770629255655,11.419816723162057,5.189300017513233,7.983713996678489,4.167851046042415,1.7908143526528875
2026-05-12 16:05:32.721,21.866770629255655,11.42297367385936,5.1897738611678506,7.9818975960024545,4.16816694181216,1.792077935731868
2026-05-12 16:05:33.752,21.874066163083967,11.422184436185034,5.189694887225414,7.983082205138999,4.167851046042415,1.7942102321776474
2026-05-12 16:05:34.780,21.874066163083967,11.444283091066154,5.190800522419522,7.983792970620925,4.167851046042415,1.795236893429319
2026-05-12 16:05:35.805,21.874066163083967,11.422184436185034,5.190800522419522,7.982924257254126,4.167693098157542,1.796105606796118
2026-05-12 16:05:36.834,21.874066163083967,11.442704615717503,5.1903266787649045,7.982529387541945,4.169904368545758,1.7985537990116427
2026-05-12 16:05:37.860,21.866770629255655,11.434812238974246,5.190405652707341,7.983082205138999,4.167772072099979,1.7993435384360055
2026-05-12 16:05:38.886,21.866770629255655,11.415870534790429,5.190958470304395,7.982371439657072,4.16753515027267,1.8007650693998585
2026-05-12 16:05:39.931,21.874066163083967,11.41744901013908,5.19127436607414,7.982608361484381,4.167298228445361,1.8030553137305105
2026-05-12 16:05:40.961,21.866770629255655,11.407978158047172,5.190721548477086,7.98284528331169,4.167377202387797,1.8051086362338538
2026-05-12 16:05:41.990,21.866770629255655,11.435601476648571,5.191353340016576,7.982529387541945,4.170062316430631,1.804318896809491
2026-05-12 16:05:43.016,21.866770629255655,11.415870534790429,5.191827183671194,7.983556048793616,4.167298228445361,1.8063722193128342
2026-05-12 16:05:44.042,21.874066163083967,11.434812238974246,5.192064105498503,7.98347707485118,4.168482837581905,1.8075568284493784
2026-05-12 16:05:45.071,21.866770629255655,11.441126140368851,5.191985131556066,7.982766309369254,4.1671402805604885,1.8088204115283588
2026-05-12 16:05:46.100,21.874066163083967,11.410345871070149,5.1937225582896644,7.9822134917722,4.1685618115243415,1.8119003952833737
2026-05-12 16:05:47.128,21.874066163083967,11.40639968269852,5.192222053383375,7.984187840333107,4.168482837581905,1.8115844995136285
2026-05-12 16:05:48.158,21.874066163083967,11.42849833757964,5.193248714635047,7.9824504135995085,4.167298228445361,1.813716795959408
2026-05-12 16:05:49.184,21.874066163083967,11.42297367385936,5.1923010273258114,7.983240153023871,4.1680089939272875,1.815138326923261
2026-05-12 16:05:50.210,21.874066163083967,11.427709099905314,5.193406662519919,7.983003231196562,4.167930019984851,1.8164808839446778
2026-05-12 16:05:51.235,21.874066163083967,11.40639968269852,5.192774870980429,7.984266814275543,4.16816694181216,1.818850102217766
2026-05-12 16:05:52.262,21.874066163083967,11.424552149208012,5.194117428001846,7.9824504135995085,4.1685618115243415,1.8209823986635456
2026-05-12 16:05:53.293,21.874066163083967,11.415870534790429,5.193327688577483,7.982371439657072,4.167772072099979,1.820824450778673
2026-05-12 16:05:54.320,21.874066163083967,11.427709099905314,5.193959480116973,7.983082205138999,4.167377202387797,1.8231936690517614
2026-05-12 16:05:55.346,21.874066163083967,11.42297367385936,5.193801532232101,7.982766309369254,4.168245915754596,1.8235095648215065
2026-05-12 16:05:56.374,21.874066163083967,11.420605960836383,5.194433323771591,7.983713996678489,4.1685618115243415,1.8248521218429232
2026-05-12 16:05:57.399,21.874066163083967,11.422184436185034,5.194354349829155,7.9838719445633615,4.167456176330234,1.8275372358857567
2026-05-12 16:05:58.426,21.874066163083967,11.423762911533686,5.195538958965699,7.981818622060018,4.1680089939272875,1.8288008189647371
2026-05-12 16:05:59.458,21.874066163083967,11.436390714322897,5.196407672332498,7.982292465714636,4.168087967869724,1.8306172196407715
2026-05-12 16:06:00.484,21.866770629255655,11.413502821767452,5.195775880793008,7.9824504135995085,4.169588472776013,1.8317228548348794
2026-05-12 16:06:01.513,21.874066163083967,11.408767395721497,5.196328698390062,7.982687335426817,4.166982332675616,1.8321177245470608
2026-05-12 16:06:02.560,21.874066163083967,11.426130624556663,5.196407672332498,7.981739648117582,4.167219254502925,1.834723864647458
2026-05-12 16:06:03.590,21.866770629255655,11.427709099905314,5.195854854735444,7.984345788217979,4.167298228445361,1.8354346301293845
2026-05-12 16:06:04.621,21.866770629255655,11.438758427345874,5.196723568102243,7.9822134917722,4.167377202387797,1.83701410897811
2026-05-12 16:06:05.652,21.874066163083967,11.426130624556663,5.197276385699297,7.9833191269663075,4.167930019984851,1.837882822344909
2026-05-12 16:06:06.681,21.874066163083967,11.437969189671549,5.197118437814424,7.983161179081435,4.1680089939272875,1.8402520406179974
2026-05-12 16:06:07.712,21.866770629255655,11.45059699246076,5.197908177238787,7.983003231196562,4.168245915754596,1.8413576758121053
2026-05-12 16:06:08.752,21.874066163083967,11.423762911533686,5.1974343335841695,7.984819631872597,4.1671402805604885,1.8429371546608309
2026-05-12 16:06:09.778,21.874066163083967,11.431655288276943,5.1974343335841695,7.983556048793616,4.168245915754596,1.8458591905309731
2026-05-12 16:06:10.803,21.874066163083967,11.423762911533686,5.197197411756861,7.98347707485118,4.167930019984851,1.8457802165885369
2026-05-12 16:06:11.833,21.866770629255655,11.433233763625594,5.198303046950969,7.982766309369254,4.166982332675616,1.8473596954372624
2026-05-12 16:06:12.862,21.874066163083967,11.44507232874048,5.198382020893405,7.983003231196562,4.1685618115243415,1.8501237834225321
2026-05-12 16:06:13.889,21.874066163083967,11.421395198510709,5.198382020893405,7.983398100908744,4.1671402805604885,1.8510714707317675
2026-05-12 16:06:14.957,21.866770629255655,11.421395198510709,5.198303046950969,7.98347707485118,4.16816694181216,1.853519662947292
2026-05-12 16:06:15.987,21.874066163083967,11.426919862230989,5.199250734260204,7.983556048793616,4.1671402805604885,1.8539145326594735
2026-05-12 16:06:17.014,21.874066163083967,11.418238247813406,5.199171760317768,7.982766309369254,4.167693098157542,1.8546252981414
2026-05-12 16:06:18.110,21.874066163083967,11.410345871070149,5.19932970820264,7.982371439657072,4.170141290373067,1.8552570896808902
2026-05-12 16:06:19.137,21.874066163083967,11.446650804089131,5.1988558645480225,7.983003231196562,4.167456176330234,1.8582580994934688
2026-05-12 16:06:20.163,21.874066163083967,11.426130624556663,5.199645603972385,7.983713996678489,4.167693098157542,1.8615750050757924
2026-05-12 16:06:21.191,21.874066163083967,11.449807754786434,5.1988558645480225,7.983792970620925,4.167061306618052,1.8600745001695032
2026-05-12 16:06:22.217,21.874066163083967,11.437179951997223,5.19996149974213,7.983161179081435,4.169667446718449,1.8642601191186259
2026-05-12 16:06:23.244,21.874066163083967,11.426919862230989,5.199645603972385,7.981502726290273,4.167851046042415,1.8635493536366994
2026-05-12 16:06:24.271,21.874066163083967,11.442704615717503,5.201225082821111,7.982529387541945,4.167061306618052,1.8644180670034984
2026-05-12 16:06:25.297,21.874066163083967,11.429287575253966,5.200672265224057,7.984187840333107,4.168087967869724,1.8687616338374937
2026-05-12 16:06:26.323,21.874066163083967,11.443493853391828,5.20146200464842,7.984503736102852,4.168403863639469,1.8701041908589104
2026-05-12 16:06:27.352,21.874066163083967,11.423762911533686,5.201225082821111,7.983161179081435,4.167061306618052,1.869156503549675
2026-05-12 16:06:28.382,21.881361696912336,11.413502821767452,5.202014822245474,7.981423752347837,4.167219254502925,1.8712887999954546
2026-05-12 16:06:29.413,21.866770629255655,11.454543180832388,5.201540978590856,7.983792970620925,4.167851046042415,1.8719205915349448
2026-05-12 16:06:30.439,21.874066163083967,11.442704615717503,5.202330718015219,7.981502726290273,4.168482837581905,1.8738949400958518
2026-05-12 16:06:31.467,21.866770629255655,11.437179951997223,5.202646613784964,7.983003231196562,4.168403863639469,1.8762641583689401
2026-05-12 16:06:32.496,21.874066163083967,11.422184436185034,5.202646613784964,7.982529387541945,4.167930019984851,1.8780805590449745
2026-05-12 16:06:33.522,21.874066163083967,11.419816723162057,5.201225082821111,7.983161179081435,4.1685618115243415,1.8781595329874108
2026-05-12 16:06:34.553,21.874066163083967,11.437969189671549,5.201856874360601,7.983082205138999,4.166982332675616,1.8795020900088275
2026-05-12 16:06:35.583,21.874066163083967,11.429287575253966,5.202962509554709,7.983635022736053,4.169588472776013,1.8808446470302442
2026-05-12 16:06:36.613,21.874066163083967,11.431655288276943,5.2036732750366355,7.98284528331169,4.167772072099979,1.8823451519365335
2026-05-12 16:06:37.638,21.874066163083967,11.414292059441777,5.203752248979072,7.983161179081435,4.167772072099979,1.8849512920369307
2026-05-12 16:06:38.667,21.874066163083967,11.441915378043177,5.2031204574395815,7.98284528331169,4.168245915754596,1.8851882138642395
2026-05-12 16:06:39.694,21.866770629255655,11.430076812928291,5.203910196863944,7.982134517829763,4.167219254502925,1.8876364060797641
2026-05-12 16:06:40.720,21.874066163083967,11.42297367385936,5.2031204574395815,7.983161179081435,4.167772072099979,1.8892158849284897
2026-05-12 16:06:41.747,21.874066163083967,11.423762911533686,5.204305066576126,7.983082205138999,4.16690335873318,1.8891369109860534
2026-05-12 16:06:42.774,21.874066163083967,11.430076812928291,5.2045419884034345,7.9838719445633615,4.166508489020998,1.8905584419499064
2026-05-12 16:06:43.808,21.874066163083967,11.434812238974246,5.204620962345871,7.982608361484381,4.167061306618052,1.8927697123381222
2026-05-12 16:06:44.836,21.874066163083967,11.447440041763457,5.204068144748817,7.984345788217979,4.169272577006268,1.8949020087839017
2026-05-12 16:06:45.863,21.874066163083967,11.426919862230989,5.204936858115616,7.98284528331169,4.167693098157542,1.8977450707116077
2026-05-12 16:06:46.889,21.881361696912336,11.434812238974246,5.205173779942925,7.982529387541945,4.169588472776013,1.8966394355174998
2026-05-12 16:06:47.916,21.874066163083967,11.430076812928291,5.205410701770234,7.983161179081435,4.16690335873318,1.899561471387642
2026-05-12 16:06:48.946,21.874066163083967,11.444283091066154,5.2059635193672875,7.982766309369254,4.1671402805604885,1.8999563410998235
2026-05-12 16:06:49.973,21.874066163083967,11.401664256652566,5.205647623597542,7.983556048793616,4.166745410848307,1.9011409502363676
2026-05-12 16:06:51.000,21.874066163083967,11.424552149208012,5.206437363021905,7.9833191269663075,4.167614124215106,1.9039050382216374
2026-05-12 16:06:52.030,21.874066163083967,11.4119243464188,5.207148128503832,7.983161179081435,4.168403863639469,1.903826064279201
2026-05-12 16:06:53.060,21.874066163083967,11.425341386882337,5.207148128503832,7.983635022736053,4.168087967869724,1.9079327092858875
2026-05-12 16:06:54.091,21.874066163083967,11.424552149208012,5.207148128503832,7.983161179081435,4.167456176330234,1.9071429698615248
2026-05-12 16:06:55.121,21.881361696912336,11.410345871070149,5.208095815813067,7.983082205138999,4.17029923825794,1.9093542402497405
2026-05-12 16:06:56.149,21.874066163083967,11.412713584093126,5.207621972158449,7.984424762160415,4.167851046042415,1.9103809015014122
2026-05-12 16:06:57.175,21.874066163083967,11.419816723162057,5.206911206676523,7.9824504135995085,4.167061306618052,1.914013702853481
2026-05-12 16:06:58.202,21.881361696912336,11.410345871070149,5.207227102446268,7.981502726290273,4.16879873335165,1.9136188331412995
2026-05-12 16:06:59.228,21.874066163083967,11.431655288276943,5.207464024273577,7.982292465714636,4.16816694181216,1.9163829211265693
2026-05-12 16:07:00.255,21.874066163083967,11.422184436185034,5.207779920043322,7.984029892448234,4.167377202387797,1.9160670253568242
2026-05-12 16:07:01.312,21.874066163083967,11.41744901013908,5.208411711582812,7.984424762160415,4.167930019984851,1.918041373917731
2026-05-12 16:07:02.340,21.874066163083967,11.4119243464188,5.208174789755503,7.983556048793616,4.1694305248911405,1.9193839309391478
2026-05-12 16:07:03.370,21.881361696912336,11.438758427345874,5.208727607352557,7.983556048793616,4.1680089939272875,1.9230167322912166
2026-05-12 16:07:04.394,21.874066163083967,11.419816723162057,5.208648633410121,7.982529387541945,4.1685618115243415,1.9223849407517264
2026-05-12 16:07:05.424,21.874066163083967,11.432444525951269,5.209833242546665,7.9838719445633615,4.16753515027267,1.924833132967251
2026-05-12 16:07:06.448,21.874066163083967,11.4395476650202,5.209043503122302,7.982766309369254,4.168324889697033,1.9247541590248147
2026-05-12 16:07:07.479,21.874066163083967,11.421395198510709,5.209043503122302,7.983398100908744,4.168245915754596,1.9274392730676482
2026-05-12 16:07:08.510,21.874066163083967,11.419027485487732,5.210070164373974,7.9838719445633615,4.167614124215106,1.928544908261756
2026-05-12 16:07:09.535,21.874066163083967,11.41744901013908,5.209043503122302,7.983082205138999,4.166666436905871,1.9298084913407365
2026-05-12 16:07:10.565,21.881361696912336,11.408767395721497,5.209596320719356,7.983713996678489,4.16816694181216,1.9305982307650993
2026-05-12 16:07:11.595,21.874066163083967,11.420605960836383,5.209438372834484,7.983713996678489,4.168403863639469,1.9322566835562611
2026-05-12 16:07:12.629,21.874066163083967,11.423762911533686,5.210938877740773,7.982055543887327,4.167614124215106,1.9339941102898592
2026-05-12 16:07:13.655,21.874066163083967,11.416659772464754,5.210465034086155,7.983082205138999,4.167772072099979,1.9363633285629476
2026-05-12 16:07:14.684,21.874066163083967,11.408767395721497,5.2107809298559005,7.9838719445633615,4.167772072099979,1.938732546836036
2026-05-12 16:07:15.710,21.874066163083967,11.441126140368851,5.212044512934881,7.983792970620925,4.166508489020998,1.9384166510662908
2026-05-12 16:07:16.735,21.874066163083967,11.437969189671549,5.210386060143719,7.983398100908744,4.168877707294087,1.93991715597258
2026-05-12 16:07:17.762,21.874066163083967,11.409556633395823,5.211491695337827,7.983003231196562,4.1671402805604885,1.9418125305910507
2026-05-12 16:07:18.790,21.874066163083967,11.418238247813406,5.212123486877317,7.984187840333107,4.168403863639469,1.9422863742456684
2026-05-12 16:07:19.819,21.874066163083967,11.420605960836383,5.211254773510518,7.983240153023871,4.168245915754596,1.9448925143460656
2026-05-12 16:07:20.846,21.874066163083967,11.424552149208012,5.211728617165136,7.983950918505798,4.1694305248911405,1.9459191755977372
2026-05-12 16:07:21.873,21.874066163083967,11.426919862230989,5.211491695337827,7.98284528331169,4.16753515027267,1.947261732619154
2026-05-12 16:07:22.903,21.881361696912336,11.415081297116103,5.211807591107572,7.983161179081435,4.167456176330234,1.9501837684892962
2026-05-12 16:07:23.956,21.881361696912336,11.418238247813406,5.212755278416807,7.98284528331169,4.167614124215106,1.9513683776258404
2026-05-12 16:07:24.984,21.874066163083967,11.44507232874048,5.213229122071425,7.983240153023871,4.167772072099979,1.9519211952228943
2026-05-12 16:07:26.012,21.881361696912336,11.41744901013908,5.21291322630168,7.984187840333107,4.167377202387797,1.9533427261867473
2026-05-12 16:07:27.040,21.881361696912336,11.422184436185034,5.212755278416807,7.984266814275543,4.166982332675616,1.9548432310930366
2026-05-12 16:07:28.067,21.881361696912336,11.409556633395823,5.213229122071425,7.9833191269663075,4.167061306618052,1.9560278402295808
2026-05-12 16:07:29.097,21.88865723074059,11.423762911533686,5.214255783323097,7.98284528331169,4.167377202387797,1.9583180845602328
2026-05-12 16:07:30.131,21.881361696912336,11.407188920372846,5.214413731207969,7.983240153023871,4.167377202387797,1.9585550063875417
2026-05-12 16:07:31.159,21.874066163083967,11.442704615717503,5.2136239917836065,7.983635022736053,4.16816694181216,1.961240120430375
2026-05-12 16:07:32.185,21.881361696912336,11.424552149208012,5.213939887553352,7.983398100908744,4.169035655178959,1.9632934429337183
2026-05-12 16:07:33.212,21.874066163083967,11.427709099905314,5.214808600920151,7.982608361484381,4.167377202387797,1.9639252344732085
2026-05-12 16:07:34.244,21.881361696912336,11.4119243464188,5.214650653035278,7.983398100908744,4.167061306618052,1.9648729217824439
2026-05-12 16:07:35.270,21.874066163083967,11.423762911533686,5.215598340344513,7.983003231196562,4.1665874629634345,1.9664524006311694
2026-05-12 16:07:36.297,21.874066163083967,11.427709099905314,5.215993210056695,7.982924257254126,4.167061306618052,1.9691375146740029
2026-05-12 16:07:37.327,21.881361696912336,11.430076812928291,5.216151157941567,7.982766309369254,4.167851046042415,1.9689795667891303
2026-05-12 16:07:38.355,21.88865723074059,11.422184436185034,5.216388079768876,7.982529387541945,4.1665874629634345,1.9706380195802922
2026-05-12 16:07:39.382,21.881361696912336,11.424552149208012,5.215598340344513,7.983082205138999,4.168956681236523,1.9725333941987628
2026-05-12 16:07:40.408,21.881361696912336,11.419816723162057,5.216230131884004,7.983003231196562,4.167693098157542,1.975692351896214
2026-05-12 16:07:41.442,21.881361696912336,11.402453494326892,5.216151157941567,7.9822134917722,4.167614124215106,1.976561065263013
2026-05-12 16:07:42.469,21.881361696912336,11.419027485487732,5.216861923423494,7.983240153023871,4.166666436905871,1.9771928568025032
2026-05-12 16:07:43.496,21.881361696912336,11.41744901013908,5.216072183999131,7.984029892448234,4.16753515027267,1.9781405441117386
2026-05-12 16:07:44.524,21.881361696912336,11.434812238974246,5.216072183999131,7.9824504135995085,4.166982332675616,1.9798779708453367
2026-05-12 16:07:45.550,21.881361696912336,11.415870534790429,5.217414741020548,7.983556048793616,4.167614124215106,1.9825630848881701
2026-05-12 16:07:46.586,21.874066163083967,11.40639968269852,5.218125506502474,7.983713996678489,4.167930019984851,1.9830369285427878
2026-05-12 16:07:47.621,21.874066163083967,11.411135108744475,5.217019871308366,7.982608361484381,4.167061306618052,1.985090251046131
2026-05-12 16:07:48.649,21.881361696912336,11.424552149208012,5.217177819193239,7.983082205138999,4.166824384790743,1.985643068643185
2026-05-12 16:07:49.706,21.874066163083967,11.419027485487732,5.218125506502474,7.982924257254126,4.168403863639469,1.9876963911465282
2026-05-12 16:07:50.734,21.874066163083967,11.41744901013908,5.217256793135675,7.982766309369254,4.166271567193689,1.9880122869162733
2026-05-12 16:07:51.766,21.881361696912336,11.422184436185034,5.2173357670781115,7.982687335426817,4.169746420660886,1.9897497136498714
2026-05-12 16:07:52.793,21.881361696912336,11.423762911533686,5.217651662847857,7.981581700232709,4.169588472776013,1.991882010095651
2026-05-12 16:07:53.823,21.881361696912336,11.42297367385936,5.218678324099528,7.98284528331169,4.170141290373067,1.9952778896204109
2026-05-12 16:07:54.853,21.881361696912336,11.415870534790429,5.218441402272219,7.98284528331169,4.167377202387797,1.9940143065414304
2026-05-12 16:07:55.879,21.874066163083967,11.418238247813406,5.218836271984401,7.9822134917722,4.16690335873318,1.996462498756955
2026-05-12 16:07:56.922,21.88865723074059,11.393771879909309,5.219389089581455,7.983556048793616,4.167851046042415,1.9979630036632443
2026-05-12 16:07:57.950,21.874066163083967,11.410345871070149,5.219152167754146,7.983240153023871,4.169272577006268,1.9982788994329894
2026-05-12 16:07:58.981,21.881361696912336,11.397718068280938,5.219468063523891,7.981818622060018,4.169904368545758,2.0006481177060778
2026-05-12 16:08:00.006,21.88865723074059,11.396928830606612,5.2207316466028715,7.982371439657072,4.167693098157542,2.0026224662669847
2026-05-12 16:08:01.093,21.881361696912336,11.4119243464188,5.2201788290058175,7.983240153023871,4.168403863639469,2.00357015357622
2026-05-12 16:08:02.121,21.881361696912336,11.43402300129992,5.22096856843018,7.983082205138999,4.167851046042415,2.005307580309818
2026-05-12 16:08:03.148,21.88865723074059,11.419027485487732,5.2197049853512,7.984661683987724,4.1665874629634345,2.0060183457917447
2026-05-12 16:08:04.174,21.881361696912336,11.42849833757964,5.221442412084798,7.983161179081435,4.168087967869724,2.0082296161799604
2026-05-12 16:08:05.202,21.881361696912336,11.410345871070149,5.220810620545308,7.982924257254126,4.166271567193689,2.009256277431632
2026-05-12 16:08:06.230,21.88865723074059,11.425341386882337,5.2207316466028715,7.9822134917722,4.167219254502925,2.0113095999349753
2026-05-12 16:08:07.258,21.88865723074059,11.419816723162057,5.221521386027234,7.983082205138999,4.167377202387797,2.0120203654169018
2026-05-12 16:08:08.285,21.881361696912336,11.416659772464754,5.2221531775667245,7.983082205138999,4.166271567193689,2.013836766092936
2026-05-12 16:08:09.311,21.88865723074059,11.427709099905314,5.2221531775667245,7.982608361484381,4.167930019984851,2.016363932250897
2026-05-12 16:08:10.341,21.881361696912336,11.415081297116103,5.221837281796979,7.984029892448234,4.167456176330234,2.016916749847951
2026-05-12 16:08:11.367,21.88865723074059,11.43402300129992,5.222548047278906,7.982766309369254,4.167298228445361,2.0184962286966766
2026-05-12 16:08:12.399,21.881361696912336,11.414292059441777,5.221679333912107,7.9824504135995085,4.1665874629634345,2.020312629372711
2026-05-12 16:08:13.425,21.88865723074059,11.41744901013908,5.222390099394033,7.983161179081435,4.169035655178959,2.021418264566819
2026-05-12 16:08:14.454,21.881361696912336,11.40087501897824,5.222390099394033,7.984424762160415,4.1665874629634345,2.0221290300487453
2026-05-12 16:08:15.478,21.88865723074059,11.445861566414806,5.223811630357886,7.98284528331169,4.1671402805604885,2.025130039861324
2026-05-12 16:08:16.504,21.88865723074059,11.420605960836383,5.222548047278906,7.9824504135995085,4.166350541136126,2.025998753228123
2026-05-12 16:08:17.533,21.88865723074059,11.415870534790429,5.223653682473014,7.982687335426817,4.1671402805604885,2.0284469454436476
2026-05-12 16:08:18.559,21.881361696912336,11.424552149208012,5.223258812760832,7.982371439657072,4.1671402805604885,2.0287628412133927
2026-05-12 16:08:19.586,21.881361696912336,11.42297367385936,5.224206500070068,7.981818622060018,4.1665874629634345,2.0301053982348094
2026-05-12 16:08:20.617,21.881361696912336,11.42297367385936,5.224127526127631,7.98284528331169,4.16753515027267,2.0312900073713536
2026-05-12 16:08:21.642,21.88865723074059,11.418238247813406,5.224127526127631,7.983950918505798,4.166034645366381,2.0327115383352066
2026-05-12 16:08:22.666,21.881361696912336,11.430076812928291,5.2244434218973765,7.982924257254126,4.16816694181216,2.034527939011241
2026-05-12 16:08:23.695,21.88865723074059,11.423762911533686,5.224048552185195,7.9838719445633615,4.166982332675616,2.0357915220902214
2026-05-12 16:08:24.726,21.881361696912336,11.414292059441777,5.224601369782249,7.983003231196562,4.169114629121395,2.0381607403633097
2026-05-12 16:08:25.757,21.881361696912336,11.4119243464188,5.225391109206612,7.983082205138999,4.166192593251253,2.038555610075491
2026-05-12 16:08:26.788,21.881361696912336,11.421395198510709,5.224601369782249,7.98347707485118,4.166508489020998,2.041082776233452
2026-05-12 16:08:27.938,21.88865723074059,11.414292059441777,5.225707004976357,7.9833191269663075,4.166982332675616,2.0435309684489766
2026-05-12 16:08:28.968,21.89595276456896,11.438758427345874,5.225628031033921,7.984187840333107,4.169114629121395,2.0455053170098836
2026-05-12 16:08:29.996,21.88865723074059,11.412713584093126,5.224838291609558,7.981660674175146,4.166508489020998,2.044715577585521
2026-05-12 16:08:31.022,21.88865723074059,11.410345871070149,5.2258649528612295,7.983082205138999,4.166192593251253,2.0466899261464278
2026-05-12 16:08:32.054,21.88865723074059,11.44507232874048,5.225312135264176,7.982687335426817,4.168482837581905,2.0485853007648984
2026-05-12 16:08:33.083,21.881361696912336,11.416659772464754,5.226812640170465,7.983240153023871,4.169272577006268,2.0503227274984965
2026-05-12 16:08:34.113,21.88865723074059,11.426919862230989,5.225785978918793,7.98347707485118,4.166666436905871,2.051823232404786
2026-05-12 16:08:35.143,21.88865723074059,11.445861566414806,5.226180848630975,7.982529387541945,4.165876697481508,2.0525339978867123
2026-05-12 16:08:36.171,21.881361696912336,11.437969189671549,5.226338796515847,7.983792970620925,4.168482837581905,2.0542714246203104
2026-05-12 16:08:37.197,21.88865723074059,11.420605960836383,5.2277603274797,7.983003231196562,4.168719759409214,2.055613981641727
2026-05-12 16:08:38.222,21.881361696912336,11.409556633395823,5.227365457767519,7.981818622060018,4.168324889697033,2.05703551260558
2026-05-12 16:08:39.250,21.88865723074059,11.407978158047172,5.227207509882646,7.982766309369254,4.167219254502925,2.0587729393391783
2026-05-12 16:08:40.276,21.881361696912336,11.421395198510709,5.227365457767519,7.982608361484381,4.166508489020998,2.0605103660727764
2026-05-12 16:08:41.325,21.881361696912336,11.415870534790429,5.227918275364573,7.982134517829763,4.166745410848307,2.062089844921502
2026-05-12 16:08:42.355,21.88865723074059,11.418238247813406,5.22839211901919,7.983003231196562,4.166113619308817,2.0642221413672814
2026-05-12 16:08:43.384,21.881361696912336,11.422184436185034,5.228786988731372,7.982134517829763,4.1671402805604885,2.0643011153097177
2026-05-12 16:08:44.413,21.88865723074059,11.447440041763457,5.228471092961627,7.98284528331169,4.166271567193689,2.0656436723311344
2026-05-12 16:08:45.440,21.881361696912336,11.430076812928291,5.228944936616244,7.98284528331169,4.166982332675616,2.066907255410115
2026-05-12 16:08:46.468,21.881361696912336,11.431655288276943,5.229813649983043,7.982371439657072,4.169351550948704,2.0702241609924386
2026-05-12 16:08:47.502,21.88865723074059,11.42297367385936,5.229102884501117,7.982292465714636,4.166745410848307,2.0710139004168013
2026-05-12 16:08:48.532,21.88865723074059,11.420605960836383,5.229418780270862,7.982687335426817,4.167061306618052,2.073225170805017
2026-05-12 16:08:49.563,21.88865723074059,11.425341386882337,5.2292608323859895,7.982924257254126,4.167219254502925,2.0739359362869436
2026-05-12 16:08:50.593,21.88865723074059,11.415870534790429,5.230050571810352,7.983713996678489,4.166508489020998,2.075436441193233
2026-05-12 16:08:51.619,21.88865723074059,11.425341386882337,5.230603389407406,7.982608361484381,4.166192593251253,2.0763841285024682
2026-05-12 16:08:52.644,21.88865723074059,11.449807754786434,5.230919285177151,7.984424762160415,4.166034645366381,2.07741078975414
2026-05-12 16:08:53.672,21.88865723074059,11.414292059441777,5.229734676040607,7.981502726290273,4.166192593251253,2.0790692425453017
2026-05-12 16:08:54.702,21.88865723074059,11.420605960836383,5.230603389407406,7.984898605815033,4.167219254502925,2.081991278415444
2026-05-12 16:08:55.730,21.881361696912336,11.419816723162057,5.23052441546497,7.983635022736053,4.169035655178959,2.082228200242753
2026-05-12 16:08:56.762,21.88865723074059,11.432444525951269,5.231077233062024,7.984424762160415,4.167377202387797,2.08483434034315
2026-05-12 16:08:57.792,21.88865723074059,11.425341386882337,5.2306823633498425,7.982766309369254,4.16690335873318,2.0852292100553314
2026-05-12 16:08:58.834,21.89595276456896,11.426919862230989,5.231077233062024,7.982529387541945,4.16753515027267,2.0867297149616206
2026-05-12 16:08:59.863,21.89595276456896,11.427709099905314,5.232577737968313,7.9824504135995085,4.166429515078562,2.0905994381409982
2026-05-12 16:09:00.891,21.88865723074059,11.42297367385936,5.231077233062024,7.98284528331169,4.166982332675616,2.0891779071771452
2026-05-12 16:09:01.918,21.88865723074059,11.432444525951269,5.232261842198568,7.983082205138999,4.1671402805604885,2.091389177565361
2026-05-12 16:09:02.945,21.88865723074059,11.42297367385936,5.232261842198568,7.982924257254126,4.165876697481508,2.0927317345867777
2026-05-12 16:09:03.975,21.88865723074059,11.420605960836383,5.231945946428823,7.983240153023871,4.168403863639469,2.0957327443993563
2026-05-12 16:09:05.002,21.88865723074059,11.4119243464188,5.232182868256132,7.982766309369254,4.166982332675616,2.0952589007447386
2026-05-12 16:09:06.030,21.881361696912336,11.419816723162057,5.233130555565367,7.9833191269663075,4.16879873335165,2.0983388844997535
2026-05-12 16:09:07.063,21.88865723074059,11.425341386882337,5.2335254252775485,7.982766309369254,4.166271567193689,2.0983388844997535
2026-05-12 16:09:08.092,21.881361696912336,11.41744901013908,5.2335254252775485,7.9838719445633615,4.169114629121395,2.1003132330606604
2026-05-12 16:09:09.122,21.88865723074059,11.419816723162057,5.232735685853186,7.983635022736053,4.169035655178959,2.1011819464274595
2026-05-12 16:09:10.152,21.881361696912336,11.434812238974246,5.234078242874602,7.98347707485118,4.166113619308817,2.1028403992186213
2026-05-12 16:09:11.182,21.881361696912336,11.421395198510709,5.233209529507803,7.9824504135995085,4.166350541136126,2.1048147477795283
2026-05-12 16:09:12.208,21.88865723074059,11.415870534790429,5.233604399219985,7.982608361484381,4.167061306618052,2.1080526794194157
2026-05-12 16:09:13.234,21.88865723074059,11.415081297116103,5.233604399219985,7.983082205138999,4.168324889697033,2.1077367836496705
2026-05-12 16:09:14.263,21.88865723074059,11.418238247813406,5.234315164701911,7.982529387541945,4.168403863639469,2.1089213927862147
2026-05-12 16:09:15.290,21.88865723074059,11.41744901013908,5.234078242874602,7.982608361484381,4.167219254502925,2.111053689231994
2026-05-12 16:09:16.338,21.88865723074059,11.415870534790429,5.233762347104857,7.983082205138999,4.16753515027267,2.1142916208718816
2026-05-12 16:09:17.366,21.88865723074059,11.41744901013908,5.235578747780892,7.9838719445633615,4.168245915754596,2.114370594814318
2026-05-12 16:09:18.393,21.88865723074059,11.415870534790429,5.235025930183838,7.9824504135995085,4.166271567193689,2.1148444384689356
2026-05-12 16:09:19.420,21.88865723074059,11.412713584093126,5.235262852011147,7.983556048793616,4.169193603063832,2.1159500736630434
2026-05-12 16:09:20.445,21.88865723074059,11.421395198510709,5.235104904126274,7.982766309369254,4.1671402805604885,2.116976734914715
2026-05-12 16:09:21.470,21.88865723074059,11.41744901013908,5.235262852011147,7.98284528331169,4.166508489020998,2.1197408228999848
2026-05-12 16:09:22.501,21.88865723074059,11.443493853391828,5.236052591435509,7.982134517829763,4.167061306618052,2.121241327806274
2026-05-12 16:09:23.528,21.89595276456896,11.407188920372846,5.235973617493073,7.982055543887327,4.166824384790743,2.122346963000382
2026-05-12 16:09:24.554,21.88865723074059,11.420605960836383,5.235973617493073,7.983398100908744,4.166113619308817,2.1236895200217987
2026-05-12 16:09:25.582,21.88865723074059,11.4395476650202,5.236526435090127,7.983713996678489,4.168324889697033,2.1251110509856517
2026-05-12 16:09:26.613,21.88865723074059,11.426919862230989,5.236684382975,7.982055543887327,4.167061306618052,2.1261377122373233
2026-05-12 16:09:27.666,21.88865723074059,11.430076812928291,5.236447461147691,7.983082205138999,4.168640785466778,2.127243347431431
2026-05-12 16:09:28.695,21.88865723074059,11.40087501897824,5.236526435090127,7.9824504135995085,4.169114629121395,2.129454617819647
2026-05-12 16:09:29.720,21.88865723074059,11.405610445024195,5.237395148456926,7.9833191269663075,4.1671402805604885,2.132850497344407
2026-05-12 16:09:30.749,21.88865723074059,11.430076812928291,5.236763356917436,7.982687335426817,4.166350541136126,2.131981783977608
2026-05-12 16:09:31.775,21.89595276456896,11.416659772464754,5.238026939996416,7.982371439657072,4.166034645366381,2.1337981846536422
2026-05-12 16:09:32.803,21.88865723074059,11.396928830606612,5.238026939996416,7.982292465714636,4.167219254502925,2.1355356113872404
2026-05-12 16:09:33.846,21.88865723074059,11.429287575253966,5.237553096341799,7.984503736102852,4.166192593251253,2.1387735430271277
2026-05-12 16:09:34.877,21.88865723074059,11.423762911533686,5.237711044226671,7.982924257254126,4.169509498833577,2.1395632824514905
2026-05-12 16:09:35.907,21.88865723074059,11.426919862230989,5.237868992111544,7.98284528331169,4.166508489020998,2.1406689176455984
2026-05-12 16:09:36.936,21.88865723074059,11.413502821767452,5.238421809708598,7.983398100908744,4.16690335873318,2.1423273704367602
2026-05-12 16:09:37.964,21.88865723074059,11.39535035525796,5.238737705478343,7.982924257254126,4.166745410848307,2.142248396494324
2026-05-12 16:09:38.999,21.89595276456896,11.408767395721497,5.238974627305652,7.982292465714636,4.166271567193689,2.1449335105371574
2026-05-12 16:09:40.026,21.88865723074059,11.41744901013908,5.239685392787578,7.983161179081435,4.1671402805604885,2.1455653020766476
2026-05-12 16:09:41.053,21.88865723074059,11.40087501897824,5.239132575190524,7.983082205138999,4.166982332675616,2.149040155543844
2026-05-12 16:09:42.083,21.88865723074059,11.411135108744475,5.2397643667300144,7.982055543887327,4.167219254502925,2.149356051313589
2026-05-12 16:09:43.110,21.89595276456896,11.433233763625594,5.240475132211941,7.982924257254126,4.1671402805604885,2.1501457907379518
2026-05-12 16:09:44.140,21.88865723074059,11.414292059441777,5.240870001924122,7.983082205138999,4.166271567193689,2.15251500901104
2026-05-12 16:09:45.166,21.88865723074059,11.414292059441777,5.24134384557874,7.98347707485118,4.166034645366381,2.1536996181475843
2026-05-12 16:09:46.196,21.88865723074059,11.425341386882337,5.2400802624997596,7.983635022736053,4.166350541136126,2.1574903673845256
2026-05-12 16:09:47.224,21.88865723074059,11.432444525951269,5.2411858976938674,7.983556048793616,4.166666436905871,2.1559898624782363
2026-05-12 16:09:48.254,21.88865723074059,11.418238247813406,5.240948975866559,7.983556048793616,4.166508489020998,2.160175481427359
2026-05-12 16:09:49.284,21.88865723074059,11.412713584093126,5.240554106154377,7.983161179081435,4.165955671423944,2.1594647159454325
2026-05-12 16:09:50.311,21.88865723074059,11.421395198510709,5.240948975866559,7.983792970620925,4.168719759409214,2.15993855960005
2026-05-12 16:09:51.338,21.88865723074059,11.410345871070149,5.241027949808995,7.981818622060018,4.166192593251253,2.1645190482613543
2026-05-12 16:09:52.365,21.88865723074059,11.408767395721497,5.242370506830412,7.983398100908744,4.166350541136126,2.163808282779428
2026-05-12 16:09:53.393,21.88865723074059,11.398507305955263,5.242212558945539,7.9833191269663075,4.166508489020998,2.1645190482613543
2026-05-12 16:09:54.422,21.88865723074059,11.418238247813406,5.242370506830412,7.983398100908744,4.166666436905871,2.166651344707134
2026-05-12 16:09:55.453,21.88865723074059,11.448229279437783,5.2426074286577204,7.982766309369254,4.166824384790743,2.167599032016369
2026-05-12 16:09:56.490,21.88865723074059,11.426919862230989,5.242686402600157,7.9833191269663075,4.167219254502925,2.1696523545197124
2026-05-12 16:09:57.519,21.88865723074059,11.446650804089131,5.243081272312338,7.982055543887327,4.167377202387797,2.1713108073108742
2026-05-12 16:09:58.544,21.881361696912336,11.414292059441777,5.243871011736701,7.982608361484381,4.166666436905871,2.172100546735237
2026-05-12 16:09:59.570,21.88865723074059,11.415081297116103,5.243397168082083,7.98284528331169,4.1657187495966355,2.1736800255839626
2026-05-12 16:10:00.596,21.88865723074059,11.409556633395823,5.243081272312338,7.984582710045288,4.166350541136126,2.17691795722385
2026-05-12 16:10:01.625,21.881361696912336,11.42297367385936,5.243555115966956,7.983003231196562,4.1671402805604885,2.178102566360394
2026-05-12 16:10:02.656,21.881361696912336,11.432444525951269,5.243949985679137,7.983003231196562,4.1665874629634345,2.178576410015012
2026-05-12 16:10:03.682,21.88865723074059,11.436390714322897,5.244344855391319,7.982608361484381,4.166666436905871,2.1819722895397717
2026-05-12 16:10:04.711,21.88865723074059,11.415081297116103,5.244344855391319,7.983082205138999,4.168640785466778,2.1815774198275903
2026-05-12 16:10:05.736,21.881361696912336,11.424552149208012,5.244344855391319,7.983713996678489,4.166824384790743,2.1827620289641345
2026-05-12 16:10:06.767,21.881361696912336,11.408767395721497,5.244186907506446,7.983161179081435,4.166508489020998,2.184657403582605
2026-05-12 16:10:07.792,21.88865723074059,11.405610445024195,5.2448976729883725,7.9824504135995085,4.166824384790743,2.185131247237223
2026-05-12 16:10:08.821,21.88865723074059,11.41744901013908,5.245134594815681,7.982608361484381,4.167219254502925,2.1873425176254386
2026-05-12 16:10:09.854,21.881361696912336,11.392982642234983,5.2447397251035,7.984029892448234,4.1671402805604885,2.188527126761983
2026-05-12 16:10:10.880,21.88865723074059,11.432444525951269,5.245608438470299,7.982529387541945,4.1665874629634345,2.1907383971501986
2026-05-12 16:10:11.906,21.88865723074059,11.437179951997223,5.245529464527863,7.983082205138999,4.165560801711763,2.192001980229179
2026-05-12 16:10:12.934,21.88865723074059,11.421395198510709,5.246793047606843,7.983713996678489,4.167061306618052,2.193107615423287
2026-05-12 16:10:13.958,21.88865723074059,11.424552149208012,5.245529464527863,7.982371439657072,4.166113619308817,2.1958717034085566
2026-05-12 16:10:14.984,21.881361696912336,11.402453494326892,5.246556125779534,7.983713996678489,4.166271567193689,2.197372208314846
2026-05-12 16:10:16.014,21.881361696912336,11.411135108744475,5.246240230009789,7.982529387541945,4.166824384790743,2.1983988695665175
2026-05-12 16:10:17.040,21.881361696912336,11.42297367385936,5.247029969434152,7.98347707485118,4.16690335873318,2.201636801206405
2026-05-12 16:10:18.067,21.88865723074059,11.420605960836383,5.247819708858515,7.982924257254126,4.166824384790743,2.2025844885156403
2026-05-12 16:10:19.092,21.881361696912336,11.407188920372846,5.247108943376588,7.9822134917722,4.168482837581905,2.202505514573204
2026-05-12 16:10:20.119,21.881361696912336,11.414292059441777,5.247898682800951,7.9824504135995085,4.16690335873318,2.2040849934219295
2026-05-12 16:10:21.150,21.88865723074059,11.403242732001218,5.248609448282878,7.983792970620925,4.165876697481508,2.2057434462130914
2026-05-12 16:10:22.176,21.881361696912336,11.422184436185034,5.248056630685824,7.983003231196562,4.1680089939272875,2.206533185637454
2026-05-12 16:10:23.207,21.88865723074059,11.419816723162057,5.247898682800951,7.9833191269663075,4.1671402805604885,2.2080336905437434
2026-05-12 16:10:24.237,21.881361696912336,11.424552149208012,5.248372526455569,7.9824504135995085,4.166824384790743,2.209613169392469
2026-05-12 16:10:25.264,21.881361696912336,11.411135108744475,5.248056630685824,7.9833191269663075,4.169272577006268,2.210718804586577
2026-05-12 16:10:26.292,21.881361696912336,11.42849833757964,5.248688422225314,7.982529387541945,4.168245915754596,2.2145885277659545
2026-05-12 16:10:27.323,21.881361696912336,11.419816723162057,5.248530474340441,7.982687335426817,4.16690335873318,2.2143516059386457
2026-05-12 16:10:28.350,21.881361696912336,11.431655288276943,5.248530474340441,7.983240153023871,4.166982332675616,2.2162469805571163
2026-05-12 16:10:29.376,21.881361696912336,11.413502821767452,5.249241239822368,7.9824504135995085,4.1685618115243415,2.2171946678663517
2026-05-12 16:10:30.406,21.881361696912336,11.421395198510709,5.24939918770724,7.983556048793616,4.166350541136126,2.21893209459995
2026-05-12 16:10:31.449,21.881361696912336,11.402453494326892,5.249320213764804,7.982529387541945,4.168324889697033,2.2191690164272586
2026-05-12 16:10:32.474,21.881361696912336,11.416659772464754,5.250346875016476,7.983082205138999,4.168956681236523,2.2216961825852195
2026-05-12 16:10:33.499,21.881361696912336,11.43402300129992,5.250662770786221,7.982529387541945,4.165876697481508,2.2225648959520186
2026-05-12 16:10:34.527,21.881361696912336,11.427709099905314,5.250820718671093,7.982371439657072,4.166113619308817,2.224934114225107
2026-05-12 16:10:35.555,21.881361696912336,11.415081297116103,5.251452510210584,7.983556048793616,4.167930019984851,2.2257238536494697
2026-05-12 16:10:36.587,21.88865723074059,11.415081297116103,5.250504822901348,7.983635022736053,4.16690335873318,2.2276192282679403
2026-05-12 16:10:37.613,21.881361696912336,11.430866050602617,5.251452510210584,7.982608361484381,4.167061306618052,2.2287248634620482
2026-05-12 16:10:38.640,21.881361696912336,11.40087501897824,5.251215588383275,7.983398100908744,4.166113619308817,2.2310940817351366
2026-05-12 16:10:39.679,21.88865723074059,11.441915378043177,5.252242249634946,7.98347707485118,4.167851046042415,2.2324366387565533
2026-05-12 16:10:40.705,21.881361696912336,11.401664256652566,5.252716093289564,7.983240153023871,4.165797723539072,2.2342530394325877
2026-05-12 16:10:41.736,21.874066163083967,11.407188920372846,5.251689432037892,7.983082205138999,4.166745410848307,2.2344899612598965
2026-05-12 16:10:42.770,21.881361696912336,11.435601476648571,5.252084301750074,7.982529387541945,4.165560801711763,2.237490971072475
2026-05-12 16:10:43.797,21.881361696912336,11.414292059441777,5.2520053278076375,7.98284528331169,4.167061306618052,2.238596606266583
2026-05-12 16:10:44.827,21.881361696912336,11.434812238974246,5.252795067232,7.982608361484381,4.166113619308817,2.239149423863637
2026-05-12 16:10:45.854,21.874066163083967,11.420605960836383,5.252795067232,7.9838719445633615,4.166745410848307,2.2409658245396713
2026-05-12 16:10:46.884,21.881361696912336,11.445861566414806,5.253663780598799,7.983003231196562,4.167377202387797,2.2443617040644313
2026-05-12 16:10:47.910,21.881361696912336,11.405610445024195,5.253663780598799,7.983003231196562,4.166034645366381,2.243729912524941
2026-05-12 16:10:48.954,21.881361696912336,11.421395198510709,5.253031989059309,7.984424762160415,4.167772072099979,2.2457832350282843
2026-05-12 16:10:49.999,21.874066163083967,11.425341386882337,5.252795067232,7.9822134917722,4.166034645366381,2.2470468181072647
2026-05-12 16:10:51.029,21.881361696912336,11.419027485487732,5.253584806656363,7.982766309369254,4.167772072099979,2.2481524533013726
2026-05-12 16:10:52.056,21.874066163083967,11.427709099905314,5.253347884829054,7.983556048793616,4.166192593251253,2.2503637236895884
2026-05-12 16:10:53.084,21.881361696912336,11.411135108744475,5.253742754541236,7.982608361484381,4.166113619308817,2.252811915905113
2026-05-12 16:10:54.116,21.88865723074059,11.407978158047172,5.254769415792907,7.983713996678489,4.166745410848307,2.2524170461929316
2026-05-12 16:10:55.143,21.88865723074059,11.407188920372846,5.2534268587714905,7.983082205138999,4.166271567193689,2.254233446868966
2026-05-12 16:10:56.182,21.881361696912336,11.423762911533686,5.255085311562652,7.982687335426817,4.166192593251253,2.2572344566815445
2026-05-12 16:10:57.213,21.881361696912336,11.4119243464188,5.255480181274834,7.982134517829763,4.166034645366381,2.25881393553027
2026-05-12 16:10:58.240,21.881361696912336,11.434812238974246,5.254374546080726,7.983161179081435,4.166666436905871,2.260788284091177
2026-05-12 16:10:59.270,21.881361696912336,11.414292059441777,5.2548483897353435,7.98347707485118,4.16690335873318,2.2620518671701575
2026-05-12 16:11:00.302,21.881361696912336,11.430076812928291,5.256111972814324,7.983398100908744,4.168719759409214,2.2622887889974663
2026-05-12 16:11:01.334,21.881361696912336,11.430866050602617,5.256585816468942,7.98347707485118,4.165955671423944,2.2637103199613193
2026-05-12 16:11:02.361,21.881361696912336,11.408767395721497,5.255243259447525,7.982371439657072,4.165797723539072,2.2660005642919714
2026-05-12 16:11:03.392,21.881361696912336,11.410345871070149,5.255638129159706,7.982766309369254,4.166429515078562,2.2666323558314616
2026-05-12 16:11:04.424,21.881361696912336,11.425341386882337,5.256506842526505,7.982687335426817,4.16690335873318,2.2679749128528783
2026-05-12 16:11:05.455,21.881361696912336,11.416659772464754,5.256032998871888,7.983713996678489,4.166034645366381,2.2697123395864764
2026-05-12 16:11:06.480,21.881361696912336,11.442704615717503,5.256348894641633,7.982608361484381,4.166508489020998,2.2726343754566187
2026-05-12 16:11:07.508,21.881361696912336,11.407188920372846,5.257138634065996,7.9824504135995085,4.166508489020998,2.2716866881473834
2026-05-12 16:11:08.541,21.88865723074059,11.432444525951269,5.256664790411378,7.982608361484381,4.168956681236523,2.274371802190217
2026-05-12 16:11:09.569,21.874066163083967,11.436390714322897,5.257217608008432,7.982529387541945,4.166508489020998,2.275240515557016
2026-05-12 16:11:10.602,21.881361696912336,11.421395198510709,5.256901712238687,7.983240153023871,4.165955671423944,2.277767681714977
2026-05-12 16:11:11.632,21.88865723074059,11.419027485487732,5.257849399547922,7.9833191269663075,4.167772072099979,2.278083577484722
2026-05-12 16:11:12.661,21.881361696912336,11.409556633395823,5.25832324320254,7.983161179081435,4.165876697481508,2.2793471605637023
2026-05-12 16:11:13.690,21.88865723074059,11.407978158047172,5.259034008684466,7.983161179081435,4.165955671423944,2.2808476654699916
2026-05-12 16:11:14.720,21.881361696912336,11.422184436185034,5.257849399547922,7.9818975960024545,4.166429515078562,2.282979961915771
2026-05-12 16:11:15.752,21.881361696912336,11.404031969675543,5.25832324320254,7.982055543887327,4.165955671423944,2.2841645710523153
2026-05-12 16:11:16.781,21.881361696912336,11.414292059441777,5.2582442692601035,7.98284528331169,4.168719759409214,2.2855861020161683
2026-05-12 16:11:17.811,21.881361696912336,11.412713584093126,5.257849399547922,7.9833191269663075,4.166824384790743,2.288113268174129
2026-05-12 16:11:18.840,21.881361696912336,11.426130624556663,5.259034008684466,7.983240153023871,4.165560801711763,2.2892978773106734
2026-05-12 16:11:19.865,21.881361696912336,11.416659772464754,5.25958682628152,7.982371439657072,4.166271567193689,2.29064043433209
2026-05-12 16:11:20.894,21.88865723074059,11.423762911533686,5.260139643878574,7.983713996678489,4.166745410848307,2.291430173756453
2026-05-12 16:11:21.925,21.874066163083967,11.415870534790429,5.258876060799594,7.984029892448234,4.167061306618052,2.292930678662742
2026-05-12 16:11:22.958,21.881361696912336,11.441126140368851,5.259428878396648,7.9838719445633615,4.166824384790743,2.2955368187631393
2026-05-12 16:11:23.988,21.88865723074059,11.426130624556663,5.259191956569339,7.98284528331169,4.168956681236523,2.296879375784556
2026-05-12 16:11:25.019,21.881361696912336,11.435601476648571,5.25958682628152,7.9833191269663075,4.166745410848307,2.2979060370362276
2026-05-12 16:11:26.055,21.881361696912336,11.420605960836383,5.259823748108829,7.982529387541945,4.167772072099979,2.2989326982878993
2026-05-12 16:11:27.087,21.88865723074059,11.415870534790429,5.261798096669736,7.984661683987724,4.166271567193689,2.300907046848806
2026-05-12 16:11:28.115,21.88865723074059,11.426919862230989,5.261561174842427,7.984345788217979,4.166034645366381,2.3018547341580415
2026-05-12 16:11:29.142,21.88865723074059,11.41744901013908,5.261877070612172,7.982608361484381,4.166982332675616,2.303355239064331
2026-05-12 16:11:30.169,21.881361696912336,11.397718068280938,5.261640148784863,7.982924257254126,4.166824384790743,2.305724457337419
2026-05-12 16:11:31.197,21.88865723074059,11.438758427345874,5.261403226957555,7.982687335426817,4.168324889697033,2.3069090664739633
2026-05-12 16:11:32.224,21.881361696912336,11.415081297116103,5.261166305130246,7.981976569944891,4.165797723539072,2.308014701668071
2026-05-12 16:11:33.286,21.881361696912336,11.429287575253966,5.260850409360501,7.984582710045288,4.166350541136126,2.3092782847470517
2026-05-12 16:11:34.312,21.88865723074059,11.426919862230989,5.262666810036535,7.98284528331169,4.167693098157542,2.311410581192831
2026-05-12 16:11:35.340,21.881361696912336,11.404031969675543,5.261877070612172,7.981739648117582,4.166824384790743,2.3146485128327186
2026-05-12 16:11:36.369,21.88865723074059,11.420605960836383,5.262903731863844,7.983240153023871,4.165876697481508,2.314174669178101
2026-05-12 16:11:37.410,21.881361696912336,11.41744901013908,5.2625088621516625,7.983003231196562,4.167851046042415,2.3150433825449
2026-05-12 16:11:38.437,21.88865723074059,11.415081297116103,5.2619560445546085,7.983792970620925,4.168482837581905,2.318992079666714
2026-05-12 16:11:39.467,21.88865723074059,11.408767395721497,5.262192966381917,7.982292465714636,4.166745410848307,2.31843926206966
2026-05-12 16:11:40.495,21.881361696912336,11.419027485487732,5.2625088621516625,7.9818975960024545,4.165876697481508,2.3206505324578757
2026-05-12 16:11:41.526,21.881361696912336,11.414292059441777,5.262903731863844,7.9833191269663075,4.16816694181216,2.3215192458246747
2026-05-12 16:11:42.555,21.88865723074059,11.415870534790429,5.263298601576025,7.982608361484381,4.167930019984851,2.3240464119826356
2026-05-12 16:11:43.581,21.881361696912336,11.415870534790429,5.263061679748716,7.982529387541945,4.165797723539072,2.324204359867508
2026-05-12 16:11:44.610,21.88865723074059,11.42849833757964,5.263298601576025,7.981976569944891,4.1665874629634345,2.3260207605435426
2026-05-12 16:11:45.639,21.88865723074059,11.419816723162057,5.264167314942824,7.982529387541945,4.166350541136126,2.327284343622523
2026-05-12 16:11:46.668,21.88865723074059,11.431655288276943,5.263851419173079,7.984029892448234,4.1680089939272875,2.3287848485288123
2026-05-12 16:11:47.695,21.881361696912336,11.423762911533686,5.264483210712569,7.981976569944891,4.166429515078562,2.329811509780484
2026-05-12 16:11:48.720,21.88865723074059,11.419027485487732,5.264167314942824,7.983003231196562,4.165797723539072,2.3325755977657536
2026-05-12 16:11:49.751,21.881361696912336,11.444283091066154,5.264009367057952,7.982292465714636,4.165797723539072,2.334628920269097
2026-05-12 16:11:50.782,21.881361696912336,11.416659772464754,5.2647991064823145,7.983003231196562,4.166508489020998,2.335181737866151
2026-05-12 16:11:51.808,21.88865723074059,11.426919862230989,5.265272950136932,7.982924257254126,4.165481827769327,2.336129425175386
2026-05-12 16:11:52.835,21.88865723074059,11.404031969675543,5.264562184655006,7.984582710045288,4.167614124215106,2.3382617216211656
2026-05-12 16:11:53.865,21.881361696912336,11.425341386882337,5.265588845906677,7.983635022736053,4.165639775654199,2.3399201744123275
2026-05-12 16:11:54.889,21.88865723074059,11.414292059441777,5.265904741676422,7.9824504135995085,4.166666436905871,2.342289392685416
2026-05-12 16:11:55.917,21.881361696912336,11.422184436185034,5.2653519240793685,7.983556048793616,4.165323879884454,2.342684262397597
2026-05-12 16:11:56.944,21.88865723074059,11.400085781303915,5.265272950136932,7.981976569944891,4.167456176330234,2.3459221940374846
2026-05-12 16:11:57.975,21.88865723074059,11.409556633395823,5.26574679379155,7.982687335426817,4.166508489020998,2.346948855289156
2026-05-12 16:11:59.005,21.881361696912336,11.415081297116103,5.267247298697839,7.983003231196562,4.167851046042415,2.3473437250013376
2026-05-12 16:12:00.033,21.881361696912336,11.412713584093126,5.266852428985658,7.983792970620925,4.1665874629634345,2.3493180735622445
2026-05-12 16:12:01.065,21.89595276456896,11.434812238974246,5.2667734550432215,7.983082205138999,4.168087967869724,2.3501867869290436
2026-05-12 16:12:02.095,21.88865723074059,11.408767395721497,5.266457559273476,7.983003231196562,4.165560801711763,2.353187796741622
2026-05-12 16:12:03.125,21.881361696912336,11.418238247813406,5.267089350812967,7.9824504135995085,4.166666436905871,2.3530298488567496
2026-05-12 16:12:04.155,21.881361696912336,11.429287575253966,5.267721142352457,7.9824504135995085,4.166350541136126,2.3538985622235487
2026-05-12 16:12:05.184,21.88865723074059,11.431655288276943,5.2681949860070745,7.982371439657072,4.166034645366381,2.355951884726892
2026-05-12 16:12:06.213,21.881361696912336,11.415870534790429,5.2676421684100205,7.982055543887327,4.166271567193689,2.3575313635756174
2026-05-12 16:12:07.240,21.881361696912336,11.40087501897824,5.267484220525148,7.983003231196562,4.166113619308817,2.3586369987697253
2026-05-12 16:12:08.268,21.881361696912336,11.40087501897824,5.268352933891947,7.983398100908744,4.167219254502925,2.3606113473306323
2026-05-12 16:12:09.322,21.881361696912336,11.420605960836383,5.267721142352457,7.982608361484381,4.166350541136126,2.3620328782944853
2026-05-12 16:12:10.351,21.881361696912336,11.416659772464754,5.268037038122202,7.98284528331169,4.166192593251253,2.363138513488593
2026-05-12 16:12:11.381,21.881361696912336,11.407978158047172,5.268116012064638,7.981976569944891,4.167851046042415,2.366534393013353
2026-05-12 16:12:12.406,21.88865723074059,11.416659772464754,5.268826777546565,7.982687335426817,4.166113619308817,2.365981575416299
2026-05-12 16:12:13.435,21.881361696912336,11.394561117583635,5.268905751489001,7.982924257254126,4.165876697481508,2.367324132437716
2026-05-12 16:12:14.466,21.881361696912336,11.412713584093126,5.2696165169709275,7.982608361484381,4.166508489020998,2.369930272538113
2026-05-12 16:12:15.493,21.881361696912336,11.409556633395823,5.269932412740673,7.9822134917722,4.166350541136126,2.3705620640776033
2026-05-12 16:12:16.521,21.881361696912336,11.414292059441777,5.269458569086055,7.9818975960024545,4.166034645366381,2.3728523084082553
2026-05-12 16:12:17.550,21.881361696912336,11.405610445024195,5.270169334567981,7.98284528331169,4.164850036229836,2.373563073890182
2026-05-12 16:12:18.578,21.881361696912336,11.412713584093126,5.270248308510418,7.9833191269663075,4.1657187495966355,2.3765640837027604
2026-05-12 16:12:19.605,21.881361696912336,11.4119243464188,5.270959073992344,7.982608361484381,4.165323879884454,2.3763271618754516
2026-05-12 16:12:20.636,21.881361696912336,11.402453494326892,5.270248308510418,7.9824504135995085,4.165955671423944,2.3796440674577752
2026-05-12 16:12:21.661,21.881361696912336,11.404821207349869,5.270090360625545,7.982687335426817,4.165244905942018,2.3819343117884273
2026-05-12 16:12:22.687,21.881361696912336,11.42849833757964,5.270011386683109,7.983556048793616,4.1651659319995815,2.382645077270354
2026-05-12 16:12:23.721,21.874066163083967,11.413502821767452,5.270643178222599,7.983713996678489,4.166824384790743,2.3825661033279175
2026-05-12 16:12:24.751,21.874066163083967,11.421395198510709,5.270880100049908,7.983950918505798,4.168403863639469,2.3842245561190794
2026-05-12 16:12:25.783,21.881361696912336,11.4119243464188,5.271353943704526,7.982371439657072,4.165007984114709,2.38548813919806
2026-05-12 16:12:26.810,21.881361696912336,11.425341386882337,5.270880100049908,7.982766309369254,4.165481827769327,2.386909670161913
2026-05-12 16:12:27.837,21.881361696912336,11.437969189671549,5.271353943704526,7.982608361484381,4.166113619308817,2.3888050447803835
2026-05-12 16:12:28.866,21.881361696912336,11.401664256652566,5.271274969762089,7.982687335426817,4.165797723539072,2.390621445456418
2026-05-12 16:12:29.894,21.874066163083967,11.4119243464188,5.272143683128888,7.98284528331169,4.167614124215106,2.391490158823217
2026-05-12 16:12:30.923,21.881361696912336,11.418238247813406,5.272933422553251,7.982529387541945,4.1680089939272875,2.3933855334416876
2026-05-12 16:12:31.951,21.881361696912336,11.42297367385936,5.271748813416707,7.981581700232709,4.165086958057145,2.3944911686357955
2026-05-12 16:12:32.981,21.881361696912336,11.397718068280938,5.27253855284107,7.9824504135995085,4.165481827769327,2.395754751714776
2026-05-12 16:12:34.009,21.881361696912336,11.413502821767452,5.272775474668379,7.9833191269663075,4.166192593251253,2.3984398657576094
2026-05-12 16:12:35.043,21.881361696912336,11.415081297116103,5.272933422553251,7.984029892448234,4.1651659319995815,2.3988347354697908
2026-05-12 16:12:36.074,21.881361696912336,11.415081297116103,5.272775474668379,7.98347707485118,4.165323879884454,2.401124979800443
2026-05-12 16:12:37.106,21.874066163083967,11.430076812928291,5.272617526783506,7.982292465714636,4.168403863639469,2.402546510764296
2026-05-12 16:12:38.138,21.881361696912336,11.425341386882337,5.273644188035178,7.982766309369254,4.165086958057145,2.4033362501886586
2026-05-12 16:12:39.168,21.874066163083967,11.413502821767452,5.27380213592005,7.983713996678489,4.167456176330234,2.4072849473104725
2026-05-12 16:12:40.198,21.881361696912336,11.438758427345874,5.274197005632232,7.982924257254126,4.165086958057145,2.407679817022654
2026-05-12 16:12:41.223,21.874066163083967,11.412713584093126,5.273960083804923,7.983713996678489,4.165955671423944,2.4087854522167618
2026-05-12 16:12:42.250,21.874066163083967,11.415081297116103,5.274197005632232,7.983161179081435,4.168087967869724,2.410285957123051
2026-05-12 16:12:43.276,21.874066163083967,11.431655288276943,5.273565214092741,7.982687335426817,4.1671402805604885,2.410838774720105
2026-05-12 16:12:44.305,21.874066163083967,11.403242732001218,5.274591875344413,7.983082205138999,4.165797723539072,2.4126551753961394
2026-05-12 16:12:45.333,21.881361696912336,11.414292059441777,5.27380213592005,7.98284528331169,4.1657187495966355,2.41391875847512
2026-05-12 16:12:46.369,21.881361696912336,11.419816723162057,5.2747498232292855,7.983161179081435,4.166429515078562,2.4158141330935905
2026-05-12 16:12:47.396,21.881361696912336,11.432444525951269,5.274197005632232,7.983082205138999,4.164929010172273,2.4181043774242426
2026-05-12 16:12:48.424,21.874066163083967,11.436390714322897,5.274118031689795,7.983635022736053,4.165955671423944,2.4184202731939877
2026-05-12 16:12:49.454,21.881361696912336,11.396928830606612,5.275539562653648,7.983161179081435,4.165560801711763,2.421026413294385
2026-05-12 16:12:50.480,21.874066163083967,11.425341386882337,5.274591875344413,7.9838719445633615,4.165007984114709,2.4221320484884927
2026-05-12 16:12:51.512,21.874066163083967,11.425341386882337,5.275144692941467,7.984029892448234,4.1651659319995815,2.4252120322435076
2026-05-12 16:12:52.551,21.881361696912336,11.407978158047172,5.276408276020447,7.982529387541945,4.165323879884454,2.4252120322435076
2026-05-12 16:12:53.580,21.874066163083967,11.419027485487732,5.27593443236583,7.983635022736053,4.1665874629634345,2.4266335632073606
2026-05-12 16:12:54.611,21.874066163083967,11.40639968269852,5.276092380250702,7.984503736102852,4.166508489020998,2.4285289378258312
2026-05-12 16:12:55.642,21.874066163083967,11.403242732001218,5.276013406308266,7.982529387541945,4.164850036229836,2.42876585965314
2026-05-12 16:12:56.673,21.881361696912336,11.398507305955263,5.275855458423393,7.983082205138999,4.166429515078562,2.430424312444302
2026-05-12 16:12:57.699,21.874066163083967,11.422184436185034,5.275776484480957,7.983635022736053,4.1657187495966355,2.4326355828325177
2026-05-12 16:12:58.727,21.881361696912336,11.408767395721497,5.276250328135575,7.983635022736053,4.165244905942018,2.4335042961993167
2026-05-12 16:12:59.754,21.874066163083967,11.413502821767452,5.2761713541931385,7.9838719445633615,4.165876697481508,2.4354786447602237
2026-05-12 16:13:00.784,21.881361696912336,11.427709099905314,5.2761713541931385,7.983240153023871,4.167377202387797,2.4365053060118953
2026-05-12 16:13:01.814,21.874066163083967,11.442704615717503,5.275697510538521,7.983240153023871,4.167061306618052,2.4387955503425474
2026-05-12 16:13:02.840,21.874066163083967,11.423762911533686,5.277750833041864,7.984503736102852,4.166271567193689,2.4402960552488366
2026-05-12 16:13:03.864,21.874066163083967,11.411135108744475,5.2767241717901925,7.9818975960024545,4.168087967869724,2.4419545080399985
2026-05-12 16:13:04.894,21.874066163083967,11.426130624556663,5.276961093617501,7.983635022736053,4.165244905942018,2.4433760390038515
2026-05-12 16:13:05.926,21.874066163083967,11.4119243464188,5.277119041502374,7.982766309369254,4.164929010172273,2.4440078305433417
2026-05-12 16:13:06.956,21.874066163083967,11.414292059441777,5.2778298069843,7.983003231196562,4.167298228445361,2.4456662833345035
2026-05-12 16:13:07.982,21.874066163083967,11.418238247813406,5.277671859099428,7.98284528331169,4.167772072099979,2.4476406318954105
2026-05-12 16:13:09.009,21.874066163083967,11.404821207349869,5.277671859099428,7.982924257254126,4.166508489020998,2.448351397377337
2026-05-12 16:13:10.047,21.874066163083967,11.421395198510709,5.278303650638918,7.981660674175146,4.165323879884454,2.4504836938231165
2026-05-12 16:13:11.073,21.874066163083967,11.414292059441777,5.277355963329683,7.982292465714636,4.165560801711763,2.4530898339235137
2026-05-12 16:13:12.101,21.874066163083967,11.416659772464754,5.278382624581354,7.982055543887327,4.16690335873318,2.4530898339235137
2026-05-12 16:13:13.131,21.874066163083967,11.411135108744475,5.278856468235972,7.983161179081435,4.1651659319995815,2.454590338829803
2026-05-12 16:13:14.161,21.874066163083967,11.416659772464754,5.278777494293536,7.983240153023871,4.165876697481508,2.4576703225848178
2026-05-12 16:13:15.186,21.874066163083967,11.435601476648571,5.279093390063281,7.9833191269663075,4.1671402805604885,2.458933905663798
2026-05-12 16:13:16.213,21.874066163083967,11.433233763625594,5.27933031189059,7.983713996678489,4.167061306618052,2.459170827491107
2026-05-12 16:13:17.255,21.866770629255655,11.416659772464754,5.278777494293536,7.9833191269663075,4.165955671423944,2.4606713323973963
2026-05-12 16:13:18.284,21.874066163083967,11.414292059441777,5.278856468235972,7.983556048793616,4.165876697481508,2.4627246549007396
2026-05-12 16:13:19.313,21.874066163083967,11.435601476648571,5.278935442178408,7.981739648117582,4.16540285382689,2.463751316152411
2026-05-12 16:13:20.340,21.874066163083967,11.407188920372846,5.2795672337178985,7.983003231196562,4.16540285382689,2.4649359252889553
2026-05-12 16:13:21.385,21.874066163083967,11.415081297116103,5.280277999199825,7.983713996678489,4.166192593251253,2.4672261696196074
2026-05-12 16:13:22.412,21.866770629255655,11.415081297116103,5.279488259775462,7.982055543887327,4.167930019984851,2.4674630914469162
2026-05-12 16:13:23.442,21.874066163083967,11.419027485487732,5.279093390063281,7.9822134917722,4.165560801711763,2.469121544238078
2026-05-12 16:13:24.468,21.866770629255655,11.426919862230989,5.279488259775462,7.981976569944891,4.165876697481508,2.4710169188565487
2026-05-12 16:13:25.499,21.874066163083967,11.407978158047172,5.279883129487644,7.982608361484381,4.1651659319995815,2.473070241359892
2026-05-12 16:13:26.529,21.874066163083967,11.416659772464754,5.279725181602771,7.982766309369254,4.167456176330234,2.4740969026115636
2026-05-12 16:13:27.561,21.866770629255655,11.431655288276943,5.280120051314952,7.983082205138999,4.166113619308817,2.4755184335754166
2026-05-12 16:13:28.588,21.874066163083967,11.423762911533686,5.279646207660335,7.981739648117582,4.165244905942018,2.478440469445559
2026-05-12 16:13:29.615,21.866770629255655,11.422184436185034,5.2804359470846975,7.981581700232709,4.1651659319995815,2.4788353391577402
2026-05-12 16:13:30.645,21.866770629255655,11.423762911533686,5.280672868912006,7.98347707485118,4.165481827769327,2.4805727658913383
2026-05-12 16:13:31.673,21.874066163083967,11.430076812928291,5.280199025257389,7.982766309369254,4.167219254502925,2.4809676356035197
2026-05-12 16:13:32.721,21.866770629255655,11.408767395721497,5.280514921027134,7.98347707485118,4.166429515078562,2.4839686454160983
2026-05-12 16:13:33.748,21.866770629255655,11.424552149208012,5.280909790739315,7.98347707485118,4.165955671423944,2.484442489070716
2026-05-12 16:13:34.779,21.866770629255655,11.421395198510709,5.281778504106114,7.98410886639067,4.165086958057145,2.4862588897467504
2026-05-12 16:13:35.807,21.874066163083967,11.407978158047172,5.280909790739315,7.982529387541945,4.165481827769327,2.487522472825731
2026-05-12 16:13:36.834,21.866770629255655,11.414292059441777,5.281699530163678,7.983398100908744,4.166113619308817,2.4899706650412554
2026-05-12 16:13:37.863,21.874066163083967,11.415870534790429,5.2824102956456045,7.984424762160415,4.167930019984851,2.4902075868685642
2026-05-12 16:13:38.888,21.874066163083967,11.435601476648571,5.282094399875859,7.983635022736053,4.165876697481508,2.494077310047942
2026-05-12 16:13:39.916,21.866770629255655,11.391404166886332,5.281620556221242,7.983003231196562,4.165244905942018,2.4948670494723046
2026-05-12 16:13:40.944,21.866770629255655,11.419027485487732,5.282252347760732,7.982055543887327,4.1657187495966355,2.495577814954231
2026-05-12 16:13:41.973,21.866770629255655,11.422184436185034,5.281462608336369,7.98284528331169,4.164850036229836,2.4965255022634665
2026-05-12 16:13:43.001,21.866770629255655,11.426919862230989,5.2832790090124035,7.983003231196562,4.164850036229836,2.4979470332273195
2026-05-12 16:13:44.046,21.874066163083967,11.427709099905314,5.282884139300222,7.981502726290273,4.166508489020998,2.5010270169823343
2026-05-12 16:13:45.075,21.866770629255655,11.414292059441777,5.282805165357786,7.982371439657072,4.166666436905871,2.500711121212589
2026-05-12 16:13:46.106,21.874066163083967,11.404031969675543,5.282884139300222,7.983713996678489,4.167377202387797,2.5028434176583687
2026-05-12 16:13:47.139,21.874066163083967,11.4119243464188,5.283121061127531,7.983240153023871,4.166113619308817,2.5051336619890208
2026-05-12 16:13:48.167,21.866770629255655,11.432444525951269,5.2838318266094575,7.98284528331169,4.166824384790743,2.504896740161712
2026-05-12 16:13:49.197,21.874066163083967,11.407188920372846,5.28335798295484,7.983556048793616,4.166034645366381,2.507186984492364
2026-05-12 16:13:50.230,21.866770629255655,11.41744901013908,5.2838318266094575,7.983082205138999,4.165955671423944,2.5085295415137807
2026-05-12 16:13:51.263,21.874066163083967,11.437969189671549,5.2832790090124035,7.983398100908744,4.166034645366381,2.5105038900746877
2026-05-12 16:13:52.303,21.874066163083967,11.418238247813406,5.284542592091384,7.984029892448234,4.1665874629634345,2.510898759786869
2026-05-12 16:13:53.336,21.874066163083967,11.411135108744475,5.285016435746002,7.982924257254126,4.167061306618052,2.512636186520467
2026-05-12 16:13:54.362,21.874066163083967,11.442704615717503,5.283673878724585,7.982529387541945,4.165244905942018,2.5143736132540653
2026-05-12 16:13:55.389,21.866770629255655,11.396928830606612,5.283673878724585,7.983950918505798,4.166745410848307,2.5175325709515164
2026-05-12 16:13:56.417,21.874066163083967,11.415870534790429,5.284463618148948,7.983161179081435,4.165244905942018,2.518243336433443
2026-05-12 16:13:57.447,21.874066163083967,11.413502821767452,5.2852533575733105,7.983240153023871,4.167298228445361,2.519348971627551
2026-05-12 16:13:58.482,21.874066163083967,11.42849833757964,5.284858487861129,7.982608361484381,4.166508489020998,2.520296658936786
2026-05-12 16:13:59.512,21.866770629255655,11.40639968269852,5.285806175170364,7.9822134917722,4.1651659319995815,2.5224289553825656
2026-05-12 16:14:00.538,21.874066163083967,11.421395198510709,5.284937461803565,7.9833191269663075,4.166271567193689,2.52361356451911
2026-05-12 16:14:01.569,21.866770629255655,11.436390714322897,5.284937461803565,7.982371439657072,4.16753515027267,2.525903808849762
2026-05-12 16:14:02.595,21.874066163083967,11.435601476648571,5.285016435746002,7.983003231196562,4.166982332675616,2.5258248349073256
2026-05-12 16:14:03.622,21.874066163083967,11.396928830606612,5.285174383630874,7.982134517829763,4.166113619308817,2.5275622616409237
2026-05-12 16:14:04.654,21.874066163083967,11.419027485487732,5.2852533575733105,7.982924257254126,4.165323879884454,2.5295366102018306
2026-05-12 16:14:05.682,21.874066163083967,11.430076812928291,5.285332331515747,7.982687335426817,4.165481827769327,2.5311950629929925
2026-05-12 16:14:06.713,21.874066163083967,11.416659772464754,5.285569253343056,7.982766309369254,4.16753515027267,2.532142750302228
2026-05-12 16:14:07.740,21.874066163083967,11.409556633395823,5.285648227285492,7.984582710045288,4.166271567193689,2.5343540206904436
2026-05-12 16:14:08.768,21.874066163083967,11.427709099905314,5.286201044882546,7.98284528331169,4.165955671423944,2.535380681942115
2026-05-12 16:14:09.802,21.881361696912336,11.4119243464188,5.287227706134217,7.983082205138999,4.165086958057145,2.5365652910786594
2026-05-12 16:14:10.832,21.874066163083967,11.419816723162057,5.286358992767418,7.983713996678489,4.166034645366381,2.538697587524439
2026-05-12 16:14:11.862,21.866770629255655,11.422184436185034,5.286595914594727,7.983161179081435,4.1651659319995815,2.5403560403156007
2026-05-12 16:14:12.889,21.874066163083967,11.419027485487732,5.286595914594727,7.982055543887327,4.165955671423944,2.5411457797399635
2026-05-12 16:14:13.919,21.874066163083967,11.431655288276943,5.28738565401909,7.983082205138999,4.167061306618052,2.542409362818944
2026-05-12 16:14:14.951,21.874066163083967,11.416659772464754,5.286911810364472,7.982529387541945,4.165955671423944,2.5445416592647234
2026-05-12 16:14:15.975,21.874066163083967,11.419027485487732,5.286280018824982,7.9833191269663075,4.166192593251253,2.546437033883194
2026-05-12 16:14:17.003,21.874066163083967,11.402453494326892,5.287701549788835,7.983082205138999,4.16816694181216,2.5477006169621745
2026-05-12 16:14:18.031,21.874066163083967,11.441915378043177,5.287227706134217,7.983556048793616,4.166113619308817,2.5490431739835913
2026-05-12 16:14:19.058,21.874066163083967,11.430076812928291,5.287938471616144,7.9824504135995085,4.1647710622874,2.5505436788898805
2026-05-12 16:14:20.087,21.874066163083967,11.407978158047172,5.288175393443453,7.982529387541945,4.1651659319995815,2.5518862359112973
2026-05-12 16:14:21.112,21.874066163083967,11.40639968269852,5.287701549788835,7.982292465714636,4.164692088344964,2.5533867408175865
2026-05-12 16:14:22.144,21.874066163083967,11.415081297116103,5.28738565401909,7.983003231196562,4.165955671423944,2.5547292978390033
2026-05-12 16:14:23.175,21.874066163083967,11.415870534790429,5.288728211040507,7.982055543887327,4.166982332675616,2.5570195421696553
2026-05-12 16:14:24.201,21.874066163083967,11.426130624556663,5.288570263155634,7.983003231196562,4.165876697481508,2.5574144118818367
2026-05-12 16:14:25.232,21.874066163083967,11.414292059441777,5.2889651328678156,7.98410886639067,4.164850036229836,2.5593887604427437
2026-05-12 16:14:26.259,21.88865723074059,11.443493853391828,5.28864923709807,7.9824504135995085,4.165007984114709,2.560336447751979
2026-05-12 16:14:27.284,21.874066163083967,11.445861566414806,5.289675898349742,7.982055543887327,4.166982332675616,2.5627056660250673
2026-05-12 16:14:28.311,21.874066163083967,11.433233763625594,5.289360002579997,7.982371439657072,4.165639775654199,2.5642061709313566
2026-05-12 16:14:29.337,21.866770629255655,11.409556633395823,5.288886158925379,7.9818975960024545,4.1671402805604885,2.5649959103557194
2026-05-12 16:14:30.368,21.874066163083967,11.415081297116103,5.288728211040507,7.982371439657072,4.165007984114709,2.567207180743935
2026-05-12 16:14:31.399,21.874066163083967,11.422184436185034,5.288807184982943,7.982529387541945,4.167456176330234,2.567759998340989
2026-05-12 16:14:32.442,21.874066163083967,11.404031969675543,5.290228715946796,7.983240153023871,4.166350541136126,2.56965537295946
2026-05-12 16:14:33.474,21.881361696912336,11.415870534790429,5.29014974200436,7.982371439657072,4.165086958057145,2.572577408829602
2026-05-12 16:14:34.499,21.874066163083967,11.431655288276943,5.29014974200436,7.983003231196562,4.165086958057145,2.572814330656911
2026-05-12 16:14:35.529,21.874066163083967,11.430076812928291,5.289991794119487,7.983240153023871,4.16540285382689,2.5740779137358913
2026-05-12 16:14:36.555,21.881361696912336,11.404821207349869,5.291097429313595,7.982924257254126,4.167298228445361,2.5761312362392346
2026-05-12 16:14:37.585,21.881361696912336,11.423762911533686,5.290465637774105,7.983713996678489,4.165876697481508,2.5787373763396317
2026-05-12 16:14:38.630,21.874066163083967,11.408767395721497,5.291650246910649,7.982371439657072,4.1647710622874,2.579606089706431
2026-05-12 16:14:39.656,21.874066163083967,11.419027485487732,5.290386663831669,7.981739648117582,4.165481827769327,2.5807117249005387
2026-05-12 16:14:40.686,21.874066163083967,11.429287575253966,5.29078153354385,7.982371439657072,4.165481827769327,2.581659412209774
2026-05-12 16:14:41.717,21.874066163083967,11.409556633395823,5.291255377198468,7.983635022736053,4.167298228445361,2.583080943173627
2026-05-12 16:14:42.749,21.874066163083967,11.436390714322897,5.290623585658977,7.983082205138999,4.167456176330234,2.5846604220223526
2026-05-12 16:14:43.780,21.874066163083967,11.412713584093126,5.290702559601414,7.983950918505798,4.166192593251253,2.5860029790437693
2026-05-12 16:14:44.836,21.881361696912336,11.42297367385936,5.291255377198468,7.984029892448234,4.1657187495966355,2.588214249431985
2026-05-12 16:14:45.865,21.874066163083967,11.415081297116103,5.291334351140904,7.983240153023871,4.1657187495966355,2.5894778325109655
2026-05-12 16:14:46.897,21.874066163083967,11.419027485487732,5.291966142680394,7.983240153023871,4.164929010172273,2.591373207129436
2026-05-12 16:14:47.924,21.881361696912336,11.442704615717503,5.2923610123925755,7.982529387541945,4.164692088344964,2.594216269057142
2026-05-12 16:14:48.951,21.874066163083967,11.411135108744475,5.291887168737958,7.982529387541945,4.165955671423944,2.594137295114706
2026-05-12 16:14:49.976,21.874066163083967,11.419816723162057,5.292203064507703,7.982924257254126,4.16690335873318,2.5957957479058678
2026-05-12 16:14:51.003,21.874066163083967,11.413502821767452,5.292439986335012,7.983240153023871,4.166034645366381,2.597296252812157
2026-05-12 16:14:52.030,21.874066163083967,11.418238247813406,5.29204511662283,7.983003231196562,4.166192593251253,2.5988757316608826
2026-05-12 16:14:53.059,21.874066163083967,11.418238247813406,5.291966142680394,7.982608361484381,4.166113619308817,2.599270601373064
2026-05-12 16:14:54.086,21.874066163083967,11.419027485487732,5.292439986335012,7.983398100908744,4.165955671423944,2.6014028978188435
2026-05-12 16:14:55.112,21.874066163083967,11.424552149208012,5.2923610123925755,7.9833191269663075,4.166113619308817,2.6036141682070593
2026-05-12 16:14:56.139,21.874066163083967,11.426919862230989,5.292992803932066,7.982371439657072,4.166824384790743,2.6050356991709123
2026-05-12 16:14:57.167,21.874066163083967,11.433233763625594,5.293229725759375,7.98284528331169,4.165797723539072,2.6059044125377113
2026-05-12 16:14:58.193,21.874066163083967,11.423762911533686,5.293071777874502,7.983240153023871,4.164929010172273,2.609221318120035
2026-05-12 16:14:59.224,21.874066163083967,11.414292059441777,5.293940491241301,7.983556048793616,4.165086958057145,2.6096951617746527
2026-05-12 16:15:00.254,21.874066163083967,11.405610445024195,5.29354562152912,7.982766309369254,4.165876697481508,2.6101690054292703
2026-05-12 16:15:01.281,21.874066163083967,11.42297367385936,5.293229725759375,7.984424762160415,4.168324889697033,2.611827458220432
2026-05-12 16:15:02.306,21.874066163083967,11.443493853391828,5.2943353609534824,7.983240153023871,4.165876697481508,2.613248989184285
2026-05-12 16:15:03.336,21.874066163083967,11.43402300129992,5.29417741306861,7.98284528331169,4.165955671423944,2.615223337745192
2026-05-12 16:15:04.366,21.874066163083967,11.440336902694526,5.294019465183737,7.982766309369254,4.165955671423944,2.6163289729393
2026-05-12 16:15:05.396,21.866770629255655,11.418238247813406,5.29417741306861,7.983556048793616,4.165955671423944,2.6193299827518786
2026-05-12 16:15:06.424,21.874066163083967,11.414292059441777,5.294414334895919,7.983556048793616,4.165481827769327,2.619961774291369
2026-05-12 16:15:07.450,21.874066163083967,11.416659772464754,5.294888178550536,7.983635022736053,4.166824384790743,2.622330992564457
2026-05-12 16:15:08.475,21.874066163083967,11.410345871070149,5.294651256723228,7.983003231196562,4.166034645366381,2.6227258622766385
2026-05-12 16:15:09.504,21.874066163083967,11.418238247813406,5.294651256723228,7.982608361484381,4.166982332675616,2.62312073198882
2026-05-12 16:15:10.536,21.874066163083967,11.41744901013908,5.296072787687081,7.984582710045288,4.166192593251253,2.6275432727652515
2026-05-12 16:15:11.565,21.874066163083967,11.423762911533686,5.294888178550536,7.983082205138999,4.165007984114709,2.6278591685349966
2026-05-12 16:15:12.594,21.874066163083967,11.4119243464188,5.294888178550536,7.983713996678489,4.165639775654199,2.628806855844232
2026-05-12 16:15:13.619,21.874066163083967,11.429287575253966,5.294888178550536,7.983713996678489,4.164850036229836,2.6307022304627026
2026-05-12 16:15:14.650,21.874066163083967,11.42297367385936,5.295125100377845,7.983950918505798,4.16690335873318,2.633387344505536
2026-05-12 16:15:15.677,21.874066163083967,11.419027485487732,5.2952040743202815,7.98347707485118,4.165244905942018,2.6340191360450262
2026-05-12 16:15:16.704,21.881361696912336,11.419816723162057,5.295125100377845,7.9838719445633615,4.167061306618052,2.634492979699644
2026-05-12 16:15:17.730,21.874066163083967,11.419816723162057,5.296072787687081,7.982687335426817,4.166034645366381,2.6363883543181146
2026-05-12 16:15:18.766,21.874066163083967,11.441126140368851,5.296704579226571,7.981344778405401,4.165244905942018,2.6368621979727322
2026-05-12 16:15:19.794,21.874066163083967,11.444283091066154,5.295914839802208,7.983082205138999,4.1657187495966355,2.640179103555056
2026-05-12 16:15:20.822,21.874066163083967,11.440336902694526,5.296151761629517,7.982687335426817,4.165955671423944,2.6404160253823648
2026-05-12 16:15:21.853,21.866770629255655,11.441915378043177,5.296230735571953,7.982529387541945,4.167456176330234,2.643574983079816
2026-05-12 16:15:22.877,21.874066163083967,11.4119243464188,5.295993813744644,7.982529387541945,4.1657187495966355,2.643653957022252
2026-05-12 16:15:23.909,21.866770629255655,11.419816723162057,5.296230735571953,7.982766309369254,4.16540285382689,2.6446806182739238
2026-05-12 16:15:24.963,21.881361696912336,11.413502821767452,5.29694150105388,7.982371439657072,4.166034645366381,2.645944201352904
2026-05-12 16:15:25.992,21.866770629255655,11.411135108744475,5.297020474996316,7.983240153023871,4.165086958057145,2.649577002704973
2026-05-12 16:15:27.020,21.874066163083967,11.415081297116103,5.2971784228811885,7.982134517829763,4.165560801711763,2.6500508463595907
2026-05-12 16:15:28.046,21.874066163083967,11.414292059441777,5.297810214420679,7.98347707485118,4.165244905942018,2.6505246900142083
2026-05-12 16:15:29.072,21.874066163083967,11.4395476650202,5.297810214420679,7.9824504135995085,4.165560801711763,2.6524990385751153
2026-05-12 16:15:30.102,21.874066163083967,11.45059699246076,5.2980471362479875,7.983792970620925,4.166271567193689,2.653841595596532
2026-05-12 16:15:31.127,21.874066163083967,11.402453494326892,5.2971784228811885,7.983003231196562,4.166350541136126,2.655026204733076
2026-05-12 16:15:32.154,21.874066163083967,11.419027485487732,5.298520979902605,7.983398100908744,4.167298228445361,2.6579482406032184
2026-05-12 16:15:33.184,21.874066163083967,11.426919862230989,5.29757329259337,7.98284528331169,4.165560801711763,2.6588959279124538
2026-05-12 16:15:34.212,21.874066163083967,11.421395198510709,5.298678927787478,7.982055543887327,4.164929010172273,2.6593697715670714
2026-05-12 16:15:35.240,21.874066163083967,11.426919862230989,5.29820508413286,7.9822134917722,4.166113619308817,2.661502068012851
2026-05-12 16:15:36.267,21.874066163083967,11.424552149208012,5.298994823557223,7.9833191269663075,4.1657187495966355,2.663792312343503
2026-05-12 16:15:37.298,21.874066163083967,11.41744901013908,5.299547641154277,7.98284528331169,4.16816694181216,2.6641871820556844
2026-05-12 16:15:38.326,21.874066163083967,11.414292059441777,5.298126110190424,7.9824504135995085,4.165955671423944,2.6656876869619737
2026-05-12 16:15:39.354,21.874066163083967,11.422184436185034,5.298757901729914,7.982766309369254,4.165086958057145,2.6672671658106992
2026-05-12 16:15:40.384,21.874066163083967,11.423762911533686,5.299389693269404,7.981976569944891,4.1651659319995815,2.6690835664867336
2026-05-12 16:15:41.414,21.874066163083967,11.411135108744475,5.298520979902605,7.982529387541945,4.168403863639469,2.670663045335459
2026-05-12 16:15:42.439,21.874066163083967,11.4119243464188,5.299547641154277,7.9833191269663075,4.167298228445361,2.672005602356876
2026-05-12 16:15:43.466,21.874066163083967,11.404031969675543,5.299705589039149,7.9822134917722,4.165560801711763,2.673743029090474
2026-05-12 16:15:44.492,21.874066163083967,11.425341386882337,5.300574302405948,7.982687335426817,4.165323879884454,2.675401481881636
2026-05-12 16:15:45.524,21.874066163083967,11.420605960836383,5.300258406636203,7.981581700232709,4.168087967869724,2.6776127522698516
2026-05-12 16:15:46.550,21.874066163083967,11.42297367385936,5.300100458751331,7.982529387541945,4.166271567193689,2.6778496740971605
2026-05-12 16:15:47.601,21.874066163083967,11.432444525951269,5.3000214848088945,7.9824504135995085,4.166350541136126,2.6801399184278125
2026-05-12 16:15:48.632,21.874066163083967,11.441915378043177,5.299942510866458,7.984661683987724,4.167298228445361,2.6807717099673027
2026-05-12 16:15:49.659,21.874066163083967,11.415081297116103,5.299547641154277,7.984187840333107,4.168719759409214,2.6827460585282097
2026-05-12 16:15:50.685,21.874066163083967,11.433233763625594,5.3008901981756935,7.9833191269663075,4.165876697481508,2.6836147718950087
2026-05-12 16:15:51.711,21.874066163083967,11.432444525951269,5.3008901981756935,7.983240153023871,4.165007984114709,2.6857470683407882
2026-05-12 16:15:52.737,21.874066163083967,11.425341386882337,5.300416354521076,7.982924257254126,4.166192593251253,2.6875634690168226
2026-05-12 16:15:53.803,21.881361696912336,11.42849833757964,5.300732250290821,7.983003231196562,4.165244905942018,2.6895378175777296
2026-05-12 16:15:54.831,21.874066163083967,11.419816723162057,5.300653276348385,7.983556048793616,4.166034645366381,2.691591140081073
2026-05-12 16:15:55.858,21.881361696912336,11.421395198510709,5.301364041830311,7.9833191269663075,4.1680089939272875,2.6929336971024895
2026-05-12 16:15:56.887,21.874066163083967,11.420605960836383,5.300653276348385,7.984187840333107,4.165007984114709,2.693407540757107
2026-05-12 16:15:57.910,21.866770629255655,11.421395198510709,5.302074807312238,7.983398100908744,4.165323879884454,2.6946711238360876
2026-05-12 16:15:58.938,21.874066163083967,11.419816723162057,5.301837885484929,7.9822134917722,4.165955671423944,2.6963295766272495
2026-05-12 16:15:59.964,21.874066163083967,11.429287575253966,5.302390703081983,7.983792970620925,4.1651659319995815,2.6994095603822643
2026-05-12 16:16:00.992,21.874066163083967,11.441126140368851,5.302074807312238,7.9822134917722,4.165007984114709,2.698777768842774
2026-05-12 16:16:02.018,21.874066163083967,11.42297367385936,5.301285067887875,7.983003231196562,4.167851046042415,2.7006731434612448
2026-05-12 16:16:03.045,21.874066163083967,11.419816723162057,5.301837885484929,7.981976569944891,4.164692088344964,2.702489544137279
2026-05-12 16:16:04.075,21.874066163083967,11.4119243464188,5.302706598851728,7.983003231196562,4.1651659319995815,2.7035162053889508
2026-05-12 16:16:05.101,21.874066163083967,11.449018517112108,5.302390703081983,7.982766309369254,4.167456176330234,2.7048587624103675
2026-05-12 16:16:06.130,21.874066163083967,11.415870534790429,5.301916859427365,7.98347707485118,4.168245915754596,2.7068331109712744
2026-05-12 16:16:07.158,21.874066163083967,11.433233763625594,5.303180442506346,7.983003231196562,4.166113619308817,2.7077018243380735
2026-05-12 16:16:08.184,21.874066163083967,11.427709099905314,5.302469677024419,7.983398100908744,4.165797723539072,2.710150016553598
2026-05-12 16:16:09.209,21.874066163083967,11.429287575253966,5.303101468563909,7.983713996678489,4.166113619308817,2.711887443287196
2026-05-12 16:16:10.239,21.874066163083967,11.4119243464188,5.3028645467366005,7.983240153023871,4.165797723539072,2.7120453911720688
2026-05-12 16:16:11.264,21.874066163083967,11.438758427345874,5.302943520679037,7.982924257254126,4.1657187495966355,2.7142566615602846
2026-05-12 16:16:12.290,21.866770629255655,11.426130624556663,5.303575312218527,7.9822134917722,4.166271567193689,2.715283322811956
2026-05-12 16:16:13.320,21.874066163083967,11.434812238974246,5.303575312218527,7.983950918505798,4.167851046042415,2.7174156192577357
2026-05-12 16:16:14.346,21.881361696912336,11.441915378043177,5.304522999527762,7.982292465714636,4.165560801711763,2.719784837530824
2026-05-12 16:16:15.376,21.874066163083967,11.426130624556663,5.303812234045836,7.983161179081435,4.165876697481508,2.719547915703515
2026-05-12 16:16:16.416,21.874066163083967,11.430866050602617,5.30436505164289,7.982766309369254,4.16753515027267,2.7227858473434026
2026-05-12 16:16:17.442,21.866770629255655,11.436390714322897,5.30436505164289,7.9818975960024545,4.1651659319995815,2.723496612825329
2026-05-12 16:16:18.469,21.874066163083967,11.436390714322897,5.303654286160963,7.982371439657072,4.165323879884454,2.7267345444652165
2026-05-12 16:16:19.497,21.874066163083967,11.420605960836383,5.305075817124816,7.983240153023871,4.165244905942018,2.7261027529257262
2026-05-12 16:16:20.525,21.874066163083967,11.448229279437783,5.304601973470199,7.98284528331169,4.165323879884454,2.727998127544197
2026-05-12 16:16:21.553,21.874066163083967,11.444283091066154,5.305312738952125,7.98347707485118,4.165560801711763,2.7287878669685597
2026-05-12 16:16:22.579,21.874066163083967,11.404031969675543,5.30499684318238,7.9824504135995085,4.165007984114709,2.7312360591840843
2026-05-12 16:16:23.606,21.874066163083967,11.415870534790429,5.304680947412635,7.98347707485118,4.164929010172273,2.7343950168815354
2026-05-12 16:16:24.633,21.874066163083967,11.426919862230989,5.305312738952125,7.98347707485118,4.16540285382689,2.7338421992844815
2026-05-12 16:16:25.663,21.874066163083967,11.42297367385936,5.305391712894561,7.98347707485118,4.165007984114709,2.7369221830394963
2026-05-12 16:16:26.691,21.874066163083967,11.42849833757964,5.305075817124816,7.983950918505798,4.166034645366381,2.737948844291168
2026-05-12 16:16:27.720,21.874066163083967,11.430076812928291,5.30626042626136,7.983950918505798,4.167930019984851,2.7377908964062954
2026-05-12 16:16:28.751,21.874066163083967,11.415870534790429,5.305865556549179,7.983082205138999,4.1657187495966355,2.7398442189096386
2026-05-12 16:16:29.781,21.874066163083967,11.430866050602617,5.30562863472187,7.983161179081435,4.165560801711763,2.74087088016131
2026-05-12 16:16:30.812,21.874066163083967,11.405610445024195,5.306734269915978,7.98284528331169,4.165086958057145,2.7424503590100358
2026-05-12 16:16:31.840,21.866770629255655,11.427709099905314,5.305549660779434,7.983240153023871,4.1665874629634345,2.7448985512255604
2026-05-12 16:16:32.864,21.874066163083967,11.430076812928291,5.306339400203797,7.982687335426817,4.165323879884454,2.7478205870957026
2026-05-12 16:16:33.889,21.866770629255655,11.41744901013908,5.305075817124816,7.9838719445633615,4.166350541136126,2.748215456807884
2026-05-12 16:16:34.917,21.874066163083967,11.421395198510709,5.306655295973542,7.98347707485118,4.164850036229836,2.7495580138293008
2026-05-12 16:16:35.944,21.866770629255655,11.426130624556663,5.305549660779434,7.982134517829763,4.165955671423944,2.7517692842175165
2026-05-12 16:16:36.974,21.874066163083967,11.444283091066154,5.3071291396281595,7.982924257254126,4.1665874629634345,2.7517692842175165
2026-05-12 16:16:38.002,21.874066163083967,11.404821207349869,5.306813243858414,7.982608361484381,4.168403863639469,2.7529538933540607
2026-05-12 16:16:39.028,21.874066163083967,11.426130624556663,5.307445035397905,7.982687335426817,4.166192593251253,2.7548492679725314
2026-05-12 16:16:40.053,21.874066163083967,11.440336902694526,5.3065763220311055,7.983003231196562,4.165244905942018,2.757613355957801
2026-05-12 16:16:41.085,21.874066163083967,11.431655288276943,5.306971191743287,7.982371439657072,4.167298228445361,2.7577713038426737
2026-05-12 16:16:42.114,21.874066163083967,11.426130624556663,5.306339400203797,7.982608361484381,4.165007984114709,2.7591928348065267
2026-05-12 16:16:43.143,21.874066163083967,11.431655288276943,5.307287087513032,7.984266814275543,4.165876697481508,2.76187794884936
2026-05-12 16:16:44.171,21.874066163083967,11.409556633395823,5.307681957225213,7.982766309369254,4.16690335873318,2.7625097403888503
2026-05-12 16:16:45.201,21.874066163083967,11.420605960836383,5.307524009340341,7.982687335426817,4.168245915754596,2.7654317762589926
2026-05-12 16:16:46.230,21.874066163083967,11.4395476650202,5.3071291396281595,7.982924257254126,4.1665874629634345,2.7664584375106642
2026-05-12 16:16:47.258,21.881361696912336,11.431655288276943,5.307445035397905,7.983556048793616,4.165639775654199,2.7676430466472084
2026-05-12 16:16:48.289,21.874066163083967,11.408767395721497,5.308234774822267,7.983792970620925,4.165323879884454,2.7693014994383702
2026-05-12 16:16:49.318,21.874066163083967,11.415870534790429,5.3085506705920125,7.9833191269663075,4.165955671423944,2.7696963691505516
2026-05-12 16:16:50.346,21.881361696912336,11.434812238974246,5.308155800879831,7.982766309369254,4.165007984114709,2.7713548219417135
2026-05-12 16:16:51.371,21.874066163083967,11.429287575253966,5.30776093116765,7.982924257254126,4.165481827769327,2.7734081444450567
2026-05-12 16:16:52.417,21.881361696912336,11.45059699246076,5.307918879052522,7.983713996678489,4.16540285382689,2.7758563366605813
2026-05-12 16:16:53.450,21.874066163083967,11.423762911533686,5.308787592419321,7.983635022736053,4.165323879884454,2.776882997912253
2026-05-12 16:16:54.496,21.874066163083967,11.42849833757964,5.30839272270714,7.983398100908744,4.167614124215106,2.7773568415668706
2026-05-12 16:16:55.524,21.874066163083967,11.424552149208012,5.308945540304194,7.9824504135995085,4.166113619308817,2.778936320415596
2026-05-12 16:16:56.552,21.874066163083967,11.435601476648571,5.3094193839588115,7.9824504135995085,4.165323879884454,2.780910668976503
2026-05-12 16:16:57.589,21.874066163083967,11.430866050602617,5.308234774822267,7.982055543887327,4.16816694181216,2.7844644963861356
2026-05-12 16:16:58.620,21.874066163083967,11.429287575253966,5.309103488189066,7.982608361484381,4.168087967869724,2.7832798872495914
2026-05-12 16:16:59.652,21.874066163083967,11.41744901013908,5.308629644534449,7.983003231196562,4.167456176330234,2.78628089706217
2026-05-12 16:17:00.679,21.881361696912336,11.445861566414806,5.309103488189066,7.981502726290273,4.168403863639469,2.7876234540835867
2026-05-12 16:17:01.707,21.874066163083967,11.444283091066154,5.309893227613429,7.982608361484381,4.166824384790743,2.7884921674503858
2026-05-12 16:17:02.736,21.866770629255655,11.420605960836383,5.310998862807537,7.9822134917722,4.165876697481508,2.791730099090273
2026-05-12 16:17:03.761,21.874066163083967,11.433233763625594,5.309498357901248,7.983792970620925,4.165244905942018,2.7914931772629643
2026-05-12 16:17:04.791,21.874066163083967,11.432444525951269,5.310209123383174,7.983556048793616,4.165560801711763,2.792598812457072
2026-05-12 16:17:05.820,21.874066163083967,11.425341386882337,5.31115681069241,7.983003231196562,4.166192593251253,2.7940993173633615
2026-05-12 16:17:06.848,21.874066163083967,11.410345871070149,5.310051175498302,7.982292465714636,4.165876697481508,2.795994691981832
2026-05-12 16:17:07.873,21.874066163083967,11.437969189671549,5.310525019152919,7.9824504135995085,4.166034645366381,2.797890066600303
2026-05-12 16:17:08.908,21.874066163083967,11.419027485487732,5.310130149440738,7.981423752347837,4.1671402805604885,2.8001013369885186
2026-05-12 16:17:09.939,21.874066163083967,11.444283091066154,5.311630654347027,7.982608361484381,4.167693098157542,2.8004962067007
2026-05-12 16:17:10.970,21.874066163083967,11.433233763625594,5.310682967037792,7.982371439657072,4.167061306618052,2.8027074770889158
2026-05-12 16:17:11.999,21.874066163083967,11.426130624556663,5.311630654347027,7.983082205138999,4.167851046042415,2.8057874608439306
2026-05-12 16:17:13.026,21.874066163083967,11.409556633395823,5.31115681069241,7.983398100908744,4.165955671423944,2.8049187474771315
2026-05-12 16:17:14.056,21.874066163083967,11.412713584093126,5.311867576174336,7.982371439657072,4.166113619308817,2.806498226325857
2026-05-12 16:17:15.095,21.874066163083967,11.420605960836383,5.311077836749973,7.983635022736053,4.165481827769327,2.8086305227716366
2026-05-12 16:17:16.123,21.874066163083967,11.425341386882337,5.311235784634846,7.98347707485118,4.165323879884454,2.8100520537354896
2026-05-12 16:17:17.151,21.874066163083967,11.425341386882337,5.311630654347027,7.983556048793616,4.165639775654199,2.8123422980661417
2026-05-12 16:17:18.183,21.874066163083967,11.430076812928291,5.3117886022319,7.982134517829763,4.164534140460091,2.813289985375377
2026-05-12 16:17:19.211,21.866770629255655,11.427709099905314,5.312499367713826,7.983240153023871,4.1647710622874,2.8140007508573035
2026-05-12 16:17:20.238,21.874066163083967,11.429287575253966,5.312499367713826,7.983003231196562,4.1647710622874,2.816369969130392
2026-05-12 16:17:21.265,21.874066163083967,11.407978158047172,5.312025524059209,7.9824504135995085,4.168482837581905,2.8168438127850095
2026-05-12 16:17:22.296,21.874066163083967,11.426130624556663,5.312578341656263,7.982134517829763,4.165086958057145,2.819844822597588
2026-05-12 16:17:23.324,21.874066163083967,11.446650804089131,5.31242039377139,7.9833191269663075,4.165955671423944,2.8203186662522057
2026-05-12 16:17:24.353,21.874066163083967,11.427709099905314,5.312341419828954,7.982766309369254,4.165244905942018,2.821266353561441
2026-05-12 16:17:25.384,21.874066163083967,11.422184436185034,5.3136839768503705,7.98284528331169,4.166192593251253,2.8237145457769657
2026-05-12 16:17:26.410,21.874066163083967,11.432444525951269,5.313999872620116,7.984029892448234,4.165639775654199,2.8247412070286373
2026-05-12 16:17:27.438,21.874066163083967,11.431655288276943,5.312736289541135,7.985135527642342,4.164455166517655,2.825767868280309
2026-05-12 16:17:28.465,21.866770629255655,11.425341386882337,5.312973211368444,7.983240153023871,4.168087967869724,2.828058112610961
2026-05-12 16:17:29.495,21.866770629255655,11.451386230135085,5.312973211368444,7.982924257254126,4.166034645366381,2.829163747805069
2026-05-12 16:17:30.522,21.866770629255655,11.448229279437783,5.313210133195753,7.9833191269663075,4.165007984114709,2.831453992135721
2026-05-12 16:17:31.550,21.866770629255655,11.419816723162057,5.313289107138189,7.982924257254126,4.165007984114709,2.832085783675211
2026-05-12 16:17:32.585,21.874066163083967,11.409556633395823,5.314078846562552,7.983161179081435,4.165007984114709,2.8333493667541916
2026-05-12 16:17:33.612,21.866770629255655,11.42849833757964,5.313368081080625,7.983161179081435,4.1647710622874,2.8358765329121525
2026-05-12 16:17:34.639,21.874066163083967,11.419816723162057,5.313762950792807,7.983082205138999,4.1657187495966355,2.8365083244516427
2026-05-12 16:17:35.666,21.866770629255655,11.429287575253966,5.314315768389861,7.9833191269663075,4.16690335873318,2.839667282149094
2026-05-12 16:17:36.693,21.874066163083967,11.418238247813406,5.314710638102042,7.983240153023871,4.165639775654199,2.8404570215734566
2026-05-12 16:17:37.723,21.866770629255655,11.442704615717503,5.313999872620116,7.9818975960024545,4.164929010172273,2.841720604652437
2026-05-12 16:17:38.749,21.874066163083967,11.430866050602617,5.314394742332297,7.982924257254126,4.16753515027267,2.842905213788981
2026-05-12 16:17:39.776,21.866770629255655,11.426919862230989,5.314631664159606,7.9833191269663075,4.165323879884454,2.8444057186952705
2026-05-12 16:17:40.802,21.874066163083967,11.419816723162057,5.314394742332297,7.9833191269663075,4.1647710622874,2.845985197543996
2026-05-12 16:17:41.830,21.866770629255655,11.415870534790429,5.3142367944474245,7.982371439657072,4.164613114402528,2.84653801514105
2026-05-12 16:17:42.857,21.866770629255655,11.424552149208012,5.31581627329615,7.982134517829763,4.165955671423944,2.848591337644393
2026-05-12 16:17:43.883,21.866770629255655,11.44507232874048,5.315263455699096,7.983635022736053,4.167614124215106,2.850249790435555
2026-05-12 16:17:44.910,21.874066163083967,11.444283091066154,5.315500377526405,7.982766309369254,4.165797723539072,2.8526979826510797
2026-05-12 16:17:45.937,21.874066163083967,11.407978158047172,5.31518448175666,7.983161179081435,4.165323879884454,2.854198487557369
2026-05-12 16:17:46.966,21.874066163083967,11.419816723162057,5.315263455699096,7.983161179081435,4.165560801711763,2.8554620706363494
2026-05-12 16:17:47.989,21.874066163083967,11.437179951997223,5.314789612044478,7.983240153023871,4.1665874629634345,2.8560938621758396
2026-05-12 16:17:49.016,21.874066163083967,11.430076812928291,5.317158830317567,7.982766309369254,4.164692088344964,2.8597266635279084
2026-05-12 16:17:50.041,21.874066163083967,11.444283091066154,5.316053195123459,7.9838719445633615,4.164929010172273,2.860437429009835
2026-05-12 16:17:51.069,21.866770629255655,11.444283091066154,5.315026533871787,7.98284528331169,4.165639775654199,2.8620169078585604
2026-05-12 16:17:52.096,21.866770629255655,11.42849833757964,5.315579351468841,7.983240153023871,4.165481827769327,2.86414920430434
2026-05-12 16:17:53.123,21.866770629255655,11.4395476650202,5.315737299353714,7.983082205138999,4.165560801711763,2.863596386707286
2026-05-12 16:17:54.150,21.874066163083967,11.443493853391828,5.315974221181023,7.983398100908744,4.164613114402528,2.8654127873833204
2026-05-12 16:17:55.179,21.874066163083967,11.425341386882337,5.3165270387780765,7.983240153023871,4.16540285382689,2.8675450838291
2026-05-12 16:17:56.208,21.874066163083967,11.45059699246076,5.316606012720513,7.983556048793616,4.166192593251253,2.8693614845051343
2026-05-12 16:17:57.239,21.874066163083967,11.432444525951269,5.316763960605385,7.983003231196562,4.1647710622874,2.869835328159752
2026-05-12 16:17:58.267,21.866770629255655,11.427709099905314,5.316369090893204,7.982924257254126,4.165086958057145,2.8714148070084775
2026-05-12 16:17:59.295,21.866770629255655,11.421395198510709,5.317790621857057,7.9824504135995085,4.1671402805604885,2.872125572490404
2026-05-12 16:18:00.323,21.874066163083967,11.422184436185034,5.318027543684366,7.982924257254126,4.167298228445361,2.8742578689361835
2026-05-12 16:18:01.349,21.866770629255655,11.425341386882337,5.317711647914621,7.983635022736053,4.165797723539072,2.876706061151708
2026-05-12 16:18:02.378,21.874066163083967,11.444283091066154,5.317316778202439,7.983240153023871,4.1642972186327825,2.878127592115561
2026-05-12 16:18:03.408,21.866770629255655,11.427709099905314,5.317395752144876,7.983950918505798,4.1647710622874,2.8785224618277425
2026-05-12 16:18:04.438,21.866770629255655,11.438758427345874,5.318896257051165,7.983161179081435,4.165876697481508,2.880891680100831
2026-05-12 16:18:05.466,21.866770629255655,11.429287575253966,5.317711647914621,7.982766309369254,4.165797723539072,2.8842085856831545
2026-05-12 16:18:06.493,21.874066163083967,11.418238247813406,5.317474726087312,7.982766309369254,4.165481827769327,2.882945002604174
2026-05-12 16:18:07.523,21.866770629255655,11.423762911533686,5.318264465511675,7.9833191269663075,4.166113619308817,2.8861829342440615
2026-05-12 16:18:08.549,21.866770629255655,11.425341386882337,5.318422413396547,7.983635022736053,4.164376192575219,2.886103960301625
2026-05-12 16:18:09.582,21.866770629255655,11.437179951997223,5.319291126763346,7.982608361484381,4.166034645366381,2.888315230689841
2026-05-12 16:18:10.616,21.866770629255655,11.415081297116103,5.318422413396547,7.983161179081435,4.164534140460091,2.8902106053083116
2026-05-12 16:18:11.643,21.874066163083967,11.430866050602617,5.318738309166292,7.9818975960024545,4.165481827769327,2.890921370790238
2026-05-12 16:18:12.668,21.866770629255655,11.429287575253966,5.318975230993601,7.982766309369254,4.1657187495966355,2.892263927811655
2026-05-12 16:18:13.692,21.866770629255655,11.449807754786434,5.318343439454111,7.983635022736053,4.1651659319995815,2.893685458775508
2026-05-12 16:18:14.719,21.859475095427342,11.424552149208012,5.320317788015018,7.983398100908744,4.164534140460091,2.8976341558973218
2026-05-12 16:18:15.748,21.874066163083967,11.421395198510709,5.318738309166292,7.982529387541945,4.164692088344964,2.897081338300268
2026-05-12 16:18:16.775,21.866770629255655,11.445861566414806,5.319449074648219,7.983161179081435,4.164455166517655,2.8990556868611748
2026-05-12 16:18:17.802,21.874066163083967,11.422184436185034,5.319133178878474,7.982529387541945,4.167456176330234,2.900793113594773
2026-05-12 16:18:18.828,21.866770629255655,11.42297367385936,5.320317788015018,7.982292465714636,4.164376192575219,2.901345931191827
2026-05-12 16:18:19.856,21.866770629255655,11.42849833757964,5.320001892245273,7.982529387541945,4.164534140460091,2.903083357925425
2026-05-12 16:18:20.886,21.866770629255655,11.437969189671549,5.320554709842327,7.984029892448234,4.164850036229836,2.9046628367741505
2026-05-12 16:18:21.917,21.866770629255655,11.444283091066154,5.320080866187709,7.982924257254126,4.166508489020998,2.9068741071623663
2026-05-12 16:18:22.940,21.866770629255655,11.441915378043177,5.320554709842327,7.982529387541945,4.164613114402528,2.907900768414038
2026-05-12 16:18:23.967,21.866770629255655,11.423762911533686,5.320159840130145,7.9822134917722,4.167219254502925,2.9086905078384007
2026-05-12 16:18:24.992,21.866770629255655,11.422184436185034,5.320870605612072,7.982924257254126,4.164929010172273,2.911296647938798
2026-05-12 16:18:26.021,21.866770629255655,11.430866050602617,5.321423423209126,7.983003231196562,4.165244905942018,2.912244335248033
2026-05-12 16:18:27.047,21.866770629255655,11.415870534790429,5.321660345036435,7.982055543887327,4.165086958057145,2.913902788039195
2026-05-12 16:18:28.077,21.874066163083967,11.43402300129992,5.321028553496944,7.98410886639067,4.16690335873318,2.9157191887152294
2026-05-12 16:18:29.110,21.866770629255655,11.423762911533686,5.320001892245273,7.983003231196562,4.165639775654199,2.917298667563955
2026-05-12 16:18:30.177,21.874066163083967,11.42849833757964,5.321660345036435,7.983240153023871,4.164850036229836,2.9186412245853717
2026-05-12 16:18:31.205,21.859475095427342,11.419027485487732,5.321502397151562,7.981818622060018,4.165639775654199,2.919825833721916
2026-05-12 16:18:32.233,21.866770629255655,11.432444525951269,5.321660345036435,7.981265804462964,4.165244905942018,2.921879156225259
2026-05-12 16:18:33.262,21.859475095427342,11.424552149208012,5.321739318978871,7.984029892448234,4.165876697481508,2.923616582958857
2026-05-12 16:18:34.289,21.866770629255655,11.414292059441777,5.322055214748616,7.983635022736053,4.164613114402528,2.924959139980274
2026-05-12 16:18:35.316,21.866770629255655,11.43402300129992,5.322134188691052,7.983713996678489,4.165639775654199,2.926380670944127
2026-05-12 16:18:36.343,21.866770629255655,11.421395198510709,5.321581371093998,7.982134517829763,4.164534140460091,2.9282760455625976
2026-05-12 16:18:37.369,21.866770629255655,11.434812238974246,5.322529058403234,7.983713996678489,4.166350541136126,2.929855524411323
2026-05-12 16:18:38.399,21.874066163083967,11.441915378043177,5.321897266863743,7.983082205138999,4.165244905942018,2.931750899029794
2026-05-12 16:18:39.424,21.866770629255655,11.432444525951269,5.322055214748616,7.983635022736053,4.166113619308817,2.933251403936083
2026-05-12 16:18:40.451,21.874066163083967,11.420605960836383,5.322371110518361,7.982529387541945,4.1671402805604885,2.933251403936083
2026-05-12 16:18:41.482,21.866770629255655,11.419027485487732,5.323081876000288,7.9824504135995085,4.165244905942018,2.935541648266735
2026-05-12 16:18:42.509,21.866770629255655,11.4395476650202,5.323318797827596,7.983161179081435,4.165086958057145,2.9368052313457156
2026-05-12 16:18:43.537,21.859475095427342,11.430866050602617,5.3227659802305425,7.9822134917722,4.165876697481508,2.9384636841368774
2026-05-12 16:18:44.562,21.866770629255655,11.41744901013908,5.322687006288106,7.983003231196562,4.1657187495966355,2.9402011108704755
2026-05-12 16:18:45.592,21.866770629255655,11.413502821767452,5.324029563309523,7.983713996678489,4.1671402805604885,2.9419385376040736
2026-05-12 16:18:46.622,21.866770629255655,11.422184436185034,5.323081876000288,7.98284528331169,4.167772072099979,2.943202120683054
2026-05-12 16:18:47.669,21.874066163083967,11.42297367385936,5.32260803234567,7.983950918505798,4.16690335873318,2.944939547416652
2026-05-12 16:18:48.700,21.866770629255655,11.42297367385936,5.324108537251959,7.983082205138999,4.164613114402528,2.94541339107127
2026-05-12 16:18:49.727,21.866770629255655,11.433233763625594,5.3236346935973415,7.983556048793616,4.164929010172273,2.9489672184809024
2026-05-12 16:18:50.754,21.859475095427342,11.423762911533686,5.324108537251959,7.981344778405401,4.167061306618052,2.949125166365775
2026-05-12 16:18:51.781,21.866770629255655,11.431655288276943,5.3241875111943955,7.984029892448234,4.164613114402528,2.9503887494447554
2026-05-12 16:18:52.809,21.866770629255655,11.425341386882337,5.324424433021704,7.98284528331169,4.164692088344964,2.9518102804086084
2026-05-12 16:18:53.835,21.874066163083967,11.430866050602617,5.32387161542465,7.983398100908744,4.166429515078562,2.952521045890535
2026-05-12 16:18:54.863,21.866770629255655,11.421395198510709,5.323792641482214,7.982687335426817,4.164850036229836,2.955916925415295
2026-05-12 16:18:55.896,21.866770629255655,11.432444525951269,5.325451094273376,7.982924257254126,4.164929010172273,2.956311795127476
2026-05-12 16:18:56.922,21.866770629255655,11.422184436185034,5.324661354849013,7.982608361484381,4.164850036229836,2.9580492218610743
2026-05-12 16:18:57.951,21.866770629255655,11.419816723162057,5.324029563309523,7.983556048793616,4.166508489020998,2.9594707528249273
2026-05-12 16:18:58.977,21.859475095427342,11.421395198510709,5.325530068215812,7.9822134917722,4.164929010172273,2.961366127443398
2026-05-12 16:19:00.005,21.866770629255655,11.415081297116103,5.326082885812866,7.982371439657072,4.165244905942018,2.962550736579942
2026-05-12 16:19:01.032,21.866770629255655,11.419816723162057,5.325530068215812,7.982924257254126,4.164613114402528,2.9634984238891775
2026-05-12 16:19:02.059,21.874066163083967,11.423762911533686,5.324977250618758,7.983635022736053,4.1647710622874,2.965946616104702
2026-05-12 16:19:03.084,21.866770629255655,11.422184436185034,5.325135198503631,7.982292465714636,4.165086958057145,2.9683948083202267
2026-05-12 16:19:04.111,21.874066163083967,11.420605960836383,5.326082885812866,7.982371439657072,4.165244905942018,2.9694214695718983
2026-05-12 16:19:05.136,21.866770629255655,11.421395198510709,5.32600391187043,7.98284528331169,4.166824384790743,2.9694214695718983
2026-05-12 16:19:06.164,21.866770629255655,11.449018517112108,5.326161859755302,7.984503736102852,4.164376192575219,2.971632739960114
2026-05-12 16:19:07.193,21.866770629255655,11.437179951997223,5.326398781582611,7.984029892448234,4.165639775654199,2.9726594012117857
2026-05-12 16:19:08.221,21.866770629255655,11.430866050602617,5.32600391187043,7.981581700232709,4.165244905942018,2.9740019582332025
2026-05-12 16:19:09.250,21.859475095427342,11.431655288276943,5.326082885812866,7.982608361484381,4.165560801711763,2.975897332851673
2026-05-12 16:19:10.277,21.859475095427342,11.425341386882337,5.326793651294793,7.982055543887327,4.164850036229836,2.9771609159306536
2026-05-12 16:19:11.322,21.866770629255655,11.418238247813406,5.326319807640175,7.982292465714636,4.164929010172273,2.9802408996856684
2026-05-12 16:19:12.349,21.866770629255655,11.424552149208012,5.327109547064538,7.983082205138999,4.165797723539072,2.9802408996856684
2026-05-12 16:19:13.378,21.866770629255655,11.441126140368851,5.327188521006974,7.983240153023871,4.164850036229836,2.9817414045919577
2026-05-12 16:19:14.404,21.866770629255655,11.44507232874048,5.327583390719155,7.983713996678489,4.1680089939272875,2.9839526749801735
2026-05-12 16:19:15.431,21.866770629255655,11.425341386882337,5.3278992864889005,7.982608361484381,4.16540285382689,2.9845054925772274
2026-05-12 16:19:16.457,21.866770629255655,11.419027485487732,5.327346468891847,7.983161179081435,4.165639775654199,2.986321893253262
2026-05-12 16:19:17.486,21.866770629255655,11.448229279437783,5.327583390719155,7.983556048793616,4.165244905942018,2.9879013721019874
2026-05-12 16:19:18.516,21.866770629255655,11.423762911533686,5.327583390719155,7.9824504135995085,4.165876697481508,2.989796746720458
2026-05-12 16:19:19.544,21.866770629255655,11.452964705483737,5.327109547064538,7.9824504135995085,4.164613114402528,2.990902381914566
2026-05-12 16:19:20.572,21.866770629255655,11.425341386882337,5.327425442834283,7.982924257254126,4.167061306618052,2.994614157209071
2026-05-12 16:19:21.598,21.866770629255655,11.429287575253966,5.327741338604028,7.9833191269663075,4.165007984114709,2.9941403135544533
2026-05-12 16:19:22.667,21.866770629255655,11.425341386882337,5.329162869567881,7.98347707485118,4.1651659319995815,2.996351583942669
2026-05-12 16:19:23.697,21.866770629255655,11.444283091066154,5.3278992864889005,7.984266814275543,4.165481827769327,2.998089010676267
2026-05-12 16:19:24.724,21.866770629255655,11.415870534790429,5.3293208174527535,7.983240153023871,4.1642972186327825,3.0001423331796104
2026-05-12 16:19:25.754,21.866770629255655,11.435601476648571,5.328846973798136,7.984345788217979,4.165323879884454,3.000616176834228
2026-05-12 16:19:26.785,21.859475095427342,11.425341386882337,5.328294156201082,7.983950918505798,4.165876697481508,3.0032223169346253
2026-05-12 16:19:27.813,21.859475095427342,11.445861566414806,5.329162869567881,7.982292465714636,4.16540285382689,3.0024325775102625
2026-05-12 16:19:28.840,21.859475095427342,11.419816723162057,5.3287679998557,7.982292465714636,4.165323879884454,3.004564873956042
2026-05-12 16:19:29.867,21.874066163083967,11.433233763625594,5.33003158293468,7.982529387541945,4.164534140460091,3.005749483092586
2026-05-12 16:19:30.897,21.866770629255655,11.418238247813406,5.329636713222499,7.982687335426817,4.164929010172273,3.0096981802144
2026-05-12 16:19:31.926,21.866770629255655,11.426130624556663,5.329162869567881,7.9824504135995085,4.165244905942018,3.0106458675236354
2026-05-12 16:19:32.956,21.866770629255655,11.419816723162057,5.329241843510317,7.982608361484381,4.165481827769327,3.0112776590631256
2026-05-12 16:19:34.011,21.859475095427342,11.449018517112108,5.330584400531734,7.982529387541945,4.166113619308817,3.0123832942572335
2026-05-12 16:19:35.041,21.866770629255655,11.42297367385936,5.329636713222499,7.983082205138999,4.165797723539072,3.013330981566469
2026-05-12 16:19:36.069,21.866770629255655,11.4395476650202,5.329715687164935,7.983240153023871,4.166666436905871,3.015621225897121
2026-05-12 16:19:37.095,21.866770629255655,11.437969189671549,5.330268504761989,7.983082205138999,4.166113619308817,3.0164109653214837
2026-05-12 16:19:38.121,21.866770629255655,11.449018517112108,5.329636713222499,7.981976569944891,4.167377202387797,3.0183853138823906
2026-05-12 16:19:39.148,21.866770629255655,11.415081297116103,5.33066337447417,7.983635022736053,4.1657187495966355,3.0208335060979152
2026-05-12 16:19:40.173,21.866770629255655,11.449807754786434,5.330189530819553,7.983398100908744,4.164850036229836,3.0211494018676603
2026-05-12 16:19:41.200,21.866770629255655,11.438758427345874,5.329952608992244,7.984187840333107,4.165481827769327,3.0234396461983124
2026-05-12 16:19:42.230,21.859475095427342,11.426130624556663,5.330584400531734,7.982292465714636,4.16540285382689,3.025571942644092
2026-05-12 16:19:43.260,21.866770629255655,11.413502821767452,5.330821322359043,7.9833191269663075,4.1651659319995815,3.0263616820684547
2026-05-12 16:19:44.286,21.866770629255655,11.424552149208012,5.330900296301479,7.982608361484381,4.165560801711763,3.0277042390898714
2026-05-12 16:19:45.326,21.866770629255655,11.448229279437783,5.331374139956097,7.982687335426817,4.166113619308817,3.0296785876507784
2026-05-12 16:19:46.355,21.859475095427342,11.437179951997223,5.331532087840969,7.9818975960024545,4.165560801711763,3.0328375453482295
2026-05-12 16:19:47.382,21.866770629255655,11.427709099905314,5.332400801207768,7.983398100908744,4.166508489020998,3.0322057538087392
2026-05-12 16:19:48.408,21.866770629255655,11.420605960836383,5.331769009668278,7.983161179081435,4.167772072099979,3.034969841794009
2026-05-12 16:19:49.437,21.866770629255655,11.442704615717503,5.331453113898533,7.982924257254126,4.165797723539072,3.0354436854486266
2026-05-12 16:19:50.467,21.859475095427342,11.431655288276943,5.3321638793804595,7.983082205138999,4.165639775654199,3.0373390600670973
2026-05-12 16:19:51.499,21.859475095427342,11.425341386882337,5.331769009668278,7.983082205138999,4.1657187495966355,3.038049825549024
2026-05-12 16:19:52.526,21.866770629255655,11.431655288276943,5.33279567091995,7.983240153023871,4.166113619308817,3.0396293043977494
2026-05-12 16:19:53.559,21.866770629255655,11.423762911533686,5.332321827265332,7.984819631872597,4.165639775654199,3.0425513402678916
2026-05-12 16:19:54.611,21.859475095427342,11.421395198510709,5.332400801207768,7.981818622060018,4.164613114402528,3.0424723663254554
2026-05-12 16:19:55.637,21.859475095427342,11.4395476650202,5.332242853322896,7.982608361484381,4.1647710622874,3.044604662771235
2026-05-12 16:19:56.669,21.866770629255655,11.430076812928291,5.333111566689695,7.983635022736053,4.165797723539072,3.046342089504833
2026-05-12 16:19:57.702,21.859475095427342,11.433233763625594,5.333506436401876,7.982134517829763,4.164850036229836,3.0491061774901027
2026-05-12 16:19:58.731,21.859475095427342,11.429287575253966,5.332953618804822,7.98284528331169,4.167377202387797,3.050053864799338
2026-05-12 16:19:59.760,21.859475095427342,11.433233763625594,5.332637723035077,7.9824504135995085,4.1647710622874,3.050922578166137
2026-05-12 16:20:00.788,21.866770629255655,11.440336902694526,5.333269514574567,7.982055543887327,4.164850036229836,3.0529759006694803
2026-05-12 16:20:01.817,21.859475095427342,11.44507232874048,5.333111566689695,7.983003231196562,4.164534140460091,3.0529759006694803
2026-05-12 16:20:02.842,21.866770629255655,11.430866050602617,5.333743358229185,7.98284528331169,4.1647710622874,3.054871275287951
2026-05-12 16:20:03.867,21.859475095427342,11.444283091066154,5.333111566689695,7.9824504135995085,4.165797723539072,3.0570035717337305
2026-05-12 16:20:04.894,21.866770629255655,11.43402300129992,5.333822332171621,7.98347707485118,4.166034645366381,3.0581881808702747
2026-05-12 16:20:05.918,21.866770629255655,11.437179951997223,5.334217201883803,7.982292465714636,4.165955671423944,3.0598466336614365
2026-05-12 16:20:06.951,21.866770629255655,11.419816723162057,5.334296175826239,7.981818622060018,4.164850036229836,3.061347138567726
2026-05-12 16:20:07.979,21.859475095427342,11.430866050602617,5.334296175826239,7.983556048793616,4.165481827769327,3.0621368779920886
2026-05-12 16:20:09.029,21.866770629255655,11.437179951997223,5.33469104553842,7.9833191269663075,4.167377202387797,3.064190200495432
2026-05-12 16:20:10.056,21.859475095427342,11.42849833757964,5.335243863135474,7.982292465714636,4.16540285382689,3.0655327575168485
2026-05-12 16:20:11.087,21.859475095427342,11.443493853391828,5.333664384286749,7.984266814275543,4.164850036229836,3.0675071060777555
2026-05-12 16:20:12.116,21.859475095427342,11.426130624556663,5.3350069413081656,7.98347707485118,4.1657187495966355,3.0682968455021182
2026-05-12 16:20:13.145,21.859475095427342,11.435601476648571,5.334454123711112,7.981976569944891,4.165481827769327,3.0704291419478977
2026-05-12 16:20:14.176,21.859475095427342,11.43402300129992,5.33405925399893,7.9847406579301605,4.165481827769327,3.071613751084442
2026-05-12 16:20:15.205,21.866770629255655,11.434812238974246,5.335480784962783,7.983003231196562,4.1647710622874,3.07335117781804
2026-05-12 16:20:16.231,21.859475095427342,11.416659772464754,5.336112576502273,7.982608361484381,4.165876697481508,3.0751675784940744
2026-05-12 16:20:17.259,21.859475095427342,11.441126140368851,5.334612071595984,7.983161179081435,4.165560801711763,3.077852692536908
2026-05-12 16:20:18.287,21.859475095427342,11.435601476648571,5.335085915250602,7.983398100908744,4.164534140460091,3.077852692536908
2026-05-12 16:20:19.314,21.866770629255655,11.437969189671549,5.335717706790092,7.984582710045288,4.167456176330234,3.0791952495583246
2026-05-12 16:20:20.350,21.866770629255655,11.449018517112108,5.335875654674965,7.983082205138999,4.165560801711763,3.081248572061668
2026-05-12 16:20:21.379,21.859475095427342,11.42849833757964,5.335085915250602,7.982766309369254,4.164692088344964,3.084486503701555
2026-05-12 16:20:22.403,21.859475095427342,11.425341386882337,5.335164889193038,7.982529387541945,4.164850036229836,3.084486503701555
2026-05-12 16:20:23.429,21.866770629255655,11.414292059441777,5.335480784962783,7.982529387541945,4.164455166517655,3.084723425528864
2026-05-12 16:20:24.455,21.85217956159903,11.423762911533686,5.335954628617401,7.982371439657072,4.16540285382689,3.0871716177443886
2026-05-12 16:20:25.488,21.859475095427342,11.445861566414806,5.335480784962783,7.9833191269663075,4.164929010172273,3.087882383226315
2026-05-12 16:20:26.536,21.859475095427342,11.430076812928291,5.336349498329582,7.9833191269663075,4.165007984114709,3.0902516014994035
2026-05-12 16:20:27.566,21.859475095427342,11.42849833757964,5.336665394099327,7.982529387541945,4.164850036229836,3.091515184578384
2026-05-12 16:20:28.594,21.859475095427342,11.449807754786434,5.337297185638818,7.983240153023871,4.167298228445361,3.0942002986212174
2026-05-12 16:20:29.620,21.866770629255655,11.445861566414806,5.336665394099327,7.982134517829763,4.165560801711763,3.0942002986212174
2026-05-12 16:20:30.647,21.859475095427342,11.4119243464188,5.336507446214455,7.9833191269663075,4.165797723539072,3.0959377253548155
2026-05-12 16:20:31.673,21.85217956159903,11.437179951997223,5.336744368041764,7.983082205138999,4.1657187495966355,3.0982279696854675
2026-05-12 16:20:32.700,21.859475095427342,11.4395476650202,5.337297185638818,7.983082205138999,4.165639775654199,3.0987807872825215
2026-05-12 16:20:33.727,21.859475095427342,11.437179951997223,5.337613081408563,7.9824504135995085,4.1657187495966355,3.1004392400736833
2026-05-12 16:20:34.756,21.866770629255655,11.422184436185034,5.337692055350999,7.983398100908744,4.165086958057145,3.1021766668072814
2026-05-12 16:20:35.785,21.859475095427342,11.427709099905314,5.33808692506318,7.983556048793616,4.165244905942018,3.1047038329652423
2026-05-12 16:20:36.813,21.866770629255655,11.429287575253966,5.338323846890489,7.983161179081435,4.166982332675616,3.1058884421017865
2026-05-12 16:20:37.865,21.859475095427342,11.426919862230989,5.337376159581254,7.983240153023871,4.164534140460091,3.106599207583713
2026-05-12 16:20:38.892,21.859475095427342,11.434812238974246,5.339350508142161,7.982134517829763,4.164534140460091,3.1087315040294925
2026-05-12 16:20:39.921,21.859475095427342,11.419816723162057,5.338323846890489,7.982134517829763,4.167298228445361,3.111100722302581
2026-05-12 16:20:40.948,21.859475095427342,11.415870534790429,5.337928977178308,7.982924257254126,4.165086958057145,3.1127591750937427
2026-05-12 16:20:41.975,21.859475095427342,11.425341386882337,5.339350508142161,7.983950918505798,4.165639775654199,3.1136278884605417
2026-05-12 16:20:43.003,21.85217956159903,11.448229279437783,5.338007951120744,7.983082205138999,4.1657187495966355,3.1141807060575957
2026-05-12 16:20:44.031,21.859475095427342,11.419816723162057,5.3384028208329255,7.982924257254126,4.165639775654199,3.115681210963885
2026-05-12 16:20:45.059,21.859475095427342,11.42849833757964,5.338876664487543,7.983240153023871,4.164929010172273,3.118524272891591
2026-05-12 16:20:46.090,21.859475095427342,11.448229279437783,5.3384028208329255,7.983161179081435,4.1651659319995815,3.119156064431081
2026-05-12 16:20:47.116,21.859475095427342,11.429287575253966,5.339508456027033,7.982766309369254,4.166192593251253,3.1229468136680225
2026-05-12 16:20:48.143,21.859475095427342,11.425341386882337,5.338876664487543,7.983556048793616,4.164929010172273,3.122236048186096
2026-05-12 16:20:49.168,21.859475095427342,11.42297367385936,5.339429482084597,7.983240153023871,4.164850036229836,3.1232627094377676
2026-05-12 16:20:50.195,21.859475095427342,11.426919862230989,5.339666403911906,7.984582710045288,4.165639775654199,3.1257898755957285
2026-05-12 16:20:51.227,21.859475095427342,11.426919862230989,5.340140247566524,7.982608361484381,4.165007984114709,3.1265796150200913
2026-05-12 16:20:52.256,21.859475095427342,11.445861566414806,5.339745377854342,7.983398100908744,4.165797723539072,3.1294226769477973
2026-05-12 16:20:53.281,21.859475095427342,11.449807754786434,5.339903325739215,7.98347707485118,4.166350541136126,3.1295016508902336
2026-05-12 16:20:54.309,21.85217956159903,11.416659772464754,5.340614091221141,7.983398100908744,4.165876697481508,3.131002155796523
2026-05-12 16:20:55.334,21.859475095427342,11.429287575253966,5.339429482084597,7.983713996678489,4.166034645366381,3.1328975304149935
2026-05-12 16:20:56.362,21.859475095427342,11.42849833757964,5.340298195451396,7.983398100908744,4.165639775654199,3.135898540227572
2026-05-12 16:20:57.386,21.866770629255655,11.430866050602617,5.341008960933323,7.983240153023871,4.166271567193689,3.137320071191425
2026-05-12 16:20:58.412,21.859475095427342,11.413502821767452,5.340772039106014,7.984029892448234,4.165560801711763,3.1370831493641163
2026-05-12 16:20:59.440,21.859475095427342,11.435601476648571,5.340535117278705,7.982687335426817,4.165086958057145,3.1394523676372046
2026-05-12 16:21:00.466,21.859475095427342,11.421395198510709,5.341008960933323,7.982924257254126,4.164534140460091,3.1414267161981115
2026-05-12 16:21:01.492,21.859475095427342,11.438758427345874,5.340535117278705,7.983003231196562,4.164929010172273,3.1420585077376018
2026-05-12 16:21:02.522,21.859475095427342,11.447440041763457,5.340535117278705,7.98284528331169,4.165481827769327,3.1436379865863273
2026-05-12 16:21:03.552,21.866770629255655,11.435601476648571,5.341008960933323,7.98410886639067,4.164376192575219,3.144743621780435
2026-05-12 16:21:04.582,21.859475095427342,11.426919862230989,5.341877674300122,7.983635022736053,4.164692088344964,3.1470338661110873
2026-05-12 16:21:05.611,21.866770629255655,11.434812238974246,5.341719726415249,7.98284528331169,4.164376192575219,3.14719181399596
2026-05-12 16:21:06.642,21.85217956159903,11.434812238974246,5.340929986990886,7.983950918505798,4.166034645366381,3.1497189801539207
2026-05-12 16:21:07.670,21.859475095427342,11.421395198510709,5.341956648242558,7.983240153023871,4.1651659319995815,3.1508246153480286
2026-05-12 16:21:08.697,21.859475095427342,11.416659772464754,5.342272544012303,7.982292465714636,4.166271567193689,3.153746651218171
2026-05-12 16:21:09.724,21.859475095427342,11.445861566414806,5.342430491897176,7.982134517829763,4.164692088344964,3.1541415209303523
2026-05-12 16:21:10.751,21.85217956159903,11.436390714322897,5.341324856703068,7.982608361484381,4.1657187495966355,3.156352791318568
2026-05-12 16:21:11.778,21.859475095427342,11.426919862230989,5.342904335551793,7.983556048793616,4.165639775654199,3.1567476610307494
2026-05-12 16:21:12.805,21.866770629255655,11.441126140368851,5.3426674137244845,7.982371439657072,4.164455166517655,3.157774322282421
2026-05-12 16:21:13.831,21.859475095427342,11.424552149208012,5.342351517954739,7.983082205138999,4.166034645366381,3.1604594363252545
2026-05-12 16:21:14.859,21.859475095427342,11.42297367385936,5.342351517954739,7.984187840333107,4.165244905942018,3.161486097576926
2026-05-12 16:21:15.887,21.85217956159903,11.446650804089131,5.34298330949423,7.981976569944891,4.166113619308817,3.1629866024832154
2026-05-12 16:21:16.916,21.859475095427342,11.431655288276943,5.342509465839612,7.9822134917722,4.1651659319995815,3.165197872871431
2026-05-12 16:21:17.944,21.859475095427342,11.430866050602617,5.3432202313215384,7.98284528331169,4.165797723539072,3.166303508065539
2026-05-12 16:21:19.011,21.859475095427342,11.4395476650202,5.342825361609357,7.983240153023871,4.164455166517655,3.1672511953747744
2026-05-12 16:21:20.039,21.859475095427342,11.445861566414806,5.343299205263975,7.9822134917722,4.167219254502925,3.1693045178781176
2026-05-12 16:21:21.067,21.859475095427342,11.442704615717503,5.342825361609357,7.98284528331169,4.1665874629634345,3.1723845016331325
2026-05-12 16:21:22.095,21.859475095427342,11.435601476648571,5.3440889446883375,7.982529387541945,4.165323879884454,3.1735691107696766
2026-05-12 16:21:23.122,21.85217956159903,11.452175467809411,5.343062283436666,7.9833191269663075,4.165481827769327,3.1731742410574952
2026-05-12 16:21:24.163,21.859475095427342,11.430076812928291,5.34424689257321,7.983240153023871,4.167061306618052,3.174753719906221
2026-05-12 16:21:25.191,21.85217956159903,11.423762911533686,5.3440889446883375,7.984029892448234,4.167377202387797,3.178465495200726
2026-05-12 16:21:26.218,21.85217956159903,11.431655288276943,5.343378179206411,7.983398100908744,4.165007984114709,3.1787024170280347
2026-05-12 16:21:27.247,21.859475095427342,11.426130624556663,5.344483814400519,7.982687335426817,4.166824384790743,3.1791762606826524
2026-05-12 16:21:28.274,21.85217956159903,11.430866050602617,5.344483814400519,7.984424762160415,4.164850036229836,3.181624452898177
2026-05-12 16:21:29.301,21.859475095427342,11.45059699246076,5.34424689257321,7.9818975960024545,4.16540285382689,3.1832039317469025
2026-05-12 16:21:30.326,21.859475095427342,11.424552149208012,5.343930996803465,7.983240153023871,4.165007984114709,3.185099306365373
2026-05-12 16:21:31.354,21.85217956159903,11.429287575253966,5.346142267191681,7.98284528331169,4.167693098157542,3.1862839155019174
2026-05-12 16:21:32.502,21.859475095427342,11.435601476648571,5.345747397479499,7.983556048793616,4.167772072099979,3.1877054464657704
2026-05-12 16:21:33.528,21.859475095427342,11.431655288276943,5.345431501709754,7.9833191269663075,4.164613114402528,3.1882582640628243
2026-05-12 16:21:34.557,21.859475095427342,11.454543180832388,5.344562788342955,7.981976569944891,4.165007984114709,3.1914961957027117
2026-05-12 16:21:35.584,21.859475095427342,11.418238247813406,5.3448786841127,7.983635022736053,4.165244905942018,3.192127987242202
2026-05-12 16:21:36.610,21.859475095427342,11.434812238974246,5.345036631997573,7.982924257254126,4.165086958057145,3.1937864400333638
2026-05-12 16:21:37.640,21.859475095427342,11.42849833757964,5.345036631997573,7.983635022736053,4.165876697481508,3.195050023112344
2026-05-12 16:21:38.669,21.85217956159903,11.4395476650202,5.345589449594627,7.982292465714636,4.164692088344964,3.196076684364016
2026-05-12 16:21:39.695,21.85217956159903,11.419027485487732,5.345352527767318,7.981739648117582,4.164850036229836,3.2001833293707023
2026-05-12 16:21:40.722,21.859475095427342,11.437179951997223,5.3448786841127,7.982292465714636,4.167456176330234,3.199867433600957
2026-05-12 16:21:41.760,21.859475095427342,11.430076812928291,5.345905345364372,7.983398100908744,4.1657187495966355,3.2024735737013543
2026-05-12 16:21:42.787,21.85217956159903,11.42297367385936,5.346300215076553,7.982529387541945,4.164613114402528,3.20405305255008
2026-05-12 16:21:43.815,21.85217956159903,11.441126140368851,5.346616110846298,7.98347707485118,4.1647710622874,3.203816130722771
2026-05-12 16:21:44.843,21.859475095427342,11.42297367385936,5.345984319306808,7.982529387541945,4.164850036229836,3.205237661686624
2026-05-12 16:21:45.870,21.859475095427342,11.432444525951269,5.34637918901899,7.983082205138999,4.165955671423944,3.2084755933265114
2026-05-12 16:21:46.898,21.85217956159903,11.430866050602617,5.347089954500916,7.983082205138999,4.165244905942018,3.2092653327508742
2026-05-12 16:21:47.923,21.859475095427342,11.425341386882337,5.346221241134117,7.983792970620925,4.16540285382689,3.2119504467937077
2026-05-12 16:21:48.951,21.859475095427342,11.447440041763457,5.347247902385789,7.984345788217979,4.164929010172273,3.212582238333198
2026-05-12 16:21:49.981,21.859475095427342,11.448229279437783,5.347168928443352,7.983161179081435,4.164455166517655,3.213687873527306
2026-05-12 16:21:51.008,21.85217956159903,11.447440041763457,5.347405850270661,7.983003231196562,4.164929010172273,3.2152673523760313
2026-05-12 16:21:52.037,21.859475095427342,11.437179951997223,5.347247902385789,7.983161179081435,4.164692088344964,3.2164519615125755
2026-05-12 16:21:53.069,21.859475095427342,11.429287575253966,5.3474848242130975,7.981818622060018,4.164850036229836,3.2181104143037373
2026-05-12 16:21:54.094,21.859475095427342,11.447440041763457,5.347405850270661,7.982687335426817,4.165086958057145,3.2196109192100266
2026-05-12 16:21:55.121,21.859475095427342,11.416659772464754,5.3469320066160435,7.983713996678489,4.164613114402528,3.221743215655806
2026-05-12 16:21:56.148,21.85217956159903,11.424552149208012,5.347958667867715,7.983082205138999,4.164929010172273,3.2247442254683847
2026-05-12 16:21:57.176,21.859475095427342,11.442704615717503,5.34764277209797,7.982055543887327,4.165007984114709,3.2252970430654386
2026-05-12 16:21:58.203,21.859475095427342,11.444283091066154,5.3474848242130975,7.982529387541945,4.165955671423944,3.2257708867200563
2026-05-12 16:21:59.230,21.859475095427342,11.447440041763457,5.3483535375798965,7.983635022736053,4.165639775654199,3.2286929225901986
2026-05-12 16:22:00.257,21.859475095427342,11.447440041763457,5.348037641810151,7.982687335426817,4.165560801711763,3.229324714129689
2026-05-12 16:22:01.286,21.859475095427342,11.426130624556663,5.3483535375798965,7.98347707485118,4.1651659319995815,3.2309041929784144
2026-05-12 16:22:02.313,21.859475095427342,11.426130624556663,5.348590459407205,7.982924257254126,4.165560801711763,3.231930854230086
2026-05-12 16:22:03.351,21.859475095427342,11.442704615717503,5.349064303061823,7.983082205138999,4.165797723539072,3.2351687858699734
2026-05-12 16:22:04.380,21.859475095427342,11.425341386882337,5.3489063551769505,7.983556048793616,4.166113619308817,3.2352477598124096
2026-05-12 16:22:05.405,21.859475095427342,11.433233763625594,5.349064303061823,7.982924257254126,4.164692088344964,3.2366692907762626
2026-05-12 16:22:06.434,21.859475095427342,11.421395198510709,5.349538146716441,7.983082205138999,4.164692088344964,3.237616978085498
2026-05-12 16:22:07.464,21.859475095427342,11.42297367385936,5.349380198831568,7.983003231196562,4.1657187495966355,3.240223118185895
2026-05-12 16:22:08.492,21.85217956159903,11.407188920372846,5.349301224889132,7.982292465714636,4.164376192575219,3.2425923364589835
2026-05-12 16:22:09.520,21.85217956159903,11.426919862230989,5.349222250946696,7.982608361484381,4.166429515078562,3.2432241279984737
2026-05-12 16:22:10.548,21.859475095427342,11.444283091066154,5.348669433349642,7.98347707485118,4.165481827769327,3.244408737135018
2026-05-12 16:22:11.576,21.859475095427342,11.422184436185034,5.3489063551769505,7.983635022736053,4.164613114402528,3.245909242041307
2026-05-12 16:22:12.605,21.859475095427342,11.412713584093126,5.349380198831568,7.982134517829763,4.165244905942018,3.24733077300516
2026-05-12 16:22:13.637,21.859475095427342,11.424552149208012,5.349854042486186,7.983398100908744,4.164534140460091,3.2485153821417043
2026-05-12 16:22:14.668,21.859475095427342,11.432444525951269,5.350485834025676,7.983003231196562,4.1651659319995815,3.2503317828177387
2026-05-12 16:22:15.700,21.859475095427342,11.440336902694526,5.35040686008324,7.983161179081435,4.1647710622874,3.253253818687881
2026-05-12 16:22:16.725,21.859475095427342,11.448229279437783,5.350011990371058,7.9833191269663075,4.167298228445361,3.2527799750332633
2026-05-12 16:22:17.755,21.859475095427342,11.451386230135085,5.349854042486186,7.981660674175146,4.164060296805474,3.2542804799395526
2026-05-12 16:22:18.783,21.859475095427342,11.444283091066154,5.350169938255931,7.983082205138999,4.164455166517655,3.256412776385332
2026-05-12 16:22:19.812,21.859475095427342,11.435601476648571,5.349854042486186,7.9824504135995085,4.165086958057145,3.2582291770613665
2026-05-12 16:22:20.838,21.85217956159903,11.434812238974246,5.350643781910549,7.983398100908744,4.165086958057145,3.259255838313038
2026-05-12 16:22:21.864,21.859475095427342,11.415081297116103,5.351433521334911,7.980791960808347,4.167219254502925,3.2624937699529255
2026-05-12 16:22:22.932,21.859475095427342,11.426130624556663,5.350880703737857,7.984029892448234,4.165323879884454,3.2627306917802343
2026-05-12 16:22:23.960,21.866770629255655,11.42849833757964,5.350959677680294,7.983161179081435,4.165244905942018,3.2647840142835776
2026-05-12 16:22:24.991,21.859475095427342,11.434812238974246,5.3517494171046565,7.982529387541945,4.1671402805604885,3.2656527276503766
2026-05-12 16:22:26.017,21.859475095427342,11.429287575253966,5.351512495277348,7.982134517829763,4.166429515078562,3.2667583628444845
2026-05-12 16:22:27.044,21.859475095427342,11.452175467809411,5.351591469219784,7.982766309369254,4.1647710622874,3.268258867750774
2026-05-12 16:22:28.079,21.859475095427342,11.420605960836383,5.3511965995076025,7.98284528331169,4.164850036229836,3.2702332163116807
2026-05-12 16:22:29.106,21.859475095427342,11.425341386882337,5.35103865162273,7.983161179081435,4.167693098157542,3.271180903620916
2026-05-12 16:22:30.131,21.859475095427342,11.446650804089131,5.35103865162273,7.983082205138999,4.1647710622874,3.2744978092032397
2026-05-12 16:22:31.158,21.85217956159903,11.442704615717503,5.351907364989529,7.9818975960024545,4.164376192575219,3.276235235936838
2026-05-12 16:22:32.184,21.859475095427342,11.432444525951269,5.35167044316222,7.98284528331169,4.165086958057145,3.2756034443973476
2026-05-12 16:22:33.210,21.866770629255655,11.435601476648571,5.352381208644147,7.981739648117582,4.166666436905871,3.2789203499796713
2026-05-12 16:22:34.241,21.859475095427342,11.429287575253966,5.353249922010946,7.982134517829763,4.1651659319995815,3.278841376037235
2026-05-12 16:22:35.270,21.859475095427342,11.451386230135085,5.351433521334911,7.982055543887327,4.16413927074791,3.280578802770833
2026-05-12 16:22:36.298,21.859475095427342,11.422184436185034,5.352223260759274,7.981976569944891,4.1651659319995815,3.28255315133174
2026-05-12 16:22:37.325,21.859475095427342,11.430866050602617,5.351986338931965,7.982055543887327,4.163981322863037,3.283895708353157
2026-05-12 16:22:38.353,21.859475095427342,11.432444525951269,5.353249922010946,7.9824504135995085,4.164613114402528,3.2857910829716275
2026-05-12 16:22:39.379,21.859475095427342,11.434812238974246,5.352460182586583,7.982766309369254,4.163823374978165,3.288239275187152
2026-05-12 16:22:40.410,21.859475095427342,11.429287575253966,5.3526181304714555,7.983161179081435,4.164218244690346,3.288555170956897
2026-05-12 16:22:41.438,21.859475095427342,11.416659772464754,5.353091974126073,7.983082205138999,4.164534140460091,3.2895028582661325
2026-05-12 16:22:42.467,21.859475095427342,11.4119243464188,5.3531709480685095,7.983635022736053,4.164850036229836,3.2914772068270395
2026-05-12 16:22:43.494,21.859475095427342,11.405610445024195,5.352697104413892,7.9822134917722,4.164455166517655,3.293293607503074
2026-05-12 16:22:44.521,21.859475095427342,11.410345871070149,5.353723765665563,7.983161179081435,4.165481827769327,3.2945571905820543
2026-05-12 16:22:45.546,21.859475095427342,11.443493853391828,5.353407869895818,7.984345788217979,4.1642972186327825,3.296452565200525
2026-05-12 16:22:46.574,21.859475095427342,11.41744901013908,5.354513505089926,7.982055543887327,4.16413927074791,3.297005382797579
2026-05-12 16:22:47.603,21.85217956159903,11.427709099905314,5.353644791723127,7.98410886639067,4.163981322863037,3.2989007574160496
2026-05-12 16:22:48.629,21.866770629255655,11.43402300129992,5.354355557205054,7.982529387541945,4.164692088344964,3.3003222883799026
2026-05-12 16:22:49.656,21.85217956159903,11.441126140368851,5.353960687492872,7.983003231196562,4.164692088344964,3.303244324250045
2026-05-12 16:22:50.682,21.859475095427342,11.423762911533686,5.353802739608,7.982687335426817,4.165007984114709,3.3030863763651723
2026-05-12 16:22:51.707,21.859475095427342,11.41744901013908,5.354750426917235,7.98347707485118,4.165797723539072,3.305850464350442
2026-05-12 16:22:52.737,21.859475095427342,11.418238247813406,5.354355557205054,7.982134517829763,4.164060296805474,3.306640203774805
2026-05-12 16:22:53.764,21.85217956159903,11.41744901013908,5.354671452974799,7.983556048793616,4.165955671423944,3.3099571093571285
2026-05-12 16:22:54.792,21.866770629255655,11.444283091066154,5.354355557205054,7.982766309369254,4.165244905942018,3.3101940311844373
2026-05-12 16:22:55.816,21.859475095427342,11.412713584093126,5.3545924790323625,7.982766309369254,4.163823374978165,3.3113786403209815
2026-05-12 16:22:56.853,21.859475095427342,11.434812238974246,5.35506632268698,7.98347707485118,4.164376192575219,3.3150114416730503
2026-05-12 16:22:57.918,21.859475095427342,11.4119243464188,5.35506632268698,7.98284528331169,4.165244905942018,3.31437965013356
2026-05-12 16:22:58.950,21.859475095427342,11.444283091066154,5.355145296629416,7.983161179081435,4.163902348920601,3.3165119465793396
2026-05-12 16:22:59.977,21.859475095427342,11.416659772464754,5.3560140099962155,7.98284528331169,4.164850036229836,3.317459633888575
2026-05-12 16:23:01.006,21.866770629255655,11.424552149208012,5.356092983938652,7.982292465714636,4.163902348920601,3.318565269082683
2026-05-12 16:23:02.036,21.859475095427342,11.437969189671549,5.355382218456725,7.982766309369254,4.165955671423944,3.320934487355771
2026-05-12 16:23:03.064,21.859475095427342,11.422184436185034,5.355382218456725,7.983398100908744,4.163823374978165,3.322592940146933
2026-05-12 16:23:04.090,21.859475095427342,11.442704615717503,5.356645801535706,7.983635022736053,4.163981322863037,3.323461653513732
2026-05-12 16:23:05.120,21.859475095427342,11.4395476650202,5.355777088168907,7.983398100908744,4.164534140460091,3.3255939499595115
2026-05-12 16:23:06.171,21.859475095427342,11.421395198510709,5.3560140099962155,7.983082205138999,4.1642972186327825,3.3278841942901636
2026-05-12 16:23:07.198,21.859475095427342,11.431655288276943,5.355935036053779,7.982924257254126,4.164850036229836,3.3286739337145264
2026-05-12 16:23:08.227,21.859475095427342,11.443493853391828,5.356171957881088,7.9822134917722,4.163586453150856,3.329937516793507
2026-05-12 16:23:09.258,21.859475095427342,11.437969189671549,5.356961697305451,7.983398100908744,4.163902348920601,3.3318328914119775
2026-05-12 16:23:10.288,21.859475095427342,11.436390714322897,5.356645801535706,7.982371439657072,4.1642972186327825,3.3333333963182668
2026-05-12 16:23:11.317,21.859475095427342,11.424552149208012,5.356803749420578,7.983082205138999,4.163981322863037,3.3349128751669923
2026-05-12 16:23:12.346,21.85217956159903,11.431655288276943,5.356645801535706,7.9833191269663075,4.166824384790743,3.338229780749316
2026-05-12 16:23:13.377,21.859475095427342,11.419816723162057,5.357672462787377,7.984661683987724,4.1647710622874,3.3381508068068797
2026-05-12 16:23:14.406,21.859475095427342,11.413502821767452,5.357514514902505,7.982371439657072,4.163665427093292,3.33941438988586
2026-05-12 16:23:15.432,21.859475095427342,11.430866050602617,5.357988358557122,7.981423752347837,4.164060296805474,3.3401251553677866
2026-05-12 16:23:16.459,21.85217956159903,11.437969189671549,5.357593488844941,7.9824504135995085,4.163586453150856,3.3420205299862573
2026-05-12 16:23:17.488,21.859475095427342,11.412713584093126,5.357593488844941,7.984898605815033,4.16413927074791,3.344784617971527
2026-05-12 16:23:18.518,21.859475095427342,11.422184436185034,5.357593488844941,7.983082205138999,4.1647710622874,3.34557435739589
2026-05-12 16:23:19.545,21.859475095427342,11.423762911533686,5.357593488844941,7.9824504135995085,4.163586453150856,3.34620614893538
2026-05-12 16:23:20.572,21.859475095427342,11.424552149208012,5.358146306441995,7.982766309369254,4.1651659319995815,3.348496393266032
2026-05-12 16:23:21.598,21.859475095427342,11.446650804089131,5.35846220221174,7.983240153023871,4.164455166517655,3.350470741826939
2026-05-12 16:23:22.626,21.859475095427342,11.421395198510709,5.35846220221174,7.9824504135995085,4.164218244690346,3.3520502206756646
2026-05-12 16:23:23.653,21.859475095427342,11.418238247813406,5.357672462787377,7.983161179081435,4.1651659319995815,3.3523661164454097
2026-05-12 16:23:24.684,21.85217956159903,11.41744901013908,5.358225280384431,7.983240153023871,4.166350541136126,3.355525074142861
2026-05-12 16:23:25.712,21.85217956159903,11.419816723162057,5.359804759233157,7.982766309369254,4.164534140460091,3.3553671262579883
2026-05-12 16:23:26.740,21.859475095427342,11.446650804089131,5.358936045866358,7.981976569944891,4.164929010172273,3.357262500876459
2026-05-12 16:23:27.766,21.859475095427342,11.43402300129992,5.3597257852907205,7.983161179081435,4.164534140460091,3.359552745207111
2026-05-12 16:23:28.793,21.85217956159903,11.404821207349869,5.359567837405848,7.98284528331169,4.1642972186327825,3.36042145857391
2026-05-12 16:23:29.822,21.85217956159903,11.421395198510709,5.358225280384431,7.98347707485118,4.165876697481508,3.3636593902137975
2026-05-12 16:23:30.851,21.859475095427342,11.415081297116103,5.359251941636103,7.982292465714636,4.164534140460091,3.3650809211776505
2026-05-12 16:23:31.876,21.85217956159903,11.426130624556663,5.359330915578539,7.983240153023871,4.164850036229836,3.365001947235214
2026-05-12 16:23:32.900,21.85217956159903,11.430866050602617,5.359488863463412,7.982608361484381,4.1642972186327825,3.3665024521415035
2026-05-12 16:23:33.927,21.859475095427342,11.429287575253966,5.359804759233157,7.9822134917722,4.163902348920601,3.368397826759974
2026-05-12 16:23:34.954,21.859475095427342,11.45059699246076,5.359330915578539,7.981976569944891,4.1657187495966355,3.369819357723827
2026-05-12 16:23:35.983,21.85217956159903,11.416659772464754,5.359883733175593,7.9824504135995085,4.165244905942018,3.3716357583998615
2026-05-12 16:23:37.008,21.859475095427342,11.429287575253966,5.360120655002902,7.982529387541945,4.1642972186327825,3.3729783154212782
2026-05-12 16:23:38.035,21.859475095427342,11.411135108744475,5.36059449865752,7.982292465714636,4.164376192575219,3.3747947160973126
2026-05-12 16:23:39.061,21.85217956159903,11.421395198510709,5.359883733175593,7.983003231196562,4.166034645366381,3.3761372731187294
2026-05-12 16:23:40.090,21.859475095427342,11.429287575253966,5.361384238081882,7.9824504135995085,4.164692088344964,3.3766900907157833
2026-05-12 16:23:41.120,21.85217956159903,11.445861566414806,5.361305264139446,7.983398100908744,4.164455166517655,3.3784275174493814
2026-05-12 16:23:42.144,21.859475095427342,11.414292059441777,5.361068342312137,7.981502726290273,4.164613114402528,3.3801649441829795
2026-05-12 16:23:43.173,21.85217956159903,11.422184436185034,5.360910394427265,7.982687335426817,4.164218244690346,3.3824551885136316
2026-05-12 16:23:44.226,21.85217956159903,11.432444525951269,5.360436550772647,7.9838719445633615,4.166350541136126,3.385693120153519
2026-05-12 16:23:45.253,21.85217956159903,11.426919862230989,5.360673472599956,7.983082205138999,4.164692088344964,3.3860879898657004
2026-05-12 16:23:46.280,21.85217956159903,11.424552149208012,5.3611473162545735,7.982924257254126,4.165323879884454,3.3861669638081366
2026-05-12 16:23:47.306,21.85217956159903,11.42297367385936,5.362016029621373,7.983398100908744,4.163428505265983,3.387746442656862
2026-05-12 16:23:48.335,21.85217956159903,11.4119243464188,5.361384238081882,7.983635022736053,4.163428505265983,3.389404895448024
2026-05-12 16:23:49.362,21.85217956159903,11.422184436185034,5.361384238081882,7.983003231196562,4.163428505265983,3.3907474524694408
2026-05-12 16:23:50.390,21.859475095427342,11.419816723162057,5.36122629019701,7.981818622060018,4.164692088344964,3.3943802538215095
2026-05-12 16:23:51.420,21.844884027770718,11.421395198510709,5.361779107794064,7.983161179081435,4.163270557381111,3.394459227763946
2026-05-12 16:23:52.451,21.85217956159903,11.423762911533686,5.362173977506245,7.9824504135995085,4.165086958057145,3.3965915242097253
2026-05-12 16:23:53.478,21.85217956159903,11.429287575253966,5.3618580817365,7.983082205138999,4.1657187495966355,3.397618185461397
2026-05-12 16:23:54.505,21.859475095427342,11.423762911533686,5.36248987327599,7.983556048793616,4.164218244690346,3.3985658727706323
2026-05-12 16:23:55.559,21.85217956159903,11.426130624556663,5.361463212024319,7.983003231196562,4.163586453150856,3.4008561171012843
2026-05-12 16:23:56.594,21.859475095427342,11.41744901013908,5.361779107794064,7.983635022736053,4.1642972186327825,3.4017248304680834
2026-05-12 16:23:57.624,21.85217956159903,11.419816723162057,5.3618580817365,7.98284528331169,4.16350747920842,3.4046468663382257
2026-05-12 16:23:58.653,21.85217956159903,11.435601476648571,5.362016029621373,7.983635022736053,4.164218244690346,3.405278657877716
2026-05-12 16:23:59.680,21.859475095427342,11.424552149208012,5.362410899333554,7.981423752347837,4.163270557381111,3.406700188841569
2026-05-12 16:24:00.710,21.85217956159903,11.42297367385936,5.362410899333554,7.98284528331169,4.164455166517655,3.4085165895176033
2026-05-12 16:24:01.765,21.85217956159903,11.416659772464754,5.363753456354971,7.983003231196562,4.164060296805474,3.410964781733128
2026-05-12 16:24:02.792,21.85217956159903,11.42297367385936,5.3639903781822795,7.982292465714636,4.164218244690346,3.412149390869672
2026-05-12 16:24:03.821,21.85217956159903,11.414292059441777,5.363279612700353,7.982055543887327,4.164929010172273,3.4131760521213437
2026-05-12 16:24:04.848,21.85217956159903,11.426130624556663,5.363200638757917,7.9838719445633615,4.163033635553802,3.4154662964519957
2026-05-12 16:24:05.876,21.85217956159903,11.438758427345874,5.363200638757917,7.981265804462964,4.163428505265983,3.416098087991486
2026-05-12 16:24:06.905,21.844884027770718,11.426919862230989,5.363753456354971,7.98284528331169,4.163191583438675,3.417203723185594
2026-05-12 16:24:07.937,21.844884027770718,11.419816723162057,5.363200638757917,7.9822134917722,4.163349531323547,3.4190990978040645
2026-05-12 16:24:08.967,21.85217956159903,11.420605960836383,5.363437560585226,7.983240153023871,4.163665427093292,3.4221790815590793
2026-05-12 16:24:09.993,21.844884027770718,11.411135108744475,5.363516534527662,7.983003231196562,4.164929010172273,3.422337029443952
2026-05-12 16:24:11.024,21.85217956159903,11.415081297116103,5.364069352124716,7.983398100908744,4.163270557381111,3.423837534350241
2026-05-12 16:24:12.104,21.85217956159903,11.423762911533686,5.363832430297407,7.981186830520528,4.164218244690346,3.4247852216594765
2026-05-12 16:24:13.152,21.844884027770718,11.418238247813406,5.363753456354971,7.983792970620925,4.163349531323547,3.4278652054144914
2026-05-12 16:24:14.181,21.859475095427342,11.411135108744475,5.363911404239843,7.983398100908744,4.163191583438675,3.428654944838854
2026-05-12 16:24:15.209,21.844884027770718,11.442704615717503,5.363832430297407,7.983713996678489,4.163665427093292,3.4292867363783444
2026-05-12 16:24:16.236,21.85217956159903,11.420605960836383,5.363911404239843,7.983950918505798,4.163033635553802,3.43086621522707
2026-05-12 16:24:17.263,21.844884027770718,11.432444525951269,5.365017039433951,7.98284528331169,4.16350747920842,3.4341831208093936
2026-05-12 16:24:18.292,21.844884027770718,11.422184436185034,5.364069352124716,7.983082205138999,4.16350747920842,3.436236443312737
2026-05-12 16:24:19.344,21.85217956159903,11.427709099905314,5.364701143664206,7.982055543887327,4.165560801711763,3.436631313024918
2026-05-12 16:24:20.378,21.844884027770718,11.42849833757964,5.364148326067152,7.98284528331169,4.163981322863037,3.4367892609097908
2026-05-12 16:24:21.409,21.844884027770718,11.434812238974246,5.365569857031005,7.981660674175146,4.162954661611366,3.439079505240443
2026-05-12 16:24:22.436,21.844884027770718,11.430866050602617,5.365096013376387,7.983635022736053,4.1637444010357285,3.4397902707223693
2026-05-12 16:24:23.464,21.85217956159903,11.42297367385936,5.365569857031005,7.982608361484381,4.165007984114709,3.4417646192832763
2026-05-12 16:24:24.491,21.844884027770718,11.401664256652566,5.365096013376387,7.982371439657072,4.164692088344964,3.443975889671492
2026-05-12 16:24:25.518,21.844884027770718,11.426130624556663,5.365648830973441,7.983161179081435,4.1637444010357285,3.445160498808036
2026-05-12 16:24:26.545,21.844884027770718,11.434812238974246,5.365569857031005,7.981976569944891,4.164455166517655,3.446266134002144
2026-05-12 16:24:27.572,21.844884027770718,11.436390714322897,5.365569857031005,7.982687335426817,4.163270557381111,3.4477666389084334
2026-05-12 16:24:28.600,21.844884027770718,11.437179951997223,5.366438570397804,7.983635022736053,4.164218244690346,3.450530726893703
2026-05-12 16:24:29.629,21.844884027770718,11.4395476650202,5.365806778858314,7.983082205138999,4.165244905942018,3.4512414923756296
2026-05-12 16:24:30.655,21.85217956159903,11.419027485487732,5.365096013376387,7.983713996678489,4.1628756876689295,3.451952257857556
2026-05-12 16:24:31.685,21.844884027770718,11.449807754786434,5.366991387994858,7.983713996678489,4.163112609496238,3.4540845543033356
2026-05-12 16:24:32.711,21.844884027770718,11.434812238974246,5.365806778858314,7.981976569944891,4.165481827769327,3.4571645380583504
2026-05-12 16:24:33.737,21.844884027770718,11.444283091066154,5.36588575280075,7.983792970620925,4.16350747920842,3.457559407770532
2026-05-12 16:24:34.768,21.85217956159903,11.410345871070149,5.365648830973441,7.983398100908744,4.163823374978165,3.4583491471948946
2026-05-12 16:24:35.796,21.85217956159903,11.422184436185034,5.366438570397804,7.983003231196562,4.163191583438675,3.461587078834782
2026-05-12 16:24:36.824,21.85217956159903,11.41744901013908,5.366438570397804,7.98284528331169,4.164692088344964,3.4626137400864536
2026-05-12 16:24:37.851,21.844884027770718,11.432444525951269,5.367623179534348,7.98410886639067,4.166350541136126,3.4634824534532527
2026-05-12 16:24:38.879,21.844884027770718,11.425341386882337,5.366438570397804,7.984503736102852,4.1657187495966355,3.4664834632658312
2026-05-12 16:24:39.907,21.844884027770718,11.430076812928291,5.366438570397804,7.9833191269663075,4.163270557381111,3.46672038509314
2026-05-12 16:24:40.935,21.837588493942405,11.445861566414806,5.366991387994858,7.983003231196562,4.163112609496238,3.468931655481356
2026-05-12 16:24:41.960,21.844884027770718,11.416659772464754,5.3668334401099855,7.983003231196562,4.165876697481508,3.470984977984699
2026-05-12 16:24:42.990,21.844884027770718,11.427709099905314,5.3673862577070395,7.983003231196562,4.163270557381111,3.4705111343300814
2026-05-12 16:24:44.018,21.844884027770718,11.447440041763457,5.367544205591912,7.982608361484381,4.163112609496238,3.4721695871212432
2026-05-12 16:24:45.044,21.844884027770718,11.4395476650202,5.367307283764603,7.9833191269663075,4.163191583438675,3.4736700920275325
2026-05-12 16:24:46.071,21.844884027770718,11.42297367385936,5.367860101361657,7.983792970620925,4.1642972186327825,3.475249570876258
2026-05-12 16:24:47.096,21.837588493942405,11.451386230135085,5.36801804924653,7.983556048793616,4.163112609496238,3.4767500757825474
2026-05-12 16:24:48.120,21.844884027770718,11.425341386882337,5.367623179534348,7.982292465714636,4.163349531323547,3.4799090334799985
2026-05-12 16:24:49.146,21.844884027770718,11.419816723162057,5.367623179534348,7.983635022736053,4.163349531323547,3.4801459553073073
2026-05-12 16:24:50.177,21.844884027770718,11.419027485487732,5.368333945016275,7.983240153023871,4.164929010172273,3.4815674862711603
2026-05-12 16:24:51.207,21.844884027770718,11.408767395721497,5.36801804924653,7.983398100908744,4.164376192575219,3.4833838869471947
2026-05-12 16:24:52.236,21.844884027770718,11.415081297116103,5.369202658383074,7.983398100908744,4.165086958057145,3.4841736263715575
2026-05-12 16:24:53.261,21.844884027770718,11.419027485487732,5.368886762613329,7.98347707485118,4.16413927074791,3.4858320791627193
2026-05-12 16:24:54.292,21.837588493942405,11.432444525951269,5.368570866843584,7.982529387541945,4.16413927074791,3.4884382192631165
2026-05-12 16:24:55.321,21.844884027770718,11.422184436185034,5.3688077886708925,7.982292465714636,4.162796713726493,3.4898597502269695
2026-05-12 16:24:56.347,21.844884027770718,11.40639968269852,5.36928163232551,7.982371439657072,4.165481827769327,3.4904125678240234
2026-05-12 16:24:57.375,21.844884027770718,11.422184436185034,5.3673862577070395,7.982292465714636,4.163823374978165,3.4921499945576215
2026-05-12 16:24:58.404,21.844884027770718,11.429287575253966,5.368886762613329,7.983398100908744,4.163823374978165,3.4938084473487834
2026-05-12 16:24:59.430,21.837588493942405,11.414292059441777,5.369913423865,7.982687335426817,4.162638765841621,3.4957827959096903
2026-05-12 16:25:00.456,21.837588493942405,11.425341386882337,5.3688077886708925,7.982608361484381,4.165244905942018,3.4963356135067443
2026-05-12 16:25:01.486,21.844884027770718,11.426130624556663,5.368570866843584,7.983556048793616,4.163191583438675,3.499652519089068
2026-05-12 16:25:02.516,21.844884027770718,11.436390714322897,5.369360606267946,7.983082205138999,4.163349531323547,3.499968414858813
2026-05-12 16:25:03.546,21.844884027770718,11.42297367385936,5.368965736555765,7.982687335426817,4.163270557381111,3.5017848155348474
2026-05-12 16:25:04.576,21.844884027770718,11.410345871070149,5.369597528095255,7.98410886639067,4.163270557381111,3.5038381380381907
2026-05-12 16:25:05.606,21.844884027770718,11.434812238974246,5.36928163232551,7.983240153023871,4.163033635553802,3.5043909556352446
2026-05-12 16:25:06.634,21.844884027770718,11.425341386882337,5.369123684440638,7.98347707485118,4.165086958057145,3.5072340175629506
2026-05-12 16:25:07.660,21.837588493942405,11.448229279437783,5.370308293577182,7.983082205138999,4.165481827769327,3.5075499133326957
2026-05-12 16:25:08.691,21.837588493942405,11.42849833757964,5.370308293577182,7.982529387541945,4.1628756876689295,3.5095242618936027
2026-05-12 16:25:09.721,21.837588493942405,11.418238247813406,5.369755475980128,7.982292465714636,4.162796713726493,3.509840157663348
2026-05-12 16:25:10.787,21.837588493942405,11.433233763625594,5.369913423865,7.982766309369254,4.163981322863037,3.5125252717061812
2026-05-12 16:25:11.816,21.844884027770718,11.426919862230989,5.369992397807437,7.984266814275543,4.165560801711763,3.5137098808427254
2026-05-12 16:25:12.840,21.837588493942405,11.436390714322897,5.370071371749873,7.9822134917722,4.16413927074791,3.5165529427704314
2026-05-12 16:25:13.866,21.844884027770718,11.427709099905314,5.370782137231799,7.984187840333107,4.162796713726493,3.51615807305825
2026-05-12 16:25:14.896,21.844884027770718,11.443493853391828,5.370624189346927,7.982608361484381,4.165244905942018,3.518764213158647
2026-05-12 16:25:15.923,21.844884027770718,11.421395198510709,5.370150345692309,7.982687335426817,4.164060296805474,3.520422665949809
2026-05-12 16:25:16.958,21.844884027770718,11.415081297116103,5.369992397807437,7.982687335426817,4.164376192575219,3.521607275086353
2026-05-12 16:25:17.989,21.844884027770718,11.438758427345874,5.370703163289363,7.982687335426817,4.163823374978165,3.5234236757623876
2026-05-12 16:25:19.015,21.844884027770718,11.41744901013908,5.37204572031078,7.981739648117582,4.165086958057145,3.5242923891291866
2026-05-12 16:25:20.044,21.844884027770718,11.432444525951269,5.370861111174236,7.98347707485118,4.163665427093292,3.525555972208167
2026-05-12 16:25:21.072,21.844884027770718,11.43402300129992,5.370782137231799,7.9838719445633615,4.162638765841621,3.527293398941765
2026-05-12 16:25:22.103,21.844884027770718,11.42297367385936,5.371729824541035,7.982924257254126,4.164692088344964,3.529267747502672
2026-05-12 16:25:23.130,21.830292960114093,11.423762911533686,5.372440590022961,7.9818975960024545,4.16350747920842,3.5319528615455056
2026-05-12 16:25:24.156,21.844884027770718,11.424552149208012,5.371177006943981,7.982608361484381,4.164929010172273,3.5317159397181968
2026-05-12 16:25:25.184,21.844884027770718,11.438758427345874,5.371177006943981,7.984029892448234,4.164060296805474,3.533216444624486
2026-05-12 16:25:26.215,21.844884027770718,11.404821207349869,5.370782137231799,7.983635022736053,4.162954661611366,3.5359015586673195
2026-05-12 16:25:27.241,21.837588493942405,11.421395198510709,5.372440590022961,7.983003231196562,4.16350747920842,3.5366912980916823
2026-05-12 16:25:28.267,21.844884027770718,11.432444525951269,5.371966746368344,7.98284528331169,4.163823374978165,3.5387446205950255
2026-05-12 16:25:29.303,21.837588493942405,11.420605960836383,5.371887772425907,7.982134517829763,4.163665427093292,3.5402451255013148
2026-05-12 16:25:30.330,21.844884027770718,11.422184436185034,5.3725195639653975,7.983161179081435,4.165086958057145,3.5413507606954227
2026-05-12 16:25:31.359,21.837588493942405,11.405610445024195,5.372756485792706,7.984029892448234,4.165797723539072,3.542614343774403
2026-05-12 16:25:32.389,21.844884027770718,11.427709099905314,5.372282642138089,7.982924257254126,4.163981322863037,3.544035874738256
2026-05-12 16:25:33.418,21.837588493942405,11.445861566414806,5.37204572031078,7.982371439657072,4.1628756876689295,3.5459312493567268
2026-05-12 16:25:34.445,21.844884027770718,11.441126140368851,5.371966746368344,7.984661683987724,4.163586453150856,3.549406102823923
2026-05-12 16:25:35.471,21.837588493942405,11.402453494326892,5.372993407620015,7.982529387541945,4.162796713726493,3.5498799464785407
2026-05-12 16:25:36.501,21.844884027770718,11.427709099905314,5.372993407620015,7.9822134917722,4.165007984114709,3.5503537901331583
2026-05-12 16:25:37.532,21.844884027770718,11.434812238974246,5.372756485792706,7.982766309369254,4.165244905942018,3.5538286436003546
2026-05-12 16:25:38.559,21.844884027770718,11.429287575253966,5.374335964641432,7.9833191269663075,4.165086958057145,3.5538286436003546
2026-05-12 16:25:39.590,21.844884027770718,11.415870534790429,5.37267751185027,7.982529387541945,4.163428505265983,3.555329148506644
2026-05-12 16:25:40.620,21.844884027770718,11.42297367385936,5.373230329447324,7.983240153023871,4.165481827769327,3.556829653412933
2026-05-12 16:25:41.648,21.844884027770718,11.419027485487732,5.37330930338976,7.981976569944891,4.162954661611366,3.5578563146646047
2026-05-12 16:25:42.675,21.837588493942405,11.451386230135085,5.37330930338976,7.982055543887327,4.163270557381111,3.5595147674557666
2026-05-12 16:25:43.705,21.844884027770718,11.432444525951269,5.373862120986814,7.983713996678489,4.162954661611366,3.562752699095654
2026-05-12 16:25:44.734,21.844884027770718,11.419027485487732,5.374178016756559,7.98284528331169,4.164455166517655,3.5623578293834726
2026-05-12 16:25:45.762,21.844884027770718,11.424552149208012,5.373862120986814,7.982608361484381,4.163191583438675,3.564490125829252
2026-05-12 16:25:46.789,21.844884027770718,11.425341386882337,5.374099042814123,7.9822134917722,4.165481827769327,3.565832682850669
2026-05-12 16:25:47.817,21.837588493942405,11.410345871070149,5.37480980829605,7.981818622060018,4.162559791899184,3.566701396217468
2026-05-12 16:25:48.847,21.844884027770718,11.4395476650202,5.374020068871687,7.982608361484381,4.164376192575219,3.5685967708359385
2026-05-12 16:25:49.875,21.844884027770718,11.431655288276943,5.374099042814123,7.982529387541945,4.162480817956748,3.571518806706081
2026-05-12 16:25:50.900,21.844884027770718,11.426130624556663,5.3744939125263045,7.983556048793616,4.162796713726493,3.5717557285333896
2026-05-12 16:25:51.932,21.844884027770718,11.400085781303915,5.373862120986814,7.98284528331169,4.162717739784057,3.5737300770942966
2026-05-12 16:25:52.963,21.844884027770718,11.416659772464754,5.374256990698996,7.982766309369254,4.163823374978165,3.5763362171946937
2026-05-12 16:25:53.991,21.844884027770718,11.426919862230989,5.374572886468741,7.982924257254126,4.1637444010357285,3.5759413474825124
2026-05-12 16:25:55.021,21.844884027770718,11.426919862230989,5.37544159983554,7.982292465714636,4.163191583438675,3.5788633833526546
2026-05-12 16:25:56.051,21.844884027770718,11.415081297116103,5.37480980829605,7.98284528331169,4.162717739784057,3.579021331237527
2026-05-12 16:25:57.081,21.837588493942405,11.426919862230989,5.374256990698996,7.984187840333107,4.163823374978165,3.5808377319135616
2026-05-12 16:25:58.106,21.844884027770718,11.422184436185034,5.375046730123358,7.982529387541945,4.164376192575219,3.582654132589596
2026-05-12 16:25:59.134,21.85217956159903,11.430866050602617,5.375599547720412,7.982055543887327,4.1637444010357285,3.5848654029778118
2026-05-12 16:26:00.160,21.844884027770718,11.4395476650202,5.374967756180922,7.983003231196562,4.16350747920842,3.5856551424021745
2026-05-12 16:26:01.189,21.844884027770718,11.419816723162057,5.375836469547721,7.9822134917722,4.163270557381111,3.586918725481155
2026-05-12 16:26:02.215,21.844884027770718,11.44507232874048,5.376152365317466,7.9833191269663075,4.1628756876689295,3.590077683178606
2026-05-12 16:26:03.245,21.844884027770718,11.426130624556663,5.376152365317466,7.982608361484381,4.164929010172273,3.592052031739513
2026-05-12 16:26:04.271,21.85217956159903,11.427709099905314,5.375836469547721,7.9833191269663075,4.163428505265983,3.5933945887609298
2026-05-12 16:26:05.298,21.844884027770718,11.427709099905314,5.375599547720412,7.982608361484381,4.164455166517655,3.5938684324155474
2026-05-12 16:26:06.332,21.844884027770718,11.420605960836383,5.375520573777976,7.983003231196562,4.165481827769327,3.5953689373218367
2026-05-12 16:26:07.362,21.844884027770718,11.43402300129992,5.376389287144775,7.98284528331169,4.165560801711763,3.596000728861327
2026-05-12 16:26:08.388,21.844884027770718,11.422184436185034,5.375994417432594,7.9822134917722,4.162717739784057,3.5990807126163418
2026-05-12 16:26:09.417,21.844884027770718,11.42849833757964,5.377100052626702,7.983240153023871,4.162796713726493,3.5993176344436506
2026-05-12 16:26:10.446,21.844884027770718,11.42849833757964,5.376231339259903,7.98284528331169,4.163586453150856,3.602002748486484
2026-05-12 16:26:11.477,21.844884027770718,11.445861566414806,5.376152365317466,7.982687335426817,4.165560801711763,3.603108383680592
2026-05-12 16:26:12.507,21.844884027770718,11.441915378043177,5.377021078684265,7.982608361484381,4.16350747920842,3.6038981231049547
2026-05-12 16:26:13.534,21.844884027770718,11.419027485487732,5.376310313202339,7.984187840333107,4.163665427093292,3.605635549838553
2026-05-12 16:26:14.564,21.85217956159903,11.424552149208012,5.376152365317466,7.983792970620925,4.163823374978165,3.6074519505145872
2026-05-12 16:26:15.592,21.844884027770718,11.413502821767452,5.376310313202339,7.983240153023871,4.162480817956748,3.6088734814784402
2026-05-12 16:26:16.620,21.85217956159903,11.421395198510709,5.377021078684265,7.982766309369254,4.162559791899184,3.609663220902803
2026-05-12 16:26:17.650,21.844884027770718,11.422184436185034,5.378126713878373,7.983161179081435,4.162401844014312,3.611400647636401
2026-05-12 16:26:18.678,21.844884027770718,11.415870534790429,5.377494922338883,7.9833191269663075,4.163823374978165,3.6149544750460336
2026-05-12 16:26:19.707,21.844884027770718,11.441126140368851,5.377494922338883,7.98347707485118,4.163981322863037,3.6158231884128327
2026-05-12 16:26:20.736,21.85217956159903,11.43402300129992,5.378126713878373,7.981265804462964,4.162717739784057,3.6186662503405387
2026-05-12 16:26:21.766,21.844884027770718,11.402453494326892,5.377100052626702,7.982766309369254,4.163902348920601,3.6177975369737396
2026-05-12 16:26:22.793,21.844884027770718,11.41744901013908,5.378047739935937,7.983003231196562,4.162480817956748,3.6203247031317005
2026-05-12 16:26:23.819,21.844884027770718,11.420605960836383,5.377415948396447,7.982608361484381,4.163823374978165,3.6209564946711907
2026-05-12 16:26:24.846,21.844884027770718,11.416659772464754,5.377810818108628,7.982766309369254,4.164060296805474,3.622693921404789
2026-05-12 16:26:25.871,21.844884027770718,11.426919862230989,5.378047739935937,7.9838719445633615,4.162638765841621,3.6234836608291516
2026-05-12 16:26:26.898,21.844884027770718,11.425341386882337,5.378600557532991,7.983398100908744,4.16413927074791,3.62648467064173
2026-05-12 16:26:27.924,21.844884027770718,11.4119243464188,5.377494922338883,7.981818622060018,4.163191583438675,3.6265636445841665
2026-05-12 16:26:28.951,21.844884027770718,11.418238247813406,5.378600557532991,7.984029892448234,4.162638765841621,3.6291697846845636
2026-05-12 16:26:29.980,21.844884027770718,11.42849833757964,5.379074401187609,7.982134517829763,4.165323879884454,3.6309072114181618
2026-05-12 16:26:31.012,21.844884027770718,11.43402300129992,5.378600557532991,7.983792970620925,4.164534140460091,3.6314600290152157
2026-05-12 16:26:32.036,21.844884027770718,11.435601476648571,5.379074401187609,7.982766309369254,4.165481827769327,3.632960533921505
2026-05-12 16:26:33.067,21.844884027770718,11.437179951997223,5.379074401187609,7.98347707485118,4.1647710622874,3.6348559085399756
2026-05-12 16:26:34.093,21.844884027770718,11.414292059441777,5.3787585054178635,7.982371439657072,4.163823374978165,3.6367512831584463
2026-05-12 16:26:35.121,21.844884027770718,11.407188920372846,5.3788374793603,7.9833191269663075,4.162559791899184,3.638330762007172
2026-05-12 16:26:36.149,21.85217956159903,11.40087501897824,5.380495932151462,7.982134517829763,4.163270557381111,3.6396733190285886
2026-05-12 16:26:37.177,21.85217956159903,11.420605960836383,5.380574906093898,7.984266814275543,4.162480817956748,3.6424374070138583
2026-05-12 16:26:38.203,21.844884027770718,11.421395198510709,5.379706192727099,7.983240153023871,4.162559791899184,3.642042537301677
2026-05-12 16:26:39.229,21.844884027770718,11.415870534790429,5.379943114554408,7.983556048793616,4.163586453150856,3.64409585980502
2026-05-12 16:26:40.257,21.85217956159903,11.420605960836383,5.379706192727099,7.983398100908744,4.162559791899184,3.645201494999128
2026-05-12 16:26:41.289,21.844884027770718,11.408767395721497,5.380337984266589,7.981976569944891,4.163191583438675,3.646386104135672
2026-05-12 16:26:42.319,21.844884027770718,11.421395198510709,5.38010106243928,7.984345788217979,4.1628756876689295,3.6493871139482508
2026-05-12 16:26:43.343,21.844884027770718,11.441915378043177,5.38010106243928,7.9838719445633615,4.164060296805474,3.6493871139482508
2026-05-12 16:26:44.373,21.844884027770718,11.42849833757964,5.3801800363817165,7.982608361484381,4.163349531323547,3.651993254048648
2026-05-12 16:26:45.404,21.85217956159903,11.416659772464754,5.379548244842226,7.982687335426817,4.163349531323547,3.654599394149045
2026-05-12 16:26:46.433,21.85217956159903,11.431655288276943,5.38010106243928,7.983161179081435,4.163981322863037,3.656573742709952
2026-05-12 16:26:47.460,21.844884027770718,11.412713584093126,5.380574906093898,7.981739648117582,4.165007984114709,3.6560998990553344
2026-05-12 16:26:48.487,21.844884027770718,11.419027485487732,5.380653880036334,7.982924257254126,4.162796713726493,3.65767937790406
2026-05-12 16:26:49.515,21.85217956159903,11.416659772464754,5.380259010324153,7.984661683987724,4.162638765841621,3.6601275701195846
2026-05-12 16:26:50.542,21.85217956159903,11.422184436185034,5.380337984266589,7.982529387541945,4.163349531323547,3.660522439831766
2026-05-12 16:26:51.570,21.85217956159903,11.433233763625594,5.380337984266589,7.98284528331169,4.1628756876689295,3.662259866565364
2026-05-12 16:26:52.600,21.844884027770718,11.425341386882337,5.380259010324153,7.9833191269663075,4.163349531323547,3.6640762672413985
2026-05-12 16:26:53.627,21.844884027770718,11.440336902694526,5.381443619460697,7.981976569944891,4.1642972186327825,3.666208563687178
2026-05-12 16:26:54.662,21.844884027770718,11.432444525951269,5.38073285397877,7.983003231196562,4.163191583438675,3.6671562509964133
2026-05-12 16:26:55.689,21.844884027770718,11.408767395721497,5.381127723690952,7.982134517829763,4.162559791899184,3.6700782868665556
2026-05-12 16:26:56.719,21.844884027770718,11.399296543629589,5.381285671575824,7.983398100908744,4.163112609496238,3.6714208438879723
2026-05-12 16:26:57.744,21.85217956159903,11.405610445024195,5.3810487497485155,7.982292465714636,4.1647710622874,3.671578791772845
2026-05-12 16:26:58.770,21.85217956159903,11.438758427345874,5.3810487497485155,7.982924257254126,4.163191583438675,3.6734741663913155
2026-05-12 16:26:59.799,21.85217956159903,11.415870534790429,5.382075411000187,7.983635022736053,4.162559791899184,3.676791071973639
2026-05-12 16:27:00.831,21.844884027770718,11.437969189671549,5.381522593403133,7.983082205138999,4.163270557381111,3.6763172283190215
2026-05-12 16:27:01.859,21.85217956159903,11.423762911533686,5.381838489172878,7.982766309369254,4.163191583438675,3.678765420534546
2026-05-12 16:27:02.890,21.844884027770718,11.419027485487732,5.381680541288006,7.9833191269663075,4.163033635553802,3.6794761860164726
2026-05-12 16:27:03.921,21.844884027770718,11.43402300129992,5.382549254654805,7.983003231196562,4.162638765841621,3.6813715606349433
2026-05-12 16:27:04.951,21.85217956159903,11.412713584093126,5.381759515230442,7.9833191269663075,4.165244905942018,3.683030013426105
2026-05-12 16:27:05.977,21.844884027770718,11.4395476650202,5.381759515230442,7.98347707485118,4.162796713726493,3.6848464141021395
2026-05-12 16:27:07.003,21.837588493942405,11.418238247813406,5.381917463115315,7.98347707485118,4.1647710622874,3.685873075353811
2026-05-12 16:27:08.029,21.844884027770718,11.419816723162057,5.381838489172878,7.983240153023871,4.162480817956748,3.6888740851663897
2026-05-12 16:27:09.056,21.844884027770718,11.42297367385936,5.381759515230442,7.982608361484381,4.163270557381111,3.6887951112239534
2026-05-12 16:27:10.086,21.85217956159903,11.441915378043177,5.382707202539677,7.983003231196562,4.162796713726493,3.6911643294970418
2026-05-12 16:27:11.117,21.844884027770718,11.42849833757964,5.382154384942623,7.982687335426817,4.162243896129439,3.692033042863841
2026-05-12 16:27:12.176,21.844884027770718,11.426919862230989,5.384049759561094,7.983792970620925,4.163586453150856,3.6932966259428213
2026-05-12 16:27:13.203,21.844884027770718,11.421395198510709,5.382628228597241,7.982687335426817,4.165086958057145,3.696613531525145
2026-05-12 16:27:14.230,21.85217956159903,11.410345871070149,5.38286515042455,7.98347707485118,4.163902348920601,3.696692505467581
2026-05-12 16:27:15.260,21.85217956159903,11.415081297116103,5.383654889848913,7.982608361484381,4.163428505265983,3.697482244891944
2026-05-12 16:27:16.286,21.85217956159903,11.430866050602617,5.382786176482114,7.982608361484381,4.163428505265983,3.6987458279709244
2026-05-12 16:27:17.312,21.85217956159903,11.405610445024195,5.383338994079168,7.98347707485118,4.164455166517655,3.700878124416704
2026-05-12 16:27:18.343,21.85217956159903,11.416659772464754,5.383260020136731,7.982766309369254,4.162164922187003,3.7024576032654295
2026-05-12 16:27:19.369,21.85217956159903,11.420605960836383,5.383260020136731,7.982055543887327,4.163112609496238,3.7041160560565913
2026-05-12 16:27:20.397,21.844884027770718,11.42849833757964,5.384049759561094,7.9818975960024545,4.162480817956748,3.706011430675062
2026-05-12 16:27:21.425,21.844884027770718,11.420605960836383,5.383812837733785,7.984424762160415,4.162638765841621,3.7079068052935327
2026-05-12 16:27:22.454,21.85217956159903,11.41744901013908,5.384049759561094,7.982292465714636,4.164692088344964,3.708301675005714
2026-05-12 16:27:23.488,21.844884027770718,11.418238247813406,5.382944124366986,7.983713996678489,4.163191583438675,3.712250372127528
2026-05-12 16:27:24.515,21.844884027770718,11.414292059441777,5.38349694196404,7.983003231196562,4.1637444010357285,3.7120924242426554
2026-05-12 16:27:25.544,21.85217956159903,11.415870534790429,5.38412873350353,7.982371439657072,4.1623228700718755,3.713987798861126
2026-05-12 16:27:26.571,21.844884027770718,11.41744901013908,5.384997446870329,7.9824504135995085,4.163270557381111,3.7155672777098516
2026-05-12 16:27:27.598,21.85217956159903,11.410345871070149,5.384207707445967,7.982055543887327,4.163112609496238,3.7180944438678125
2026-05-12 16:27:28.626,21.844884027770718,11.415081297116103,5.384839498985457,7.98284528331169,4.162480817956748,3.718252391752685
2026-05-12 16:27:29.652,21.85217956159903,11.427709099905314,5.385234368697638,7.983713996678489,4.164534140460091,3.7192000790619204
2026-05-12 16:27:30.679,21.844884027770718,11.415081297116103,5.384681551100584,7.9822134917722,4.164929010172273,3.7223590367593715
2026-05-12 16:27:31.708,21.844884027770718,11.431655288276943,5.3858661602371285,7.982766309369254,4.162164922187003,3.7229908282988617
2026-05-12 16:27:32.737,21.844884027770718,11.413502821767452,5.385076420812766,7.984582710045288,4.163586453150856,3.724254411377842
2026-05-12 16:27:33.765,21.844884027770718,11.402453494326892,5.385550264467383,7.982292465714636,4.1623228700718755,3.7272554211904207
2026-05-12 16:27:34.791,21.844884027770718,11.437179951997223,5.385471290524947,7.982529387541945,4.163349531323547,3.727334395132857
2026-05-12 16:27:35.818,21.844884027770718,11.426130624556663,5.385471290524947,7.983003231196562,4.162243896129439,3.7279661866723472
2026-05-12 16:27:36.847,21.85217956159903,11.410345871070149,5.385155394755202,7.982766309369254,4.1623228700718755,3.7323097535063425
2026-05-12 16:27:37.878,21.844884027770718,11.425341386882337,5.385234368697638,7.982924257254126,4.162243896129439,3.7308882225424895
2026-05-12 16:27:38.909,21.844884027770718,11.426919862230989,5.385550264467383,7.984266814275543,4.164929010172273,3.7334943626428867
2026-05-12 16:27:39.940,21.844884027770718,11.440336902694526,5.384997446870329,7.9833191269663075,4.162559791899184,3.735863580915975
2026-05-12 16:27:40.969,21.844884027770718,11.445861566414806,5.385708212352256,7.982766309369254,4.163428505265983,3.735863580915975
2026-05-12 16:27:41.999,21.85217956159903,11.430076812928291,5.386340003891746,7.983240153023871,4.1651659319995815,3.7385486949588085
2026-05-12 16:27:43.027,21.844884027770718,11.432444525951269,5.386103082064437,7.983792970620925,4.162638765841621,3.7402071477499703
2026-05-12 16:27:44.053,21.85217956159903,11.415870534790429,5.385945134179565,7.9838719445633615,4.162559791899184,3.7408389392894605
2026-05-12 16:27:45.080,21.85217956159903,11.416659772464754,5.3858661602371285,7.983240153023871,4.162164922187003,3.7422604702533135
2026-05-12 16:27:46.109,21.85217956159903,11.416659772464754,5.3867348736039276,7.983161179081435,4.163033635553802,3.7436030272747303
2026-05-12 16:27:47.134,21.85217956159903,11.419816723162057,5.386340003891746,7.983003231196562,4.1642972186327825,3.7451035321810195
2026-05-12 16:27:48.168,21.85217956159903,11.420605960836383,5.386576925719055,7.9838719445633615,4.163033635553802,3.7467619849721814
2026-05-12 16:27:49.196,21.844884027770718,11.423762911533686,5.385708212352256,7.98347707485118,4.164692088344964,3.750078890554505
2026-05-12 16:27:50.224,21.844884027770718,11.425341386882337,5.3868928214888,7.983003231196562,4.163191583438675,3.7510265778637404
2026-05-12 16:27:51.252,21.85217956159903,11.440336902694526,5.386182056006874,7.984029892448234,4.16413927074791,3.751500421518358
2026-05-12 16:27:52.285,21.85217956159903,11.430076812928291,5.386024108122001,7.9833191269663075,4.1623228700718755,3.7535537440217013
2026-05-12 16:27:53.311,21.844884027770718,11.40087501897824,5.387050769373673,7.984345788217979,4.165086958057145,3.755212196812863
2026-05-12 16:27:54.341,21.85217956159903,11.415081297116103,5.386340003891746,7.983713996678489,4.163191583438675,3.7562388580645347
2026-05-12 16:27:55.369,21.844884027770718,11.407978158047172,5.3867348736039276,7.983082205138999,4.1623228700718755,3.758055258740569
2026-05-12 16:27:56.396,21.85217956159903,11.4119243464188,5.387050769373673,7.983161179081435,4.162717739784057,3.758608076337623
2026-05-12 16:27:57.424,21.844884027770718,11.422184436185034,5.387129743316109,7.983161179081435,4.164692088344964,3.7620829298048193
2026-05-12 16:27:58.464,21.85217956159903,11.420605960836383,5.387208717258545,7.98410886639067,4.163191583438675,3.7640572783657262
2026-05-12 16:27:59.490,21.844884027770718,11.420605960836383,5.387998456682908,7.9833191269663075,4.165244905942018,3.764215226250599
2026-05-12 16:28:00.516,21.844884027770718,11.41744901013908,5.387208717258545,7.98284528331169,4.162796713726493,3.7657947050993243
2026-05-12 16:28:01.543,21.85217956159903,11.449018517112108,5.387129743316109,7.983713996678489,4.163349531323547,3.766505470581251
2026-05-12 16:28:02.572,21.85217956159903,11.43402300129992,5.3867348736039276,7.983003231196562,4.162480817956748,3.7683218712572852
2026-05-12 16:28:03.601,21.85217956159903,11.404821207349869,5.388077430625344,7.982292465714636,4.164376192575219,3.7691905846240843
2026-05-12 16:28:04.634,21.859475095427342,11.422184436185034,5.387682560913163,7.9822134917722,4.1623228700718755,3.771717750782045
2026-05-12 16:28:05.664,21.85217956159903,11.415081297116103,5.386813847546364,7.983792970620925,4.163270557381111,3.7737710732853884
2026-05-12 16:28:06.691,21.85217956159903,11.40639968269852,5.388788196107271,7.983161179081435,4.164455166517655,3.77416594299757
2026-05-12 16:28:07.720,21.85217956159903,11.41744901013908,5.3872876912009815,7.982924257254126,4.163428505265983,3.7762982394433493
2026-05-12 16:28:08.750,21.85217956159903,11.412713584093126,5.3881564045677806,7.983240153023871,4.163191583438675,3.7792202753134916
2026-05-12 16:28:09.781,21.85217956159903,11.426919862230989,5.3887092221648345,7.9824504135995085,4.162559791899184,3.7789043795437465
2026-05-12 16:28:10.808,21.85217956159903,11.430866050602617,5.387998456682908,7.982766309369254,4.162796713726493,3.7811156499319623
2026-05-12 16:28:11.833,21.85217956159903,11.444283091066154,5.388867170049707,7.982134517829763,4.16350747920842,3.781668467529016
2026-05-12 16:28:12.861,21.85217956159903,11.40639968269852,5.389577935531634,7.983398100908744,4.162480817956748,3.7849063991689036
2026-05-12 16:28:13.887,21.85217956159903,11.419027485487732,5.389341013704325,7.983635022736053,4.163349531323547,3.787275617441992
2026-05-12 16:28:14.917,21.85217956159903,11.4395476650202,5.388235378510217,7.983556048793616,4.162480817956748,3.786959721672247
2026-05-12 16:28:15.943,21.85217956159903,11.410345871070149,5.389104091877016,7.98347707485118,4.162085948244567,3.7874335653268645
2026-05-12 16:28:16.970,21.859475095427342,11.419027485487732,5.389341013704325,7.98284528331169,4.163270557381111,3.7894868878302077
2026-05-12 16:28:17.998,21.85217956159903,11.430076812928291,5.389735883416506,7.984661683987724,4.165323879884454,3.7905135490818793
2026-05-12 16:28:19.026,21.859475095427342,11.4395476650202,5.38965690947407,7.9838719445633615,4.162243896129439,3.7925668715852225
2026-05-12 16:28:20.054,21.859475095427342,11.416659772464754,5.389735883416506,7.9822134917722,4.163586453150856,3.795567881397801
2026-05-12 16:28:21.099,21.859475095427342,11.430076812928291,5.38902511793458,7.982371439657072,4.162243896129439,3.7973842820738355
2026-05-12 16:28:22.125,21.859475095427342,11.43402300129992,5.389972805243815,7.982292465714636,4.163112609496238,3.797305308131399
2026-05-12 16:28:23.152,21.859475095427342,11.436390714322897,5.389577935531634,7.984582710045288,4.1647710622874,3.798647865152816
2026-05-12 16:28:24.183,21.859475095427342,11.423762911533686,5.389104091877016,7.9824504135995085,4.164929010172273,3.8018857967927033
2026-05-12 16:28:25.213,21.859475095427342,11.433233763625594,5.389498961589197,7.983713996678489,4.162401844014312,3.8022806665048847
2026-05-12 16:28:26.244,21.85217956159903,11.432444525951269,5.389498961589197,7.9833191269663075,4.164376192575219,3.804097067180919
2026-05-12 16:28:27.285,21.859475095427342,11.408767395721497,5.38965690947407,7.983635022736053,4.165007984114709,3.8059134678569535
2026-05-12 16:28:28.314,21.859475095427342,11.420605960836383,5.38965690947407,7.9833191269663075,4.163981322863037,3.8084406340149144
2026-05-12 16:28:29.346,21.85217956159903,11.419816723162057,5.390367674955996,7.981976569944891,4.162796713726493,3.8076508945905516
2026-05-12 16:28:30.373,21.859475095427342,11.4395476650202,5.389893831301379,7.9822134917722,4.1623228700718755,3.8101780607485125
2026-05-12 16:28:31.402,21.859475095427342,11.40087501897824,5.390051779186251,7.983161179081435,4.162559791899184,3.8107308783455665
2026-05-12 16:28:32.429,21.859475095427342,11.437179951997223,5.390762544668178,7.983161179081435,4.164692088344964,3.811994461424547
2026-05-12 16:28:33.458,21.859475095427342,11.437969189671549,5.390604596783305,7.982766309369254,4.162401844014312,3.8141267578703264
2026-05-12 16:28:34.486,21.859475095427342,11.420605960836383,5.390999466495487,7.983161179081435,4.164929010172273,3.815943158546361
2026-05-12 16:28:35.516,21.859475095427342,11.423762911533686,5.390367674955996,7.982687335426817,4.163981322863037,3.817680585279959
2026-05-12 16:28:36.546,21.859475095427342,11.409556633395823,5.390841518610614,7.982134517829763,4.162717739784057,3.819102116243812
2026-05-12 16:28:37.576,21.866770629255655,11.426130624556663,5.391078440437923,7.983003231196562,4.1647710622874,3.8201287774954835
2026-05-12 16:28:38.619,21.85217956159903,11.42849833757964,5.391473310150104,7.983240153023871,4.165560801711763,3.821629282401773
2026-05-12 16:28:39.650,21.859475095427342,11.419816723162057,5.391315362265232,7.982608361484381,4.162164922187003,3.822576969711008
2026-05-12 16:28:40.680,21.859475095427342,11.420605960836383,5.3921051016895944,7.983161179081435,4.162954661611366,3.825104135868969
2026-05-12 16:28:41.707,21.859475095427342,11.407188920372846,5.391078440437923,7.984187840333107,4.163033635553802,3.827710275969366
2026-05-12 16:28:42.735,21.859475095427342,11.4395476650202,5.3915522840925405,7.981739648117582,4.162480817956748,3.829131806933219
2026-05-12 16:28:43.761,21.859475095427342,11.415081297116103,5.392342023516903,7.982371439657072,4.162796713726493,3.831106155494126
2026-05-12 16:28:44.787,21.859475095427342,11.44507232874048,5.3921051016895944,7.984582710045288,4.163981322863037,3.830790259724381
2026-05-12 16:28:45.813,21.859475095427342,11.426130624556663,5.391315362265232,7.982529387541945,4.162559791899184,3.832211790688234
2026-05-12 16:28:46.841,21.859475095427342,11.427709099905314,5.392263049574467,7.983082205138999,4.163033635553802,3.8349758786735038
2026-05-12 16:28:47.869,21.866770629255655,11.42297367385936,5.3929738150563935,7.9824504135995085,4.162638765841621,3.8363184356949205
2026-05-12 16:28:48.898,21.859475095427342,11.431655288276943,5.392578945344212,7.98284528331169,4.163270557381111,3.838134836370955
2026-05-12 16:28:49.932,21.859475095427342,11.421395198510709,5.392263049574467,7.982924257254126,4.16350747920842,3.838687653968009
2026-05-12 16:28:50.963,21.866770629255655,11.420605960836383,5.391947153804722,7.983161179081435,4.163428505265983,3.841530715895715
2026-05-12 16:28:51.994,21.859475095427342,11.42849833757964,5.392499971401776,7.9833191269663075,4.162164922187003,3.842162507435205
2026-05-12 16:28:53.021,21.859475095427342,11.430866050602617,5.393131762941266,7.983398100908744,4.163902348920601,3.8446106996507297
2026-05-12 16:28:54.052,21.866770629255655,11.42297367385936,5.393368684768575,7.982766309369254,4.162638765841621,3.844689673593166
2026-05-12 16:28:55.082,21.859475095427342,11.4119243464188,5.3935266326534475,7.983398100908744,4.162954661611366,3.8465850482116366
2026-05-12 16:28:56.111,21.866770629255655,11.414292059441777,5.392815867171521,7.982766309369254,4.163191583438675,3.8491911883120338
2026-05-12 16:28:57.138,21.866770629255655,11.436390714322897,5.39242099745934,7.983082205138999,4.162559791899184,3.8497440059090877
2026-05-12 16:28:58.164,21.859475095427342,11.424552149208012,5.392657919286648,7.983556048793616,4.162638765841621,3.851560406585122
2026-05-12 16:28:59.190,21.866770629255655,11.427709099905314,5.392894841113957,7.9818975960024545,4.162401844014312,3.85266604177923
2026-05-12 16:29:00.215,21.859475095427342,11.441915378043177,5.393131762941266,7.982687335426817,4.16413927074791,3.854403468512828
2026-05-12 16:29:01.255,21.859475095427342,11.445861566414806,5.392815867171521,7.9822134917722,4.16350747920842,3.8574044783254067
2026-05-12 16:29:02.281,21.859475095427342,11.437179951997223,5.395264059387046,7.983082205138999,4.163191583438675,3.859220879001441
2026-05-12 16:29:03.307,21.859475095427342,11.4119243464188,5.39368458053832,7.9833191269663075,4.164060296805474,3.859220879001441
2026-05-12 16:29:04.335,21.866770629255655,11.419027485487732,5.393131762941266,7.984819631872597,4.162559791899184,3.862300862756456
2026-05-12 16:29:05.363,21.866770629255655,11.42297367385936,5.393605606595884,7.983792970620925,4.162085948244567,3.8622218888140196
2026-05-12 16:29:06.389,21.866770629255655,11.409556633395823,5.394632267847555,7.983161179081435,4.162085948244567,3.864038289490054
2026-05-12 16:29:07.436,21.859475095427342,11.420605960836383,5.394079450250501,7.983792970620925,4.164929010172273,3.864907002856853
2026-05-12 16:29:08.468,21.866770629255655,11.444283091066154,5.393921502365629,7.982687335426817,4.162085948244567,3.8667234035328875
2026-05-12 16:29:09.496,21.866770629255655,11.42297367385936,5.394632267847555,7.983240153023871,4.162954661611366,3.868855699978667
2026-05-12 16:29:10.528,21.866770629255655,11.410345871070149,5.394632267847555,7.982134517829763,4.163902348920601,3.869724413345466
2026-05-12 16:29:11.559,21.859475095427342,11.419816723162057,5.395264059387046,7.98410886639067,4.162243896129439,3.871382866136628
2026-05-12 16:29:12.590,21.859475095427342,11.409556633395823,5.3943953460202465,7.983950918505798,4.163270557381111,3.872567475273172
2026-05-12 16:29:13.665,21.866770629255655,11.419816723162057,5.39431637207781,7.982608361484381,4.162559791899184,3.87430490200677
2026-05-12 16:29:14.695,21.866770629255655,11.430076812928291,5.394474319962683,7.981739648117582,4.163033635553802,3.8763582245101134
2026-05-12 16:29:15.727,21.866770629255655,11.44507232874048,5.3949481636173005,7.982371439657072,4.163033635553802,3.878253599128584
2026-05-12 16:29:16.754,21.866770629255655,11.423762911533686,5.39431637207781,7.982371439657072,4.162243896129439,3.879359234322692
2026-05-12 16:29:17.782,21.866770629255655,11.441915378043177,5.394869189674864,7.982529387541945,4.165323879884454,3.8803858955743635
2026-05-12 16:29:18.809,21.866770629255655,11.436390714322897,5.395185085444609,7.982924257254126,4.162717739784057,3.8815705047109077
2026-05-12 16:29:19.837,21.866770629255655,11.419027485487732,5.395343033329482,7.982292465714636,4.162638765841621,3.8837817750991235
2026-05-12 16:29:20.864,21.866770629255655,11.430866050602617,5.394632267847555,7.982292465714636,4.162243896129439,3.885361253947849
2026-05-12 16:29:21.891,21.866770629255655,11.419027485487732,5.394553293905119,7.982924257254126,4.1623228700718755,3.8872566285663197
2026-05-12 16:29:22.922,21.866770629255655,11.410345871070149,5.395106111502173,7.983556048793616,4.1642972186327825,3.8877304722209374
2026-05-12 16:29:23.953,21.866770629255655,11.427709099905314,5.3958168769840995,7.983398100908744,4.162480817956748,3.8900207165515894
2026-05-12 16:29:25.027,21.866770629255655,11.422184436185034,5.395500981214354,7.983003231196562,4.162638765841621,3.890810455975952
2026-05-12 16:29:26.057,21.866770629255655,11.426919862230989,5.395264059387046,7.982766309369254,4.161928000359694,3.8926268566519866
2026-05-12 16:29:27.085,21.866770629255655,11.432444525951269,5.395579955156791,7.983950918505798,4.164929010172273,3.89531197069482
2026-05-12 16:29:28.113,21.866770629255655,11.404031969675543,5.395579955156791,7.983792970620925,4.163349531323547,3.895864788291874
2026-05-12 16:29:29.140,21.866770629255655,11.42297367385936,5.395737903041663,7.982924257254126,4.164060296805474,3.8974442671405995
2026-05-12 16:29:30.166,21.866770629255655,11.41744901013908,5.396053798811408,7.982608361484381,4.1628756876689295,3.9009191206077958
2026-05-12 16:29:31.219,21.866770629255655,11.42297367385936,5.396764564293335,7.983556048793616,4.1647710622874,3.9005242508956144
2026-05-12 16:29:32.245,21.866770629255655,11.419816723162057,5.396606616408462,7.983003231196562,4.164692088344964,3.901866807917031
2026-05-12 16:29:33.276,21.866770629255655,11.429287575253966,5.3963696945811535,7.983950918505798,4.16540285382689,3.9051047395569185
2026-05-12 16:29:34.307,21.866770629255655,11.422184436185034,5.397396355832825,7.9833191269663075,4.16413927074791,3.9051047395569185
2026-05-12 16:29:35.336,21.866770629255655,11.426130624556663,5.397633277660134,7.982687335426817,4.1623228700718755,3.90889548879386
2026-05-12 16:29:36.366,21.859475095427342,11.404821207349869,5.396922512178207,7.982687335426817,4.164534140460091,3.9100011239879677
2026-05-12 16:29:37.392,21.866770629255655,11.416659772464754,5.397001486120644,7.98284528331169,4.1628756876689295,3.909764202160659
2026-05-12 16:29:38.423,21.859475095427342,11.422184436185034,5.397159434005516,7.982371439657072,4.163112609496238,3.9110277852396393
2026-05-12 16:29:39.449,21.866770629255655,11.429287575253966,5.397633277660134,7.983556048793616,4.164613114402528,3.9133180295702914
2026-05-12 16:29:40.476,21.874066163083967,11.4395476650202,5.3972384079479525,7.982924257254126,4.161849026417258,3.914897508419017
2026-05-12 16:29:41.501,21.859475095427342,11.399296543629589,5.398501991026933,7.9833191269663075,4.162638765841621,3.9163980133253062
2026-05-12 16:29:42.524,21.859475095427342,11.420605960836383,5.397396355832825,7.982687335426817,4.1628756876689295,3.918056466116468
2026-05-12 16:29:43.551,21.866770629255655,11.426919862230989,5.397633277660134,7.983240153023871,4.163586453150856,3.9199518407349387
2026-05-12 16:29:44.579,21.866770629255655,11.437969189671549,5.397317381890389,7.982529387541945,4.161533130647513,3.9201887625622476
2026-05-12 16:29:45.610,21.866770629255655,11.415081297116103,5.398501991026933,7.983556048793616,4.16200697430213,3.922636954777772
2026-05-12 16:29:46.636,21.866770629255655,11.421395198510709,5.398107121314752,7.98347707485118,4.161770052474822,3.9261907821874047
2026-05-12 16:29:47.666,21.859475095427342,11.399296543629589,5.398028147372315,7.983398100908744,4.16200697430213,3.9261907821874047
2026-05-12 16:29:48.697,21.866770629255655,11.435601476648571,5.39771225160257,7.983240153023871,4.1628756876689295,3.9269805216117675
2026-05-12 16:29:49.725,21.859475095427342,11.411135108744475,5.39834404314206,7.983003231196562,4.162243896129439,3.928244104690748
2026-05-12 16:29:50.754,21.859475095427342,11.40639968269852,5.398501991026933,7.98284528331169,4.162796713726493,3.9298235835394735
2026-05-12 16:29:51.781,21.859475095427342,11.419027485487732,5.398580964969369,7.98284528331169,4.162164922187003,3.931955879985253
2026-05-12 16:29:52.810,21.866770629255655,11.421395198510709,5.399054808623987,7.984029892448234,4.164060296805474,3.932587671524743
2026-05-12 16:29:53.834,21.866770629255655,11.437969189671549,5.399607626221041,7.9824504135995085,4.161849026417258,3.9344040722007776
2026-05-12 16:29:54.860,21.859475095427342,11.411135108744475,5.3992127565088595,7.982608361484381,4.161770052474822,3.9358256031646306
2026-05-12 16:29:55.886,21.866770629255655,11.426919862230989,5.398580964969369,7.983240153023871,4.161849026417258,3.9371681601860473
2026-05-12 16:29:56.913,21.866770629255655,11.429287575253966,5.3986599389118055,7.982924257254126,4.162480817956748,3.938826612977209
2026-05-12 16:29:57.943,21.866770629255655,11.420605960836383,5.398423017084497,7.9824504135995085,4.162717739784057,3.9409589094229887
2026-05-12 16:29:58.973,21.874066163083967,11.436390714322897,5.399291730451296,7.982608361484381,4.161770052474822,3.9420645446170965
2026-05-12 16:29:59.998,21.866770629255655,11.412713584093126,5.399686600163477,7.983792970620925,4.163191583438675,3.9434860755809495
2026-05-12 16:30:01.029,21.866770629255655,11.412713584093126,5.398738912854242,7.98347707485118,4.162559791899184,3.944986580487239
2026-05-12 16:30:02.056,21.874066163083967,11.431655288276943,5.398975834681551,7.982529387541945,4.16200697430213,3.946487085393528
2026-05-12 16:30:03.086,21.859475095427342,11.415870534790429,5.400160443818095,7.983635022736053,4.16413927074791,3.948224512127126
2026-05-12 16:30:04.114,21.866770629255655,11.396139592932286,5.39984454804835,7.9822134917722,4.161770052474822,3.949646043090979
2026-05-12 16:30:05.148,21.866770629255655,11.418238247813406,5.399291730451296,7.98284528331169,4.162717739784057,3.950988600112396
2026-05-12 16:30:06.174,21.866770629255655,11.425341386882337,5.399054808623987,7.981818622060018,4.162085948244567,3.9531208965581754
2026-05-12 16:30:07.203,21.866770629255655,11.414292059441777,5.399291730451296,7.983635022736053,4.163586453150856,3.9560429324283177
2026-05-12 16:30:08.233,21.874066163083967,11.441126140368851,5.400713261415149,7.983792970620925,4.161691078532385,3.9562798542556266
2026-05-12 16:30:09.260,21.866770629255655,11.416659772464754,5.399923521990786,7.983635022736053,4.163349531323547,3.9573854894497345
2026-05-12 16:30:10.289,21.866770629255655,11.410345871070149,5.400160443818095,7.983161179081435,4.162243896129439,3.9604654732047493
2026-05-12 16:30:11.315,21.866770629255655,11.410345871070149,5.400555313530276,7.983556048793616,4.161691078532385,3.961492134456421
2026-05-12 16:30:12.339,21.866770629255655,11.41744901013908,5.399449678336168,7.983792970620925,4.164850036229836,3.9618870041686023
2026-05-12 16:30:13.367,21.866770629255655,11.420605960836383,5.400239417760531,7.983398100908744,4.161849026417258,3.9645721182114357
2026-05-12 16:30:14.392,21.866770629255655,11.407188920372846,5.400792235357585,7.983713996678489,4.164060296805474,3.9659936491752887
2026-05-12 16:30:15.420,21.866770629255655,11.415870534790429,5.399686600163477,7.984819631872597,4.161691078532385,3.9670992843693966
2026-05-12 16:30:16.448,21.866770629255655,11.442704615717503,5.400871209300021,7.984187840333107,4.161612104589949,3.970100294181975
2026-05-12 16:30:17.474,21.866770629255655,11.437969189671549,5.400555313530276,7.98347707485118,4.162638765841621,3.96978439841223
2026-05-12 16:30:18.503,21.874066163083967,11.438758427345874,5.402292740263874,7.983003231196562,4.1628756876689295,3.9708110596639017
2026-05-12 16:30:19.534,21.866770629255655,11.414292059441777,5.401581974781948,7.98284528331169,4.162717739784057,3.973970017361353
2026-05-12 16:30:20.565,21.866770629255655,11.43402300129992,5.401345052954639,7.98347707485118,4.161928000359694,3.97657615746175
2026-05-12 16:30:21.596,21.866770629255655,11.413502821767452,5.401029157184894,7.983161179081435,4.164060296805474,3.975786418037387
2026-05-12 16:30:22.627,21.859475095427342,11.412713584093126,5.4015030008395115,7.982924257254126,4.163586453150856,3.9773658968861128
2026-05-12 16:30:23.656,21.866770629255655,11.398507305955263,5.40173992266682,7.982529387541945,4.163586453150856,3.979656141216765
2026-05-12 16:30:24.684,21.866770629255655,11.427709099905314,5.401187105069766,7.983556048793616,4.161849026417258,3.982262281317162
2026-05-12 16:30:25.713,21.866770629255655,11.437179951997223,5.401818896609257,7.983240153023871,4.1623228700718755,3.98336791651127
2026-05-12 16:30:26.740,21.866770629255655,11.43402300129992,5.402292740263874,7.981818622060018,4.162638765841621,3.984789447475123
2026-05-12 16:30:27.767,21.866770629255655,11.394561117583635,5.40110813112733,7.983240153023871,4.161928000359694,3.98676379603603
2026-05-12 16:30:28.801,21.866770629255655,11.410345871070149,5.403082479688237,7.982134517829763,4.161849026417258,3.9877904572877014
2026-05-12 16:30:29.830,21.866770629255655,11.440336902694526,5.401818896609257,7.983161179081435,4.163665427093292,3.987948405172574
2026-05-12 16:30:30.866,21.866770629255655,11.441126140368851,5.402450688148747,7.983713996678489,4.162796713726493,3.9892119882515544
2026-05-12 16:30:31.896,21.866770629255655,11.415870534790429,5.40324042757311,7.982529387541945,4.162717739784057,3.9915022325822065
2026-05-12 16:30:32.926,21.866770629255655,11.411135108744475,5.402213766321438,7.982687335426817,4.162796713726493,3.9931606853733683
2026-05-12 16:30:33.951,21.866770629255655,11.396928830606612,5.402134792379002,7.983556048793616,4.164534140460091,3.99481913816453
2026-05-12 16:30:34.982,21.866770629255655,11.41744901013908,5.402292740263874,7.983003231196562,4.162085948244567,3.996240669128383
2026-05-12 16:30:36.013,21.874066163083967,11.419816723162057,5.403161453630673,7.9824504135995085,4.161928000359694,3.9971883564376185
2026-05-12 16:30:37.039,21.866770629255655,11.427709099905314,5.402608636033619,7.98284528331169,4.164929010172273,3.9994786007682706
2026-05-12 16:30:38.066,21.866770629255655,11.433233763625594,5.403161453630673,7.983635022736053,4.164060296805474,4.00034731413507
2026-05-12 16:30:39.093,21.866770629255655,11.4119243464188,5.4029245318033645,7.982924257254126,4.1628756876689295,4.002479610580849
2026-05-12 16:30:40.119,21.866770629255655,11.402453494326892,5.403398375457982,7.982371439657072,4.16200697430213,4.004532933084192
2026-05-12 16:30:41.146,21.874066163083967,11.424552149208012,5.40450401065209,7.984187840333107,4.1651659319995815,4.005322672508555
2026-05-12 16:30:42.173,21.874066163083967,11.43402300129992,5.404188114882345,7.982687335426817,4.1628756876689295,4.007849838666516
2026-05-12 16:30:43.201,21.874066163083967,11.430076812928291,5.403951193055036,7.983003231196562,4.163112609496238,4.009508291457678
2026-05-12 16:30:44.230,21.874066163083967,11.441915378043177,5.404267088824781,7.98284528331169,4.162796713726493,4.010061109054732
2026-05-12 16:30:45.273,21.866770629255655,11.42849833757964,5.404109140939909,7.9824504135995085,4.164692088344964,4.012035457615639
2026-05-12 16:30:46.304,21.874066163083967,11.4119243464188,5.4038722191126,7.983082205138999,4.161928000359694,4.012904170982438
2026-05-12 16:30:47.330,21.866770629255655,11.419816723162057,5.405056828249144,7.983556048793616,4.163033635553802,4.01582620685258
2026-05-12 16:30:48.361,21.866770629255655,11.4395476650202,5.40450401065209,7.983398100908744,4.163112609496238,4.01582620685258
2026-05-12 16:30:49.391,21.866770629255655,11.436390714322897,5.404740932479399,7.983003231196562,4.1623228700718755,4.018116451183232
2026-05-12 16:30:50.419,21.866770629255655,11.425341386882337,5.4043460627672175,7.981818622060018,4.162401844014312,4.018985164550031
2026-05-12 16:30:51.442,21.874066163083967,11.441126140368851,5.404030166997472,7.983240153023871,4.161691078532385,4.022223096189919
2026-05-12 16:30:52.468,21.874066163083967,11.419027485487732,5.404661958536963,7.982766309369254,4.165007984114709,4.023565653211335
2026-05-12 16:30:53.496,21.874066163083967,11.433233763625594,5.404740932479399,7.982529387541945,4.163191583438675,4.024355392635698
2026-05-12 16:30:54.525,21.874066163083967,11.445861566414806,5.40450401065209,7.98284528331169,4.165086958057145,4.0256189757146785
2026-05-12 16:30:55.554,21.874066163083967,11.421395198510709,5.404267088824781,7.981818622060018,4.162164922187003,4.02664563696635
2026-05-12 16:30:56.584,21.866770629255655,11.442704615717503,5.405451697961325,7.9838719445633615,4.162559791899184,4.028698959469693
2026-05-12 16:30:57.660,21.874066163083967,11.425341386882337,5.40450401065209,7.983161179081435,4.162243896129439,4.0298835686062375
2026-05-12 16:30:58.688,21.874066163083967,11.426130624556663,5.404582984594526,7.984345788217979,4.162401844014312,4.030989203800345
2026-05-12 16:30:59.713,21.866770629255655,11.411135108744475,5.4048988803642715,7.982371439657072,4.162638765841621,4.034858926979723
2026-05-12 16:31:00.740,21.866770629255655,11.419027485487732,5.40513580219158,7.982766309369254,4.162085948244567,4.035490718519213
2026-05-12 16:31:01.801,21.874066163083967,11.423762911533686,5.405293750076453,7.9833191269663075,4.163902348920601,4.037070197367939
2026-05-12 16:31:02.933,21.874066163083967,11.422184436185034,5.405214776134017,7.9824504135995085,4.165007984114709,4.037701988907429
2026-05-12 16:31:03.966,21.866770629255655,11.423762911533686,5.405688619788634,7.983556048793616,4.1651659319995815,4.039281467756155
2026-05-12 16:31:04.995,21.866770629255655,11.419027485487732,5.405451697961325,7.983713996678489,4.164218244690346,4.041650686029243
2026-05-12 16:31:06.022,21.866770629255655,11.440336902694526,5.405293750076453,7.981739648117582,4.164376192575219,4.042598373338478
2026-05-12 16:31:07.049,21.866770629255655,11.434812238974246,5.406241437385688,7.984187840333107,4.162717739784057,4.043782982475022
2026-05-12 16:31:08.124,21.866770629255655,11.413502821767452,5.406083489500816,7.983398100908744,4.163270557381111,4.0476527056544
2026-05-12 16:31:09.155,21.874066163083967,11.420605960836383,5.405293750076453,7.981423752347837,4.162480817956748,4.0476527056544
2026-05-12 16:31:10.183,21.866770629255655,11.426130624556663,5.406162463443252,7.982687335426817,4.162954661611366,4.0483634711363266
2026-05-12 16:31:11.210,21.874066163083967,11.443493853391828,5.406478359212997,7.982055543887327,4.162480817956748,4.050495767582106
2026-05-12 16:31:12.239,21.866770629255655,11.423762911533686,5.407505020464669,7.983713996678489,4.163349531323547,4.051443454891341
2026-05-12 16:31:13.267,21.874066163083967,11.446650804089131,5.406557333155433,7.9824504135995085,4.162164922187003,4.054128568934175
2026-05-12 16:31:14.295,21.866770629255655,11.419027485487732,5.406873228925178,7.983240153023871,4.163033635553802,4.054681386531229
2026-05-12 16:31:15.324,21.866770629255655,11.419027485487732,5.406162463443252,7.9852934755272145,4.16540285382689,4.056339839322391
2026-05-12 16:31:16.352,21.874066163083967,11.429287575253966,5.406399385270561,7.983003231196562,4.163586453150856,4.0574454745164985
2026-05-12 16:31:17.377,21.866770629255655,11.432444525951269,5.40726809863736,7.983003231196562,4.163191583438675,4.061552119523185
2026-05-12 16:31:18.405,21.866770629255655,11.413502821767452,5.406399385270561,7.983161179081435,4.165007984114709,4.061552119523185
2026-05-12 16:31:19.430,21.866770629255655,11.435601476648571,5.406715281040306,7.982924257254126,4.162085948244567,4.063052624429474
2026-05-12 16:31:20.456,21.866770629255655,11.441126140368851,5.407583994407105,7.983161179081435,4.162638765841621,4.064079285681146
2026-05-12 16:31:21.486,21.874066163083967,11.442704615717503,5.40663630709787,7.985135527642342,4.162085948244567,4.065737738472308
2026-05-12 16:31:22.517,21.866770629255655,11.42849833757964,5.407662968349541,7.984266814275543,4.1647710622874,4.067554139148342
2026-05-12 16:31:23.549,21.866770629255655,11.424552149208012,5.407031176810051,7.982608361484381,4.163981322863037,4.0693705398243765
2026-05-12 16:31:24.578,21.866770629255655,11.427709099905314,5.407662968349541,7.983082205138999,4.163902348920601,4.070160279248739
2026-05-12 16:31:25.609,21.866770629255655,11.424552149208012,5.407426046522232,7.982371439657072,4.162480817956748,4.072450523579391
2026-05-12 16:31:26.644,21.866770629255655,11.42297367385936,5.407347072579796,7.981107856578092,4.164929010172273,4.07608332493146
2026-05-12 16:31:27.671,21.866770629255655,11.435601476648571,5.408452707773904,7.983161179081435,4.163586453150856,4.074424872140298
2026-05-12 16:31:28.698,21.866770629255655,11.426130624556663,5.40789989017685,7.98347707485118,4.162480817956748,4.07608332493146
2026-05-12 16:31:29.729,21.859475095427342,11.441915378043177,5.408294759889031,7.983713996678489,4.165244905942018,4.078373569262112
2026-05-12 16:31:30.756,21.874066163083967,11.440336902694526,5.409321421140703,7.9824504135995085,4.163033635553802,4.079084334744039
2026-05-12 16:31:31.782,21.874066163083967,11.429287575253966,5.40789989017685,7.983082205138999,4.161928000359694,4.0821643184990535
2026-05-12 16:31:32.813,21.866770629255655,11.422184436185034,5.408136812004159,7.982134517829763,4.162401844014312,4.083112005808289
2026-05-12 16:31:33.838,21.866770629255655,11.430866050602617,5.409005525370958,7.983950918505798,4.162085948244567,4.084770458599451
2026-05-12 16:31:34.866,21.866770629255655,11.411135108744475,5.408689629601213,7.982529387541945,4.162243896129439,4.0858760937935585
2026-05-12 16:31:35.897,21.874066163083967,11.43402300129992,5.408847577486085,7.983082205138999,4.163902348920601,4.087218650814975
2026-05-12 16:31:36.926,21.866770629255655,11.426130624556663,5.409321421140703,7.98284528331169,4.163349531323547,4.088561207836392
2026-05-12 16:31:37.950,21.866770629255655,11.436390714322897,5.409400395083139,7.981976569944891,4.162796713726493,4.089982738800245
2026-05-12 16:31:38.981,21.866770629255655,11.412713584093126,5.4086106556587765,7.982529387541945,4.1628756876689295,4.092272983130897
2026-05-12 16:31:40.010,21.866770629255655,11.418238247813406,5.409321421140703,7.98347707485118,4.164455166517655,4.093141696497696
2026-05-12 16:31:41.042,21.866770629255655,11.425341386882337,5.4100321866226295,7.982371439657072,4.165244905942018,4.096300654195147
2026-05-12 16:31:42.072,21.866770629255655,11.426919862230989,5.409321421140703,7.983635022736053,4.161770052474822,4.096932445734637
2026-05-12 16:31:43.103,21.866770629255655,11.447440041763457,5.409005525370958,7.982766309369254,4.163823374978165,4.099380637950162
2026-05-12 16:31:44.127,21.866770629255655,11.432444525951269,5.410111160565066,7.983635022736053,4.164692088344964,4.099617559777471
2026-05-12 16:31:45.154,21.866770629255655,11.407188920372846,5.410506030277247,7.984187840333107,4.165086958057145,4.101670882280814
2026-05-12 16:31:46.184,21.866770629255655,11.431655288276943,5.4100321866226295,7.9818975960024545,4.162954661611366,4.102697543532486
2026-05-12 16:31:47.210,21.866770629255655,11.419027485487732,5.410427056334811,7.982687335426817,4.163112609496238,4.105066761805574
2026-05-12 16:31:48.235,21.866770629255655,11.419816723162057,5.409795264795321,7.982292465714636,4.1623228700718755,4.107435980078662
2026-05-12 16:31:49.266,21.866770629255655,11.422184436185034,5.409795264795321,7.982687335426817,4.162243896129439,4.106804188539172
2026-05-12 16:31:50.296,21.866770629255655,11.424552149208012,5.410269108449938,7.983082205138999,4.162401844014312,4.108778537100079
2026-05-12 16:31:51.321,21.866770629255655,11.425341386882337,5.409874238737757,7.983792970620925,4.163823374978165,4.111858520855094
2026-05-12 16:31:52.348,21.866770629255655,11.42849833757964,5.410427056334811,7.983240153023871,4.164060296805474,4.113516973646256
2026-05-12 16:31:53.379,21.866770629255655,11.423762911533686,5.410348082392375,7.981976569944891,4.162559791899184,4.112648260279457
2026-05-12 16:31:54.410,21.866770629255655,11.419027485487732,5.410900899989429,7.983161179081435,4.1647710622874,4.115175426437418
2026-05-12 16:31:55.444,21.866770629255655,11.420605960836383,5.4105850042196835,7.982924257254126,4.16350747920842,4.117623618652942
2026-05-12 16:31:56.471,21.866770629255655,11.419816723162057,5.411374743644046,7.9818975960024545,4.163586453150856,4.119282071444104
2026-05-12 16:31:57.501,21.874066163083967,11.419027485487732,5.411374743644046,7.983161179081435,4.164376192575219,4.119518993271413
2026-05-12 16:31:58.532,21.874066163083967,11.420605960836383,5.412243457010845,7.982134517829763,4.163191583438675,4.121019498177702
2026-05-12 16:31:59.561,21.866770629255655,11.413502821767452,5.41255935278059,7.982371439657072,4.163033635553802,4.1219671854869375
2026-05-12 16:32:00.593,21.874066163083967,11.422184436185034,5.411848587298664,7.9822134917722,4.1623228700718755,4.125205117126825
2026-05-12 16:32:01.629,21.866770629255655,11.415870534790429,5.411058847874301,7.981818622060018,4.1647710622874,4.125599986839006
2026-05-12 16:32:02.661,21.866770629255655,11.430866050602617,5.411216795759174,7.983398100908744,4.164613114402528,4.126626648090678
2026-05-12 16:32:03.697,21.874066163083967,11.407188920372846,5.411137821816737,7.982371439657072,4.163349531323547,4.129232788191075
2026-05-12 16:32:04.727,21.874066163083967,11.413502821767452,5.410900899989429,7.98347707485118,4.163191583438675,4.129311762133511
2026-05-12 16:32:05.756,21.866770629255655,11.408767395721497,5.411137821816737,7.982134517829763,4.162164922187003,4.13231277194609
2026-05-12 16:32:06.783,21.866770629255655,11.414292059441777,5.411769613356228,7.982924257254126,4.163270557381111,4.13357635502507
2026-05-12 16:32:07.811,21.874066163083967,11.422184436185034,5.412401404895718,7.982608361484381,4.164060296805474,4.134997885988923
2026-05-12 16:32:08.841,21.874066163083967,11.430076812928291,5.411769613356228,7.9833191269663075,4.162401844014312,4.137683000031757
2026-05-12 16:32:09.871,21.874066163083967,11.426919862230989,5.411374743644046,7.98284528331169,4.164613114402528,4.1395783746502275
2026-05-12 16:32:10.897,21.874066163083967,11.441915378043177,5.412085509125973,7.9822134917722,4.163823374978165,4.140762983786772
2026-05-12 16:32:11.925,21.866770629255655,11.423762911533686,5.4119275612411,7.981818622060018,4.165086958057145,4.139894270419973
2026-05-12 16:32:12.951,21.874066163083967,11.419816723162057,5.41255935278059,7.982608361484381,4.161928000359694,4.143685019656914
2026-05-12 16:32:13.978,21.874066163083967,11.423762911533686,5.412164483068409,7.9838719445633615,4.162243896129439,4.144158863311532
2026-05-12 16:32:15.027,21.874066163083967,11.419027485487732,5.413033196435208,7.984266814275543,4.162796713726493,4.1452644985056395
2026-05-12 16:32:16.054,21.874066163083967,11.441126140368851,5.413270118262517,7.9833191269663075,4.1637444010357285,4.147317821008983
2026-05-12 16:32:17.083,21.866770629255655,11.447440041763457,5.413112170377644,7.983713996678489,4.162559791899184,4.150318830821561
2026-05-12 16:32:18.114,21.866770629255655,11.441126140368851,5.413191144320081,7.983635022736053,4.162559791899184,4.15055575264887
2026-05-12 16:32:19.141,21.866770629255655,11.424552149208012,5.413743961917135,7.982371439657072,4.162085948244567,4.151424466015669
2026-05-12 16:32:20.168,21.866770629255655,11.429287575253966,5.413270118262517,7.983792970620925,4.163033635553802,4.153556762461449
2026-05-12 16:32:21.194,21.866770629255655,11.410345871070149,5.412401404895718,7.982371439657072,4.163665427093292,4.154978293425302
2026-05-12 16:32:22.221,21.866770629255655,11.419027485487732,5.413270118262517,7.9818975960024545,4.1623228700718755,4.156478798331591
2026-05-12 16:32:23.247,21.874066163083967,11.409556633395823,5.413349092204953,7.982055543887327,4.162559791899184,4.157031615928645
2026-05-12 16:32:24.278,21.866770629255655,11.420605960836383,5.413112170377644,7.983240153023871,4.16540285382689,4.16074339122315
2026-05-12 16:32:25.309,21.874066163083967,11.425341386882337,5.413664987974698,7.982134517829763,4.162638765841621,4.161928000359694
2026-05-12 16:32:26.346,21.866770629255655,11.41744901013908,5.413507040089826,7.983082205138999,4.16350747920842,4.161533130647513
2026-05-12 16:32:27.371,21.874066163083967,11.429287575253966,5.413980883744443,7.982529387541945,4.162480817956748,4.165797723539072
2026-05-12 16:32:28.398,21.874066163083967,11.429287575253966,5.41405985768688,7.982529387541945,4.163033635553802,4.165876697481508
2026-05-12 16:32:29.424,21.874066163083967,11.421395198510709,5.4142967795141885,7.983240153023871,4.162401844014312,4.167061306618052
2026-05-12 16:32:30.450,21.874066163083967,11.40087501897824,5.4148495971112425,7.983398100908744,4.1628756876689295,4.169667446718449
2026-05-12 16:32:31.477,21.874066163083967,11.434812238974246,5.413901909802007,7.982924257254126,4.165560801711763,4.170536160085248
2026-05-12 16:32:32.530,21.866770629255655,11.430866050602617,5.414217805571752,7.984345788217979,4.162559791899184,4.17219461287641
2026-05-12 16:32:33.558,21.874066163083967,11.408767395721497,5.414217805571752,7.982292465714636,4.164692088344964,4.173142300185646
2026-05-12 16:32:34.586,21.874066163083967,11.435601476648571,5.414612675283934,7.983713996678489,4.162559791899184,4.1756694663436065
2026-05-12 16:32:35.614,21.874066163083967,11.415081297116103,5.414770623168806,7.983556048793616,4.162638765841621,4.1779597106742585
2026-05-12 16:32:36.643,21.874066163083967,11.415081297116103,5.415007544996115,7.981423752347837,4.163902348920601,4.177485867019641
2026-05-12 16:32:37.670,21.874066163083967,11.421395198510709,5.414375753456625,7.982371439657072,4.162638765841621,4.17961816346542
2026-05-12 16:32:38.696,21.866770629255655,11.431655288276943,5.415402414708296,7.982766309369254,4.165323879884454,4.181513538083891
2026-05-12 16:32:39.723,21.874066163083967,11.410345871070149,5.414533701341497,7.983240153023871,4.163665427093292,4.182303277508254
2026-05-12 16:32:40.756,21.874066163083967,11.441126140368851,5.414612675283934,7.983161179081435,4.165007984114709,4.183961730299416
2026-05-12 16:32:41.782,21.874066163083967,11.431655288276943,5.415086518938551,7.984187840333107,4.162243896129439,4.185462235205705
2026-05-12 16:32:42.808,21.874066163083967,11.423762911533686,5.415481388650733,7.982529387541945,4.161928000359694,4.187436583766612
2026-05-12 16:32:43.856,21.874066163083967,11.436390714322897,5.415560362593169,7.983161179081435,4.162164922187003,4.188937088672901
2026-05-12 16:32:44.886,21.866770629255655,11.416659772464754,5.415639336535605,7.983240153023871,4.162559791899184,4.189726828097264
2026-05-12 16:32:45.918,21.874066163083967,11.403242732001218,5.415639336535605,7.982766309369254,4.162164922187003,4.193280655506896
2026-05-12 16:32:46.944,21.866770629255655,11.449018517112108,5.416508049902404,7.982608361484381,4.1651659319995815,4.194228342816132
2026-05-12 16:32:47.971,21.866770629255655,11.423762911533686,5.415797284420478,7.982608361484381,4.162796713726493,4.196202691377039
2026-05-12 16:32:48.997,21.874066163083967,11.424552149208012,5.415876258362914,7.983792970620925,4.163112609496238,4.196676535031656
2026-05-12 16:32:50.023,21.874066163083967,11.415870534790429,5.415876258362914,7.981581700232709,4.162243896129439,4.1978611441682006
2026-05-12 16:32:51.049,21.874066163083967,11.437179951997223,5.415481388650733,7.981186830520528,4.164692088344964,4.2003883103261614
2026-05-12 16:32:52.076,21.874066163083967,11.422184436185034,5.416034206247787,7.983161179081435,4.163270557381111,4.201335997635397
2026-05-12 16:32:53.102,21.881361696912336,11.447440041763457,5.415639336535605,7.98347707485118,4.161928000359694,4.204415981390412
2026-05-12 16:32:54.130,21.866770629255655,11.401664256652566,5.4162711280750955,7.982529387541945,4.164218244690346,4.205284694757211
2026-05-12 16:32:55.156,21.874066163083967,11.430866050602617,5.416587023844841,7.983398100908744,4.163033635553802,4.2060744341815735
2026-05-12 16:32:56.190,21.874066163083967,11.410345871070149,5.41595523230535,7.983398100908744,4.161849026417258,4.208206730627353
2026-05-12 16:32:57.221,21.874066163083967,11.440336902694526,5.416665997787277,7.982529387541945,4.163428505265983,4.211128766497495
2026-05-12 16:32:58.250,21.866770629255655,11.420605960836383,5.416902919614586,7.983161179081435,4.161849026417258,4.209628261591206
2026-05-12 16:32:59.281,21.874066163083967,11.429287575253966,5.417534711154076,7.98284528331169,4.163981322863037,4.2126292714037845
2026-05-12 16:33:00.310,21.866770629255655,11.427709099905314,5.416665997787277,7.982134517829763,4.163428505265983,4.213340036885711
2026-05-12 16:33:01.347,21.874066163083967,11.430866050602617,5.416587023844841,7.983556048793616,4.163902348920601,4.215709255158799
2026-05-12 16:33:02.373,21.874066163083967,11.42849833757964,5.4171398414418945,7.9824504135995085,4.163112609496238,4.218394369201633
2026-05-12 16:33:03.398,21.874066163083967,11.407978158047172,5.417376763269203,7.98347707485118,4.1623228700718755,4.217999499489451
2026-05-12 16:33:04.428,21.874066163083967,11.413502821767452,5.417218815384331,7.982055543887327,4.162164922187003,4.220447691704976
2026-05-12 16:33:05.460,21.874066163083967,11.42849833757964,5.417218815384331,7.982687335426817,4.1623228700718755,4.2225799881507555
2026-05-12 16:33:06.488,21.866770629255655,11.426919862230989,5.417060867499458,7.983003231196562,4.163112609496238,4.223211779690246
2026-05-12 16:33:07.512,21.874066163083967,11.414292059441777,5.417929580866257,7.983635022736053,4.163902348920601,4.224238440941917
2026-05-12 16:33:08.538,21.874066163083967,11.419027485487732,5.416744971729713,7.982687335426817,4.16200697430213,4.226133815560388
2026-05-12 16:33:09.567,21.874066163083967,11.419027485487732,5.41871932029062,7.983240153023871,4.162085948244567,4.227555346524241
2026-05-12 16:33:10.596,21.874066163083967,11.436390714322897,5.417218815384331,7.982529387541945,4.16200697430213,4.229292773257839
2026-05-12 16:33:11.625,21.874066163083967,11.415081297116103,5.41871932029062,7.982766309369254,4.161849026417258,4.230003538739766
2026-05-12 16:33:12.650,21.866770629255655,11.426130624556663,5.418245476636002,7.983003231196562,4.162717739784057,4.231425069703619
2026-05-12 16:33:13.683,21.866770629255655,11.42297367385936,5.418324450578439,7.982055543887327,4.16350747920842,4.233399418264526
2026-05-12 16:33:14.715,21.874066163083967,11.438758427345874,5.418008554808694,7.982924257254126,4.163902348920601,4.234899923170815
2026-05-12 16:33:15.742,21.874066163083967,11.423762911533686,5.41871932029062,7.983792970620925,4.162480817956748,4.237742985098521
2026-05-12 16:33:16.769,21.874066163083967,11.444283091066154,5.419193163945238,7.982529387541945,4.162243896129439,4.239559385774555
2026-05-12 16:33:17.798,21.881361696912336,11.409556633395823,5.418166502693566,7.98347707485118,4.163033635553802,4.240901942795972
2026-05-12 16:33:18.825,21.874066163083967,11.43402300129992,5.418245476636002,7.983635022736053,4.162796713726493,4.241454760393026
2026-05-12 16:33:19.852,21.874066163083967,11.41744901013908,5.41871932029062,7.983003231196562,4.163349531323547,4.243587056838805
2026-05-12 16:33:20.883,21.874066163083967,11.448229279437783,5.41871932029062,7.98347707485118,4.162401844014312,4.244376796263168
2026-05-12 16:33:21.910,21.881361696912336,11.41744901013908,5.418403424520875,7.983713996678489,4.163981322863037,4.246351144824075
2026-05-12 16:33:22.939,21.874066163083967,11.426919862230989,5.4199829033696005,7.981423752347837,4.164376192575219,4.247061910306002
2026-05-12 16:33:23.969,21.881361696912336,11.431655288276943,5.419903929427164,7.984503736102852,4.1623228700718755,4.249036258866909
2026-05-12 16:33:24.996,21.874066163083967,11.419027485487732,5.420298799139346,7.983240153023871,4.162243896129439,4.250931633485379
2026-05-12 16:33:26.022,21.874066163083967,11.4119243464188,5.4199829033696005,7.982292465714636,4.162796713726493,4.251484451082433
2026-05-12 16:33:27.050,21.874066163083967,11.449018517112108,5.419430085772547,7.983161179081435,4.163112609496238,4.253853669355522
2026-05-12 16:33:28.076,21.874066163083967,11.430866050602617,5.4191141900028015,7.9822134917722,4.1623228700718755,4.2558280179164285
2026-05-12 16:33:29.108,21.881361696912336,11.433233763625594,5.420061877312037,7.9833191269663075,4.162954661611366,4.257170574937845
2026-05-12 16:33:30.139,21.881361696912336,11.418238247813406,5.419509059714983,7.983082205138999,4.163112609496238,4.258592105901698
2026-05-12 16:33:31.169,21.874066163083967,11.426130624556663,5.420772642793963,7.981423752347837,4.163112609496238,4.260408506577733
2026-05-12 16:33:32.199,21.874066163083967,11.415081297116103,5.420298799139346,7.982055543887327,4.165007984114709,4.261830037541586
2026-05-12 16:33:33.230,21.874066163083967,11.398507305955263,5.4191141900028015,7.982766309369254,4.162796713726493,4.2643572036995465
2026-05-12 16:33:34.259,21.874066163083967,11.422184436185034,5.419509059714983,7.983003231196562,4.1628756876689295,4.264436177641983
2026-05-12 16:33:35.287,21.874066163083967,11.423762911533686,5.420298799139346,7.98410886639067,4.16350747920842,4.26704231774238
2026-05-12 16:33:36.313,21.874066163083967,11.43402300129992,5.420298799139346,7.982608361484381,4.164534140460091,4.266805395915071
2026-05-12 16:33:37.339,21.874066163083967,11.416659772464754,5.419824955484728,7.981107856578092,4.162164922187003,4.26980640572765
2026-05-12 16:33:38.366,21.874066163083967,11.429287575253966,5.420614694909091,7.983398100908744,4.163191583438675,4.27106998880663
2026-05-12 16:33:39.393,21.881361696912336,11.449807754786434,5.420772642793963,7.982134517829763,4.162164922187003,4.27170178034612
2026-05-12 16:33:40.417,21.874066163083967,11.426130624556663,5.421009564621272,7.983240153023871,4.162638765841621,4.273123311309973
2026-05-12 16:33:41.446,21.874066163083967,11.4119243464188,5.421246486448581,7.983556048793616,4.164218244690346,4.2757294514103705
2026-05-12 16:33:42.471,21.88865723074059,11.437179951997223,5.420298799139346,7.983713996678489,4.164060296805474,4.277940721798586
2026-05-12 16:33:43.501,21.874066163083967,11.41744901013908,5.4205357209666545,7.982134517829763,4.163191583438675,4.278809435165385
2026-05-12 16:33:44.527,21.874066163083967,11.426130624556663,5.421799304045635,7.982687335426817,4.162243896129439,4.281178653438474
2026-05-12 16:33:45.557,21.874066163083967,11.424552149208012,5.421562382218326,7.983240153023871,4.162401844014312,4.281494549208219
2026-05-12 16:33:46.588,21.881361696912336,11.412713584093126,5.420930590678836,7.983082205138999,4.16413927074791,4.283863767481307
2026-05-12 16:33:47.629,21.881361696912336,11.419816723162057,5.421562382218326,7.9822134917722,4.163665427093292,4.28465350690567
2026-05-12 16:33:48.656,21.881361696912336,11.400085781303915,5.422431095585125,7.984345788217979,4.1628756876689295,4.285443246330033
2026-05-12 16:33:49.682,21.881361696912336,11.429287575253966,5.422194173757816,7.983635022736053,4.162480817956748,4.28804938643043
2026-05-12 16:33:50.714,21.881361696912336,11.449018517112108,5.4214044343334535,7.983240153023871,4.162954661611366,4.288602204027484
2026-05-12 16:33:51.744,21.881361696912336,11.438758427345874,5.422036225872944,7.981976569944891,4.162559791899184,4.2913662920127535
2026-05-12 16:33:52.769,21.874066163083967,11.411135108744475,5.421641356160762,7.982924257254126,4.164692088344964,4.2919191096098075
2026-05-12 16:33:53.795,21.881361696912336,11.430076812928291,5.422589043469998,7.9833191269663075,4.164850036229836,4.293261666631224
2026-05-12 16:33:54.823,21.881361696912336,11.42297367385936,5.422589043469998,7.9833191269663075,4.162243896129439,4.295867806731621
2026-05-12 16:33:55.851,21.881361696912336,11.420605960836383,5.422273147700253,7.983713996678489,4.162559791899184,4.296262676443803
2026-05-12 16:33:56.879,21.881361696912336,11.447440041763457,5.422668017412434,7.981976569944891,4.163428505265983,4.30013239962318
2026-05-12 16:33:57.910,21.881361696912336,11.431655288276943,5.421799304045635,7.9824504135995085,4.163586453150856,4.30013239962318
2026-05-12 16:33:58.937,21.881361696912336,11.434812238974246,5.422589043469998,7.983398100908744,4.162954661611366,4.302106748184087
2026-05-12 16:33:59.963,21.881361696912336,11.430076812928291,5.423536730779233,7.983713996678489,4.165244905942018,4.304318018572303
2026-05-12 16:34:01.005,21.881361696912336,11.40639968269852,5.422510069527561,7.983240153023871,4.1647710622874,4.304554940399612
2026-05-12 16:34:02.033,21.881361696912336,11.4119243464188,5.423299808951924,7.98347707485118,4.163428505265983,4.306371341075646
2026-05-12 16:34:03.059,21.881361696912336,11.449018517112108,5.422352121642689,7.9833191269663075,4.1637444010357285,4.308266715694117
2026-05-12 16:34:04.090,21.881361696912336,11.427709099905314,5.423220835009488,7.9833191269663075,4.163033635553802,4.308898507233607
2026-05-12 16:34:05.116,21.88865723074059,11.419816723162057,5.422983913182179,7.984898605815033,4.163112609496238,4.310162090312588
2026-05-12 16:34:06.142,21.874066163083967,11.420605960836383,5.42274699135487,7.983003231196562,4.1642972186327825,4.312136438873495
2026-05-12 16:34:07.173,21.881361696912336,11.42849833757964,5.423852626548978,7.982292465714636,4.165560801711763,4.3137948916646565
2026-05-12 16:34:08.199,21.881361696912336,11.441915378043177,5.423615704721669,7.983950918505798,4.162401844014312,4.314742578973892
2026-05-12 16:34:09.228,21.874066163083967,11.42297367385936,5.422589043469998,7.983556048793616,4.165244905942018,4.317980510613779
2026-05-12 16:34:10.258,21.874066163083967,11.42849833757964,5.423931600491414,7.983398100908744,4.162243896129439,4.318849223980578
2026-05-12 16:34:11.285,21.881361696912336,11.415870534790429,5.423220835009488,7.984661683987724,4.162243896129439,4.32050767677174
2026-05-12 16:34:12.312,21.874066163083967,11.421395198510709,5.423062887124615,7.983082205138999,4.163270557381111,4.322245103505338
2026-05-12 16:34:13.342,21.881361696912336,11.423762911533686,5.4233787828943605,7.983003231196562,4.1623228700718755,4.323666634469191
2026-05-12 16:34:14.369,21.881361696912336,11.424552149208012,5.425116209627959,7.9833191269663075,4.16413927074791,4.324061504181373
2026-05-12 16:34:15.395,21.881361696912336,11.412713584093126,5.423615704721669,7.983003231196562,4.164929010172273,4.326746618224206
2026-05-12 16:34:16.420,21.88865723074059,11.43402300129992,5.423457756836797,7.982687335426817,4.162401844014312,4.328405071015368
2026-05-12 16:34:17.446,21.88865723074059,11.446650804089131,5.424168522318723,7.98284528331169,4.16413927074791,4.330142497748966
2026-05-12 16:34:18.475,21.881361696912336,11.445861566414806,5.423773652606542,7.983398100908744,4.163033635553802,4.331011211115765
2026-05-12 16:34:19.502,21.881361696912336,11.415081297116103,5.425116209627959,7.982766309369254,4.162559791899184,4.3331435075615445
2026-05-12 16:34:20.528,21.881361696912336,11.425341386882337,5.424089548376287,7.982608361484381,4.163665427093292,4.335038882180015
2026-05-12 16:34:21.559,21.881361696912336,11.427709099905314,5.424721339915777,7.982529387541945,4.164613114402528,4.335038882180015
2026-05-12 16:34:22.617,21.881361696912336,11.433233763625594,5.423852626548978,7.983398100908744,4.164692088344964,4.337329126510667
2026-05-12 16:34:23.645,21.88865723074059,11.4119243464188,5.424089548376287,7.9847406579301605,4.162401844014312,4.338276813819903
2026-05-12 16:34:24.676,21.88865723074059,11.43402300129992,5.424484418088468,7.981502726290273,4.162954661611366,4.3402511623808095
2026-05-12 16:34:25.707,21.88865723074059,11.430076812928291,5.425353131455267,7.984503736102852,4.163428505265983,4.341988589114408
2026-05-12 16:34:26.737,21.88865723074059,11.426919862230989,5.424563392030905,7.982924257254126,4.1628756876689295,4.343568067963133
2026-05-12 16:34:27.763,21.88865723074059,11.429287575253966,5.424326470203596,7.982529387541945,4.163191583438675,4.3445157552723686
2026-05-12 16:34:28.788,21.881361696912336,11.427709099905314,5.425037235685522,7.983082205138999,4.163191583438675,4.347832660854692
2026-05-12 16:34:29.817,21.881361696912336,11.453753943158063,5.425590053282576,7.983240153023871,4.1623228700718755,4.347121895372766
2026-05-12 16:34:30.846,21.88865723074059,11.442704615717503,5.425353131455267,7.984266814275543,4.1623228700718755,4.349175217876109
2026-05-12 16:34:31.873,21.88865723074059,11.424552149208012,5.424958261743086,7.981818622060018,4.163112609496238,4.3521762276886875
2026-05-12 16:34:32.902,21.881361696912336,11.426919862230989,5.425984922994758,7.983713996678489,4.162480817956748,4.352808019228178
2026-05-12 16:34:33.934,21.881361696912336,11.437179951997223,5.425116209627959,7.982924257254126,4.163191583438675,4.3550192896163935
2026-05-12 16:34:34.965,21.88865723074059,11.420605960836383,5.425984922994758,7.983792970620925,4.165560801711763,4.357467481831918
2026-05-12 16:34:35.990,21.88865723074059,11.416659772464754,5.4256690272250125,7.982608361484381,4.162638765841621,4.357230560004609
2026-05-12 16:34:37.017,21.88865723074059,11.416659772464754,5.425195183570395,7.983240153023871,4.162164922187003,4.360626439529369
2026-05-12 16:34:38.046,21.88865723074059,11.419816723162057,5.426063896937194,7.982055543887327,4.163270557381111,4.362047970493222
2026-05-12 16:34:39.073,21.88865723074059,11.42297367385936,5.425748001167449,7.983950918505798,4.162401844014312,4.361732074723477
2026-05-12 16:34:40.101,21.88865723074059,11.437179951997223,5.425905949052321,7.984029892448234,4.162559791899184,4.362837709917585
2026-05-12 16:34:41.129,21.88865723074059,11.422184436185034,5.426853636361557,7.9818975960024545,4.162164922187003,4.3659176936726
2026-05-12 16:34:42.160,21.88865723074059,11.432444525951269,5.426458766649375,7.9838719445633615,4.163902348920601,4.367418198578889
2026-05-12 16:34:43.192,21.88865723074059,11.405610445024195,5.426458766649375,7.983713996678489,4.163270557381111,4.368839729542742
2026-05-12 16:34:44.221,21.88865723074059,11.42849833757964,5.42677466241912,7.983161179081435,4.162796713726493,4.370024338679286
2026-05-12 16:34:45.273,21.88865723074059,11.430076812928291,5.427248506073738,7.9833191269663075,4.164692088344964,4.370972025988522
2026-05-12 16:34:46.303,21.88865723074059,11.422184436185034,5.4270905581888655,7.983556048793616,4.162559791899184,4.372235609067502
2026-05-12 16:34:47.333,21.881361696912336,11.438758427345874,5.426616714534248,7.98284528331169,4.163191583438675,4.374288931570845
2026-05-12 16:34:48.362,21.88865723074059,11.441915378043177,5.426379792706939,7.9838719445633615,4.165007984114709,4.375157644937644
2026-05-12 16:34:49.392,21.88865723074059,11.430866050602617,5.427485427901047,7.981976569944891,4.162796713726493,4.3768950716712425
2026-05-12 16:34:50.419,21.88865723074059,11.411135108744475,5.427485427901047,7.982055543887327,4.163270557381111,4.379975055426257
2026-05-12 16:34:51.467,21.881361696912336,11.443493853391828,5.427564401843483,7.983003231196562,4.1623228700718755,4.3811596645628015
2026-05-12 16:34:52.491,21.89595276456896,11.407978158047172,5.427248506073738,7.982924257254126,4.164534140460091,4.381633508217419
2026-05-12 16:34:53.521,21.88865723074059,11.412713584093126,5.427406453958611,7.982292465714636,4.162401844014312,4.38416067437538
2026-05-12 16:34:54.547,21.88865723074059,11.424552149208012,5.42677466241912,7.984582710045288,4.164060296805474,4.387003736303086
2026-05-12 16:34:55.575,21.88865723074059,11.444283091066154,5.427011584246429,7.983003231196562,4.163586453150856,4.387082710245522
2026-05-12 16:34:56.600,21.89595276456896,11.419816723162057,5.427485427901047,7.984345788217979,4.1623228700718755,4.388030397554758
2026-05-12 16:34:57.630,21.88865723074059,11.437969189671549,5.427248506073738,7.983713996678489,4.162954661611366,4.389451928518611
2026-05-12 16:34:58.656,21.89595276456896,11.427709099905314,5.427722349728356,7.983398100908744,4.162164922187003,4.391268329194645
2026-05-12 16:34:59.686,21.89595276456896,11.405610445024195,5.4276433757859195,7.983398100908744,4.1647710622874,4.392294990446317
2026-05-12 16:35:00.712,21.89595276456896,11.430076812928291,5.427880297613228,7.982292465714636,4.164929010172273,4.394269339007224
2026-05-12 16:35:01.740,21.89595276456896,11.421395198510709,5.427959271555665,7.982529387541945,4.164850036229836,4.396006765740822
2026-05-12 16:35:02.792,21.89595276456896,11.420605960836383,5.428117219440537,7.983556048793616,4.164455166517655,4.3967965051651845
2026-05-12 16:35:03.826,21.88865723074059,11.44507232874048,5.428117219440537,7.983556048793616,4.16413927074791,4.399165723438273
2026-05-12 16:35:04.882,21.88865723074059,11.426130624556663,5.427722349728356,7.983161179081435,4.1623228700718755,4.400982124114307
2026-05-12 16:35:05.909,21.88865723074059,11.434812238974246,5.428827984922464,7.983240153023871,4.164692088344964,4.4016139156537974
2026-05-12 16:35:06.940,21.89595276456896,11.426919862230989,5.427801323670792,7.9833191269663075,4.162243896129439,4.405009795178557
2026-05-12 16:35:07.969,21.89595276456896,11.421395198510709,5.428985932807336,7.982924257254126,4.163349531323547,4.405246717005866
2026-05-12 16:35:09.033,21.88865723074059,11.413502821767452,5.428117219440537,7.982371439657072,4.1628756876689295,4.406194404315102
2026-05-12 16:35:10.069,21.88865723074059,11.424552149208012,5.428670037037591,7.983003231196562,4.1651659319995815,4.408326700760881
2026-05-12 16:35:11.101,21.89595276456896,11.442704615717503,5.428827984922464,7.982687335426817,4.162085948244567,4.410064127494479
2026-05-12 16:35:12.129,21.89595276456896,11.415870534790429,5.429459776461954,7.9833191269663075,4.163191583438675,4.4129861633646215
2026-05-12 16:35:13.158,21.89595276456896,11.409556633395823,5.428985932807336,7.983161179081435,4.164613114402528,4.412670267594876
2026-05-12 16:35:14.187,21.89595276456896,11.42297367385936,5.429854646174135,7.982608361484381,4.163033635553802,4.414486668270911
2026-05-12 16:35:15.211,21.89595276456896,11.433233763625594,5.43017054194388,7.984345788217979,4.1647710622874,4.416145121062073
2026-05-12 16:35:16.239,21.89595276456896,11.42297367385936,5.4289069588649,7.983713996678489,4.163665427093292,4.417408704141053
2026-05-12 16:35:17.265,21.88865723074059,11.414292059441777,5.4289069588649,7.982687335426817,4.1637444010357285,4.418830235104906
2026-05-12 16:35:18.295,21.89595276456896,11.430076812928291,5.42953875040439,7.98284528331169,4.1623228700718755,4.420172792126323
2026-05-12 16:35:19.325,21.89595276456896,11.44507232874048,5.429222854634645,7.983003231196562,4.163033635553802,4.423963541363264
2026-05-12 16:35:20.355,21.89595276456896,11.426130624556663,5.430249515886317,7.983161179081435,4.163349531323547,4.424674306845191
2026-05-12 16:35:21.387,21.89595276456896,11.430866050602617,5.429775672231699,7.98284528331169,4.163191583438675,4.4266486554060975
2026-05-12 16:35:22.416,21.89595276456896,11.4119243464188,5.42953875040439,7.983161179081435,4.164376192575219,4.427833264542642
2026-05-12 16:35:23.444,21.89595276456896,11.427709099905314,5.430802333483371,7.982766309369254,4.163112609496238,4.4280701863699505
2026-05-12 16:35:24.472,21.903248298397216,11.415081297116103,5.429222854634645,7.982055543887327,4.162559791899184,4.429333769448931
2026-05-12 16:35:25.500,21.89595276456896,11.426130624556663,5.430328489828753,7.982924257254126,4.164060296805474,4.4314660658947105
2026-05-12 16:35:26.545,21.89595276456896,11.419816723162057,5.430091568001444,7.9833191269663075,4.162796713726493,4.433361440513181
2026-05-12 16:35:27.575,21.903248298397216,11.430866050602617,5.430328489828753,7.982766309369254,4.161928000359694,4.434940919361907
2026-05-12 16:35:28.605,21.89595276456896,11.40639968269852,5.430802333483371,7.982529387541945,4.1623228700718755,4.436520398210632
2026-05-12 16:35:29.633,21.903248298397216,11.432444525951269,5.430565411656062,7.98410886639067,4.162954661611366,4.437547059462304
2026-05-12 16:35:30.658,21.903248298397216,11.429287575253966,5.430960281368243,7.983003231196562,4.162559791899184,4.439916277735392
2026-05-12 16:35:31.685,21.903248298397216,11.436390714322897,5.430407463771189,7.983713996678489,4.1637444010357285,4.441258834756809
2026-05-12 16:35:32.736,21.903248298397216,11.441126140368851,5.4304864377136255,7.983635022736053,4.1647710622874,4.442917287547971
2026-05-12 16:35:33.763,21.89595276456896,11.435601476648571,5.431197203195552,7.98347707485118,4.1623228700718755,4.44378600091477
2026-05-12 16:35:34.793,21.903248298397216,11.436390714322897,5.430723359540934,7.982371439657072,4.163349531323547,4.444891636108878
2026-05-12 16:35:35.821,21.903248298397216,11.421395198510709,5.430644385598498,7.983161179081435,4.162243896129439,4.446629062842476
2026-05-12 16:35:36.848,21.903248298397216,11.421395198510709,5.4313551510804245,7.983161179081435,4.162164922187003,4.448682385345819
2026-05-12 16:35:37.878,21.903248298397216,11.411135108744475,5.432144890504787,7.982608361484381,4.163112609496238,4.450656733906726
2026-05-12 16:35:38.905,21.903248298397216,11.404821207349869,5.4319079686774785,7.983556048793616,4.163428505265983,4.452946978237378
2026-05-12 16:35:39.935,21.89595276456896,11.422184436185034,5.430960281368243,7.9833191269663075,4.162085948244567,4.453420821891996
2026-05-12 16:35:40.964,21.903248298397216,11.419816723162057,5.431986942619915,7.98347707485118,4.164850036229836,4.455000300740721
2026-05-12 16:35:41.989,21.903248298397216,11.430866050602617,5.430960281368243,7.983398100908744,4.162401844014312,4.456737727474319
2026-05-12 16:35:43.016,21.903248298397216,11.423762911533686,5.431118229253116,7.981976569944891,4.162085948244567,4.457764388725991
2026-05-12 16:35:44.054,21.903248298397216,11.429287575253966,5.431592072907733,7.9833191269663075,4.163191583438675,4.459343867574717
2026-05-12 16:35:45.083,21.903248298397216,11.418238247813406,5.431750020792606,7.982608361484381,4.163349531323547,4.460923346423442
2026-05-12 16:35:46.110,21.903248298397216,11.445861566414806,5.431986942619915,7.983635022736053,4.163586453150856,4.462581799214604
2026-05-12 16:35:47.140,21.903248298397216,11.421395198510709,5.4313551510804245,7.9833191269663075,4.1637444010357285,4.463687434408712
2026-05-12 16:35:48.169,21.903248298397216,11.42849833757964,5.432539760216969,7.982766309369254,4.162954661611366,4.465345887199874
2026-05-12 16:35:49.200,21.903248298397216,11.416659772464754,5.432065916562351,7.982924257254126,4.163191583438675,4.467636131530526
2026-05-12 16:35:50.228,21.903248298397216,11.42297367385936,5.432223864447224,7.983082205138999,4.163428505265983,4.468899714609506
2026-05-12 16:35:51.256,21.89595276456896,11.419027485487732,5.432381812332096,7.983635022736053,4.163033635553802,4.469373558264124
2026-05-12 16:35:52.283,21.903248298397216,11.419027485487732,5.4319079686774785,7.9833191269663075,4.1651659319995815,4.471979698364521
2026-05-12 16:35:53.309,21.903248298397216,11.409556633395823,5.432460786274532,7.98284528331169,4.163112609496238,4.473401229328374
2026-05-12 16:35:54.336,21.903248298397216,11.424552149208012,5.4327766820442775,7.982055543887327,4.164455166517655,4.474348916637609
2026-05-12 16:35:55.382,21.903248298397216,11.442704615717503,5.432697708101841,7.9824504135995085,4.164534140460091,4.476165317313644
2026-05-12 16:35:56.412,21.903248298397216,11.421395198510709,5.43167104685017,7.983003231196562,4.164692088344964,4.479482222895967
2026-05-12 16:35:57.440,21.903248298397216,11.408767395721497,5.432144890504787,7.982924257254126,4.163586453150856,4.480035040493021
2026-05-12 16:35:58.468,21.903248298397216,11.423762911533686,5.4333294996413315,7.983161179081435,4.162401844014312,4.481298623572002
2026-05-12 16:35:59.494,21.903248298397216,11.425341386882337,5.433961291180822,7.982687335426817,4.1642972186327825,4.4830360503056
2026-05-12 16:36:00.520,21.903248298397216,11.423762911533686,5.433250525698895,7.983003231196562,4.162954661611366,4.4840627115572715
2026-05-12 16:36:01.545,21.903248298397216,11.41744901013908,5.433408473583768,7.983003231196562,4.163270557381111,4.485563216463561
2026-05-12 16:36:02.569,21.910543832225585,11.432444525951269,5.43293462992915,7.982766309369254,4.162638765841621,4.48769551290934
2026-05-12 16:36:03.599,21.910543832225585,11.447440041763457,5.433645395411077,7.9824504135995085,4.162954661611366,4.48919601781563
2026-05-12 16:36:04.629,21.903248298397216,11.426919862230989,5.43356642146864,7.984266814275543,4.162164922187003,4.4911703663765365
2026-05-12 16:36:05.658,21.903248298397216,11.443493853391828,5.434435134835439,7.9822134917722,4.163191583438675,4.492118053685772
2026-05-12 16:36:06.697,21.903248298397216,11.409556633395823,5.433408473583768,7.982687335426817,4.163902348920601,4.493539584649625
2026-05-12 16:36:07.723,21.910543832225585,11.438758427345874,5.434514108777876,7.983713996678489,4.163191583438675,4.494724193786169
2026-05-12 16:36:08.749,21.910543832225585,11.425341386882337,5.4341982130081306,7.98284528331169,4.162954661611366,4.4974093078290025
2026-05-12 16:36:09.778,21.903248298397216,11.412713584093126,5.434119239065694,7.983082205138999,4.162480817956748,4.498435969080674
2026-05-12 16:36:10.807,21.910543832225585,11.433233763625594,5.434356160893003,7.982529387541945,4.163112609496238,4.5002523697567085
2026-05-12 16:36:11.836,21.910543832225585,11.420605960836383,5.434672056662748,7.983161179081435,4.1628756876689295,4.501200057065944
2026-05-12 16:36:12.867,21.910543832225585,11.431655288276943,5.434593082720312,7.982766309369254,4.163191583438675,4.503016457741978
2026-05-12 16:36:13.898,21.910543832225585,11.422184436185034,5.434593082720312,7.982766309369254,4.162954661611366,4.504911832360449
2026-05-12 16:36:14.936,21.910543832225585,11.403242732001218,5.434514108777876,7.983556048793616,4.162085948244567,4.506965154863792
2026-05-12 16:36:15.964,21.903248298397216,11.446650804089131,5.434830004547621,7.984266814275543,4.1647710622874,4.507517972460846
2026-05-12 16:36:16.992,21.903248298397216,11.430866050602617,5.434435134835439,7.983003231196562,4.162401844014312,4.509255399194444
2026-05-12 16:36:18.019,21.910543832225585,11.4395476650202,5.434830004547621,7.9838719445633615,4.163823374978165,4.510676930158297
2026-05-12 16:36:19.050,21.910543832225585,11.421395198510709,5.434119239065694,7.981502726290273,4.162243896129439,4.513756913913312
2026-05-12 16:36:20.077,21.910543832225585,11.430076812928291,5.4347510306051845,7.983398100908744,4.162954661611366,4.513441018143567
2026-05-12 16:36:21.103,21.910543832225585,11.420605960836383,5.434987952432493,7.981976569944891,4.162401844014312,4.5150204969922925
2026-05-12 16:36:22.130,21.910543832225585,11.438758427345874,5.434514108777876,7.983082205138999,4.162085948244567,4.516678949783454
2026-05-12 16:36:23.157,21.903248298397216,11.440336902694526,5.43506692637493,7.982529387541945,4.163191583438675,4.518653298344361
2026-05-12 16:36:24.182,21.903248298397216,11.441126140368851,5.435224874259802,7.9824504135995085,4.162164922187003,4.519837907480905
2026-05-12 16:36:25.210,21.903248298397216,11.446650804089131,5.43506692637493,7.984187840333107,4.162717739784057,4.521180464502322
2026-05-12 16:36:26.235,21.910543832225585,11.430866050602617,5.435461796087111,7.98347707485118,4.161770052474822,4.5229968651783565
2026-05-12 16:36:27.262,21.910543832225585,11.430076812928291,5.434830004547621,7.98347707485118,4.162638765841621,4.524892239796827
2026-05-12 16:36:28.289,21.910543832225585,11.430076812928291,5.43569871791442,7.983082205138999,4.162480817956748,4.5258399271060625
2026-05-12 16:36:29.317,21.910543832225585,11.430866050602617,5.435303848202238,7.982292465714636,4.165086958057145,4.527893249609406
2026-05-12 16:36:30.342,21.910543832225585,11.445861566414806,5.435935639741729,7.982134517829763,4.162085948244567,4.529156832688386
2026-05-12 16:36:31.368,21.910543832225585,11.432444525951269,5.435303848202238,7.9824504135995085,4.162243896129439,4.5301045199976215
2026-05-12 16:36:32.396,21.910543832225585,11.433233763625594,5.435856665799292,7.982687335426817,4.162243896129439,4.5320788685585285
2026-05-12 16:36:33.426,21.910543832225585,11.424552149208012,5.436804353108528,7.983161179081435,4.162243896129439,4.534053217119435
2026-05-12 16:36:34.454,21.910543832225585,11.434812238974246,5.436093587626601,7.98284528331169,4.163428505265983,4.534606034716489
2026-05-12 16:36:35.482,21.910543832225585,11.430866050602617,5.436409483396346,7.982687335426817,4.163112609496238,4.536975252989578
2026-05-12 16:36:36.513,21.910543832225585,11.430076812928291,5.43569871791442,7.982608361484381,4.16200697430213,4.539107549435357
2026-05-12 16:36:37.537,21.910543832225585,11.437969189671549,5.435935639741729,7.9824504135995085,4.163112609496238,4.53989728885972
2026-05-12 16:36:38.567,21.910543832225585,11.425341386882337,5.43633050945391,7.983082205138999,4.164455166517655,4.543135220499607
2026-05-12 16:36:39.594,21.910543832225585,11.445861566414806,5.436883327050964,7.982371439657072,4.162796713726493,4.543609064154225
2026-05-12 16:36:40.622,21.910543832225585,11.444283091066154,5.436804353108528,7.983556048793616,4.1628756876689295,4.546136230312186
2026-05-12 16:36:41.687,21.910543832225585,11.430866050602617,5.436567431281219,7.984187840333107,4.162085948244567,4.546610073966804
2026-05-12 16:36:42.714,21.910543832225585,11.429287575253966,5.436804353108528,7.981818622060018,4.163823374978165,4.549058266182328
2026-05-12 16:36:43.740,21.910543832225585,11.441915378043177,5.436409483396346,7.983082205138999,4.1628756876689295,4.548979292239892
2026-05-12 16:36:44.768,21.910543832225585,11.435601476648571,5.436804353108528,7.982529387541945,4.161928000359694,4.550637745031054
2026-05-12 16:36:45.794,21.910543832225585,11.419027485487732,5.436251535511474,7.983950918505798,4.1628756876689295,4.552138249937343
2026-05-12 16:36:46.823,21.903248298397216,11.416659772464754,5.436883327050964,7.983713996678489,4.162954661611366,4.554665416095304
2026-05-12 16:36:47.849,21.910543832225585,11.420605960836383,5.437199222820709,7.983003231196562,4.162164922187003,4.556165921001593
2026-05-12 16:36:48.878,21.910543832225585,11.443493853391828,5.4375940925328905,7.983240153023871,4.163033635553802,4.557034634368392
2026-05-12 16:36:49.909,21.910543832225585,11.413502821767452,5.4369623009934,7.982134517829763,4.16200697430213,4.557982321677628
2026-05-12 16:36:50.936,21.910543832225585,11.419816723162057,5.438225884072381,7.983240153023871,4.162164922187003,4.5605094878355885
2026-05-12 16:36:51.963,21.903248298397216,11.434812238974246,5.437673066475327,7.984029892448234,4.162164922187003,4.562009992741878
2026-05-12 16:36:53.004,21.917839366053897,11.432444525951269,5.437199222820709,7.98347707485118,4.163902348920601,4.563273575820858
2026-05-12 16:36:54.035,21.910543832225585,11.441915378043177,5.438541779842126,7.982608361484381,4.164613114402528,4.565247924381765
2026-05-12 16:36:55.064,21.917839366053897,11.419027485487732,5.438383831957253,7.983556048793616,4.1628756876689295,4.566432533518309
2026-05-12 16:36:56.091,21.910543832225585,11.455332418506714,5.437909988302636,7.982687335426817,4.162638765841621,4.567933038424599
2026-05-12 16:36:57.118,21.917839366053897,11.440336902694526,5.437673066475327,7.982371439657072,4.161691078532385,4.568722777848961
2026-05-12 16:36:58.146,21.917839366053897,11.449018517112108,5.438383831957253,7.982371439657072,4.162954661611366,4.57172378766154
2026-05-12 16:36:59.181,21.910543832225585,11.433233763625594,5.437752040417763,7.981739648117582,4.163586453150856,4.574014031992192
2026-05-12 16:37:00.211,21.910543832225585,11.426919862230989,5.439173571381616,7.983161179081435,4.16350747920842,4.574645823531682
2026-05-12 16:37:01.239,21.910543832225585,11.426130624556663,5.438225884072381,7.983240153023871,4.163191583438675,4.5766991460350255
2026-05-12 16:37:02.270,21.910543832225585,11.435601476648571,5.43909459743918,7.9833191269663075,4.1628756876689295,4.577330937574516
2026-05-12 16:37:03.298,21.910543832225585,11.430076812928291,5.439410493208925,7.982608361484381,4.1628756876689295,4.578199650941315
2026-05-12 16:37:04.326,21.910543832225585,11.441915378043177,5.43846280589969,7.9822134917722,4.164929010172273,4.58191142623582
2026-05-12 16:37:05.351,21.910543832225585,11.427709099905314,5.438541779842126,7.981976569944891,4.163112609496238,4.582306295948001
2026-05-12 16:37:06.379,21.910543832225585,11.442704615717503,5.439173571381616,7.983240153023871,4.161691078532385,4.583648852969418
2026-05-12 16:37:07.410,21.910543832225585,11.411135108744475,5.4395684410937974,7.984187840333107,4.162559791899184,4.5852283318181435
2026-05-12 16:37:08.437,21.910543832225585,11.410345871070149,5.438778701669435,7.98410886639067,4.163586453150856,4.587597550091232
2026-05-12 16:37:09.467,21.917839366053897,11.427709099905314,5.440279206575724,7.983713996678489,4.161928000359694,4.588466263458031
2026-05-12 16:37:10.515,21.910543832225585,11.409556633395823,5.439252545324052,7.9833191269663075,4.162796713726493,4.5889401071126485
2026-05-12 16:37:11.545,21.910543832225585,11.415081297116103,5.439489467151361,7.983240153023871,4.161849026417258,4.5909144556735555
2026-05-12 16:37:12.569,21.917839366053897,11.425341386882337,5.438778701669435,7.98284528331169,4.1628756876689295,4.593125726061771
2026-05-12 16:37:13.597,21.910543832225585,11.432444525951269,5.439489467151361,7.982924257254126,4.161928000359694,4.593836491543698
2026-05-12 16:37:14.624,21.910543832225585,11.425341386882337,5.439410493208925,7.982924257254126,4.164613114402528,4.5971533971260214
2026-05-12 16:37:15.653,21.910543832225585,11.430866050602617,5.439331519266489,7.982687335426817,4.162954661611366,4.599206719629365
2026-05-12 16:37:16.677,21.910543832225585,11.426130624556663,5.440042284748415,7.982766309369254,4.162480817956748,4.598811849917183
2026-05-12 16:37:17.705,21.910543832225585,11.436390714322897,5.43972638897867,7.982292465714636,4.163270557381111,4.601260042132708
2026-05-12 16:37:18.736,21.910543832225585,11.441126140368851,5.441384841769832,7.983161179081435,4.162638765841621,4.603155416751179
2026-05-12 16:37:19.764,21.910543832225585,11.43402300129992,5.440279206575724,7.982687335426817,4.161533130647513,4.604024130117978
2026-05-12 16:37:20.790,21.910543832225585,11.423762911533686,5.441226893884959,7.982529387541945,4.1623228700718755,4.605524635024267
2026-05-12 16:37:21.819,21.917839366053897,11.4395476650202,5.440200232633288,7.9833191269663075,4.1642972186327825,4.606472322333502
2026-05-12 16:37:22.847,21.903248298397216,11.419027485487732,5.439884336863543,7.981818622060018,4.161691078532385,4.608604618779282
2026-05-12 16:37:23.874,21.910543832225585,11.444283091066154,5.440279206575724,7.982292465714636,4.164692088344964,4.609868201858262
2026-05-12 16:37:24.903,21.903248298397216,11.438758427345874,5.441226893884959,7.982529387541945,4.161533130647513,4.613422029267895
2026-05-12 16:37:25.930,21.917839366053897,11.419816723162057,5.439963310805979,7.9810288826356555,4.164218244690346,4.612474341958659
2026-05-12 16:37:26.956,21.910543832225585,11.435601476648571,5.4409899720576504,7.9838719445633615,4.162243896129439,4.615475351771238
2026-05-12 16:37:28.000,21.910543832225585,11.432444525951269,5.441384841769832,7.982608361484381,4.162559791899184,4.616423039080473
2026-05-12 16:37:29.030,21.910543832225585,11.433233763625594,5.440753050230342,7.98284528331169,4.163823374978165,4.618555335526253
2026-05-12 16:37:30.059,21.917839366053897,11.426919862230989,5.440121258690851,7.982134517829763,4.162164922187003,4.618792257353562
2026-05-12 16:37:31.086,21.903248298397216,11.422184436185034,5.4404371544605965,7.984503736102852,4.161612104589949,4.620134814374978
2026-05-12 16:37:32.112,21.910543832225585,11.427709099905314,5.441226893884959,7.98347707485118,4.16413927074791,4.623214798129993
2026-05-12 16:37:33.139,21.910543832225585,11.429287575253966,5.441542789654704,7.983161179081435,4.1623228700718755,4.624004537554356
2026-05-12 16:37:34.197,21.910543832225585,11.425341386882337,5.441621763597141,7.982529387541945,4.1642972186327825,4.626057860057699
2026-05-12 16:37:35.223,21.910543832225585,11.427709099905314,5.441068946000087,7.983161179081435,4.161296208820204,4.62732144313668
2026-05-12 16:37:36.250,21.903248298397216,11.411135108744475,5.441700737539577,7.9833191269663075,4.161059286992895,4.629137843812714
2026-05-12 16:37:37.277,21.910543832225585,11.42849833757964,5.441621763597141,7.98347707485118,4.162401844014312,4.630401426891694
2026-05-12 16:37:38.303,21.910543832225585,11.437969189671549,5.442016633309322,7.983003231196562,4.16137518276264,4.631428088143366
2026-05-12 16:37:39.335,21.903248298397216,11.412713584093126,5.442648424848812,7.984029892448234,4.162559791899184,4.633007566992092
2026-05-12 16:37:40.363,21.910543832225585,11.423762911533686,5.442095607251758,7.982292465714636,4.1637444010357285,4.63537678526518
2026-05-12 16:37:41.390,21.910543832225585,11.425341386882337,5.4424115030215034,7.983082205138999,4.162480817956748,4.637351133826087
2026-05-12 16:37:42.418,21.910543832225585,11.414292059441777,5.441779711482013,7.982529387541945,4.162559791899184,4.63814087325045
2026-05-12 16:37:43.446,21.910543832225585,11.42297367385936,5.442569450906376,7.983713996678489,4.162796713726493,4.63940445632943
2026-05-12 16:37:44.473,21.910543832225585,11.423762911533686,5.442253555136631,7.982371439657072,4.162480817956748,4.6406680394084106
2026-05-12 16:37:45.512,21.903248298397216,11.440336902694526,5.442569450906376,7.98347707485118,4.1642972186327825,4.643116231623935
2026-05-12 16:37:46.543,21.903248298397216,11.404821207349869,5.442332529079067,7.983003231196562,4.161691078532385,4.644616736530224
2026-05-12 16:37:47.569,21.910543832225585,11.421395198510709,5.44312226850343,7.982687335426817,4.164060296805474,4.645801345666769
2026-05-12 16:37:48.600,21.910543832225585,11.415081297116103,5.442727398791249,7.982608361484381,4.161849026417258,4.646985954803313
2026-05-12 16:37:49.630,21.910543832225585,11.430076812928291,5.442648424848812,7.982766309369254,4.162638765841621,4.649276199133965
2026-05-12 16:37:50.659,21.903248298397216,11.433233763625594,5.442806372733685,7.983082205138999,4.1614541567050765,4.65085567798269
2026-05-12 16:37:51.687,21.910543832225585,11.419027485487732,5.44312226850343,7.982134517829763,4.160980313050459,4.652435156831416
2026-05-12 16:37:52.713,21.910543832225585,11.42849833757964,5.44312226850343,7.984029892448234,4.161059286992895,4.653777713852833
2026-05-12 16:37:53.741,21.910543832225585,11.424552149208012,5.442332529079067,7.983950918505798,4.163270557381111,4.656462827895666
2026-05-12 16:37:54.768,21.910543832225585,11.430866050602617,5.44249047696394,7.981660674175146,4.163665427093292,4.657094619435156
2026-05-12 16:37:55.794,21.910543832225585,11.416659772464754,5.444148929755102,7.9818975960024545,4.162796713726493,4.657726410974647
2026-05-12 16:37:56.821,21.910543832225585,11.426130624556663,5.443912007927793,7.983161179081435,4.161059286992895,4.661438186269152
2026-05-12 16:37:57.944,21.903248298397216,11.44507232874048,5.443438164273175,7.981739648117582,4.161770052474822,4.661754082038897
2026-05-12 16:37:58.971,21.910543832225585,11.444283091066154,5.443201242445866,7.984029892448234,4.1623228700718755,4.6630966390603135
2026-05-12 16:37:59.999,21.910543832225585,11.403242732001218,5.443675086100484,7.982292465714636,4.161770052474822,4.665465857333402
2026-05-12 16:38:01.029,21.910543832225585,11.409556633395823,5.44375406004292,7.984266814275543,4.162243896129439,4.666334570700201
2026-05-12 16:38:02.057,21.903248298397216,11.449018517112108,5.444227903697538,7.983556048793616,4.162085948244567,4.668150971376235
2026-05-12 16:38:03.082,21.910543832225585,11.438758427345874,5.444464825524847,7.981739648117582,4.1609013391080225,4.669177632627907
2026-05-12 16:38:04.110,21.910543832225585,11.404031969675543,5.443990981870229,7.9822134917722,4.164534140460091,4.670362241764451
2026-05-12 16:38:05.135,21.910543832225585,11.40087501897824,5.444227903697538,7.9824504135995085,4.161138260935331,4.671704798785868
2026-05-12 16:38:06.167,21.910543832225585,11.430866050602617,5.443675086100484,7.9822134917722,4.160980313050459,4.673442225519466
2026-05-12 16:38:07.201,21.910543832225585,11.42297367385936,5.444069955812665,7.983003231196562,4.1614541567050765,4.6752586261955
2026-05-12 16:38:08.230,21.910543832225585,11.415870534790429,5.444069955812665,7.983003231196562,4.161296208820204,4.677627844468589
2026-05-12 16:38:09.262,21.910543832225585,11.427709099905314,5.444622773409719,7.983240153023871,4.161138260935331,4.678259636008079
2026-05-12 16:38:10.291,21.903248298397216,11.415081297116103,5.44438585158241,7.983003231196562,4.163981322863037,4.6801550106265495
2026-05-12 16:38:11.327,21.910543832225585,11.415081297116103,5.445412512834082,7.983792970620925,4.162164922187003,4.681260645820657
2026-05-12 16:38:12.353,21.910543832225585,11.401664256652566,5.444227903697538,7.98347707485118,4.161612104589949,4.683787811978618
2026-05-12 16:38:13.381,21.910543832225585,11.43402300129992,5.444464825524847,7.98284528331169,4.1623228700718755,4.6838667859210545
2026-05-12 16:38:14.414,21.903248298397216,11.427709099905314,5.444306877639974,7.981976569944891,4.163902348920601,4.686788821791197
2026-05-12 16:38:15.447,21.910543832225585,11.397718068280938,5.445096617064337,7.983556048793616,4.164060296805474,4.687736509100432
2026-05-12 16:38:16.473,21.910543832225585,11.423762911533686,5.444780721294592,7.982687335426817,4.161138260935331,4.689237014006721
2026-05-12 16:38:17.501,21.910543832225585,11.444283091066154,5.445412512834082,7.9824504135995085,4.160506469395841,4.690263675258393
2026-05-12 16:38:18.529,21.910543832225585,11.425341386882337,5.444938669179464,7.982924257254126,4.161612104589949,4.6923959717041726
2026-05-12 16:38:19.555,21.910543832225585,11.420605960836383,5.444859695237028,7.982924257254126,4.163586453150856,4.695081085747006
2026-05-12 16:38:20.631,21.903248298397216,11.414292059441777,5.445412512834082,7.98347707485118,4.161928000359694,4.695318007574315
2026-05-12 16:38:21.658,21.903248298397216,11.415870534790429,5.44714993956768,7.982766309369254,4.16200697430213,4.698476965271766
2026-05-12 16:38:22.681,21.910543832225585,11.422184436185034,5.445491486776518,7.984345788217979,4.161928000359694,4.698713887099075
2026-05-12 16:38:23.715,21.903248298397216,11.430866050602617,5.446597121970626,7.982371439657072,4.161138260935331,4.700214392005364
2026-05-12 16:38:24.743,21.910543832225585,11.398507305955263,5.445570460718955,7.98284528331169,4.162638765841621,4.7014779750843445
2026-05-12 16:38:25.774,21.910543832225585,11.407978158047172,5.446202252258445,7.982292465714636,4.1614541567050765,4.70582154191834
2026-05-12 16:38:26.807,21.910543832225585,11.427709099905314,5.446360200143317,7.9833191269663075,4.163823374978165,4.706848203170011
2026-05-12 16:38:27.835,21.903248298397216,11.424552149208012,5.446834043797935,7.98284528331169,4.161059286992895,4.707479994709502
2026-05-12 16:38:28.863,21.903248298397216,11.440336902694526,5.446360200143317,7.982766309369254,4.163033635553802,4.708664603846046
2026-05-12 16:38:29.893,21.910543832225585,11.425341386882337,5.446281226200881,7.983240153023871,4.16137518276264,4.709375369327972
2026-05-12 16:38:30.924,21.910543832225585,11.407188920372846,5.4461232783160085,7.982608361484381,4.1628756876689295,4.711902535485933
2026-05-12 16:38:31.954,21.910543832225585,11.40087501897824,5.446360200143317,7.983003231196562,4.161217234877768,4.712534327025423
2026-05-12 16:38:33.055,21.910543832225585,11.421395198510709,5.447228913510116,7.9824504135995085,4.1628756876689295,4.714034831931713
2026-05-12 16:38:34.081,21.910543832225585,11.425341386882337,5.446439174085754,7.983082205138999,4.161217234877768,4.716483024147237
2026-05-12 16:38:35.107,21.910543832225585,11.429287575253966,5.446834043797935,7.982687335426817,4.162164922187003,4.717430711456473
2026-05-12 16:38:36.135,21.910543832225585,11.419027485487732,5.447939678992043,7.982608361484381,4.1628756876689295,4.719010190305198
2026-05-12 16:38:37.161,21.910543832225585,11.446650804089131,5.446834043797935,7.982134517829763,4.161849026417258,4.72130043463585
2026-05-12 16:38:38.188,21.910543832225585,11.42849833757964,5.447465835337425,7.98284528331169,4.163981322863037,4.722642991657267
2026-05-12 16:38:39.215,21.910543832225585,11.43402300129992,5.447860705049607,7.982924257254126,4.16200697430213,4.723985548678684
2026-05-12 16:38:40.241,21.903248298397216,11.418238247813406,5.447623783222298,7.983003231196562,4.162401844014312,4.725722975412282
2026-05-12 16:38:41.272,21.910543832225585,11.440336902694526,5.44714993956768,7.983635022736053,4.161217234877768,4.727381428203444
2026-05-12 16:38:42.304,21.910543832225585,11.441915378043177,5.447702757164734,7.9818975960024545,4.162243896129439,4.72872398522486
2026-05-12 16:38:43.329,21.910543832225585,11.441126140368851,5.448729418416406,7.982529387541945,4.161928000359694,4.730382438016022
2026-05-12 16:38:44.359,21.910543832225585,11.42849833757964,5.44714993956768,7.983082205138999,4.163270557381111,4.7327516562891105
2026-05-12 16:38:45.388,21.910543832225585,11.423762911533686,5.448413522646661,7.9833191269663075,4.163033635553802,4.733383447828601
2026-05-12 16:38:46.414,21.910543832225585,11.426919862230989,5.447939678992043,7.983398100908744,4.163586453150856,4.735278822447071
2026-05-12 16:38:47.445,21.903248298397216,11.41744901013908,5.448176600819352,7.982924257254126,4.161138260935331,4.736858301295797
2026-05-12 16:38:48.476,21.903248298397216,11.415870534790429,5.448176600819352,7.982134517829763,4.162085948244567,4.738753675914268
2026-05-12 16:38:49.502,21.910543832225585,11.422184436185034,5.447702757164734,7.982924257254126,4.162085948244567,4.740096232935684
2026-05-12 16:38:50.532,21.917839366053897,11.42297367385936,5.448255574761788,7.982687335426817,4.16137518276264,4.740254180820557
2026-05-12 16:38:51.562,21.910543832225585,11.419816723162057,5.4480976268769155,7.9822134917722,4.163191583438675,4.743413138518008
2026-05-12 16:38:52.589,21.910543832225585,11.419816723162057,5.448492496589097,7.98284528331169,4.161770052474822,4.743650060345317
2026-05-12 16:38:53.619,21.910543832225585,11.430076812928291,5.448334548704224,7.983635022736053,4.16350747920842,4.745861330733533
2026-05-12 16:38:54.651,21.910543832225585,11.415081297116103,5.44928223601346,7.982687335426817,4.162164922187003,4.74783567929444
2026-05-12 16:38:55.678,21.917839366053897,11.442704615717503,5.448176600819352,7.982371439657072,4.161296208820204,4.7480726011217484
2026-05-12 16:38:56.720,21.910543832225585,11.419816723162057,5.448650444473969,7.9824504135995085,4.163902348920601,4.7512315588192
2026-05-12 16:38:57.751,21.910543832225585,11.433233763625594,5.44991402755295,7.982529387541945,4.161217234877768,4.752021298243562
2026-05-12 16:38:58.788,21.910543832225585,11.419816723162057,5.448808392358842,7.983161179081435,4.162717739784057,4.754153594689342
2026-05-12 16:38:59.817,21.910543832225585,11.432444525951269,5.448729418416406,7.98284528331169,4.161217234877768,4.755733073538067
2026-05-12 16:39:00.863,21.903248298397216,11.449807754786434,5.449440183898332,7.983635022736053,4.161928000359694,4.757707422098974
2026-05-12 16:39:01.894,21.903248298397216,11.418238247813406,5.449993001495386,7.982687335426817,4.161296208820204,4.757628448156538
2026-05-12 16:39:02.924,21.910543832225585,11.414292059441777,5.449756079668077,7.981976569944891,4.163665427093292,4.759365874890136
2026-05-12 16:39:03.951,21.910543832225585,11.442704615717503,5.449835053610514,7.98347707485118,4.16137518276264,4.7608663797964255
2026-05-12 16:39:04.981,21.903248298397216,11.45059699246076,5.44928223601346,7.983556048793616,4.161849026417258,4.762129962875406
2026-05-12 16:39:06.007,21.910543832225585,11.43402300129992,5.44991402755295,7.9838719445633615,4.161533130647513,4.764262259321185
2026-05-12 16:39:07.043,21.903248298397216,11.424552149208012,5.450703766977313,7.983161179081435,4.161612104589949,4.767579164903509
2026-05-12 16:39:08.071,21.910543832225585,11.423762911533686,5.449993001495386,7.983082205138999,4.161612104589949,4.767500190961073
2026-05-12 16:39:09.102,21.903248298397216,11.426919862230989,5.449598131783205,7.983003231196562,4.161059286992895,4.768210956442999
2026-05-12 16:39:10.128,21.910543832225585,11.414292059441777,5.449756079668077,7.982687335426817,4.164534140460091,4.770659148658524
2026-05-12 16:39:11.157,21.910543832225585,11.415870534790429,5.45054581909244,7.983713996678489,4.1614541567050765,4.772712471161867
2026-05-12 16:39:12.183,21.910543832225585,11.415870534790429,5.450861714862185,7.982371439657072,4.163428505265983,4.773028366931612
2026-05-12 16:39:13.228,21.910543832225585,11.407188920372846,5.450703766977313,7.982292465714636,4.163902348920601,4.775239637319828
2026-05-12 16:39:14.251,21.917839366053897,11.430076812928291,5.450782740919749,7.981502726290273,4.16200697430213,4.776582194341245
2026-05-12 16:39:15.276,21.910543832225585,11.433233763625594,5.450466845150004,7.9822134917722,4.161217234877768,4.777608855592916
2026-05-12 16:39:16.302,21.910543832225585,11.415081297116103,5.451019662747058,7.983082205138999,4.162638765841621,4.779425256268951
2026-05-12 16:39:17.329,21.910543832225585,11.426130624556663,5.451256584574367,7.982608361484381,4.161691078532385,4.781320630887421
2026-05-12 16:39:18.359,21.910543832225585,11.430076812928291,5.450071975437822,7.981818622060018,4.163665427093292,4.782821135793711
2026-05-12 16:39:19.386,21.910543832225585,11.426130624556663,5.451335558516803,7.983161179081435,4.162085948244567,4.785348301951672
2026-05-12 16:39:20.417,21.910543832225585,11.426919862230989,5.450308897265131,7.983240153023871,4.16137518276264,4.785111380124363
2026-05-12 16:39:21.443,21.903248298397216,11.426130624556663,5.450308897265131,7.982608361484381,4.161691078532385,4.786848806857961
2026-05-12 16:39:22.554,21.917839366053897,11.412713584093126,5.451335558516803,7.983240153023871,4.161691078532385,4.790876477922211
2026-05-12 16:39:23.581,21.910543832225585,11.444283091066154,5.451098636689494,7.982687335426817,4.163191583438675,4.791508269461701
2026-05-12 16:39:24.608,21.910543832225585,11.424552149208012,5.450703766977313,7.983003231196562,4.162717739784057,4.792534930713373
2026-05-12 16:39:25.635,21.910543832225585,11.427709099905314,5.451414532459239,7.982371439657072,4.161928000359694,4.793719539849917
2026-05-12 16:39:26.662,21.917839366053897,11.41744901013908,5.451651454286548,7.982529387541945,4.161770052474822,4.794588253216716
2026-05-12 16:39:27.688,21.910543832225585,11.410345871070149,5.4509406888046215,7.983082205138999,4.1623228700718755,4.796641575720059
2026-05-12 16:39:28.715,21.903248298397216,11.424552149208012,5.4509406888046215,7.984029892448234,4.163665427093292,4.79790515879904
2026-05-12 16:39:29.746,21.903248298397216,11.420605960836383,5.452125297941166,7.983792970620925,4.161217234877768,4.799405663705329
2026-05-12 16:39:30.772,21.917839366053897,11.441915378043177,5.451651454286548,7.982924257254126,4.162480817956748,4.8012220643813635
2026-05-12 16:39:31.797,21.910543832225585,11.429287575253966,5.452836063423092,7.9833191269663075,4.161612104589949,4.80256462140278
2026-05-12 16:39:32.825,21.910543832225585,11.423762911533686,5.452915037365528,7.982292465714636,4.161612104589949,4.803354360827143
2026-05-12 16:39:33.849,21.903248298397216,11.411135108744475,5.452283245826038,7.982371439657072,4.162243896129439,4.806118448812413
2026-05-12 16:39:34.879,21.917839366053897,11.452175467809411,5.4532309331352735,7.982292465714636,4.163823374978165,4.807066136121648
2026-05-12 16:39:35.905,21.910543832225585,11.447440041763457,5.451888376113857,7.983003231196562,4.1609013391080225,4.809040484682555
2026-05-12 16:39:36.930,21.910543832225585,11.426130624556663,5.4523622197684745,7.984187840333107,4.161770052474822,4.811251755070771
2026-05-12 16:39:37.957,21.917839366053897,11.41744901013908,5.452125297941166,7.984266814275543,4.163349531323547,4.812515338149751
2026-05-12 16:39:38.984,21.910543832225585,11.430866050602617,5.452520167653347,7.982055543887327,4.161691078532385,4.813147129689241
2026-05-12 16:39:40.009,21.910543832225585,11.419027485487732,5.452994011307965,7.982608361484381,4.160822365165586,4.81677993104131
2026-05-12 16:39:41.039,21.910543832225585,11.422184436185034,5.452757089480656,7.982608361484381,4.161138260935331,4.816621983156438
2026-05-12 16:39:42.068,21.917839366053897,11.404031969675543,5.452757089480656,7.98284528331169,4.160822365165586,4.818359409890036
2026-05-12 16:39:43.094,21.917839366053897,11.444283091066154,5.453625802847455,7.983635022736053,4.1609013391080225,4.821518367587487
2026-05-12 16:39:44.122,21.910543832225585,11.419816723162057,5.451967350056293,7.983161179081435,4.16137518276264,4.82293989855134
2026-05-12 16:39:45.152,21.910543832225585,11.421395198510709,5.453388881020146,7.982371439657072,4.161217234877768,4.823334768263521
2026-05-12 16:39:46.181,21.910543832225585,11.407978158047172,5.452836063423092,7.982608361484381,4.160980313050459,4.825072194997119
2026-05-12 16:39:47.225,21.910543832225585,11.426130624556663,5.453467854962582,7.982529387541945,4.160585443338277,4.826019882306355
2026-05-12 16:39:48.255,21.910543832225585,11.414292059441777,5.453467854962582,7.983635022736053,4.1623228700718755,4.828152178752134
2026-05-12 16:39:49.282,21.910543832225585,11.424552149208012,5.454731438041563,7.983003231196562,4.163823374978165,4.828626022406752
2026-05-12 16:39:50.308,21.910543832225585,11.419027485487732,5.453388881020146,7.983161179081435,4.161849026417258,4.8310742146222765
2026-05-12 16:39:51.337,21.910543832225585,11.435601476648571,5.454099646502073,7.9833191269663075,4.16200697430213,4.834233172319728
2026-05-12 16:39:52.367,21.910543832225585,11.436390714322897,5.4537837507323275,7.982371439657072,4.161612104589949,4.8343911202046
2026-05-12 16:39:53.394,21.910543832225585,11.423762911533686,5.4537837507323275,7.982687335426817,4.16074339122315,4.835654703283581
2026-05-12 16:39:54.420,21.910543832225585,11.447440041763457,5.4537837507323275,7.983240153023871,4.1614541567050765,4.837392130017179
2026-05-12 16:39:55.452,21.910543832225585,11.422184436185034,5.453467854962582,7.981739648117582,4.162559791899184,4.838655713096159
2026-05-12 16:39:56.483,21.910543832225585,11.431655288276943,5.453704776789891,7.983082205138999,4.160822365165586,4.8390505828083406
2026-05-12 16:39:57.515,21.917839366053897,11.414292059441777,5.4546524640991265,7.982292465714636,4.162954661611366,4.84181467079361
2026-05-12 16:39:58.544,21.910543832225585,11.423762911533686,5.454257594386945,7.98284528331169,4.161059286992895,4.842525436275537
2026-05-12 16:39:59.575,21.910543832225585,11.418238247813406,5.454968359868872,7.982371439657072,4.16200697430213,4.846316185512478
2026-05-12 16:40:00.603,21.910543832225585,11.420605960836383,5.455047333811308,7.9833191269663075,4.161533130647513,4.8458423418578604
2026-05-12 16:40:01.634,21.910543832225585,11.441915378043177,5.454810411983999,7.983003231196562,4.161928000359694,4.847421820706586
2026-05-12 16:40:02.658,21.910543832225585,11.430076812928291,5.454099646502073,7.983240153023871,4.161138260935331,4.850185908691856
2026-05-12 16:40:03.685,21.917839366053897,11.402453494326892,5.455600151408362,7.98284528331169,4.162638765841621,4.851291543885964
2026-05-12 16:40:04.711,21.917839366053897,11.421395198510709,5.455521177465926,7.9824504135995085,4.164218244690346,4.853107944561998
2026-05-12 16:40:05.738,21.910543832225585,11.413502821767452,5.455126307753744,7.981976569944891,4.163191583438675,4.854055631871233
2026-05-12 16:40:06.768,21.910543832225585,11.430076812928291,5.4546524640991265,7.983240153023871,4.161533130647513,4.855714084662395
2026-05-12 16:40:07.798,21.917839366053897,11.426130624556663,5.456152969005416,7.982608361484381,4.162164922187003,4.857688433223302
2026-05-12 16:40:08.824,21.910543832225585,11.405610445024195,5.455126307753744,7.982134517829763,4.162164922187003,4.858004328993047
2026-05-12 16:40:09.851,21.910543832225585,11.433233763625594,5.456231942947852,7.982924257254126,4.161217234877768,4.860373547266136
2026-05-12 16:40:10.897,21.910543832225585,11.419816723162057,5.4560739950629795,7.9838719445633615,4.161849026417258,4.862268921884606
2026-05-12 16:40:11.925,21.910543832225585,11.419816723162057,5.455442203523489,7.982371439657072,4.162243896129439,4.863137635251405
2026-05-12 16:40:12.956,21.917839366053897,11.426130624556663,5.455758099293234,7.983161179081435,4.161928000359694,4.8651909577547485
2026-05-12 16:40:13.982,21.910543832225585,11.419816723162057,5.455837073235671,7.98347707485118,4.160822365165586,4.866770436603474
2026-05-12 16:40:15.010,21.910543832225585,11.418238247813406,5.4560739950629795,7.983082205138999,4.161928000359694,4.8700083682433615
2026-05-12 16:40:16.037,21.910543832225585,11.4395476650202,5.454889385926435,7.983082205138999,4.164376192575219,4.870403237955543
2026-05-12 16:40:17.065,21.910543832225585,11.423762911533686,5.456310916890288,7.982292465714636,4.162480817956748,4.871035029495033
2026-05-12 16:40:18.093,21.910543832225585,11.435601476648571,5.455679125350798,7.982687335426817,4.163665427093292,4.873088351998376
2026-05-12 16:40:19.120,21.917839366053897,11.454543180832388,5.455995021120543,7.98347707485118,4.161059286992895,4.8742729611349205
2026-05-12 16:40:20.144,21.910543832225585,11.447440041763457,5.456942708429779,7.983082205138999,4.161217234877768,4.87703704912019
2026-05-12 16:40:21.174,21.910543832225585,11.423762911533686,5.457100656314651,7.982608361484381,4.161849026417258,4.877589866717244
2026-05-12 16:40:22.212,21.903248298397216,11.42297367385936,5.456468864775161,7.9833191269663075,4.1609013391080225,4.880196006817641
2026-05-12 16:40:23.244,21.910543832225585,11.41744901013908,5.4574955260268325,7.982766309369254,4.16350747920842,4.879722163163024
2026-05-12 16:40:24.272,21.910543832225585,11.430076812928291,5.457021682372215,7.98347707485118,4.162164922187003,4.882091381436112
2026-05-12 16:40:25.302,21.910543832225585,11.43402300129992,5.457100656314651,7.983161179081435,4.163902348920601,4.88319701663022
2026-05-12 16:40:26.331,21.910543832225585,11.431655288276943,5.4560739950629795,7.9833191269663075,4.163665427093292,4.885013417306254
2026-05-12 16:40:27.359,21.917839366053897,11.42849833757964,5.457890395739014,7.983082205138999,4.161296208820204,4.887461609521779
2026-05-12 16:40:28.386,21.910543832225585,11.448229279437783,5.45733757814196,7.983713996678489,4.161770052474822,4.889041088370504
2026-05-12 16:40:29.418,21.910543832225585,11.430076812928291,5.457021682372215,7.982529387541945,4.164613114402528,4.8893569841402496
2026-05-12 16:40:30.449,21.910543832225585,11.449807754786434,5.4566268126600335,7.982371439657072,4.16137518276264,4.890936462988975
2026-05-12 16:40:31.478,21.910543832225585,11.434812238974246,5.45670578660247,7.98284528331169,4.161138260935331,4.892279020010392
2026-05-12 16:40:32.506,21.910543832225585,11.407978158047172,5.457258604199524,7.983792970620925,4.161296208820204,4.894332342513735
2026-05-12 16:40:33.531,21.910543832225585,11.421395198510709,5.456863734487342,7.983398100908744,4.1609013391080225,4.896464638959515
2026-05-12 16:40:34.561,21.910543832225585,11.403242732001218,5.457811421796578,7.983398100908744,4.1623228700718755,4.898912831175039
2026-05-12 16:40:35.589,21.910543832225585,11.435601476648571,5.457100656314651,7.982371439657072,4.161296208820204,4.899228726944784
2026-05-12 16:40:36.620,21.910543832225585,11.433233763625594,5.457100656314651,7.983792970620925,4.161217234877768,4.900018466369147
2026-05-12 16:40:37.647,21.910543832225585,11.415870534790429,5.457732447854141,7.982292465714636,4.16200697430213,4.901597945217873
2026-05-12 16:40:38.674,21.910543832225585,11.440336902694526,5.457653473911705,7.982687335426817,4.161296208820204,4.903335371951471
2026-05-12 16:40:39.698,21.910543832225585,11.4395476650202,5.4574955260268325,7.983713996678489,4.162480817956748,4.906573303591358
2026-05-12 16:40:40.725,21.910543832225585,11.416659772464754,5.45796936968145,7.982371439657072,4.161059286992895,4.90759996484303
2026-05-12 16:40:41.756,21.910543832225585,11.414292059441777,5.459311926702867,7.982687335426817,4.161770052474822,4.908073808497647
2026-05-12 16:40:42.783,21.910543832225585,11.435601476648571,5.458364239393632,7.982687335426817,4.163902348920601,4.9089425218644465
2026-05-12 16:40:43.809,21.910543832225585,11.4395476650202,5.457890395739014,7.983161179081435,4.163665427093292,4.911864557734589
2026-05-12 16:40:44.837,21.910543832225585,11.430076812928291,5.457574499969269,7.9833191269663075,4.161533130647513,4.9132071147560055
2026-05-12 16:40:45.866,21.903248298397216,11.425341386882337,5.458838083048249,7.9833191269663075,4.162164922187003,4.913917880237932
2026-05-12 16:40:46.894,21.910543832225585,11.423762911533686,5.459390900645303,7.983713996678489,4.161138260935331,4.915418385144221
2026-05-12 16:40:47.920,21.910543832225585,11.434812238974246,5.458680135163377,7.983635022736053,4.161217234877768,4.9183404210143635
2026-05-12 16:40:48.950,21.903248298397216,11.435601476648571,5.458364239393632,7.983082205138999,4.161691078532385,4.918656316784109
2026-05-12 16:40:49.981,21.910543832225585,11.423762911533686,5.458759109105813,7.983003231196562,4.1609013391080225,4.920156821690398
2026-05-12 16:40:51.007,21.910543832225585,11.418238247813406,5.459075004875558,7.983398100908744,4.161059286992895,4.92371064910003
2026-05-12 16:40:52.034,21.910543832225585,11.421395198510709,5.459548848530176,7.984187840333107,4.161928000359694,4.924816284294138
2026-05-12 16:40:53.061,21.903248298397216,11.440336902694526,5.459706796415048,7.981976569944891,4.161059286992895,4.925132180063883
2026-05-12 16:40:54.091,21.903248298397216,11.416659772464754,5.459390900645303,7.983635022736053,4.162243896129439,4.927659346221844
2026-05-12 16:40:55.120,21.910543832225585,11.42849833757964,5.458443213336068,7.982608361484381,4.161533130647513,4.9288439553583885
2026-05-12 16:40:56.149,21.903248298397216,11.42297367385936,5.458838083048249,7.984187840333107,4.161217234877768,4.929633694782751
2026-05-12 16:40:57.180,21.910543832225585,11.45612165618104,5.458838083048249,7.981344778405401,4.161296208820204,4.930897277861732
2026-05-12 16:40:58.207,21.903248298397216,11.437969189671549,5.46010166612723,7.983082205138999,4.161059286992895,4.93263470459533
2026-05-12 16:40:59.235,21.903248298397216,11.435601476648571,5.459232952760431,7.981976569944891,4.162243896129439,4.934451105271364
2026-05-12 16:41:00.263,21.903248298397216,11.424552149208012,5.459311926702867,7.982292465714636,4.161849026417258,4.935793662292781
2026-05-12 16:41:01.291,21.903248298397216,11.421395198510709,5.460022692184793,7.983792970620925,4.16137518276264,4.9387946721053595
2026-05-12 16:41:02.320,21.903248298397216,11.415081297116103,5.460259614012102,7.982608361484381,4.161770052474822,4.939900307299467
2026-05-12 16:41:03.351,21.910543832225585,11.42849833757964,5.46010166612723,7.982924257254126,4.164218244690346,4.940532098838958
2026-05-12 16:41:04.379,21.903248298397216,11.415870534790429,5.459311926702867,7.983556048793616,4.161612104589949,4.942190551630119
2026-05-12 16:41:05.408,21.903248298397216,11.427709099905314,5.4603385879545385,7.983240153023871,4.162085948244567,4.944243874133463
2026-05-12 16:41:06.432,21.903248298397216,11.427709099905314,5.460575509781847,7.982371439657072,4.161217234877768,4.945428483270007
2026-05-12 16:41:07.465,21.89595276456896,11.441126140368851,5.460259614012102,7.983240153023871,4.162638765841621,4.947955649427968
2026-05-12 16:41:08.514,21.89595276456896,11.42849833757964,5.460575509781847,7.982766309369254,4.162243896129439,4.949219232506948
2026-05-12 16:41:09.553,21.903248298397216,11.431655288276943,5.460259614012102,7.983398100908744,4.16137518276264,4.950561789528365
2026-05-12 16:41:10.582,21.903248298397216,11.42297367385936,5.460654483724284,7.982687335426817,4.161849026417258,4.952457164146836
2026-05-12 16:41:11.608,21.89595276456896,11.43402300129992,5.460259614012102,7.98284528331169,4.161849026417258,4.95427356482287
2026-05-12 16:41:12.637,21.903248298397216,11.430076812928291,5.460417561896975,7.98347707485118,4.163981322863037,4.95490535636236
2026-05-12 16:41:13.668,21.903248298397216,11.436390714322897,5.460496535839411,7.982529387541945,4.1609013391080225,4.958617131656865
2026-05-12 16:41:14.698,21.903248298397216,11.45059699246076,5.461207301321338,7.984029892448234,4.164218244690346,4.957985340117375
2026-05-12 16:41:15.731,21.89595276456896,11.431655288276943,5.461444223148646,7.983635022736053,4.1623228700718755,4.960196610505591
2026-05-12 16:41:16.762,21.903248298397216,11.427709099905314,5.460417561896975,7.983082205138999,4.1628756876689295,4.961223271757262
2026-05-12 16:41:17.788,21.903248298397216,11.426130624556663,5.461523197091083,7.9838719445633615,4.162954661611366,4.96509299493664
2026-05-12 16:41:18.818,21.89595276456896,11.434812238974246,5.461444223148646,7.981739648117582,4.161691078532385,4.964777099166895
2026-05-12 16:41:19.852,21.89595276456896,11.421395198510709,5.460575509781847,7.9833191269663075,4.161217234877768,4.966040682245875
2026-05-12 16:41:20.882,21.89595276456896,11.418238247813406,5.461839092860828,7.982608361484381,4.161059286992895,4.9677781089794735
2026-05-12 16:41:21.912,21.89595276456896,11.446650804089131,5.461681144975955,7.9822134917722,4.161928000359694,4.968962718116018
2026-05-12 16:41:22.939,21.903248298397216,11.464014032924297,5.461602171033519,7.983161179081435,4.162085948244567,4.970700144849616
2026-05-12 16:41:23.966,21.903248298397216,11.431655288276943,5.461049353436465,7.982292465714636,4.163428505265983,4.974017050431939
2026-05-12 16:41:24.996,21.903248298397216,11.444283091066154,5.461681144975955,7.982687335426817,4.16200697430213,4.974806789856302
2026-05-12 16:41:26.024,21.903248298397216,11.4395476650202,5.461286275263774,7.982371439657072,4.1628756876689295,4.9757544771655375
2026-05-12 16:41:27.054,21.89595276456896,11.440336902694526,5.462470884400318,7.983556048793616,4.161533130647513,4.978281643323498
2026-05-12 16:41:28.087,21.89595276456896,11.440336902694526,5.462707806227627,7.982608361484381,4.162164922187003,4.978360617265935
2026-05-12 16:41:29.119,21.89595276456896,11.446650804089131,5.462786780170063,7.982766309369254,4.162243896129439,4.9814406010209495
2026-05-12 16:41:30.147,21.89595276456896,11.438758427345874,5.462076014688137,7.981818622060018,4.161770052474822,4.982546236215057
2026-05-12 16:41:31.174,21.88865723074059,11.437179951997223,5.4619970407457,7.983713996678489,4.161296208820204,4.983730845351602
2026-05-12 16:41:32.201,21.89595276456896,11.414292059441777,5.461918066803264,7.983713996678489,4.162243896129439,4.985863141797381
2026-05-12 16:41:33.232,21.89595276456896,11.43402300129992,5.462628832285191,7.983556048793616,4.16137518276264,4.987758516415852
2026-05-12 16:41:34.259,21.903248298397216,11.419816723162057,5.462865754112499,7.982292465714636,4.161691078532385,4.988232360070469
2026-05-12 16:41:35.289,21.903248298397216,11.447440041763457,5.462786780170063,7.9818975960024545,4.161928000359694,4.989811838919195
2026-05-12 16:41:36.314,21.903248298397216,11.452175467809411,5.463418571709553,7.982766309369254,4.162401844014312,4.991707213537666
2026-05-12 16:41:37.341,21.89595276456896,11.449018517112108,5.462786780170063,7.983398100908744,4.16413927074791,4.993049770559082
2026-05-12 16:41:38.372,21.89595276456896,11.431655288276943,5.4623129365154455,7.982766309369254,4.163191583438675,4.994708223350244
2026-05-12 16:41:39.401,21.903248298397216,11.421395198510709,5.463102675939808,7.984345788217979,4.161612104589949,4.997077441623333
2026-05-12 16:41:40.427,21.89595276456896,11.432444525951269,5.463260623824681,7.9833191269663075,4.161533130647513,4.998814868356931
2026-05-12 16:41:41.454,21.89595276456896,11.432444525951269,5.462786780170063,7.983082205138999,4.163981322863037,4.999209738069112
2026-05-12 16:41:42.481,21.88865723074059,11.436390714322897,5.4637344674792985,7.983161179081435,4.161849026417258,4.99968358172373
2026-05-12 16:41:43.510,21.89595276456896,11.4395476650202,5.4637344674792985,7.983240153023871,4.161928000359694,5.0018948521119455
2026-05-12 16:41:44.535,21.89595276456896,11.430866050602617,5.463102675939808,7.9822134917722,4.1637444010357285,5.003395357018235
2026-05-12 16:41:45.561,21.89595276456896,11.452964705483737,5.463813441421735,7.9822134917722,4.16350747920842,5.005448679521578
2026-05-12 16:41:46.606,21.89595276456896,11.432444525951269,5.462786780170063,7.9818975960024545,4.162796713726493,5.007028158370304
2026-05-12 16:41:47.635,21.89595276456896,11.45059699246076,5.463102675939808,7.981660674175146,4.164534140460091,5.008291741449284
2026-05-12 16:41:48.667,21.89595276456896,11.42297367385936,5.463576519594426,7.9824504135995085,4.161770052474822,5.010266090010191
2026-05-12 16:41:49.696,21.903248298397216,11.451386230135085,5.463892415364171,7.983003231196562,4.161217234877768,5.011055829434554
2026-05-12 16:41:50.727,21.89595276456896,11.436390714322897,5.464050363249044,7.983082205138999,4.162559791899184,5.012793256168152
2026-05-12 16:41:51.757,21.89595276456896,11.432444525951269,5.464208311133916,7.982134517829763,4.162243896129439,5.014293761074441
2026-05-12 16:41:52.784,21.89595276456896,11.441915378043177,5.464050363249044,7.982134517829763,4.16137518276264,5.016189135692912
2026-05-12 16:41:53.810,21.903248298397216,11.432444525951269,5.464682154788534,7.982924257254126,4.160980313050459,5.017136823002147
2026-05-12 16:41:54.840,21.89595276456896,11.430076812928291,5.464287285076352,7.982371439657072,4.161849026417258,5.018558353966
2026-05-12 16:41:55.867,21.89595276456896,11.415081297116103,5.46412933719148,7.983082205138999,4.1614541567050765,5.0203747546420345
2026-05-12 16:41:56.898,21.89595276456896,11.44507232874048,5.465550868155333,7.98284528331169,4.161533130647513,5.023454738397049
2026-05-12 16:41:57.923,21.89595276456896,11.431655288276943,5.465629842097769,7.982687335426817,4.162480817956748,5.025271139073084
2026-05-12 16:41:58.954,21.89595276456896,11.434812238974246,5.463892415364171,7.982924257254126,4.1637444010357285,5.026455748209628
2026-05-12 16:41:59.983,21.89595276456896,11.42297367385936,5.465313946328024,7.983635022736053,4.162480817956748,5.0266136960945005
2026-05-12 16:42:01.011,21.89595276456896,11.436390714322897,5.464919076615843,7.981344778405401,4.163823374978165,5.028588044655407
2026-05-12 16:42:02.042,21.88865723074059,11.438758427345874,5.464524206903661,7.98284528331169,4.162638765841621,5.030562393216314
2026-05-12 16:42:03.068,21.89595276456896,11.430076812928291,5.4660247118099505,7.983713996678489,4.16413927074791,5.031115210813368
2026-05-12 16:42:04.095,21.89595276456896,11.4395476650202,5.464919076615843,7.983003231196562,4.164060296805474,5.033247507259148
2026-05-12 16:42:05.122,21.89595276456896,11.436390714322897,5.4651559984431515,7.982292465714636,4.161612104589949,5.034195194568383
2026-05-12 16:42:06.148,21.89595276456896,11.449018517112108,5.465471894212897,7.982371439657072,4.16200697430213,5.036327491014163
2026-05-12 16:42:07.175,21.88865723074059,11.433233763625594,5.464682154788534,7.982766309369254,4.161849026417258,5.03893363111456
2026-05-12 16:42:08.201,21.88865723074059,11.442704615717503,5.465077024500715,7.982766309369254,4.1614541567050765,5.039644396596486
2026-05-12 16:42:09.229,21.89595276456896,11.448229279437783,5.46539292027046,7.983635022736053,4.161138260935331,5.0422505366968835
2026-05-12 16:42:10.255,21.89595276456896,11.42297367385936,5.465708816040205,7.982055543887327,4.162638765841621,5.041855666984702
2026-05-12 16:42:11.283,21.89595276456896,11.426130624556663,5.46539292027046,7.981502726290273,4.161533130647513,5.043987963430482
2026-05-12 16:42:12.310,21.89595276456896,11.433233763625594,5.465866763925078,7.982608361484381,4.1614541567050765,5.046831025358188
2026-05-12 16:42:13.338,21.89595276456896,11.434812238974246,5.466498555464568,7.983398100908744,4.163428505265983,5.046673077473315
2026-05-12 16:42:14.366,21.89595276456896,11.44507232874048,5.46539292027046,7.983240153023871,4.162085948244567,5.048173582379604
2026-05-12 16:42:15.390,21.89595276456896,11.445861566414806,5.4651559984431515,7.983161179081435,4.164060296805474,5.049674087285894
2026-05-12 16:42:16.418,21.89595276456896,11.422184436185034,5.465708816040205,7.982766309369254,4.161533130647513,5.052359201328727
2026-05-12 16:42:17.453,21.89595276456896,11.438758427345874,5.465708816040205,7.983161179081435,4.162243896129439,5.0527540710409085
2026-05-12 16:42:18.479,21.89595276456896,11.451386230135085,5.466182659694823,7.983635022736053,4.161138260935331,5.054254575947198
2026-05-12 16:42:19.510,21.89595276456896,11.430076812928291,5.465866763925078,7.9822134917722,4.162559791899184,5.05717661181734
2026-05-12 16:42:20.544,21.89595276456896,11.433233763625594,5.467367268831367,7.9838719445633615,4.16200697430213,5.057571481529521
2026-05-12 16:42:21.576,21.88865723074059,11.423762911533686,5.466735477291877,7.985135527642342,4.161217234877768,5.060809413169409
2026-05-12 16:42:22.607,21.88865723074059,11.436390714322897,5.467288294888931,7.983161179081435,4.162085948244567,5.060809413169409
2026-05-12 16:42:23.633,21.88865723074059,11.416659772464754,5.466498555464568,7.982766309369254,4.16200697430213,5.063494527212242
2026-05-12 16:42:24.662,21.88865723074059,11.437969189671549,5.467209320946495,7.984029892448234,4.1614541567050765,5.064758110291223
2026-05-12 16:42:25.692,21.89595276456896,11.438758427345874,5.466735477291877,7.982055543887327,4.161770052474822,5.065152980003404
2026-05-12 16:42:26.732,21.88865723074059,11.426130624556663,5.467367268831367,7.9824504135995085,4.163902348920601,5.066653484909693
2026-05-12 16:42:27.757,21.88865723074059,11.42849833757964,5.466814451234313,7.982766309369254,4.161296208820204,5.07076012991638
2026-05-12 16:42:28.785,21.88865723074059,11.437969189671549,5.466972399119186,7.982371439657072,4.161217234877768,5.070523208089071
2026-05-12 16:42:29.814,21.88865723074059,11.422184436185034,5.467130347004058,7.982371439657072,4.163665427093292,5.073998061556267
2026-05-12 16:42:30.843,21.88865723074059,11.415870534790429,5.467367268831367,7.983950918505798,4.161138260935331,5.073919087613831
2026-05-12 16:42:31.872,21.88865723074059,11.437179951997223,5.467288294888931,7.983003231196562,4.162243896129439,5.074392931268449
2026-05-12 16:42:32.905,21.88865723074059,11.426919862230989,5.467762138543549,7.981818622060018,4.162243896129439,5.076999071368846
2026-05-12 16:42:33.931,21.88865723074059,11.424552149208012,5.467762138543549,7.981976569944891,4.161533130647513,5.078104706562954
2026-05-12 16:42:34.963,21.88865723074059,11.411135108744475,5.468314956140603,7.9833191269663075,4.161533130647513,5.079526237526807
2026-05-12 16:42:35.990,21.88865723074059,11.431655288276943,5.4679990603708575,7.981739648117582,4.163270557381111,5.081342638202841
2026-05-12 16:42:37.016,21.88865723074059,11.451386230135085,5.467367268831367,7.9824504135995085,4.16137518276264,5.0820534036847675
2026-05-12 16:42:38.053,21.88865723074059,11.411135108744475,5.468078034313294,7.983082205138999,4.1623228700718755,5.083395960706184
2026-05-12 16:42:39.084,21.89595276456896,11.415870534790429,5.467604190658676,7.982766309369254,4.163902348920601,5.087265683885562
2026-05-12 16:42:40.114,21.88865723074059,11.405610445024195,5.468393930083039,7.98284528331169,4.163349531323547,5.086949788115817
2026-05-12 16:42:41.143,21.88865723074059,11.435601476648571,5.468078034313294,7.982055543887327,4.163349531323547,5.088134397252361
2026-05-12 16:42:42.171,21.88865723074059,11.42297367385936,5.4679990603708575,7.9833191269663075,4.160980313050459,5.092241042259047
2026-05-12 16:42:43.200,21.89595276456896,11.436390714322897,5.468235982198166,7.983003231196562,4.1642972186327825,5.092872833798538
2026-05-12 16:42:44.227,21.88865723074059,11.447440041763457,5.467920086428421,7.982924257254126,4.161138260935331,5.092872833798538
2026-05-12 16:42:45.253,21.88865723074059,11.410345871070149,5.468078034313294,7.984187840333107,4.164060296805474,5.096900504862788
2026-05-12 16:42:46.285,21.88865723074059,11.419816723162057,5.469183669507402,7.9838719445633615,4.162559791899184,5.096505635150606
2026-05-12 16:42:47.312,21.88865723074059,11.421395198510709,5.468078034313294,7.982529387541945,4.163981322863037,5.099269723135876
2026-05-12 16:42:48.338,21.89595276456896,11.449018517112108,5.468709825852784,7.982529387541945,4.1628756876689295,5.099743566790494
2026-05-12 16:42:49.369,21.88865723074059,11.415870534790429,5.469262643449838,7.984424762160415,4.161217234877768,5.101480993524092
2026-05-12 16:42:50.422,21.88865723074059,11.437969189671549,5.468630851910348,7.982529387541945,4.162559791899184,5.1030604723728175
2026-05-12 16:42:51.449,21.89595276456896,11.430076812928291,5.469736487104456,7.982924257254126,4.161533130647513,5.105192768818597
2026-05-12 16:42:52.480,21.89595276456896,11.41744901013908,5.468709825852784,7.982055543887327,4.163033635553802,5.105429690645906
2026-05-12 16:42:53.506,21.88865723074059,11.440336902694526,5.468630851910348,7.981581700232709,4.163112609496238,5.107561987091685
2026-05-12 16:42:54.536,21.88865723074059,11.415870534790429,5.468946747680093,7.983240153023871,4.161533130647513,5.109299413825283
2026-05-12 16:42:55.561,21.89595276456896,11.408767395721497,5.469736487104456,7.982055543887327,4.162638765841621,5.110562996904264
2026-05-12 16:42:56.588,21.88865723074059,11.408767395721497,5.469183669507402,7.983161179081435,4.160822365165586,5.112300423637862
2026-05-12 16:42:57.615,21.89595276456896,11.425341386882337,5.4688677737376565,7.983240153023871,4.162164922187003,5.115222459508004
2026-05-12 16:42:58.646,21.88865723074059,11.42297367385936,5.469815461046892,7.982292465714636,4.1628756876689295,5.115222459508004
2026-05-12 16:42:59.676,21.88865723074059,11.427709099905314,5.469262643449838,7.983398100908744,4.161138260935331,5.116565016529421
2026-05-12 16:43:00.707,21.88865723074059,11.4119243464188,5.469341617392274,7.983792970620925,4.161296208820204,5.118302443263019
2026-05-12 16:43:01.745,21.89595276456896,11.440336902694526,5.469973408931764,7.982134517829763,4.161138260935331,5.119645000284436
2026-05-12 16:43:02.770,21.88865723074059,11.436390714322897,5.469183669507402,7.984029892448234,4.1623228700718755,5.122724984039451
2026-05-12 16:43:03.797,21.88865723074059,11.424552149208012,5.469341617392274,7.98410886639067,4.16137518276264,5.123040879809196
2026-05-12 16:43:04.825,21.88865723074059,11.424552149208012,5.469894434989328,7.98347707485118,4.161138260935331,5.124541384715485
2026-05-12 16:43:05.857,21.89595276456896,11.422184436185034,5.469815461046892,7.983161179081435,4.161059286992895,5.126278811449083
2026-05-12 16:43:06.886,21.89595276456896,11.435601476648571,5.470210330759073,7.982608361484381,4.162638765841621,5.127068550873446
2026-05-12 16:43:07.912,21.89595276456896,11.445861566414806,5.4702893047015095,7.983161179081435,4.162164922187003,5.129358795204098
2026-05-12 16:43:08.940,21.89595276456896,11.433233763625594,5.4702893047015095,7.983635022736053,4.1637444010357285,5.130464430398206
2026-05-12 16:43:09.972,21.89595276456896,11.434812238974246,5.470526226528818,7.98347707485118,4.162559791899184,5.133860309922966
2026-05-12 16:43:11.001,21.88865723074059,11.424552149208012,5.470605200471255,7.984029892448234,4.161296208820204,5.134176205692711
2026-05-12 16:43:12.031,21.89595276456896,11.414292059441777,5.471079044125872,7.982687335426817,4.161612104589949,5.1357556845414365
2026-05-12 16:43:13.078,21.88865723074059,11.445861566414806,5.470763148356127,7.982608361484381,4.162480817956748,5.137335163390162
2026-05-12 16:43:14.106,21.89595276456896,11.426919862230989,5.471000070183436,7.983240153023871,4.162164922187003,5.140336173202741
2026-05-12 16:43:15.134,21.88865723074059,11.431655288276943,5.471079044125872,7.982687335426817,4.161296208820204,5.141046938684667
2026-05-12 16:43:16.162,21.88865723074059,11.435601476648571,5.470921096241,7.982608361484381,4.162243896129439,5.1414418083968485
2026-05-12 16:43:17.189,21.89595276456896,11.430076812928291,5.470605200471255,7.984345788217979,4.162559791899184,5.143574104842628
2026-05-12 16:43:18.217,21.89595276456896,11.442704615717503,5.471236992010745,7.983161179081435,4.163033635553802,5.144521792151863
2026-05-12 16:43:19.247,21.89595276456896,11.44507232874048,5.470368278643946,7.983082205138999,4.16200697430213,5.148154593503932
2026-05-12 16:43:20.276,21.88865723074059,11.452175467809411,5.470921096241,7.982766309369254,4.161928000359694,5.147522801964442
2026-05-12 16:43:21.306,21.89595276456896,11.443493853391828,5.471158018068309,7.983635022736053,4.16137518276264,5.149576124467785
2026-05-12 16:43:22.335,21.89595276456896,11.437969189671549,5.4722636532624165,7.9824504135995085,4.162480817956748,5.15328789976229
2026-05-12 16:43:23.360,21.89595276456896,11.436390714322897,5.471394939895617,7.982924257254126,4.161612104589949,5.153682769474472
2026-05-12 16:43:24.385,21.89595276456896,11.423762911533686,5.471868783550235,7.983950918505798,4.161296208820204,5.153445847647163
2026-05-12 16:43:25.418,21.89595276456896,11.427709099905314,5.47155288778049,7.982055543887327,4.161296208820204,5.155341222265633
2026-05-12 16:43:26.448,21.89595276456896,11.432444525951269,5.471236992010745,7.983003231196562,4.16200697430213,5.157157622941668
2026-05-12 16:43:27.478,21.89595276456896,11.4395476650202,5.471236992010745,7.9833191269663075,4.1623228700718755,5.158184284193339
2026-05-12 16:43:28.504,21.89595276456896,11.446650804089131,5.471236992010745,7.983398100908744,4.162401844014312,5.1599217109269375
2026-05-12 16:43:29.530,21.903248298397216,11.41744901013908,5.471315965953181,7.9833191269663075,4.163270557381111,5.1641863038184965
2026-05-12 16:43:30.557,21.89595276456896,11.441126140368851,5.472026731435108,7.983398100908744,4.162480817956748,5.163159642566825
2026-05-12 16:43:31.584,21.89595276456896,11.426919862230989,5.4717108356653625,7.983556048793616,4.161296208820204,5.16410732987606
2026-05-12 16:43:32.611,21.89595276456896,11.429287575253966,5.472105705377544,7.9833191269663075,4.162559791899184,5.168056026997874
2026-05-12 16:43:33.643,21.89595276456896,11.431655288276943,5.472500575089725,7.983082205138999,4.161059286992895,5.1675821833432565
2026-05-12 16:43:34.672,21.89595276456896,11.435601476648571,5.471789809607799,7.983161179081435,4.162480817956748,5.170346271328526
2026-05-12 16:43:35.700,21.89595276456896,11.437179951997223,5.473369288456524,7.9824504135995085,4.1614541567050765,5.171057036810453
2026-05-12 16:43:36.732,21.89595276456896,11.436390714322897,5.472105705377544,7.983635022736053,4.16413927074791,5.173584202968414
2026-05-12 16:43:37.759,21.89595276456896,11.452175467809411,5.47218467931998,7.982608361484381,4.161059286992895,5.17366317691085
2026-05-12 16:43:38.788,21.89595276456896,11.435601476648571,5.472579549032162,7.983635022736053,4.1623228700718755,5.175637525471757
2026-05-12 16:43:39.814,21.89595276456896,11.43402300129992,5.473053392686779,7.982371439657072,4.1623228700718755,5.178480587399463
2026-05-12 16:43:40.840,21.89595276456896,11.437969189671549,5.47281647085947,7.983240153023871,4.162164922187003,5.178638535284335
2026-05-12 16:43:41.873,21.89595276456896,11.449807754786434,5.473922106053578,7.98347707485118,4.161533130647513,5.180612883845242
2026-05-12 16:43:42.899,21.89595276456896,11.440336902694526,5.473211340571652,7.98284528331169,4.1623228700718755,5.181955440866659
2026-05-12 16:43:43.926,21.903248298397216,11.436390714322897,5.474159027880887,7.982529387541945,4.164218244690346,5.184008763370002
2026-05-12 16:43:44.954,21.89595276456896,11.447440041763457,5.472895444801907,7.982529387541945,4.162243896129439,5.1860620858733455
2026-05-12 16:43:45.981,21.89595276456896,11.434812238974246,5.473211340571652,7.9838719445633615,4.162717739784057,5.1874836168371985
2026-05-12 16:43:47.008,21.89595276456896,11.435601476648571,5.473211340571652,7.983398100908744,4.163270557381111,5.188589252031306
2026-05-12 16:43:48.035,21.89595276456896,11.424552149208012,5.473606210283833,7.981581700232709,4.162401844014312,5.190405652707341
2026-05-12 16:43:49.064,21.89595276456896,11.4395476650202,5.473843132111142,7.983635022736053,4.162164922187003,5.191116418189267
2026-05-12 16:43:50.093,21.89595276456896,11.446650804089131,5.473764158168706,7.983398100908744,4.162085948244567,5.193564610404792
2026-05-12 16:43:51.119,21.89595276456896,11.449018517112108,5.4736851842262695,7.9833191269663075,4.16137518276264,5.1945912716564635
2026-05-12 16:43:52.145,21.89595276456896,11.443493853391828,5.473843132111142,7.982608361484381,4.16413927074791,5.196644594159807
2026-05-12 16:43:53.173,21.89595276456896,11.436390714322897,5.474711845477941,7.981581700232709,4.161770052474822,5.198382020893405
2026-05-12 16:43:54.204,21.89595276456896,11.434812238974246,5.473290314514088,7.983556048793616,4.161138260935331,5.1994086821450765
2026-05-12 16:43:55.229,21.903248298397216,11.437969189671549,5.473290314514088,7.983713996678489,4.162401844014312,5.2008302131089295
2026-05-12 16:43:56.256,21.89595276456896,11.430076812928291,5.47431697576576,7.980870934750783,4.161533130647513,5.202488665900091
2026-05-12 16:43:57.283,21.89595276456896,11.436390714322897,5.47431697576576,7.9822134917722,4.164218244690346,5.204463014460998
2026-05-12 16:43:58.308,21.89595276456896,11.416659772464754,5.4745538975930685,7.983003231196562,4.1614541567050765,5.2050948060004885
2026-05-12 16:43:59.334,21.89595276456896,11.426919862230989,5.474159027880887,7.982529387541945,4.162954661611366,5.206674284849214
2026-05-12 16:44:00.362,21.89595276456896,11.423762911533686,5.473922106053578,7.983003231196562,4.161296208820204,5.210307086201283
2026-05-12 16:44:01.390,21.89595276456896,11.430866050602617,5.47494876730525,7.9824504135995085,4.163586453150856,5.209991190431538
2026-05-12 16:44:02.421,21.89595276456896,11.436390714322897,5.475027741247686,7.98284528331169,4.162164922187003,5.2116496432226995
2026-05-12 16:44:03.447,21.88865723074059,11.452964705483737,5.474080053938451,7.9833191269663075,4.163191583438675,5.213466043898734
2026-05-12 16:44:04.473,21.89595276456896,11.446650804089131,5.474238001823323,7.983161179081435,4.161138260935331,5.2159142361142585
2026-05-12 16:44:05.498,21.903248298397216,11.435601476648571,5.474474923650632,7.983082205138999,4.16137518276264,5.21694089736593
2026-05-12 16:44:06.524,21.89595276456896,11.436390714322897,5.4751067151901225,7.983161179081435,4.163665427093292,5.217967558617602
2026-05-12 16:44:07.553,21.89595276456896,11.43402300129992,5.47431697576576,7.983082205138999,4.162954661611366,5.219468063523891
2026-05-12 16:44:08.577,21.89595276456896,11.430076812928291,5.475896454614485,7.983713996678489,4.161217234877768,5.221521386027234
2026-05-12 16:44:09.631,21.89595276456896,11.448229279437783,5.474711845477941,7.9822134917722,4.162085948244567,5.224127526127631
2026-05-12 16:44:10.692,21.89595276456896,11.458489369204017,5.475185689132559,7.9824504135995085,4.1623228700718755,5.223969578242759
2026-05-12 16:44:11.774,21.903248298397216,11.454543180832388,5.47494876730525,7.982687335426817,4.16137518276264,5.226180848630975
2026-05-12 16:44:12.806,21.88865723074059,11.426130624556663,5.475896454614485,7.982766309369254,4.163665427093292,5.227681353537264
2026-05-12 16:44:13.835,21.89595276456896,11.43402300129992,5.475185689132559,7.982292465714636,4.162164922187003,5.229023910558681
2026-05-12 16:44:14.860,21.89595276456896,11.437969189671549,5.475659532787176,7.9833191269663075,4.161849026417258,5.23052441546497
2026-05-12 16:44:15.889,21.89595276456896,11.437969189671549,5.476291324326667,7.982055543887327,4.162480817956748,5.232577737968313
2026-05-12 16:44:16.919,21.88865723074059,11.425341386882337,5.475659532787176,7.982608361484381,4.161138260935331,5.233130555565367
2026-05-12 16:44:17.997,21.89595276456896,11.434812238974246,5.4765282461539755,7.982292465714636,4.163270557381111,5.237079252687181
2026-05-12 16:44:19.027,21.903248298397216,11.41744901013908,5.4759754285569215,7.981660674175146,4.162085948244567,5.23857975759347
2026-05-12 16:44:20.057,21.89595276456896,11.446650804089131,5.476923115866157,7.982766309369254,4.162243896129439,5.239369497017833
2026-05-12 16:44:21.086,21.89595276456896,11.462435557575645,5.475738506729613,7.98284528331169,4.163349531323547,5.240317184327068
2026-05-12 16:44:22.115,21.88865723074059,11.463224795249971,5.476133376441794,7.982766309369254,4.161138260935331,5.242449480772848
2026-05-12 16:44:23.144,21.89595276456896,11.452964705483737,5.477475933463211,7.983713996678489,4.162085948244567,5.244581777218627
2026-05-12 16:44:24.169,21.88865723074059,11.46164631990132,5.47621235038423,7.9833191269663075,4.16413927074791,5.244976646930809
2026-05-12 16:44:25.197,21.903248298397216,11.438758427345874,5.475659532787176,7.983713996678489,4.160980313050459,5.246714073664407
2026-05-12 16:44:26.222,21.89595276456896,11.452175467809411,5.47621235038423,7.9822134917722,4.161059286992895,5.2482935525131325
2026-05-12 16:44:27.251,21.89595276456896,11.453753943158063,5.476607220096412,7.983003231196562,4.163191583438675,5.2491622658799315
2026-05-12 16:44:28.276,21.88865723074059,11.443493853391828,5.477002089808593,7.983556048793616,4.1609013391080225,5.251452510210584
2026-05-12 16:44:29.301,21.89595276456896,11.423762911533686,5.476291324326667,7.983161179081435,4.16137518276264,5.252084301750074
2026-05-12 16:44:30.332,21.903248298397216,11.448229279437783,5.477317985578338,7.982055543887327,4.161928000359694,5.253663780598799
2026-05-12 16:44:31.359,21.89595276456896,11.431655288276943,5.476923115866157,7.983635022736053,4.161691078532385,5.255480181274834
2026-05-12 16:44:32.385,21.89595276456896,11.449018517112108,5.47621235038423,7.983161179081435,4.161138260935331,5.256743764353814
2026-05-12 16:44:33.411,21.89595276456896,11.427709099905314,5.477475933463211,7.9824504135995085,4.161138260935331,5.258086321375231
2026-05-12 16:44:34.441,21.903248298397216,11.42849833757964,5.476765167981284,7.983398100908744,4.1628756876689295,5.260692461475628
2026-05-12 16:44:35.469,21.903248298397216,11.430866050602617,5.476686194038848,7.982766309369254,4.162164922187003,5.261482200899991
2026-05-12 16:44:36.497,21.903248298397216,11.442704615717503,5.476923115866157,7.982055543887327,4.162085948244567,5.2639303931155155
2026-05-12 16:44:37.528,21.89595276456896,11.415081297116103,5.4773969595207745,7.982687335426817,4.162559791899184,5.264009367057952
2026-05-12 16:44:38.555,21.89595276456896,11.433233763625594,5.4779497771178285,7.982687335426817,4.161296208820204,5.2667734550432215
2026-05-12 16:44:39.584,21.89595276456896,11.451386230135085,5.476449272211539,7.983398100908744,4.1642972186327825,5.2690636993738735
2026-05-12 16:44:40.613,21.88865723074059,11.432444525951269,5.477239011635902,7.983635022736053,4.161138260935331,5.2696165169709275
2026-05-12 16:44:41.642,21.89595276456896,11.449807754786434,5.477081063751029,7.981186830520528,4.1642972186327825,5.270880100049908
2026-05-12 16:44:42.672,21.89595276456896,11.436390714322897,5.477002089808593,7.983161179081435,4.16137518276264,5.27253855284107
2026-05-12 16:44:43.699,21.89595276456896,11.430076812928291,5.477239011635902,7.983003231196562,4.161849026417258,5.274670849286849
2026-05-12 16:44:44.727,21.903248298397216,11.43402300129992,5.477317985578338,7.981344778405401,4.161138260935331,5.275776484480957
2026-05-12 16:44:45.754,21.89595276456896,11.458489369204017,5.477160037693466,7.982371439657072,4.161217234877768,5.2775928851569915
2026-05-12 16:44:46.779,21.89595276456896,11.443493853391828,5.477870803175392,7.9818975960024545,4.160980313050459,5.278382624581354
2026-05-12 16:44:47.803,21.89595276456896,11.454543180832388,5.47771285529052,7.98347707485118,4.162796713726493,5.2818574780485505
2026-05-12 16:44:48.831,21.89595276456896,11.437179951997223,5.477160037693466,7.9824504135995085,4.163112609496238,5.282647217472913
2026-05-12 16:44:49.860,21.903248298397216,11.433233763625594,5.477554907405647,7.984503736102852,4.161217234877768,5.284147722379203
2026-05-12 16:44:50.886,21.89595276456896,11.424552149208012,5.479055412311936,7.982924257254126,4.1623228700718755,5.284542592091384
2026-05-12 16:44:51.912,21.903248298397216,11.44507232874048,5.477317985578338,7.983161179081435,4.162717739784057,5.286280018824982
2026-05-12 16:44:52.938,21.88865723074059,11.44507232874048,5.479292334139245,7.981739648117582,4.161770052474822,5.288175393443453
2026-05-12 16:44:53.963,21.89595276456896,11.452175467809411,5.478897464427064,7.9838719445633615,4.16137518276264,5.290465637774105
2026-05-12 16:44:54.990,21.88865723074059,11.443493853391828,5.478581568657319,7.982766309369254,4.163428505265983,5.291334351140904
2026-05-12 16:44:56.019,21.89595276456896,11.436390714322897,5.478107725002701,7.982924257254126,4.161691078532385,5.292992803932066
2026-05-12 16:44:57.045,21.903248298397216,11.443493853391828,5.480476943275789,7.982924257254126,4.161770052474822,5.294414334895919
2026-05-12 16:44:58.077,21.89595276456896,11.447440041763457,5.479134386254373,7.983792970620925,4.162796713726493,5.295835865859772
2026-05-12 16:44:59.106,21.89595276456896,11.45612165618104,5.479292334139245,7.983556048793616,4.162717739784057,5.2980471362479875
2026-05-12 16:45:00.134,21.89595276456896,11.441126140368851,5.479213360196809,7.981818622060018,4.161296208820204,5.3000214848088945
2026-05-12 16:45:01.158,21.89595276456896,11.45059699246076,5.479055412311936,7.983161179081435,4.161849026417258,5.300100458751331
2026-05-12 16:45:02.185,21.89595276456896,11.436390714322897,5.479529255966554,7.9824504135995085,4.1623228700718755,5.301837885484929
2026-05-12 16:45:03.213,21.89595276456896,11.426919862230989,5.4788184904846275,7.9833191269663075,4.16074339122315,5.305075817124816
2026-05-12 16:45:04.244,21.89595276456896,11.440336902694526,5.4788184904846275,7.982292465714636,4.1609013391080225,5.3051547910672525
2026-05-12 16:45:05.272,21.89595276456896,11.4395476650202,5.479687203851427,7.981818622060018,4.161849026417258,5.306813243858414
2026-05-12 16:45:06.302,21.89595276456896,11.425341386882337,5.479766177793863,7.982924257254126,4.160980313050459,5.308945540304194
2026-05-12 16:45:07.330,21.88865723074059,11.43402300129992,5.479529255966554,7.983713996678489,4.16350747920842,5.309340410016375
2026-05-12 16:45:08.357,21.89595276456896,11.453753943158063,5.480082073563608,7.982924257254126,4.160822365165586,5.312025524059209
2026-05-12 16:45:09.384,21.89595276456896,11.433233763625594,5.47960822990899,7.982292465714636,4.162085948244567,5.314157820504988
2026-05-12 16:45:10.409,21.89595276456896,11.438758427345874,5.480003099621172,7.982292465714636,4.16350747920842,5.314710638102042
2026-05-12 16:45:11.442,21.89595276456896,11.435601476648571,5.479924125678735,7.982687335426817,4.161296208820204,5.3165270387780765
2026-05-12 16:45:12.472,21.89595276456896,11.440336902694526,5.479292334139245,7.9833191269663075,4.16074339122315,5.318185491569238
2026-05-12 16:45:13.499,21.88865723074059,11.426130624556663,5.479924125678735,7.984345788217979,4.160585443338277,5.3213444492666895
2026-05-12 16:45:14.526,21.89595276456896,11.429287575253966,5.480871812987971,7.982687335426817,4.161296208820204,5.3207916316696355
2026-05-12 16:45:15.554,21.88865723074059,11.433233763625594,5.4802400214484805,7.981818622060018,4.160980313050459,5.3222131626334885
2026-05-12 16:45:16.583,21.88865723074059,11.452964705483737,5.480318995390917,7.982529387541945,4.161691078532385,5.324977250618758
2026-05-12 16:45:17.612,21.89595276456896,11.449807754786434,5.481187708757716,7.984029892448234,4.1609013391080225,5.325530068215812
2026-05-12 16:45:18.640,21.89595276456896,11.426919862230989,5.480871812987971,7.982292465714636,4.160664417280714,5.326872625237229
2026-05-12 16:45:19.668,21.88865723074059,11.419816723162057,5.480161047506044,7.98284528331169,4.161138260935331,5.329004921683008
2026-05-12 16:45:20.696,21.88865723074059,11.447440041763457,5.480555917218226,7.983240153023871,4.163586453150856,5.3307423484166065
2026-05-12 16:45:21.729,21.89595276456896,11.430866050602617,5.480950786930407,7.983556048793616,4.16074339122315,5.332400801207768
2026-05-12 16:45:22.760,21.88865723074059,11.424552149208012,5.48110873481528,7.983556048793616,4.160822365165586,5.333111566689695
2026-05-12 16:45:23.790,21.89595276456896,11.442704615717503,5.481266682700152,7.983161179081435,4.16074339122315,5.335875654674965
2026-05-12 16:45:24.818,21.88865723074059,11.415081297116103,5.481345656642588,7.982924257254126,4.160664417280714,5.336349498329582
2026-05-12 16:45:25.846,21.89595276456896,11.443493853391828,5.480871812987971,7.981976569944891,4.160822365165586,5.338481794775362
2026-05-12 16:45:26.875,21.89595276456896,11.427709099905314,5.481898474239642,7.982924257254126,4.162717739784057,5.340140247566524
2026-05-12 16:45:27.903,21.88865723074059,11.441126140368851,5.480713865103098,7.9822134917722,4.16074339122315,5.341403830645504
2026-05-12 16:45:28.931,21.88865723074059,11.4395476650202,5.4816615524123335,7.983713996678489,4.16074339122315,5.342825361609357
2026-05-12 16:45:29.958,21.88865723074059,11.440336902694526,5.4816615524123335,7.983240153023871,4.162559791899184,5.344325866515646
2026-05-12 16:45:30.985,21.88865723074059,11.430866050602617,5.481345656642588,7.984029892448234,4.16074339122315,5.345905345364372
2026-05-12 16:45:32.012,21.88865723074059,11.444283091066154,5.481345656642588,7.982766309369254,4.16074339122315,5.347563798155534
2026-05-12 16:45:33.062,21.88865723074059,11.437179951997223,5.481187708757716,7.9838719445633615,4.162559791899184,5.349538146716441
2026-05-12 16:45:34.087,21.88865723074059,11.436390714322897,5.4816615524123335,7.982292465714636,4.161849026417258,5.350959677680294
2026-05-12 16:45:35.113,21.88865723074059,11.430866050602617,5.481977448182079,7.983240153023871,4.160980313050459,5.352934026241201
2026-05-12 16:45:36.139,21.88865723074059,11.435601476648571,5.481266682700152,7.9822134917722,4.161138260935331,5.355145296629416
2026-05-12 16:45:37.165,21.88865723074059,11.437179951997223,5.4816615524123335,7.984187840333107,4.160506469395841,5.35569811422647
2026-05-12 16:45:38.194,21.88865723074059,11.452175467809411,5.481503604527461,7.98284528331169,4.160664417280714,5.358620150096613
2026-05-12 16:45:39.218,21.89595276456896,11.451386230135085,5.48174052635477,7.9822134917722,4.161849026417258,5.358936045866358
2026-05-12 16:45:40.246,21.88865723074059,11.427709099905314,5.482925135491314,7.983161179081435,4.160427495453405,5.359567837405848
2026-05-12 16:45:41.277,21.88865723074059,11.454543180832388,5.4816615524123335,7.983792970620925,4.1609013391080225,5.3618580817365
2026-05-12 16:45:42.304,21.881361696912336,11.444283091066154,5.481582578469897,7.9833191269663075,4.1609013391080225,5.365017039433951
2026-05-12 16:45:43.331,21.88865723074059,11.456910893855365,5.481424630585025,7.98347707485118,4.160427495453405,5.364938065491515
2026-05-12 16:45:44.358,21.88865723074059,11.455332418506714,5.4816615524123335,7.983161179081435,4.162243896129439,5.366122674628059
2026-05-12 16:45:45.388,21.88865723074059,11.423762911533686,5.483241031261059,7.983082205138999,4.16074339122315,5.367623179534348
2026-05-12 16:45:46.414,21.88865723074059,11.432444525951269,5.483320005203495,7.982687335426817,4.161138260935331,5.369913423865
2026-05-12 16:45:47.443,21.88865723074059,11.462435557575645,5.482135396066951,7.983792970620925,4.161533130647513,5.371887772425907
2026-05-12 16:45:48.469,21.88865723074059,11.45059699246076,5.483872822800549,7.983161179081435,4.160585443338277,5.372282642138089
2026-05-12 16:45:49.495,21.88865723074059,11.456910893855365,5.483241031261059,7.982766309369254,4.160822365165586,5.3744939125263045
2026-05-12 16:45:50.544,21.88865723074059,11.43402300129992,5.482767187606441,7.98347707485118,4.16074339122315,5.375204678008231
2026-05-12 16:45:51.572,21.881361696912336,11.429287575253966,5.482688213664005,7.982924257254126,4.160585443338277,5.377179026569138
2026-05-12 16:45:52.600,21.88865723074059,11.451386230135085,5.482135396066951,7.9838719445633615,4.162717739784057,5.379390296957354
2026-05-12 16:45:53.627,21.88865723074059,11.45059699246076,5.482293343951824,7.982766309369254,4.160348521510969,5.380495932151462
2026-05-12 16:45:54.653,21.88865723074059,11.441915378043177,5.483320005203495,7.982924257254126,4.161059286992895,5.382075411000187
2026-05-12 16:45:55.680,21.881361696912336,11.444283091066154,5.482609239721569,7.982924257254126,4.163665427093292,5.383575915906476
2026-05-12 16:45:56.711,21.88865723074059,11.426130624556663,5.482451291836696,7.982687335426817,4.16137518276264,5.384760525043021
2026-05-12 16:45:57.739,21.88865723074059,11.441915378043177,5.4836359009732405,7.983713996678489,4.160822365165586,5.3868928214888
2026-05-12 16:45:58.765,21.88865723074059,11.452964705483737,5.4822143700093875,7.983792970620925,4.1609013391080225,5.388788196107271
2026-05-12 16:45:59.792,21.881361696912336,11.430076812928291,5.483951796742986,7.983003231196562,4.162638765841621,5.39028870101356
2026-05-12 16:46:00.819,21.88865723074059,11.435601476648571,5.482767187606441,7.983082205138999,4.160348521510969,5.393131762941266
2026-05-12 16:46:01.844,21.881361696912336,11.445861566414806,5.483320005203495,7.982924257254126,4.161138260935331,5.392894841113957
2026-05-12 16:46:02.868,21.88865723074059,11.426130624556663,5.483241031261059,7.983792970620925,4.161138260935331,5.394237398135374
2026-05-12 16:46:03.895,21.88865723074059,11.452175467809411,5.483241031261059,7.982608361484381,4.160664417280714,5.397317381890389
2026-05-12 16:46:04.921,21.881361696912336,11.42849833757964,5.484899484052221,7.982134517829763,4.163270557381111,5.397554303717698
2026-05-12 16:46:05.947,21.88865723074059,11.441915378043177,5.4845046143400396,7.98284528331169,4.1609013391080225,5.399686600163477
2026-05-12 16:46:07.028,21.881361696912336,11.441126140368851,5.483793848858113,7.981818622060018,4.162401844014312,5.400871209300021
2026-05-12 16:46:08.059,21.881361696912336,11.432444525951269,5.484425640397603,7.983082205138999,4.163586453150856,5.403003505745801
2026-05-12 16:46:09.085,21.881361696912336,11.440336902694526,5.483793848858113,7.983003231196562,4.161928000359694,5.4038722191126
2026-05-12 16:46:10.112,21.88865723074059,11.42849833757964,5.484662562224912,7.983792970620925,4.161612104589949,5.405530671903762
2026-05-12 16:46:11.139,21.881361696912336,11.446650804089131,5.484030770685422,7.983713996678489,4.161770052474822,5.40726809863736
2026-05-12 16:46:12.166,21.881361696912336,11.438758427345874,5.484109744627858,7.983003231196562,4.161691078532385,5.408215785946595
2026-05-12 16:46:13.196,21.881361696912336,11.460067844552668,5.4845046143400396,7.982529387541945,4.160980313050459,5.409795264795321
2026-05-12 16:46:14.224,21.88865723074059,11.429287575253966,5.484425640397603,7.982292465714636,4.161770052474822,5.411216795759174
2026-05-12 16:46:15.253,21.881361696912336,11.433233763625594,5.484978457994657,7.983082205138999,4.161770052474822,5.413743961917135
2026-05-12 16:46:16.284,21.88865723074059,11.436390714322897,5.484346666455167,7.982608361484381,4.161770052474822,5.415402414708296
2026-05-12 16:46:17.310,21.88865723074059,11.441915378043177,5.484662562224912,7.983240153023871,4.160664417280714,5.416744971729713
2026-05-12 16:46:18.338,21.881361696912336,11.443493853391828,5.484583588282476,7.982608361484381,4.161612104589949,5.417850606923821
2026-05-12 16:46:19.373,21.881361696912336,11.4395476650202,5.484583588282476,7.983556048793616,4.163823374978165,5.41935111183011
2026-05-12 16:46:20.400,21.881361696912336,11.441915378043177,5.484267692512731,7.983003231196562,4.163270557381111,5.420930590678836
2026-05-12 16:46:21.429,21.874066163083967,11.418238247813406,5.485689223476584,7.982608361484381,4.1609013391080225,5.422904939239743
2026-05-12 16:46:22.455,21.881361696912336,11.441126140368851,5.485847171361456,7.98347707485118,4.163270557381111,5.4256690272250125
2026-05-12 16:46:23.481,21.881361696912336,11.418238247813406,5.485215379821966,7.9838719445633615,4.160980313050459,5.426379792706939
2026-05-12 16:46:24.509,21.881361696912336,11.44507232874048,5.484978457994657,7.983240153023871,4.160822365165586,5.42677466241912
2026-05-12 16:46:25.535,21.88865723074059,11.449018517112108,5.484741536167348,7.982055543887327,4.160980313050459,5.4285120891527185
2026-05-12 16:46:26.563,21.881361696912336,11.448229279437783,5.486084093188765,7.982924257254126,4.161138260935331,5.432065916562351
2026-05-12 16:46:27.591,21.881361696912336,11.437179951997223,5.485373327706839,7.982292465714636,4.160980313050459,5.431986942619915
2026-05-12 16:46:28.618,21.874066163083967,11.438758427345874,5.4850574319370935,7.984187840333107,4.163112609496238,5.434435134835439
2026-05-12 16:46:29.644,21.881361696912336,11.422184436185034,5.485531275591711,7.983398100908744,4.16200697430213,5.434435134835439
2026-05-12 16:46:30.693,21.881361696912336,11.44507232874048,5.485610249534147,7.984029892448234,4.161296208820204,5.4370412749358366
2026-05-12 16:46:31.720,21.881361696912336,11.436390714322897,5.4850574319370935,7.982766309369254,4.161612104589949,5.439805362921106
2026-05-12 16:46:32.747,21.874066163083967,11.464014032924297,5.486321015016074,7.9833191269663075,4.16074339122315,5.440042284748415
2026-05-12 16:46:33.776,21.88865723074059,11.423762911533686,5.485531275591711,7.983398100908744,4.162717739784057,5.441305867827396
2026-05-12 16:46:34.802,21.881361696912336,11.44507232874048,5.486794858670692,7.983556048793616,4.161138260935331,5.443201242445866
2026-05-12 16:46:35.828,21.881361696912336,11.460067844552668,5.486242041073638,7.983003231196562,4.162164922187003,5.444306877639974
2026-05-12 16:46:36.853,21.881361696912336,11.440336902694526,5.486005119246329,7.982687335426817,4.161770052474822,5.4458863564887
2026-05-12 16:46:37.881,21.881361696912336,11.415870534790429,5.487189728382873,7.982292465714636,4.161770052474822,5.447228913510116
2026-05-12 16:46:38.906,21.881361696912336,11.4395476650202,5.486557936843383,7.983792970620925,4.160506469395841,5.448492496589097
2026-05-12 16:46:39.933,21.874066163083967,11.426130624556663,5.486715884728255,7.983556048793616,4.161138260935331,5.450703766977313
2026-05-12 16:46:40.959,21.881361696912336,11.432444525951269,5.486005119246329,7.982766309369254,4.163349531323547,5.452599141595783
2026-05-12 16:46:41.985,21.881361696912336,11.445861566414806,5.4873476762677456,7.9824504135995085,4.161059286992895,5.455995021120543
2026-05-12 16:46:43.010,21.881361696912336,11.436390714322897,5.486084093188765,7.983240153023871,4.160585443338277,5.455916047178107
2026-05-12 16:46:44.039,21.881361696912336,11.455332418506714,5.48639998895851,7.982608361484381,4.163665427093292,5.458206291508759
2026-05-12 16:46:45.066,21.874066163083967,11.463224795249971,5.48639998895851,7.982687335426817,4.160822365165586,5.4580483436238865
2026-05-12 16:46:46.093,21.881361696912336,11.4395476650202,5.487663572037491,7.9822134917722,4.160585443338277,5.4594698745877395
2026-05-12 16:46:47.119,21.881361696912336,11.464803270598622,5.487742545979927,7.98284528331169,4.161533130647513,5.461128327378901
2026-05-12 16:46:48.158,21.88865723074059,11.441126140368851,5.486952806555564,7.983792970620925,4.163981322863037,5.462944728054936
2026-05-12 16:46:49.187,21.881361696912336,11.460067844552668,5.487821519922363,7.982687335426817,4.161533130647513,5.464287285076352
2026-05-12 16:46:50.212,21.881361696912336,11.447440041763457,5.488058441749672,7.983003231196562,4.162559791899184,5.466498555464568
2026-05-12 16:46:51.239,21.881361696912336,11.435601476648571,5.487426650210182,7.983240153023871,4.162559791899184,5.46752521671624
2026-05-12 16:46:52.266,21.881361696912336,11.423762911533686,5.487189728382873,7.982371439657072,4.161928000359694,5.470131356816637
2026-05-12 16:46:53.293,21.881361696912336,11.444283091066154,5.487189728382873,7.982134517829763,4.162796713726493,5.470210330759073
2026-05-12 16:46:54.334,21.874066163083967,11.4395476650202,5.487268702325309,7.98347707485118,4.162243896129439,5.472026731435108
2026-05-12 16:46:55.361,21.88865723074059,11.451386230135085,5.487110754440437,7.9824504135995085,4.161533130647513,5.475343637017431
2026-05-12 16:46:56.387,21.881361696912336,11.44507232874048,5.4884533114618534,7.981976569944891,4.160664417280714,5.475738506729613
2026-05-12 16:46:57.414,21.881361696912336,11.435601476648571,5.488769207231599,7.982371439657072,4.16200697430213,5.476923115866157
2026-05-12 16:46:58.440,21.881361696912336,11.433233763625594,5.487979467807236,7.9818975960024545,4.163112609496238,5.4793713080816815
2026-05-12 16:46:59.467,21.874066163083967,11.444283091066154,5.487742545979927,7.983713996678489,4.161928000359694,5.481819500297206
2026-05-12 16:47:00.492,21.881361696912336,11.460067844552668,5.488374337519417,7.9833191269663075,4.1623228700718755,5.481582578469897
2026-05-12 16:47:01.519,21.881361696912336,11.453753943158063,5.487742545979927,7.983556048793616,4.161138260935331,5.484662562224912
2026-05-12 16:47:02.552,21.874066163083967,11.444283091066154,5.488848181174035,7.984029892448234,4.162243896129439,5.486321015016074
2026-05-12 16:47:03.579,21.88865723074059,11.452964705483737,5.488295363576981,7.9833191269663075,4.161533130647513,5.487031780498
2026-05-12 16:47:04.606,21.874066163083967,11.45059699246076,5.487979467807236,7.983950918505798,4.161612104589949,5.488137415692108
2026-05-12 16:47:05.632,21.881361696912336,11.426130624556663,5.488927155116471,7.983556048793616,4.163191583438675,5.489400998771089
2026-05-12 16:47:06.658,21.881361696912336,11.448229279437783,5.488848181174035,7.983240153023871,4.160664417280714,5.491217399447123
2026-05-12 16:47:07.687,21.881361696912336,11.419816723162057,5.4879004938647995,7.982371439657072,4.162717739784057,5.493033800123158
2026-05-12 16:47:08.714,21.881361696912336,11.42849833757964,5.488374337519417,7.982924257254126,4.162638765841621,5.493981487432393
2026-05-12 16:47:09.740,21.881361696912336,11.436390714322897,5.489006129058907,7.983003231196562,4.161849026417258,5.496192757820609
2026-05-12 16:47:10.780,21.88865723074059,11.462435557575645,5.48853228540429,7.983556048793616,4.161612104589949,5.49721941907228
2026-05-12 16:47:11.842,21.881361696912336,11.443493853391828,5.489558946655961,7.982766309369254,4.163033635553802,5.500457350712168
2026-05-12 16:47:12.936,21.881361696912336,11.460857082226994,5.488295363576981,7.982371439657072,4.161691078532385,5.501326064078967
2026-05-12 16:47:13.970,21.881361696912336,11.440336902694526,5.48853228540429,7.983635022736053,4.160980313050459,5.501720933791148
2026-05-12 16:47:14.998,21.881361696912336,11.4395476650202,5.48916407694378,7.982371439657072,4.162164922187003,5.503616308409619
2026-05-12 16:47:16.027,21.881361696912336,11.433233763625594,5.488848181174035,7.983713996678489,4.160664417280714,5.505037839373472
2026-05-12 16:47:17.057,21.881361696912336,11.436390714322897,5.489243050886216,7.98347707485118,4.16074339122315,5.5069332139919425
2026-05-12 16:47:18.087,21.881361696912336,11.442704615717503,5.489085103001344,7.983556048793616,4.161849026417258,5.508433718898232
2026-05-12 16:47:19.118,21.881361696912336,11.448229279437783,5.490032790310579,7.982608361484381,4.161296208820204,5.510092171689394
2026-05-12 16:47:20.153,21.874066163083967,11.451386230135085,5.489479972713525,7.982766309369254,4.162638765841621,5.5134880512141535
2026-05-12 16:47:21.181,21.881361696912336,11.43402300129992,5.48916407694378,7.98284528331169,4.161691078532385,5.513014207559536
2026-05-12 16:47:22.212,21.881361696912336,11.441126140368851,5.489558946655961,7.9824504135995085,4.160427495453405,5.515067530062879
2026-05-12 16:47:23.243,21.881361696912336,11.4395476650202,5.489085103001344,7.983003231196562,4.160348521510969,5.516015217372114
2026-05-12 16:47:24.272,21.881361696912336,11.446650804089131,5.489637920598398,7.9822134917722,4.162480817956748,5.519490070839311
2026-05-12 16:47:25.303,21.874066163083967,11.430866050602617,5.490664581850069,7.9847406579301605,4.160506469395841,5.519569044781747
2026-05-12 16:47:26.327,21.881361696912336,11.4395476650202,5.4898748424257064,7.983713996678489,4.160585443338277,5.521938263054835
2026-05-12 16:47:27.353,21.881361696912336,11.444283091066154,5.489716894540834,7.9833191269663075,4.160506469395841,5.522412106709453
2026-05-12 16:47:28.384,21.881361696912336,11.424552149208012,5.489558946655961,7.983792970620925,4.160348521510969,5.524544403155232
2026-05-12 16:47:29.411,21.881361696912336,11.436390714322897,5.490032790310579,7.982292465714636,4.160348521510969,5.525965934119085
2026-05-12 16:47:30.440,21.874066163083967,11.447440041763457,5.489400998771089,7.9824504135995085,4.1614541567050765,5.529203865758973
2026-05-12 16:47:31.466,21.881361696912336,11.437969189671549,5.4898748424257064,7.982292465714636,4.162085948244567,5.530072579125772
2026-05-12 16:47:32.490,21.88865723074059,11.431655288276943,5.490506633965197,7.98284528331169,4.161928000359694,5.531020266435007
2026-05-12 16:47:33.518,21.881361696912336,11.443493853391828,5.490506633965197,7.984582710045288,4.160348521510969,5.531888979801806
2026-05-12 16:47:34.544,21.874066163083967,11.443493853391828,5.490032790310579,7.9838719445633615,4.161059286992895,5.5333894847080956
2026-05-12 16:47:35.571,21.88865723074059,11.441915378043177,5.490980477619814,7.982529387541945,4.160664417280714,5.534968963556821
2026-05-12 16:47:36.598,21.881361696912336,11.442704615717503,5.490190738195452,7.982529387541945,4.161059286992895,5.536311520578238
2026-05-12 16:47:37.629,21.88865723074059,11.424552149208012,5.49042766002276,7.982608361484381,4.160427495453405,5.537890999426963
2026-05-12 16:47:38.657,21.881361696912336,11.423762911533686,5.490585607907633,7.98347707485118,4.160269547568532,5.540339191642488
2026-05-12 16:47:39.684,21.881361696912336,11.456910893855365,5.491059451562251,7.982292465714636,4.160190573626096,5.541760722606341
2026-05-12 16:47:40.713,21.881361696912336,11.452175467809411,5.490901503677378,7.983003231196562,4.163191583438675,5.543182253570194
2026-05-12 16:47:41.745,21.881361696912336,11.427709099905314,5.4912963733895594,7.983240153023871,4.16011159968366,5.543735071167248
2026-05-12 16:47:42.773,21.874066163083967,11.446650804089131,5.491138425504687,7.982766309369254,4.160348521510969,5.546341211267645
2026-05-12 16:47:43.843,21.881361696912336,11.437969189671549,5.491691243101741,7.982924257254126,4.160348521510969,5.547683768289062
2026-05-12 16:47:44.870,21.881361696912336,11.437179951997223,5.491612269159305,7.981107856578092,4.1614541567050765,5.54878940348317
2026-05-12 16:47:45.897,21.88865723074059,11.430076812928291,5.490901503677378,7.982687335426817,4.160664417280714,5.5515534914684395
2026-05-12 16:47:46.922,21.881361696912336,11.441915378043177,5.491612269159305,7.983082205138999,4.162954661611366,5.5524222048352385
2026-05-12 16:47:47.949,21.881361696912336,11.424552149208012,5.492480982526104,7.983240153023871,4.161217234877768,5.554949370993199
2026-05-12 16:47:48.983,21.881361696912336,11.445861566414806,5.491375347331996,7.982371439657072,4.163428505265983,5.555502188590253
2026-05-12 16:47:50.013,21.881361696912336,11.438758427345874,5.491612269159305,7.983161179081435,4.160822365165586,5.5572396153238515
2026-05-12 16:47:51.040,21.881361696912336,11.437179951997223,5.492007138871486,7.982371439657072,4.161059286992895,5.55897704205745
2026-05-12 16:47:52.068,21.881361696912336,11.418238247813406,5.491849190986613,7.98347707485118,4.163033635553802,5.560477546963739
2026-05-12 16:47:53.096,21.881361696912336,11.42849833757964,5.492007138871486,7.9833191269663075,4.160822365165586,5.562609843409518
2026-05-12 16:47:54.122,21.881361696912336,11.440336902694526,5.492875852238285,7.982292465714636,4.160980313050459,5.563873426488499
2026-05-12 16:47:55.148,21.881361696912336,11.431655288276943,5.49255995646854,7.9824504135995085,4.161612104589949,5.565373931394788
2026-05-12 16:47:56.173,21.881361696912336,11.420605960836383,5.491691243101741,7.983240153023871,4.161296208820204,5.567585201783004
2026-05-12 16:47:57.203,21.881361696912336,11.432444525951269,5.492244060698795,7.983082205138999,4.161296208820204,5.569006732746857
2026-05-12 16:47:58.229,21.874066163083967,11.4395476650202,5.492086112813922,7.983556048793616,4.161533130647513,5.570112367940965
2026-05-12 16:47:59.257,21.874066163083967,11.431655288276943,5.4927179043534125,7.983635022736053,4.160348521510969,5.570981081307764
2026-05-12 16:48:00.285,21.874066163083967,11.436390714322897,5.493033800123158,7.983950918505798,4.161612104589949,5.571770820732127
2026-05-12 16:48:01.311,21.881361696912336,11.432444525951269,5.492086112813922,7.983082205138999,4.162164922187003,5.574692856602269
2026-05-12 16:48:02.339,21.881361696912336,11.432444525951269,5.492244060698795,7.983792970620925,4.160506469395841,5.575324648141759
2026-05-12 16:48:03.368,21.881361696912336,11.429287575253966,5.491770217044177,7.98347707485118,4.161296208820204,5.576746179105612
2026-05-12 16:48:04.395,21.881361696912336,11.453753943158063,5.4935866177202115,7.981739648117582,4.161296208820204,5.580300006515245
2026-05-12 16:48:05.421,21.881361696912336,11.4395476650202,5.492638930410976,7.982371439657072,4.1614541567050765,5.58124769382448
2026-05-12 16:48:06.451,21.88865723074059,11.426130624556663,5.492954826180721,7.983003231196562,4.160506469395841,5.583853833924877
2026-05-12 16:48:07.478,21.881361696912336,11.41744901013908,5.493507643777775,7.983082205138999,4.160427495453405,5.583222042385387
2026-05-12 16:48:08.509,21.881361696912336,11.455332418506714,5.4935866177202115,7.983161179081435,4.160980313050459,5.586459974025274
2026-05-12 16:48:09.536,21.881361696912336,11.436390714322897,5.492875852238285,7.982766309369254,4.160269547568532,5.5865389479677106
2026-05-12 16:48:10.563,21.881361696912336,11.433233763625594,5.492796878295849,7.982292465714636,4.1600326257412235,5.588987140183235
2026-05-12 16:48:11.593,21.88865723074059,11.436390714322897,5.492875852238285,7.983713996678489,4.161138260935331,5.590250723262216
2026-05-12 16:48:12.618,21.881361696912336,11.449018517112108,5.493981487432393,7.98284528331169,4.160585443338277,5.590724566916833
2026-05-12 16:48:13.644,21.881361696912336,11.425341386882337,5.494060461374829,7.983398100908744,4.162164922187003,5.592856863362613
2026-05-12 16:48:14.671,21.88865723074059,11.423762911533686,5.49382353954752,7.982371439657072,4.161612104589949,5.595068133750829
2026-05-12 16:48:15.696,21.881361696912336,11.437969189671549,5.492875852238285,7.983003231196562,4.16011159968366,5.595778899232755
2026-05-12 16:48:16.724,21.88865723074059,11.414292059441777,5.493744565605084,7.983635022736053,4.161217234877768,5.598148117505843
2026-05-12 16:48:17.797,21.881361696912336,11.425341386882337,5.493349695892903,7.983082205138999,4.161296208820204,5.598779909045334
2026-05-12 16:48:18.828,21.88865723074059,11.437179951997223,5.49319174800803,7.983635022736053,4.16074339122315,5.600596309721368
2026-05-12 16:48:19.853,21.881361696912336,11.433233763625594,5.493270721950466,7.982924257254126,4.16011159968366,5.603597319533947
2026-05-12 16:48:20.880,21.88865723074059,11.431655288276943,5.493981487432393,7.983082205138999,4.1600326257412235,5.6032814237642015
2026-05-12 16:48:21.905,21.881361696912336,11.433233763625594,5.494692252914319,7.982529387541945,4.163033635553802,5.605334746267545
2026-05-12 16:48:22.929,21.88865723074059,11.437969189671549,5.493270721950466,7.981818622060018,4.160822365165586,5.606598329346525
2026-05-12 16:48:23.978,21.88865723074059,11.430866050602617,5.493744565605084,7.984819631872597,4.1600326257412235,5.6075460166557605
2026-05-12 16:48:25.008,21.88865723074059,11.455332418506714,5.4950081486840645,7.982134517829763,4.161296208820204,5.610547026468339
2026-05-12 16:48:26.034,21.881361696912336,11.416659772464754,5.4941394353172655,7.982292465714636,4.1628756876689295,5.612837270798991
2026-05-12 16:48:27.060,21.881361696912336,11.437179951997223,5.4941394353172655,7.9818975960024545,4.160980313050459,5.614495723590153
2026-05-12 16:48:28.087,21.88865723074059,11.449018517112108,5.494376357144574,7.983950918505798,4.162480817956748,5.614021879935535
2026-05-12 16:48:29.113,21.88865723074059,11.434812238974246,5.494376357144574,7.983713996678489,4.161217234877768,5.615996228496442
2026-05-12 16:48:30.142,21.88865723074059,11.435601476648571,5.494376357144574,7.983003231196562,4.16137518276264,5.6183654467695305
2026-05-12 16:48:31.169,21.88865723074059,11.437969189671549,5.494613278971883,7.982766309369254,4.160980313050459,5.618997238309021
2026-05-12 16:48:32.200,21.88865723074059,11.420605960836383,5.494929174741628,7.981502726290273,4.160348521510969,5.6226300396610895
2026-05-12 16:48:33.231,21.88865723074059,11.4395476650202,5.494455331087011,7.983792970620925,4.1600326257412235,5.6240515706249425
2026-05-12 16:48:34.257,21.88865723074059,11.447440041763457,5.494455331087011,7.983161179081435,4.162085948244567,5.624446440337124
2026-05-12 16:48:35.296,21.88865723074059,11.420605960836383,5.49532404445381,7.9838719445633615,4.161217234877768,5.625710023416104
2026-05-12 16:48:36.323,21.88865723074059,11.453753943158063,5.494771226856756,7.983635022736053,4.161138260935331,5.628158215631629
2026-05-12 16:48:37.353,21.88865723074059,11.42297367385936,5.4950081486840645,7.983161179081435,4.161138260935331,5.62855308534381
2026-05-12 16:48:38.380,21.881361696912336,11.437969189671549,5.495245070511373,7.9833191269663075,4.160427495453405,5.630211538134972
2026-05-12 16:48:39.407,21.88865723074059,11.426130624556663,5.49532404445381,7.982371439657072,4.160585443338277,5.632185886695879
2026-05-12 16:48:40.436,21.88865723074059,11.441126140368851,5.494771226856756,7.983713996678489,4.161138260935331,5.634318183141659
2026-05-12 16:48:41.470,21.881361696912336,11.43402300129992,5.495481992338682,7.981976569944891,4.16074339122315,5.634792026796276
2026-05-12 16:48:42.498,21.881361696912336,11.462435557575645,5.495481992338682,7.983161179081435,4.16011159968366,5.635818688047948
2026-05-12 16:48:43.526,21.88865723074059,11.441126140368851,5.496192757820609,7.98284528331169,4.160664417280714,5.639451489400017
2026-05-12 16:48:44.557,21.881361696912336,11.431655288276943,5.4959558359933,7.981581700232709,4.162243896129439,5.641346864018487
2026-05-12 16:48:45.585,21.88865723074059,11.437179951997223,5.496271731763045,7.982608361484381,4.161533130647513,5.641899681615541
2026-05-12 16:48:46.612,21.881361696912336,11.436390714322897,5.496034809935736,7.982292465714636,4.16137518276264,5.642452499212595
2026-05-12 16:48:47.641,21.88865723074059,11.440336902694526,5.495876862050864,7.982292465714636,4.163033635553802,5.646085300564664
2026-05-12 16:48:48.667,21.881361696912336,11.4395476650202,5.496271731763045,7.9822134917722,4.162085948244567,5.646243248449537
2026-05-12 16:48:49.692,21.881361696912336,11.449807754786434,5.4964296796479175,7.983240153023871,4.161691078532385,5.648059649125571
2026-05-12 16:48:50.719,21.88865723074059,11.455332418506714,5.4959558359933,7.983240153023871,4.1609013391080225,5.648533492780189
2026-05-12 16:48:51.746,21.88865723074059,11.431655288276943,5.496824549360099,7.98410886639067,4.16137518276264,5.6501919455713505
2026-05-12 16:48:52.773,21.88865723074059,11.433233763625594,5.496034809935736,7.981739648117582,4.160506469395841,5.653666799038547
2026-05-12 16:48:53.800,21.881361696912336,11.440336902694526,5.496903523302535,7.981818622060018,4.161059286992895,5.653271929326365
2026-05-12 16:48:54.831,21.881361696912336,11.432444525951269,5.4964296796479175,7.982529387541945,4.160427495453405,5.655325251829709
2026-05-12 16:48:55.858,21.88865723074059,11.430076812928291,5.495797888108427,7.982766309369254,4.160585443338277,5.657062678563307
2026-05-12 16:48:56.885,21.881361696912336,11.434812238974246,5.496824549360099,7.982924257254126,4.162717739784057,5.65974779260614
2026-05-12 16:48:57.912,21.88865723074059,11.45612165618104,5.496113783878172,7.983161179081435,4.161296208820204,5.660537532030503
2026-05-12 16:48:58.937,21.88865723074059,11.429287575253966,5.4964296796479175,7.983003231196562,4.16137518276264,5.661801115109483
2026-05-12 16:48:59.965,21.88865723074059,11.445861566414806,5.497140445129844,7.981818622060018,4.162796713726493,5.664328281267444
2026-05-12 16:49:00.992,21.88865723074059,11.4395476650202,5.496350705705481,7.983003231196562,4.163270557381111,5.664328281267444
2026-05-12 16:49:02.021,21.88865723074059,11.459278606878343,5.497377366957153,7.98347707485118,4.160427495453405,5.6663816037707875
2026-05-12 16:49:03.047,21.881361696912336,11.456910893855365,5.4969824972449715,7.982134517829763,4.161217234877768,5.668355952331694
2026-05-12 16:49:04.077,21.88865723074059,11.426130624556663,5.4969824972449715,7.982292465714636,4.16137518276264,5.6700933790652925
2026-05-12 16:49:05.103,21.881361696912336,11.43402300129992,5.498088132439079,7.982687335426817,4.160664417280714,5.671435936086709
2026-05-12 16:49:06.129,21.88865723074059,11.454543180832388,5.497614288784462,7.9824504135995085,4.161770052474822,5.672146701568636
2026-05-12 16:49:07.153,21.88865723074059,11.436390714322897,5.497377366957153,7.983635022736053,4.160269547568532,5.674278998014415
2026-05-12 16:49:08.183,21.88865723074059,11.453753943158063,5.497298393014717,7.98284528331169,4.160427495453405,5.676016424748013
2026-05-12 16:49:09.213,21.88865723074059,11.430866050602617,5.497377366957153,7.983240153023871,4.160427495453405,5.677516929654303
2026-05-12 16:49:10.250,21.881361696912336,11.434812238974246,5.497377366957153,7.983240153023871,4.161217234877768,5.679807173984955
2026-05-12 16:49:11.279,21.88865723074059,11.423762911533686,5.498088132439079,7.9824504135995085,4.160585443338277,5.680517939466881
2026-05-12 16:49:12.306,21.88865723074059,11.427709099905314,5.497298393014717,7.983792970620925,4.160190573626096,5.681939470430734
2026-05-12 16:49:13.333,21.881361696912336,11.445861566414806,5.497061471187408,7.9818975960024545,4.161612104589949,5.683203053509715
2026-05-12 16:49:14.361,21.88865723074059,11.438758427345874,5.497693262726898,7.982766309369254,4.162164922187003,5.6843086887038226
2026-05-12 16:49:15.386,21.88865723074059,11.437179951997223,5.497930184554207,7.983398100908744,4.163428505265983,5.6882573858256364
2026-05-12 16:49:16.413,21.88865723074059,11.433233763625594,5.497456340899589,7.981344778405401,4.16200697430213,5.687625594286146
2026-05-12 16:49:17.441,21.88865723074059,11.424552149208012,5.4978512106117705,7.981976569944891,4.160269547568532,5.689284047077308
2026-05-12 16:49:18.471,21.88865723074059,11.420605960836383,5.498640950036133,7.983635022736053,4.160348521510969,5.6905476301562885
2026-05-12 16:49:19.501,21.881361696912336,11.432444525951269,5.498088132439079,7.983003231196562,4.162164922187003,5.692916848429377
2026-05-12 16:49:20.527,21.881361696912336,11.433233763625594,5.4984040282088245,7.983713996678489,4.161217234877768,5.694180431508357
2026-05-12 16:49:21.554,21.88865723074059,11.441915378043177,5.497456340899589,7.983398100908744,4.161928000359694,5.695522988529774
2026-05-12 16:49:22.608,21.88865723074059,11.464014032924297,5.498483002151261,7.983003231196562,4.162638765841621,5.697260415263372
2026-05-12 16:49:23.636,21.88865723074059,11.457700131529691,5.498167106381516,7.983003231196562,4.160506469395841,5.700024503248642
2026-05-12 16:49:24.664,21.88865723074059,11.43402300129992,5.49871992397857,7.982687335426817,4.161059286992895,5.699866555363769
2026-05-12 16:49:25.689,21.88865723074059,11.446650804089131,5.498246080323952,7.982292465714636,4.161059286992895,5.7038942264280195
2026-05-12 16:49:26.715,21.89595276456896,11.424552149208012,5.499035819748315,7.983003231196562,4.160664417280714,5.703578330658274
2026-05-12 16:49:27.743,21.88865723074059,11.434812238974246,5.498798897921006,7.983082205138999,4.160980313050459,5.706500366528417
2026-05-12 16:49:28.770,21.88865723074059,11.446650804089131,5.499035819748315,7.982292465714636,4.162085948244567,5.70642139258598
2026-05-12 16:49:29.799,21.88865723074059,11.442704615717503,5.498561976093697,7.9822134917722,4.161770052474822,5.708000871434706
2026-05-12 16:49:30.830,21.88865723074059,11.446650804089131,5.498640950036133,7.983082205138999,4.160269547568532,5.7104490636502305
2026-05-12 16:49:31.859,21.88865723074059,11.463224795249971,5.499509663402932,7.9833191269663075,4.160585443338277,5.7118705946140835
2026-05-12 16:49:32.888,21.881361696912336,11.4395476650202,5.498640950036133,7.982924257254126,4.161533130647513,5.713055203750628
2026-05-12 16:49:33.914,21.88865723074059,11.434812238974246,5.49871992397857,7.983635022736053,4.16074339122315,5.714476734714481
2026-05-12 16:49:34.941,21.88865723074059,11.448229279437783,5.49935171551806,7.982292465714636,4.161138260935331,5.716372109332951
2026-05-12 16:49:35.968,21.88865723074059,11.443493853391828,5.499430689460496,7.982924257254126,4.161296208820204,5.717477744527059
2026-05-12 16:49:36.995,21.88865723074059,11.458489369204017,5.500062480999986,7.982608361484381,4.160506469395841,5.719610040972839
2026-05-12 16:49:38.020,21.88865723074059,11.44507232874048,5.499588637345369,7.982766309369254,4.160980313050459,5.7221372071308
2026-05-12 16:49:39.048,21.88865723074059,11.442704615717503,5.500062480999986,7.983082205138999,4.162954661611366,5.721979259245927
2026-05-12 16:49:40.079,21.88865723074059,11.44507232874048,5.499588637345369,7.983082205138999,4.160506469395841,5.723479764152216
2026-05-12 16:49:41.109,21.88865723074059,11.446650804089131,5.499904533115114,7.982766309369254,4.161296208820204,5.725296164828251
2026-05-12 16:49:42.136,21.89595276456896,11.447440041763457,5.500852220424349,7.982766309369254,4.163349531323547,5.727191539446721
2026-05-12 16:49:43.163,21.881361696912336,11.443493853391828,5.500220428884859,7.984345788217979,4.160822365165586,5.729007940122756
2026-05-12 16:49:44.189,21.88865723074059,11.419816723162057,5.500062480999986,7.983003231196562,4.16074339122315,5.729718705604682
2026-05-12 16:49:45.238,21.88865723074059,11.430866050602617,5.500062480999986,7.98347707485118,4.16074339122315,5.731140236568535
2026-05-12 16:49:46.266,21.881361696912336,11.463224795249971,5.500299402827295,7.982371439657072,4.162243896129439,5.733035611187006
2026-05-12 16:49:47.293,21.88865723074059,11.435601476648571,5.499430689460496,7.982055543887327,4.1614541567050765,5.734536116093295
2026-05-12 16:49:48.320,21.88865723074059,11.44507232874048,5.500299402827295,7.981976569944891,4.161533130647513,5.737931995618055
2026-05-12 16:49:49.348,21.88865723074059,11.44507232874048,5.500931194366785,7.9822134917722,4.160190573626096,5.737853021675619
2026-05-12 16:49:50.374,21.88865723074059,11.440336902694526,5.500062480999986,7.98284528331169,4.161612104589949,5.74038018783358
2026-05-12 16:49:51.401,21.88865723074059,11.464014032924297,5.500457350712168,7.982055543887327,4.163586453150856,5.740933005430634
2026-05-12 16:49:52.429,21.88865723074059,11.454543180832388,5.501010168309222,7.983082205138999,4.161770052474822,5.742196588509614
2026-05-12 16:49:53.458,21.88865723074059,11.434812238974246,5.500773246481913,7.983082205138999,4.160427495453405,5.7442499110129575
2026-05-12 16:49:54.487,21.88865723074059,11.437969189671549,5.501878881676021,7.982529387541945,4.1628756876689295,5.745750415919247
2026-05-12 16:49:55.514,21.89595276456896,11.441126140368851,5.500220428884859,7.981818622060018,4.160585443338277,5.747329894767972
2026-05-12 16:49:56.541,21.88865723074059,11.434812238974246,5.501089142251658,7.9833191269663075,4.161612104589949,5.749620139098624
2026-05-12 16:49:57.568,21.88865723074059,11.438758427345874,5.500773246481913,7.9810288826356555,4.161533130647513,5.75056782640786
2026-05-12 16:49:58.599,21.88865723074059,11.434812238974246,5.501010168309222,7.982055543887327,4.163270557381111,5.751673461601968
2026-05-12 16:49:59.628,21.88865723074059,11.427709099905314,5.501168116194094,7.983240153023871,4.162243896129439,5.753568836220438
2026-05-12 16:50:00.654,21.88865723074059,11.45612165618104,5.501484011963839,7.983003231196562,4.16137518276264,5.756174976320835
2026-05-12 16:50:01.684,21.88865723074059,11.434812238974246,5.502036829560893,7.9824504135995085,4.1614541567050765,5.756096002378399
2026-05-12 16:50:02.708,21.88865723074059,11.449807754786434,5.501562985906276,7.98347707485118,4.1614541567050765,5.757754455169561
2026-05-12 16:50:03.736,21.88865723074059,11.449018517112108,5.5006942725394765,7.982766309369254,4.163270557381111,5.758939064306105
2026-05-12 16:50:04.762,21.88865723074059,11.432444525951269,5.502352725330638,7.982924257254126,4.16200697430213,5.761150334694321
2026-05-12 16:50:05.788,21.88865723074059,11.423762911533686,5.501326064078967,7.983240153023871,4.161217234877768,5.7627298135430465
2026-05-12 16:50:06.814,21.88865723074059,11.442704615717503,5.502194777445766,7.983556048793616,4.164060296805474,5.7650200578736985
2026-05-12 16:50:07.842,21.88865723074059,11.441126140368851,5.502036829560893,7.98284528331169,4.163665427093292,5.765888771240498
2026-05-12 16:50:08.871,21.88865723074059,11.436390714322897,5.501484011963839,7.982924257254126,4.161217234877768,5.766836458549733
2026-05-12 16:50:09.901,21.88865723074059,11.44507232874048,5.5012470901365305,7.982766309369254,4.160980313050459,5.7698374683623115
2026-05-12 16:50:10.932,21.88865723074059,11.433233763625594,5.502431699273075,7.983950918505798,4.1628756876689295,5.7707061817291105
2026-05-12 16:50:11.959,21.881361696912336,11.435601476648571,5.502194777445766,7.982766309369254,4.163112609496238,5.773391295771944
2026-05-12 16:50:12.990,21.88865723074059,11.44507232874048,5.502194777445766,7.983950918505798,4.162559791899184,5.773233347887071
2026-05-12 16:50:14.030,21.88865723074059,11.452964705483737,5.502589647157947,7.983161179081435,4.160822365165586,5.775760514045032
2026-05-12 16:50:15.074,21.88865723074059,11.4395476650202,5.502984516870129,7.983240153023871,4.162717739784057,5.776313331642086
2026-05-12 16:50:16.104,21.881361696912336,11.437969189671549,5.5021158035033295,7.9824504135995085,4.161138260935331,5.778840497800047
2026-05-12 16:50:17.135,21.88865723074059,11.435601476648571,5.502510673215511,7.983003231196562,4.160664417280714,5.780104080879028
2026-05-12 16:50:18.164,21.88865723074059,11.453753943158063,5.503221438697437,7.982371439657072,4.16137518276264,5.781367663958008
2026-05-12 16:50:19.195,21.88865723074059,11.440336902694526,5.50274759504282,7.98284528331169,4.161691078532385,5.78239432520968
2026-05-12 16:50:20.224,21.88865723074059,11.438758427345874,5.502273751388202,7.982134517829763,4.161217234877768,5.7846055955978954
2026-05-12 16:50:21.258,21.89595276456896,11.44507232874048,5.503221438697437,7.9818975960024545,4.16074339122315,5.786816865986111
2026-05-12 16:50:22.297,21.88865723074059,11.443493853391828,5.502826568985256,7.982608361484381,4.160822365165586,5.787606605410474
2026-05-12 16:50:23.327,21.88865723074059,11.441126140368851,5.503695282352055,7.982134517829763,4.16350747920842,5.789423006086508
2026-05-12 16:50:24.356,21.89595276456896,11.430866050602617,5.5035373344671825,7.9838719445633615,4.161533130647513,5.79044966733818
2026-05-12 16:50:25.385,21.88865723074059,11.434812238974246,5.502589647157947,7.982529387541945,4.162796713726493,5.793371703208322
2026-05-12 16:50:26.413,21.88865723074059,11.443493853391828,5.502826568985256,7.982766309369254,4.160980313050459,5.793608625035631
2026-05-12 16:50:27.463,21.89595276456896,11.441126140368851,5.503221438697437,7.982292465714636,4.162559791899184,5.796451686963337
2026-05-12 16:50:28.490,21.88865723074059,11.436390714322897,5.50274759504282,7.9822134917722,4.163981322863037,5.798347061581808
2026-05-12 16:50:29.525,21.88865723074059,11.437179951997223,5.502905542927692,7.98347707485118,4.162243896129439,5.798978853121298
2026-05-12 16:50:30.551,21.88865723074059,11.421395198510709,5.503300412639874,7.981976569944891,4.161691078532385,5.799610644660788
2026-05-12 16:50:31.577,21.88865723074059,11.427709099905314,5.503458360524746,7.982055543887327,4.161533130647513,5.80340139389773
2026-05-12 16:50:32.605,21.88865723074059,11.437179951997223,5.503142464755001,7.983635022736053,4.160980313050459,5.803559341782602
2026-05-12 16:50:33.634,21.89595276456896,11.440336902694526,5.503063490812565,7.982766309369254,4.160585443338277,5.80466497697671
2026-05-12 16:50:34.661,21.88865723074059,11.452175467809411,5.502905542927692,7.983635022736053,4.162954661611366,5.80742906496198
2026-05-12 16:50:35.688,21.89595276456896,11.447440041763457,5.503142464755001,7.984266814275543,4.1628756876689295,5.808376752271215
2026-05-12 16:50:36.716,21.89595276456896,11.449807754786434,5.502984516870129,7.982766309369254,4.161928000359694,5.809719309292632
2026-05-12 16:50:37.745,21.88865723074059,11.443493853391828,5.504248099949109,7.982134517829763,4.161296208820204,5.812246475450593
2026-05-12 16:50:38.781,21.88865723074059,11.421395198510709,5.503616308409619,7.982055543887327,4.161770052474822,5.813431084587137
2026-05-12 16:50:39.808,21.89595276456896,11.434812238974246,5.5035373344671825,7.982608361484381,4.1614541567050765,5.815247485263171
2026-05-12 16:50:40.838,21.88865723074059,11.452964705483737,5.503695282352055,7.9847406579301605,4.1614541567050765,5.81611619862997
2026-05-12 16:50:41.865,21.88865723074059,11.4395476650202,5.5035373344671825,7.983240153023871,4.163112609496238,5.81761670353626
2026-05-12 16:50:42.890,21.881361696912336,11.431655288276943,5.505353735143217,7.982687335426817,4.161928000359694,5.818327469018186
2026-05-12 16:50:43.918,21.88865723074059,11.438758427345874,5.50337938658231,7.98410886639067,4.163823374978165,5.8215654006580735
2026-05-12 16:50:44.943,21.89595276456896,11.423762911533686,5.503774256294491,7.983240153023871,4.162559791899184,5.823065905564363
2026-05-12 16:50:45.971,21.89595276456896,11.452175467809411,5.5035373344671825,7.981581700232709,4.1614541567050765,5.8229869316219265
2026-05-12 16:50:46.999,21.89595276456896,11.44507232874048,5.503853230236928,7.981818622060018,4.161217234877768,5.8252771759525785
2026-05-12 16:50:48.027,21.88865723074059,11.469538696644577,5.5040901520642365,7.982608361484381,4.16074339122315,5.826540759031559
2026-05-12 16:50:49.057,21.89595276456896,11.462435557575645,5.504327073891545,7.983635022736053,4.1614541567050765,5.8286730554773385
2026-05-12 16:50:50.083,21.89595276456896,11.442704615717503,5.504563995718854,7.98347707485118,4.161533130647513,5.829857664613883
2026-05-12 16:50:51.113,21.89595276456896,11.4395476650202,5.503932204179364,7.981739648117582,4.161296208820204,5.833174570196206
2026-05-12 16:50:52.143,21.88865723074059,11.466381745947274,5.50464296966129,7.98410886639067,4.160427495453405,5.832305856829407
2026-05-12 16:50:53.172,21.89595276456896,11.442704615717503,5.504879891488599,7.983398100908744,4.161849026417258,5.834990970872241
2026-05-12 16:50:54.200,21.88865723074059,11.467960221295925,5.504248099949109,7.984345788217979,4.161691078532385,5.836254553951221
2026-05-12 16:50:55.227,21.88865723074059,11.456910893855365,5.505037839373472,7.982687335426817,4.163665427093292,5.837991980684819
2026-05-12 16:50:56.281,21.88865723074059,11.475063360364857,5.505116813315908,7.982134517829763,4.160506469395841,5.8405981207852165
2026-05-12 16:50:57.308,21.89595276456896,11.435601476648571,5.50464296966129,7.981739648117582,4.160822365165586,5.84115093838227
2026-05-12 16:50:58.336,21.89595276456896,11.438758427345874,5.504563995718854,7.983161179081435,4.161928000359694,5.8428883651158685
2026-05-12 16:50:59.364,21.89595276456896,11.4395476650202,5.505274761200781,7.982924257254126,4.160664417280714,5.843836052425104
2026-05-12 16:51:00.391,21.89595276456896,11.451386230135085,5.504879891488599,7.982766309369254,4.163112609496238,5.845257583388957
2026-05-12 16:51:01.416,21.88865723074059,11.458489369204017,5.505353735143217,7.982529387541945,4.161059286992895,5.847547827719609
2026-05-12 16:51:02.459,21.89595276456896,11.441915378043177,5.505195787258344,7.9833191269663075,4.161138260935331,5.849206280510771
2026-05-12 16:51:03.499,21.88865723074059,11.442704615717503,5.505037839373472,7.9822134917722,4.162638765841621,5.849838072050261
2026-05-12 16:51:04.529,21.88865723074059,11.434812238974246,5.504879891488599,7.984977579757469,4.16074339122315,5.852049342438477
2026-05-12 16:51:05.560,21.88865723074059,11.444283091066154,5.505669630912962,7.9824504135995085,4.163428505265983,5.852918055805276
2026-05-12 16:51:06.590,21.88865723074059,11.442704615717503,5.5049588654310355,7.982766309369254,4.160427495453405,5.855998039560291
2026-05-12 16:51:07.618,21.89595276456896,11.451386230135085,5.505985526682707,7.981660674175146,4.161612104589949,5.857735466293889
2026-05-12 16:51:08.646,21.88865723074059,11.451386230135085,5.50677526610707,7.982371439657072,4.161533130647513,5.857577518409016
2026-05-12 16:51:09.675,21.88865723074059,11.435601476648571,5.505669630912962,7.983161179081435,4.163823374978165,5.860025710624541
2026-05-12 16:51:10.704,21.89595276456896,11.452175467809411,5.506222448510016,7.982371439657072,4.161059286992895,5.8604995542791585
2026-05-12 16:51:11.734,21.88865723074059,11.437179951997223,5.50614347456758,7.982608361484381,4.161770052474822,5.863184668321992
2026-05-12 16:51:12.763,21.88865723074059,11.455332418506714,5.50614347456758,7.98347707485118,4.163112609496238,5.863500564091737
2026-05-12 16:51:13.827,21.88865723074059,11.469538696644577,5.506459370337325,7.983082205138999,4.161691078532385,5.866264652077007
2026-05-12 16:51:14.856,21.89595276456896,11.45059699246076,5.506696292164634,7.982529387541945,4.161059286992895,5.868002078810605
2026-05-12 16:51:15.883,21.88865723074059,11.440336902694526,5.505985526682707,7.982371439657072,4.1609013391080225,5.86831797458035
2026-05-12 16:51:16.909,21.89595276456896,11.466381745947274,5.5069332139919425,7.9824504135995085,4.161533130647513,5.870529244968566
2026-05-12 16:51:17.936,21.88865723074059,11.442704615717503,5.506064500625143,7.98347707485118,4.160822365165586,5.872187697759728
2026-05-12 16:51:18.965,21.89595276456896,11.440336902694526,5.50614347456758,7.98347707485118,4.160585443338277,5.873530254781144
2026-05-12 16:51:19.991,21.88865723074059,11.433233763625594,5.505906552740271,7.9833191269663075,4.161612104589949,5.875346655457179
2026-05-12 16:51:21.021,21.89595276456896,11.443493853391828,5.5063803963948885,7.9838719445633615,4.160822365165586,5.876531264593723
2026-05-12 16:51:22.052,21.88865723074059,11.464803270598622,5.506222448510016,7.983398100908744,4.162954661611366,5.877794847672703
2026-05-12 16:51:23.076,21.88865723074059,11.449807754786434,5.507249109761688,7.982529387541945,4.161691078532385,5.880322013830664
2026-05-12 16:51:24.101,21.89595276456896,11.465592508272948,5.506222448510016,7.984345788217979,4.161849026417258,5.881111753255027
2026-05-12 16:51:25.129,21.89595276456896,11.468749458970251,5.506459370337325,7.981660674175146,4.161770052474822,5.883007127873498
2026-05-12 16:51:26.159,21.89595276456896,11.465592508272948,5.506696292164634,7.983161179081435,4.161533130647513,5.8846655806646595
2026-05-12 16:51:27.189,21.88865723074059,11.458489369204017,5.507565005531433,7.982687335426817,4.1609013391080225,5.886324033455821
2026-05-12 16:51:28.216,21.88865723074059,11.443493853391828,5.507328083704124,7.982766309369254,4.160822365165586,5.887429668649929
2026-05-12 16:51:29.243,21.89595276456896,11.449018517112108,5.507091161876815,7.983398100908744,4.161296208820204,5.888772225671346
2026-05-12 16:51:30.270,21.88865723074059,11.4395476650202,5.507959875243614,7.983556048793616,4.160822365165586,5.890746574232253
2026-05-12 16:51:31.294,21.89595276456896,11.446650804089131,5.507959875243614,7.982766309369254,4.160585443338277,5.89208913125367
2026-05-12 16:51:32.322,21.89595276456896,11.445861566414806,5.508117823128487,7.9833191269663075,4.162085948244567,5.894221427699449
2026-05-12 16:51:33.350,21.88865723074059,11.44507232874048,5.5078019273587415,7.9822134917722,4.16137518276264,5.895327062893557
2026-05-12 16:51:34.375,21.89595276456896,11.4671709836216,5.509144484380158,7.983556048793616,4.161296208820204,5.897696281166645
2026-05-12 16:51:35.402,21.88865723074059,11.4671709836216,5.507880901301178,7.983082205138999,4.161217234877768,5.899038838188062
2026-05-12 16:51:36.427,21.88865723074059,11.44507232874048,5.508196797070923,7.982608361484381,4.16137518276264,5.900460369151915
2026-05-12 16:51:37.644,21.88865723074059,11.45059699246076,5.507328083704124,7.98347707485118,4.160348521510969,5.903935222619111
2026-05-12 16:51:38.672,21.88865723074059,11.452175467809411,5.507643979473869,7.981976569944891,4.161138260935331,5.90480393598591
2026-05-12 16:51:39.699,21.88865723074059,11.464014032924297,5.507643979473869,7.98284528331169,4.16137518276264,5.905593675410273
2026-05-12 16:51:40.726,21.88865723074059,11.42849833757964,5.507959875243614,7.984029892448234,4.160664417280714,5.907331102143871
2026-05-12 16:51:41.751,21.88865723074059,11.449018517112108,5.508196797070923,7.982766309369254,4.16350747920842,5.908357763395543
2026-05-12 16:51:42.782,21.88865723074059,11.460857082226994,5.508117823128487,7.983713996678489,4.16137518276264,5.910016216186705
2026-05-12 16:51:43.820,21.88865723074059,11.447440041763457,5.5078019273587415,7.983398100908744,4.160348521510969,5.913254147826592
2026-05-12 16:51:44.846,21.88865723074059,11.448229279437783,5.5083547449557955,7.98284528331169,4.16350747920842,5.913570043596337
2026-05-12 16:51:45.878,21.881361696912336,11.445861566414806,5.508512692840668,7.983161179081435,4.160506469395841,5.915781313984553
2026-05-12 16:51:46.905,21.881361696912336,11.45059699246076,5.508986536495286,7.982371439657072,4.161770052474822,5.916886949178661
2026-05-12 16:51:47.933,21.88865723074059,11.452175467809411,5.5083547449557955,7.9822134917722,4.161059286992895,5.918071558315205
2026-05-12 16:51:48.958,21.88865723074059,11.436390714322897,5.508907562552849,7.982687335426817,4.1623228700718755,5.921467437839965
2026-05-12 16:51:49.986,21.88865723074059,11.44507232874048,5.508828588610413,7.983161179081435,4.162401844014312,5.923362812458436
2026-05-12 16:51:51.016,21.881361696912336,11.445861566414806,5.508749614667977,7.982292465714636,4.162638765841621,5.924942291307161
2026-05-12 16:51:52.045,21.881361696912336,11.441915378043177,5.508828588610413,7.983082205138999,4.160822365165586,5.924626395537416
2026-05-12 16:51:53.071,21.88865723074059,11.455332418506714,5.5083547449557955,7.982608361484381,4.162243896129439,5.92581100467396
2026-05-12 16:51:54.097,21.881361696912336,11.456910893855365,5.510013197746957,7.983635022736053,4.161612104589949,5.926995613810504
2026-05-12 16:51:55.128,21.881361696912336,11.445861566414806,5.508986536495286,7.984266814275543,4.162164922187003,5.929601753910902
2026-05-12 16:51:56.154,21.88865723074059,11.449018517112108,5.508986536495286,7.981344778405401,4.161691078532385,5.931418154586936
2026-05-12 16:51:57.185,21.881361696912336,11.448229279437783,5.508986536495286,7.982766309369254,4.16137518276264,5.9321289200688625
2026-05-12 16:51:58.212,21.88865723074059,11.443493853391828,5.508670640725541,7.98347707485118,4.16137518276264,5.933708398917588
2026-05-12 16:51:59.238,21.881361696912336,11.436390714322897,5.508512692840668,7.98347707485118,4.160269547568532,5.934893008054132
2026-05-12 16:52:00.266,21.881361696912336,11.441126140368851,5.509460380149903,7.983713996678489,4.161612104589949,5.937420174212093
2026-05-12 16:52:01.297,21.88865723074059,11.466381745947274,5.51017114563183,7.9818975960024545,4.163586453150856,5.937972991809147
2026-05-12 16:52:02.322,21.881361696912336,11.452175467809411,5.509065510437722,7.983713996678489,4.160822365165586,5.9397893924851815
2026-05-12 16:52:03.350,21.881361696912336,11.449018517112108,5.510092171689394,7.982292465714636,4.161928000359694,5.941763741046088
2026-05-12 16:52:04.380,21.881361696912336,11.448229279437783,5.509855249862085,7.982687335426817,4.1628756876689295,5.943343219894814
2026-05-12 16:52:05.410,21.881361696912336,11.452175467809411,5.509144484380158,7.984424762160415,4.161217234877768,5.944211933261613
2026-05-12 16:52:06.461,21.881361696912336,11.446650804089131,5.5097762759196485,7.982924257254126,4.160506469395841,5.945870386052775
2026-05-12 16:52:07.488,21.88865723074059,11.444283091066154,5.510092171689394,7.982924257254126,4.161059286992895,5.947528838843937
2026-05-12 16:52:08.518,21.881361696912336,11.451386230135085,5.509934223804521,7.982529387541945,4.162164922187003,5.949661135289716
2026-05-12 16:52:09.543,21.881361696912336,11.45059699246076,5.5092234583225945,7.983240153023871,4.16074339122315,5.951477535965751
2026-05-12 16:52:10.570,21.881361696912336,11.441126140368851,5.510013197746957,7.984266814275543,4.1614541567050765,5.952820092987167
2026-05-12 16:52:11.597,21.874066163083967,11.444283091066154,5.51017114563183,7.981344778405401,4.161296208820204,5.954399571835893
2026-05-12 16:52:12.622,21.874066163083967,11.436390714322897,5.509855249862085,7.983082205138999,4.162401844014312,5.955347259145128
2026-05-12 16:52:13.652,21.88865723074059,11.448229279437783,5.5111978068835015,7.983635022736053,4.162954661611366,5.957321607706035
2026-05-12 16:52:14.683,21.874066163083967,11.441915378043177,5.510250119574266,7.983635022736053,4.1600326257412235,5.959216982324506
2026-05-12 16:52:15.710,21.874066163083967,11.429287575253966,5.510566015344011,7.983082205138999,4.16074339122315,5.961902096367339
2026-05-12 16:52:16.737,21.881361696912336,11.444283091066154,5.509934223804521,7.983161179081435,4.160348521510969,5.962375940021957
2026-05-12 16:52:17.778,21.881361696912336,11.44507232874048,5.510960885056193,7.983792970620925,4.160427495453405,5.963639523100937
2026-05-12 16:52:18.806,21.874066163083967,11.446650804089131,5.510487041401575,7.983950918505798,4.161533130647513,5.965297975892099
2026-05-12 16:52:19.835,21.874066163083967,11.447440041763457,5.511671650538119,7.983082205138999,4.16074339122315,5.968141037819805
2026-05-12 16:52:20.864,21.874066163083967,11.448229279437783,5.51080293717132,7.981976569944891,4.161296208820204,5.9696415427260945
2026-05-12 16:52:21.891,21.881361696912336,11.442704615717503,5.511908572365428,7.9822134917722,4.16137518276264,5.969246673013913
2026-05-12 16:52:22.918,21.881361696912336,11.470327934318902,5.511592676595683,7.98284528331169,4.160348521510969,5.97058923003533
2026-05-12 16:52:23.953,21.881361696912336,11.441126140368851,5.5111978068835015,7.98347707485118,4.161059286992895,5.9733533180205995
2026-05-12 16:52:24.981,21.881361696912336,11.441126140368851,5.5111978068835015,7.982134517829763,4.1614541567050765,5.9747748489844525
2026-05-12 16:52:26.007,21.881361696912336,11.452175467809411,5.5111978068835015,7.981739648117582,4.160822365165586,5.975722536293688
2026-05-12 16:52:27.035,21.881361696912336,11.447440041763457,5.510566015344011,7.983556048793616,4.162085948244567,5.97927636370332
2026-05-12 16:52:28.066,21.881361696912336,11.427709099905314,5.511750624480555,7.9822134917722,4.162243896129439,5.979434311588193
2026-05-12 16:52:29.092,21.881361696912336,11.432444525951269,5.510960885056193,7.982292465714636,4.160506469395841,5.981724555918845
2026-05-12 16:52:30.122,21.881361696912336,11.457700131529691,5.511908572365428,7.983082205138999,4.162954661611366,5.982593269285644
2026-05-12 16:52:31.149,21.881361696912336,11.436390714322897,5.511118832941065,7.984187840333107,4.160506469395841,5.9844096699616784
2026-05-12 16:52:32.176,21.874066163083967,11.446650804089131,5.510881911113756,7.98347707485118,4.161533130647513,5.986462992465022
2026-05-12 16:52:33.204,21.874066163083967,11.460067844552668,5.5111978068835015,7.982371439657072,4.161533130647513,5.98756862765913
2026-05-12 16:52:34.231,21.874066163083967,11.470327934318902,5.511276780825938,7.9824504135995085,4.163112609496238,5.988990158622983
2026-05-12 16:52:35.276,21.881361696912336,11.444283091066154,5.511671650538119,7.98284528331169,4.161691078532385,5.990253741701963
2026-05-12 16:52:36.303,21.874066163083967,11.445861566414806,5.512856259674663,7.983398100908744,4.159953651798787,5.9909645071838895
2026-05-12 16:52:37.330,21.874066163083967,11.44507232874048,5.5126193378473545,7.983161179081435,4.160664417280714,5.993886543054032
2026-05-12 16:52:38.357,21.874066163083967,11.426919862230989,5.511592676595683,7.984424762160415,4.161217234877768,5.994834230363267
2026-05-12 16:52:39.385,21.881361696912336,11.463224795249971,5.5126193378473545,7.983713996678489,4.160269547568532,5.996018839499811
2026-05-12 16:52:40.414,21.874066163083967,11.458489369204017,5.512540363904918,7.983161179081435,4.160585443338277,5.9983880577729
2026-05-12 16:52:41.440,21.874066163083967,11.458489369204017,5.513251129386845,7.983003231196562,4.160190573626096,5.999256771139699
2026-05-12 16:52:42.466,21.881361696912336,11.469538696644577,5.512303442077609,7.9824504135995085,4.1623228700718755,6.000994197873297
2026-05-12 16:52:43.494,21.881361696912336,11.449018517112108,5.511750624480555,7.98410886639067,4.160348521510969,6.002099833067405
2026-05-12 16:52:44.522,21.874066163083967,11.469538696644577,5.5120665202503005,7.981660674175146,4.160585443338277,6.004232129513184
2026-05-12 16:52:45.548,21.874066163083967,11.449807754786434,5.512540363904918,7.982371439657072,4.160269547568532,6.0057326344194735
2026-05-12 16:52:46.574,21.874066163083967,11.45612165618104,5.512382416020046,7.983556048793616,4.161533130647513,6.007470061153072
2026-05-12 16:52:47.600,21.881361696912336,11.460067844552668,5.513093181501972,7.982529387541945,4.161138260935331,6.008733644232052
2026-05-12 16:52:48.631,21.874066163083967,11.431655288276943,5.512856259674663,7.9833191269663075,4.161296208820204,6.010155175195905
2026-05-12 16:52:49.660,21.881361696912336,11.443493853391828,5.5129352336171,7.982529387541945,4.163112609496238,6.012919263181175
2026-05-12 16:52:50.687,21.874066163083967,11.442704615717503,5.512540363904918,7.982608361484381,4.163428505265983,6.0137090026055375
2026-05-12 16:52:51.716,21.874066163083967,11.446650804089131,5.513172155444408,7.982608361484381,4.160664417280714,6.015367455396699
2026-05-12 16:52:52.747,21.874066163083967,11.449018517112108,5.513093181501972,7.983398100908744,4.162164922187003,6.0179735954970965
2026-05-12 16:52:53.776,21.881361696912336,11.460857082226994,5.5129352336171,7.98347707485118,4.163033635553802,6.018368465209278
2026-05-12 16:52:54.804,21.874066163083967,11.45059699246076,5.512145494192737,7.982529387541945,4.160427495453405,6.019632048288258
2026-05-12 16:52:55.832,21.874066163083967,11.446650804089131,5.513014207559536,7.9818975960024545,4.16011159968366,6.021448448964293
2026-05-12 16:52:56.859,21.874066163083967,11.466381745947274,5.513409077271717,7.982608361484381,4.161217234877768,6.022948953870582
2026-05-12 16:52:57.888,21.874066163083967,11.454543180832388,5.51356702515659,7.983398100908744,4.160427495453405,6.024449458776871
2026-05-12 16:52:58.916,21.881361696912336,11.452175467809411,5.5129352336171,7.982766309369254,4.162243896129439,6.027371494647014
2026-05-12 16:52:59.943,21.881361696912336,11.465592508272948,5.5134880512141535,7.982608361484381,4.160269547568532,6.02871405166843
2026-05-12 16:53:00.972,21.881361696912336,11.441126140368851,5.51356702515659,7.983240153023871,4.159874677856351,6.029819686862538
2026-05-12 16:53:02.004,21.874066163083967,11.463224795249971,5.5140408688112075,7.983161179081435,4.161059286992895,6.032267879078063
2026-05-12 16:53:03.034,21.874066163083967,11.444283091066154,5.51356702515659,7.98284528331169,4.16011159968366,6.032267879078063
2026-05-12 16:53:04.060,21.874066163083967,11.426130624556663,5.51356702515659,7.982292465714636,4.160585443338277,6.034084279754097
2026-05-12 16:53:05.089,21.874066163083967,11.441126140368851,5.513882920926335,7.98284528331169,4.16011159968366,6.035900680430132
2026-05-12 16:53:06.119,21.874066163083967,11.45059699246076,5.514277790638516,7.9818975960024545,4.16074339122315,6.038190924760784
2026-05-12 16:53:07.142,21.881361696912336,11.444283091066154,5.5134880512141535,7.983556048793616,4.160190573626096,6.039770403609509
2026-05-12 16:53:08.167,21.874066163083967,11.426919862230989,5.51419881669608,7.983161179081435,4.1600326257412235,6.040718090918745
2026-05-12 16:53:09.199,21.874066163083967,11.462435557575645,5.514593686408261,7.982687335426817,4.160980313050459,6.04229756976747
2026-05-12 16:53:10.226,21.881361696912336,11.451386230135085,5.514356764580953,7.983792970620925,4.1609013391080225,6.043166283134269
2026-05-12 16:53:11.254,21.874066163083967,11.437179951997223,5.513961894868771,7.9838719445633615,4.162638765841621,6.046404214774157
2026-05-12 16:53:12.282,21.874066163083967,11.460857082226994,5.514435738523389,7.983082205138999,4.160348521510969,6.046483188716593
2026-05-12 16:53:13.308,21.881361696912336,11.45059699246076,5.513961894868771,7.982687335426817,4.161217234877768,6.049405224586735
2026-05-12 16:53:14.333,21.874066163083967,11.426919862230989,5.513803946983899,7.983398100908744,4.162085948244567,6.049326250644299
2026-05-12 16:53:15.370,21.874066163083967,11.455332418506714,5.5140408688112075,7.9822134917722,4.160822365165586,6.051300599205206
2026-05-12 16:53:16.469,21.874066163083967,11.444283091066154,5.515304451890188,7.983003231196562,4.160190573626096,6.053432895650985
2026-05-12 16:53:17.498,21.874066163083967,11.447440041763457,5.514751634293134,7.983635022736053,4.16074339122315,6.055565192096765
2026-05-12 16:53:18.527,21.881361696912336,11.433233763625594,5.51483060823557,7.982529387541945,4.160980313050459,6.057065697003054
2026-05-12 16:53:19.558,21.874066163083967,11.460067844552668,5.513724973041462,7.984029892448234,4.160506469395841,6.058013384312289
2026-05-12 16:53:20.590,21.881361696912336,11.456910893855365,5.514751634293134,7.983082205138999,4.160506469395841,6.059987732873196
2026-05-12 16:53:21.618,21.874066163083967,11.452964705483737,5.514514712465825,7.983792970620925,4.160269547568532,6.061883107491667
2026-05-12 16:53:22.666,21.874066163083967,11.458489369204017,5.51483060823557,7.982292465714636,4.1600326257412235,6.064489247592064
2026-05-12 16:53:23.718,21.874066163083967,11.446650804089131,5.514672660350698,7.982766309369254,4.161533130647513,6.0645682215345005
2026-05-12 16:53:24.748,21.881361696912336,11.454543180832388,5.514988556120443,7.982529387541945,4.16011159968366,6.066147700383226
2026-05-12 16:53:25.774,21.881361696912336,11.436390714322897,5.514988556120443,7.9822134917722,4.159874677856351,6.067806153174388
2026-05-12 16:53:26.803,21.874066163083967,11.442704615717503,5.5154623997750605,7.98347707485118,4.160190573626096,6.069148710195805
2026-05-12 16:53:27.827,21.874066163083967,11.440336902694526,5.514514712465825,7.981660674175146,4.162638765841621,6.070649215102094
2026-05-12 16:53:28.853,21.874066163083967,11.442704615717503,5.515304451890188,7.982292465714636,4.16137518276264,6.072623563663001
2026-05-12 16:53:29.879,21.874066163083967,11.437969189671549,5.514751634293134,7.983792970620925,4.160190573626096,6.074282016454163
2026-05-12 16:53:30.905,21.881361696912336,11.452964705483737,5.515778295544806,7.983003231196562,4.161770052474822,6.075545599533143
2026-05-12 16:53:31.934,21.881361696912336,11.45612165618104,5.516410087084296,7.983398100908744,4.159874677856351,6.076335338957506
2026-05-12 16:53:32.962,21.874066163083967,11.442704615717503,5.515383425832624,7.982371439657072,4.161217234877768,6.078388661460849
2026-05-12 16:53:33.989,21.874066163083967,11.451386230135085,5.516015217372114,7.982924257254126,4.16011159968366,6.079494296654957
2026-05-12 16:53:35.016,21.874066163083967,11.45059699246076,5.515936243429678,7.982608361484381,4.160348521510969,6.081784540985609
2026-05-12 16:53:36.046,21.874066163083967,11.447440041763457,5.5168839307389135,7.983082205138999,4.1623228700718755,6.082574280409972
2026-05-12 16:53:37.074,21.874066163083967,11.463224795249971,5.516647008911605,7.982529387541945,4.160822365165586,6.086286055704477
2026-05-12 16:53:38.100,21.874066163083967,11.445861566414806,5.5163311131418595,7.982766309369254,4.161059286992895,6.0858911859922955
2026-05-12 16:53:39.127,21.874066163083967,11.449018517112108,5.516252139199423,7.983792970620925,4.1623228700718755,6.087233743013712
2026-05-12 16:53:40.157,21.874066163083967,11.453753943158063,5.517278800451095,7.982134517829763,4.163270557381111,6.089997830998982
2026-05-12 16:53:41.188,21.881361696912336,11.434812238974246,5.5163311131418595,7.982608361484381,4.160585443338277,6.092840892926688
2026-05-12 16:53:42.215,21.874066163083967,11.4395476650202,5.516568034969168,7.982608361484381,4.160822365165586,6.0929988408115605
2026-05-12 16:53:43.244,21.874066163083967,11.470327934318902,5.5168839307389135,7.982371439657072,4.161533130647513,6.093709606293487
2026-05-12 16:53:44.271,21.874066163083967,11.446650804089131,5.515936243429678,7.9833191269663075,4.161296208820204,6.0949731893724675
2026-05-12 16:53:45.297,21.874066163083967,11.440336902694526,5.517436748335967,7.982055543887327,4.1609013391080225,6.097342407645556
2026-05-12 16:53:46.322,21.866770629255655,11.453753943158063,5.516568034969168,7.98347707485118,4.160190573626096,6.098605990724536
2026-05-12 16:53:47.350,21.874066163083967,11.45059699246076,5.516410087084296,7.9822134917722,4.162796713726493,6.1006593132278795
2026-05-12 16:53:48.376,21.874066163083967,11.443493853391828,5.517199826508659,7.982055543887327,4.16074339122315,6.103897244867767
2026-05-12 16:53:49.403,21.874066163083967,11.442704615717503,5.516568034969168,7.983398100908744,4.159637756029042,6.103739296982894
2026-05-12 16:53:50.430,21.874066163083967,11.437179951997223,5.5168839307389135,7.9824504135995085,4.160190573626096,6.105081854004311
2026-05-12 16:53:51.458,21.874066163083967,11.455332418506714,5.51696290468135,7.984029892448234,4.1628756876689295,6.1072141504500905
2026-05-12 16:53:52.493,21.881361696912336,11.419027485487732,5.5177526441057125,7.983240153023871,4.160980313050459,6.10808286381689
2026-05-12 16:53:53.524,21.881361696912336,11.430076812928291,5.517673670163276,7.983398100908744,4.159637756029042,6.109583368723179
2026-05-12 16:53:54.554,21.874066163083967,11.443493853391828,5.517910591990585,7.982687335426817,4.159953651798787,6.112979248247939
2026-05-12 16:53:55.581,21.874066163083967,11.45059699246076,5.517278800451095,7.98284528331169,4.161849026417258,6.114242831326919
2026-05-12 16:53:56.611,21.874066163083967,11.42297367385936,5.517357774393531,7.982687335426817,4.16074339122315,6.114084883442047
2026-05-12 16:53:57.639,21.874066163083967,11.462435557575645,5.51696290468135,7.981976569944891,4.159637756029042,6.117322815081934
2026-05-12 16:53:58.663,21.874066163083967,11.441126140368851,5.517120852566222,7.983398100908744,4.161612104589949,6.11740178902437
2026-05-12 16:53:59.686,21.874066163083967,11.449807754786434,5.517831618048149,7.984187840333107,4.160664417280714,6.119613059412586
2026-05-12 16:54:00.714,21.874066163083967,11.437179951997223,5.517357774393531,7.9833191269663075,4.160664417280714,6.120955616434003
2026-05-12 16:54:01.743,21.874066163083967,11.45612165618104,5.51822648776033,7.982529387541945,4.159874677856351,6.121824329800802
2026-05-12 16:54:02.772,21.874066163083967,11.4395476650202,5.518542383530075,7.9838719445633615,4.1609013391080225,6.12292996499491
2026-05-12 16:54:03.799,21.874066163083967,11.429287575253966,5.51759469622084,7.982687335426817,4.160585443338277,6.125378157210434
2026-05-12 16:54:04.825,21.874066163083967,11.441126140368851,5.51822648776033,7.98284528331169,4.160190573626096,6.127273531828905
2026-05-12 16:54:05.852,21.874066163083967,11.448229279437783,5.518147513817894,7.981107856578092,4.162480817956748,6.128853010677631
2026-05-12 16:54:06.879,21.874066163083967,11.440336902694526,5.517515722278404,7.982924257254126,4.1614541567050765,6.131301202893155
2026-05-12 16:54:07.906,21.874066163083967,11.452175467809411,5.518068539875458,7.983082205138999,4.163033635553802,6.131854020490209
2026-05-12 16:54:08.935,21.874066163083967,11.469538696644577,5.518147513817894,7.98347707485118,4.160822365165586,6.132722733857008
2026-05-12 16:54:09.959,21.881361696912336,11.453753943158063,5.517436748335967,7.9833191269663075,4.160190573626096,6.134618108475479
2026-05-12 16:54:10.986,21.866770629255655,11.443493853391828,5.517831618048149,7.982924257254126,4.160348521510969,6.136671430978822
2026-05-12 16:54:12.013,21.874066163083967,11.457700131529691,5.51885827929982,7.983003231196562,4.161138260935331,6.137382196460749
2026-05-12 16:54:13.039,21.874066163083967,11.4395476650202,5.519490070839311,7.9833191269663075,4.160348521510969,6.139198597136783
2026-05-12 16:54:14.066,21.874066163083967,11.464014032924297,5.518937253242257,7.983240153023871,4.159716729971478,6.141093971755254
2026-05-12 16:54:15.095,21.874066163083967,11.420605960836383,5.51885827929982,7.98284528331169,4.159795703913915,6.1418837111796165
2026-05-12 16:54:16.125,21.874066163083967,11.452964705483737,5.519095201127129,7.983003231196562,4.159874677856351,6.144094981567832
2026-05-12 16:54:17.149,21.874066163083967,11.465592508272948,5.518542383530075,7.982529387541945,4.160506469395841,6.146464199840921
2026-05-12 16:54:18.179,21.874066163083967,11.442704615717503,5.520200836321237,7.981739648117582,4.159874677856351,6.147885730804774
2026-05-12 16:54:19.205,21.874066163083967,11.427709099905314,5.519648018724183,7.983240153023871,4.159716729971478,6.149070339941318
2026-05-12 16:54:20.233,21.874066163083967,11.440336902694526,5.518542383530075,7.9824504135995085,4.1609013391080225,6.150333923020298
2026-05-12 16:54:21.261,21.881361696912336,11.42297367385936,5.519095201127129,7.983792970620925,4.1600326257412235,6.151597506099279
2026-05-12 16:54:22.288,21.874066163083967,11.446650804089131,5.518779305357384,7.98347707485118,4.160190573626096,6.1538087764874945
2026-05-12 16:54:23.316,21.874066163083967,11.4395476650202,5.518621357472512,7.982687335426817,4.159874677856351,6.1552303074513475
2026-05-12 16:54:24.358,21.874066163083967,11.426130624556663,5.519016227184693,7.9822134917722,4.162717739784057,6.158468239091235
2026-05-12 16:54:25.385,21.866770629255655,11.441915378043177,5.519411096896874,7.98347707485118,4.1600326257412235,6.158547213033671
2026-05-12 16:54:26.413,21.874066163083967,11.453753943158063,5.5191741750695655,7.981660674175146,4.160822365165586,6.159731822170215
2026-05-12 16:54:27.440,21.874066163083967,11.454543180832388,5.52035878420611,7.983635022736053,4.161138260935331,6.160442587652142
2026-05-12 16:54:28.465,21.881361696912336,11.449807754786434,5.5197269926666195,7.982134517829763,4.159558782086606,6.1637594932344655
2026-05-12 16:54:29.493,21.874066163083967,11.452964705483737,5.518937253242257,7.983556048793616,4.161296208820204,6.163601545349593
2026-05-12 16:54:30.520,21.874066163083967,11.436390714322897,5.519095201127129,7.982371439657072,4.160822365165586,6.165417946025627
2026-05-12 16:54:31.547,21.874066163083967,11.440336902694526,5.520042888436365,7.984266814275543,4.1628756876689295,6.16833998189577
2026-05-12 16:54:32.573,21.874066163083967,11.469538696644577,5.519411096896874,7.983161179081435,4.160348521510969,6.169682538917186
2026-05-12 16:54:33.602,21.881361696912336,11.430866050602617,5.519569044781747,7.982924257254126,4.160585443338277,6.170551252283985
2026-05-12 16:54:34.630,21.874066163083967,11.42297367385936,5.519963914493928,7.9822134917722,4.160664417280714,6.17236765296002
2026-05-12 16:54:35.656,21.874066163083967,11.460067844552668,5.520279810263673,7.983240153023871,4.161533130647513,6.174499949405799
2026-05-12 16:54:36.683,21.874066163083967,11.42849833757964,5.520279810263673,7.982371439657072,4.159716729971478,6.1765532719091425
2026-05-12 16:54:37.715,21.874066163083967,11.445861566414806,5.519963914493928,7.982766309369254,4.159716729971478,6.176158402196961
2026-05-12 16:54:38.760,21.874066163083967,11.4671709836216,5.519490070839311,7.982055543887327,4.159637756029042,6.17979120354903
2026-05-12 16:54:39.787,21.874066163083967,11.448229279437783,5.52035878420611,7.982924257254126,4.160585443338277,6.1808178648007015
2026-05-12 16:54:40.812,21.874066163083967,11.438758427345874,5.520200836321237,7.982292465714636,4.16074339122315,6.182871187304045
2026-05-12 16:54:41.841,21.881361696912336,11.444283091066154,5.52162236728509,7.984503736102852,4.162085948244567,6.182318369706991
2026-05-12 16:54:42.869,21.874066163083967,11.444283091066154,5.520121862378801,7.9824504135995085,4.159637756029042,6.186740910483422
2026-05-12 16:54:43.898,21.874066163083967,11.430076812928291,5.5209905757456,7.984187840333107,4.161691078532385,6.186030145001496
2026-05-12 16:54:44.937,21.874066163083967,11.443493853391828,5.520042888436365,7.982134517829763,4.160664417280714,6.187688597792658
2026-05-12 16:54:45.963,21.874066163083967,11.442704615717503,5.520674679975855,7.98347707485118,4.1600326257412235,6.1907685815476725
2026-05-12 16:54:46.989,21.881361696912336,11.448229279437783,5.52035878420611,7.984898605815033,4.160190573626096,6.1921901125115255
2026-05-12 16:54:48.016,21.881361696912336,11.45612165618104,5.521780315169963,7.983082205138999,4.159558782086606,6.192506008281271
2026-05-12 16:54:49.044,21.881361696912336,11.45612165618104,5.521306471515345,7.983161179081435,4.160664417280714,6.194559330784614
2026-05-12 16:54:50.071,21.881361696912336,11.435601476648571,5.52162236728509,7.983161179081435,4.161138260935331,6.196375731460648
2026-05-12 16:54:51.097,21.881361696912336,11.42849833757964,5.520674679975855,7.982924257254126,4.162480817956748,6.19677060117283
2026-05-12 16:54:52.122,21.881361696912336,11.451386230135085,5.522175184882144,7.983082205138999,4.161691078532385,6.198981871561045
2026-05-12 16:54:53.151,21.881361696912336,11.452175467809411,5.5209905757456,7.981581700232709,4.162796713726493,6.201035194064389
2026-05-12 16:54:54.179,21.874066163083967,11.469538696644577,5.521543393342654,7.983003231196562,4.159795703913915,6.202298777143369
2026-05-12 16:54:55.209,21.881361696912336,11.441915378043177,5.522096210939708,7.9833191269663075,4.159795703913915,6.205615682725693
2026-05-12 16:54:56.238,21.881361696912336,11.451386230135085,5.5211485236304725,7.984661683987724,4.160348521510969,6.206563370034928
2026-05-12 16:54:57.269,21.881361696912336,11.446650804089131,5.521069549688036,7.983161179081435,4.160427495453405,6.207905927056345
2026-05-12 16:54:58.294,21.874066163083967,11.432444525951269,5.522412106709453,7.984503736102852,4.16011159968366,6.207905927056345
2026-05-12 16:54:59.323,21.881361696912336,11.422184436185034,5.521859289112399,7.981818622060018,4.159874677856351,6.210117197444561
2026-05-12 16:55:00.352,21.881361696912336,11.476641835713508,5.52162236728509,7.984266814275543,4.1623228700718755,6.2112228326386685
2026-05-12 16:55:01.381,21.881361696912336,11.442704615717503,5.521859289112399,7.9824504135995085,4.162164922187003,6.213355129084448
2026-05-12 16:55:02.407,21.874066163083967,11.440336902694526,5.522333132767017,7.98284528331169,4.160822365165586,6.21501358187561
2026-05-12 16:55:03.434,21.881361696912336,11.444283091066154,5.522175184882144,7.983635022736053,4.160585443338277,6.21627716495459
2026-05-12 16:55:04.458,21.881361696912336,11.437969189671549,5.521385445457781,7.981423752347837,4.159795703913915,6.217698695918443
2026-05-12 16:55:05.489,21.874066163083967,11.436390714322897,5.5220172369972715,7.984582710045288,4.161691078532385,6.219436122652041
2026-05-12 16:55:06.520,21.881361696912336,11.4671709836216,5.522412106709453,7.9824504135995085,4.162243896129439,6.220462783903713
2026-05-12 16:55:07.548,21.874066163083967,11.435601476648571,5.52225415882458,7.982608361484381,4.162164922187003,6.222200210637311
2026-05-12 16:55:08.578,21.881361696912336,11.449018517112108,5.522649028536762,7.98284528331169,4.159716729971478,6.224806350737708
2026-05-12 16:55:09.604,21.881361696912336,11.426130624556663,5.522412106709453,7.983240153023871,4.1600326257412235,6.225990959874252
2026-05-12 16:55:10.633,21.874066163083967,11.438758427345874,5.52225415882458,7.983240153023871,4.162480817956748,6.227333516895669
2026-05-12 16:55:11.661,21.881361696912336,11.433233763625594,5.522885950364071,7.98347707485118,4.162717739784057,6.2305714485355566
2026-05-12 16:55:12.687,21.874066163083967,11.431655288276943,5.52225415882458,7.982371439657072,4.159637756029042,6.231045292190174
2026-05-12 16:55:13.731,21.881361696912336,11.434812238974246,5.522175184882144,7.982371439657072,4.160506469395841,6.232308875269155
2026-05-12 16:55:14.758,21.881361696912336,11.442704615717503,5.523201846133816,7.98284528331169,4.159637756029042,6.2330986146935174
2026-05-12 16:55:15.784,21.874066163083967,11.419816723162057,5.5234387679611245,7.983240153023871,4.160822365165586,6.235704754793915
2026-05-12 16:55:16.812,21.874066163083967,11.470327934318902,5.522964924306507,7.9824504135995085,4.160506469395841,6.237994999124567
2026-05-12 16:55:17.840,21.874066163083967,11.464014032924297,5.522333132767017,7.982608361484381,4.160348521510969,6.238073973067003
2026-05-12 16:55:18.869,21.881361696912336,11.456910893855365,5.5234387679611245,7.983398100908744,4.159716729971478,6.239732425858165
2026-05-12 16:55:19.897,21.881361696912336,11.414292059441777,5.5239915855581785,7.982766309369254,4.160190573626096,6.240996008937145
2026-05-12 16:55:20.926,21.874066163083967,11.438758427345874,5.523201846133816,7.982687335426817,4.161217234877768,6.242891383555616
2026-05-12 16:55:21.950,21.874066163083967,11.432444525951269,5.522649028536762,7.9822134917722,4.160427495453405,6.244865732116523
2026-05-12 16:55:22.981,21.881361696912336,11.459278606878343,5.523043898248943,7.981265804462964,4.161928000359694,6.246998028562302
2026-05-12 16:55:24.010,21.874066163083967,11.438758427345874,5.524307481327924,7.983082205138999,4.162243896129439,6.248340585583719
2026-05-12 16:55:25.058,21.874066163083967,11.430866050602617,5.523596715845997,7.983635022736053,4.160348521510969,6.249525194720263
2026-05-12 16:55:26.085,21.881361696912336,11.454543180832388,5.523912611615742,7.983161179081435,4.16074339122315,6.252605178475278
2026-05-12 16:55:27.113,21.881361696912336,11.452175467809411,5.523280820076252,7.982687335426817,4.159953651798787,6.252052360878224
2026-05-12 16:55:28.142,21.881361696912336,11.444283091066154,5.5248602989249775,7.9833191269663075,4.160664417280714,6.254579527036185
2026-05-12 16:55:29.172,21.874066163083967,11.441915378043177,5.524307481327924,7.982371439657072,4.16074339122315,6.255132344633239
2026-05-12 16:55:30.201,21.874066163083967,11.446650804089131,5.523043898248943,7.98284528331169,4.161059286992895,6.257817458676072
2026-05-12 16:55:31.232,21.874066163083967,11.434812238974246,5.523280820076252,7.982292465714636,4.16011159968366,6.260186676949161
2026-05-12 16:55:32.263,21.874066163083967,11.452175467809411,5.523833637673306,7.983003231196562,4.159874677856351,6.260818468488651
2026-05-12 16:55:33.291,21.881361696912336,11.445861566414806,5.5248602989249775,7.983003231196562,4.159558782086606,6.263108712819303
2026-05-12 16:55:34.322,21.881361696912336,11.444283091066154,5.52438645527036,7.983713996678489,4.16011159968366,6.2629507649344305
2026-05-12 16:55:35.352,21.881361696912336,11.460857082226994,5.523912611615742,7.98347707485118,4.160506469395841,6.2666625402289355
2026-05-12 16:55:36.386,21.881361696912336,11.457700131529691,5.525097220752286,7.983161179081435,4.160506469395841,6.267294331768426
2026-05-12 16:55:37.413,21.881361696912336,11.446650804089131,5.524623377097669,7.983003231196562,4.160506469395841,6.268952784559588
2026-05-12 16:55:38.439,21.881361696912336,11.45612165618104,5.52438645527036,7.984266814275543,4.1594798081441695,6.27124302889024
2026-05-12 16:55:39.467,21.874066163083967,11.454543180832388,5.523833637673306,7.983082205138999,4.160585443338277,6.271716872544857
2026-05-12 16:55:40.495,21.881361696912336,11.45059699246076,5.524228507385487,7.9824504135995085,4.1609013391080225,6.272585585911656
2026-05-12 16:55:41.523,21.881361696912336,11.427709099905314,5.525571064406904,7.9833191269663075,4.161533130647513,6.276376335148598
2026-05-12 16:55:42.548,21.881361696912336,11.44507232874048,5.524781324982541,7.982055543887327,4.160822365165586,6.276060439378853
2026-05-12 16:55:43.576,21.874066163083967,11.463224795249971,5.5248602989249775,7.9818975960024545,4.162243896129439,6.2780347879397596
2026-05-12 16:55:44.606,21.881361696912336,11.467960221295925,5.52438645527036,7.983556048793616,4.159637756029042,6.279535292846049
2026-05-12 16:55:45.634,21.881361696912336,11.45612165618104,5.524228507385487,7.98347707485118,4.159637756029042,6.282457328716191
2026-05-12 16:55:46.662,21.874066163083967,11.457700131529691,5.525255168637159,7.9833191269663075,4.159242886316861,6.282615276601064
2026-05-12 16:55:47.706,21.874066163083967,11.440336902694526,5.525097220752286,7.983161179081435,4.159795703913915,6.284036807564917
2026-05-12 16:55:48.734,21.881361696912336,11.429287575253966,5.524781324982541,7.983161179081435,4.160427495453405,6.285379364586333
2026-05-12 16:55:49.761,21.881361696912336,11.441915378043177,5.524465429212796,7.9833191269663075,4.162954661611366,6.288380374398912
2026-05-12 16:55:50.787,21.874066163083967,11.449807754786434,5.525097220752286,7.983161179081435,4.159400834201733,6.28885421805353
2026-05-12 16:55:51.816,21.874066163083967,11.437969189671549,5.525492090464468,7.982292465714636,4.159242886316861,6.291223436326618
2026-05-12 16:55:52.843,21.874066163083967,11.445861566414806,5.524465429212796,7.9833191269663075,4.160269547568532,6.292092149693417
2026-05-12 16:55:53.879,21.874066163083967,11.431655288276943,5.525097220752286,7.983792970620925,4.161059286992895,6.293118810945089
2026-05-12 16:55:54.904,21.881361696912336,11.429287575253966,5.5262818298888305,7.982371439657072,4.16011159968366,6.295409055275741
2026-05-12 16:55:55.931,21.874066163083967,11.438758427345874,5.525807986234213,7.982134517829763,4.1600326257412235,6.297778273548829
2026-05-12 16:55:56.958,21.881361696912336,11.443493853391828,5.525492090464468,7.983792970620925,4.160822365165586,6.2976203256639565
2026-05-12 16:55:57.985,21.874066163083967,11.453753943158063,5.525729012291777,7.983082205138999,4.16011159968366,6.299357752397555
2026-05-12 16:55:59.014,21.881361696912336,11.445861566414806,5.52565003834934,7.983082205138999,4.160427495453405,6.301490048843334
2026-05-12 16:56:00.045,21.874066163083967,11.459278606878343,5.526360803831267,7.9838719445633615,4.159400834201733,6.302911579807187
2026-05-12 16:56:01.077,21.881361696912336,11.441915378043177,5.525176194694723,7.983713996678489,4.159953651798787,6.304885928368094
2026-05-12 16:56:02.104,21.874066163083967,11.449018517112108,5.526676699601012,7.983556048793616,4.159637756029042,6.305991563562202
2026-05-12 16:56:03.132,21.874066163083967,11.437969189671549,5.526202855946394,7.983792970620925,4.160506469395841,6.307886938180673
2026-05-12 16:56:04.161,21.881361696912336,11.446650804089131,5.525886960176649,7.98347707485118,4.16011159968366,6.31049307828107
2026-05-12 16:56:05.220,21.874066163083967,11.440336902694526,5.526992595370757,7.982608361484381,4.160190573626096,6.311361791647869
2026-05-12 16:56:06.247,21.874066163083967,11.42297367385936,5.5254131165220315,7.9833191269663075,4.1600326257412235,6.3132571662663395
2026-05-12 16:56:07.274,21.874066163083967,11.447440041763457,5.526202855946394,7.983003231196562,4.160269547568532,6.312783322611722
2026-05-12 16:56:08.305,21.874066163083967,11.454543180832388,5.5262818298888305,7.984187840333107,4.159874677856351,6.317205863388153
2026-05-12 16:56:09.334,21.881361696912336,11.442704615717503,5.526992595370757,7.984424762160415,4.159953651798787,6.317679707042771
2026-05-12 16:56:10.362,21.874066163083967,11.45612165618104,5.526597725658576,7.982687335426817,4.160269547568532,6.318785342236879
2026-05-12 16:56:11.387,21.874066163083967,11.4395476650202,5.5268346474858845,7.983082205138999,4.160585443338277,6.319890977430987
2026-05-12 16:56:12.420,21.874066163083967,11.418238247813406,5.527545412967811,7.983240153023871,4.162085948244567,6.321549430222149
2026-05-12 16:56:13.448,21.874066163083967,11.445861566414806,5.526676699601012,7.982924257254126,4.159637756029042,6.323839674552801
2026-05-12 16:56:14.477,21.874066163083967,11.438758427345874,5.5262818298888305,7.980949908693219,4.160190573626096,6.325024283689345
2026-05-12 16:56:15.506,21.874066163083967,11.442704615717503,5.526439777773703,7.983635022736053,4.160506469395841,6.327551449847306
2026-05-12 16:56:16.536,21.881361696912336,11.441915378043177,5.526755673543448,7.982055543887327,4.161770052474822,6.3269196583078156
2026-05-12 16:56:17.571,21.881361696912336,11.431655288276943,5.5268346474858845,7.982766309369254,4.16011159968366,6.32936785052334
2026-05-12 16:56:18.624,21.874066163083967,11.4395476650202,5.527071569313193,7.984029892448234,4.1594798081441695,6.330552459659884
2026-05-12 16:56:19.652,21.881361696912336,11.438758427345874,5.5268346474858845,7.982292465714636,4.1600326257412235,6.332605782163228
2026-05-12 16:56:20.678,21.874066163083967,11.456910893855365,5.527624386910247,7.983398100908744,4.162243896129439,6.334185261011953
2026-05-12 16:56:21.707,21.874066163083967,11.443493853391828,5.526992595370757,7.983240153023871,4.16137518276264,6.335290896206061
2026-05-12 16:56:22.733,21.874066163083967,11.440336902694526,5.527387465082938,7.982292465714636,4.160348521510969,6.3365544792850415
2026-05-12 16:56:23.761,21.874066163083967,11.441915378043177,5.526913621428321,7.9822134917722,4.16200697430213,6.340503176406855
2026-05-12 16:56:24.805,21.881361696912336,11.451386230135085,5.528177204507301,7.983950918505798,4.1614541567050765,6.341292915831218
2026-05-12 16:56:25.832,21.874066163083967,11.430076812928291,5.528098230564865,7.98284528331169,4.159163912374424,6.341845733428272
2026-05-12 16:56:26.860,21.874066163083967,11.436390714322897,5.527466439025375,7.982766309369254,4.16011159968366,6.342714446795071
2026-05-12 16:56:27.886,21.881361696912336,11.45059699246076,5.527545412967811,7.983161179081435,4.160585443338277,6.345399560837905
2026-05-12 16:56:28.911,21.874066163083967,11.449807754786434,5.5282561784497375,7.98347707485118,4.161059286992895,6.347136987571503
2026-05-12 16:56:29.936,21.874066163083967,11.449807754786434,5.5277033608526835,7.983398100908744,4.160269547568532,6.34761083122612
2026-05-12 16:56:30.961,21.881361696912336,11.448229279437783,5.528651048161919,7.982134517829763,4.16011159968366,6.349585179787027
2026-05-12 16:56:31.987,21.874066163083967,11.446650804089131,5.52778233479512,7.983398100908744,4.162480817956748,6.351480554405498
2026-05-12 16:56:33.023,21.874066163083967,11.441915378043177,5.52778233479512,7.983161179081435,4.16011159968366,6.3530600332542235
2026-05-12 16:56:34.051,21.874066163083967,11.455332418506714,5.52778233479512,7.98347707485118,4.159558782086606,6.355666173354621
2026-05-12 16:56:35.079,21.874066163083967,11.437969189671549,5.528493100277046,7.982134517829763,4.159637756029042,6.355508225469748
2026-05-12 16:56:36.110,21.874066163083967,11.442704615717503,5.527387465082938,7.983635022736053,4.160664417280714,6.357245652203346
2026-05-12 16:56:37.140,21.874066163083967,11.430866050602617,5.528493100277046,7.982529387541945,4.159242886316861,6.359062052879381
2026-05-12 16:56:38.168,21.874066163083967,11.432444525951269,5.527940282679992,7.982529387541945,4.160190573626096,6.36056255778567
2026-05-12 16:56:39.195,21.874066163083967,11.441126140368851,5.528019256622429,7.9818975960024545,4.161217234877768,6.362852802116322
2026-05-12 16:56:40.223,21.881361696912336,11.454543180832388,5.529282839701409,7.982134517829763,4.159716729971478,6.364195359137739
2026-05-12 16:56:41.250,21.874066163083967,11.446650804089131,5.528177204507301,7.982292465714636,4.162401844014312,6.365932785871337
2026-05-12 16:56:42.284,21.874066163083967,11.4395476650202,5.527861308737556,7.982608361484381,4.159953651798787,6.3667225252957
2026-05-12 16:56:43.312,21.874066163083967,11.434812238974246,5.528019256622429,7.983082205138999,4.159400834201733,6.368933795683915
2026-05-12 16:56:44.339,21.874066163083967,11.462435557575645,5.528808996046791,7.9833191269663075,4.159163912374424,6.372566597035984
2026-05-12 16:56:45.368,21.874066163083967,11.437179951997223,5.528966943931664,7.982924257254126,4.1594798081441695,6.37201377943893
2026-05-12 16:56:46.395,21.874066163083967,11.423762911533686,5.529440787586282,7.983240153023871,4.1594798081441695,6.374304023769582
2026-05-12 16:56:47.424,21.874066163083967,11.446650804089131,5.528493100277046,7.983161179081435,4.159242886316861,6.376831189927543
2026-05-12 16:56:48.452,21.874066163083967,11.441915378043177,5.529598735471154,7.98284528331169,4.161849026417258,6.3763573462729255
2026-05-12 16:56:49.479,21.874066163083967,11.440336902694526,5.529598735471154,7.9818975960024545,4.159400834201733,6.378884512430886
2026-05-12 16:56:50.509,21.874066163083967,11.441915378043177,5.529203865758973,7.982529387541945,4.160348521510969,6.381648600416156
2026-05-12 16:56:51.537,21.866770629255655,11.444283091066154,5.5296777094135905,7.98347707485118,4.162164922187003,6.381490652531284
2026-05-12 16:56:52.564,21.866770629255655,11.434812238974246,5.529203865758973,7.982766309369254,4.16137518276264,6.3825962877253914
2026-05-12 16:56:53.594,21.874066163083967,11.438758427345874,5.529440787586282,7.980949908693219,4.159637756029042,6.383701922919499
2026-05-12 16:56:54.622,21.874066163083967,11.44507232874048,5.529519761528718,7.984345788217979,4.159953651798787,6.386466010904769
2026-05-12 16:56:55.650,21.874066163083967,11.447440041763457,5.5290459178741,7.984266814275543,4.159163912374424,6.387334724271568
2026-05-12 16:56:56.681,21.874066163083967,11.442704615717503,5.529598735471154,7.983082205138999,4.160427495453405,6.389467020717348
2026-05-12 16:56:57.709,21.881361696912336,11.45059699246076,5.530704370665262,7.982529387541945,4.1614541567050765,6.390967525623637
2026-05-12 16:56:58.738,21.874066163083967,11.460067844552668,5.5296777094135905,7.984029892448234,4.159795703913915,6.394126483321088
2026-05-12 16:56:59.763,21.866770629255655,11.456910893855365,5.530704370665262,7.982055543887327,4.159321860259297,6.394521353033269
2026-05-12 16:57:00.794,21.874066163083967,11.4395476650202,5.529440787586282,7.984266814275543,4.160190573626096,6.394679300918142
2026-05-12 16:57:01.823,21.874066163083967,11.449018517112108,5.529756683356027,7.9822134917722,4.162243896129439,6.396732623421485
2026-05-12 16:57:02.851,21.874066163083967,11.451386230135085,5.529835657298463,7.982687335426817,4.159400834201733,6.3982331283277745
2026-05-12 16:57:03.879,21.874066163083967,11.441126140368851,5.529519761528718,7.983161179081435,4.159795703913915,6.401155164197917
2026-05-12 16:57:04.904,21.874066163083967,11.455332418506714,5.530783344607698,7.982371439657072,4.160506469395841,6.401550033910098
2026-05-12 16:57:05.930,21.874066163083967,11.45612165618104,5.529914631240899,7.981976569944891,4.159953651798787,6.402892590931515
2026-05-12 16:57:06.963,21.874066163083967,11.443493853391828,5.529914631240899,7.9838719445633615,4.159400834201733,6.405419757089476
2026-05-12 16:57:07.992,21.874066163083967,11.438758427345874,5.530388474895517,7.982766309369254,4.16011159968366,6.406525392283584
2026-05-12 16:57:09.022,21.874066163083967,11.429287575253966,5.529993605183336,7.984266814275543,4.158926990547116,6.408025897189873
2026-05-12 16:57:10.049,21.874066163083967,11.426919862230989,5.529993605183336,7.98410886639067,4.159084938431988,6.4096053760385985
2026-05-12 16:57:11.107,21.874066163083967,11.441126140368851,5.531020266435007,7.983713996678489,4.161928000359694,6.411105880944888
2026-05-12 16:57:12.135,21.874066163083967,11.451386230135085,5.5310992403774435,7.983003231196562,4.1594798081441695,6.412211516138996
2026-05-12 16:57:13.164,21.874066163083967,11.437969189671549,5.530230527010644,7.98284528331169,4.159400834201733,6.414264838642339
2026-05-12 16:57:14.195,21.874066163083967,11.422184436185034,5.530783344607698,7.983240153023871,4.160348521510969,6.416002265375937
2026-05-12 16:57:15.223,21.874066163083967,11.458489369204017,5.530309500953081,7.982608361484381,4.159795703913915,6.416870978742736
2026-05-12 16:57:16.251,21.874066163083967,11.4395476650202,5.530388474895517,7.982687335426817,4.159637756029042,6.419319170958261
2026-05-12 16:57:17.276,21.874066163083967,11.447440041763457,5.530704370665262,7.982529387541945,4.160506469395841,6.419635066728006
2026-05-12 16:57:18.303,21.866770629255655,11.441126140368851,5.530941292492571,7.983556048793616,4.160822365165586,6.421135571634295
2026-05-12 16:57:19.331,21.874066163083967,11.440336902694526,5.532204875571551,7.983003231196562,4.159637756029042,6.424057607504437
2026-05-12 16:57:20.360,21.874066163083967,11.443493853391828,5.531494110089625,7.982766309369254,4.160822365165586,6.42547913846829
2026-05-12 16:57:21.386,21.881361696912336,11.431655288276943,5.530783344607698,7.982529387541945,4.16137518276264,6.426031956065344
2026-05-12 16:57:22.412,21.874066163083967,11.452964705483737,5.531257188262316,7.982292465714636,4.160190573626096,6.428164252511124
2026-05-12 16:57:23.440,21.874066163083967,11.424552149208012,5.5310992403774435,7.983950918505798,4.16200697430213,6.429980653187158
2026-05-12 16:57:24.469,21.874066163083967,11.43402300129992,5.532283849513988,7.983240153023871,4.162085948244567,6.431244236266139
2026-05-12 16:57:25.496,21.874066163083967,11.444283091066154,5.531020266435007,7.983003231196562,4.1594798081441695,6.432981662999737
2026-05-12 16:57:26.523,21.874066163083967,11.45612165618104,5.532125901629115,7.983713996678489,4.159084938431988,6.433929350308972
2026-05-12 16:57:27.552,21.874066163083967,11.426919862230989,5.532046927686679,7.983082205138999,4.162480817956748,6.436377542524497
2026-05-12 16:57:28.576,21.874066163083967,11.449807754786434,5.5310992403774435,7.983556048793616,4.161296208820204,6.438509838970276
2026-05-12 16:57:29.603,21.874066163083967,11.452964705483737,5.531415136147189,7.983398100908744,4.1600326257412235,6.438746760797585
2026-05-12 16:57:30.629,21.874066163083967,11.426919862230989,5.531888979801806,7.9824504135995085,4.159953651798787,6.440721109358492
2026-05-12 16:57:31.655,21.866770629255655,11.434812238974246,5.531573084032061,7.98284528331169,4.159084938431988,6.44245853609209
2026-05-12 16:57:32.682,21.866770629255655,11.42849833757964,5.532836667111042,7.984345788217979,4.159874677856351,6.443564171286198
2026-05-12 16:57:33.709,21.874066163083967,11.453753943158063,5.5319679537442425,7.983003231196562,4.1594798081441695,6.447354920523139
2026-05-12 16:57:34.737,21.874066163083967,11.420605960836383,5.531888979801806,7.984424762160415,4.160427495453405,6.446249285329031
2026-05-12 16:57:35.763,21.866770629255655,11.460067844552668,5.532757693168605,7.982292465714636,4.160506469395841,6.448381581774811
2026-05-12 16:57:36.787,21.874066163083967,11.436390714322897,5.532678719226169,7.983082205138999,4.159242886316861,6.449645164853791
2026-05-12 16:57:37.814,21.866770629255655,11.459278606878343,5.53244179739886,7.98410886639067,4.159716729971478,6.451461565529826
2026-05-12 16:57:38.838,21.874066163083967,11.442704615717503,5.533468458650532,7.983161179081435,4.16011159968366,6.4528041225512425
2026-05-12 16:57:39.894,21.874066163083967,11.444283091066154,5.533231536823223,7.983713996678489,4.159242886316861,6.454699497169713
2026-05-12 16:57:40.921,21.874066163083967,11.436390714322897,5.533152562880787,7.983556048793616,4.159795703913915,6.456594871788184
2026-05-12 16:57:41.948,21.874066163083967,11.43402300129992,5.532678719226169,7.9824504135995085,4.159084938431988,6.458727168233963
2026-05-12 16:57:42.975,21.874066163083967,11.470327934318902,5.532678719226169,7.983792970620925,4.159242886316861,6.461412282276797
2026-05-12 16:57:44.003,21.874066163083967,11.464014032924297,5.533152562880787,7.983003231196562,4.160269547568532,6.461570230161669
2026-05-12 16:57:45.032,21.874066163083967,11.441915378043177,5.533310510765659,7.9833191269663075,4.159716729971478,6.4627548392982135
2026-05-12 16:57:46.057,21.874066163083967,11.449018517112108,5.533468458650532,7.982766309369254,4.159953651798787,6.463860474492321
2026-05-12 16:57:47.085,21.874066163083967,11.440336902694526,5.532678719226169,7.9838719445633615,4.160506469395841,6.465913796995665
2026-05-12 16:57:48.111,21.874066163083967,11.471117171993228,5.533152562880787,7.9818975960024545,4.159953651798787,6.466782510362464
2026-05-12 16:57:49.138,21.866770629255655,11.4395476650202,5.533231536823223,7.98284528331169,4.1594798081441695,6.468519937096062
2026-05-12 16:57:50.164,21.874066163083967,11.458489369204017,5.533863328362713,7.984661683987724,4.159005964489552,6.470810181426714
2026-05-12 16:57:51.225,21.874066163083967,11.429287575253966,5.532599745283733,7.982766309369254,4.158926990547116,6.471757868735949
2026-05-12 16:57:52.251,21.874066163083967,11.443493853391828,5.532678719226169,7.9833191269663075,4.162085948244567,6.475706565857763
2026-05-12 16:57:53.278,21.866770629255655,11.460067844552668,5.533626406535404,7.983792970620925,4.159795703913915,6.474600930663655
2026-05-12 16:57:54.304,21.874066163083967,11.432444525951269,5.534100250190022,7.9822134917722,4.159716729971478,6.477601940476234
2026-05-12 16:57:55.334,21.866770629255655,11.4395476650202,5.5333894847080956,7.982766309369254,4.159637756029042,6.478628601727905
2026-05-12 16:57:56.364,21.874066163083967,11.44507232874048,5.533468458650532,7.983082205138999,4.159795703913915,6.480129106634195
2026-05-12 16:57:57.397,21.866770629255655,11.444283091066154,5.5333894847080956,7.98284528331169,4.160269547568532,6.481392689713175
2026-05-12 16:57:58.425,21.874066163083967,11.454543180832388,5.534653067787076,7.983398100908744,4.160427495453405,6.483130116446773
2026-05-12 16:57:59.453,21.874066163083967,11.433233763625594,5.533468458650532,7.982371439657072,4.159716729971478,6.484235751640881
2026-05-12 16:58:00.481,21.874066163083967,11.441915378043177,5.534732041729512,7.982371439657072,4.162085948244567,6.486210100201788
2026-05-12 16:58:01.516,21.866770629255655,11.444283091066154,5.533468458650532,7.983792970620925,4.159163912374424,6.487394709338332
2026-05-12 16:58:02.544,21.866770629255655,11.4395476650202,5.533784354420277,7.983635022736053,4.159874677856351,6.489527005784112
2026-05-12 16:58:03.571,21.874066163083967,11.431655288276943,5.534337172017331,7.983240153023871,4.161533130647513,6.490553667035783
2026-05-12 16:58:04.598,21.866770629255655,11.445861566414806,5.535442807211439,7.982608361484381,4.158848016604679,6.492764937423999
2026-05-12 16:58:05.626,21.874066163083967,11.438758427345874,5.534653067787076,7.9824504135995085,4.159716729971478,6.494976207812215
2026-05-12 16:58:06.656,21.866770629255655,11.423762911533686,5.534416145959767,7.9833191269663075,4.160190573626096,6.496160816948759
2026-05-12 16:58:07.686,21.866770629255655,11.455332418506714,5.534968963556821,7.984424762160415,4.159953651798787,6.4974244000277395
2026-05-12 16:58:08.711,21.866770629255655,11.4395476650202,5.534495119902203,7.982529387541945,4.159953651798787,6.498451061279411
2026-05-12 16:58:09.741,21.874066163083967,11.449807754786434,5.534732041729512,7.983556048793616,4.159005964489552,6.502241810516352
2026-05-12 16:58:10.771,21.874066163083967,11.430866050602617,5.534653067787076,7.98347707485118,4.159321860259297,6.502873602055843
2026-05-12 16:58:11.822,21.866770629255655,11.426130624556663,5.535442807211439,7.98347707485118,4.159558782086606,6.502636680228534
2026-05-12 16:58:12.849,21.859475095427342,11.466381745947274,5.534179224132458,7.983398100908744,4.159163912374424,6.505163846386495
2026-05-12 16:58:13.879,21.866770629255655,11.449018517112108,5.53520588538413,7.983082205138999,4.159874677856351,6.506269481580603
2026-05-12 16:58:14.906,21.866770629255655,11.4395476650202,5.536390494520674,7.984187840333107,4.1600326257412235,6.507927934371764
2026-05-12 16:58:15.933,21.866770629255655,11.456910893855365,5.5353638332690025,7.9824504135995085,4.1600326257412235,6.5102181787024165
2026-05-12 16:58:16.960,21.866770629255655,11.460857082226994,5.535047937499257,7.98284528331169,4.159084938431988,6.511007918126779
2026-05-12 16:58:17.989,21.874066163083967,11.445861566414806,5.535521781153875,7.982371439657072,4.161217234877768,6.51353508428474
2026-05-12 16:58:19.017,21.866770629255655,11.438758427345874,5.535442807211439,7.983635022736053,4.159874677856351,6.513772006112049
2026-05-12 16:58:20.058,21.874066163083967,11.449018517112108,5.535600755096311,7.982924257254126,4.159084938431988,6.516062250442701
2026-05-12 16:58:21.083,21.859475095427342,11.466381745947274,5.535758702981184,7.9822134917722,4.159005964489552,6.517720703233863
2026-05-12 16:58:22.109,21.874066163083967,11.438758427345874,5.536074598750929,7.982055543887327,4.159795703913915,6.519142234197716
2026-05-12 16:58:23.137,21.866770629255655,11.443493853391828,5.5353638332690025,7.982134517829763,4.158926990547116,6.520484791219133
2026-05-12 16:58:24.166,21.866770629255655,11.452175467809411,5.535521781153875,7.982766309369254,4.159242886316861,6.521827348240549
2026-05-12 16:58:25.193,21.859475095427342,11.443493853391828,5.5353638332690025,7.983635022736053,4.159242886316861,6.523327853146839
2026-05-12 16:58:26.233,21.866770629255655,11.42297367385936,5.535600755096311,7.982055543887327,4.158848016604679,6.524986305938
2026-05-12 16:58:27.257,21.866770629255655,11.437969189671549,5.535679729038748,7.9818975960024545,4.160664417280714,6.526407836901853
2026-05-12 16:58:28.287,21.866770629255655,11.427709099905314,5.536153572693365,7.98071298686591,4.159163912374424,6.527987315750579
2026-05-12 16:58:29.317,21.866770629255655,11.464014032924297,5.536390494520674,7.983556048793616,4.159400834201733,6.530198586138795
2026-05-12 16:58:30.346,21.866770629255655,11.424552149208012,5.535758702981184,7.983161179081435,4.158532120834934,6.531304221332903
2026-05-12 16:58:31.376,21.866770629255655,11.457700131529691,5.535679729038748,7.98284528331169,4.159005964489552,6.532883700181628
2026-05-12 16:58:32.442,21.866770629255655,11.436390714322897,5.536548442405547,7.983398100908744,4.158453146892498,6.535331892397153
2026-05-12 16:58:33.470,21.866770629255655,11.457700131529691,5.53646946846311,7.98284528331169,4.161138260935331,6.537543162785369
2026-05-12 16:58:34.498,21.866770629255655,11.44507232874048,5.536943312117728,7.982371439657072,4.1594798081441695,6.539517511346276
2026-05-12 16:58:35.525,21.866770629255655,11.437179951997223,5.536311520578238,7.982608361484381,4.158374172950062,6.539517511346276
2026-05-12 16:58:36.553,21.866770629255655,11.42849833757964,5.536311520578238,7.982687335426817,4.159084938431988,6.540860068367692
2026-05-12 16:58:37.613,21.859475095427342,11.441915378043177,5.536153572693365,7.98347707485118,4.159637756029042,6.544492869719761
2026-05-12 16:58:38.641,21.866770629255655,11.440336902694526,5.535995624808493,7.981423752347837,4.158453146892498,6.543861078180271
2026-05-12 16:58:39.668,21.859475095427342,11.466381745947274,5.536864338175292,7.983713996678489,4.159795703913915,6.547256957705031
2026-05-12 16:58:40.700,21.866770629255655,11.4395476650202,5.5362325466358016,7.983635022736053,4.161138260935331,6.546783114050413
2026-05-12 16:58:41.727,21.859475095427342,11.4395476650202,5.537101260002601,7.982766309369254,4.158532120834934,6.5485995147264475
2026-05-12 16:58:42.753,21.866770629255655,11.436390714322897,5.537812025484527,7.982371439657072,4.159400834201733,6.551363602711717
2026-05-12 16:58:43.778,21.866770629255655,11.446650804089131,5.537101260002601,7.982529387541945,4.158690068719807,6.551600524539026
2026-05-12 16:58:44.809,21.866770629255655,11.45059699246076,5.537890999426963,7.983713996678489,4.160980313050459,6.553811794927242
2026-05-12 16:58:45.836,21.859475095427342,11.459278606878343,5.537022286060164,7.982766309369254,4.160980313050459,6.554759482236477
2026-05-12 16:58:46.865,21.859475095427342,11.427709099905314,5.5379699733694,7.982134517829763,4.160269547568532,6.5576815181066195
2026-05-12 16:58:47.895,21.866770629255655,11.453753943158063,5.537812025484527,7.982371439657072,4.158926990547116,6.5589451011856
2026-05-12 16:58:48.922,21.859475095427342,11.466381745947274,5.537180233945037,7.983635022736053,4.159242886316861,6.560840475804071
2026-05-12 16:58:49.950,21.859475095427342,11.4395476650202,5.538048947311836,7.983003231196562,4.159400834201733,6.561156371573816
2026-05-12 16:58:50.977,21.859475095427342,11.441126140368851,5.538443817024017,7.981818622060018,4.159163912374424,6.5633676419620315
2026-05-12 16:58:52.003,21.866770629255655,11.41744901013908,5.537654077599655,7.983082205138999,4.158532120834934,6.564315329271267
2026-05-12 16:58:53.033,21.859475095427342,11.437179951997223,5.537259207887473,7.983082205138999,4.159163912374424,6.565815834177556
2026-05-12 16:58:54.061,21.866770629255655,11.464014032924297,5.537022286060164,7.984029892448234,4.159400834201733,6.567790182738463
2026-05-12 16:58:55.094,21.859475095427342,11.462435557575645,5.5382068951967085,7.982766309369254,4.158769042662243,6.569843505241806
2026-05-12 16:58:56.124,21.859475095427342,11.42849833757964,5.537575103657218,7.983713996678489,4.158453146892498,6.570159401011551
2026-05-12 16:58:57.156,21.866770629255655,11.429287575253966,5.537733051542091,7.983556048793616,4.160506469395841,6.573871176306056
2026-05-12 16:58:58.182,21.866770629255655,11.436390714322897,5.537812025484527,7.9822134917722,4.158453146892498,6.573555280536311
2026-05-12 16:58:59.212,21.866770629255655,11.437969189671549,5.538048947311836,7.983240153023871,4.159953651798787,6.575529629097218
2026-05-12 16:59:00.239,21.866770629255655,11.448229279437783,5.537812025484527,7.983398100908744,4.159874677856351,6.57718808188838
2026-05-12 16:59:01.264,21.866770629255655,11.440336902694526,5.539075608563508,7.983082205138999,4.159242886316861,6.57932037833416
2026-05-12 16:59:02.290,21.866770629255655,11.429287575253966,5.538285869139145,7.983082205138999,4.159716729971478,6.580741909298013
2026-05-12 16:59:03.315,21.866770629255655,11.438758427345874,5.538838686736199,7.982687335426817,4.159400834201733,6.582242414204302
2026-05-12 16:59:04.345,21.859475095427342,11.444283091066154,5.537575103657218,7.982529387541945,4.161296208820204,6.5839798409379
2026-05-12 16:59:05.374,21.874066163083967,11.423762911533686,5.5387597127937624,7.983003231196562,4.158769042662243,6.5846906064198265
2026-05-12 16:59:06.400,21.866770629255655,11.440336902694526,5.538443817024017,7.983082205138999,4.158532120834934,6.586428033153425
2026-05-12 16:59:07.429,21.859475095427342,11.44507232874048,5.5387597127937624,7.984424762160415,4.158453146892498,6.58800751200215
2026-05-12 16:59:08.459,21.859475095427342,11.460067844552668,5.5387597127937624,7.984661683987724,4.158453146892498,6.5909295478722925
2026-05-12 16:59:09.486,21.859475095427342,11.452175467809411,5.538996634621071,7.983635022736053,4.160980313050459,6.591166469699601
2026-05-12 16:59:10.513,21.859475095427342,11.436390714322897,5.539707400102998,7.985056553699906,4.158453146892498,6.593140818260508
2026-05-12 16:59:11.544,21.874066163083967,11.433233763625594,5.538838686736199,7.9838719445633615,4.16137518276264,6.594720297109234
2026-05-12 16:59:12.583,21.866770629255655,11.441915378043177,5.53860176490889,7.983792970620925,4.16137518276264,6.59543106259116
2026-05-12 16:59:13.610,21.866770629255655,11.426130624556663,5.539154582505944,7.984266814275543,4.159321860259297,6.59693156749745
2026-05-12 16:59:14.639,21.859475095427342,11.413502821767452,5.5396284261605615,7.983003231196562,4.1614541567050765,6.599379759712974
2026-05-12 16:59:15.666,21.866770629255655,11.447440041763457,5.538838686736199,7.9838719445633615,4.1586110947773705,6.602459743467989
2026-05-12 16:59:16.693,21.859475095427342,11.431655288276943,5.540655087412233,7.981660674175146,4.1594798081441695,6.602380769525553
2026-05-12 16:59:17.738,21.859475095427342,11.435601476648571,5.539707400102998,7.9822134917722,4.161612104589949,6.6037233265469695
2026-05-12 16:59:18.770,21.859475095427342,11.420605960836383,5.540418165584924,7.982766309369254,4.158453146892498,6.605460753280568
2026-05-12 16:59:19.867,21.866770629255655,11.451386230135085,5.539944321930307,7.983713996678489,4.159321860259297,6.60775099761122
2026-05-12 16:59:20.917,21.859475095427342,11.434812238974246,5.540102269815179,7.983635022736053,4.158295199007625,6.609804320114563
2026-05-12 16:59:21.944,21.866770629255655,11.430866050602617,5.53923355644838,7.983398100908744,4.159005964489552,6.610673033481362
2026-05-12 16:59:22.975,21.859475095427342,11.449018517112108,5.539312530390816,7.9822134917722,4.159874677856351,6.611462772905725
2026-05-12 16:59:24.003,21.859475095427342,11.433233763625594,5.5396284261605615,7.982529387541945,4.158295199007625,6.613200199639323
2026-05-12 16:59:25.033,21.866770629255655,11.453753943158063,5.53923355644838,7.9824504135995085,4.159637756029042,6.615016600315357
2026-05-12 16:59:26.072,21.866770629255655,11.437179951997223,5.539470478275689,7.981581700232709,4.159637756029042,6.617543766473318
2026-05-12 16:59:27.098,21.866770629255655,11.441126140368851,5.540260217700052,7.981976569944891,4.159321860259297,6.618096584070372
2026-05-12 16:59:28.131,21.866770629255655,11.45059699246076,5.53986534798787,7.983635022736053,4.1600326257412235,6.621413489652696
2026-05-12 16:59:29.159,21.859475095427342,11.440336902694526,5.539944321930307,7.98284528331169,4.1594798081441695,6.621097593882951
2026-05-12 16:59:30.191,21.866770629255655,11.438758427345874,5.540497139527361,7.984819631872597,4.16074339122315,6.62322989032873
2026-05-12 16:59:31.222,21.859475095427342,11.4395476650202,5.539786374045434,7.982529387541945,4.159400834201733,6.623940655810657
2026-05-12 16:59:32.251,21.866770629255655,11.41744901013908,5.540260217700052,7.983003231196562,4.159084938431988,6.627810378990034
2026-05-12 16:59:33.277,21.859475095427342,11.438758427345874,5.540576113469797,7.982766309369254,4.158690068719807,6.627336535335417
2026-05-12 16:59:34.306,21.866770629255655,11.421395198510709,5.541444826836596,7.983161179081435,4.159084938431988,6.628916014184142
2026-05-12 16:59:35.335,21.859475095427342,11.451386230135085,5.540813035297106,7.984029892448234,4.159084938431988,6.6312852324572304
2026-05-12 16:59:36.364,21.859475095427342,11.434812238974246,5.540023295872743,7.982134517829763,4.158374172950062,6.631759076111848
2026-05-12 16:59:37.393,21.859475095427342,11.437969189671549,5.540260217700052,7.9833191269663075,4.158137251122753,6.635312903521481
2026-05-12 16:59:38.417,21.866770629255655,11.42849833757964,5.5401812437576154,7.983398100908744,4.16011159968366,6.635628799291226
2026-05-12 16:59:39.447,21.866770629255655,11.437969189671549,5.540892009239542,7.982687335426817,4.158374172950062,6.63681340842777
2026-05-12 16:59:40.477,21.866770629255655,11.445861566414806,5.540339191642488,7.98284528331169,4.159084938431988,6.639735444297912
2026-05-12 16:59:41.503,21.866770629255655,11.42297367385936,5.540655087412233,7.981581700232709,4.160822365165586,6.63957749641304
2026-05-12 16:59:42.529,21.866770629255655,11.457700131529691,5.540418165584924,7.9838719445633615,4.158690068719807,6.642420558340746
2026-05-12 16:59:43.572,21.859475095427342,11.453753943158063,5.5401812437576154,7.983398100908744,4.160664417280714,6.643684141419726
2026-05-12 16:59:44.600,21.866770629255655,11.45059699246076,5.541286878951723,7.981818622060018,4.159242886316861,6.6449477244987065
2026-05-12 16:59:45.627,21.859475095427342,11.459278606878343,5.540813035297106,7.983713996678489,4.161138260935331,6.645974385750378
2026-05-12 16:59:46.654,21.866770629255655,11.444283091066154,5.540576113469797,7.983240153023871,4.1586110947773705,6.648027708253721
2026-05-12 16:59:47.685,21.866770629255655,11.433233763625594,5.540813035297106,7.98284528331169,4.158374172950062,6.65039692652681
2026-05-12 16:59:48.714,21.866770629255655,11.430076812928291,5.5410499571244145,7.983556048793616,4.158690068719807,6.6506338483541185
2026-05-12 16:59:49.769,21.866770629255655,11.44507232874048,5.541128931066851,7.983635022736053,4.158216225065189,6.653003066627207
2026-05-12 16:59:50.798,21.866770629255655,11.45059699246076,5.541128931066851,7.982371439657072,4.159953651798787,6.654187675763751
2026-05-12 16:59:51.828,21.866770629255655,11.438758427345874,5.541918670491214,7.98410886639067,4.158216225065189,6.656004076439785
2026-05-12 16:59:52.859,21.859475095427342,11.452964705483737,5.541444826836596,7.9838719445633615,4.158690068719807,6.657267659518766
2026-05-12 16:59:53.888,21.874066163083967,11.460857082226994,5.541286878951723,7.983082205138999,4.161059286992895,6.65845226865531
2026-05-12 16:59:54.918,21.859475095427342,11.445861566414806,5.54136585289416,7.982292465714636,4.159163912374424,6.660821486928398
2026-05-12 16:59:55.950,21.866770629255655,11.449018517112108,5.541681748663905,7.98284528331169,4.16011159968366,6.663032757316614
2026-05-12 16:59:56.981,21.859475095427342,11.437179951997223,5.54199764443365,7.98410886639067,4.158926990547116,6.663348653086359
2026-05-12 16:59:58.012,21.866770629255655,11.441915378043177,5.540892009239542,7.982766309369254,4.159321860259297,6.664454288280467
2026-05-12 16:59:59.043,21.859475095427342,11.42297367385936,5.541681748663905,7.983398100908744,4.159242886316861,6.667060428380864
2026-05-12 17:00:00.075,21.866770629255655,11.430866050602617,5.541760722606341,7.983398100908744,4.160427495453405,6.668166063574972
2026-05-12 17:00:01.104,21.866770629255655,11.437179951997223,5.5424714880882675,7.982371439657072,4.159084938431988,6.66990349030857
2026-05-12 17:00:02.132,21.866770629255655,11.443493853391828,5.541839696548777,7.9833191269663075,4.159242886316861,6.672193734639222
2026-05-12 17:00:03.159,21.859475095427342,11.437969189671549,5.5424714880882675,7.982924257254126,4.1580582771803165,6.672272708581659
2026-05-12 17:00:04.190,21.866770629255655,11.452964705483737,5.542155592318522,7.9822134917722,4.158532120834934,6.675589614163982
2026-05-12 17:00:05.221,21.874066163083967,11.442704615717503,5.542787383858013,7.982687335426817,4.161059286992895,6.67543166627911
2026-05-12 17:00:06.246,21.874066163083967,11.42849833757964,5.542945331742885,7.98284528331169,4.158216225065189,6.677563962724889
2026-05-12 17:00:07.276,21.866770629255655,11.419816723162057,5.543419175397503,7.983161179081435,4.158926990547116,6.678590623976561
2026-05-12 17:00:08.303,21.866770629255655,11.455332418506714,5.5430243056853215,7.983161179081435,4.159005964489552,6.680643946479904
2026-05-12 17:00:09.333,21.866770629255655,11.430866050602617,5.542234566260959,7.983635022736053,4.159084938431988,6.682934190810556
2026-05-12 17:00:10.360,21.866770629255655,11.443493853391828,5.54262943597314,7.98347707485118,4.158216225065189,6.6838818781197915
2026-05-12 17:00:11.388,21.866770629255655,11.441915378043177,5.5430243056853215,7.982608361484381,4.159163912374424,6.686330070335316
2026-05-12 17:00:12.417,21.866770629255655,11.435601476648571,5.544524810591611,7.982687335426817,4.158295199007625,6.686409044277752
2026-05-12 17:00:13.443,21.874066163083967,11.424552149208012,5.542708409915576,7.983240153023871,4.1609013391080225,6.687988523126478
2026-05-12 17:00:14.470,21.866770629255655,11.440336902694526,5.543182253570194,7.982687335426817,4.158848016604679,6.69027876745713
2026-05-12 17:00:15.501,21.874066163083967,11.437179951997223,5.542076618376086,7.983082205138999,4.158374172950062,6.691700298420983
2026-05-12 17:00:16.532,21.866770629255655,11.422184436185034,5.542945331742885,7.982608361484381,4.159084938431988,6.693516699097017
2026-05-12 17:00:17.564,21.874066163083967,11.451386230135085,5.543419175397503,7.983003231196562,4.158137251122753,6.695648995542797
2026-05-12 17:00:18.615,21.866770629255655,11.421395198510709,5.543971992994557,7.982924257254126,4.158453146892498,6.696754630736905
2026-05-12 17:00:19.644,21.866770629255655,11.432444525951269,5.542787383858013,7.983398100908744,4.159953651798787,6.69833410958563
2026-05-12 17:00:20.672,21.874066163083967,11.41744901013908,5.543103279627758,7.984345788217979,4.1594798081441695,6.699676666607047
2026-05-12 17:00:21.702,21.874066163083967,11.440336902694526,5.543182253570194,7.982608361484381,4.158216225065189,6.7009402496860275
2026-05-12 17:00:22.726,21.874066163083967,11.441126140368851,5.544287888764302,7.98284528331169,4.157900329295444,6.702203832765008
2026-05-12 17:00:23.753,21.874066163083967,11.456910893855365,5.543498149339939,7.982608361484381,4.159242886316861,6.704257155268351
2026-05-12 17:00:24.800,21.874066163083967,11.436390714322897,5.544682758476483,7.9822134917722,4.161296208820204,6.705599712289768
2026-05-12 17:00:25.828,21.866770629255655,11.45059699246076,5.54326122751263,7.982371439657072,4.1609013391080225,6.707574060850675
2026-05-12 17:00:26.860,21.874066163083967,11.437969189671549,5.5453145500159735,7.9838719445633615,4.158295199007625,6.709943279123763
2026-05-12 17:00:27.891,21.874066163083967,11.453753943158063,5.544840706361356,7.9824504135995085,4.160190573626096,6.711522757972489
2026-05-12 17:00:28.918,21.874066163083967,11.424552149208012,5.543340201455067,7.9833191269663075,4.158137251122753,6.7128653149939055
2026-05-12 17:00:29.945,21.874066163083967,11.449807754786434,5.543814045109684,7.982924257254126,4.15797930323788,6.713418132590959
2026-05-12 17:00:30.974,21.874066163083967,11.437969189671549,5.544840706361356,7.983792970620925,4.158374172950062,6.715392481151866
2026-05-12 17:00:31.999,21.874066163083967,11.426919862230989,5.544524810591611,7.982292465714636,4.1600326257412235,6.717682725482518
2026-05-12 17:00:33.029,21.874066163083967,11.426919862230989,5.543498149339939,7.983635022736053,4.159716729971478,6.718788360676626
2026-05-12 17:00:34.059,21.874066163083967,11.438758427345874,5.544050966936993,7.9824504135995085,4.1600326257412235,6.719578100100989
2026-05-12 17:00:35.088,21.874066163083967,11.435601476648571,5.544998654246228,7.982687335426817,4.160664417280714,6.720288865582916
2026-05-12 17:00:36.123,21.874066163083967,11.437179951997223,5.5444458366491745,7.9818975960024545,4.158216225065189,6.72336884933793
2026-05-12 17:00:37.150,21.874066163083967,11.43402300129992,5.543656097224812,7.982529387541945,4.158374172950062,6.725264223956401
2026-05-12 17:00:38.178,21.866770629255655,11.42297367385936,5.544919680303792,7.983161179081435,4.158690068719807,6.7276334422294894
2026-05-12 17:00:39.209,21.874066163083967,11.427709099905314,5.544524810591611,7.983240153023871,4.1580582771803165,6.729370868963088
2026-05-12 17:00:40.238,21.874066163083967,11.427709099905314,5.544050966936993,7.9833191269663075,4.159005964489552,6.729844712617705
2026-05-12 17:00:41.269,21.874066163083967,11.4395476650202,5.544998654246228,7.983082205138999,4.159005964489552,6.7313452175239945
2026-05-12 17:00:42.303,21.874066163083967,11.440336902694526,5.544366862706738,7.983082205138999,4.159242886316861,6.733714435797083
2026-05-12 17:00:43.332,21.874066163083967,11.423762911533686,5.544603784534047,7.983398100908744,4.158216225065189,6.734504175221446
2026-05-12 17:00:44.362,21.874066163083967,11.419027485487732,5.544682758476483,7.983003231196562,4.158295199007625,6.736241601955044
2026-05-12 17:00:45.391,21.874066163083967,11.43402300129992,5.544840706361356,7.983398100908744,4.160506469395841,6.737900054746206
2026-05-12 17:00:46.417,21.874066163083967,11.44507232874048,5.544603784534047,7.981976569944891,4.161217234877768,6.739479533594931
2026-05-12 17:00:47.443,21.874066163083967,11.42297367385936,5.54665710703739,7.9833191269663075,4.159084938431988,6.739953377249549
2026-05-12 17:00:48.470,21.881361696912336,11.447440041763457,5.544840706361356,7.981739648117582,4.15797930323788,6.742243621580201
2026-05-12 17:00:49.495,21.874066163083967,11.437179951997223,5.54539352395841,7.983398100908744,4.1580582771803165,6.7446918137957255
2026-05-12 17:00:50.525,21.874066163083967,11.44507232874048,5.545709419728155,7.9838719445633615,4.158374172950062,6.745244631392779
2026-05-12 17:00:51.554,21.874066163083967,11.453753943158063,5.5458673676130275,7.982924257254126,4.158848016604679,6.746192318702015
2026-05-12 17:00:52.584,21.874066163083967,11.424552149208012,5.5458673676130275,7.983003231196562,4.159163912374424,6.749430250341902
2026-05-12 17:00:53.610,21.874066163083967,11.444283091066154,5.546104289440336,7.983161179081435,4.16074339122315,6.7503779376511375
2026-05-12 17:00:54.637,21.874066163083967,11.436390714322897,5.546104289440336,7.984424762160415,4.15797930323788,6.75393176506077
2026-05-12 17:00:55.670,21.874066163083967,11.430076812928291,5.546341211267645,7.983950918505798,4.158848016604679,6.752905103809098
2026-05-12 17:00:56.701,21.881361696912336,11.43402300129992,5.546894028864699,7.983161179081435,4.158216225065189,6.7560640615065495
2026-05-12 17:00:57.729,21.874066163083967,11.442704615717503,5.546104289440336,7.9822134917722,4.157900329295444,6.7574855924704025
2026-05-12 17:00:58.781,21.874066163083967,11.4395476650202,5.546894028864699,7.983003231196562,4.160664417280714,6.758196357952329
2026-05-12 17:00:59.808,21.874066163083967,11.432444525951269,5.545709419728155,7.983556048793616,4.16074339122315,6.759617888916182
2026-05-12 17:01:00.837,21.881361696912336,11.441126140368851,5.546499159152518,7.98284528331169,4.161059286992895,6.761513263534653
2026-05-12 17:01:01.863,21.874066163083967,11.434812238974246,5.546973002807135,7.983082205138999,4.158216225065189,6.7626188987287605
2026-05-12 17:01:02.895,21.874066163083967,11.435601476648571,5.546341211267645,7.983398100908744,4.15797930323788,6.764909143059413
2026-05-12 17:01:03.924,21.874066163083967,11.423762911533686,5.5460253154979,7.982134517829763,4.1580582771803165,6.765540934598903
2026-05-12 17:01:04.952,21.874066163083967,11.441915378043177,5.5460253154979,7.9833191269663075,4.15797930323788,6.766962465562756
2026-05-12 17:01:05.983,21.874066163083967,11.429287575253966,5.546104289440336,7.9824504135995085,4.158295199007625,6.76877886623879
2026-05-12 17:01:07.010,21.881361696912336,11.421395198510709,5.5460253154979,7.981976569944891,4.161296208820204,6.770990136627006
2026-05-12 17:01:08.036,21.874066163083967,11.441126140368851,5.547051976749572,7.982608361484381,4.158532120834934,6.7717009021089325
2026-05-12 17:01:09.062,21.874066163083967,11.471117171993228,5.546815054922263,7.9838719445633615,4.158216225065189,6.773359354900094
2026-05-12 17:01:10.090,21.866770629255655,11.444283091066154,5.5467360809798265,7.982924257254126,4.157663407468135,6.776360364712673
2026-05-12 17:01:11.118,21.874066163083967,11.437969189671549,5.546894028864699,7.982766309369254,4.160664417280714,6.77770292173409
2026-05-12 17:01:12.148,21.874066163083967,11.434812238974246,5.546262237325209,7.9824504135995085,4.158769042662243,6.778492661158452
2026-05-12 17:01:13.174,21.874066163083967,11.429287575253966,5.547525820404189,7.982687335426817,4.158374172950062,6.77959829635256
2026-05-12 17:01:14.206,21.874066163083967,11.430866050602617,5.547209924634444,7.983161179081435,4.157900329295444,6.780703931546668
2026-05-12 17:01:15.234,21.874066163083967,11.434812238974246,5.546973002807135,7.984187840333107,4.158216225065189,6.7830731498197565
2026-05-12 17:01:16.263,21.874066163083967,11.443493853391828,5.547525820404189,7.9818975960024545,4.158374172950062,6.784178785013864
2026-05-12 17:01:17.293,21.866770629255655,11.448229279437783,5.546341211267645,7.982924257254126,4.158848016604679,6.785679289920154
2026-05-12 17:01:18.321,21.874066163083967,11.453753943158063,5.546341211267645,7.983398100908744,4.159163912374424,6.787258768768879
2026-05-12 17:01:19.352,21.874066163083967,11.449018517112108,5.546578133094954,7.9833191269663075,4.15797930323788,6.790022856754149
2026-05-12 17:01:20.380,21.874066163083967,11.446650804089131,5.546262237325209,7.98284528331169,4.157821355353008,6.791049518005821
2026-05-12 17:01:21.409,21.874066163083967,11.42297367385936,5.547367872519317,7.983161179081435,4.161138260935331,6.792786944739419
2026-05-12 17:01:22.437,21.874066163083967,11.444283091066154,5.547762742231498,7.983950918505798,4.157742381410571,6.793655658106218
2026-05-12 17:01:23.463,21.874066163083967,11.430076812928291,5.547683768289062,7.982134517829763,4.159558782086606,6.796656667918796
2026-05-12 17:01:24.490,21.874066163083967,11.426919862230989,5.54665710703739,7.982924257254126,4.158926990547116,6.796814615803669
2026-05-12 17:01:25.521,21.874066163083967,11.46164631990132,5.547051976749572,7.983792970620925,4.159795703913915,6.798946912249448
2026-05-12 17:01:26.552,21.874066163083967,11.434812238974246,5.547209924634444,7.982766309369254,4.159321860259297,6.79997357350112
2026-05-12 17:01:27.581,21.874066163083967,11.436390714322897,5.547051976749572,7.981818622060018,4.159242886316861,6.8015530523498455
2026-05-12 17:01:28.628,21.874066163083967,11.455332418506714,5.547051976749572,7.984187840333107,4.158295199007625,6.802895609371262
2026-05-12 17:01:29.654,21.874066163083967,11.415870534790429,5.547683768289062,7.982608361484381,4.1600326257412235,6.805659697356532
2026-05-12 17:01:30.683,21.874066163083967,11.415081297116103,5.548473507713425,7.983082205138999,4.158453146892498,6.806291488896022
2026-05-12 17:01:31.708,21.874066163083967,11.433233763625594,5.548078638001243,7.982529387541945,4.158295199007625,6.808107889572057
2026-05-12 17:01:32.740,21.866770629255655,11.426919862230989,5.547525820404189,7.983792970620925,4.159637756029042,6.810556081787581
2026-05-12 17:01:33.770,21.874066163083967,11.442704615717503,5.5472888985768805,7.982687335426817,4.158690068719807,6.810556081787581
2026-05-12 17:01:34.808,21.866770629255655,11.429287575253966,5.547762742231498,7.981818622060018,4.158848016604679,6.813399143715287
2026-05-12 17:01:35.835,21.866770629255655,11.433233763625594,5.547683768289062,7.983003231196562,4.158216225065189,6.815689388045939
2026-05-12 17:01:36.862,21.874066163083967,11.454543180832388,5.54878940348317,7.9824504135995085,4.158137251122753,6.814741700736704
2026-05-12 17:01:37.889,21.866770629255655,11.440336902694526,5.548394533770988,7.983082205138999,4.158532120834934,6.818058606319028
2026-05-12 17:01:38.916,21.874066163083967,11.444283091066154,5.54942119502266,7.982371439657072,4.159321860259297,6.81884834574339
2026-05-12 17:01:39.946,21.866770629255655,11.429287575253966,5.548868377425606,7.983082205138999,4.158137251122753,6.820506798534552
2026-05-12 17:01:40.977,21.874066163083967,11.432444525951269,5.547841716173934,7.983161179081435,4.160506469395841,6.82374473017444
2026-05-12 17:01:42.005,21.874066163083967,11.434812238974246,5.549026325310479,7.983635022736053,4.159321860259297,6.823191912577386
2026-05-12 17:01:43.034,21.874066163083967,11.43402300129992,5.549342221080224,7.982687335426817,4.159163912374424,6.82564010479291
2026-05-12 17:01:44.060,21.874066163083967,11.434812238974246,5.547999664058807,7.983240153023871,4.158453146892498,6.827377531526508
2026-05-12 17:01:45.093,21.874066163083967,11.441915378043177,5.548394533770988,7.98347707485118,4.159242886316861,6.827851375181126
2026-05-12 17:01:46.119,21.866770629255655,11.441915378043177,5.548236585886116,7.982766309369254,4.158690068719807,6.8291149582601065
2026-05-12 17:01:47.146,21.874066163083967,11.441915378043177,5.5495791429075325,7.9847406579301605,4.158137251122753,6.830852384993705
2026-05-12 17:01:48.173,21.874066163083967,11.429287575253966,5.549105299252915,7.982529387541945,4.159005964489552,6.832352889899994
2026-05-12 17:01:49.203,21.866770629255655,11.432444525951269,5.5487104295407335,7.982924257254126,4.158769042662243,6.833616472978974
2026-05-12 17:01:50.233,21.874066163083967,11.435601476648571,5.548473507713425,7.982687335426817,4.158295199007625,6.837091326446171
2026-05-12 17:01:51.263,21.874066163083967,11.45612165618104,5.548947351368042,7.98347707485118,4.158848016604679,6.837486196158352
2026-05-12 17:01:52.288,21.874066163083967,11.441915378043177,5.549263247137787,7.983713996678489,4.159005964489552,6.839144648949514
2026-05-12 17:01:53.316,21.866770629255655,11.42849833757964,5.549658116849969,7.983398100908744,4.159005964489552,6.841118997510421
2026-05-12 17:01:54.345,21.866770629255655,11.437969189671549,5.548947351368042,7.9838719445633615,4.159716729971478,6.842303606646965
2026-05-12 17:01:55.375,21.874066163083967,11.437969189671549,5.54878940348317,7.984661683987724,4.161138260935331,6.843409241841073
2026-05-12 17:01:56.403,21.874066163083967,11.4395476650202,5.549263247137787,7.982687335426817,4.158295199007625,6.844909746747362
2026-05-12 17:01:57.447,21.866770629255655,11.426130624556663,5.549105299252915,7.984503736102852,4.159242886316861,6.847121017135578
2026-05-12 17:01:58.474,21.866770629255655,11.452964705483737,5.549500168965096,7.9824504135995085,4.161138260935331,6.8481476783872495
2026-05-12 17:01:59.502,21.874066163083967,11.438758427345874,5.5501319605045865,7.982055543887327,4.159005964489552,6.848937417811612
2026-05-12 17:02:00.560,21.866770629255655,11.441126140368851,5.549105299252915,7.982924257254126,4.160822365165586,6.851227662142264
2026-05-12 17:02:01.591,21.874066163083967,11.443493853391828,5.549263247137787,7.982766309369254,4.1600326257412235,6.8532809846456075
2026-05-12 17:02:02.621,21.866770629255655,11.459278606878343,5.550763752044077,7.983082205138999,4.1580582771803165,6.854465593782152
2026-05-12 17:02:03.649,21.874066163083967,11.426130624556663,5.550368882331895,7.984266814275543,4.158374172950062,6.856913785997676
2026-05-12 17:02:04.682,21.866770629255655,11.436390714322897,5.549500168965096,7.981739648117582,4.159795703913915,6.857624551479603
2026-05-12 17:02:05.708,21.866770629255655,11.44507232874048,5.549658116849969,7.982134517829763,4.160190573626096,6.8595199260980735
2026-05-12 17:02:06.738,21.866770629255655,11.442704615717503,5.550605804159204,7.983792970620925,4.159084938431988,6.8609414570619265
2026-05-12 17:02:07.769,21.866770629255655,11.421395198510709,5.549737090792405,7.982766309369254,4.15797930323788,6.8637845189896325
2026-05-12 17:02:08.797,21.866770629255655,11.42849833757964,5.549658116849969,7.983556048793616,4.1580582771803165,6.8646532323564315
2026-05-12 17:02:09.824,21.874066163083967,11.444283091066154,5.550289908389459,7.983950918505798,4.1580582771803165,6.865521945723231
2026-05-12 17:02:10.853,21.874066163083967,11.429287575253966,5.5495791429075325,7.982687335426817,4.158216225065189,6.86765424216901
2026-05-12 17:02:11.884,21.874066163083967,11.42849833757964,5.550210934447023,7.982529387541945,4.158690068719807,6.868443981593373
2026-05-12 17:02:12.914,21.866770629255655,11.440336902694526,5.5501319605045865,7.982687335426817,4.158295199007625,6.870655251981589
2026-05-12 17:02:13.947,21.874066163083967,11.430076812928291,5.550605804159204,7.982766309369254,4.157821355353008,6.872708574484932
2026-05-12 17:02:14.983,21.874066163083967,11.414292059441777,5.55068477810164,7.982924257254126,4.158137251122753,6.874998818815584
2026-05-12 17:02:16.011,21.866770629255655,11.446650804089131,5.5510006738713855,7.982924257254126,4.1600326257412235,6.8751567667004565
2026-05-12 17:02:17.041,21.866770629255655,11.454543180832388,5.551395543583567,7.982529387541945,4.15797930323788,6.878078802570599
2026-05-12 17:02:18.066,21.866770629255655,11.430866050602617,5.551869387238185,7.982924257254126,4.159005964489552,6.878394698340344
2026-05-12 17:02:19.094,21.874066163083967,11.453753943158063,5.5510006738713855,7.9824504135995085,4.161059286992895,6.879737255361761
2026-05-12 17:02:20.133,21.874066163083967,11.433233763625594,5.551079647813822,7.982292465714636,4.160348521510969,6.883370056713829
2026-05-12 17:02:21.190,21.874066163083967,11.430866050602617,5.5515534914684395,7.983556048793616,4.160506469395841,6.8836859524835745
2026-05-12 17:02:22.229,21.874066163083967,11.42297367385936,5.551158621756258,7.983240153023871,4.158769042662243,6.8870818320083345
2026-05-12 17:02:23.258,21.881361696912336,11.437969189671549,5.551316569641131,7.983713996678489,4.1580582771803165,6.886765936238589
2026-05-12 17:02:24.287,21.874066163083967,11.431655288276943,5.551869387238185,7.983556048793616,4.158532120834934,6.889845919993604
2026-05-12 17:02:25.318,21.874066163083967,11.440336902694526,5.551790413295748,7.983398100908744,4.159321860259297,6.888582336914624
2026-05-12 17:02:26.348,21.874066163083967,11.427709099905314,5.551316569641131,7.9824504135995085,4.158848016604679,6.890714633360403
2026-05-12 17:02:27.373,21.874066163083967,11.449018517112108,5.551869387238185,7.983003231196562,4.1586110947773705,6.893083851633492
2026-05-12 17:02:28.397,21.866770629255655,11.435601476648571,5.551869387238185,7.983003231196562,4.159084938431988,6.895216148079271
2026-05-12 17:02:29.426,21.874066163083967,11.434812238974246,5.552659126662547,7.983556048793616,4.158926990547116,6.894979226251962
2026-05-12 17:02:30.456,21.874066163083967,11.421395198510709,5.55218528300793,7.9824504135995085,4.158532120834934,6.898375105776722
2026-05-12 17:02:31.487,21.874066163083967,11.414292059441777,5.552106309065493,7.9833191269663075,4.158926990547116,6.898296131834286
2026-05-12 17:02:32.517,21.874066163083967,11.432444525951269,5.551632465410876,7.982529387541945,4.159795703913915,6.899954584625448
2026-05-12 17:02:33.596,21.874066163083967,11.43402300129992,5.551869387238185,7.982055543887327,4.157900329295444,6.901770985301482
2026-05-12 17:02:34.621,21.874066163083967,11.432444525951269,5.551711439353312,7.984503736102852,4.1609013391080225,6.905403786653551
2026-05-12 17:02:35.648,21.874066163083967,11.442704615717503,5.552501178777675,7.983713996678489,4.1580582771803165,6.90627250002035
2026-05-12 17:02:36.675,21.874066163083967,11.434812238974246,5.551316569641131,7.983003231196562,4.158926990547116,6.907615057041767
2026-05-12 17:02:37.700,21.874066163083967,11.455332418506714,5.552106309065493,7.982134517829763,4.159084938431988,6.9078519788690755
2026-05-12 17:02:38.727,21.881361696912336,11.4395476650202,5.552264256950366,7.982292465714636,4.159637756029042,6.908720692235875
2026-05-12 17:02:39.752,21.874066163083967,11.415081297116103,5.552343230892802,7.982292465714636,4.160585443338277,6.91243246753038
2026-05-12 17:02:40.781,21.881361696912336,11.430076812928291,5.5529750224322925,7.982924257254126,4.161138260935331,6.912353493587943
2026-05-12 17:02:41.810,21.874066163083967,11.444283091066154,5.552264256950366,7.9833191269663075,4.159005964489552,6.915117581573213
2026-05-12 17:02:42.837,21.881361696912336,11.430076812928291,5.551790413295748,7.983635022736053,4.159953651798787,6.9169339822492475
2026-05-12 17:02:43.863,21.881361696912336,11.433233763625594,5.55281707454742,7.983082205138999,4.158926990547116,6.918513461097973
2026-05-12 17:02:44.892,21.874066163083967,11.434812238974246,5.552343230892802,7.982924257254126,4.1580582771803165,6.918908330810154
2026-05-12 17:02:45.918,21.881361696912336,11.447440041763457,5.55344886608691,7.9822134917722,4.159242886316861,6.920724731486189
2026-05-12 17:02:46.944,21.881361696912336,11.436390714322897,5.552580152720111,7.983398100908744,4.159163912374424,6.92325189764415
2026-05-12 17:02:47.972,21.874066163083967,11.430076812928291,5.553132970317165,7.982529387541945,4.158137251122753,6.92514727226262
2026-05-12 17:02:49.001,21.881361696912336,11.430076812928291,5.552896048489856,7.9824504135995085,4.158137251122753,6.925542141974802
2026-05-12 17:02:50.031,21.881361696912336,11.4395476650202,5.553211944259601,7.982924257254126,4.159242886316861,6.92664777716891
2026-05-12 17:02:51.062,21.874066163083967,11.452964705483737,5.5529750224322925,7.981976569944891,4.159084938431988,6.929174943326871
2026-05-12 17:02:52.096,21.881361696912336,11.464803270598622,5.552896048489856,7.983950918505798,4.158848016604679,6.930201604578542
2026-05-12 17:02:53.122,21.866770629255655,11.448229279437783,5.553527840029346,7.982687335426817,4.158216225065189,6.932018005254577
2026-05-12 17:02:54.148,21.874066163083967,11.457700131529691,5.553685787914219,7.9833191269663075,4.158848016604679,6.933360562275993
2026-05-12 17:02:55.179,21.881361696912336,11.432444525951269,5.5524222048352385,7.982292465714636,4.158453146892498,6.936045676318827
2026-05-12 17:02:56.207,21.874066163083967,11.446650804089131,5.552580152720111,7.983635022736053,4.159321860259297,6.935808754491518
2026-05-12 17:02:57.246,21.874066163083967,11.422184436185034,5.553290918202038,7.982924257254126,4.158848016604679,6.937941050937297
2026-05-12 17:02:58.272,21.874066163083967,11.46164631990132,5.553685787914219,7.981107856578092,4.159084938431988,6.93936258190115
2026-05-12 17:02:59.299,21.874066163083967,11.448229279437783,5.553922709741528,7.982687335426817,4.158532120834934,6.940705138922567
2026-05-12 17:03:00.327,21.881361696912336,11.442704615717503,5.553527840029346,7.983003231196562,4.159084938431988,6.942679487483474
2026-05-12 17:03:01.353,21.874066163083967,11.43402300129992,5.5538437357990915,7.981660674175146,4.158532120834934,6.945048705756562
2026-05-12 17:03:02.379,21.881361696912336,11.435601476648571,5.553369892144474,7.984503736102852,4.158216225065189,6.945285627583871
2026-05-12 17:03:03.428,21.881361696912336,11.452964705483737,5.553922709741528,7.98284528331169,4.159084938431988,6.9467861324901605
2026-05-12 17:03:04.457,21.881361696912336,11.431655288276943,5.5540806576264,7.983240153023871,4.159795703913915,6.948602533166195
2026-05-12 17:03:05.485,21.881361696912336,11.415870534790429,5.553606813971783,7.983635022736053,4.1586110947773705,6.949392272590558
2026-05-12 17:03:06.515,21.881361696912336,11.432444525951269,5.553527840029346,7.982134517829763,4.160190573626096,6.9524722563455725
2026-05-12 17:03:07.544,21.881361696912336,11.440336902694526,5.554001683683964,7.983082205138999,4.158137251122753,6.9530250739426265
2026-05-12 17:03:08.574,21.874066163083967,11.440336902694526,5.553922709741528,7.9838719445633615,4.159242886316861,6.956420953467386
2026-05-12 17:03:09.603,21.881361696912336,11.426130624556663,5.5540806576264,7.984029892448234,4.159005964489552,6.956815823179568
2026-05-12 17:03:10.630,21.881361696912336,11.441915378043177,5.5540806576264,7.98284528331169,4.16137518276264,6.959342989337529
2026-05-12 17:03:11.662,21.881361696912336,11.443493853391828,5.553764761856655,7.982529387541945,4.158453146892498,6.959500937222401
2026-05-12 17:03:12.690,21.874066163083967,11.427709099905314,5.554791423108327,7.983556048793616,4.158690068719807,6.960843494243818
2026-05-12 17:03:13.716,21.881361696912336,11.437179951997223,5.554554501281018,7.9833191269663075,4.159163912374424,6.964002451941269
2026-05-12 17:03:14.756,21.881361696912336,11.419816723162057,5.553527840029346,7.98347707485118,4.158453146892498,6.9638445040563965
2026-05-12 17:03:15.786,21.874066163083967,11.427709099905314,5.554554501281018,7.982766309369254,4.159400834201733,6.967398331466029
2026-05-12 17:03:16.813,21.881361696912336,11.436390714322897,5.554475527338582,7.984266814275543,4.158532120834934,6.967398331466029
2026-05-12 17:03:17.840,21.881361696912336,11.441126140368851,5.554475527338582,7.982529387541945,4.159953651798787,6.968977810314755
2026-05-12 17:03:18.868,21.874066163083967,11.452175467809411,5.55558116253269,7.9822134917722,4.158295199007625,6.972057794069769
2026-05-12 17:03:19.897,21.881361696912336,11.464014032924297,5.554317579453709,7.983792970620925,4.159084938431988,6.972136768012206
2026-05-12 17:03:20.927,21.881361696912336,11.437969189671549,5.554712449165891,7.983240153023871,4.159005964489552,6.973005481379005
2026-05-12 17:03:21.954,21.874066163083967,11.448229279437783,5.555186292820508,7.982766309369254,4.158532120834934,6.975690595421838
2026-05-12 17:03:22.980,21.881361696912336,11.45059699246076,5.554870397050763,7.98284528331169,4.159242886316861,6.977428022155436
2026-05-12 17:03:24.007,21.881361696912336,11.447440041763457,5.554712449165891,7.983082205138999,4.158374172950062,6.977901865810054
2026-05-12 17:03:25.036,21.881361696912336,11.43402300129992,5.555660136475126,7.9818975960024545,4.159084938431988,6.979876214370961
2026-05-12 17:03:26.070,21.881361696912336,11.465592508272948,5.555423214647817,7.982608361484381,4.158295199007625,6.98137671927725
2026-05-12 17:03:27.098,21.88865723074059,11.445861566414806,5.555502188590253,7.983240153023871,4.158690068719807,6.983272093895721
2026-05-12 17:03:28.127,21.881361696912336,11.421395198510709,5.555502188590253,7.982766309369254,4.158769042662243,6.984377729089829
2026-05-12 17:03:29.154,21.881361696912336,11.446650804089131,5.555028344935636,7.983003231196562,4.159795703913915,6.986036181880991
2026-05-12 17:03:30.182,21.874066163083967,11.458489369204017,5.555897058302435,7.9833191269663075,4.158926990547116,6.989353087463314
2026-05-12 17:03:31.211,21.881361696912336,11.444283091066154,5.555739110417562,7.982371439657072,4.158295199007625,6.988958217751133
2026-05-12 17:03:32.253,21.881361696912336,11.446650804089131,5.5566867977267975,7.98284528331169,4.1614541567050765,6.990774618427167
2026-05-12 17:03:33.281,21.881361696912336,11.440336902694526,5.555660136475126,7.983398100908744,4.159163912374424,6.993064862757819
2026-05-12 17:03:34.312,21.881361696912336,11.436390714322897,5.556449875899489,7.982924257254126,4.159163912374424,6.99369665429731
2026-05-12 17:03:35.341,21.881361696912336,11.441915378043177,5.555502188590253,7.983240153023871,4.161059286992895,6.9962238204552705
2026-05-12 17:03:36.368,21.881361696912336,11.419027485487732,5.555660136475126,7.98347707485118,4.158374172950062,6.997329455649378
2026-05-12 17:03:37.393,21.874066163083967,11.460067844552668,5.556133980129744,7.980791960808347,4.158216225065189,6.999224830267849
2026-05-12 17:03:38.422,21.874066163083967,11.427709099905314,5.5558180843599985,7.9822134917722,4.160980313050459,6.999777647864903
2026-05-12 17:03:39.448,21.874066163083967,11.45612165618104,5.557081667438979,7.984187840333107,4.159874677856351,7.003805318929153
2026-05-12 17:03:40.477,21.881361696912336,11.445861566414806,5.55558116253269,7.982924257254126,4.159084938431988,7.002620709792609
2026-05-12 17:03:41.509,21.881361696912336,11.442704615717503,5.555660136475126,7.981818622060018,4.159321860259297,7.0075960681660945
2026-05-12 17:03:42.541,21.874066163083967,11.46164631990132,5.555423214647817,7.981976569944891,4.161059286992895,7.006095563259805
2026-05-12 17:03:43.567,21.874066163083967,11.446650804089131,5.556449875899489,7.9833191269663075,4.159400834201733,7.010518104036237
2026-05-12 17:03:44.598,21.881361696912336,11.448229279437783,5.557002693496543,7.982529387541945,4.159084938431988,7.009965286439183
2026-05-12 17:03:45.625,21.874066163083967,11.443493853391828,5.556291928014616,7.9818975960024545,4.161296208820204,7.011781687115217
2026-05-12 17:03:46.652,21.874066163083967,11.45059699246076,5.556370901957052,7.982529387541945,4.159242886316861,7.013045270194198
2026-05-12 17:03:47.681,21.881361696912336,11.44507232874048,5.5566867977267975,7.983635022736053,4.1586110947773705,7.015493462409722
2026-05-12 17:03:48.709,21.881361696912336,11.458489369204017,5.556923719554106,7.983003231196562,4.16011159968366,7.017072941258448
2026-05-12 17:03:49.737,21.881361696912336,11.43402300129992,5.556765771669234,7.9833191269663075,4.159163912374424,7.018494472222301
2026-05-12 17:03:50.764,21.881361696912336,11.4671709836216,5.557160641381415,7.981502726290273,4.159953651798787,7.019284211646664
2026-05-12 17:03:51.792,21.881361696912336,11.452175467809411,5.557002693496543,7.982529387541945,4.159321860259297,7.020468820783208
2026-05-12 17:03:52.821,21.881361696912336,11.437179951997223,5.557555511093597,7.9824504135995085,4.160506469395841,7.022285221459242
2026-05-12 17:03:53.850,21.881361696912336,11.440336902694526,5.556291928014616,7.9818975960024545,4.158532120834934,7.024259570020149
2026-05-12 17:03:54.896,21.874066163083967,11.462435557575645,5.55684474561167,7.982371439657072,4.159795703913915,7.024575465789894
2026-05-12 17:03:55.923,21.881361696912336,11.441126140368851,5.557081667438979,7.982766309369254,4.159163912374424,7.025839048868875
2026-05-12 17:03:56.950,21.874066163083967,11.434812238974246,5.5581083286906505,7.983556048793616,4.158216225065189,7.028682110796581
2026-05-12 17:03:57.979,21.874066163083967,11.45059699246076,5.55684474561167,7.982608361484381,4.158453146892498,7.030024667817997
2026-05-12 17:03:59.005,21.881361696912336,11.446650804089131,5.557002693496543,7.984187840333107,4.15797930323788,7.031288250896978
2026-05-12 17:04:00.031,21.874066163083967,11.460067844552668,5.557397563208724,7.982608361484381,4.158848016604679,7.0337364431125025
2026-05-12 17:04:01.057,21.881361696912336,11.444283091066154,5.5572396153238515,7.984266814275543,4.160190573626096,7.0346051564793015
2026-05-12 17:04:02.085,21.874066163083967,11.441915378043177,5.557555511093597,7.982924257254126,4.159242886316861,7.037053348694826
2026-05-12 17:04:03.115,21.881361696912336,11.442704615717503,5.55747653715116,7.984424762160415,4.1594798081441695,7.038316931773807
2026-05-12 17:04:04.147,21.874066163083967,11.426919862230989,5.5581083286906505,7.982371439657072,4.159242886316861,7.040449228219586
2026-05-12 17:04:05.176,21.881361696912336,11.441126140368851,5.557397563208724,7.983240153023871,4.159321860259297,7.040686150046895
2026-05-12 17:04:06.210,21.881361696912336,11.436390714322897,5.557634485036033,7.983398100908744,4.1594798081441695,7.042897420435111
2026-05-12 17:04:07.237,21.881361696912336,11.447440041763457,5.557950380805778,7.983556048793616,4.158137251122753,7.04566150842038
2026-05-12 17:04:08.268,21.881361696912336,11.438758427345874,5.558503198402832,7.983556048793616,4.158137251122753,7.045424586593072
2026-05-12 17:04:09.296,21.874066163083967,11.449018517112108,5.557555511093597,7.984266814275543,4.159400834201733,7.047319961211542
2026-05-12 17:04:10.323,21.881361696912336,11.449018517112108,5.557871406863342,7.982924257254126,4.159163912374424,7.048504570348086
2026-05-12 17:04:11.349,21.874066163083967,11.449807754786434,5.557555511093597,7.98284528331169,4.159163912374424,7.050636866793866
2026-05-12 17:04:12.430,21.874066163083967,11.44507232874048,5.5581083286906505,7.982766309369254,4.16011159968366,7.052058397757719
2026-05-12 17:04:13.457,21.874066163083967,11.42849833757964,5.5586611462877045,7.983556048793616,4.161217234877768,7.055138381512734
2026-05-12 17:04:14.485,21.881361696912336,11.453753943158063,5.558345250517959,7.983713996678489,4.158374172950062,7.055533251224915
2026-05-12 17:04:15.513,21.874066163083967,11.432444525951269,5.557950380805778,7.982687335426817,4.1614541567050765,7.057586573728258
2026-05-12 17:04:16.539,21.881361696912336,11.438758427345874,5.558503198402832,7.983713996678489,4.158137251122753,7.0579024694980035
2026-05-12 17:04:17.568,21.881361696912336,11.446650804089131,5.559213963884758,7.984187840333107,4.161217234877768,7.0601927138286555
2026-05-12 17:04:18.607,21.874066163083967,11.433233763625594,5.558345250517959,7.982766309369254,4.158137251122753,7.0621670623895625
2026-05-12 17:04:19.650,21.874066163083967,11.443493853391828,5.559845755424249,7.984029892448234,4.1586110947773705,7.062956801813925
2026-05-12 17:04:20.677,21.881361696912336,11.438758427345874,5.5581083286906505,7.9824504135995085,4.159400834201733,7.0644573067202145
2026-05-12 17:04:21.707,21.874066163083967,11.429287575253966,5.558424224460396,7.981660674175146,4.159005964489552,7.066273707396249
2026-05-12 17:04:22.733,21.874066163083967,11.434812238974246,5.558424224460396,7.9824504135995085,4.158926990547116,7.068011134129847
2026-05-12 17:04:23.769,21.874066163083967,11.424552149208012,5.55897704205745,7.98284528331169,4.158926990547116,7.071091117884862
2026-05-12 17:04:24.796,21.874066163083967,11.448229279437783,5.559213963884758,7.9822134917722,4.158295199007625,7.071170091827298
2026-05-12 17:04:25.823,21.874066163083967,11.453753943158063,5.5581083286906505,7.982924257254126,4.159558782086606,7.072275727021406
2026-05-12 17:04:26.851,21.874066163083967,11.45059699246076,5.558740120230141,7.9838719445633615,4.159795703913915,7.074881867121803
2026-05-12 17:04:27.880,21.881361696912336,11.447440041763457,5.559056015999886,7.981818622060018,4.158453146892498,7.074881867121803
2026-05-12 17:04:28.909,21.874066163083967,11.453753943158063,5.559213963884758,7.982292465714636,4.159163912374424,7.07685621568271
2026-05-12 17:04:29.935,21.874066163083967,11.452175467809411,5.559450885712067,7.983556048793616,4.158216225065189,7.078198772704127
2026-05-12 17:04:30.965,21.874066163083967,11.431655288276943,5.558898068115013,7.983398100908744,4.159242886316861,7.079541329725544
2026-05-12 17:04:31.994,21.874066163083967,11.446650804089131,5.559292937827195,7.983635022736053,4.158848016604679,7.080962860689397
2026-05-12 17:04:33.022,21.874066163083967,11.454543180832388,5.5600826772515575,7.981739648117582,4.159953651798787,7.082463365595686
2026-05-12 17:04:34.053,21.866770629255655,11.433233763625594,5.559450885712067,7.982292465714636,4.158848016604679,7.084990531753647
2026-05-12 17:04:35.086,21.874066163083967,11.440336902694526,5.559924729366685,7.983082205138999,4.158216225065189,7.086491036659936
2026-05-12 17:04:36.113,21.874066163083967,11.441915378043177,5.560477546963739,7.982924257254126,4.1614541567050765,7.087359750026735
2026-05-12 17:04:37.139,21.874066163083967,11.43402300129992,5.558898068115013,7.983792970620925,4.1594798081441695,7.089097176760333
2026-05-12 17:04:38.166,21.874066163083967,11.446650804089131,5.560319599078866,7.983161179081435,4.159874677856351,7.090834603493931
2026-05-12 17:04:39.192,21.874066163083967,11.433233763625594,5.559450885712067,7.981660674175146,4.158216225065189,7.092493056285093
2026-05-12 17:04:40.219,21.874066163083967,11.441915378043177,5.55960883359694,7.984582710045288,4.158848016604679,7.093598691479201
2026-05-12 17:04:41.270,21.874066163083967,11.459278606878343,5.559924729366685,7.9822134917722,4.159321860259297,7.0962838055220345
2026-05-12 17:04:42.296,21.874066163083967,11.464803270598622,5.5595298596545035,7.983082205138999,4.159321860259297,7.097468414658579
2026-05-12 17:04:43.327,21.881361696912336,11.4671709836216,5.560635494848611,7.982924257254126,4.158295199007625,7.098810971679995
2026-05-12 17:04:44.354,21.881361696912336,11.443493853391828,5.560003703309121,7.981739648117582,4.159716729971478,7.100785320240902
2026-05-12 17:04:45.379,21.866770629255655,11.429287575253966,5.560319599078866,7.98284528331169,4.158374172950062,7.10189095543501
2026-05-12 17:04:46.410,21.874066163083967,11.43402300129992,5.559687807539376,7.984266814275543,4.160348521510969,7.103786330053481
2026-05-12 17:04:47.436,21.881361696912336,11.443493853391828,5.559766781481812,7.982529387541945,4.1580582771803165,7.105207861017334
2026-05-12 17:04:48.462,21.874066163083967,11.449018517112108,5.559766781481812,7.9833191269663075,4.1600326257412235,7.107182209578241
2026-05-12 17:04:49.490,21.874066163083967,11.430076812928291,5.560714468791048,7.983556048793616,4.160664417280714,7.108445792657221
2026-05-12 17:04:50.522,21.874066163083967,11.434812238974246,5.560556520906175,7.98347707485118,4.157742381410571,7.109235532081584
2026-05-12 17:04:51.552,21.866770629255655,11.43402300129992,5.560793442733484,7.9824504135995085,4.161217234877768,7.111683724297109
2026-05-12 17:04:52.585,21.866770629255655,11.446650804089131,5.5609513906183565,7.983240153023871,4.16011159968366,7.112947307376089
2026-05-12 17:04:53.617,21.874066163083967,11.464803270598622,5.560319599078866,7.982134517829763,4.158690068719807,7.11610626507354
2026-05-12 17:04:54.645,21.874066163083967,11.431655288276943,5.561030364560793,7.983003231196562,4.159163912374424,7.116817030555467
2026-05-12 17:04:55.673,21.866770629255655,11.443493853391828,5.560635494848611,7.98347707485118,4.158295199007625,7.11823856151932
2026-05-12 17:04:56.706,21.874066163083967,11.453753943158063,5.561188312445665,7.9818975960024545,4.158453146892498,7.12013393613779
2026-05-12 17:04:57.736,21.866770629255655,11.449807754786434,5.560793442733484,7.983082205138999,4.159953651798787,7.119739066425609
2026-05-12 17:04:58.766,21.874066163083967,11.464014032924297,5.561188312445665,7.983082205138999,4.158453146892498,7.124477502971786
2026-05-12 17:04:59.794,21.874066163083967,11.42297367385936,5.560556520906175,7.982766309369254,4.158690068719807,7.12503032056884
2026-05-12 17:05:00.821,21.874066163083967,11.442704615717503,5.561346260330538,7.981976569944891,4.159637756029042,7.124951346626403
2026-05-12 17:05:01.850,21.866770629255655,11.451386230135085,5.5623729215822095,7.983003231196562,4.158374172950062,7.12905799163309
2026-05-12 17:05:02.877,21.874066163083967,11.4395476650202,5.561978051870028,7.983398100908744,4.1614541567050765,7.1281103043238545
2026-05-12 17:05:03.908,21.874066163083967,11.441126140368851,5.561741130042719,7.983556048793616,4.159163912374424,7.131348235963742
2026-05-12 17:05:04.939,21.866770629255655,11.432444525951269,5.562057025812464,7.983161179081435,4.158295199007625,7.132137975388105
2026-05-12 17:05:05.966,21.874066163083967,11.441126140368851,5.5623729215822095,7.98284528331169,4.158295199007625,7.135533854912865
2026-05-12 17:05:06.995,21.874066163083967,11.452175467809411,5.561583182157847,7.983398100908744,4.158848016604679,7.134428219718757
2026-05-12 17:05:08.022,21.874066163083967,11.4395476650202,5.5615042082154105,7.982529387541945,4.158769042662243,7.136402568279664
2026-05-12 17:05:09.053,21.874066163083967,11.458489369204017,5.561583182157847,7.983713996678489,4.160664417280714,7.139640499919551
2026-05-12 17:05:10.090,21.874066163083967,11.446650804089131,5.562214973697337,7.983398100908744,4.158690068719807,7.139166656264933
2026-05-12 17:05:11.121,21.874066163083967,11.46164631990132,5.561820103985156,7.984266814275543,4.159874677856351,7.141219978768277
2026-05-12 17:05:12.152,21.874066163083967,11.443493853391828,5.563320608891445,7.982924257254126,4.159163912374424,7.143115353386747
2026-05-12 17:05:13.183,21.874066163083967,11.424552149208012,5.562135999754901,7.982529387541945,4.159716729971478,7.143826118868674
2026-05-12 17:05:14.213,21.874066163083967,11.426130624556663,5.562214973697337,7.983082205138999,4.158295199007625,7.145642519544708
2026-05-12 17:05:15.241,21.866770629255655,11.435601476648571,5.561109338503229,7.983398100908744,4.15797930323788,7.147064050508561
2026-05-12 17:05:16.266,21.874066163083967,11.440336902694526,5.562451895524646,7.983398100908744,4.158532120834934,7.1508547997455025
2026-05-12 17:05:17.291,21.881361696912336,11.442704615717503,5.562609843409518,7.982924257254126,4.160506469395841,7.15132864340012
2026-05-12 17:05:18.339,21.866770629255655,11.462435557575645,5.562530869467082,7.9833191269663075,4.158137251122753,7.152118382824483
2026-05-12 17:05:19.366,21.866770629255655,11.454543180832388,5.562293947639773,7.983240153023871,4.159716729971478,7.154013757442954
2026-05-12 17:05:20.393,21.874066163083967,11.452175467809411,5.56363650466119,7.98284528331169,4.158374172950062,7.155277340521934
2026-05-12 17:05:21.417,21.866770629255655,11.44507232874048,5.562688817351955,7.984187840333107,4.159242886316861,7.157014767255532
2026-05-12 17:05:22.494,21.866770629255655,11.449807754786434,5.562057025812464,7.983398100908744,4.158453146892498,7.159857829183238
2026-05-12 17:05:23.573,21.866770629255655,11.446650804089131,5.5630047131217,7.982529387541945,4.158216225065189,7.160094751010547
2026-05-12 17:05:24.600,21.866770629255655,11.444283091066154,5.5629257391792635,7.983082205138999,4.157900329295444,7.162306021398763
2026-05-12 17:05:25.626,21.874066163083967,11.437179951997223,5.562688817351955,7.982055543887327,4.160822365165586,7.1656229269810865
2026-05-12 17:05:26.659,21.874066163083967,11.426130624556663,5.562135999754901,7.983003231196562,4.157821355353008,7.163806526305052
2026-05-12 17:05:27.717,21.874066163083967,11.443493853391828,5.563241634949009,7.983398100908744,4.159163912374424,7.1656229269810865
2026-05-12 17:05:28.745,21.874066163083967,11.443493853391828,5.563557530718754,7.983003231196562,4.158453146892498,7.167755223426866
2026-05-12 17:05:29.790,21.874066163083967,11.44507232874048,5.563241634949009,7.98284528331169,4.158295199007625,7.171388024778935
2026-05-12 17:05:30.820,21.874066163083967,11.446650804089131,5.562214973697337,7.9822134917722,4.1586110947773705,7.171388024778935
2026-05-12 17:05:31.847,21.874066163083967,11.462435557575645,5.563241634949009,7.984345788217979,4.159163912374424,7.173757243052023
2026-05-12 17:05:32.873,21.874066163083967,11.46164631990132,5.563083687064136,7.982134517829763,4.159321860259297,7.1747049303612584
2026-05-12 17:05:33.904,21.866770629255655,11.445861566414806,5.563399582833881,7.983792970620925,4.158690068719807,7.175889539497803
2026-05-12 17:05:34.929,21.866770629255655,11.440336902694526,5.562846765236827,7.983003231196562,4.159005964489552,7.177074148634347
2026-05-12 17:05:35.962,21.874066163083967,11.430866050602617,5.5637944525460625,7.98284528331169,4.159163912374424,7.178574653540636
2026-05-12 17:05:36.990,21.874066163083967,11.462435557575645,5.56363650466119,7.983161179081435,4.158453146892498,7.181338741525906
2026-05-12 17:05:38.017,21.866770629255655,11.455332418506714,5.563241634949009,7.983082205138999,4.1580582771803165,7.181733611238087
2026-05-12 17:05:39.042,21.866770629255655,11.452175467809411,5.562451895524646,7.984266814275543,4.158137251122753,7.182997194317068
2026-05-12 17:05:40.069,21.874066163083967,11.45059699246076,5.563083687064136,7.983082205138999,4.158848016604679,7.187103839323754
2026-05-12 17:05:41.097,21.866770629255655,11.44507232874048,5.563478556776317,7.983792970620925,4.159400834201733,7.18591923018721
2026-05-12 17:05:42.128,21.874066163083967,11.442704615717503,5.564584191970425,7.983635022736053,4.1600326257412235,7.188841266057352
2026-05-12 17:05:43.156,21.866770629255655,11.436390714322897,5.564110348315808,7.982766309369254,4.159084938431988,7.190025875193896
2026-05-12 17:05:44.186,21.874066163083967,11.423762911533686,5.563873426488499,7.984029892448234,4.159084938431988,7.193658676545965
2026-05-12 17:05:45.212,21.866770629255655,11.451386230135085,5.56490008774017,7.9822134917722,4.158295199007625,7.193421754718656
2026-05-12 17:05:46.239,21.866770629255655,11.443493853391828,5.564031374373371,7.982055543887327,4.158216225065189,7.194448415970328
2026-05-12 17:05:47.265,21.866770629255655,11.441915378043177,5.564426244085553,7.98347707485118,4.1580582771803165,7.196659686358544
2026-05-12 17:05:48.292,21.874066163083967,11.437179951997223,5.563715478603626,7.98284528331169,4.158532120834934,7.19737045184047
2026-05-12 17:05:49.321,21.866770629255655,11.437179951997223,5.564426244085553,7.982371439657072,4.159163912374424,7.199107878574068
2026-05-12 17:05:50.350,21.866770629255655,11.452964705483737,5.5643472701431165,7.9824504135995085,4.159163912374424,7.202187862329083
2026-05-12 17:05:51.379,21.866770629255655,11.458489369204017,5.563478556776317,7.982608361484381,4.159242886316861,7.201635044732029
2026-05-12 17:05:52.405,21.859475095427342,11.458489369204017,5.564110348315808,7.9838719445633615,4.1594798081441695,7.203056575695882
2026-05-12 17:05:53.430,21.866770629255655,11.4395476650202,5.564110348315808,7.983635022736053,4.159321860259297,7.20755809041475
2026-05-12 17:05:54.458,21.874066163083967,11.446650804089131,5.564505218027989,7.981581700232709,4.161217234877768,7.208584751666422
2026-05-12 17:05:55.490,21.874066163083967,11.444283091066154,5.564979061682607,7.983161179081435,4.158295199007625,7.209611412918093
2026-05-12 17:05:56.521,21.866770629255655,11.430866050602617,5.565610853222097,7.9822134917722,4.158295199007625,7.210164230515147
2026-05-12 17:05:57.547,21.866770629255655,11.45612165618104,5.565373931394788,7.982055543887327,4.160190573626096,7.211506787536564
2026-05-12 17:05:58.579,21.866770629255655,11.452964705483737,5.564663165912862,7.982687335426817,4.158216225065189,7.214033953694525
2026-05-12 17:05:59.610,21.866770629255655,11.431655288276943,5.5652159835099155,7.984029892448234,4.159163912374424,7.214902667061324
2026-05-12 17:06:00.643,21.866770629255655,11.424552149208012,5.56490008774017,7.98284528331169,4.161296208820204,7.218061624758775
2026-05-12 17:06:01.670,21.874066163083967,11.448229279437783,5.5643472701431165,7.983082205138999,4.16011159968366,7.21900931206801
2026-05-12 17:06:02.698,21.874066163083967,11.440336902694526,5.564821113797734,7.982766309369254,4.158295199007625,7.220430843031863
2026-05-12 17:06:03.725,21.866770629255655,11.44507232874048,5.565689827164533,7.982924257254126,4.159400834201733,7.221852373995716
2026-05-12 17:06:04.752,21.874066163083967,11.447440041763457,5.566479566588896,7.983003231196562,4.159084938431988,7.224616461980986
2026-05-12 17:06:05.779,21.866770629255655,11.441915378043177,5.56490008774017,7.9838719445633615,4.158137251122753,7.224142618326368
2026-05-12 17:06:06.806,21.874066163083967,11.457700131529691,5.565689827164533,7.983161179081435,4.1586110947773705,7.226353888714584
2026-05-12 17:06:07.836,21.866770629255655,11.449018517112108,5.5652159835099155,7.982766309369254,4.1580582771803165,7.227459523908692
2026-05-12 17:06:08.864,21.874066163083967,11.454543180832388,5.565689827164533,7.983556048793616,4.160427495453405,7.2285651591028
2026-05-12 17:06:09.890,21.874066163083967,11.45612165618104,5.565452905337224,7.9824504135995085,4.158453146892498,7.231013351318325
2026-05-12 17:06:10.922,21.874066163083967,11.458489369204017,5.56703238418595,7.982687335426817,4.159400834201733,7.23259283016705
2026-05-12 17:06:11.953,21.859475095427342,11.441915378043177,5.565373931394788,7.98347707485118,4.158453146892498,7.233777439303594
2026-05-12 17:06:12.982,21.866770629255655,11.448229279437783,5.5657688011069695,7.983082205138999,4.160190573626096,7.235593839979629
2026-05-12 17:06:14.013,21.866770629255655,11.43402300129992,5.566795462358641,7.982371439657072,4.158216225065189,7.237647162482972
2026-05-12 17:06:15.043,21.866770629255655,11.43402300129992,5.566242644761587,7.9833191269663075,4.158690068719807,7.238831771619516
2026-05-12 17:06:16.102,21.866770629255655,11.449018517112108,5.565689827164533,7.9818975960024545,4.16074339122315,7.239700484986315
2026-05-12 17:06:17.127,21.866770629255655,11.448229279437783,5.565689827164533,7.983240153023871,4.157742381410571,7.241437911719913
2026-05-12 17:06:18.153,21.866770629255655,11.448229279437783,5.566558540531332,7.983082205138999,4.161296208820204,7.243254312395948
2026-05-12 17:06:19.182,21.874066163083967,11.440336902694526,5.566874436301077,7.982371439657072,4.160506469395841,7.246018400381217
2026-05-12 17:06:20.208,21.866770629255655,11.438758427345874,5.567111358128386,7.982766309369254,4.158216225065189,7.246492244035835
2026-05-12 17:06:21.245,21.866770629255655,11.45059699246076,5.5666375144737685,7.982924257254126,4.158295199007625,7.248150696826997
2026-05-12 17:06:22.275,21.866770629255655,11.456910893855365,5.566084696876715,7.983398100908744,4.158216225065189,7.249651201733286
2026-05-12 17:06:23.302,21.874066163083967,11.444283091066154,5.565926748991842,7.9822134917722,4.1600326257412235,7.252415289718556
2026-05-12 17:06:24.332,21.866770629255655,11.473484885016205,5.566479566588896,7.9822134917722,4.159163912374424,7.253678872797536
2026-05-12 17:06:25.359,21.874066163083967,11.44507232874048,5.566242644761587,7.982766309369254,4.159163912374424,7.254705534049208
2026-05-12 17:06:26.385,21.866770629255655,11.430866050602617,5.5666375144737685,7.9833191269663075,4.158137251122753,7.256127065013061
2026-05-12 17:06:27.414,21.866770629255655,11.441915378043177,5.566242644761587,7.983398100908744,4.158374172950062,7.25762756991935
2026-05-12 17:06:28.439,21.866770629255655,11.449018517112108,5.5671903320708225,7.982529387541945,4.160506469395841,7.259443970595385
2026-05-12 17:06:29.470,21.866770629255655,11.446650804089131,5.567506227840568,7.982134517829763,4.158926990547116,7.26039165790462
2026-05-12 17:06:30.496,21.866770629255655,11.445861566414806,5.566953410243514,7.983003231196562,4.159084938431988,7.2619711367533455
2026-05-12 17:06:31.528,21.874066163083967,11.456910893855365,5.5666375144737685,7.983556048793616,4.158295199007625,7.263866511371816
2026-05-12 17:06:32.552,21.866770629255655,11.44507232874048,5.5666375144737685,7.98284528331169,4.159005964489552,7.2676572606087575
2026-05-12 17:06:33.580,21.866770629255655,11.464803270598622,5.567269306013259,7.983398100908744,4.1600326257412235,7.266393677529777
2026-05-12 17:06:34.607,21.866770629255655,11.442704615717503,5.566795462358641,7.9838719445633615,4.158216225065189,7.2690787915726105
2026-05-12 17:06:35.635,21.866770629255655,11.45059699246076,5.566716488416205,7.981660674175146,4.159084938431988,7.270105452824282
2026-05-12 17:06:36.668,21.866770629255655,11.460067844552668,5.568138019380058,7.983003231196562,4.158137251122753,7.272395697154934
2026-05-12 17:06:37.700,21.874066163083967,11.443493853391828,5.567506227840568,7.982529387541945,4.158295199007625,7.274843889370459
2026-05-12 17:06:38.732,21.866770629255655,11.42849833757964,5.568532889092239,7.982371439657072,4.159084938431988,7.274922863312895
2026-05-12 17:06:39.762,21.866770629255655,11.438758427345874,5.567427253898131,7.983713996678489,4.16011159968366,7.277844899183037
2026-05-12 17:06:40.793,21.866770629255655,11.443493853391828,5.567506227840568,7.983713996678489,4.1586110947773705,7.279108482262018
2026-05-12 17:06:41.822,21.866770629255655,11.431655288276943,5.567111358128386,7.982766309369254,4.158848016604679,7.279424378031763
2026-05-12 17:06:42.851,21.874066163083967,11.437969189671549,5.567506227840568,7.983398100908744,4.1580582771803165,7.2818725702472875
2026-05-12 17:06:43.880,21.874066163083967,11.443493853391828,5.567427253898131,7.983161179081435,4.160585443338277,7.282978205441395
2026-05-12 17:06:44.909,21.866770629255655,11.444283091066154,5.567980071495185,7.982687335426817,4.1600326257412235,7.285189475829611
2026-05-12 17:06:45.936,21.866770629255655,11.441126140368851,5.567980071495185,7.983556048793616,4.160980313050459,7.285900241311538
2026-05-12 17:06:46.963,21.866770629255655,11.452175467809411,5.568532889092239,7.983082205138999,4.157900329295444,7.287242798332954
2026-05-12 17:06:47.990,21.874066163083967,11.45612165618104,5.568216993322494,7.984187840333107,4.161059286992895,7.290875599685023
2026-05-12 17:06:49.019,21.874066163083967,11.442704615717503,5.568690836977112,7.982687335426817,4.161138260935331,7.290638677857714
2026-05-12 17:06:50.048,21.866770629255655,11.430076812928291,5.567980071495185,7.98347707485118,4.157742381410571,7.291665339109386
2026-05-12 17:06:51.073,21.866770629255655,11.436390714322897,5.568927758804421,7.983635022736053,4.160506469395841,7.2952191665190185
2026-05-12 17:06:52.103,21.866770629255655,11.460067844552668,5.568138019380058,7.982055543887327,4.158137251122753,7.294903270749273
2026-05-12 17:06:53.135,21.874066163083967,11.4395476650202,5.568374941207367,7.982292465714636,4.160269547568532,7.2966406974828715
2026-05-12 17:06:54.164,21.874066163083967,11.460067844552668,5.568453915149803,7.983240153023871,4.158532120834934,7.298694019986215
2026-05-12 17:06:55.191,21.874066163083967,11.437969189671549,5.568532889092239,7.984266814275543,4.157821355353008,7.300826316431994
2026-05-12 17:06:56.216,21.874066163083967,11.466381745947274,5.568453915149803,7.983713996678489,4.161059286992895,7.3017740037412295
2026-05-12 17:06:57.240,21.874066163083967,11.430076812928291,5.568453915149803,7.983240153023871,4.160348521510969,7.304064248071882
2026-05-12 17:06:58.267,21.881361696912336,11.449018517112108,5.56829596726493,7.983082205138999,4.158295199007625,7.304932961438681
2026-05-12 17:06:59.295,21.874066163083967,11.463224795249971,5.5680590454376215,7.98284528331169,4.1580582771803165,7.306512440287406
2026-05-12 17:07:00.327,21.874066163083967,11.435601476648571,5.568374941207367,7.982924257254126,4.159084938431988,7.3074601275966415
2026-05-12 17:07:01.357,21.866770629255655,11.440336902694526,5.569401602459038,7.982687335426817,4.158137251122753,7.311250876833583
2026-05-12 17:07:02.399,21.874066163083967,11.453753943158063,5.569164680631729,7.983398100908744,4.159716729971478,7.310698059236529
2026-05-12 17:07:03.429,21.874066163083967,11.438758427345874,5.56829596726493,7.983240153023871,4.158532120834934,7.3122775380852545
2026-05-12 17:07:04.458,21.874066163083967,11.440336902694526,5.569085706689293,7.982529387541945,4.15797930323788,7.314014964818853
2026-05-12 17:07:05.485,21.874066163083967,11.436390714322897,5.569322628516602,7.982292465714636,4.157900329295444,7.315752391552451
2026-05-12 17:07:06.514,21.874066163083967,11.440336902694526,5.569164680631729,7.982766309369254,4.1600326257412235,7.317647766170921
2026-05-12 17:07:07.539,21.866770629255655,11.437969189671549,5.570191341883401,7.982134517829763,4.160269547568532,7.318674427422593
2026-05-12 17:07:08.570,21.874066163083967,11.4395476650202,5.568532889092239,7.983240153023871,4.158769042662243,7.320174932328882
2026-05-12 17:07:09.598,21.874066163083967,11.440336902694526,5.569322628516602,7.98284528331169,4.157821355353008,7.322070306947353
2026-05-12 17:07:10.625,21.866770629255655,11.45059699246076,5.569717498228783,7.9822134917722,4.157584433525699,7.322939020314152
2026-05-12 17:07:11.653,21.866770629255655,11.437179951997223,5.569875446113656,7.981739648117582,4.159400834201733,7.324518499162878
2026-05-12 17:07:12.681,21.866770629255655,11.422184436185034,5.570349289768274,7.9818975960024545,4.15797930323788,7.326176951954039
2026-05-12 17:07:13.712,21.866770629255655,11.437179951997223,5.569164680631729,7.983082205138999,4.158374172950062,7.328862065996873
2026-05-12 17:07:14.742,21.866770629255655,11.455332418506714,5.569322628516602,7.983635022736053,4.159953651798787,7.330362570903162
2026-05-12 17:07:15.771,21.874066163083967,11.441915378043177,5.569243654574166,7.982292465714636,4.157742381410571,7.331942049751888
2026-05-12 17:07:16.799,21.866770629255655,11.449807754786434,5.569875446113656,7.982292465714636,4.157742381410571,7.33209999763676
2026-05-12 17:07:17.825,21.874066163083967,11.442704615717503,5.570507237653146,7.982134517829763,4.159716729971478,7.334785111679594
2026-05-12 17:07:18.853,21.866770629255655,11.44507232874048,5.5694805764014745,7.9833191269663075,4.1586110947773705,7.336680486298064
2026-05-12 17:07:19.878,21.866770629255655,11.46164631990132,5.569717498228783,7.981976569944891,4.159163912374424,7.337391251779991
2026-05-12 17:07:20.906,21.874066163083967,11.464803270598622,5.5694805764014745,7.982766309369254,4.157663407468135,7.338496886974099
2026-05-12 17:07:21.931,21.874066163083967,11.467960221295925,5.570507237653146,7.9824504135995085,4.15797930323788,7.341103027074496
2026-05-12 17:07:22.960,21.874066163083967,11.449018517112108,5.570349289768274,7.984187840333107,4.158848016604679,7.341497896786677
2026-05-12 17:07:23.985,21.874066163083967,11.432444525951269,5.569717498228783,7.9833191269663075,4.1580582771803165,7.343788141117329
2026-05-12 17:07:25.014,21.866770629255655,11.437969189671549,5.570270315825837,7.9824504135995085,4.159005964489552,7.346236333332854
2026-05-12 17:07:26.039,21.874066163083967,11.442704615717503,5.5700333939985285,7.984266814275543,4.159953651798787,7.346631203045035
2026-05-12 17:07:27.067,21.874066163083967,11.444283091066154,5.569954420056092,7.9838719445633615,4.158769042662243,7.349316317087869
2026-05-12 17:07:28.096,21.874066163083967,11.447440041763457,5.570823133422891,7.982134517829763,4.158926990547116,7.350185030454668
2026-05-12 17:07:29.138,21.874066163083967,11.464014032924297,5.570270315825837,7.983713996678489,4.158216225065189,7.350816821994158
2026-05-12 17:07:30.164,21.874066163083967,11.437969189671549,5.570981081307764,7.9822134917722,4.157900329295444,7.352949118439938
2026-05-12 17:07:31.192,21.874066163083967,11.436390714322897,5.569954420056092,7.982292465714636,4.159953651798787,7.355081414885717
2026-05-12 17:07:32.218,21.874066163083967,11.435601476648571,5.5709021073653275,7.9818975960024545,4.1586110947773705,7.357371659216369
2026-05-12 17:07:33.246,21.874066163083967,11.437969189671549,5.5709021073653275,7.984345788217979,4.158374172950062,7.358398320468041
2026-05-12 17:07:34.274,21.874066163083967,11.441915378043177,5.570191341883401,7.983161179081435,4.158295199007625,7.359582929604585
2026-05-12 17:07:35.300,21.874066163083967,11.447440041763457,5.570744159480455,7.9833191269663075,4.160427495453405,7.359977799316766
2026-05-12 17:07:36.327,21.874066163083967,11.440336902694526,5.570744159480455,7.982608361484381,4.157821355353008,7.362268043647418
2026-05-12 17:07:37.364,21.874066163083967,11.431655288276943,5.5710600552502,7.983161179081435,4.158769042662243,7.36392649643858
2026-05-12 17:07:38.391,21.866770629255655,11.43402300129992,5.570981081307764,7.98347707485118,4.158137251122753,7.365190079517561
2026-05-12 17:07:39.418,21.874066163083967,11.440336902694526,5.571928768616999,7.982529387541945,4.1594798081441695,7.3677172456755216
2026-05-12 17:07:40.448,21.874066163083967,11.454543180832388,5.572165690444308,7.983161179081435,4.157742381410571,7.368980828754502
2026-05-12 17:07:41.475,21.874066163083967,11.438758427345874,5.570586211595582,7.982924257254126,4.16011159968366,7.370402359718355
2026-05-12 17:07:42.502,21.874066163083967,11.4395476650202,5.572244664386744,7.983556048793616,4.160585443338277,7.371507994912463
2026-05-12 17:07:43.532,21.881361696912336,11.424552149208012,5.571533898904818,7.982529387541945,4.1580582771803165,7.373166447703625
2026-05-12 17:07:44.561,21.881361696912336,11.456910893855365,5.571533898904818,7.981976569944891,4.159558782086606,7.376562327228385
2026-05-12 17:07:45.590,21.874066163083967,11.447440041763457,5.571218003135073,7.983240153023871,4.158690068719807,7.3759305356888945
2026-05-12 17:07:46.621,21.874066163083967,11.453753943158063,5.571533898904818,7.982687335426817,4.158295199007625,7.378378727904419
2026-05-12 17:07:47.648,21.874066163083967,11.4395476650202,5.571139029192636,7.982529387541945,4.158848016604679,7.378931545501473
2026-05-12 17:07:48.674,21.874066163083967,11.462435557575645,5.572402612271617,7.9838719445633615,4.158453146892498,7.382327425026233
2026-05-12 17:07:49.704,21.874066163083967,11.452964705483737,5.571770820732127,7.983398100908744,4.158926990547116,7.382959216565723
2026-05-12 17:07:50.731,21.874066163083967,11.445861566414806,5.572560560156489,7.9818975960024545,4.157742381410571,7.3839069038749585
2026-05-12 17:07:51.760,21.874066163083967,11.416659772464754,5.572086716501872,7.982687335426817,4.158137251122753,7.385407408781248
2026-05-12 17:07:52.785,21.874066163083967,11.458489369204017,5.572481586214053,7.982924257254126,4.160269547568532,7.386513043975356
2026-05-12 17:07:53.812,21.874066163083967,11.460857082226994,5.572244664386744,7.982766309369254,4.157821355353008,7.39109353263666
2026-05-12 17:07:54.837,21.874066163083967,11.442704615717503,5.57169184678969,7.982529387541945,4.161059286992895,7.392199167830768
2026-05-12 17:07:55.864,21.874066163083967,11.426919862230989,5.571849794674563,7.982055543887327,4.157742381410571,7.392830959370258
2026-05-12 17:07:56.890,21.874066163083967,11.452964705483737,5.572797481983798,7.982529387541945,4.158690068719807,7.392830959370258
2026-05-12 17:07:57.921,21.866770629255655,11.467960221295925,5.57169184678969,7.9822134917722,4.160980313050459,7.395358125528219
2026-05-12 17:07:58.948,21.874066163083967,11.430076812928291,5.572165690444308,7.983240153023871,4.158769042662243,7.397332474089126
2026-05-12 17:07:59.976,21.874066163083967,11.458489369204017,5.572165690444308,7.9822134917722,4.160190573626096,7.398201187455925
2026-05-12 17:08:01.007,21.874066163083967,11.430076812928291,5.572165690444308,7.982529387541945,4.157900329295444,7.399859640247087
2026-05-12 17:08:02.033,21.866770629255655,11.429287575253966,5.572639534098926,7.9824504135995085,4.158374172950062,7.402149884577739
2026-05-12 17:08:03.065,21.874066163083967,11.44507232874048,5.572402612271617,7.983082205138999,4.158453146892498,7.402307832462611
2026-05-12 17:08:04.092,21.874066163083967,11.4671709836216,5.572007742559435,7.983161179081435,4.157742381410571,7.404756024678136
2026-05-12 17:08:05.118,21.874066163083967,11.442704615717503,5.573666195350597,7.982371439657072,4.158137251122753,7.408546773915077
2026-05-12 17:08:06.155,21.874066163083967,11.426919862230989,5.572797481983798,7.983240153023871,4.160348521510969,7.4080729302604595
2026-05-12 17:08:07.183,21.881361696912336,11.437969189671549,5.572244664386744,7.982766309369254,4.158926990547116,7.409810356994058
2026-05-12 17:08:08.211,21.874066163083967,11.462435557575645,5.573982091120342,7.982608361484381,4.159163912374424,7.41060009641842
2026-05-12 17:08:09.240,21.874066163083967,11.449018517112108,5.572797481983798,7.983161179081435,4.159874677856351,7.412811366806636
2026-05-12 17:08:10.272,21.874066163083967,11.4395476650202,5.57319235169598,7.983398100908744,4.158453146892498,7.414706741425107
2026-05-12 17:08:11.299,21.881361696912336,11.455332418506714,5.5737451692930335,7.983082205138999,4.157742381410571,7.415259559022161
2026-05-12 17:08:12.343,21.874066163083967,11.436390714322897,5.573982091120342,7.983003231196562,4.158216225065189,7.418102620949867
2026-05-12 17:08:13.370,21.874066163083967,11.42849833757964,5.572797481983798,7.984345788217979,4.158453146892498,7.418734412489357
2026-05-12 17:08:14.396,21.874066163083967,11.433233763625594,5.573113377753543,7.984345788217979,4.1580582771803165,7.4207877349927
2026-05-12 17:08:15.427,21.874066163083967,11.435601476648571,5.573982091120342,7.983398100908744,4.160506469395841,7.422446187783862
2026-05-12 17:08:16.455,21.874066163083967,11.445861566414806,5.57319235169598,7.982687335426817,4.161138260935331,7.423630796920406
2026-05-12 17:08:17.481,21.874066163083967,11.443493853391828,5.573508247465725,7.983161179081435,4.158453146892498,7.4271056503876025
2026-05-12 17:08:18.510,21.881361696912336,11.452175467809411,5.573508247465725,7.982134517829763,4.158690068719807,7.426157963078367
2026-05-12 17:08:19.536,21.874066163083967,11.444283091066154,5.574140039005215,7.9838719445633615,4.158137251122753,7.428053337696838
2026-05-12 17:08:20.565,21.874066163083967,11.448229279437783,5.573429273523288,7.9833191269663075,4.158453146892498,7.429790764430436
2026-05-12 17:08:21.591,21.874066163083967,11.452964705483737,5.573429273523288,7.983161179081435,4.1586110947773705,7.431212295394289
2026-05-12 17:08:22.615,21.874066163083967,11.442704615717503,5.5742979868900875,7.98347707485118,4.158848016604679,7.432949722127887
2026-05-12 17:08:23.642,21.881361696912336,11.436390714322897,5.574850804487141,7.9833191269663075,4.159163912374424,7.435950731940466
2026-05-12 17:08:24.669,21.874066163083967,11.441915378043177,5.574692856602269,7.982924257254126,4.160269547568532,7.437214315019446
2026-05-12 17:08:25.700,21.874066163083967,11.455332418506714,5.573350299580852,7.983556048793616,4.158926990547116,7.437451236846755
2026-05-12 17:08:26.727,21.874066163083967,11.448229279437783,5.574061065062779,7.983398100908744,4.158769042662243,7.440768142429079
2026-05-12 17:08:27.756,21.874066163083967,11.459278606878343,5.5737451692930335,7.98347707485118,4.1580582771803165,7.44242659522024
2026-05-12 17:08:28.782,21.874066163083967,11.4671709836216,5.5737451692930335,7.9833191269663075,4.158532120834934,7.443137360702167
2026-05-12 17:08:29.817,21.874066163083967,11.46164631990132,5.574061065062779,7.983003231196562,4.157900329295444,7.444006074068966
2026-05-12 17:08:30.845,21.881361696912336,11.4395476650202,5.574376960832524,7.982687335426817,4.158690068719807,7.446296318399618
2026-05-12 17:08:31.922,21.874066163083967,11.432444525951269,5.573982091120342,7.982687335426817,4.159716729971478,7.4470070838815445
2026-05-12 17:08:32.953,21.874066163083967,11.437969189671549,5.574061065062779,7.9822134917722,4.1586110947773705,7.4489814324424515
2026-05-12 17:08:33.988,21.874066163083967,11.449018517112108,5.574376960832524,7.982687335426817,4.159321860259297,7.450955781003358
2026-05-12 17:08:35.019,21.874066163083967,11.448229279437783,5.57445593477496,7.984029892448234,4.158926990547116,7.452219364082339
2026-05-12 17:08:36.047,21.874066163083967,11.46164631990132,5.574534908717396,7.984029892448234,4.158690068719807,7.453798842931064
2026-05-12 17:08:37.075,21.874066163083967,11.440336902694526,5.575008752372014,7.982608361484381,4.1600326257412235,7.455220373894917
2026-05-12 17:08:38.119,21.874066163083967,11.449807754786434,5.576114387566122,7.9822134917722,4.158453146892498,7.456404983031462
2026-05-12 17:08:39.147,21.874066163083967,11.449807754786434,5.5742979868900875,7.983003231196562,4.158690068719807,7.459484966786476
2026-05-12 17:08:40.178,21.874066163083967,11.446650804089131,5.575324648141759,7.98284528331169,4.159163912374424,7.460748549865457
2026-05-12 17:08:41.205,21.874066163083967,11.433233763625594,5.575403622084195,7.982134517829763,4.158453146892498,7.46153828928982
2026-05-12 17:08:42.233,21.874066163083967,11.440336902694526,5.574771830544705,7.983161179081435,4.159321860259297,7.463512637850727
2026-05-12 17:08:43.258,21.881361696912336,11.464014032924297,5.574929778429578,7.982924257254126,4.158137251122753,7.464381351217526
2026-05-12 17:08:44.285,21.881361696912336,11.448229279437783,5.574771830544705,7.982924257254126,4.159953651798787,7.467303387087668
2026-05-12 17:08:45.312,21.874066163083967,11.443493853391828,5.575956439681249,7.983713996678489,4.159400834201733,7.468172100454467
2026-05-12 17:08:46.337,21.874066163083967,11.447440041763457,5.575561569969068,7.98410886639067,4.158926990547116,7.470541318727555
2026-05-12 17:08:47.365,21.866770629255655,11.433233763625594,5.575008752372014,7.982292465714636,4.158690068719807,7.470067475072938
2026-05-12 17:08:48.394,21.874066163083967,11.464014032924297,5.575245674199323,7.9833191269663075,4.158137251122753,7.473858224309879
2026-05-12 17:08:49.419,21.874066163083967,11.437969189671549,5.575245674199323,7.984266814275543,4.158848016604679,7.474095146137188
2026-05-12 17:08:50.449,21.866770629255655,11.441915378043177,5.5765882312207395,7.981344778405401,4.1600326257412235,7.476464364410276
2026-05-12 17:08:51.477,21.866770629255655,11.449807754786434,5.576193361508558,7.983240153023871,4.158137251122753,7.476701286237585
2026-05-12 17:08:52.506,21.874066163083967,11.452964705483737,5.575640543911504,7.983003231196562,4.158216225065189,7.479228452395546
2026-05-12 17:08:53.534,21.874066163083967,11.441915378043177,5.575403622084195,7.982529387541945,4.157821355353008,7.480649983359399
2026-05-12 17:08:54.562,21.874066163083967,11.451386230135085,5.575482596026632,7.984266814275543,4.15797930323788,7.482782279805178
2026-05-12 17:08:55.592,21.874066163083967,11.471906409667554,5.575877465738813,7.982608361484381,4.158453146892498,7.483887914999286
2026-05-12 17:08:56.620,21.874066163083967,11.443493853391828,5.576114387566122,7.983003231196562,4.158769042662243,7.486020211445066
2026-05-12 17:08:57.648,21.874066163083967,11.436390714322897,5.576509257278303,7.983713996678489,4.158532120834934,7.487283794524046
2026-05-12 17:08:58.675,21.866770629255655,11.441915378043177,5.576351309393431,7.982608361484381,4.158532120834934,7.488073533948409
2026-05-12 17:08:59.703,21.874066163083967,11.4395476650202,5.575956439681249,7.9833191269663075,4.15797930323788,7.489100195200081
2026-05-12 17:09:00.729,21.874066163083967,11.446650804089131,5.576746179105612,7.983161179081435,4.157584433525699,7.490521726163934
2026-05-12 17:09:01.758,21.866770629255655,11.445861566414806,5.575956439681249,7.983713996678489,4.158690068719807,7.493285814149203
2026-05-12 17:09:02.785,21.881361696912336,11.437179951997223,5.576114387566122,7.983240153023871,4.158926990547116,7.493838631746257
2026-05-12 17:09:03.815,21.874066163083967,11.449807754786434,5.576509257278303,7.982608361484381,4.158848016604679,7.495734006364728
2026-05-12 17:09:04.843,21.874066163083967,11.454543180832388,5.575877465738813,7.983161179081435,4.158295199007625,7.497234511271017
2026-05-12 17:09:05.870,21.874066163083967,11.451386230135085,5.577298996702666,7.9822134917722,4.159637756029042,7.499050911947052
2026-05-12 17:09:06.895,21.866770629255655,11.436390714322897,5.577535918529975,7.980870934750783,4.157663407468135,7.500314495026032
2026-05-12 17:09:07.920,21.866770629255655,11.431655288276943,5.576430283335867,7.982371439657072,4.158848016604679,7.502604739356684
2026-05-12 17:09:08.947,21.874066163083967,11.469538696644577,5.577377970645102,7.981818622060018,4.158137251122753,7.503710374550792
2026-05-12 17:09:09.976,21.866770629255655,11.467960221295925,5.576272335450994,7.984898605815033,4.157821355353008,7.505289853399518
2026-05-12 17:09:11.002,21.874066163083967,11.437179951997223,5.576509257278303,7.983161179081435,4.158769042662243,7.506237540708753
2026-05-12 17:09:12.052,21.874066163083967,11.452175467809411,5.576904126990485,7.982687335426817,4.159005964489552,7.507738045615042
2026-05-12 17:09:13.080,21.874066163083967,11.454543180832388,5.576983100932921,7.984187840333107,4.158295199007625,7.510265211773003
2026-05-12 17:09:14.108,21.874066163083967,11.449018517112108,5.577298996702666,7.983240153023871,4.1586110947773705,7.511844690621729
2026-05-12 17:09:15.138,21.874066163083967,11.445861566414806,5.5771410488177935,7.983161179081435,4.15797930323788,7.5129503258158365
2026-05-12 17:09:16.167,21.874066163083967,11.42849833757964,5.577930788242156,7.9818975960024545,4.1580582771803165,7.515082622261616
2026-05-12 17:09:17.194,21.874066163083967,11.449807754786434,5.577772840357284,7.983003231196562,4.158926990547116,7.5157933877435426
2026-05-12 17:09:18.221,21.874066163083967,11.464803270598622,5.577456944587539,7.9824504135995085,4.157663407468135,7.518162606016631
2026-05-12 17:09:19.249,21.874066163083967,11.443493853391828,5.577456944587539,7.983792970620925,4.159242886316861,7.518952345440994
2026-05-12 17:09:20.278,21.874066163083967,11.438758427345874,5.576983100932921,7.982687335426817,4.15797930323788,7.522190277080881
2026-05-12 17:09:21.305,21.874066163083967,11.446650804089131,5.577298996702666,7.982134517829763,4.158769042662243,7.5225851467930624
2026-05-12 17:09:22.333,21.874066163083967,11.441126140368851,5.578088736127029,7.983003231196562,4.157663407468135,7.525586156605641
2026-05-12 17:09:23.364,21.874066163083967,11.4395476650202,5.577298996702666,7.982371439657072,4.15797930323788,7.525270260835896
2026-05-12 17:09:24.414,21.874066163083967,11.449807754786434,5.5771410488177935,7.983161179081435,4.159953651798787,7.526533843914876
2026-05-12 17:09:25.440,21.874066163083967,11.446650804089131,5.577614892472411,7.983635022736053,4.158690068719807,7.5296928016123275
2026-05-12 17:09:26.468,21.874066163083967,11.459278606878343,5.578088736127029,7.98284528331169,4.158690068719807,7.530640488921563
2026-05-12 17:09:27.494,21.874066163083967,11.440336902694526,5.577930788242156,7.98410886639067,4.159400834201733,7.532140993827852
2026-05-12 17:09:28.521,21.874066163083967,11.426919862230989,5.5785625797816465,7.982687335426817,4.158769042662243,7.532930733252215
2026-05-12 17:09:29.556,21.874066163083967,11.464803270598622,5.578404631896774,7.983003231196562,4.159163912374424,7.534747133928249
2026-05-12 17:09:30.583,21.874066163083967,11.4395476650202,5.578404631896774,7.9833191269663075,4.158690068719807,7.537195326143774
2026-05-12 17:09:31.612,21.866770629255655,11.44507232874048,5.57785181429972,7.982371439657072,4.157584433525699,7.5376691697983915
2026-05-12 17:09:32.637,21.874066163083967,11.457700131529691,5.578325657954338,7.98284528331169,4.157742381410571,7.539722492301735
2026-05-12 17:09:33.662,21.874066163083967,11.457700131529691,5.578325657954338,7.983003231196562,4.157663407468135,7.541538892977769
2026-05-12 17:09:34.688,21.874066163083967,11.462435557575645,5.578088736127029,7.984187840333107,4.160190573626096,7.54280247605675
2026-05-12 17:09:35.714,21.874066163083967,11.443493853391828,5.578167710069465,7.983082205138999,4.158374172950062,7.544539902790348
2026-05-12 17:09:36.742,21.874066163083967,11.460857082226994,5.578167710069465,7.983003231196562,4.158216225065189,7.545645537984456
2026-05-12 17:09:37.773,21.866770629255655,11.443493853391828,5.578246684011901,7.982055543887327,4.158374172950062,7.549199365394088
2026-05-12 17:09:38.799,21.874066163083967,11.440336902694526,5.579036423436264,7.982055543887327,4.1586110947773705,7.549357313278961
2026-05-12 17:09:39.826,21.874066163083967,11.448229279437783,5.579905136803063,7.98410886639067,4.157584433525699,7.550778844242814
2026-05-12 17:09:40.854,21.874066163083967,11.441126140368851,5.578799501608955,7.983398100908744,4.15734751169839,7.552595244918848
2026-05-12 17:09:41.882,21.874066163083967,11.441126140368851,5.580063084687936,7.9824504135995085,4.1580582771803165,7.554490619537319
2026-05-12 17:09:42.915,21.874066163083967,11.435601476648571,5.578957449493828,7.982924257254126,4.157584433525699,7.555043437134373
2026-05-12 17:09:43.943,21.874066163083967,11.437969189671549,5.579668214975754,7.9822134917722,4.157426485640826,7.556543942040662
2026-05-12 17:09:44.969,21.874066163083967,11.460067844552668,5.579273345263573,7.983398100908744,4.158216225065189,7.558834186371314
2026-05-12 17:09:45.996,21.874066163083967,11.449018517112108,5.579194371321137,7.98347707485118,4.157821355353008,7.559623925795677
2026-05-12 17:09:47.028,21.874066163083967,11.458489369204017,5.578799501608955,7.983003231196562,4.158295199007625,7.5618351961838925
2026-05-12 17:09:48.056,21.874066163083967,11.432444525951269,5.579352319206009,7.9833191269663075,4.158374172950062,7.562940831378
2026-05-12 17:09:49.084,21.881361696912336,11.44507232874048,5.57848360583921,7.9822134917722,4.159242886316861,7.564283388399417
2026-05-12 17:09:50.115,21.866770629255655,11.46164631990132,5.579273345263573,7.982687335426817,4.15734751169839,7.56633671090276
2026-05-12 17:09:51.140,21.874066163083967,11.441915378043177,5.579589241033318,7.982924257254126,4.158216225065189,7.568153111578795
2026-05-12 17:09:52.167,21.874066163083967,11.46164631990132,5.579668214975754,7.98347707485118,4.157268537755954,7.569179772830466
2026-05-12 17:09:53.192,21.874066163083967,11.432444525951269,5.579036423436264,7.98347707485118,4.157821355353008,7.570996173506501
2026-05-12 17:09:54.218,21.866770629255655,11.433233763625594,5.579036423436264,7.982687335426817,4.159084938431988,7.573049496009844
2026-05-12 17:09:55.249,21.874066163083967,11.440336902694526,5.5799841107454995,7.982134517829763,4.157663407468135,7.5737602614917705
2026-05-12 17:09:56.277,21.874066163083967,11.443493853391828,5.579668214975754,7.983398100908744,4.159321860259297,7.575971531879986
2026-05-12 17:09:57.304,21.874066163083967,11.438758427345874,5.580457954400117,7.98284528331169,4.15797930323788,7.577393062843839
2026-05-12 17:09:58.335,21.874066163083967,11.425341386882337,5.580142058630372,7.982687335426817,4.157268537755954,7.579051515635001
2026-05-12 17:09:59.363,21.874066163083967,11.43402300129992,5.579273345263573,7.984029892448234,4.159716729971478,7.581657655735398
2026-05-12 17:10:00.392,21.874066163083967,11.460857082226994,5.580221032572808,7.982924257254126,4.157584433525699,7.581341759965653
2026-05-12 17:10:01.422,21.874066163083967,11.451386230135085,5.58061590228499,7.98284528331169,4.157900329295444,7.584105847950923
2026-05-12 17:10:02.449,21.866770629255655,11.458489369204017,5.579273345263573,7.9833191269663075,4.158769042662243,7.584421743720668
2026-05-12 17:10:03.475,21.874066163083967,11.430866050602617,5.580378980457681,7.983003231196562,4.158926990547116,7.5879755711303005
2026-05-12 17:10:04.501,21.874066163083967,11.441126140368851,5.580300006515245,7.983950918505798,4.158532120834934,7.588291466900046
2026-05-12 17:10:05.526,21.866770629255655,11.424552149208012,5.581010771997171,7.984187840333107,4.157821355353008,7.589634023921462
2026-05-12 17:10:06.556,21.874066163083967,11.440336902694526,5.579747188918191,7.983240153023871,4.158216225065189,7.592714007676477
2026-05-12 17:10:07.585,21.874066163083967,11.467960221295925,5.580773850169862,7.983792970620925,4.1586110947773705,7.592635033734041
2026-05-12 17:10:08.613,21.874066163083967,11.456910893855365,5.5799841107454995,7.982292465714636,4.157110589871081,7.594056564697894
2026-05-12 17:10:09.643,21.874066163083967,11.462435557575645,5.580694876227426,7.982766309369254,4.157584433525699,7.595557069604183
2026-05-12 17:10:10.670,21.874066163083967,11.433233763625594,5.580300006515245,7.983240153023871,4.158690068719807,7.597610392107526
2026-05-12 17:10:11.698,21.874066163083967,11.456910893855365,5.580300006515245,7.982292465714636,4.158453146892498,7.598952949128943
2026-05-12 17:10:12.726,21.874066163083967,11.470327934318902,5.581168719882044,7.9833191269663075,4.157900329295444,7.60092729768985
2026-05-12 17:10:13.756,21.874066163083967,11.4671709836216,5.580536928342553,7.98347707485118,4.15797930323788,7.602664724423448
2026-05-12 17:10:14.786,21.874066163083967,11.435601476648571,5.582195381133715,7.981423752347837,4.159084938431988,7.60432317721461
2026-05-12 17:10:15.826,21.874066163083967,11.445861566414806,5.581010771997171,7.983556048793616,4.157900329295444,7.6055867602935905
2026-05-12 17:10:16.854,21.874066163083967,11.42849833757964,5.5814056417093525,7.98347707485118,4.157110589871081,7.607482134912061
2026-05-12 17:10:17.881,21.874066163083967,11.453753943158063,5.580694876227426,7.9822134917722,4.157505459583263,7.610009301070022
2026-05-12 17:10:18.909,21.874066163083967,11.437969189671549,5.5808528241122985,7.984424762160415,4.158690068719807,7.609772379242713
2026-05-12 17:10:19.936,21.866770629255655,11.424552149208012,5.580694876227426,7.983792970620925,4.1571895638135175,7.612299545400674
2026-05-12 17:10:20.964,21.874066163083967,11.457700131529691,5.5814056417093525,7.982608361484381,4.157663407468135,7.614747737616199
2026-05-12 17:10:21.989,21.874066163083967,11.463224795249971,5.581326667766916,7.981423752347837,4.157663407468135,7.615853372810307
2026-05-12 17:10:23.015,21.874066163083967,11.435601476648571,5.580773850169862,7.98284528331169,4.158216225065189,7.616643112234669
2026-05-12 17:10:24.047,21.874066163083967,11.445861566414806,5.580931798054735,7.98284528331169,4.159558782086606,7.618617460795576
2026-05-12 17:10:25.074,21.874066163083967,11.44507232874048,5.5808528241122985,7.982687335426817,4.157584433525699,7.619565148104812
2026-05-12 17:10:26.102,21.874066163083967,11.443493853391828,5.581326667766916,7.983635022736053,4.158295199007625,7.6212236008959735
2026-05-12 17:10:27.129,21.866770629255655,11.441915378043177,5.581168719882044,7.984819631872597,4.1586110947773705,7.6226451318598265
2026-05-12 17:10:28.155,21.874066163083967,11.441126140368851,5.582195381133715,7.983713996678489,4.158137251122753,7.624224610708552
2026-05-12 17:10:29.183,21.874066163083967,11.427709099905314,5.581010771997171,7.982292465714636,4.16074339122315,7.627304594463567
2026-05-12 17:10:30.210,21.874066163083967,11.445861566414806,5.58124769382448,7.983950918505798,4.157584433525699,7.626751776866513
2026-05-12 17:10:31.241,21.874066163083967,11.451386230135085,5.582037433248843,7.982766309369254,4.15797930323788,7.62935791696691
2026-05-12 17:10:32.272,21.874066163083967,11.444283091066154,5.581800511421534,7.983792970620925,4.158216225065189,7.6297527866790915
2026-05-12 17:10:33.311,21.874066163083967,11.457700131529691,5.582195381133715,7.982371439657072,4.16011159968366,7.632911744376543
2026-05-12 17:10:34.338,21.874066163083967,11.44507232874048,5.5822743550761516,7.9838719445633615,4.157426485640826,7.634333275340396
2026-05-12 17:10:35.368,21.874066163083967,11.453753943158063,5.582590250845897,7.982766309369254,4.160190573626096,7.635359936592067
2026-05-12 17:10:36.399,21.874066163083967,11.459278606878343,5.5828271726732055,7.982292465714636,4.159874677856351,7.637808128807592
2026-05-12 17:10:37.429,21.866770629255655,11.468749458970251,5.582748198730769,7.9833191269663075,4.157584433525699,7.637729154865156
2026-05-12 17:10:38.459,21.874066163083967,11.448229279437783,5.583143068442951,7.983635022736053,4.158532120834934,7.640493242850425
2026-05-12 17:10:39.501,21.866770629255655,11.445861566414806,5.582432302961024,7.982766309369254,4.1586110947773705,7.641361956217224
2026-05-12 17:10:40.532,21.866770629255655,11.468749458970251,5.582985120558078,7.982687335426817,4.159558782086606,7.643336304778131
2026-05-12 17:10:41.560,21.874066163083967,11.451386230135085,5.582748198730769,7.982924257254126,4.159005964489552,7.646732184302891
2026-05-12 17:10:42.587,21.866770629255655,11.452175467809411,5.582985120558078,7.98347707485118,4.1580582771803165,7.646021418820965
2026-05-12 17:10:43.614,21.874066163083967,11.440336902694526,5.582353329018588,7.981818622060018,4.157505459583263,7.647679871612127
2026-05-12 17:10:44.647,21.866770629255655,11.458489369204017,5.582116407191279,7.983635022736053,4.158532120834934,7.649970115942779
2026-05-12 17:10:45.674,21.874066163083967,11.464014032924297,5.58251127690346,7.983556048793616,4.158216225065189,7.650759855367141
2026-05-12 17:10:46.704,21.866770629255655,11.447440041763457,5.583301016327823,7.98347707485118,4.158926990547116,7.652181386330994
2026-05-12 17:10:47.727,21.859475095427342,11.441915378043177,5.5828271726732055,7.9833191269663075,4.157821355353008,7.654629578546519
2026-05-12 17:10:48.753,21.866770629255655,11.443493853391828,5.58187948536397,7.98347707485118,4.15734751169839,7.656445979222553
2026-05-12 17:10:49.782,21.874066163083967,11.453753943158063,5.583143068442951,7.983713996678489,4.157505459583263,7.658104432013715
2026-05-12 17:10:50.812,21.866770629255655,11.453753943158063,5.583301016327823,7.98284528331169,4.1580582771803165,7.658973145380514
2026-05-12 17:10:51.843,21.866770629255655,11.451386230135085,5.5828271726732055,7.981976569944891,4.15734751169839,7.662684920675019
2026-05-12 17:10:52.871,21.866770629255655,11.45059699246076,5.583537938155132,7.983398100908744,4.158216225065189,7.661974155193093
2026-05-12 17:10:53.902,21.874066163083967,11.445861566414806,5.583222042385387,7.983635022736053,4.158453146892498,7.663948503754
2026-05-12 17:10:54.932,21.866770629255655,11.43402300129992,5.582906146615642,7.98347707485118,4.157426485640826,7.664738243178363
2026-05-12 17:10:55.959,21.874066163083967,11.449018517112108,5.583932807867313,7.982134517829763,4.160348521510969,7.666791565681706
2026-05-12 17:10:56.987,21.866770629255655,11.438758427345874,5.582985120558078,7.98410886639067,4.159953651798787,7.667739252990941
2026-05-12 17:10:58.015,21.866770629255655,11.442704615717503,5.584169729694622,7.982292465714636,4.1594798081441695,7.669634627609412
2026-05-12 17:10:59.043,21.874066163083967,11.446650804089131,5.5828271726732055,7.982529387541945,4.158453146892498,7.671451028285446
2026-05-12 17:11:00.071,21.874066163083967,11.447440041763457,5.583853833924877,7.983240153023871,4.158374172950062,7.673425376846353
2026-05-12 17:11:01.101,21.866770629255655,11.45059699246076,5.583301016327823,7.983713996678489,4.157584433525699,7.675004855695079
2026-05-12 17:11:02.146,21.866770629255655,11.455332418506714,5.583853833924877,7.983240153023871,4.157821355353008,7.677137152140858
2026-05-12 17:11:03.175,21.866770629255655,11.452964705483737,5.583853833924877,7.982371439657072,4.159400834201733,7.678084839450094
2026-05-12 17:11:04.205,21.874066163083967,11.432444525951269,5.584959469118985,7.983556048793616,4.158295199007625,7.679032526759329
2026-05-12 17:11:05.233,21.874066163083967,11.447440041763457,5.5836958860400046,7.983713996678489,4.157505459583263,7.681006875320236
2026-05-12 17:11:06.261,21.859475095427342,11.443493853391828,5.58401178180975,7.981818622060018,4.157742381410571,7.682428406284089
2026-05-12 17:11:07.287,21.874066163083967,11.437969189671549,5.583458964212696,7.983161179081435,4.16011159968366,7.684402754844996
2026-05-12 17:11:08.338,21.874066163083967,11.449018517112108,5.584327677579495,7.981581700232709,4.157900329295444,7.68621915552103
2026-05-12 17:11:09.364,21.874066163083967,11.443493853391828,5.584406651521931,7.982687335426817,4.157663407468135,7.687640686484883
2026-05-12 17:11:10.396,21.866770629255655,11.432444525951269,5.584406651521931,7.9818975960024545,4.157426485640826,7.688509399851682
2026-05-12 17:11:11.425,21.866770629255655,11.425341386882337,5.58464357334924,7.983240153023871,4.158374172950062,7.691036566009643
2026-05-12 17:11:12.455,21.866770629255655,11.438758427345874,5.583853833924877,7.984187840333107,4.159163912374424,7.691352461779388
2026-05-12 17:11:13.480,21.874066163083967,11.4395476650202,5.58527536488873,7.982292465714636,4.158769042662243,7.693958601879785
2026-05-12 17:11:14.509,21.874066163083967,11.466381745947274,5.585354338831166,7.983003231196562,4.158137251122753,7.695459106786075
2026-05-12 17:11:15.538,21.874066163083967,11.44507232874048,5.58527536488873,7.98284528331169,4.157110589871081,7.6962488462104375
2026-05-12 17:11:16.563,21.866770629255655,11.45612165618104,5.584722547291676,7.983950918505798,4.158295199007625,7.698460116598653
2026-05-12 17:11:17.592,21.866770629255655,11.445861566414806,5.585038443061421,7.981976569944891,4.157505459583263,7.700118569389815
2026-05-12 17:11:18.619,21.874066163083967,11.442704615717503,5.585354338831166,7.982766309369254,4.158295199007625,7.701145230641487
2026-05-12 17:11:19.655,21.874066163083967,11.442704615717503,5.584406651521931,7.983240153023871,4.157821355353008,7.703672396799448
2026-05-12 17:11:20.684,21.866770629255655,11.447440041763457,5.584880495176549,7.983082205138999,4.157742381410571,7.704383162281374
2026-05-12 17:11:21.712,21.866770629255655,11.449018517112108,5.584327677579495,7.983161179081435,4.158532120834934,7.7061995629574085
2026-05-12 17:11:22.738,21.866770629255655,11.449807754786434,5.584959469118985,7.983082205138999,4.158690068719807,7.709674416424605
2026-05-12 17:11:23.767,21.866770629255655,11.448229279437783,5.584485625464367,7.98284528331169,4.158374172950062,7.708252885460752
2026-05-12 17:11:24.805,21.866770629255655,11.446650804089131,5.585038443061421,7.983635022736053,4.157663407468135,7.7113328692157666
2026-05-12 17:11:25.839,21.874066163083967,11.460857082226994,5.58527536488873,7.9833191269663075,4.15734751169839,7.712833374122056
2026-05-12 17:11:26.895,21.874066163083967,11.444283091066154,5.5851174170038576,7.983240153023871,4.15797930323788,7.714570800855654
2026-05-12 17:11:27.920,21.859475095427342,11.438758427345874,5.584880495176549,7.983161179081435,4.15734751169839,7.715123618452708
2026-05-12 17:11:28.946,21.866770629255655,11.43402300129992,5.58527536488873,7.98410886639067,4.157268537755954,7.716545149416561
2026-05-12 17:11:29.974,21.874066163083967,11.44507232874048,5.584959469118985,7.9818975960024545,4.157426485640826,7.719388211344267
2026-05-12 17:11:31.004,21.874066163083967,11.465592508272948,5.58527536488873,7.983635022736053,4.158216225065189,7.720256924711066
2026-05-12 17:11:32.030,21.874066163083967,11.453753943158063,5.584722547291676,7.984977579757469,4.158137251122753,7.721915377502228
2026-05-12 17:11:33.056,21.874066163083967,11.449018517112108,5.58590715642822,7.982608361484381,4.159005964489552,7.724047673948007
2026-05-12 17:11:34.086,21.874066163083967,11.438758427345874,5.585512286716039,7.982134517829763,4.156952641986209,7.726574840105968
2026-05-12 17:11:35.113,21.866770629255655,11.458489369204017,5.585591260658475,7.9822134917722,4.157268537755954,7.726574840105968
2026-05-12 17:11:36.138,21.866770629255655,11.458489369204017,5.586144078255529,7.982766309369254,4.157505459583263,7.729180980206365
2026-05-12 17:11:37.169,21.866770629255655,11.451386230135085,5.586381000082838,7.983003231196562,4.158295199007625,7.729812771745856
2026-05-12 17:11:38.196,21.866770629255655,11.445861566414806,5.585512286716039,7.982687335426817,4.156952641986209,7.731076354824836
2026-05-12 17:11:39.221,21.866770629255655,11.443493853391828,5.585354338831166,7.983398100908744,4.157426485640826,7.7323399379038165
2026-05-12 17:11:40.252,21.866770629255655,11.465592508272948,5.585512286716039,7.983398100908744,4.15797930323788,7.734314286464723
2026-05-12 17:11:41.283,21.866770629255655,11.458489369204017,5.586144078255529,7.982766309369254,4.159242886316861,7.7366045307953755
2026-05-12 17:11:42.313,21.874066163083967,11.442704615717503,5.585749208543348,7.981581700232709,4.159716729971478,7.737710165989483
2026-05-12 17:11:43.345,21.866770629255655,11.446650804089131,5.586065104313093,7.983398100908744,4.1571895638135175,7.738499905413846
2026-05-12 17:11:44.373,21.874066163083967,11.446650804089131,5.586144078255529,7.983792970620925,4.1567157201589,7.742132706765915
2026-05-12 17:11:45.404,21.866770629255655,11.457700131529691,5.586302026140402,7.98284528331169,4.157110589871081,7.7417378370537335
2026-05-12 17:11:46.434,21.866770629255655,11.452175467809411,5.586381000082838,7.983792970620925,4.158848016604679,7.744186029269258
2026-05-12 17:11:47.460,21.866770629255655,11.446650804089131,5.585828182485784,7.983398100908744,4.159242886316861,7.745923456002856
2026-05-12 17:11:48.491,21.874066163083967,11.459278606878343,5.586302026140402,7.982292465714636,4.159716729971478,7.7465552475423465
2026-05-12 17:11:49.520,21.874066163083967,11.457700131529691,5.587012791622328,7.98410886639067,4.1580582771803165,7.748371648218381
2026-05-12 17:11:50.546,21.866770629255655,11.455332418506714,5.586933817679892,7.982766309369254,4.15797930323788,7.750661892549033
2026-05-12 17:11:51.569,21.866770629255655,11.438758427345874,5.587170739507201,7.983003231196562,4.156794694101336,7.751925475628013
2026-05-12 17:11:52.601,21.874066163083967,11.445861566414806,5.58740766133451,7.981660674175146,4.1586110947773705,7.753425980534303
2026-05-12 17:11:53.628,21.866770629255655,11.433233763625594,5.587012791622328,7.983398100908744,4.159242886316861,7.754926485440592
2026-05-12 17:11:54.654,21.866770629255655,11.452175467809411,5.586696895852583,7.983082205138999,4.158216225065189,7.756190068519572
2026-05-12 17:11:55.683,21.866770629255655,11.446650804089131,5.587012791622328,7.9818975960024545,4.1594798081441695,7.757532625540989
2026-05-12 17:11:56.706,21.874066163083967,11.45059699246076,5.586696895852583,7.983713996678489,4.157900329295444,7.759901843814077
2026-05-12 17:11:57.730,21.874066163083967,11.445861566414806,5.586775869795019,7.983398100908744,4.156873668043772,7.761560296605239
2026-05-12 17:11:58.757,21.866770629255655,11.453753943158063,5.587960478931564,7.983240153023871,4.16011159968366,7.763218749396401
2026-05-12 17:11:59.787,21.866770629255655,11.453753943158063,5.5876445831618184,7.9822134917722,4.15734751169839,7.764640280360254
2026-05-12 17:12:00.816,21.874066163083967,11.447440041763457,5.587328687392073,7.983713996678489,4.15797930323788,7.7659038634392346
2026-05-12 17:12:01.869,21.874066163083967,11.451386230135085,5.58740766133451,7.982766309369254,4.16011159968366,7.76748334228796
2026-05-12 17:12:02.896,21.874066163083967,11.427709099905314,5.587486635276946,7.984661683987724,4.158374172950062,7.768825899309377
2026-05-12 17:12:03.923,21.866770629255655,11.464803270598622,5.587170739507201,7.982766309369254,4.15734751169839,7.771668961237083
2026-05-12 17:12:04.954,21.866770629255655,11.4671709836216,5.587486635276946,7.983792970620925,4.157900329295444,7.772932544316063
2026-05-12 17:12:05.983,21.866770629255655,11.460067844552668,5.587881504989127,7.9824504135995085,4.157742381410571,7.775617658358897
2026-05-12 17:12:07.012,21.874066163083967,11.427709099905314,5.588434322586181,7.98410886639067,4.157900329295444,7.775459710474024
2026-05-12 17:12:08.056,21.866770629255655,11.440336902694526,5.588276374701309,7.982766309369254,4.158690068719807,7.777434059034931
2026-05-12 17:12:09.085,21.866770629255655,11.44507232874048,5.587881504989127,7.983635022736053,4.158926990547116,7.779013537883657
2026-05-12 17:12:10.112,21.866770629255655,11.442704615717503,5.587486635276946,7.982055543887327,4.156952641986209,7.780198147020201
2026-05-12 17:12:11.138,21.866770629255655,11.437969189671549,5.587565609219382,7.9833191269663075,4.157110589871081,7.781461730099181
2026-05-12 17:12:12.168,21.866770629255655,11.452964705483737,5.587881504989127,7.981818622060018,4.158137251122753,7.782804287120598
2026-05-12 17:12:13.197,21.874066163083967,11.437969189671549,5.588118426816436,7.983003231196562,4.157821355353008,7.785252479336123
2026-05-12 17:12:14.225,21.866770629255655,11.4395476650202,5.5885132965286175,7.983240153023871,4.157268537755954,7.787384775781902
2026-05-12 17:12:15.251,21.866770629255655,11.433233763625594,5.588355348643745,7.981660674175146,4.156873668043772,7.78722682789703
2026-05-12 17:12:16.281,21.866770629255655,11.460857082226994,5.588908166240799,7.98347707485118,4.159637756029042,7.790780655306662
2026-05-12 17:12:17.309,21.866770629255655,11.438758427345874,5.588197400758872,7.983635022736053,4.157900329295444,7.790227837709608
2026-05-12 17:12:18.336,21.874066163083967,11.438758427345874,5.589224062010544,7.983240153023871,4.157742381410571,7.7925970559826965
2026-05-12 17:12:19.383,21.874066163083967,11.43402300129992,5.588908166240799,7.983003231196562,4.157505459583263,7.794413456658731
2026-05-12 17:12:20.409,21.866770629255655,11.46164631990132,5.58867124441349,7.983713996678489,4.158295199007625,7.796387805219638
2026-05-12 17:12:21.437,21.866770629255655,11.437969189671549,5.58867124441349,7.982687335426817,4.157505459583263,7.798125231953236
2026-05-12 17:12:22.462,21.866770629255655,11.447440041763457,5.588434322586181,7.983003231196562,4.159242886316861,7.798914971377599
2026-05-12 17:12:23.493,21.866770629255655,11.449018517112108,5.5890661141256714,7.983240153023871,4.1566367462164635,7.799625736859525
2026-05-12 17:12:24.518,21.866770629255655,11.467960221295925,5.588750218355926,7.983635022736053,4.157900329295444,7.803890329751084
2026-05-12 17:12:25.547,21.874066163083967,11.421395198510709,5.589145088068108,7.982766309369254,4.157268537755954,7.803179564269158
2026-05-12 17:12:26.573,21.866770629255655,11.447440041763457,5.58930303595298,7.982608361484381,4.158690068719807,7.804206225520829
2026-05-12 17:12:27.603,21.866770629255655,11.448229279437783,5.589224062010544,7.983792970620925,4.158137251122753,7.807207235333408
2026-05-12 17:12:28.630,21.866770629255655,11.427709099905314,5.589145088068108,7.9824504135995085,4.157900329295444,7.807996974757771
2026-05-12 17:12:29.659,21.866770629255655,11.462435557575645,5.589460983837853,7.983792970620925,4.156952641986209,7.809181583894315
2026-05-12 17:12:30.688,21.874066163083967,11.419816723162057,5.589224062010544,7.984187840333107,4.1594798081441695,7.810682088800604
2026-05-12 17:12:31.717,21.866770629255655,11.435601476648571,5.590092775377343,7.981739648117582,4.157426485640826,7.812024645822021
2026-05-12 17:12:32.742,21.866770629255655,11.446650804089131,5.588908166240799,7.983398100908744,4.1571895638135175,7.8147887338072906
2026-05-12 17:12:33.772,21.866770629255655,11.435601476648571,5.589776879607598,7.9833191269663075,4.159242886316861,7.817394873907688
2026-05-12 17:12:34.799,21.874066163083967,11.455332418506714,5.589224062010544,7.983240153023871,4.158848016604679,7.816605134483325
2026-05-12 17:12:35.825,21.866770629255655,11.443493853391828,5.590408671147088,7.982608361484381,4.158295199007625,7.819448196411031
2026-05-12 17:12:36.854,21.859475095427342,11.441915378043177,5.5890661141256714,7.983161179081435,4.1571895638135175,7.81968511823834
2026-05-12 17:12:37.882,21.866770629255655,11.458489369204017,5.589855853550034,7.983240153023871,4.157900329295444,7.82371278930259
2026-05-12 17:12:38.909,21.866770629255655,11.457700131529691,5.589539957780289,7.9824504135995085,4.15797930323788,7.823791763245026
2026-05-12 17:12:39.935,21.866770629255655,11.455332418506714,5.589697905665162,7.983713996678489,4.157268537755954,7.8244235547845165
2026-05-12 17:12:40.966,21.866770629255655,11.466381745947274,5.5904876450895244,7.9818975960024545,4.159716729971478,7.827424564597095
2026-05-12 17:12:41.997,21.866770629255655,11.441915378043177,5.589224062010544,7.9822134917722,4.15734751169839,7.828056356136585
2026-05-12 17:12:43.030,21.866770629255655,11.440336902694526,5.589539957780289,7.982924257254126,4.159637756029042,7.829319939215566
2026-05-12 17:12:44.057,21.866770629255655,11.454543180832388,5.589776879607598,7.983003231196562,4.157031615928645,7.831689157488654
2026-05-12 17:12:45.085,21.866770629255655,11.437969189671549,5.589539957780289,7.982766309369254,4.158137251122753,7.8329527405676345
2026-05-12 17:12:46.112,21.866770629255655,11.446650804089131,5.589460983837853,7.9818975960024545,4.157031615928645,7.834927089128541
2026-05-12 17:12:47.140,21.866770629255655,11.437969189671549,5.590250723262216,7.98284528331169,4.156478798331591,7.836427594034831
2026-05-12 17:12:48.185,21.866770629255655,11.442704615717503,5.589776879607598,7.982766309369254,4.157742381410571,7.83792809894112
2026-05-12 17:12:49.212,21.866770629255655,11.468749458970251,5.589855853550034,7.98284528331169,4.156794694101336,7.840139369329336
2026-05-12 17:12:50.238,21.874066163083967,11.455332418506714,5.590329697204652,7.982529387541945,4.1586110947773705,7.841797822120498
2026-05-12 17:12:51.269,21.874066163083967,11.449018517112108,5.590171749319779,7.982371439657072,4.157031615928645,7.844798831933076
2026-05-12 17:12:52.299,21.859475095427342,11.445861566414806,5.590013801434907,7.983556048793616,4.158532120834934,7.844640884048204
2026-05-12 17:12:53.324,21.866770629255655,11.455332418506714,5.590408671147088,7.984029892448234,4.157110589871081,7.846536258666674
2026-05-12 17:12:54.349,21.866770629255655,11.427709099905314,5.590566619031961,7.983398100908744,4.157663407468135,7.847957789630527
2026-05-12 17:12:55.375,21.874066163083967,11.457700131529691,5.590013801434907,7.983556048793616,4.157110589871081,7.849774190306562
2026-05-12 17:12:56.404,21.866770629255655,11.443493853391828,5.5899348274924705,7.9824504135995085,4.156873668043772,7.8514326430977235
2026-05-12 17:12:57.434,21.866770629255655,11.462435557575645,5.590961488744142,7.984661683987724,4.158295199007625,7.853091095888885
2026-05-12 17:12:58.461,21.866770629255655,11.430866050602617,5.591040462686578,7.9818975960024545,4.158216225065189,7.8551444183922285
2026-05-12 17:12:59.488,21.866770629255655,11.452175467809411,5.590171749319779,7.983082205138999,4.157663407468135,7.857276714838008
2026-05-12 17:13:00.516,21.866770629255655,11.4671709836216,5.589697905665162,7.982371439657072,4.15734751169839,7.856486975413645
2026-05-12 17:13:01.542,21.859475095427342,11.446650804089131,5.591277384513887,7.983950918505798,4.157663407468135,7.858382350032116
2026-05-12 17:13:02.571,21.859475095427342,11.446650804089131,5.590250723262216,7.984424762160415,4.1571895638135175,7.859803880995969
2026-05-12 17:13:03.597,21.866770629255655,11.4395476650202,5.590961488744142,7.984661683987724,4.157821355353008,7.860988490132513
2026-05-12 17:13:04.625,21.866770629255655,11.441126140368851,5.5919091760533775,7.98284528331169,4.157426485640826,7.863120786578293
2026-05-12 17:13:05.656,21.874066163083967,11.464014032924297,5.591277384513887,7.984029892448234,4.157426485640826,7.864858213311891
2026-05-12 17:13:06.685,21.866770629255655,11.437969189671549,5.590250723262216,7.982134517829763,4.157584433525699,7.866753587930361
2026-05-12 17:13:07.711,21.859475095427342,11.457700131529691,5.590408671147088,7.9822134917722,4.158690068719807,7.868096144951778
2026-05-12 17:13:08.738,21.866770629255655,11.45059699246076,5.590961488744142,7.982371439657072,4.157663407468135,7.8713340765916655
2026-05-12 17:13:09.769,21.866770629255655,11.455332418506714,5.590882514801706,7.984029892448234,4.159874677856351,7.870939206879484
2026-05-12 17:13:10.800,21.859475095427342,11.457700131529691,5.59206712393825,7.983003231196562,4.157584433525699,7.872360737843337
2026-05-12 17:13:11.829,21.866770629255655,11.453753943158063,5.591198410571451,7.982687335426817,4.159163912374424,7.876309434965151
2026-05-12 17:13:12.859,21.866770629255655,11.458489369204017,5.590961488744142,7.983003231196562,4.157268537755954,7.875203799771043
2026-05-12 17:13:13.886,21.859475095427342,11.466381745947274,5.592304045765559,7.983635022736053,4.159005964489552,7.876941226504641
2026-05-12 17:13:14.917,21.866770629255655,11.45059699246076,5.591593280283632,7.982055543887327,4.157505459583263,7.878362757468494
2026-05-12 17:13:15.946,21.866770629255655,11.471906409667554,5.591119436629015,7.98347707485118,4.157821355353008,7.881916584878127
2026-05-12 17:13:16.986,21.866770629255655,11.452175467809411,5.591040462686578,7.981581700232709,4.15797930323788,7.883101194014671
2026-05-12 17:13:18.013,21.866770629255655,11.456910893855365,5.5913563584563235,7.98284528331169,4.157742381410571,7.883496063726852
2026-05-12 17:13:19.042,21.874066163083967,11.444283091066154,5.591988149995814,7.983161179081435,4.157505459583263,7.884838620748269
2026-05-12 17:13:20.073,21.866770629255655,11.449807754786434,5.592146097880686,7.983556048793616,4.157742381410571,7.88799757844572
2026-05-12 17:13:21.103,21.866770629255655,11.444283091066154,5.592619941535304,7.982924257254126,4.159874677856351,7.888708343927647
2026-05-12 17:13:22.134,21.866770629255655,11.436390714322897,5.591672254226069,7.982608361484381,4.1594798081441695,7.889735005179318
2026-05-12 17:13:23.175,21.866770629255655,11.465592508272948,5.592461993650431,7.982766309369254,4.156557772274027,7.891472431912916
2026-05-12 17:13:24.205,21.866770629255655,11.464803270598622,5.591830202110941,7.983635022736053,4.156873668043772,7.89415754595575
2026-05-12 17:13:25.237,21.866770629255655,11.437969189671549,5.592146097880686,7.984424762160415,4.156873668043772,7.89415754595575
2026-05-12 17:13:26.263,21.866770629255655,11.429287575253966,5.5919091760533775,7.98284528331169,4.1567157201589,7.895973946631784
2026-05-12 17:13:27.290,21.866770629255655,11.469538696644577,5.591277384513887,7.982608361484381,4.157031615928645,7.897869321250255
2026-05-12 17:13:28.333,21.866770629255655,11.474274122690531,5.591988149995814,7.9833191269663075,4.158769042662243,7.900001617696034
2026-05-12 17:13:29.388,21.866770629255655,11.418238247813406,5.592461993650431,7.982529387541945,4.157031615928645,7.90158109654476
2026-05-12 17:13:30.414,21.866770629255655,11.447440041763457,5.59206712393825,7.983713996678489,4.157584433525699,7.902370835969123
2026-05-12 17:13:31.444,21.866770629255655,11.449807754786434,5.592935837305049,7.9822134917722,4.159084938431988,7.904661080299775
2026-05-12 17:13:32.473,21.866770629255655,11.474274122690531,5.592225071823123,7.983003231196562,4.157110589871081,7.906635428860682
2026-05-12 17:13:33.503,21.859475095427342,11.457700131529691,5.592619941535304,7.983240153023871,4.157031615928645,7.9074251682850445
2026-05-12 17:13:34.535,21.866770629255655,11.446650804089131,5.5933307070172305,7.981502726290273,4.157584433525699,7.908135933766971
2026-05-12 17:13:35.565,21.866770629255655,11.448229279437783,5.592383019707995,7.982766309369254,4.158690068719807,7.910505152040059
2026-05-12 17:13:36.591,21.866770629255655,11.475063360364857,5.592461993650431,7.983556048793616,4.158137251122753,7.912084630888785
2026-05-12 17:13:37.616,21.866770629255655,11.455332418506714,5.592619941535304,7.983635022736053,4.157900329295444,7.914295901277001
2026-05-12 17:13:38.645,21.859475095427342,11.452964705483737,5.593646602786976,7.9833191269663075,4.158374172950062,7.915322562528672
2026-05-12 17:13:39.672,21.859475095427342,11.4671709836216,5.593488654902103,7.982924257254126,4.158848016604679,7.916586145607653
2026-05-12 17:13:40.699,21.866770629255655,11.465592508272948,5.59269891547774,7.982608361484381,4.159163912374424,7.91856049416856
2026-05-12 17:13:41.729,21.866770629255655,11.45612165618104,5.592856863362613,7.9824504135995085,4.156794694101336,7.919587155420231
2026-05-12 17:13:42.754,21.859475095427342,11.466381745947274,5.593251733074794,7.983003231196562,4.158374172950062,7.921166634268957
2026-05-12 17:13:43.785,21.866770629255655,11.458489369204017,5.594041472499157,7.9833191269663075,4.157584433525699,7.922983034944991
2026-05-12 17:13:44.815,21.859475095427342,11.470327934318902,5.5927778894201765,7.982371439657072,4.156952641986209,7.924562513793717
2026-05-12 17:13:45.859,21.866770629255655,11.449018517112108,5.593962498556721,7.9838719445633615,4.157584433525699,7.925747122930261
2026-05-12 17:13:46.888,21.859475095427342,11.45059699246076,5.593409680959667,7.98410886639067,4.157742381410571,7.928116341203349
2026-05-12 17:13:47.915,21.866770629255655,11.447440041763457,5.593804550671848,7.982529387541945,4.159084938431988,7.928906080627712
2026-05-12 17:13:48.943,21.866770629255655,11.45059699246076,5.593567628844539,7.9824504135995085,4.157900329295444,7.931433246785673
2026-05-12 17:13:49.973,21.859475095427342,11.451386230135085,5.593804550671848,7.98410886639067,4.1571895638135175,7.932222986210036
2026-05-12 17:13:51.001,21.866770629255655,11.442704615717503,5.593409680959667,7.982371439657072,4.15797930323788,7.9335655432314525
2026-05-12 17:13:52.031,21.859475095427342,11.445861566414806,5.593409680959667,7.983082205138999,4.15734751169839,7.935934761504541
2026-05-12 17:13:53.058,21.866770629255655,11.455332418506714,5.594278394326466,7.98347707485118,4.159558782086606,7.93680347487134
2026-05-12 17:13:54.085,21.859475095427342,11.445861566414806,5.594594290096211,7.984582710045288,4.158926990547116,7.938461927662502
2026-05-12 17:13:55.111,21.859475095427342,11.451386230135085,5.594278394326466,7.9824504135995085,4.157505459583263,7.941620885359953
2026-05-12 17:13:56.137,21.859475095427342,11.445861566414806,5.594436342211338,7.982292465714636,4.157268537755954,7.941383963532644
2026-05-12 17:13:57.169,21.866770629255655,11.447440041763457,5.594278394326466,7.983082205138999,4.157900329295444,7.945016764884713
2026-05-12 17:13:58.202,21.866770629255655,11.438758427345874,5.594041472499157,7.983713996678489,4.1571895638135175,7.945332660654458
2026-05-12 17:13:59.233,21.866770629255655,11.449018517112108,5.593962498556721,7.984345788217979,4.1571895638135175,7.946438295848566
2026-05-12 17:14:00.261,21.859475095427342,11.453753943158063,5.594278394326466,7.98347707485118,4.156873668043772,7.947859826812419
2026-05-12 17:14:01.290,21.866770629255655,11.449018517112108,5.593804550671848,7.983713996678489,4.157821355353008,7.950229045085507
2026-05-12 17:14:02.314,21.859475095427342,11.449018517112108,5.594515316153775,7.981660674175146,4.156557772274027,7.951255706337179
2026-05-12 17:14:03.340,21.859475095427342,11.430076812928291,5.594515316153775,7.9822134917722,4.156794694101336,7.954651585861939
2026-05-12 17:14:04.367,21.866770629255655,11.452175467809411,5.594594290096211,7.9833191269663075,4.15797930323788,7.954493637977066
2026-05-12 17:14:05.394,21.859475095427342,11.456910893855365,5.594515316153775,7.983398100908744,4.15797930323788,7.956231064710664
2026-05-12 17:14:06.424,21.859475095427342,11.45059699246076,5.595384029520574,7.982529387541945,4.156873668043772,7.958284387214007
2026-05-12 17:14:07.450,21.866770629255655,11.445861566414806,5.594673264038647,7.982687335426817,4.1567157201589,7.95970591817786
2026-05-12 17:14:08.490,21.866770629255655,11.455332418506714,5.594436342211338,7.983950918505798,4.156557772274027,7.959784892120297
2026-05-12 17:14:09.520,21.866770629255655,11.45059699246076,5.595699925290319,7.983082205138999,4.157663407468135,7.961917188566076
2026-05-12 17:14:10.553,21.859475095427342,11.457700131529691,5.594120446441593,7.98347707485118,4.157821355353008,7.963891537126983
2026-05-12 17:14:11.579,21.866770629255655,11.433233763625594,5.59483121192352,7.982371439657072,4.159242886316861,7.96460230260891
2026-05-12 17:14:12.606,21.859475095427342,11.441126140368851,5.595147107693265,7.983240153023871,4.157110589871081,7.967050494824434
2026-05-12 17:14:13.637,21.866770629255655,11.451386230135085,5.594515316153775,7.983003231196562,4.156794694101336,7.9682351039609784
2026-05-12 17:14:14.709,21.859475095427342,11.443493853391828,5.595068133750829,7.982924257254126,4.157821355353008,7.970920218003812
2026-05-12 17:14:15.737,21.866770629255655,11.43402300129992,5.5956209513478825,7.982292465714636,4.159163912374424,7.971236113773557
2026-05-12 17:14:16.762,21.859475095427342,11.4671709836216,5.595068133750829,7.98284528331169,4.1571895638135175,7.973684305989082
2026-05-12 17:14:17.785,21.866770629255655,11.443493853391828,5.594989159808392,7.981976569944891,4.157900329295444,7.975658654549989
2026-05-12 17:14:18.811,21.859475095427342,11.442704615717503,5.595068133750829,7.983082205138999,4.157663407468135,7.975737628492425
2026-05-12 17:14:19.842,21.859475095427342,11.466381745947274,5.595857873175191,7.982687335426817,4.15734751169839,7.978659664362567
2026-05-12 17:14:20.892,21.866770629255655,11.46164631990132,5.596252742887373,7.982134517829763,4.15734751169839,7.979923247441548
2026-05-12 17:14:21.919,21.859475095427342,11.449807754786434,5.596331716829809,7.9833191269663075,4.156794694101336,7.980397091096165
2026-05-12 17:14:22.948,21.859475095427342,11.449018517112108,5.595541977405446,7.983398100908744,4.159716729971478,7.98284528331169
2026-05-12 17:14:23.978,21.85217956159903,11.452964705483737,5.595068133750829,7.983082205138999,4.157821355353008,7.983713996678489
2026-05-12 17:14:25.008,21.866770629255655,11.453753943158063,5.595226081635701,7.98284528331169,4.159005964489552,7.985767319181832
2026-05-12 17:14:26.037,21.859475095427342,11.436390714322897,5.596410690772245,7.98284528331169,4.157663407468135,7.987978589570048
2026-05-12 17:14:27.063,21.866770629255655,11.449807754786434,5.595699925290319,7.983950918505798,4.158295199007625,7.989163198706592
2026-05-12 17:14:28.106,21.859475095427342,11.451386230135085,5.595699925290319,7.983556048793616,4.157584433525699,7.9909795993826265
2026-05-12 17:14:29.131,21.859475095427342,11.462435557575645,5.596884534426863,7.982608361484381,4.157268537755954,7.99153241697968
2026-05-12 17:14:30.158,21.859475095427342,11.463224795249971,5.595305055578137,7.983082205138999,4.157505459583263,7.993348817655715
2026-05-12 17:14:31.185,21.859475095427342,11.446650804089131,5.596015821060064,7.982292465714636,4.156873668043772,7.995402140159058
2026-05-12 17:14:32.213,21.859475095427342,11.455332418506714,5.595778899232755,7.982687335426817,4.157031615928645,7.996586749295602
2026-05-12 17:14:33.243,21.866770629255655,11.451386230135085,5.595541977405446,7.982687335426817,4.1580582771803165,7.999666733050617
2026-05-12 17:14:34.274,21.859475095427342,11.462435557575645,5.596647612599554,7.982924257254126,4.158137251122753,8.000219550647671
2026-05-12 17:14:35.324,21.859475095427342,11.441915378043177,5.596331716829809,7.983792970620925,4.160269547568532,8.001956977381269
2026-05-12 17:14:36.352,21.859475095427342,11.451386230135085,5.596568638657118,7.98347707485118,4.157268537755954,8.002746716805632
2026-05-12 17:14:37.379,21.859475095427342,11.468749458970251,5.5961737689449365,7.982924257254126,4.157742381410571,8.005826700560647
2026-05-12 17:14:38.420,21.859475095427342,11.471906409667554,5.5961737689449365,7.984266814275543,4.156873668043772,8.0072482315245
2026-05-12 17:14:39.448,21.859475095427342,11.4395476650202,5.597279404139044,7.982371439657072,4.156873668043772,8.008432840661044
2026-05-12 17:14:40.481,21.859475095427342,11.431655288276943,5.597516325966353,7.983398100908744,4.1586110947773705,8.009064632200534
2026-05-12 17:14:41.508,21.859475095427342,11.438758427345874,5.596568638657118,7.983398100908744,4.157584433525699,8.010328215279515
2026-05-12 17:14:42.534,21.866770629255655,11.452964705483737,5.596568638657118,7.983556048793616,4.157900329295444,8.012223589897985
2026-05-12 17:14:43.559,21.859475095427342,11.431655288276943,5.596963508369299,7.98347707485118,4.159953651798787,8.015777417307618
2026-05-12 17:14:44.586,21.866770629255655,11.452964705483737,5.597358378081481,7.98347707485118,4.156873668043772,8.015303573653
2026-05-12 17:14:45.613,21.859475095427342,11.454543180832388,5.596805560484427,7.982055543887327,4.157268537755954,8.019252270774814
2026-05-12 17:14:46.643,21.859475095427342,11.475063360364857,5.598148117505843,7.9822134917722,4.157900329295444,8.018620479235324
2026-05-12 17:14:47.670,21.85217956159903,11.442704615717503,5.596410690772245,7.983398100908744,4.157031615928645,8.020436879911358
2026-05-12 17:14:48.699,21.859475095427342,11.445861566414806,5.596568638657118,7.9822134917722,4.158374172950062,8.021542515105466
2026-05-12 17:14:49.732,21.859475095427342,11.46164631990132,5.596568638657118,7.983713996678489,4.159874677856351,8.022964046069319
2026-05-12 17:14:50.761,21.859475095427342,11.452964705483737,5.598069143563407,7.9833191269663075,4.157031615928645,8.025096342515099
2026-05-12 17:14:51.792,21.859475095427342,11.45059699246076,5.597358378081481,7.983398100908744,4.157821355353008,8.026517873478952
2026-05-12 17:14:52.816,21.859475095427342,11.475852598039182,5.598306065390716,7.983398100908744,4.157031615928645,8.02762350867306
2026-05-12 17:14:53.844,21.85217956159903,11.46164631990132,5.597437352023917,7.983398100908744,4.157742381410571,8.028808117809604
2026-05-12 17:14:54.874,21.859475095427342,11.43402300129992,5.598306065390716,7.9824504135995085,4.157821355353008,8.031572205794873
2026-05-12 17:14:55.899,21.85217956159903,11.441126140368851,5.597753247793662,7.983713996678489,4.1566367462164635,8.032677840988981
2026-05-12 17:14:56.927,21.85217956159903,11.460857082226994,5.597911195678535,7.984424762160415,4.157505459583263,8.033862450125525
2026-05-12 17:14:57.957,21.859475095427342,11.44507232874048,5.598700935102897,7.982371439657072,4.156873668043772,8.035757824743996
2026-05-12 17:14:58.985,21.859475095427342,11.4395476650202,5.598937856930206,7.983082205138999,4.156873668043772,8.03694243388054
2026-05-12 17:15:00.014,21.859475095427342,11.46164631990132,5.597832221736098,7.983082205138999,4.157900329295444,8.038995756383883
2026-05-12 17:15:01.041,21.859475095427342,11.453753943158063,5.597832221736098,7.984503736102852,4.16011159968366,8.040575235232609
2026-05-12 17:15:02.066,21.859475095427342,11.47822031106216,5.597832221736098,7.982608361484381,4.157505459583263,8.041996766196462
2026-05-12 17:15:03.096,21.859475095427342,11.464803270598622,5.597832221736098,7.983003231196562,4.157900329295444,8.044208036584678
2026-05-12 17:15:04.123,21.859475095427342,11.459278606878343,5.597911195678535,7.983556048793616,4.158453146892498,8.045787515433403
2026-05-12 17:15:05.153,21.859475095427342,11.460857082226994,5.59885888298777,7.983161179081435,4.157031615928645,8.046814176685075
2026-05-12 17:15:06.183,21.859475095427342,11.471906409667554,5.598385039333152,7.981976569944891,4.15734751169839,8.048156733706492
2026-05-12 17:15:07.208,21.859475095427342,11.476641835713508,5.598306065390716,7.984187840333107,4.157663407468135,8.050131082267399
2026-05-12 17:15:08.234,21.859475095427342,11.457700131529691,5.598306065390716,7.983240153023871,4.158137251122753,8.051631587173688
2026-05-12 17:15:09.265,21.859475095427342,11.442704615717503,5.597990169620971,7.982371439657072,4.159005964489552,8.052974144195105
2026-05-12 17:15:10.295,21.859475095427342,11.457700131529691,5.598306065390716,7.9822134917722,4.157900329295444,8.055027466698448
2026-05-12 17:15:11.321,21.85217956159903,11.468749458970251,5.598542987218025,7.983240153023871,4.159716729971478,8.057791554683718
2026-05-12 17:15:12.349,21.85217956159903,11.447440041763457,5.598700935102897,7.984503736102852,4.156557772274027,8.058423346223208
2026-05-12 17:15:13.375,21.85217956159903,11.463224795249971,5.597990169620971,7.9822134917722,4.157742381410571,8.06008179901437
2026-05-12 17:15:14.406,21.859475095427342,11.455332418506714,5.598069143563407,7.98347707485118,4.1566367462164635,8.060792564496296
2026-05-12 17:15:15.437,21.85217956159903,11.45059699246076,5.59949067452726,7.982529387541945,4.1566367462164635,8.064504339790801
2026-05-12 17:15:16.463,21.85217956159903,11.455332418506714,5.5984640132755885,7.982687335426817,4.1566367462164635,8.063714600366438
2026-05-12 17:15:17.489,21.85217956159903,11.480588024085137,5.599253752699951,7.983161179081435,4.157426485640826,8.065688948927345
2026-05-12 17:15:18.540,21.859475095427342,11.445861566414806,5.598779909045334,7.983398100908744,4.157900329295444,8.067031505948762
2026-05-12 17:15:19.567,21.85217956159903,11.460857082226994,5.59885888298777,7.98410886639067,4.158532120834934,8.069321750279414
2026-05-12 17:15:20.595,21.859475095427342,11.47979878641081,5.598542987218025,7.98347707485118,4.159795703913915,8.070348411531086
2026-05-12 17:15:21.625,21.859475095427342,11.462435557575645,5.599253752699951,7.9818975960024545,4.1566367462164635,8.072006864322248
2026-05-12 17:15:22.653,21.859475095427342,11.449807754786434,5.600043492124314,7.982924257254126,4.157584433525699,8.0742971086529
2026-05-12 17:15:23.682,21.85217956159903,11.468749458970251,5.59949067452726,7.982371439657072,4.157742381410571,8.074770952307517
2026-05-12 17:15:24.707,21.85217956159903,11.463224795249971,5.5998855442394415,7.982055543887327,4.1567157201589,8.07682427481086
2026-05-12 17:15:25.734,21.85217956159903,11.468749458970251,5.59949067452726,7.983398100908744,4.157663407468135,8.079035545199076
2026-05-12 17:15:26.764,21.859475095427342,11.451386230135085,5.5990168308726425,7.982687335426817,4.156794694101336,8.079351440968821
2026-05-12 17:15:27.795,21.85217956159903,11.441126140368851,5.599964518181878,7.983713996678489,4.157505459583263,8.082668346551145
2026-05-12 17:15:28.823,21.85217956159903,11.437969189671549,5.599727596354569,7.98410886639067,4.159874677856351,8.083300138090635
2026-05-12 17:15:29.866,21.859475095427342,11.445861566414806,5.599806570297005,7.984266814275543,4.159005964489552,8.086617043672959
2026-05-12 17:15:30.897,21.85217956159903,11.435601476648571,5.6004383618364955,7.982371439657072,4.159637756029042,8.085985252133469
2026-05-12 17:15:31.928,21.859475095427342,11.466381745947274,5.599806570297005,7.984345788217979,4.156952641986209,8.08764370492463
2026-05-12 17:15:32.957,21.85217956159903,11.458489369204017,5.5998855442394415,7.9822134917722,4.157505459583263,8.088907288003611
2026-05-12 17:15:33.988,21.859475095427342,11.443493853391828,5.600043492124314,7.9822134917722,4.157663407468135,8.0912765062767
2026-05-12 17:15:35.018,21.85217956159903,11.459278606878343,5.600596309721368,7.98284528331169,4.158690068719807,8.094198542146842
2026-05-12 17:15:36.045,21.85217956159903,11.471117171993228,5.6004383618364955,7.983003231196562,4.157110589871081,8.09467238580146
2026-05-12 17:15:37.071,21.85217956159903,11.452964705483737,5.599332726642388,7.982055543887327,4.1586110947773705,8.095462125225822
2026-05-12 17:15:38.098,21.85217956159903,11.451386230135085,5.599806570297005,7.982608361484381,4.1600326257412235,8.097515447729165
2026-05-12 17:15:39.128,21.859475095427342,11.452964705483737,5.600201440009187,7.982529387541945,4.1580582771803165,8.100042613887126
2026-05-12 17:15:40.159,21.859475095427342,11.47822031106216,5.599806570297005,7.984582710045288,4.158137251122753,8.10059543148418
2026-05-12 17:15:41.190,21.859475095427342,11.458489369204017,5.5998855442394415,7.982055543887327,4.158374172950062,8.103122597642141
2026-05-12 17:15:42.217,21.85217956159903,11.457700131529691,5.60012246606675,7.983713996678489,4.15797930323788,8.103280545527014
2026-05-12 17:15:43.244,21.85217956159903,11.460857082226994,5.599806570297005,7.982608361484381,4.1586110947773705,8.105412841972793
2026-05-12 17:15:44.272,21.85217956159903,11.474274122690531,5.600517335778932,7.982529387541945,4.159953651798787,8.106992320821519
2026-05-12 17:15:45.300,21.859475095427342,11.453753943158063,5.600912205491113,7.9833191269663075,4.156794694101336,8.10928256515217
2026-05-12 17:15:46.328,21.859475095427342,11.438758427345874,5.600201440009187,7.9833191269663075,4.156952641986209,8.10928256515217
2026-05-12 17:15:47.369,21.85217956159903,11.437179951997223,5.599411700584824,7.982608361484381,4.159005964489552,8.11141486159795
2026-05-12 17:15:48.398,21.859475095427342,11.464014032924297,5.600596309721368,7.982371439657072,4.156952641986209,8.113942027755911
2026-05-12 17:15:49.429,21.844884027770718,11.429287575253966,5.6004383618364955,7.982371439657072,4.158216225065189,8.114573819295401
2026-05-12 17:15:50.460,21.859475095427342,11.454543180832388,5.601070153375986,7.983240153023871,4.160190573626096,8.117653803050416
2026-05-12 17:15:51.488,21.859475095427342,11.477431073387834,5.600833231548677,7.981739648117582,4.158769042662243,8.118127646705034
2026-05-12 17:15:52.517,21.85217956159903,11.443493853391828,5.601070153375986,7.983792970620925,4.157821355353008,8.12033891709325
2026-05-12 17:15:53.556,21.85217956159903,11.44507232874048,5.600596309721368,7.983792970620925,4.158848016604679,8.121286604402485
2026-05-12 17:15:54.588,21.859475095427342,11.45059699246076,5.600359387894059,7.982292465714636,4.1567157201589,8.122550187481465
2026-05-12 17:15:55.620,21.85217956159903,11.464014032924297,5.6004383618364955,7.981660674175146,4.159716729971478,8.124129666330191
2026-05-12 17:15:56.648,21.859475095427342,11.4671709836216,5.601228101260858,7.982292465714636,4.157663407468135,8.125867093063789
2026-05-12 17:15:57.676,21.85217956159903,11.453753943158063,5.600912205491113,7.983398100908744,4.157584433525699,8.126419910660843
2026-05-12 17:15:58.701,21.859475095427342,11.464803270598622,5.601386049145731,7.9824504135995085,4.156794694101336,8.129105024703676
2026-05-12 17:15:59.729,21.859475095427342,11.451386230135085,5.601228101260858,7.982608361484381,4.157505459583263,8.12989476412804
2026-05-12 17:16:00.758,21.85217956159903,11.451386230135085,5.602096814627657,7.983161179081435,4.158690068719807,8.133132695767927
2026-05-12 17:16:01.788,21.859475095427342,11.464014032924297,5.601228101260858,7.983240153023871,4.1594798081441695,8.133764487307417
2026-05-12 17:16:02.814,21.85217956159903,11.442704615717503,5.601228101260858,7.981976569944891,4.159242886316861,8.134712174616652
2026-05-12 17:16:03.842,21.859475095427342,11.453753943158063,5.601701944915476,7.983556048793616,4.156952641986209,8.138897793565775
2026-05-12 17:16:04.868,21.859475095427342,11.452964705483737,5.601543997030603,7.983240153023871,4.1567157201589,8.138108054141412
2026-05-12 17:16:05.897,21.85217956159903,11.440336902694526,5.601465023088167,7.98347707485118,4.157505459583263,8.140161376644755
2026-05-12 17:16:06.927,21.85217956159903,11.437969189671549,5.601070153375986,7.983556048793616,4.157900329295444,8.141424959723736
2026-05-12 17:16:07.957,21.85217956159903,11.467960221295925,5.601701944915476,7.983161179081435,4.156557772274027,8.143083412514898
2026-05-12 17:16:08.987,21.844884027770718,11.482955737108114,5.601386049145731,7.9833191269663075,4.158848016604679,8.144978787133368
2026-05-12 17:16:10.016,21.85217956159903,11.431655288276943,5.60225476251253,7.983635022736053,4.159795703913915,8.147190057521584
2026-05-12 17:16:11.044,21.85217956159903,11.454543180832388,5.602570658282275,7.984029892448234,4.157031615928645,8.149322353967364
2026-05-12 17:16:12.073,21.844884027770718,11.45612165618104,5.60162297097304,7.984187840333107,4.156478798331591,8.149243380024927
2026-05-12 17:16:13.099,21.85217956159903,11.434812238974246,5.6027286061671475,7.983792970620925,4.156794694101336,8.151217728585834
2026-05-12 17:16:14.125,21.859475095427342,11.454543180832388,5.601780918857912,7.982134517829763,4.157742381410571,8.152955155319432
2026-05-12 17:16:15.156,21.85217956159903,11.429287575253966,5.602333736454966,7.983082205138999,4.157900329295444,8.15342899897405
2026-05-12 17:16:16.182,21.859475095427342,11.441126140368851,5.602649632224711,7.982924257254126,4.1600326257412235,8.155956165132011
2026-05-12 17:16:17.213,21.859475095427342,11.45612165618104,5.602412710397402,7.984029892448234,4.157900329295444,8.156982826383683
2026-05-12 17:16:18.239,21.859475095427342,11.452964705483737,5.601938866742785,7.984187840333107,4.157426485640826,8.159273070714335
2026-05-12 17:16:19.267,21.85217956159903,11.452964705483737,5.603597319533947,7.982292465714636,4.158216225065189,8.159667940426516
2026-05-12 17:16:20.293,21.844884027770718,11.463224795249971,5.602175788570094,7.983240153023871,4.157663407468135,8.162274080526913
2026-05-12 17:16:21.319,21.85217956159903,11.45059699246076,5.60225476251253,7.983082205138999,4.15734751169839,8.16274792418153
2026-05-12 17:16:22.345,21.85217956159903,11.44507232874048,5.601938866742785,7.983556048793616,4.1571895638135175,8.165827907936546
2026-05-12 17:16:23.372,21.859475095427342,11.460067844552668,5.602491684339839,7.9822134917722,4.156320850446718,8.16701251707309
2026-05-12 17:16:24.399,21.844884027770718,11.456910893855365,5.603123475879329,7.983556048793616,4.157505459583263,8.168197126209634
2026-05-12 17:16:25.429,21.859475095427342,11.459278606878343,5.603597319533947,7.983082205138999,4.159084938431988,8.168986865633997
2026-05-12 17:16:26.455,21.85217956159903,11.458489369204017,5.602807580109584,7.981818622060018,4.157663407468135,8.170329422655414
2026-05-12 17:16:27.506,21.859475095427342,11.45612165618104,5.602333736454966,7.982766309369254,4.1580582771803165,8.172698640928502
2026-05-12 17:16:28.537,21.85217956159903,11.452964705483737,5.60288655405202,7.981107856578092,4.1567157201589,8.1744360676621
2026-05-12 17:16:29.566,21.85217956159903,11.426919862230989,5.604387058958309,7.98284528331169,4.159321860259297,8.175383754971335
2026-05-12 17:16:30.598,21.85217956159903,11.447440041763457,5.603202449821765,7.982055543887327,4.156794694101336,8.177673999301987
2026-05-12 17:16:31.629,21.85217956159903,11.458489369204017,5.603597319533947,7.9838719445633615,4.1566367462164635,8.178384764783914
2026-05-12 17:16:32.656,21.85217956159903,11.452964705483737,5.603755267418819,7.98347707485118,4.157742381410571,8.180517061229693
2026-05-12 17:16:33.680,21.844884027770718,11.45059699246076,5.603360397706638,7.981186830520528,4.1586110947773705,8.183833966812017
2026-05-12 17:16:34.707,21.85217956159903,11.454543180832388,5.60288655405202,7.98284528331169,4.1580582771803165,8.183597044984708
2026-05-12 17:16:35.735,21.85217956159903,11.449807754786434,5.603044501936893,7.982055543887327,4.157663407468135,8.186598054797287
2026-05-12 17:16:36.764,21.859475095427342,11.445861566414806,5.603202449821765,7.982371439657072,4.158137251122753,8.187703689991395
2026-05-12 17:16:37.795,21.85217956159903,11.449018517112108,5.602570658282275,7.982371439657072,4.157505459583263,8.187703689991395
2026-05-12 17:16:38.825,21.859475095427342,11.44507232874048,5.603439371649074,7.983950918505798,4.157505459583263,8.19204725682539
2026-05-12 17:16:39.852,21.85217956159903,11.46164631990132,5.6032814237642015,7.98284528331169,4.157505459583263,8.191099569516155
2026-05-12 17:16:40.882,21.85217956159903,11.438758427345874,5.603439371649074,7.983398100908744,4.156794694101336,8.193231865961934
2026-05-12 17:16:41.911,21.85217956159903,11.442704615717503,5.6041501371310005,7.982766309369254,4.157742381410571,8.194732370868223
2026-05-12 17:16:42.937,21.85217956159903,11.440336902694526,5.603439371649074,7.983240153023871,4.157584433525699,8.195838006062331
2026-05-12 17:16:43.963,21.859475095427342,11.479009548736485,5.60351834559151,7.984187840333107,4.1566367462164635,8.199707729241709
2026-05-12 17:16:44.995,21.85217956159903,11.467960221295925,5.604623980785618,7.984503736102852,4.159242886316861,8.199312859529527
2026-05-12 17:16:46.020,21.85217956159903,11.46164631990132,5.6050188504978,7.9824504135995085,4.1566367462164635,8.201524129917743
2026-05-12 17:16:47.051,21.85217956159903,11.45612165618104,5.603834241361255,7.9833191269663075,4.156478798331591,8.203103608766469
2026-05-12 17:16:48.078,21.85217956159903,11.453753943158063,5.604545006843182,7.982687335426817,4.157900329295444,8.204683087615194
2026-05-12 17:16:49.104,21.859475095427342,11.453753943158063,5.6041501371310005,7.98347707485118,4.159874677856351,8.205946670694175
2026-05-12 17:16:50.132,21.85217956159903,11.459278606878343,5.605097824440236,7.98347707485118,4.158926990547116,8.207605123485337
2026-05-12 17:16:51.174,21.859475095427342,11.455332418506714,5.604623980785618,7.982766309369254,4.157426485640826,8.210685107240351
2026-05-12 17:16:52.205,21.859475095427342,11.455332418506714,5.604545006843182,7.981818622060018,4.1566367462164635,8.211474846664714
2026-05-12 17:16:53.234,21.859475095427342,11.44507232874048,5.604860902612927,7.983161179081435,4.156794694101336,8.21179074243446
2026-05-12 17:16:54.264,21.859475095427342,11.464014032924297,5.605097824440236,7.98284528331169,4.157505459583263,8.215107648016783
2026-05-12 17:16:55.293,21.859475095427342,11.45612165618104,5.605176798382672,7.983398100908744,4.156320850446718,8.214396882534857
2026-05-12 17:16:56.319,21.859475095427342,11.455332418506714,5.604623980785618,7.983003231196562,4.159400834201733,8.217792762059617
2026-05-12 17:16:57.347,21.85217956159903,11.44507232874048,5.603913215303692,7.982292465714636,4.1566367462164635,8.218424553599107
2026-05-12 17:16:58.373,21.859475095427342,11.451386230135085,5.604860902612927,7.982924257254126,4.156399824389155,8.220083006390269
2026-05-12 17:16:59.401,21.859475095427342,11.444283091066154,5.604387058958309,7.9824504135995085,4.156873668043772,8.221346589469249
2026-05-12 17:17:00.429,21.85217956159903,11.437179951997223,5.6055716680948535,7.983161179081435,4.15734751169839,8.223162990145283
2026-05-12 17:17:01.458,21.85217956159903,11.454543180832388,5.604308085015873,7.982371439657072,4.157110589871081,8.225058364763754
2026-05-12 17:17:02.484,21.859475095427342,11.437969189671549,5.605097824440236,7.9818975960024545,4.158848016604679,8.227111687267097
2026-05-12 17:17:03.513,21.859475095427342,11.444283091066154,5.605176798382672,7.982608361484381,4.156794694101336,8.227664504864151
2026-05-12 17:17:04.541,21.859475095427342,11.434812238974246,5.605808589922162,7.98347707485118,4.159400834201733,8.230112697079676
2026-05-12 17:17:05.569,21.859475095427342,11.471117171993228,5.6055716680948535,7.983398100908744,4.156794694101336,8.230428592849421
2026-05-12 17:17:06.600,21.859475095427342,11.438758427345874,5.6050188504978,7.983240153023871,4.158374172950062,8.233113706892254
2026-05-12 17:17:07.630,21.859475095427342,11.453753943158063,5.604939876555363,7.982529387541945,4.1571895638135175,8.233113706892254
2026-05-12 17:17:08.656,21.859475095427342,11.482955737108114,5.605887563864599,7.981502726290273,4.157584433525699,8.236746508244323
2026-05-12 17:17:09.685,21.859475095427342,11.464803270598622,5.606835251173834,7.98284528331169,4.157663407468135,8.238957778632539
2026-05-12 17:17:10.714,21.85217956159903,11.442704615717503,5.605334746267545,7.9822134917722,4.156952641986209,8.238010091323304
2026-05-12 17:17:11.740,21.859475095427342,11.460067844552668,5.605887563864599,7.98284528331169,4.156873668043772,8.240458283538828
2026-05-12 17:17:12.768,21.859475095427342,11.458489369204017,5.606440381461653,7.982766309369254,4.157584433525699,8.241879814502681
2026-05-12 17:17:13.795,21.85217956159903,11.447440041763457,5.606045511749471,7.9838719445633615,4.158769042662243,8.244328006718206
2026-05-12 17:17:14.822,21.859475095427342,11.460067844552668,5.60628243357678,7.983950918505798,4.159953651798787,8.244959798257696
2026-05-12 17:17:15.848,21.866770629255655,11.474274122690531,5.605176798382672,7.983950918505798,4.156952641986209,8.246223381336677
2026-05-12 17:17:16.876,21.866770629255655,11.443493853391828,5.6061244856919075,7.981581700232709,4.15734751169839,8.247960808070275
2026-05-12 17:17:17.901,21.859475095427342,11.449018517112108,5.605966537807035,7.983713996678489,4.1566367462164635,8.249066443264383
2026-05-12 17:17:18.936,21.859475095427342,11.449018517112108,5.606203459634344,7.981423752347837,4.158453146892498,8.25167258336478
2026-05-12 17:17:19.963,21.859475095427342,11.459278606878343,5.606440381461653,7.983398100908744,4.1571895638135175,8.253962827695432
2026-05-12 17:17:20.991,21.859475095427342,11.454543180832388,5.606519355404089,7.982529387541945,4.1571895638135175,8.25506846288954
2026-05-12 17:17:22.019,21.859475095427342,11.452964705483737,5.606756277231398,7.982766309369254,4.1566367462164635,8.255542306544157
2026-05-12 17:17:23.049,21.866770629255655,11.468749458970251,5.606045511749471,7.983398100908744,4.156557772274027,8.258859212126481
2026-05-12 17:17:24.077,21.859475095427342,11.447440041763457,5.6069931990587065,7.982766309369254,4.157742381410571,8.260754586744952
2026-05-12 17:17:25.113,21.866770629255655,11.460067844552668,5.607072173001143,7.983082205138999,4.1567157201589,8.260280743090334
2026-05-12 17:17:26.141,21.859475095427342,11.434812238974246,5.606519355404089,7.982608361484381,4.157663407468135,8.261781247996623
2026-05-12 17:17:27.172,21.866770629255655,11.464803270598622,5.606519355404089,7.982371439657072,4.157584433525699,8.26525610146382
2026-05-12 17:17:28.200,21.859475095427342,11.468749458970251,5.607072173001143,7.983240153023871,4.156794694101336,8.266203788773055
2026-05-12 17:17:29.225,21.859475095427342,11.45059699246076,5.607624990598197,7.9824504135995085,4.156873668043772,8.267309423967163
2026-05-12 17:17:30.253,21.859475095427342,11.470327934318902,5.605887563864599,7.983398100908744,4.15797930323788,8.268573007046143
2026-05-12 17:17:31.283,21.859475095427342,11.465592508272948,5.606756277231398,7.98284528331169,4.159795703913915,8.269520694355379
2026-05-12 17:17:32.320,21.859475095427342,11.474274122690531,5.607624990598197,7.983950918505798,4.156794694101336,8.271731964743594
2026-05-12 17:17:33.347,21.859475095427342,11.445861566414806,5.606519355404089,7.982766309369254,4.159795703913915,8.273074521765011
2026-05-12 17:17:34.381,21.859475095427342,11.434812238974246,5.606835251173834,7.983003231196562,4.157821355353008,8.2745750266713
2026-05-12 17:17:35.408,21.866770629255655,11.448229279437783,5.606203459634344,7.983161179081435,4.157742381410571,8.275759635807844
2026-05-12 17:17:36.437,21.859475095427342,11.464014032924297,5.607624990598197,7.984345788217979,4.157742381410571,8.277733984368751
2026-05-12 17:17:37.463,21.859475095427342,11.47822031106216,5.607309094828452,7.983792970620925,4.1594798081441695,8.281445759663256
2026-05-12 17:17:38.491,21.859475095427342,11.465592508272948,5.607703964540633,7.982924257254126,4.156794694101336,8.281840629375438
2026-05-12 17:17:39.518,21.859475095427342,11.446650804089131,5.607151146943579,7.982529387541945,4.157505459583263,8.282709342742237
2026-05-12 17:17:40.546,21.859475095427342,11.464014032924297,5.6075460166557605,7.983556048793616,4.159716729971478,8.283657030051472
2026-05-12 17:17:41.578,21.866770629255655,11.442704615717503,5.606598329346525,7.98347707485118,4.157742381410571,8.285157534957762
2026-05-12 17:17:42.606,21.859475095427342,11.458489369204017,5.607230120886015,7.984187840333107,4.157821355353008,8.288000596885468
2026-05-12 17:17:43.652,21.859475095427342,11.470327934318902,5.607940886367942,7.982924257254126,4.156873668043772,8.288474440540085
2026-05-12 17:17:44.682,21.85217956159903,11.453753943158063,5.607624990598197,7.982687335426817,4.156873668043772,8.291001606698046
2026-05-12 17:17:45.711,21.866770629255655,11.463224795249971,5.607388068770888,7.9824504135995085,4.158769042662243,8.291475450352664
2026-05-12 17:17:46.737,21.859475095427342,11.456910893855365,5.608098834252814,7.983161179081435,4.157505459583263,8.294476460165242
2026-05-12 17:17:47.766,21.859475095427342,11.449807754786434,5.607782938483069,7.983398100908744,4.159716729971478,8.29495030381986
2026-05-12 17:17:48.793,21.859475095427342,11.471906409667554,5.607940886367942,7.982924257254126,4.156794694101336,8.297161574208076
2026-05-12 17:17:49.820,21.859475095427342,11.449807754786434,5.607782938483069,7.9824504135995085,4.159321860259297,8.298109261517311
2026-05-12 17:17:50.847,21.866770629255655,11.475852598039182,5.607151146943579,7.984187840333107,4.156952641986209,8.299451818538728
2026-05-12 17:17:51.873,21.866770629255655,11.460857082226994,5.608098834252814,7.982687335426817,4.15734751169839,8.301189245272326
2026-05-12 17:17:52.899,21.859475095427342,11.452175467809411,5.607309094828452,7.982529387541945,4.157505459583263,8.303400515660542
2026-05-12 17:17:53.930,21.866770629255655,11.482955737108114,5.607624990598197,7.983082205138999,4.158137251122753,8.303795385372723
2026-05-12 17:17:54.977,21.859475095427342,11.453753943158063,5.607467042713324,7.981976569944891,4.159005964489552,8.306875369127738
2026-05-12 17:17:56.009,21.859475095427342,11.469538696644577,5.6075460166557605,7.983082205138999,4.1580582771803165,8.307981004321846
2026-05-12 17:17:57.040,21.859475095427342,11.463224795249971,5.608256782137687,7.98347707485118,4.158216225065189,8.309086639515954
2026-05-12 17:17:58.066,21.859475095427342,11.46164631990132,5.608019860310378,7.98284528331169,4.158453146892498,8.312798414810459
2026-05-12 17:17:59.092,21.859475095427342,11.445861566414806,5.608335756080123,7.982687335426817,4.156873668043772,8.312482519040714
2026-05-12 17:18:00.119,21.859475095427342,11.460067844552668,5.608019860310378,7.9838719445633615,4.15797930323788,8.314614815486493
2026-05-12 17:18:01.165,21.859475095427342,11.449018517112108,5.608177808195251,7.982687335426817,4.15797930323788,8.315404554910856
2026-05-12 17:18:02.190,21.859475095427342,11.466381745947274,5.608098834252814,7.983240153023871,4.157505459583263,8.317141981644454
2026-05-12 17:18:03.220,21.859475095427342,11.464803270598622,5.607940886367942,7.98347707485118,4.157110589871081,8.320932730881395
2026-05-12 17:18:04.246,21.859475095427342,11.43402300129992,5.6084147300225595,7.982766309369254,4.159558782086606,8.320379913284341
2026-05-12 17:18:05.273,21.859475095427342,11.45059699246076,5.609204469446922,7.983082205138999,4.1566367462164635,8.32338092309692
2026-05-12 17:18:06.303,21.859475095427342,11.4671709836216,5.608572677907432,7.982924257254126,4.156873668043772,8.323854766751538
2026-05-12 17:18:07.330,21.859475095427342,11.458489369204017,5.608809599734741,7.983556048793616,4.157821355353008,8.3246445061759
2026-05-12 17:18:08.360,21.859475095427342,11.475852598039182,5.609915234928849,7.981818622060018,4.157584433525699,8.326618854736807
2026-05-12 17:18:09.387,21.866770629255655,11.432444525951269,5.608809599734741,7.9838719445633615,4.157742381410571,8.328514229355278
2026-05-12 17:18:10.413,21.859475095427342,11.447440041763457,5.608572677907432,7.98410886639067,4.157742381410571,8.330251656088876
2026-05-12 17:18:11.444,21.859475095427342,11.449807754786434,5.609757287043976,7.982292465714636,4.157821355353008,8.331199343398112
2026-05-12 17:18:12.483,21.866770629255655,11.480588024085137,5.609362417331795,7.983240153023871,4.157110589871081,8.33506906657749
2026-05-12 17:18:13.512,21.859475095427342,11.482166499433788,5.608888573677177,7.983240153023871,4.156557772274027,8.335779832059416
2026-05-12 17:18:14.543,21.859475095427342,11.464014032924297,5.60967831310154,7.982529387541945,4.159242886316861,8.336490597541342
2026-05-12 17:18:15.573,21.859475095427342,11.452964705483737,5.610073182813721,7.983792970620925,4.156952641986209,8.337517258793014
2026-05-12 17:18:16.600,21.859475095427342,11.46164631990132,5.609204469446922,7.983161179081435,4.156794694101336,8.338938789756867
2026-05-12 17:18:17.626,21.859475095427342,11.47269564734188,5.60967831310154,7.9824504135995085,4.1580582771803165,8.342650565051372
2026-05-12 17:18:18.655,21.859475095427342,11.460067844552668,5.6103890785834665,7.982687335426817,4.157900329295444,8.341860825627009
2026-05-12 17:18:19.685,21.859475095427342,11.460857082226994,5.610073182813721,7.983161179081435,4.15734751169839,8.344151069957661
2026-05-12 17:18:20.711,21.859475095427342,11.453753943158063,5.610547026468339,7.982371439657072,4.157742381410571,8.345098757266896
2026-05-12 17:18:21.739,21.859475095427342,11.460067844552668,5.608888573677177,7.984187840333107,4.158295199007625,8.347073105827803
2026-05-12 17:18:22.770,21.859475095427342,11.451386230135085,5.609915234928849,7.982134517829763,4.156794694101336,8.348336688906784
2026-05-12 17:18:23.822,21.859475095427342,11.458489369204017,5.609520365216667,7.982924257254126,4.15797930323788,8.3496792459282
2026-05-12 17:18:24.849,21.859475095427342,11.47269564734188,5.609204469446922,7.983556048793616,4.15734751169839,8.352917177568088
2026-05-12 17:18:25.874,21.859475095427342,11.451386230135085,5.609757287043976,7.9838719445633615,4.159005964489552,8.353469995165142
2026-05-12 17:18:26.903,21.859475095427342,11.454543180832388,5.6098362609864125,7.984661683987724,4.156952641986209,8.354338708531941
2026-05-12 17:18:27.928,21.859475095427342,11.440336902694526,5.6098362609864125,7.982371439657072,4.157031615928645,8.356628952862593
2026-05-12 17:18:28.957,21.85217956159903,11.448229279437783,5.610626000410775,7.983792970620925,4.157031615928645,8.357655614114265
2026-05-12 17:18:29.983,21.859475095427342,11.449018517112108,5.610073182813721,7.9833191269663075,4.156794694101336,8.359787910560044
2026-05-12 17:18:31.010,21.859475095427342,11.45059699246076,5.610547026468339,7.983240153023871,4.1580582771803165,8.360656623926843
2026-05-12 17:18:32.038,21.859475095427342,11.434812238974246,5.611494713777574,7.983161179081435,4.156952641986209,8.362236102775569
2026-05-12 17:18:33.068,21.866770629255655,11.471906409667554,5.610231130698594,7.982055543887327,4.156952641986209,8.363341737969677
2026-05-12 17:18:34.095,21.859475095427342,11.459278606878343,5.609362417331795,7.983792970620925,4.158216225065189,8.36539506047302
2026-05-12 17:18:35.122,21.859475095427342,11.446650804089131,5.61031010464103,7.982924257254126,4.156873668043772,8.366658643552
2026-05-12 17:18:36.150,21.866770629255655,11.473484885016205,5.610468052525903,7.9833191269663075,4.159716729971478,8.369738627307015
2026-05-12 17:18:37.178,21.859475095427342,11.460857082226994,5.610152156756158,7.981976569944891,4.1580582771803165,8.370607340673814
2026-05-12 17:18:38.209,21.859475095427342,11.444283091066154,5.611415739835138,7.981581700232709,4.1586110947773705,8.373134506831775
2026-05-12 17:18:39.237,21.859475095427342,11.458489369204017,5.610704974353212,7.98347707485118,4.157505459583263,8.373845272313702
2026-05-12 17:18:40.264,21.859475095427342,11.445861566414806,5.611415739835138,7.982608361484381,4.157268537755954,8.37495090750781
2026-05-12 17:18:41.299,21.859475095427342,11.456910893855365,5.61031010464103,7.983556048793616,4.159084938431988,8.377083203953589
2026-05-12 17:18:42.330,21.859475095427342,11.447440041763457,5.611494713777574,7.9833191269663075,4.157663407468135,8.378504734917442
2026-05-12 17:18:43.356,21.859475095427342,11.459278606878343,5.611336765892702,7.982608361484381,4.1566367462164635,8.379926265881295
2026-05-12 17:18:44.385,21.866770629255655,11.449807754786434,5.6118106095473195,7.984187840333107,4.157900329295444,8.381663692614893
2026-05-12 17:18:45.413,21.859475095427342,11.482166499433788,5.611652661662447,7.982924257254126,4.156873668043772,8.383164197521182
2026-05-12 17:18:46.440,21.859475095427342,11.4671709836216,5.611020870122957,7.984503736102852,4.15734751169839,8.385375467909398
2026-05-12 17:18:47.476,21.859475095427342,11.47269564734188,5.611731635604883,7.982924257254126,4.156557772274027,8.386086233391325
2026-05-12 17:18:48.503,21.859475095427342,11.460857082226994,5.611336765892702,7.9824504135995085,4.157821355353008,8.387586738297614
2026-05-12 17:18:49.536,21.859475095427342,11.455332418506714,5.611573687720011,7.984187840333107,4.156794694101336,8.389719034743393
2026-05-12 17:18:50.566,21.866770629255655,11.455332418506714,5.611415739835138,7.982529387541945,4.1567157201589,8.390666722052629
2026-05-12 17:18:51.594,21.85217956159903,11.469538696644577,5.610626000410775,7.982924257254126,4.1567157201589,8.39295696638328
2026-05-12 17:18:52.618,21.866770629255655,11.460067844552668,5.611178818007829,7.983003231196562,4.157505459583263,8.394694393116879
2026-05-12 17:18:53.648,21.859475095427342,11.459278606878343,5.611494713777574,7.9824504135995085,4.157584433525699,8.396905663505095
2026-05-12 17:18:54.675,21.859475095427342,11.448229279437783,5.6112577919502655,7.983082205138999,4.156557772274027,8.397537455044585
2026-05-12 17:18:55.701,21.859475095427342,11.480588024085137,5.612047531374628,7.982608361484381,4.1566367462164635,8.399432829663056
2026-05-12 17:18:56.731,21.866770629255655,11.447440041763457,5.6112577919502655,7.9824504135995085,4.1566367462164635,8.400064621202546
2026-05-12 17:18:57.761,21.859475095427342,11.48374497478244,5.612047531374628,7.983161179081435,4.157031615928645,8.402828709187816
2026-05-12 17:18:58.807,21.859475095427342,11.475063360364857,5.6126793229141185,7.982766309369254,4.158453146892498,8.405355875345776
2026-05-12 17:18:59.833,21.859475095427342,11.438758427345874,5.612047531374628,7.982766309369254,4.156478798331591,8.405197927460904
2026-05-12 17:19:00.870,21.859475095427342,11.45612165618104,5.612916244741427,7.982529387541945,4.157663407468135,8.406698432367193
2026-05-12 17:19:01.900,21.859475095427342,11.467960221295925,5.6118106095473195,7.983003231196562,4.156952641986209,8.408356885158355
2026-05-12 17:19:02.925,21.859475095427342,11.46164631990132,5.612047531374628,7.983635022736053,4.1571895638135175,8.409146624582718
2026-05-12 17:19:03.955,21.859475095427342,11.441126140368851,5.61244240108681,7.983635022736053,4.1566367462164635,8.412226608337733
2026-05-12 17:19:04.985,21.859475095427342,11.449807754786434,5.612916244741427,7.983713996678489,4.156794694101336,8.415306592092747
2026-05-12 17:19:06.016,21.866770629255655,11.455332418506714,5.6126793229141185,7.9824504135995085,4.158690068719807,8.415227618150311
2026-05-12 17:19:07.043,21.859475095427342,11.464014032924297,5.612205479259501,7.981976569944891,4.157584433525699,8.416807096999037
2026-05-12 17:19:08.072,21.859475095427342,11.442704615717503,5.612363427144373,7.982608361484381,4.159163912374424,8.416807096999037
2026-05-12 17:19:09.101,21.859475095427342,11.445861566414806,5.612837270798991,7.983950918505798,4.156873668043772,8.419887080754052
2026-05-12 17:19:10.126,21.859475095427342,11.458489369204017,5.6130741926263,7.981818622060018,4.157663407468135,8.421466559602777
2026-05-12 17:19:11.153,21.859475095427342,11.467960221295925,5.611889583489756,7.983398100908744,4.157031615928645,8.422177325084704
2026-05-12 17:19:12.184,21.85217956159903,11.446650804089131,5.612521375029246,7.98347707485118,4.157584433525699,8.424467569415356
2026-05-12 17:19:13.215,21.859475095427342,11.463224795249971,5.612916244741427,7.983161179081435,4.157268537755954,8.425099360954846
2026-05-12 17:19:14.246,21.866770629255655,11.448229279437783,5.612047531374628,7.983082205138999,4.159874677856351,8.42715268345819
2026-05-12 17:19:15.277,21.859475095427342,11.449807754786434,5.612837270798991,7.983082205138999,4.157268537755954,8.429363953846405
2026-05-12 17:19:16.301,21.859475095427342,11.452175467809411,5.612363427144373,7.984503736102852,4.157900329295444,8.430548562982949
2026-05-12 17:19:17.329,21.859475095427342,11.444283091066154,5.612916244741427,7.9824504135995085,4.158926990547116,8.432364963658983
2026-05-12 17:19:18.357,21.859475095427342,11.45059699246076,5.612363427144373,7.983003231196562,4.158848016604679,8.432996755198474
2026-05-12 17:19:19.387,21.859475095427342,11.469538696644577,5.613784958108226,7.9818975960024545,4.156794694101336,8.437024426262724
2026-05-12 17:19:20.412,21.859475095427342,11.448229279437783,5.612363427144373,7.982371439657072,4.159084938431988,8.43583981712618
2026-05-12 17:19:21.446,21.866770629255655,11.464803270598622,5.612758296856555,7.983003231196562,4.157584433525699,8.437814165687087
2026-05-12 17:19:22.475,21.866770629255655,11.446650804089131,5.612916244741427,7.983082205138999,4.156162902561846,8.439946462132866
2026-05-12 17:19:23.502,21.866770629255655,11.4671709836216,5.6130741926263,7.983003231196562,4.158690068719807,8.44113107126941
2026-05-12 17:19:24.528,21.866770629255655,11.47269564734188,5.612837270798991,7.9824504135995085,4.157584433525699,8.443342341657626
2026-05-12 17:19:25.554,21.859475095427342,11.444283091066154,5.613153166568736,7.982687335426817,4.157110589871081,8.444211055024425
2026-05-12 17:19:26.584,21.859475095427342,11.440336902694526,5.6130741926263,7.982687335426817,4.1571895638135175,8.447843856376494
2026-05-12 17:19:27.610,21.866770629255655,11.442704615717503,5.613942905993099,7.982608361484381,4.156478798331591,8.449028465513038
2026-05-12 17:19:28.640,21.866770629255655,11.462435557575645,5.614021879935535,7.983950918505798,4.156873668043772,8.448712569743293
2026-05-12 17:19:29.666,21.85217956159903,11.444283091066154,5.613863932050663,7.983240153023871,4.157426485640826,8.450607944361764
2026-05-12 17:19:30.697,21.866770629255655,11.443493853391828,5.613153166568736,7.983398100908744,4.156478798331591,8.451713579555872
2026-05-12 17:19:31.726,21.859475095427342,11.452964705483737,5.613863932050663,7.982924257254126,4.156952641986209,8.454161771771396
2026-05-12 17:19:32.752,21.866770629255655,11.44507232874048,5.614495723590153,7.983556048793616,4.158690068719807,8.45621509427474
2026-05-12 17:19:33.789,21.859475095427342,11.452964705483737,5.614732645417462,7.9838719445633615,4.157031615928645,8.457320729468847
2026-05-12 17:19:34.816,21.866770629255655,11.444283091066154,5.6130741926263,7.982924257254126,4.158532120834934,8.46000584351168
2026-05-12 17:19:35.847,21.859475095427342,11.445861566414806,5.613942905993099,7.983556048793616,4.157505459583263,8.460637635051171
2026-05-12 17:19:36.874,21.859475095427342,11.449018517112108,5.613548036280918,7.982687335426817,4.1566367462164635,8.460953530820916
2026-05-12 17:19:37.901,21.85217956159903,11.45059699246076,5.61433777570528,7.983792970620925,4.1571895638135175,8.463875566691058
2026-05-12 17:19:38.935,21.859475095427342,11.437969189671549,5.614811619359898,7.9833191269663075,4.157031615928645,8.466718628618764
2026-05-12 17:19:39.967,21.859475095427342,11.449018517112108,5.61433777570528,7.982371439657072,4.1567157201589,8.467666315928
2026-05-12 17:19:40.998,21.866770629255655,11.464014032924297,5.614021879935535,7.983003231196562,4.156952641986209,8.469008872949416
2026-05-12 17:19:42.029,21.866770629255655,11.449018517112108,5.614179827820408,7.983003231196562,4.159400834201733,8.469403742661598
2026-05-12 17:19:43.068,21.859475095427342,11.459278606878343,5.615048541187207,7.9822134917722,4.1566367462164635,8.47106219545276
2026-05-12 17:19:44.101,21.866770629255655,11.44507232874048,5.614890593302334,7.983635022736053,4.156162902561846,8.47232577853174
2026-05-12 17:19:45.141,21.859475095427342,11.437969189671549,5.6146536714750255,7.98284528331169,4.156873668043772,8.474063205265338
2026-05-12 17:19:46.169,21.866770629255655,11.449018517112108,5.613942905993099,7.983161179081435,4.159084938431988,8.47635344959599
2026-05-12 17:19:47.197,21.859475095427342,11.44507232874048,5.615917254554006,7.982924257254126,4.15608392861941,8.478406772099333
2026-05-12 17:19:48.269,21.859475095427342,11.448229279437783,5.6155223848418245,7.983556048793616,4.156320850446718,8.479038563638824
2026-05-12 17:19:49.327,21.859475095427342,11.451386230135085,5.614416749647717,7.983713996678489,4.156320850446718,8.48124983402704
2026-05-12 17:19:50.355,21.859475095427342,11.430076812928291,5.615127515129643,7.983082205138999,4.156557772274027,8.482355469221147
2026-05-12 17:19:51.387,21.866770629255655,11.444283091066154,5.614811619359898,7.983950918505798,4.1557680328496645,8.48401392201231
2026-05-12 17:19:52.461,21.866770629255655,11.440336902694526,5.6146536714750255,7.982687335426817,4.15734751169839,8.485830322688344
2026-05-12 17:19:53.508,21.859475095427342,11.452964705483737,5.615996228496442,7.983950918505798,4.15608392861941,8.48804159307656
2026-05-12 17:19:54.536,21.866770629255655,11.466381745947274,5.614732645417462,7.982608361484381,4.159084938431988,8.488199540961432
2026-05-12 17:19:55.569,21.866770629255655,11.44507232874048,5.615443410899388,7.983398100908744,4.156241876504282,8.489779019810157
2026-05-12 17:19:56.597,21.866770629255655,11.449018517112108,5.614969567244771,7.983398100908744,4.1557680328496645,8.491042602889138
2026-05-12 17:19:57.683,21.866770629255655,11.449807754786434,5.615048541187207,7.9822134917722,4.156162902561846,8.493885664816844
2026-05-12 17:19:58.721,21.866770629255655,11.4395476650202,5.61583828061157,7.9833191269663075,4.1571895638135175,8.494675404241207
2026-05-12 17:19:59.754,21.866770629255655,11.443493853391828,5.616154176381315,7.983950918505798,4.156794694101336,8.496017961262623
2026-05-12 17:20:00.780,21.866770629255655,11.458489369204017,5.615917254554006,7.983950918505798,4.157031615928645,8.498466153478148
2026-05-12 17:20:01.806,21.866770629255655,11.44507232874048,5.614811619359898,7.983950918505798,4.158769042662243,8.50012460626931
2026-05-12 17:20:02.837,21.866770629255655,11.464014032924297,5.616312124266187,7.982687335426817,4.156873668043772,8.501309215405854
2026-05-12 17:20:03.870,21.859475095427342,11.471906409667554,5.615048541187207,7.982371439657072,4.156320850446718,8.503204590024325
2026-05-12 17:20:04.919,21.866770629255655,11.46164631990132,5.61583828061157,7.982924257254126,4.158926990547116,8.505731756182286
2026-05-12 17:20:05.993,21.866770629255655,11.468749458970251,5.615206489072079,7.984582710045288,4.156241876504282,8.505810730124722
2026-05-12 17:20:07.018,21.859475095427342,11.449018517112108,5.616233150323751,7.983635022736053,4.156873668043772,8.508416870225119
2026-05-12 17:20:08.081,21.859475095427342,11.467960221295925,5.615364436956952,7.984345788217979,4.156952641986209,8.510233270901153
2026-05-12 17:20:09.132,21.859475095427342,11.45059699246076,5.615680332726697,7.983635022736053,4.156952641986209,8.51220761946206
2026-05-12 17:20:10.160,21.866770629255655,11.456910893855365,5.616549046093496,7.9833191269663075,4.1567157201589,8.512286593404497
2026-05-12 17:20:11.221,21.866770629255655,11.436390714322897,5.616312124266187,7.982924257254126,4.156399824389155,8.515050681389766
2026-05-12 17:20:12.259,21.866770629255655,11.449807754786434,5.615996228496442,7.9818975960024545,4.156794694101336,8.517814769375036
2026-05-12 17:20:13.289,21.866770629255655,11.463224795249971,5.616154176381315,7.9824504135995085,4.157031615928645,8.51836758697209
2026-05-12 17:20:14.402,21.866770629255655,11.446650804089131,5.615759306669133,7.981502726290273,4.156162902561846,8.519710143993507
2026-05-12 17:20:15.441,21.859475095427342,11.437969189671549,5.6160752024388785,7.982608361484381,4.15608392861941,8.520420909475433
2026-05-12 17:20:16.468,21.866770629255655,11.4671709836216,5.615996228496442,7.98347707485118,4.156320850446718,8.522869101690958
2026-05-12 17:20:17.495,21.859475095427342,11.465592508272948,5.616312124266187,7.983003231196562,4.156162902561846,8.522948075633394
2026-05-12 17:20:18.542,21.866770629255655,11.447440041763457,5.6160752024388785,7.981739648117582,4.155925980734537,8.525475241791355
2026-05-12 17:20:19.567,21.866770629255655,11.449018517112108,5.61647007215106,7.983240153023871,4.155847006792101,8.527528564294698
2026-05-12 17:20:20.593,21.866770629255655,11.442704615717503,5.61583828061157,7.983398100908744,4.157031615928645,8.52981880862535
2026-05-12 17:20:21.618,21.859475095427342,11.466381745947274,5.616706993978369,7.983003231196562,4.157742381410571,8.53005573045266
2026-05-12 17:20:22.651,21.859475095427342,11.454543180832388,5.616391098208624,7.982529387541945,4.15797930323788,8.531398287474076
2026-05-12 17:20:23.683,21.859475095427342,11.471906409667554,5.617891603114913,7.9833191269663075,4.157031615928645,8.533056740265238
2026-05-12 17:20:24.716,21.859475095427342,11.431655288276943,5.616549046093496,7.983713996678489,4.157742381410571,8.534952114883708
2026-05-12 17:20:25.743,21.859475095427342,11.441126140368851,5.616864941863241,7.982529387541945,4.159084938431988,8.53811107258116
2026-05-12 17:20:26.781,21.866770629255655,11.449018517112108,5.6174967334027315,7.982134517829763,4.156873668043772,8.538900812005522
2026-05-12 17:20:27.814,21.859475095427342,11.43402300129992,5.6169439158056775,7.982687335426817,4.157031615928645,8.539690551429885
2026-05-12 17:20:28.841,21.866770629255655,11.445861566414806,5.616785967920805,7.983003231196562,4.158137251122753,8.54087516056643
2026-05-12 17:20:29.884,21.859475095427342,11.456910893855365,5.61647007215106,7.9838719445633615,4.156873668043772,8.543165404897081
2026-05-12 17:20:30.921,21.866770629255655,11.449018517112108,5.617338785517859,7.9824504135995085,4.157031615928645,8.545455649227733
2026-05-12 17:20:31.953,21.859475095427342,11.456910893855365,5.617338785517859,7.983003231196562,4.15734751169839,8.545692571055042
2026-05-12 17:20:33.017,21.859475095427342,11.471117171993228,5.617259811575423,7.9822134917722,4.1586110947773705,8.547508971731077
2026-05-12 17:20:34.050,21.859475095427342,11.444283091066154,5.616864941863241,7.984187840333107,4.156241876504282,8.551141773083145
2026-05-12 17:20:35.076,21.866770629255655,11.464803270598622,5.61710186369055,7.9824504135995085,4.15608392861941,8.550273059716346
2026-05-12 17:20:36.105,21.859475095427342,11.454543180832388,5.617338785517859,7.983003231196562,4.156794694101336,8.553195095586489
2026-05-12 17:20:37.147,21.866770629255655,11.441915378043177,5.61773365523004,7.9822134917722,4.157031615928645,8.554695600492778
2026-05-12 17:20:38.187,21.859475095427342,11.459278606878343,5.617654681287604,7.982924257254126,4.156794694101336,8.556433027226376
2026-05-12 17:20:39.220,21.859475095427342,11.45059699246076,5.617180837632986,7.981739648117582,4.156004954676973,8.557459688478048
2026-05-12 17:20:40.253,21.859475095427342,11.47822031106216,5.617417759460295,7.983240153023871,4.159005964489552,8.558644297614592
2026-05-12 17:20:41.289,21.859475095427342,11.460067844552668,5.617654681287604,7.982292465714636,4.156557772274027,8.560065828578445
2026-05-12 17:20:42.322,21.859475095427342,11.455332418506714,5.616785967920805,7.981739648117582,4.156557772274027,8.561803255312043
2026-05-12 17:20:43.373,21.859475095427342,11.445861566414806,5.617654681287604,7.98347707485118,4.155925980734537,8.56440939541244
2026-05-12 17:20:44.400,21.859475095427342,11.45059699246076,5.617259811575423,7.982687335426817,4.156399824389155,8.56527810877924
2026-05-12 17:20:45.433,21.866770629255655,11.454543180832388,5.618760316481712,7.983161179081435,4.1567157201589,8.566778613685528
2026-05-12 17:20:46.464,21.859475095427342,11.460067844552668,5.618681342539276,7.982055543887327,4.157110589871081,8.567963222822073
2026-05-12 17:20:47.489,21.859475095427342,11.451386230135085,5.618286472827094,7.983556048793616,4.15608392861941,8.56993757138298
2026-05-12 17:20:48.520,21.859475095427342,11.455332418506714,5.618286472827094,7.983240153023871,4.157110589871081,8.571043206577087
2026-05-12 17:20:49.575,21.859475095427342,11.46164631990132,5.617970577057349,7.982055543887327,4.158374172950062,8.57309652908043
2026-05-12 17:20:50.601,21.859475095427342,11.45059699246076,5.617970577057349,7.983082205138999,4.15608392861941,8.574202164274539
2026-05-12 17:20:51.633,21.866770629255655,11.459278606878343,5.618444420711967,7.983635022736053,4.157110589871081,8.575465747353519
2026-05-12 17:20:52.665,21.859475095427342,11.453753943158063,5.618128524942222,7.983003231196562,4.157663407468135,8.57799291351148
2026-05-12 17:20:53.693,21.859475095427342,11.455332418506714,5.618444420711967,7.9838719445633615,4.157110589871081,8.578308809281225
2026-05-12 17:20:54.737,21.859475095427342,11.45059699246076,5.618128524942222,7.983161179081435,4.157821355353008,8.580204183899696
2026-05-12 17:20:55.871,21.859475095427342,11.465592508272948,5.618207498884658,7.983792970620925,4.157505459583263,8.583047245827402
2026-05-12 17:20:56.896,21.859475095427342,11.454543180832388,5.618207498884658,7.982371439657072,4.1567157201589,8.58352108948202
2026-05-12 17:20:57.925,21.859475095427342,11.459278606878343,5.618523394654403,7.983161179081435,4.155925980734537,8.584942620445872
2026-05-12 17:20:58.953,21.859475095427342,11.449807754786434,5.619708003790947,7.982924257254126,4.156557772274027,8.588417473913069
2026-05-12 17:20:59.981,21.859475095427342,11.459278606878343,5.618207498884658,7.984187840333107,4.1571895638135175,8.589365161222304
2026-05-12 17:21:01.012,21.85217956159903,11.466381745947274,5.619392108021202,7.982608361484381,4.156399824389155,8.59031284853154
2026-05-12 17:21:02.038,21.859475095427342,11.434812238974246,5.618760316481712,7.983635022736053,4.158295199007625,8.591734379495392
2026-05-12 17:21:03.066,21.859475095427342,11.47269564734188,5.619313134078766,7.983082205138999,4.159242886316861,8.595051285077716
2026-05-12 17:21:04.096,21.859475095427342,11.434812238974246,5.6189182643665845,7.984266814275543,4.155925980734537,8.594577441423098
2026-05-12 17:21:05.130,21.859475095427342,11.462435557575645,5.619313134078766,7.983792970620925,4.156952641986209,8.597578451235677
2026-05-12 17:21:06.161,21.859475095427342,11.466381745947274,5.619550055906075,7.982687335426817,4.155925980734537,8.599710747681456
2026-05-12 17:21:07.192,21.859475095427342,11.447440041763457,5.618681342539276,7.983240153023871,4.157110589871081,8.600421513163383
2026-05-12 17:21:08.217,21.859475095427342,11.46164631990132,5.6189182643665845,7.98284528331169,4.156873668043772,8.600816382875564
2026-05-12 17:21:09.247,21.859475095427342,11.449018517112108,5.619392108021202,7.981976569944891,4.156004954676973,8.60302765326378
2026-05-12 17:21:10.280,21.859475095427342,11.449807754786434,5.619550055906075,7.981976569944891,4.158374172950062,8.604765079997378
2026-05-12 17:21:11.309,21.859475095427342,11.453753943158063,5.62049774321531,7.983713996678489,4.155689058907228,8.606344558846104
2026-05-12 17:21:12.339,21.866770629255655,11.456910893855365,5.620260821388001,7.98284528331169,4.155925980734537,8.609424542601118
2026-05-12 17:21:13.370,21.859475095427342,11.45059699246076,5.618997238309021,7.982924257254126,4.156952641986209,8.611004021449844
2026-05-12 17:21:14.399,21.859475095427342,11.463224795249971,5.619550055906075,7.98284528331169,4.1580582771803165,8.610767099622535
2026-05-12 17:21:15.428,21.85217956159903,11.453753943158063,5.619076212251457,7.98284528331169,4.157821355353008,8.614084005204859
2026-05-12 17:21:16.462,21.859475095427342,11.460067844552668,5.620734665042619,7.9818975960024545,4.157110589871081,8.614557848859477
2026-05-12 17:21:17.493,21.859475095427342,11.464014032924297,5.620102873503129,7.98347707485118,4.1566367462164635,8.61574245799602
2026-05-12 17:21:18.522,21.859475095427342,11.466381745947274,5.619708003790947,7.982134517829763,4.156162902561846,8.618348598096418
2026-05-12 17:21:19.575,21.859475095427342,11.451386230135085,5.619550055906075,7.983713996678489,4.158848016604679,8.618190650211545
2026-05-12 17:21:20.603,21.859475095427342,11.449018517112108,5.619629029848511,7.983240153023871,4.156241876504282,8.620559868484634
2026-05-12 17:21:21.634,21.859475095427342,11.47269564734188,5.620181847445565,7.982529387541945,4.156399824389155,8.622060373390923
2026-05-12 17:21:22.662,21.859475095427342,11.452175467809411,5.619629029848511,7.9822134917722,4.1586110947773705,8.625693174742992
2026-05-12 17:21:23.691,21.859475095427342,11.43402300129992,5.61986595167582,7.982529387541945,4.156873668043772,8.626482914167354
2026-05-12 17:21:24.747,21.859475095427342,11.451386230135085,5.620181847445565,7.98347707485118,4.156004954676973,8.626877783879536
2026-05-12 17:21:25.782,21.866770629255655,11.476641835713508,5.620418769272874,7.982687335426817,4.1557680328496645,8.627983419073644
2026-05-12 17:21:26.811,21.859475095427342,11.460067844552668,5.620576717157746,7.984345788217979,4.157663407468135,8.631142376771095
2026-05-12 17:21:27.841,21.859475095427342,11.457700131529691,5.6203397953304375,7.983240153023871,4.157742381410571,8.632642881677384
2026-05-12 17:21:28.868,21.866770629255655,11.442704615717503,5.620418769272874,7.982529387541945,4.156873668043772,8.633669542929056
2026-05-12 17:21:29.897,21.859475095427342,11.463224795249971,5.620576717157746,7.983792970620925,4.157821355353008,8.635880813317272
2026-05-12 17:21:30.923,21.859475095427342,11.476641835713508,5.620023899560692,7.984345788217979,4.1586110947773705,8.637144396396252
2026-05-12 17:21:31.950,21.859475095427342,11.456910893855365,5.621603378409418,7.982608361484381,4.159242886316861,8.639829510439085
2026-05-12 17:21:32.979,21.866770629255655,11.47822031106216,5.62049774321531,7.983082205138999,4.1567157201589,8.640935145633193
2026-05-12 17:21:34.009,21.866770629255655,11.44507232874048,5.621445430524545,7.982292465714636,4.156004954676973,8.641961806884865
2026-05-12 17:21:35.037,21.866770629255655,11.436390714322897,5.6203397953304375,7.983240153023871,4.156004954676973,8.642514624481919
2026-05-12 17:21:36.080,21.866770629255655,11.441915378043177,5.620576717157746,7.9838719445633615,4.157268537755954,8.645594608236934
2026-05-12 17:21:37.108,21.859475095427342,11.453753943158063,5.620734665042619,7.983398100908744,4.1566367462164635,8.64567358217937
2026-05-12 17:21:38.140,21.866770629255655,11.445861566414806,5.621366456582109,7.983240153023871,4.157426485640826,8.64717408708566
2026-05-12 17:21:39.166,21.866770629255655,11.451386230135085,5.621603378409418,7.983161179081435,4.158137251122753,8.648990487761694
2026-05-12 17:21:40.194,21.859475095427342,11.429287575253966,5.620260821388001,7.9822134917722,4.156557772274027,8.65033304478311
2026-05-12 17:21:41.222,21.866770629255655,11.45059699246076,5.621524404466982,7.983082205138999,4.156399824389155,8.65159662786209
2026-05-12 17:21:42.253,21.859475095427342,11.447440041763457,5.621524404466982,7.983240153023871,4.157031615928645,8.655150455271723
2026-05-12 17:21:43.281,21.866770629255655,11.451386230135085,5.621050560812364,7.982529387541945,4.156557772274027,8.655387377099032
2026-05-12 17:21:44.307,21.866770629255655,11.452964705483737,5.620576717157746,7.983713996678489,4.15608392861941,8.656414038350704
2026-05-12 17:21:45.336,21.859475095427342,11.445861566414806,5.621840300236727,7.981739648117582,4.15608392861941,8.658309412969174
2026-05-12 17:21:46.362,21.859475095427342,11.4395476650202,5.622314143891344,7.983713996678489,4.155689058907228,8.659494022105719
2026-05-12 17:21:47.393,21.866770629255655,11.460067844552668,5.621840300236727,7.982766309369254,4.155689058907228,8.661073500954444
2026-05-12 17:21:48.428,21.866770629255655,11.470327934318902,5.621998248121599,7.984187840333107,4.155689058907228,8.662968875572915
2026-05-12 17:21:49.459,21.859475095427342,11.429287575253966,5.621524404466982,7.98347707485118,4.1586110947773705,8.664469380479204
2026-05-12 17:21:50.487,21.859475095427342,11.438758427345874,5.621682352351854,7.983398100908744,4.156478798331591,8.665496041730876
2026-05-12 17:21:51.514,21.859475095427342,11.477431073387834,5.622077222064036,7.984029892448234,4.156873668043772,8.668023207888837
2026-05-12 17:21:52.545,21.859475095427342,11.449018517112108,5.6211295347548,7.9822134917722,4.156794694101336,8.66857602548589
2026-05-12 17:21:53.570,21.859475095427342,11.448229279437783,5.622314143891344,7.982687335426817,4.156952641986209,8.67260369655014
2026-05-12 17:21:54.598,21.859475095427342,11.446650804089131,5.622235169948908,7.982292465714636,4.1580582771803165,8.671498061356033
2026-05-12 17:21:55.626,21.866770629255655,11.430866050602617,5.622866961488398,7.983713996678489,4.157663407468135,8.673788305686685
2026-05-12 17:21:56.656,21.859475095427342,11.441126140368851,5.621840300236727,7.982924257254126,4.156794694101336,8.67536778453541
2026-05-12 17:21:57.683,21.874066163083967,11.4671709836216,5.622314143891344,7.98284528331169,4.155925980734537,8.677421107038754
2026-05-12 17:21:58.714,21.866770629255655,11.447440041763457,5.621287482639673,7.982292465714636,4.156873668043772,8.678526742232862
2026-05-12 17:21:59.751,21.866770629255655,11.446650804089131,5.621524404466982,7.983792970620925,4.155925980734537,8.680816986563514
2026-05-12 17:22:00.784,21.859475095427342,11.440336902694526,5.621840300236727,7.982924257254126,4.155531111022356,8.682001595700058
2026-05-12 17:22:01.811,21.859475095427342,11.446650804089131,5.622393117833781,7.983082205138999,4.155925980734537,8.683107230894166
2026-05-12 17:22:02.837,21.859475095427342,11.452964705483737,5.622077222064036,7.982371439657072,4.156399824389155,8.684212866088274
2026-05-12 17:22:03.864,21.859475095427342,11.445861566414806,5.621682352351854,7.983161179081435,4.156794694101336,8.687371823785725
2026-05-12 17:22:04.891,21.866770629255655,11.448229279437783,5.6217613262942905,7.9833191269663075,4.155847006792101,8.687766693497906
2026-05-12 17:22:05.919,21.866770629255655,11.430076812928291,5.622314143891344,7.981581700232709,4.158848016604679,8.689188224461759
2026-05-12 17:22:06.948,21.859475095427342,11.452175467809411,5.622945935430835,7.983161179081435,4.1580582771803165,8.691004625137793
2026-05-12 17:22:07.978,21.866770629255655,11.466381745947274,5.622472091776217,7.982371439657072,4.158295199007625,8.694558452547426
2026-05-12 17:22:09.006,21.859475095427342,11.470327934318902,5.622709013603526,7.984582710045288,4.15608392861941,8.695979983511279
2026-05-12 17:22:10.032,21.859475095427342,11.464014032924297,5.622551065718653,7.984345788217979,4.157742381410571,8.695979983511279
2026-05-12 17:22:11.059,21.866770629255655,11.45059699246076,5.622314143891344,7.983082205138999,4.156004954676973,8.696848696878078
2026-05-12 17:22:12.085,21.866770629255655,11.453753943158063,5.622866961488398,7.98347707485118,4.155847006792101,8.698744071496549
2026-05-12 17:22:13.111,21.866770629255655,11.430076812928291,5.622314143891344,7.982766309369254,4.1567157201589,8.702376872848617
2026-05-12 17:22:14.137,21.859475095427342,11.460067844552668,5.623656700912761,7.98284528331169,4.155610084964792,8.701824055251564
2026-05-12 17:22:15.162,21.859475095427342,11.4671709836216,5.6231828572581435,7.982924257254126,4.1557680328496645,8.703561481985162
2026-05-12 17:22:16.189,21.859475095427342,11.447440041763457,5.622787987545962,7.983161179081435,4.155689058907228,8.706878387567485
2026-05-12 17:22:17.217,21.859475095427342,11.44507232874048,5.622787987545962,7.982924257254126,4.156162902561846,8.706878387567485
2026-05-12 17:22:18.244,21.859475095427342,11.435601476648571,5.623340805143016,7.9824504135995085,4.1571895638135175,8.709168631898137
2026-05-12 17:22:19.275,21.859475095427342,11.442704615717503,5.62389362274007,7.983556048793616,4.157426485640826,8.711064006516608
2026-05-12 17:22:20.302,21.866770629255655,11.4671709836216,5.623656700912761,7.984029892448234,4.1566367462164635,8.711537850171226
2026-05-12 17:22:21.329,21.859475095427342,11.449018517112108,5.62326183120058,7.983398100908744,4.156952641986209,8.713433224789696
2026-05-12 17:22:22.358,21.859475095427342,11.446650804089131,5.623577726970325,7.983240153023871,4.155689058907228,8.71485475575355
2026-05-12 17:22:23.391,21.866770629255655,11.44507232874048,5.623103883315707,7.982687335426817,4.159163912374424,8.717145000084201
2026-05-12 17:22:24.421,21.866770629255655,11.453753943158063,5.623577726970325,7.983240153023871,4.156004954676973,8.717302947969074
2026-05-12 17:22:25.451,21.859475095427342,11.437179951997223,5.624209518509815,7.983398100908744,4.156162902561846,8.719435244414854
2026-05-12 17:22:26.481,21.859475095427342,11.459278606878343,5.624446440337124,7.9824504135995085,4.156478798331591,8.720856775378707
2026-05-12 17:22:27.509,21.866770629255655,11.446650804089131,5.623103883315707,7.983161179081435,4.156399824389155,8.721962410572814
2026-05-12 17:22:28.534,21.859475095427342,11.453753943158063,5.623340805143016,7.982608361484381,4.156557772274027,8.724331628845903
2026-05-12 17:22:29.561,21.859475095427342,11.470327934318902,5.624209518509815,7.982766309369254,4.156794694101336,8.725516237982447
2026-05-12 17:22:30.588,21.859475095427342,11.470327934318902,5.6240515706249425,7.982608361484381,4.1557680328496645,8.72630597740681
2026-05-12 17:22:31.618,21.866770629255655,11.457700131529691,5.623419779085452,7.982371439657072,4.158374172950062,8.728754169622334
2026-05-12 17:22:32.646,21.866770629255655,11.456910893855365,5.623972596682506,7.984029892448234,4.156004954676973,8.730254674528624
2026-05-12 17:22:33.673,21.859475095427342,11.441126140368851,5.623340805143016,7.98284528331169,4.155847006792101,8.732386970974403
2026-05-12 17:22:34.697,21.859475095427342,11.455332418506714,5.62452541427956,7.982292465714636,4.157426485640826,8.733571580110947
2026-05-12 17:22:35.725,21.866770629255655,11.4395476650202,5.62452541427956,7.98410886639067,4.158374172950062,8.734440293477746
2026-05-12 17:22:36.752,21.866770629255655,11.4395476650202,5.62452541427956,7.982055543887327,4.159005964489552,8.73712540752058
2026-05-12 17:22:37.799,21.859475095427342,11.462435557575645,5.624288492452251,7.983635022736053,4.15608392861941,8.737204381463016
2026-05-12 17:22:38.828,21.859475095427342,11.464803270598622,5.6231828572581435,7.981976569944891,4.155531111022356,8.739336677908796
2026-05-12 17:22:39.870,21.859475095427342,11.454543180832388,5.624130544567379,7.983713996678489,4.156557772274027,8.74052128704534
2026-05-12 17:22:40.897,21.859475095427342,11.438758427345874,5.62389362274007,7.982766309369254,4.155925980734537,8.74328537503061
2026-05-12 17:22:41.923,21.866770629255655,11.436390714322897,5.624920283991742,7.982529387541945,4.156794694101336,8.745338697533953
2026-05-12 17:22:42.952,21.859475095427342,11.456910893855365,5.624999257934178,7.982529387541945,4.156241876504282,8.74604946301588
2026-05-12 17:22:43.983,21.85217956159903,11.451386230135085,5.62389362274007,7.983003231196562,4.157742381410571,8.747628941864605
2026-05-12 17:22:45.011,21.85217956159903,11.444283091066154,5.624288492452251,7.9838719445633615,4.155610084964792,8.748734577058713
2026-05-12 17:22:46.036,21.859475095427342,11.473484885016205,5.62515720581905,7.9818975960024545,4.157110589871081,8.749603290425512
2026-05-12 17:22:47.067,21.859475095427342,11.464014032924297,5.625315153703923,7.98410886639067,4.156873668043772,8.751498665043982
2026-05-12 17:22:48.099,21.859475095427342,11.452175467809411,5.624446440337124,7.982529387541945,4.15734751169839,8.752762248122963
2026-05-12 17:22:49.124,21.85217956159903,11.449807754786434,5.625236179761487,7.982292465714636,4.158848016604679,8.755052492453615
2026-05-12 17:22:50.156,21.859475095427342,11.449018517112108,5.625552075531232,7.982292465714636,4.1566367462164635,8.757026841014522
2026-05-12 17:22:51.185,21.859475095427342,11.452175467809411,5.625788997358541,7.983398100908744,4.159084938431988,8.75813247620863
2026-05-12 17:22:52.211,21.859475095427342,11.452964705483737,5.625631049473668,7.983556048793616,4.15608392861941,8.761765277560698
2026-05-12 17:22:53.237,21.859475095427342,11.427709099905314,5.624920283991742,7.982529387541945,4.1580582771803165,8.76065964236659
2026-05-12 17:22:54.265,21.85217956159903,11.451386230135085,5.625788997358541,7.982608361484381,4.156320850446718,8.763265782466988
2026-05-12 17:22:55.292,21.85217956159903,11.447440041763457,5.625631049473668,7.983003231196562,4.157505459583263,8.76468731343084
2026-05-12 17:22:56.321,21.85217956159903,11.446650804089131,5.625710023416104,7.982292465714636,4.156399824389155,8.765792948624949
2026-05-12 17:22:57.361,21.859475095427342,11.45059699246076,5.626183867070722,7.983240153023871,4.1567157201589,8.768399088725346
2026-05-12 17:22:58.392,21.859475095427342,11.470327934318902,5.625867971300977,7.982529387541945,4.156399824389155,8.769346776034581
2026-05-12 17:22:59.419,21.859475095427342,11.448229279437783,5.625078231876614,7.982371439657072,4.156241876504282,8.77021548940138
2026-05-12 17:23:00.445,21.859475095427342,11.460857082226994,5.625710023416104,7.984266814275543,4.155610084964792,8.772505733732032
2026-05-12 17:23:01.474,21.859475095427342,11.456910893855365,5.625867971300977,7.981976569944891,4.156320850446718,8.774322134408067
2026-05-12 17:23:02.500,21.859475095427342,11.469538696644577,5.625710023416104,7.9833191269663075,4.15797930323788,8.775032899889993
2026-05-12 17:23:03.544,21.859475095427342,11.452175467809411,5.6254731015887955,7.982529387541945,4.158690068719807,8.778665701242062
2026-05-12 17:23:04.572,21.85217956159903,11.463224795249971,5.626262841013158,7.982924257254126,4.1567157201589,8.779376466723988
2026-05-12 17:23:05.605,21.85217956159903,11.455332418506714,5.626420788898031,7.982529387541945,4.1571895638135175,8.779929284321042
2026-05-12 17:23:06.635,21.859475095427342,11.451386230135085,5.625631049473668,7.9838719445633615,4.158137251122753,8.782930294133621
2026-05-12 17:23:07.662,21.859475095427342,11.441915378043177,5.625394127646359,7.982766309369254,4.156478798331591,8.785141564521837
2026-05-12 17:23:08.688,21.859475095427342,11.457700131529691,5.626420788898031,7.981502726290273,4.15608392861941,8.784904642694528
2026-05-12 17:23:09.718,21.859475095427342,11.480588024085137,5.625788997358541,7.982924257254126,4.1566367462164635,8.786168225773508
2026-05-12 17:23:10.749,21.859475095427342,11.477431073387834,5.6254731015887955,7.983003231196562,4.1557680328496645,8.788063600391979
2026-05-12 17:23:11.775,21.85217956159903,11.457700131529691,5.627684371977011,7.983792970620925,4.157031615928645,8.789880001068013
2026-05-12 17:23:12.804,21.85217956159903,11.465592508272948,5.626499762840467,7.983003231196562,4.157031615928645,8.791538453859175
2026-05-12 17:23:13.833,21.859475095427342,11.456910893855365,5.626262841013158,7.981818622060018,4.155925980734537,8.793670750304955
2026-05-12 17:23:14.869,21.85217956159903,11.45612165618104,5.626104893128286,7.98410886639067,4.157110589871081,8.794381515786881
2026-05-12 17:23:15.896,21.859475095427342,11.456910893855365,5.626262841013158,7.984266814275543,4.156241876504282,8.79651381223266
2026-05-12 17:23:16.923,21.859475095427342,11.482166499433788,5.62728950226483,7.982687335426817,4.156162902561846,8.79801431713895
2026-05-12 17:23:17.949,21.859475095427342,11.452175467809411,5.625946945243413,7.983792970620925,4.155847006792101,8.79951482204524
2026-05-12 17:23:18.976,21.85217956159903,11.475852598039182,5.62665771072534,7.9824504135995085,4.156241876504282,8.800936353009092
2026-05-12 17:23:20.002,21.85217956159903,11.466381745947274,5.627605398034575,7.9833191269663075,4.156794694101336,8.801805066375891
2026-05-12 17:23:21.030,21.85217956159903,11.449807754786434,5.626262841013158,7.982766309369254,4.155847006792101,8.803779414936798
2026-05-12 17:23:22.056,21.85217956159903,11.459278606878343,5.626499762840467,7.982924257254126,4.1567157201589,8.806780424749377
2026-05-12 17:23:23.082,21.85217956159903,11.47822031106216,5.626736684667776,7.982608361484381,4.156873668043772,8.807491190231303
2026-05-12 17:23:24.108,21.859475095427342,11.45059699246076,5.62665771072534,7.983082205138999,4.158848016604679,8.809781434561955
2026-05-12 17:23:25.137,21.85217956159903,11.455332418506714,5.626578736782903,7.984424762160415,4.156873668043772,8.809623486677083
2026-05-12 17:23:26.162,21.85217956159903,11.484534212456765,5.6268946325526485,7.9833191269663075,4.159163912374424,8.81159783523799
2026-05-12 17:23:27.188,21.85217956159903,11.468749458970251,5.627605398034575,7.980555038981038,4.156320850446718,8.81349320985646
2026-05-12 17:23:28.215,21.859475095427342,11.47979878641081,5.627131554379957,7.98284528331169,4.1580582771803165,8.814440897165696
2026-05-12 17:23:29.244,21.85217956159903,11.456910893855365,5.627131554379957,7.984029892448234,4.1567157201589,8.816020376014421
2026-05-12 17:23:30.273,21.85217956159903,11.444283091066154,5.627763345919448,7.983082205138999,4.156320850446718,8.81775780274802
2026-05-12 17:23:31.300,21.85217956159903,11.464014032924297,5.626973606495085,7.982608361484381,4.156873668043772,8.820679838618162
2026-05-12 17:23:32.330,21.844884027770718,11.468749458970251,5.627210528322394,7.982055543887327,4.157426485640826,8.821627525927397
2026-05-12 17:23:33.358,21.85217956159903,11.482166499433788,5.627763345919448,7.982134517829763,4.156004954676973,8.821943421697142
2026-05-12 17:23:34.395,21.85217956159903,11.460067844552668,5.6274474501497025,7.983792970620925,4.156794694101336,8.825339301221902
2026-05-12 17:23:35.442,21.859475095427342,11.462435557575645,5.627526424092139,7.983082205138999,4.1557680328496645,8.825418275164338
2026-05-12 17:23:36.491,21.85217956159903,11.460857082226994,5.628079241689193,7.982924257254126,4.157110589871081,8.827629545552554
2026-05-12 17:23:37.518,21.85217956159903,11.449018517112108,5.627684371977011,7.983240153023871,4.156004954676973,8.831025425077314
2026-05-12 17:23:38.549,21.85217956159903,11.457700131529691,5.628790007171119,7.982371439657072,4.156320850446718,8.831183372962187
2026-05-12 17:23:39.580,21.844884027770718,11.466381745947274,5.627605398034575,7.983635022736053,4.158769042662243,8.833078747580657
2026-05-12 17:23:40.611,21.859475095427342,11.464803270598622,5.626973606495085,7.981502726290273,4.156241876504282,8.834421304602074
2026-05-12 17:23:41.639,21.85217956159903,11.452964705483737,5.6283161635165015,7.9824504135995085,4.157110589871081,8.835684887681055
2026-05-12 17:23:42.667,21.85217956159903,11.479009548736485,5.627684371977011,7.98347707485118,4.157031615928645,8.837580262299525
2026-05-12 17:23:43.703,21.85217956159903,11.463224795249971,5.627526424092139,7.982371439657072,4.156162902561846,8.83939666297556
2026-05-12 17:23:44.734,21.85217956159903,11.455332418506714,5.62792129380432,7.983635022736053,4.155847006792101,8.840739219996976
2026-05-12 17:23:45.764,21.85217956159903,11.440336902694526,5.628711033228683,7.984503736102852,4.156952641986209,8.843108438270065
2026-05-12 17:23:46.792,21.85217956159903,11.482955737108114,5.628632059286247,7.9822134917722,4.159084938431988,8.84555663048559
2026-05-12 17:23:47.821,21.85217956159903,11.471906409667554,5.6288689811135555,7.982924257254126,4.156004954676973,8.84468791711879
2026-05-12 17:23:48.848,21.85217956159903,11.468749458970251,5.627605398034575,7.982687335426817,4.156873668043772,8.846346369909952
2026-05-12 17:23:49.874,21.85217956159903,11.474274122690531,5.62855308534381,7.982134517829763,4.157031615928645,8.84745200510406
2026-05-12 17:23:50.903,21.85217956159903,11.456910893855365,5.629184876883301,7.984266814275543,4.157031615928645,8.849426353664967
2026-05-12 17:23:51.927,21.85217956159903,11.45612165618104,5.629184876883301,7.982766309369254,4.159084938431988,8.851242754341001
2026-05-12 17:23:52.958,21.85217956159903,11.455332418506714,5.628395137458938,7.983398100908744,4.157584433525699,8.8521114677078
2026-05-12 17:23:53.991,21.85217956159903,11.44507232874048,5.628079241689193,7.982292465714636,4.157268537755954,8.854006842326271
2026-05-12 17:23:55.016,21.85217956159903,11.454543180832388,5.628790007171119,7.9822134917722,4.156952641986209,8.856060164829614
2026-05-12 17:23:56.049,21.85217956159903,11.457700131529691,5.629026928998428,7.982055543887327,4.155925980734537,8.85763964367834
2026-05-12 17:23:57.078,21.859475095427342,11.459278606878343,5.629658720537918,7.9833191269663075,4.156162902561846,8.859061174642193
2026-05-12 17:23:58.106,21.85217956159903,11.457700131529691,5.628474111401374,7.9824504135995085,4.156794694101336,8.860640653490918
2026-05-12 17:23:59.134,21.85217956159903,11.451386230135085,5.628790007171119,7.982766309369254,4.157268537755954,8.863404741476188
2026-05-12 17:24:00.164,21.85217956159903,11.475852598039182,5.628632059286247,7.982766309369254,4.156557772274027,8.863957559073242
2026-05-12 17:24:01.189,21.85217956159903,11.47979878641081,5.628632059286247,7.982292465714636,4.158137251122753,8.865221142152222
2026-05-12 17:24:02.215,21.85217956159903,11.464014032924297,5.629184876883301,7.983003231196562,4.157031615928645,8.86719549071313
2026-05-12 17:24:03.242,21.85217956159903,11.448229279437783,5.629658720537918,7.982924257254126,4.158216225065189,8.867985230137492
2026-05-12 17:24:04.270,21.85217956159903,11.462435557575645,5.629184876883301,7.983161179081435,4.157742381410571,8.869564708986218
2026-05-12 17:24:05.298,21.85217956159903,11.481377261759462,5.6300535902501,7.982608361484381,4.157031615928645,8.871618031489561
2026-05-12 17:24:06.325,21.85217956159903,11.468749458970251,5.629658720537918,7.983240153023871,4.156873668043772,8.872723666683669
2026-05-12 17:24:07.351,21.85217956159903,11.452175467809411,5.628790007171119,7.982608361484381,4.158769042662243,8.875408780726502
2026-05-12 17:24:08.378,21.85217956159903,11.4395476650202,5.629105902940864,7.983082205138999,4.156162902561846,8.877462103229846
2026-05-12 17:24:09.405,21.85217956159903,11.463224795249971,5.628474111401374,7.98284528331169,4.156873668043772,8.877462103229846
2026-05-12 17:24:10.433,21.85217956159903,11.460857082226994,5.628711033228683,7.983240153023871,4.1571895638135175,8.88141080035166
2026-05-12 17:24:11.458,21.85217956159903,11.45612165618104,5.6302905120774085,7.983950918505798,4.156952641986209,8.880463113042424
2026-05-12 17:24:12.488,21.85217956159903,11.448229279437783,5.628632059286247,7.983240153023871,4.157110589871081,8.883069253142821
2026-05-12 17:24:13.518,21.85217956159903,11.452964705483737,5.630132564192536,7.982924257254126,4.156873668043772,8.88393796650962
2026-05-12 17:24:14.546,21.85217956159903,11.458489369204017,5.629263850825737,7.982134517829763,4.159005964489552,8.885754367185655
2026-05-12 17:24:15.574,21.859475095427342,11.46164631990132,5.629816668422791,7.982134517829763,4.156952641986209,8.888360507286052
2026-05-12 17:24:16.601,21.85217956159903,11.456910893855365,5.630132564192536,7.982529387541945,4.1557680328496645,8.88883435094067
2026-05-12 17:24:17.630,21.85217956159903,11.480588024085137,5.630527433904717,7.983161179081435,4.1567157201589,8.890334855846959
2026-05-12 17:24:18.675,21.85217956159903,11.47822031106216,5.629658720537918,7.982055543887327,4.15797930323788,8.892467152292738
2026-05-12 17:24:19.706,21.85217956159903,11.452175467809411,5.630211538134972,7.982134517829763,4.155531111022356,8.893335865659537
2026-05-12 17:24:20.734,21.85217956159903,11.449807754786434,5.629816668422791,7.982371439657072,4.156162902561846,8.894915344508263
2026-05-12 17:24:21.762,21.85217956159903,11.438758427345874,5.630369486019845,7.983082205138999,4.158295199007625,8.896099953644807
2026-05-12 17:24:22.788,21.85217956159903,11.462435557575645,5.630211538134972,7.984029892448234,4.156162902561846,8.899732754996876
2026-05-12 17:24:23.817,21.85217956159903,11.443493853391828,5.629895642365227,7.983240153023871,4.1557680328496645,8.901154285960729
2026-05-12 17:24:24.841,21.85217956159903,11.445861566414806,5.630922303616899,7.984345788217979,4.156557772274027,8.90028557259393
2026-05-12 17:24:25.868,21.85217956159903,11.457700131529691,5.630132564192536,7.981660674175146,4.156952641986209,8.9030496605792
2026-05-12 17:24:26.900,21.85217956159903,11.453753943158063,5.6300535902501,7.981581700232709,4.156478798331591,8.905655800679597
2026-05-12 17:24:27.927,21.844884027770718,11.444283091066154,5.629342824768173,7.982766309369254,4.155531111022356,8.906761435873705
2026-05-12 17:24:28.953,21.85217956159903,11.452964705483737,5.630448459962281,7.984424762160415,4.155689058907228,8.907393227413195
2026-05-12 17:24:29.986,21.85217956159903,11.449807754786434,5.630211538134972,7.982924257254126,4.156004954676973,8.909130654146793
2026-05-12 17:24:31.013,21.844884027770718,11.452175467809411,5.630922303616899,7.982371439657072,4.156557772274027,8.911183976650136
2026-05-12 17:24:32.039,21.85217956159903,11.479009548736485,5.631633069098825,7.981660674175146,4.1557680328496645,8.912526533671553
2026-05-12 17:24:33.065,21.85217956159903,11.456910893855365,5.631080251501771,7.983161179081435,4.156478798331591,8.91386909069297
2026-05-12 17:24:34.093,21.85217956159903,11.464803270598622,5.6302905120774085,7.983161179081435,4.156004954676973,8.915685491369004
2026-05-12 17:24:35.120,21.85217956159903,11.444283091066154,5.630843329674462,7.983161179081435,4.1567157201589,8.91726497021773
2026-05-12 17:24:36.145,21.85217956159903,11.444283091066154,5.630922303616899,7.982924257254126,4.155689058907228,8.919002396951328
2026-05-12 17:24:37.169,21.85217956159903,11.449807754786434,5.630843329674462,7.9833191269663075,4.156320850446718,8.922003406763906
2026-05-12 17:24:38.198,21.85217956159903,11.44507232874048,5.630843329674462,7.982766309369254,4.156320850446718,8.923898781382377
2026-05-12 17:24:39.227,21.85217956159903,11.44507232874048,5.6311592254442076,7.9833191269663075,4.156399824389155,8.923503911670196
2026-05-12 17:24:40.254,21.85217956159903,11.43402300129992,5.631238199386644,7.983635022736053,4.155373163137483,8.925162364461357
2026-05-12 17:24:41.283,21.85217956159903,11.45059699246076,5.631633069098825,7.983003231196562,4.156320850446718,8.926031077828156
2026-05-12 17:24:42.345,21.85217956159903,11.468749458970251,5.63194896486857,7.983792970620925,4.155373163137483,8.928321322158808
2026-05-12 17:24:43.377,21.85217956159903,11.440336902694526,5.630922303616899,7.983003231196562,4.158295199007625,8.931796175626005
2026-05-12 17:24:44.406,21.85217956159903,11.444283091066154,5.631633069098825,7.98347707485118,4.156241876504282,8.931085410144078
2026-05-12 17:24:45.433,21.85217956159903,11.46164631990132,5.631633069098825,7.982134517829763,4.157663407468135,8.933454628417167
2026-05-12 17:24:46.460,21.85217956159903,11.460067844552668,5.631554095156389,7.984345788217979,4.155925980734537,8.934165393899093
2026-05-12 17:24:47.488,21.859475095427342,11.444283091066154,5.632185886695879,7.983950918505798,4.155373163137483,8.937956143136034
2026-05-12 17:24:48.517,21.85217956159903,11.446650804089131,5.631396147271516,7.983161179081435,4.1557680328496645,8.93953562198476
2026-05-12 17:24:49.544,21.85217956159903,11.464803270598622,5.631080251501771,7.98410886639067,4.155531111022356,8.939140752272579
2026-05-12 17:24:50.574,21.85217956159903,11.440336902694526,5.6317120430412615,7.982055543887327,4.156399824389155,8.942457657854902
2026-05-12 17:24:51.602,21.85217956159903,11.46164631990132,5.631080251501771,7.982055543887327,4.155294189195047,8.942694579682211
2026-05-12 17:24:52.628,21.85217956159903,11.452964705483737,5.632422808523188,7.983635022736053,4.156399824389155,8.94632738103428
2026-05-12 17:24:53.666,21.85217956159903,11.445861566414806,5.632027938811007,7.982134517829763,4.1557680328496645,8.945379693725044
2026-05-12 17:24:54.694,21.844884027770718,11.445861566414806,5.632422808523188,7.982371439657072,4.1557680328496645,8.948380703537623
2026-05-12 17:24:55.725,21.85217956159903,11.455332418506714,5.632343834580752,7.982924257254126,4.155847006792101,8.949012495077113
2026-05-12 17:24:56.754,21.85217956159903,11.457700131529691,5.631869990926134,7.982766309369254,4.156241876504282,8.950907869695584
2026-05-12 17:24:57.783,21.85217956159903,11.427709099905314,5.632106912753443,7.983082205138999,4.156478798331591,8.953592983738417
2026-05-12 17:24:58.810,21.85217956159903,11.471117171993228,5.632343834580752,7.982687335426817,4.1567157201589,8.953198114026236
2026-05-12 17:24:59.840,21.85217956159903,11.452175467809411,5.632975626120242,7.983635022736053,4.1552152152526105,8.95651501960856
2026-05-12 17:25:00.868,21.844884027770718,11.434812238974246,5.6317120430412615,7.982766309369254,4.155452137079919,8.956751941435869
2026-05-12 17:25:01.896,21.85217956159903,11.45059699246076,5.631554095156389,7.9822134917722,4.156162902561846,8.958094498457285
2026-05-12 17:25:02.922,21.85217956159903,11.464803270598622,5.632264860638315,7.983003231196562,4.157742381410571,8.959200133651393
2026-05-12 17:25:03.949,21.85217956159903,11.455332418506714,5.6331335740051145,7.983161179081435,4.155373163137483,8.962122169521535
2026-05-12 17:25:04.981,21.85217956159903,11.452964705483737,5.632738704292933,7.9818975960024545,4.1567157201589,8.96306985683077
2026-05-12 17:25:06.005,21.85217956159903,11.471117171993228,5.632738704292933,7.98284528331169,4.155373163137483,8.964886257506805
2026-05-12 17:25:07.036,21.844884027770718,11.443493853391828,5.632343834580752,7.983635022736053,4.156557772274027,8.966544710297967
2026-05-12 17:25:08.067,21.85217956159903,11.441915378043177,5.632896652177806,7.9824504135995085,4.1580582771803165,8.968282137031565
2026-05-12 17:25:09.096,21.85217956159903,11.470327934318902,5.631633069098825,7.983240153023871,4.156320850446718,8.968913928571055
2026-05-12 17:25:10.123,21.85217956159903,11.458489369204017,5.632264860638315,7.9824504135995085,4.155925980734537,8.970572381362217
2026-05-12 17:25:11.150,21.85217956159903,11.436390714322897,5.632896652177806,7.9824504135995085,4.155925980734537,8.971914938383634
2026-05-12 17:25:12.175,21.85217956159903,11.434812238974246,5.633212547947551,7.983556048793616,4.156320850446718,8.973573391174796
2026-05-12 17:25:13.202,21.85217956159903,11.464803270598622,5.632975626120242,7.983556048793616,4.157110589871081,8.974915948196212
2026-05-12 17:25:14.229,21.844884027770718,11.452175467809411,5.6325807564080606,7.982055543887327,4.155373163137483,8.976732348872247
2026-05-12 17:25:15.255,21.844884027770718,11.455332418506714,5.632185886695879,7.981818622060018,4.156873668043772,8.978548749548281
2026-05-12 17:25:16.285,21.844884027770718,11.44507232874048,5.633291521889987,7.983792970620925,4.156952641986209,8.980444124166752
2026-05-12 17:25:17.314,21.85217956159903,11.445861566414806,5.632422808523188,7.981739648117582,4.1567157201589,8.982102576957914
2026-05-12 17:25:18.342,21.85217956159903,11.447440041763457,5.633370495832423,7.9822134917722,4.155136241310174,8.982734368497404
2026-05-12 17:25:19.372,21.844884027770718,11.426919862230989,5.633765365544605,7.982766309369254,4.155847006792101,8.986525117734345
2026-05-12 17:25:20.400,21.85217956159903,11.44507232874048,5.632738704292933,7.984029892448234,4.156241876504282,8.986051274079728
2026-05-12 17:25:21.427,21.844884027770718,11.449807754786434,5.632264860638315,7.98347707485118,4.155294189195047,8.987788700813326
2026-05-12 17:25:22.475,21.844884027770718,11.463224795249971,5.633686391602168,7.982134517829763,4.155847006792101,8.990157919086414
2026-05-12 17:25:23.502,21.844884027770718,11.465592508272948,5.633291521889987,7.982055543887327,4.15608392861941,8.990394840913723
2026-05-12 17:25:24.532,21.844884027770718,11.45612165618104,5.633291521889987,7.983161179081435,4.1566367462164635,8.991974319762448
2026-05-12 17:25:25.560,21.85217956159903,11.452175467809411,5.632738704292933,7.982292465714636,4.155925980734537,8.994659433805282
2026-05-12 17:25:26.586,21.85217956159903,11.448229279437783,5.632896652177806,7.982055543887327,4.1567157201589,8.996791730251061
2026-05-12 17:25:27.613,21.85217956159903,11.452964705483737,5.633054600062678,7.982134517829763,4.156004954676973,8.998845052754405
2026-05-12 17:25:28.637,21.85217956159903,11.43402300129992,5.633370495832423,7.9824504135995085,4.158295199007625,9.001135297085057
2026-05-12 17:25:29.665,21.85217956159903,11.446650804089131,5.632975626120242,7.981976569944891,4.155057267367738,9.000582479488003
2026-05-12 17:25:30.696,21.844884027770718,11.45612165618104,5.634160235256786,7.9838719445633615,4.156399824389155,9.00192503650942
2026-05-12 17:25:31.724,21.844884027770718,11.452175467809411,5.633291521889987,7.9822134917722,4.155610084964792,9.003583489300581
2026-05-12 17:25:32.752,21.844884027770718,11.458489369204017,5.633607417659732,7.984187840333107,4.156320850446718,9.00532091603418
2026-05-12 17:25:33.788,21.85217956159903,11.459278606878343,5.633291521889987,7.984345788217979,4.1557680328496645,9.007611160364831
2026-05-12 17:25:34.815,21.85217956159903,11.44507232874048,5.634397157084095,7.9838719445633615,4.156004954676973,9.00871679555894
2026-05-12 17:25:35.844,21.85217956159903,11.471117171993228,5.633291521889987,7.98347707485118,4.155689058907228,9.010296274407665
2026-05-12 17:25:36.871,21.844884027770718,11.467960221295925,5.6345551049689675,7.983713996678489,4.156241876504282,9.011007039889591
2026-05-12 17:25:37.897,21.844884027770718,11.45059699246076,5.633607417659732,7.983556048793616,4.156794694101336,9.012665492680753
2026-05-12 17:25:38.926,21.844884027770718,11.443493853391828,5.635265870450894,7.9824504135995085,4.155610084964792,9.015113684896278
2026-05-12 17:25:39.951,21.844884027770718,11.457700131529691,5.634871000738713,7.981502726290273,4.156399824389155,9.01614034614795
2026-05-12 17:25:40.978,21.85217956159903,11.42849833757964,5.634949974681149,7.983950918505798,4.157505459583263,9.018430590478602
2026-05-12 17:25:42.004,21.85217956159903,11.467960221295925,5.635265870450894,7.984187840333107,4.155689058907228,9.019773147500018
2026-05-12 17:25:43.030,21.85217956159903,11.449018517112108,5.6340022873719136,7.982055543887327,4.156004954676973,9.021826470003361
2026-05-12 17:25:44.057,21.85217956159903,11.437969189671549,5.634634078911404,7.983003231196562,4.156952641986209,9.023405948852087
2026-05-12 17:25:45.086,21.844884027770718,11.458489369204017,5.633765365544605,7.984582710045288,4.1571895638135175,9.026406958664666
2026-05-12 17:25:46.114,21.844884027770718,11.462435557575645,5.634160235256786,7.9824504135995085,4.156162902561846,9.025222349528121
2026-05-12 17:25:47.142,21.844884027770718,11.452175467809411,5.634871000738713,7.98410886639067,4.15608392861941,9.026880802319283
2026-05-12 17:25:48.169,21.85217956159903,11.452964705483737,5.634160235256786,7.983240153023871,4.156004954676973,9.028381307225573
2026-05-12 17:25:49.197,21.844884027770718,11.476641835713508,5.6345551049689675,7.983240153023871,4.15608392861941,9.030829499441097
2026-05-12 17:25:50.224,21.844884027770718,11.453753943158063,5.634239209199222,7.98284528331169,4.1586110947773705,9.032566926174695
2026-05-12 17:25:51.251,21.85217956159903,11.446650804089131,5.63534484439333,7.982529387541945,4.156557772274027,9.033988457138548
2026-05-12 17:25:52.279,21.85217956159903,11.458489369204017,5.635028948623585,7.983240153023871,4.1580582771803165,9.036831519066254
2026-05-12 17:25:53.306,21.844884027770718,11.451386230135085,5.634318183141659,7.9833191269663075,4.157821355353008,9.038726893684725
2026-05-12 17:25:54.332,21.844884027770718,11.449807754786434,5.636292531702566,7.9838719445633615,4.1567157201589,9.037858180317926
2026-05-12 17:25:55.358,21.844884027770718,11.43402300129992,5.63471305285384,7.9824504135995085,4.155136241310174,9.040069450706142
2026-05-12 17:25:56.388,21.85217956159903,11.437969189671549,5.634239209199222,7.982766309369254,4.156399824389155,9.042596616864103
2026-05-12 17:25:57.417,21.844884027770718,11.45612165618104,5.634476131026531,7.98410886639067,4.15734751169839,9.044018147827956
2026-05-12 17:25:58.447,21.837588493942405,11.455332418506714,5.635028948623585,7.983713996678489,4.156399824389155,9.045281730906936
2026-05-12 17:25:59.477,21.844884027770718,11.449018517112108,5.6345551049689675,7.983713996678489,4.155689058907228,9.047177105525407
2026-05-12 17:26:00.507,21.844884027770718,11.452964705483737,5.635660740163075,7.983556048793616,4.15608392861941,9.048756584374132
2026-05-12 17:26:01.535,21.844884027770718,11.441126140368851,5.636134583817693,7.982608361484381,4.156320850446718,9.049467349856059
2026-05-12 17:26:02.565,21.85217956159903,11.467960221295925,5.63534484439333,7.981739648117582,4.157031615928645,9.052152463898892
2026-05-12 17:26:03.590,21.844884027770718,11.471906409667554,5.636213557760129,7.982371439657072,4.158532120834934,9.053495020920309
2026-05-12 17:26:04.619,21.844884027770718,11.460067844552668,5.636213557760129,7.982371439657072,4.155531111022356,9.053810916690054
2026-05-12 17:26:05.654,21.844884027770718,11.476641835713508,5.636292531702566,7.983713996678489,4.156478798331591,9.054995525826598
2026-05-12 17:26:06.682,21.844884027770718,11.449018517112108,5.635739714105512,7.9822134917722,4.156004954676973,9.056732952560196
2026-05-12 17:26:07.709,21.85217956159903,11.4671709836216,5.635660740163075,7.982687335426817,4.157663407468135,9.059576014487902
2026-05-12 17:26:08.738,21.844884027770718,11.473484885016205,5.635818688047948,7.984266814275543,4.155294189195047,9.059576014487902
2026-05-12 17:26:09.765,21.85217956159903,11.467960221295925,5.636292531702566,7.9822134917722,4.156399824389155,9.061471389106373
2026-05-12 17:26:10.791,21.844884027770718,11.458489369204017,5.636055609875257,7.982371439657072,4.155531111022356,9.06281394612779
2026-05-12 17:26:11.820,21.85217956159903,11.46164631990132,5.636055609875257,7.982687335426817,4.156241876504282,9.064156503149206
2026-05-12 17:26:12.846,21.85217956159903,11.479009548736485,5.6359766359328205,7.982924257254126,4.155689058907228,9.066367773537422
2026-05-12 17:26:13.875,21.85217956159903,11.451386230135085,5.6354238183357666,7.984266814275543,4.15797930323788,9.067631356616403
2026-05-12 17:26:14.918,21.844884027770718,11.464014032924297,5.636292531702566,7.982608361484381,4.155294189195047,9.06960570517731
2026-05-12 17:26:15.947,21.844884027770718,11.457700131529691,5.6365294535298744,7.981818622060018,4.155847006792101,9.072053897392834
2026-05-12 17:26:16.973,21.85217956159903,11.470327934318902,5.635818688047948,7.983713996678489,4.156794694101336,9.073396454414251
2026-05-12 17:26:18.001,21.85217956159903,11.456910893855365,5.635818688047948,7.98284528331169,4.155373163137483,9.073712350183996
2026-05-12 17:26:19.029,21.844884027770718,11.449807754786434,5.636055609875257,7.983635022736053,4.155373163137483,9.07552875086003
2026-05-12 17:26:20.063,21.844884027770718,11.457700131529691,5.636687401414747,7.982766309369254,4.157742381410571,9.077740021248246
2026-05-12 17:26:21.092,21.844884027770718,11.459278606878343,5.636766375357183,7.9838719445633615,4.156478798331591,9.079082578269663
2026-05-12 17:26:22.119,21.844884027770718,11.467960221295925,5.635897661990384,7.982687335426817,4.156320850446718,9.080583083175952
2026-05-12 17:26:23.148,21.85217956159903,11.470327934318902,5.635739714105512,7.982924257254126,4.157505459583263,9.08295230144904
2026-05-12 17:26:24.175,21.844884027770718,11.443493853391828,5.636608427472311,7.981423752347837,4.156873668043772,9.082873327506604
2026-05-12 17:26:25.202,21.85217956159903,11.467960221295925,5.636213557760129,7.9824504135995085,4.156320850446718,9.08658510280111
2026-05-12 17:26:26.229,21.844884027770718,11.459278606878343,5.636134583817693,7.9833191269663075,4.156478798331591,9.086822024628418
2026-05-12 17:26:27.253,21.844884027770718,11.449018517112108,5.636134583817693,7.983398100908744,4.157900329295444,9.08848047741958
2026-05-12 17:26:28.284,21.85217956159903,11.471906409667554,5.637319192954237,7.9833191269663075,4.155847006792101,9.091718409059467
2026-05-12 17:26:29.311,21.85217956159903,11.451386230135085,5.636292531702566,7.983240153023871,4.155925980734537,9.091639435117031
2026-05-12 17:26:30.339,21.844884027770718,11.448229279437783,5.63684534929962,7.983082205138999,4.156952641986209,9.093850705505247
2026-05-12 17:26:31.370,21.844884027770718,11.457700131529691,5.63684534929962,7.983950918505798,4.155610084964792,9.094798392814482
2026-05-12 17:26:32.403,21.844884027770718,11.464014032924297,5.638187906321036,7.9818975960024545,4.1552152152526105,9.096219923778335
2026-05-12 17:26:33.433,21.85217956159903,11.470327934318902,5.636766375357183,7.98284528331169,4.156557772274027,9.09779940262706
2026-05-12 17:26:34.462,21.844884027770718,11.482166499433788,5.636608427472311,7.983556048793616,4.158137251122753,9.09993169907284
2026-05-12 17:26:35.490,21.85217956159903,11.460857082226994,5.636450479587438,7.983240153023871,4.156952641986209,9.102774761000546
2026-05-12 17:26:36.515,21.844884027770718,11.444283091066154,5.636608427472311,7.983556048793616,4.156241876504282,9.1033275785976
2026-05-12 17:26:37.554,21.844884027770718,11.462435557575645,5.637240219011801,7.9824504135995085,4.158453146892498,9.103801422252218
2026-05-12 17:26:38.582,21.85217956159903,11.452964705483737,5.63747714083911,7.983240153023871,4.1580582771803165,9.106565510237488
2026-05-12 17:26:39.610,21.844884027770718,11.479009548736485,5.637556114781546,7.98410886639067,4.156241876504282,9.108381910913522
2026-05-12 17:26:40.637,21.844884027770718,11.43402300129992,5.636687401414747,7.983082205138999,4.155689058907228,9.109171650337885
2026-05-12 17:26:41.663,21.85217956159903,11.456910893855365,5.637793036608855,7.982529387541945,4.1580582771803165,9.110356259474429
2026-05-12 17:26:42.695,21.85217956159903,11.443493853391828,5.637161245069365,7.983713996678489,4.155057267367738,9.112567529862645
2026-05-12 17:26:43.722,21.85217956159903,11.4671709836216,5.638582776033218,7.982371439657072,4.15608392861941,9.113436243229444
2026-05-12 17:26:44.764,21.844884027770718,11.451386230135085,5.638345854205909,7.983950918505798,4.1552152152526105,9.116358279099586
2026-05-12 17:26:45.792,21.844884027770718,11.447440041763457,5.6373981668966735,7.982766309369254,4.155373163137483,9.11691109669664
2026-05-12 17:26:46.816,21.844884027770718,11.451386230135085,5.638266880263473,7.983792970620925,4.156162902561846,9.1203069762214
2026-05-12 17:26:47.847,21.844884027770718,11.4395476650202,5.637082271126928,7.983240153023871,4.155925980734537,9.120543898048709
2026-05-12 17:26:48.875,21.85217956159903,11.468749458970251,5.637872010551291,7.982687335426817,4.155294189195047,9.122281324782307
2026-05-12 17:26:49.908,21.85217956159903,11.45612165618104,5.638266880263473,7.983082205138999,4.156004954676973,9.123544907861287
2026-05-12 17:26:50.939,21.85217956159903,11.456910893855365,5.637793036608855,7.983713996678489,4.1552152152526105,9.126308995846557