RealTimestamp,type K thermocouple_Voltage (mV)
2025-11-05 10:51:24.234,19.68234593567786
2025-11-05 10:51:25.268,19.68787059939814
2025-11-05 10:51:26.303,19.684713648700836
2025-11-05 10:51:27.333,19.737592572880658
2025-11-05 10:51:28.363,19.716283155673864
2025-11-05 10:51:29.389,19.758112752413126
2025-11-05 10:51:30.417,19.73364638450903
2025-11-05 10:51:31.449,19.734435622183355
2025-11-05 10:51:32.476,19.732067909160378
2025-11-05 10:51:33.505,19.677610509631904
2025-11-05 10:51:34.535,19.72259705706847
2025-11-05 10:51:35.562,19.69497373846707
2025-11-05 10:51:36.595,19.72417553241712
2025-11-05 10:51:37.626,19.74627418729824
2025-11-05 10:51:38.656,19.723386294742795
2025-11-05 10:51:39.692,19.723386294742795
2025-11-05 10:51:40.722,19.715493917999538
2025-11-05 10:51:41.752,19.73364638450903
2025-11-05 10:51:42.784,19.741538761252286
2025-11-05 10:51:43.813,19.76126970311043
2025-11-05 10:51:44.844,19.669718132888647
2025-11-05 10:51:45.874,19.726543245440098
2025-11-05 10:51:46.906,19.732067909160378
2025-11-05 10:51:47.934,19.694184500792744
2025-11-05 10:51:48.964,19.738381810554984
2025-11-05 10:51:49.994,19.705233828233304
2025-11-05 10:51:51.022,19.73364638450903
2025-11-05 10:51:52.050,19.734435622183355
2025-11-05 10:51:53.081,19.721018581719818
2025-11-05 10:51:54.107,19.74469571194959
2025-11-05 10:51:55.137,19.71865086869684
2025-11-05 10:51:56.165,19.719440106371167
2025-11-05 10:51:57.195,19.748641900321218
2025-11-05 10:51:58.225,19.68392441102651
2025-11-05 10:51:59.255,19.749431137995543
2025-11-05 10:52:00.280,19.725754007765772
2025-11-05 10:52:01.314,19.751009613344195
2025-11-05 10:52:02.338,19.728910958463075
2025-11-05 10:52:03.368,19.736803335206332
2025-11-05 10:52:04.399,19.725754007765772
2025-11-05 10:52:05.428,19.72812172078875
2025-11-05 10:52:06.459,19.727332483114424
2025-11-05 10:52:07.492,19.728910958463075
2025-11-05 10:52:08.522,19.719440106371167
2025-11-05 10:52:09.552,19.724964770091447
2025-11-05 10:52:10.580,19.736014097532006
2025-11-05 10:52:11.609,19.72259705706847
2025-11-05 10:52:12.638,19.74074952357796
2025-11-05 10:52:13.667,19.68787059939814
2025-11-05 10:52:14.694,19.686292124049487
2025-11-05 10:52:15.723,19.741538761252286
2025-11-05 10:52:16.754,19.7297001961374
2025-11-05 10:52:17.781,19.728910958463075
2025-11-05 10:52:18.811,19.753377326367172
2025-11-05 10:52:19.840,19.721018581719818
2025-11-05 10:52:20.871,19.743117236600938
2025-11-05 10:52:21.901,19.716283155673864
2025-11-05 10:52:22.931,19.7297001961374
2025-11-05 10:52:23.960,19.73364638450903
2025-11-05 10:52:24.989,19.723386294742795
2025-11-05 10:52:26.016,19.72812172078875
2025-11-05 10:52:27.044,19.681556698003533
2025-11-05 10:52:28.072,19.743906474275263
2025-11-05 10:52:29.104,19.705233828233304
2025-11-05 10:52:30.133,19.724964770091447
2025-11-05 10:52:31.161,19.74074952357796
2025-11-05 10:52:32.190,19.727332483114424
2025-11-05 10:52:33.220,19.728910958463075
2025-11-05 10:52:34.248,19.712336967302235
2025-11-05 10:52:35.278,19.72259705706847
2025-11-05 10:52:36.305,19.70444459055898
2025-11-05 10:52:37.329,19.719440106371167
2025-11-05 10:52:38.355,19.721807819394144
2025-11-05 10:52:39.382,19.73522485985768
2025-11-05 10:52:40.411,19.716283155673864
2025-11-05 10:52:41.439,19.7297001961374
2025-11-05 10:52:42.466,19.727332483114424
2025-11-05 10:52:43.495,19.753377326367172
2025-11-05 10:52:44.521,19.73917104822931
2025-11-05 10:52:45.548,19.72259705706847
2025-11-05 10:52:46.576,19.741538761252286
2025-11-05 10:52:47.603,19.734435622183355
2025-11-05 10:52:48.633,19.726543245440098
2025-11-05 10:52:49.660,19.728910958463075
2025-11-05 10:52:50.687,19.73364638450903
2025-11-05 10:52:51.714,19.68787059939814
2025-11-05 10:52:52.743,19.724964770091447
2025-11-05 10:52:53.772,19.728910958463075
2025-11-05 10:52:54.798,19.730489433811726
2025-11-05 10:52:55.829,19.736803335206332
2025-11-05 10:52:56.860,19.70444459055898
2025-11-05 10:52:57.892,19.706812303581955
2025-11-05 10:52:58.922,19.721018581719818
2025-11-05 10:52:59.959,19.72812172078875
2025-11-05 10:53:00.987,19.70444459055898
2025-11-05 10:53:02.017,19.725754007765772
2025-11-05 10:53:03.047,19.738381810554984
2025-11-05 10:53:04.076,19.738381810554984
2025-11-05 10:53:05.105,19.719440106371167
2025-11-05 10:53:06.135,19.716283155673864
2025-11-05 10:53:07.163,19.734435622183355
2025-11-05 10:53:08.191,19.728910958463075
2025-11-05 10:53:09.221,19.727332483114424
2025-11-05 10:53:10.248,19.739960285903635
2025-11-05 10:53:11.276,19.736803335206332
2025-11-05 10:53:12.302,19.724964770091447
2025-11-05 10:53:13.337,19.754166564041498
2025-11-05 10:53:14.367,19.7297001961374
2025-11-05 10:53:15.397,19.702866115210327
2025-11-05 10:53:16.421,19.72259705706847
2025-11-05 10:53:17.447,19.736014097532006
2025-11-05 10:53:18.477,19.709969254279258
2025-11-05 10:53:19.508,19.725754007765772
2025-11-05 10:53:20.537,19.68944907474679
2025-11-05 10:53:21.566,19.73364638450903
2025-11-05 10:53:22.599,19.737592572880658
2025-11-05 10:53:23.623,19.71154772962791
2025-11-05 10:53:24.649,19.7297001961374
2025-11-05 10:53:25.673,19.730489433811726
2025-11-05 10:53:26.697,19.736014097532006
2025-11-05 10:53:27.722,19.68550288637516
2025-11-05 10:53:28.746,19.736803335206332
2025-11-05 10:53:29.770,19.691816787769767
2025-11-05 10:53:30.797,19.72812172078875
2025-11-05 10:53:31.824,19.736014097532006
2025-11-05 10:53:32.851,19.736803335206332
2025-11-05 10:53:33.876,19.738381810554984
2025-11-05 10:53:34.904,19.73917104822931
2025-11-05 10:53:35.929,19.767583604505035
2025-11-05 10:53:36.955,19.724964770091447
2025-11-05 10:53:37.980,19.723386294742795
2025-11-05 10:53:39.004,19.732857146834704
2025-11-05 10:53:40.031,19.739960285903635
2025-11-05 10:53:41.057,19.742327998926612
2025-11-05 10:53:42.083,19.731278671486052
2025-11-05 10:53:43.108,19.753377326367172
2025-11-05 10:53:44.132,19.736803335206332
2025-11-05 10:53:45.159,19.743117236600938
2025-11-05 10:53:46.190,19.734435622183355
2025-11-05 10:53:47.223,19.74469571194959
2025-11-05 10:53:48.256,19.7297001961374
2025-11-05 10:53:49.289,19.737592572880658
2025-11-05 10:53:50.323,19.727332483114424
2025-11-05 10:53:51.356,19.736014097532006
2025-11-05 10:53:52.385,19.75574503939015
2025-11-05 10:53:53.415,19.731278671486052
2025-11-05 10:53:54.447,19.742327998926612
2025-11-05 10:53:55.478,19.727332483114424
2025-11-05 10:53:56.506,19.72417553241712
2025-11-05 10:53:57.536,19.72259705706847
2025-11-05 10:53:58.568,19.73917104822931
2025-11-05 10:53:59.601,19.737592572880658
2025-11-05 10:54:00.632,19.7573235147388
2025-11-05 10:54:01.661,19.737592572880658
2025-11-05 10:54:02.694,19.697341451490047
2025-11-05 10:54:03.726,19.75179885101852
2025-11-05 10:54:04.758,19.7297001961374
2025-11-05 10:54:05.788,19.73364638450903
2025-11-05 10:54:06.812,19.75574503939015
2025-11-05 10:54:07.841,19.734435622183355
2025-11-05 10:54:08.869,19.734435622183355
2025-11-05 10:54:09.899,19.724964770091447
2025-11-05 10:54:10.932,19.7573235147388
2025-11-05 10:54:11.964,19.74074952357796
2025-11-05 10:54:12.994,19.736803335206332
2025-11-05 10:54:14.025,19.721807819394144
2025-11-05 10:54:15.058,19.737592572880658
2025-11-05 10:54:16.087,19.741538761252286
2025-11-05 10:54:17.115,19.737592572880658
2025-11-05 10:54:18.152,19.760480465436103
2025-11-05 10:54:19.181,19.73917104822931
2025-11-05 10:54:20.214,19.739960285903635
2025-11-05 10:54:21.246,19.738381810554984
2025-11-05 10:54:22.280,19.763637416133406
2025-11-05 10:54:23.311,19.737592572880658
2025-11-05 10:54:24.340,19.736014097532006
2025-11-05 10:54:25.374,19.736803335206332
2025-11-05 10:54:26.406,19.720229344045492
2025-11-05 10:54:27.432,19.76995131752801
2025-11-05 10:54:28.459,19.73917104822931
2025-11-05 10:54:29.486,19.728910958463075
2025-11-05 10:54:30.515,19.719440106371167
2025-11-05 10:54:31.547,19.752588088692846
2025-11-05 10:54:32.577,19.734435622183355
2025-11-05 10:54:33.610,19.763637416133406
2025-11-05 10:54:34.642,19.7573235147388
2025-11-05 10:54:35.675,19.749431137995543
2025-11-05 10:54:36.707,19.731278671486052
2025-11-05 10:54:37.744,19.734435622183355
2025-11-05 10:54:38.771,19.748641900321218
2025-11-05 10:54:39.804,19.743906474275263
2025-11-05 10:54:40.836,19.736803335206332
2025-11-05 10:54:41.862,19.765215891482057
2025-11-05 10:54:42.894,19.730489433811726
2025-11-05 10:54:43.927,19.736014097532006
2025-11-05 10:54:44.955,19.68392441102651
2025-11-05 10:54:45.989,19.724964770091447
2025-11-05 10:54:47.024,19.742327998926612
2025-11-05 10:54:48.057,19.736803335206332
2025-11-05 10:54:49.089,19.73522485985768
2025-11-05 10:54:50.124,19.738381810554984
2025-11-05 10:54:51.155,19.738381810554984
2025-11-05 10:54:52.189,19.745484949623915
2025-11-05 10:54:53.222,19.726543245440098
2025-11-05 10:54:54.256,19.741538761252286
2025-11-05 10:54:55.287,19.758112752413126
2025-11-05 10:54:56.324,19.74074952357796
2025-11-05 10:54:57.356,19.731278671486052
2025-11-05 10:54:58.389,19.758901990087452
2025-11-05 10:54:59.422,19.736803335206332
2025-11-05 10:55:00.456,19.739960285903635
2025-11-05 10:55:01.481,19.739960285903635
2025-11-05 10:55:02.513,19.751009613344195
2025-11-05 10:55:03.542,19.6989199268387
2025-11-05 10:55:04.573,19.762058940784755
2025-11-05 10:55:05.604,19.732067909160378
2025-11-05 10:55:06.632,19.709180016604932
2025-11-05 10:55:07.664,19.754166564041498
2025-11-05 10:55:08.692,19.74074952357796
2025-11-05 10:55:09.725,19.74074952357796
2025-11-05 10:55:10.757,19.749431137995543
2025-11-05 10:55:11.789,19.697341451490047
2025-11-05 10:55:12.824,19.747852662646892
2025-11-05 10:55:13.857,19.74074952357796
2025-11-05 10:55:14.891,19.747063424972566
2025-11-05 10:55:15.924,19.7573235147388
2025-11-05 10:55:16.954,19.743117236600938
2025-11-05 10:55:17.986,19.710758491953584
2025-11-05 10:55:19.018,19.762058940784755
2025-11-05 10:55:20.050,19.74074952357796
2025-11-05 10:55:21.082,19.737592572880658
2025-11-05 10:55:22.113,19.731278671486052
2025-11-05 10:55:23.146,19.732067909160378
2025-11-05 10:55:24.175,19.743117236600938
2025-11-05 10:55:25.208,19.738381810554984
2025-11-05 10:55:26.239,19.753377326367172
2025-11-05 10:55:27.272,19.739960285903635
2025-11-05 10:55:28.301,19.726543245440098
2025-11-05 10:55:29.335,19.743906474275263
2025-11-05 10:55:30.366,19.743117236600938
2025-11-05 10:55:31.401,19.760480465436103
2025-11-05 10:55:32.429,19.738381810554984
2025-11-05 10:55:33.458,19.712336967302235
2025-11-05 10:55:34.498,19.71312620497656
2025-11-05 10:55:35.527,19.727332483114424
2025-11-05 10:55:36.559,19.749431137995543
2025-11-05 10:55:37.591,19.754166564041498
2025-11-05 10:55:38.624,19.742327998926612
2025-11-05 10:55:39.663,19.760480465436103
2025-11-05 10:55:40.693,19.747852662646892
2025-11-05 10:55:41.726,19.741538761252286
2025-11-05 10:55:42.759,19.72812172078875
2025-11-05 10:55:43.790,19.73364638450903
2025-11-05 10:55:44.815,19.73917104822931
2025-11-05 10:55:45.848,19.738381810554984
2025-11-05 10:55:46.880,19.713915442650887
2025-11-05 10:55:47.910,19.732067909160378
2025-11-05 10:55:48.942,19.739960285903635
2025-11-05 10:55:49.973,19.749431137995543
2025-11-05 10:55:51.002,19.732067909160378
2025-11-05 10:55:52.032,19.749431137995543
2025-11-05 10:55:53.060,19.731278671486052
2025-11-05 10:55:54.093,19.738381810554984
2025-11-05 10:55:55.126,19.734435622183355
2025-11-05 10:55:56.161,19.75179885101852
2025-11-05 10:55:57.190,19.738381810554984
2025-11-05 10:55:58.220,19.73917104822931
2025-11-05 10:55:59.254,19.745484949623915
2025-11-05 10:56:00.286,19.728910958463075
2025-11-05 10:56:01.321,19.741538761252286
2025-11-05 10:56:02.353,19.747852662646892
2025-11-05 10:56:03.384,19.732857146834704
2025-11-05 10:56:04.418,19.721807819394144
2025-11-05 10:56:05.452,19.6989199268387
2025-11-05 10:56:06.476,19.697341451490047
2025-11-05 10:56:07.501,19.762058940784755
2025-11-05 10:56:08.533,19.73522485985768
2025-11-05 10:56:09.562,19.742327998926612
2025-11-05 10:56:10.596,19.74469571194959
2025-11-05 10:56:11.625,19.691816787769767
2025-11-05 10:56:12.656,19.742327998926612
2025-11-05 10:56:13.685,19.74627418729824
2025-11-05 10:56:14.720,19.75022037566987
2025-11-05 10:56:15.753,19.743117236600938
2025-11-05 10:56:16.787,19.73917104822931
2025-11-05 10:56:17.821,19.758901990087452
2025-11-05 10:56:18.855,19.70444459055898
2025-11-05 10:56:19.884,19.739960285903635
2025-11-05 10:56:20.917,19.747063424972566
2025-11-05 10:56:21.951,19.730489433811726
2025-11-05 10:56:22.977,19.751009613344195
2025-11-05 10:56:24.015,19.736014097532006
2025-11-05 10:56:25.044,19.7297001961374
2025-11-05 10:56:26.074,19.738381810554984
2025-11-05 10:56:27.103,19.741538761252286
2025-11-05 10:56:28.131,19.753377326367172
2025-11-05 10:56:29.161,19.773108268225315
2025-11-05 10:56:30.190,19.74074952357796
2025-11-05 10:56:31.219,19.741538761252286
2025-11-05 10:56:32.251,19.747063424972566
2025-11-05 10:56:33.281,19.73522485985768
2025-11-05 10:56:34.311,19.749431137995543
2025-11-05 10:56:35.344,19.7297001961374
2025-11-05 10:56:36.378,19.754166564041498
2025-11-05 10:56:37.413,19.745484949623915
2025-11-05 10:56:38.447,19.747063424972566
2025-11-05 10:56:39.480,19.73917104822931
2025-11-05 10:56:40.511,19.767583604505035
2025-11-05 10:56:41.541,19.703655352884653
2025-11-05 10:56:42.574,19.726543245440098
2025-11-05 10:56:43.609,19.747852662646892
2025-11-05 10:56:44.638,19.714704680325212
2025-11-05 10:56:45.663,19.745484949623915
2025-11-05 10:56:46.687,19.745484949623915
2025-11-05 10:56:47.713,19.762058940784755
2025-11-05 10:56:48.738,19.74469571194959
2025-11-05 10:56:49.763,19.70602306590763
2025-11-05 10:56:50.788,19.71154772962791
2025-11-05 10:56:51.814,19.74074952357796
2025-11-05 10:56:52.839,19.736014097532006
2025-11-05 10:56:53.864,19.74074952357796
2025-11-05 10:56:54.889,19.712336967302235
2025-11-05 10:56:55.915,19.73917104822931
2025-11-05 10:56:56.942,19.712336967302235
2025-11-05 10:56:57.970,19.74469571194959
2025-11-05 10:56:58.998,19.741538761252286
2025-11-05 10:57:00.023,19.747063424972566
2025-11-05 10:57:01.048,19.74469571194959
2025-11-05 10:57:02.072,19.6989199268387
2025-11-05 10:57:03.099,19.736803335206332
2025-11-05 10:57:04.127,19.69655221381572
2025-11-05 10:57:05.154,19.74074952357796
2025-11-05 10:57:06.178,19.731278671486052
2025-11-05 10:57:07.205,19.751009613344195
2025-11-05 10:57:08.235,19.725754007765772
2025-11-05 10:57:09.268,19.727332483114424
2025-11-05 10:57:10.299,19.76284817845908
2025-11-05 10:57:11.331,19.716283155673864
2025-11-05 10:57:12.362,19.726543245440098
2025-11-05 10:57:13.391,19.736014097532006
2025-11-05 10:57:14.419,19.723386294742795
2025-11-05 10:57:15.450,19.7573235147388
2025-11-05 10:57:16.480,19.736803335206332
2025-11-05 10:57:17.507,19.753377326367172
2025-11-05 10:57:18.536,19.72259705706847
2025-11-05 10:57:19.565,19.736803335206332
2025-11-05 10:57:20.594,19.73364638450903
2025-11-05 10:57:21.620,19.730489433811726
2025-11-05 10:57:22.646,19.73917104822931
2025-11-05 10:57:23.679,19.74627418729824
2025-11-05 10:57:24.706,19.734435622183355
2025-11-05 10:57:25.734,19.73364638450903
2025-11-05 10:57:26.760,19.738381810554984
2025-11-05 10:57:27.787,19.717861631022515
2025-11-05 10:57:28.811,19.737592572880658
2025-11-05 10:57:29.839,19.759691227761778
2025-11-05 10:57:30.869,19.742327998926612
2025-11-05 10:57:31.898,19.738381810554984
2025-11-05 10:57:32.929,19.72417553241712
2025-11-05 10:57:33.960,19.73364638450903
2025-11-05 10:57:34.989,19.73917104822931
2025-11-05 10:57:36.017,19.728910958463075
2025-11-05 10:57:37.045,19.749431137995543
2025-11-05 10:57:38.071,19.741538761252286
2025-11-05 10:57:39.098,19.731278671486052
2025-11-05 10:57:40.128,19.701287639861675
2025-11-05 10:57:41.160,19.739960285903635
2025-11-05 10:57:42.190,19.742327998926612
2025-11-05 10:57:43.219,19.728910958463075
2025-11-05 10:57:44.248,19.695762976141395
2025-11-05 10:57:45.272,19.742327998926612
2025-11-05 10:57:46.297,19.732067909160378
2025-11-05 10:57:47.327,19.7573235147388
2025-11-05 10:57:48.353,19.747063424972566
2025-11-05 10:57:49.381,19.75574503939015
2025-11-05 10:57:50.411,19.72417553241712
2025-11-05 10:57:51.438,19.716283155673864
2025-11-05 10:57:52.466,19.743906474275263
2025-11-05 10:57:53.494,19.73522485985768
2025-11-05 10:57:54.520,19.74469571194959
2025-11-05 10:57:55.547,19.70049840218735
2025-11-05 10:57:56.578,19.74627418729824
2025-11-05 10:57:57.609,19.71707239334819
2025-11-05 10:57:58.636,19.69655221381572
2025-11-05 10:57:59.663,19.75022037566987
2025-11-05 10:58:00.692,19.753377326367172
2025-11-05 10:58:01.727,19.76126970311043
2025-11-05 10:58:02.760,19.748641900321218
2025-11-05 10:58:03.790,19.726543245440098
2025-11-05 10:58:04.819,19.734435622183355
2025-11-05 10:58:05.846,19.73364638450903
2025-11-05 10:58:06.879,19.703655352884653
2025-11-05 10:58:07.906,19.74074952357796
2025-11-05 10:58:08.935,19.737592572880658
2025-11-05 10:58:09.967,19.736803335206332
2025-11-05 10:58:10.997,19.732857146834704
2025-11-05 10:58:12.024,19.732857146834704
2025-11-05 10:58:13.057,19.730489433811726
2025-11-05 10:58:14.089,19.756534277064475
2025-11-05 10:58:15.119,19.734435622183355
2025-11-05 10:58:16.152,19.745484949623915
2025-11-05 10:58:17.179,19.753377326367172
2025-11-05 10:58:18.210,19.74469571194959
2025-11-05 10:58:19.238,19.694184500792744
2025-11-05 10:58:20.272,19.720229344045492
2025-11-05 10:58:21.306,19.688659837072464
2025-11-05 10:58:22.336,19.7573235147388
2025-11-05 10:58:23.361,19.758112752413126
2025-11-05 10:58:24.394,19.7297001961374
2025-11-05 10:58:25.423,19.736014097532006
2025-11-05 10:58:26.456,19.739960285903635
2025-11-05 10:58:27.487,19.690238312421116
2025-11-05 10:58:28.524,19.701287639861675
2025-11-05 10:58:29.551,19.73364638450903
2025-11-05 10:58:30.578,19.743906474275263
2025-11-05 10:58:31.607,19.76126970311043
2025-11-05 10:58:32.634,19.747852662646892
2025-11-05 10:58:33.664,19.74074952357796
2025-11-05 10:58:34.692,19.73522485985768
2025-11-05 10:58:35.720,19.74074952357796
2025-11-05 10:58:36.748,19.737592572880658
2025-11-05 10:58:37.781,19.771529792876663
2025-11-05 10:58:38.813,19.738381810554984
2025-11-05 10:58:39.845,19.736803335206332
2025-11-05 10:58:40.877,19.760480465436103
2025-11-05 10:58:41.909,19.731278671486052
2025-11-05 10:58:42.941,19.75022037566987
2025-11-05 10:58:43.969,19.726543245440098
2025-11-05 10:58:45.001,19.760480465436103
2025-11-05 10:58:46.030,19.72417553241712
2025-11-05 10:58:47.059,19.71865086869684
2025-11-05 10:58:48.090,19.73522485985768
2025-11-05 10:58:49.116,19.736803335206332
2025-11-05 10:58:50.150,19.751009613344195
2025-11-05 10:58:51.182,19.731278671486052
2025-11-05 10:58:52.213,19.74469571194959
2025-11-05 10:58:53.245,19.773108268225315
2025-11-05 10:58:54.279,19.738381810554984
2025-11-05 10:58:55.309,19.77547598124829
2025-11-05 10:58:56.343,19.771529792876663
2025-11-05 10:58:57.372,19.723386294742795
2025-11-05 10:58:58.400,19.749431137995543
2025-11-05 10:58:59.433,19.75022037566987
2025-11-05 10:59:00.461,19.743117236600938
2025-11-05 10:59:01.493,19.723386294742795
2025-11-05 10:59:02.530,19.737592572880658
2025-11-05 10:59:03.562,19.763637416133406
2025-11-05 10:59:04.593,19.728910958463075
2025-11-05 10:59:05.624,19.754166564041498
2025-11-05 10:59:06.653,19.728910958463075
2025-11-05 10:59:07.682,19.753377326367172
2025-11-05 10:59:08.709,19.737592572880658
2025-11-05 10:59:09.738,19.738381810554984
2025-11-05 10:59:10.765,19.686292124049487
2025-11-05 10:59:11.796,19.76679436683071
2025-11-05 10:59:12.820,19.737592572880658
2025-11-05 10:59:13.853,19.747852662646892
2025-11-05 10:59:14.886,19.74627418729824
2025-11-05 10:59:15.917,19.736014097532006
2025-11-05 10:59:16.947,19.74074952357796
2025-11-05 10:59:17.977,19.743906474275263
2025-11-05 10:59:19.009,19.741538761252286
2025-11-05 10:59:20.040,19.712336967302235
2025-11-05 10:59:21.072,19.748641900321218
2025-11-05 10:59:22.104,19.745484949623915
2025-11-05 10:59:23.142,19.74074952357796
2025-11-05 10:59:24.170,19.72417553241712
2025-11-05 10:59:25.201,19.778632931945594
2025-11-05 10:59:26.231,19.71865086869684
2025-11-05 10:59:27.263,19.758112752413126
2025-11-05 10:59:28.294,19.759691227761778
2025-11-05 10:59:29.339,19.747063424972566
2025-11-05 10:59:30.370,19.731278671486052
2025-11-05 10:59:31.399,19.694184500792744
2025-11-05 10:59:32.426,19.743117236600938
2025-11-05 10:59:33.454,19.753377326367172
2025-11-05 10:59:34.486,19.745484949623915
2025-11-05 10:59:35.517,19.73522485985768
2025-11-05 10:59:36.550,19.738381810554984
2025-11-05 10:59:37.582,19.742327998926612
2025-11-05 10:59:38.611,19.736014097532006
2025-11-05 10:59:39.635,19.715493917999538
2025-11-05 10:59:40.670,19.70602306590763
2025-11-05 10:59:41.701,19.732067909160378
2025-11-05 10:59:42.734,19.743906474275263
2025-11-05 10:59:43.766,19.702866115210327
2025-11-05 10:59:44.791,19.759691227761778
2025-11-05 10:59:45.824,19.742327998926612
2025-11-05 10:59:46.853,19.706812303581955
2025-11-05 10:59:47.887,19.747063424972566
2025-11-05 10:59:48.918,19.73364638450903
2025-11-05 10:59:49.947,19.747063424972566
2025-11-05 10:59:50.976,19.743117236600938
2025-11-05 10:59:52.006,19.758901990087452
2025-11-05 10:59:53.038,19.736803335206332
2025-11-05 10:59:54.070,19.74074952357796
2025-11-05 10:59:55.102,19.747063424972566
2025-11-05 10:59:56.131,19.74074952357796
2025-11-05 10:59:57.158,19.74074952357796
2025-11-05 10:59:58.188,19.754166564041498
2025-11-05 10:59:59.222,19.736803335206332
2025-11-05 11:00:00.255,19.721018581719818
2025-11-05 11:00:01.281,19.738381810554984
2025-11-05 11:00:02.308,19.72259705706847
2025-11-05 11:00:03.338,19.730489433811726
2025-11-05 11:00:04.371,19.68787059939814
2025-11-05 11:00:05.403,19.71154772962791
2025-11-05 11:00:06.441,19.739960285903635
2025-11-05 11:00:07.465,19.747852662646892
2025-11-05 11:00:08.490,19.75574503939015
2025-11-05 11:00:09.514,19.754166564041498
2025-11-05 11:00:10.538,19.74627418729824
2025-11-05 11:00:11.563,19.759691227761778
2025-11-05 11:00:12.587,19.76679436683071
2025-11-05 11:00:13.612,19.763637416133406
2025-11-05 11:00:14.639,19.723386294742795
2025-11-05 11:00:15.666,19.776265218922617
2025-11-05 11:00:16.693,19.743117236600938
2025-11-05 11:00:17.717,19.756534277064475
2025-11-05 11:00:18.741,19.741538761252286
2025-11-05 11:00:19.766,19.736014097532006
2025-11-05 11:00:20.790,19.7297001961374
2025-11-05 11:00:21.820,19.760480465436103
2025-11-05 11:00:22.847,19.751009613344195
2025-11-05 11:00:23.876,19.754955801715823
2025-11-05 11:00:24.901,19.703655352884653
2025-11-05 11:00:25.926,19.736803335206332
2025-11-05 11:00:26.950,19.751009613344195
2025-11-05 11:00:27.975,19.74074952357796
2025-11-05 11:00:29.014,19.756534277064475
2025-11-05 11:00:30.045,19.74469571194959
2025-11-05 11:00:31.075,19.754166564041498
2025-11-05 11:00:32.102,19.73917104822931
2025-11-05 11:00:33.129,19.70602306590763
2025-11-05 11:00:34.158,19.71707239334819
2025-11-05 11:00:35.189,19.743906474275263
2025-11-05 11:00:36.221,19.74627418729824
2025-11-05 11:00:37.251,19.765215891482057
2025-11-05 11:00:38.279,19.747852662646892
2025-11-05 11:00:39.312,19.71707239334819
2025-11-05 11:00:40.349,19.77231903055099
2025-11-05 11:00:41.377,19.743906474275263
2025-11-05 11:00:42.404,19.752588088692846
2025-11-05 11:00:43.437,19.765215891482057
2025-11-05 11:00:44.469,19.764426653807732
2025-11-05 11:00:45.494,19.749431137995543
2025-11-05 11:00:46.524,19.694184500792744
2025-11-05 11:00:47.554,19.747063424972566
2025-11-05 11:00:48.588,19.743117236600938
2025-11-05 11:00:49.621,19.758901990087452
2025-11-05 11:00:50.651,19.75022037566987
2025-11-05 11:00:51.684,19.734435622183355
2025-11-05 11:00:52.715,19.72259705706847
2025-11-05 11:00:53.747,19.74469571194959
2025-11-05 11:00:54.780,19.758901990087452
2025-11-05 11:00:55.811,19.74627418729824
2025-11-05 11:00:56.839,19.743906474275263
2025-11-05 11:00:57.866,19.74627418729824
2025-11-05 11:00:58.897,19.767583604505035
2025-11-05 11:00:59.930,19.76995131752801
2025-11-05 11:01:00.962,19.773108268225315
2025-11-05 11:01:01.990,19.749431137995543
2025-11-05 11:01:03.021,19.751009613344195
2025-11-05 11:01:04.050,19.752588088692846
2025-11-05 11:01:05.083,19.7573235147388
2025-11-05 11:01:06.112,19.76995131752801
2025-11-05 11:01:07.146,19.743906474275263
2025-11-05 11:01:08.178,19.734435622183355
2025-11-05 11:01:09.206,19.721807819394144
2025-11-05 11:01:10.236,19.730489433811726
2025-11-05 11:01:11.264,19.743117236600938
2025-11-05 11:01:12.294,19.753377326367172
2025-11-05 11:01:13.321,19.732857146834704
2025-11-05 11:01:14.349,19.743117236600938
2025-11-05 11:01:15.378,19.758901990087452
2025-11-05 11:01:16.410,19.762058940784755
2025-11-05 11:01:17.442,19.749431137995543
2025-11-05 11:01:18.471,19.736014097532006
2025-11-05 11:01:19.504,19.737592572880658
2025-11-05 11:01:20.537,19.74627418729824
2025-11-05 11:01:21.570,19.743906474275263
2025-11-05 11:01:22.601,19.720229344045492
2025-11-05 11:01:23.633,19.77389750589964
2025-11-05 11:01:24.659,19.739960285903635
2025-11-05 11:01:25.692,19.767583604505035
2025-11-05 11:01:26.726,19.7573235147388
2025-11-05 11:01:27.758,19.74627418729824
2025-11-05 11:01:28.788,19.76126970311043
2025-11-05 11:01:29.816,19.736014097532006
2025-11-05 11:01:30.844,19.738381810554984
2025-11-05 11:01:31.871,19.7573235147388
2025-11-05 11:01:32.898,19.760480465436103
2025-11-05 11:01:33.928,19.75179885101852
2025-11-05 11:01:34.957,19.760480465436103
2025-11-05 11:01:35.988,19.763637416133406
2025-11-05 11:01:37.017,19.748641900321218
2025-11-05 11:01:38.048,19.721807819394144
2025-11-05 11:01:39.081,19.751009613344195
2025-11-05 11:01:40.106,19.752588088692846
2025-11-05 11:01:41.135,19.736803335206332
2025-11-05 11:01:42.168,19.74469571194959
2025-11-05 11:01:43.200,19.759691227761778
2025-11-05 11:01:44.226,19.726543245440098
2025-11-05 11:01:45.260,19.743906474275263
2025-11-05 11:01:46.291,19.73522485985768
2025-11-05 11:01:47.321,19.747852662646892
2025-11-05 11:01:48.353,19.758901990087452
2025-11-05 11:01:49.385,19.77942216961992
2025-11-05 11:01:50.419,19.753377326367172
2025-11-05 11:01:51.452,19.730489433811726
2025-11-05 11:01:52.484,19.760480465436103
2025-11-05 11:01:53.518,19.74627418729824
2025-11-05 11:01:54.551,19.749431137995543
2025-11-05 11:01:55.583,19.745484949623915
2025-11-05 11:01:56.613,19.754166564041498
2025-11-05 11:01:57.648,19.74627418729824
2025-11-05 11:01:58.681,19.705233828233304
2025-11-05 11:01:59.714,19.758901990087452
2025-11-05 11:02:00.745,19.739960285903635
2025-11-05 11:02:01.777,19.743906474275263
2025-11-05 11:02:02.803,19.745484949623915
2025-11-05 11:02:03.835,19.739960285903635
2025-11-05 11:02:04.868,19.759691227761778
2025-11-05 11:02:05.899,19.76837284217936
2025-11-05 11:02:06.929,19.727332483114424
2025-11-05 11:02:07.960,19.74074952357796
2025-11-05 11:02:08.990,19.73364638450903
2025-11-05 11:02:10.024,19.703655352884653
2025-11-05 11:02:11.057,19.74627418729824
2025-11-05 11:02:12.090,19.747063424972566
2025-11-05 11:02:13.120,19.702076877536
2025-11-05 11:02:14.149,19.75574503939015
2025-11-05 11:02:15.178,19.73917104822931
2025-11-05 11:02:16.209,19.738381810554984
2025-11-05 11:02:17.236,19.737592572880658
2025-11-05 11:02:18.266,19.75022037566987
2025-11-05 11:02:19.299,19.748641900321218
2025-11-05 11:02:20.328,19.748641900321218
2025-11-05 11:02:21.356,19.754166564041498
2025-11-05 11:02:22.384,19.715493917999538
2025-11-05 11:02:23.419,19.74627418729824
2025-11-05 11:02:24.449,19.73364638450903
2025-11-05 11:02:25.477,19.742327998926612
2025-11-05 11:02:26.506,19.748641900321218
2025-11-05 11:02:27.534,19.70760154125628
2025-11-05 11:02:28.563,19.743117236600938
2025-11-05 11:02:29.591,19.753377326367172
2025-11-05 11:02:30.620,19.715493917999538
2025-11-05 11:02:31.655,19.753377326367172
2025-11-05 11:02:32.680,19.751009613344195
2025-11-05 11:02:33.709,19.760480465436103
2025-11-05 11:02:34.738,19.730489433811726
2025-11-05 11:02:35.766,19.723386294742795
2025-11-05 11:02:36.794,19.73522485985768
2025-11-05 11:02:37.825,19.770740555202337
2025-11-05 11:02:38.852,19.75022037566987
2025-11-05 11:02:39.876,19.756534277064475
2025-11-05 11:02:40.907,19.74469571194959
2025-11-05 11:02:41.935,19.743117236600938
2025-11-05 11:02:42.963,19.764426653807732
2025-11-05 11:02:43.992,19.745484949623915
2025-11-05 11:02:45.020,19.748641900321218
2025-11-05 11:02:46.051,19.754955801715823
2025-11-05 11:02:47.080,19.736803335206332
2025-11-05 11:02:48.108,19.738381810554984
2025-11-05 11:02:49.138,19.748641900321218
2025-11-05 11:02:50.165,19.739960285903635
2025-11-05 11:02:51.195,19.745484949623915
2025-11-05 11:02:52.222,19.745484949623915
2025-11-05 11:02:53.250,19.743906474275263
2025-11-05 11:02:54.278,19.75574503939015
2025-11-05 11:02:55.306,19.77547598124829
2025-11-05 11:02:56.330,19.76837284217936
2025-11-05 11:02:57.364,19.76837284217936
2025-11-05 11:02:58.392,19.758901990087452
2025-11-05 11:02:59.416,19.745484949623915
2025-11-05 11:03:00.446,19.708390778930607
2025-11-05 11:03:01.473,19.75574503939015
2025-11-05 11:03:02.505,19.749431137995543
2025-11-05 11:03:03.533,19.7573235147388
2025-11-05 11:03:04.564,19.767583604505035
2025-11-05 11:03:05.594,19.75574503939015
2025-11-05 11:03:06.624,19.743117236600938
2025-11-05 11:03:07.651,19.766005129156383
2025-11-05 11:03:08.678,19.753377326367172
2025-11-05 11:03:09.707,19.747063424972566
2025-11-05 11:03:10.734,19.747852662646892
2025-11-05 11:03:11.762,19.754955801715823
2025-11-05 11:03:12.792,19.75022037566987
2025-11-05 11:03:13.825,19.76995131752801
2025-11-05 11:03:14.859,19.75574503939015
2025-11-05 11:03:15.892,19.74469571194959
2025-11-05 11:03:16.925,19.752588088692846
2025-11-05 11:03:17.961,19.758901990087452
2025-11-05 11:03:18.991,19.76126970311043
2025-11-05 11:03:20.022,19.73917104822931
2025-11-05 11:03:21.050,19.749431137995543
2025-11-05 11:03:22.084,19.74627418729824
2025-11-05 11:03:23.113,19.748641900321218
2025-11-05 11:03:24.143,19.760480465436103
2025-11-05 11:03:25.175,19.737592572880658
2025-11-05 11:03:26.208,19.71312620497656
2025-11-05 11:03:27.238,19.756534277064475
2025-11-05 11:03:28.270,19.773108268225315
2025-11-05 11:03:29.294,19.747063424972566
2025-11-05 11:03:30.319,19.74074952357796
2025-11-05 11:03:31.344,19.730489433811726
2025-11-05 11:03:32.369,19.721807819394144
2025-11-05 11:03:33.393,19.76837284217936
2025-11-05 11:03:34.418,19.766005129156383
2025-11-05 11:03:35.443,19.714704680325212
2025-11-05 11:03:36.467,19.714704680325212
2025-11-05 11:03:37.491,19.743906474275263
2025-11-05 11:03:38.515,19.730489433811726
2025-11-05 11:03:39.540,19.745484949623915
2025-11-05 11:03:40.566,19.743906474275263
2025-11-05 11:03:41.593,19.732067909160378
2025-11-05 11:03:42.619,19.709180016604932
2025-11-05 11:03:43.643,19.7297001961374
2025-11-05 11:03:44.670,19.759691227761778
2025-11-05 11:03:45.695,19.754955801715823
2025-11-05 11:03:46.720,19.77231903055099
2025-11-05 11:03:47.748,19.73917104822931
2025-11-05 11:03:48.776,19.78652530868885
2025-11-05 11:03:49.802,19.759691227761778
2025-11-05 11:03:50.828,19.745484949623915
2025-11-05 11:03:51.862,19.719440106371167
2025-11-05 11:03:52.895,19.743117236600938
2025-11-05 11:03:53.928,19.754166564041498
2025-11-05 11:03:54.961,19.75574503939015
2025-11-05 11:03:55.989,19.73917104822931
2025-11-05 11:03:57.019,19.734435622183355
2025-11-05 11:03:58.049,19.754166564041498
2025-11-05 11:03:59.077,19.747852662646892
2025-11-05 11:04:00.110,19.69497373846707
2025-11-05 11:04:01.141,19.73917104822931
2025-11-05 11:04:02.172,19.684713648700836
2025-11-05 11:04:03.205,19.737592572880658
2025-11-05 11:04:04.234,19.71154772962791
2025-11-05 11:04:05.267,19.743117236600938
2025-11-05 11:04:06.300,19.701287639861675
2025-11-05 11:04:07.323,19.701287639861675
2025-11-05 11:04:08.358,19.76995131752801
2025-11-05 11:04:09.388,19.752588088692846
2025-11-05 11:04:10.420,19.749431137995543
2025-11-05 11:04:11.451,19.747063424972566
2025-11-05 11:04:12.484,19.769162079853686
2025-11-05 11:04:13.514,19.749431137995543
2025-11-05 11:04:14.544,19.75574503939015
2025-11-05 11:04:15.575,19.76837284217936
2025-11-05 11:04:16.608,19.737592572880658
2025-11-05 11:04:17.638,19.76126970311043
2025-11-05 11:04:18.663,19.76284817845908
2025-11-05 11:04:19.689,19.748641900321218
2025-11-05 11:04:20.720,19.770740555202337
2025-11-05 11:04:21.749,19.741538761252286
2025-11-05 11:04:22.772,19.725754007765772
2025-11-05 11:04:23.800,19.752588088692846
2025-11-05 11:04:24.829,19.756534277064475
2025-11-05 11:04:25.854,19.741538761252286
2025-11-05 11:04:26.882,19.75022037566987
2025-11-05 11:04:27.910,19.770740555202337
2025-11-05 11:04:28.935,19.745484949623915
2025-11-05 11:04:29.963,19.754955801715823
2025-11-05 11:04:30.990,19.739960285903635
2025-11-05 11:04:32.016,19.74627418729824
2025-11-05 11:04:33.042,19.771529792876663
2025-11-05 11:04:34.072,19.745484949623915
2025-11-05 11:04:35.103,19.751009613344195
2025-11-05 11:04:36.134,19.74469571194959
2025-11-05 11:04:37.164,19.702076877536
2025-11-05 11:04:38.195,19.730489433811726
2025-11-05 11:04:39.226,19.747063424972566
2025-11-05 11:04:40.252,19.754166564041498
2025-11-05 11:04:41.281,19.760480465436103
2025-11-05 11:04:42.310,19.76126970311043
2025-11-05 11:04:43.339,19.743117236600938
2025-11-05 11:04:44.370,19.754166564041498
2025-11-05 11:04:45.399,19.771529792876663
2025-11-05 11:04:46.427,19.759691227761778
2025-11-05 11:04:47.456,19.742327998926612
2025-11-05 11:04:48.483,19.762058940784755
2025-11-05 11:04:49.512,19.766005129156383
2025-11-05 11:04:50.535,19.75179885101852
2025-11-05 11:04:51.565,19.747063424972566
2025-11-05 11:04:52.592,19.74469571194959
2025-11-05 11:04:53.618,19.730489433811726
2025-11-05 11:04:54.646,19.73917104822931
2025-11-05 11:04:55.672,19.73917104822931
2025-11-05 11:04:56.699,19.737592572880658
2025-11-05 11:04:57.726,19.723386294742795
2025-11-05 11:04:58.754,19.73522485985768
2025-11-05 11:04:59.781,19.73522485985768
2025-11-05 11:05:00.807,19.737592572880658
2025-11-05 11:05:01.832,19.732067909160378
2025-11-05 11:05:02.859,19.712336967302235
2025-11-05 11:05:03.884,19.747852662646892
2025-11-05 11:05:04.912,19.748641900321218
2025-11-05 11:05:05.938,19.749431137995543
2025-11-05 11:05:06.968,19.756534277064475
2025-11-05 11:05:07.996,19.748641900321218
2025-11-05 11:05:09.023,19.752588088692846
2025-11-05 11:05:10.049,19.703655352884653
2025-11-05 11:05:11.075,19.745484949623915
2025-11-05 11:05:12.101,19.742327998926612
2025-11-05 11:05:13.129,19.76837284217936
2025-11-05 11:05:14.159,19.770740555202337
2025-11-05 11:05:15.188,19.767583604505035
2025-11-05 11:05:16.216,19.688659837072464
2025-11-05 11:05:17.242,19.712336967302235
2025-11-05 11:05:18.266,19.762058940784755
2025-11-05 11:05:19.295,19.753377326367172
2025-11-05 11:05:20.321,19.716283155673864
2025-11-05 11:05:21.349,19.74074952357796
2025-11-05 11:05:22.377,19.75022037566987
2025-11-05 11:05:23.402,19.75574503939015
2025-11-05 11:05:24.429,19.749431137995543
2025-11-05 11:05:25.459,19.759691227761778
2025-11-05 11:05:26.487,19.752588088692846
2025-11-05 11:05:27.515,19.745484949623915
2025-11-05 11:05:28.545,19.741538761252286
2025-11-05 11:05:29.573,19.739960285903635
2025-11-05 11:05:30.599,19.76126970311043
2025-11-05 11:05:31.626,19.74469571194959
2025-11-05 11:05:32.653,19.76837284217936
2025-11-05 11:05:33.678,19.758112752413126
2025-11-05 11:05:34.704,19.752588088692846
2025-11-05 11:05:35.732,19.773108268225315
2025-11-05 11:05:36.762,19.723386294742795
2025-11-05 11:05:37.790,19.692606025444093
2025-11-05 11:05:38.817,19.776265218922617
2025-11-05 11:05:39.840,19.754955801715823
2025-11-05 11:05:40.866,19.76126970311043
2025-11-05 11:05:41.894,19.766005129156383
2025-11-05 11:05:42.919,19.687081361723813
2025-11-05 11:05:43.948,19.721807819394144
2025-11-05 11:05:44.975,19.742327998926612
2025-11-05 11:05:46.002,19.742327998926612
2025-11-05 11:05:47.029,19.743906474275263
2025-11-05 11:05:48.056,19.763637416133406
2025-11-05 11:05:49.083,19.753377326367172
2025-11-05 11:05:50.111,19.76284817845908
2025-11-05 11:05:51.140,19.76995131752801
2025-11-05 11:05:52.167,19.74627418729824
2025-11-05 11:05:53.195,19.74074952357796
2025-11-05 11:05:54.220,19.730489433811726
2025-11-05 11:05:55.247,19.699709164513024
2025-11-05 11:05:56.271,19.743117236600938
2025-11-05 11:05:57.298,19.743906474275263
2025-11-05 11:05:58.325,19.74469571194959
2025-11-05 11:05:59.351,19.743117236600938
2025-11-05 11:06:00.377,19.739960285903635
2025-11-05 11:06:01.409,19.747852662646892
2025-11-05 11:06:02.441,19.743117236600938
2025-11-05 11:06:03.471,19.74074952357796
2025-11-05 11:06:04.498,19.745484949623915
2025-11-05 11:06:05.526,19.739960285903635
2025-11-05 11:06:06.553,19.756534277064475
2025-11-05 11:06:07.581,19.70444459055898
2025-11-05 11:06:08.608,19.694184500792744
2025-11-05 11:06:09.636,19.737592572880658
2025-11-05 11:06:10.665,19.71865086869684
2025-11-05 11:06:11.691,19.737592572880658
2025-11-05 11:06:12.715,19.74469571194959
2025-11-05 11:06:13.741,19.756534277064475
2025-11-05 11:06:14.767,19.7297001961374
2025-11-05 11:06:15.793,19.741538761252286
2025-11-05 11:06:16.820,19.738381810554984
2025-11-05 11:06:17.854,19.747852662646892
2025-11-05 11:06:18.883,19.739960285903635
2025-11-05 11:06:19.913,19.738381810554984
2025-11-05 11:06:20.940,19.743906474275263
2025-11-05 11:06:21.967,19.7297001961374
2025-11-05 11:06:22.995,19.739960285903635
2025-11-05 11:06:24.022,19.739960285903635
2025-11-05 11:06:25.048,19.76679436683071
2025-11-05 11:06:26.077,19.751009613344195
2025-11-05 11:06:27.103,19.721018581719818
2025-11-05 11:06:28.135,19.75574503939015
2025-11-05 11:06:29.166,19.754166564041498
2025-11-05 11:06:30.194,19.703655352884653
2025-11-05 11:06:31.221,19.760480465436103
2025-11-05 11:06:32.249,19.703655352884653
2025-11-05 11:06:33.276,19.74074952357796
2025-11-05 11:06:34.300,19.717861631022515
2025-11-05 11:06:35.325,19.74074952357796
2025-11-05 11:06:36.354,19.68234593567786
2025-11-05 11:06:37.381,19.767583604505035
2025-11-05 11:06:38.408,19.75022037566987
2025-11-05 11:06:39.435,19.748641900321218
2025-11-05 11:06:40.464,19.694184500792744
2025-11-05 11:06:41.486,19.751009613344195
2025-11-05 11:06:42.516,19.7573235147388
2025-11-05 11:06:43.540,19.743117236600938
2025-11-05 11:06:44.566,19.73917104822931
2025-11-05 11:06:45.595,19.7297001961374
2025-11-05 11:06:46.621,19.742327998926612
2025-11-05 11:06:47.647,19.736803335206332
2025-11-05 11:06:48.673,19.738381810554984
2025-11-05 11:06:49.700,19.743906474275263
2025-11-05 11:06:50.725,19.709180016604932
2025-11-05 11:06:51.748,19.73522485985768
2025-11-05 11:06:52.772,19.741538761252286
2025-11-05 11:06:53.795,19.764426653807732
2025-11-05 11:06:54.818,19.763637416133406
2025-11-05 11:06:55.843,19.74074952357796
2025-11-05 11:06:56.868,19.7297001961374
2025-11-05 11:06:57.894,19.743117236600938
2025-11-05 11:06:58.916,19.747852662646892
2025-11-05 11:06:59.941,19.743906474275263
2025-11-05 11:07:00.966,19.721018581719818
2025-11-05 11:07:01.995,19.743906474275263
2025-11-05 11:07:03.020,19.6989199268387
2025-11-05 11:07:04.048,19.71312620497656
2025-11-05 11:07:05.072,19.754166564041498
2025-11-05 11:07:06.095,19.732857146834704
2025-11-05 11:07:07.118,19.74627418729824
2025-11-05 11:07:08.141,19.76126970311043
2025-11-05 11:07:09.171,19.725754007765772
2025-11-05 11:07:10.197,19.743117236600938
2025-11-05 11:07:11.222,19.764426653807732
2025-11-05 11:07:12.245,19.71865086869684
2025-11-05 11:07:13.271,19.747063424972566
2025-11-05 11:07:14.300,19.75574503939015
2025-11-05 11:07:15.327,19.763637416133406
2025-11-05 11:07:16.354,19.739960285903635
2025-11-05 11:07:17.384,19.734435622183355
2025-11-05 11:07:18.409,19.749431137995543
2025-11-05 11:07:19.439,19.732857146834704
2025-11-05 11:07:20.468,19.736014097532006
2025-11-05 11:07:21.495,19.736014097532006
2025-11-05 11:07:22.523,19.756534277064475
2025-11-05 11:07:23.548,19.764426653807732
2025-11-05 11:07:24.574,19.74074952357796
2025-11-05 11:07:25.600,19.739960285903635
2025-11-05 11:07:26.626,19.732857146834704
2025-11-05 11:07:27.652,19.74074952357796
2025-11-05 11:07:28.679,19.742327998926612
2025-11-05 11:07:29.705,19.747063424972566
2025-11-05 11:07:30.732,19.73522485985768
2025-11-05 11:07:31.759,19.742327998926612
2025-11-05 11:07:32.786,19.754955801715823
2025-11-05 11:07:33.815,19.73522485985768
2025-11-05 11:07:34.840,19.730489433811726
2025-11-05 11:07:35.870,19.754166564041498
2025-11-05 11:07:36.899,19.753377326367172
2025-11-05 11:07:37.926,19.74469571194959
2025-11-05 11:07:38.953,19.7573235147388
2025-11-05 11:07:39.979,19.747852662646892
2025-11-05 11:07:41.008,19.73917104822931
2025-11-05 11:07:42.036,19.74074952357796
2025-11-05 11:07:43.060,19.754955801715823
2025-11-05 11:07:44.088,19.74627418729824
2025-11-05 11:07:45.118,19.68787059939814
2025-11-05 11:07:46.143,19.734435622183355
2025-11-05 11:07:47.173,19.69339526311842
2025-11-05 11:07:48.200,19.730489433811726
2025-11-05 11:07:49.228,19.743906474275263
2025-11-05 11:07:50.253,19.75179885101852
2025-11-05 11:07:51.289,19.759691227761778
2025-11-05 11:07:52.320,19.739960285903635
2025-11-05 11:07:53.346,19.72417553241712
2025-11-05 11:07:54.372,19.7573235147388
2025-11-05 11:07:55.398,19.75179885101852
2025-11-05 11:07:56.426,19.739960285903635
2025-11-05 11:07:57.450,19.741538761252286
2025-11-05 11:07:58.476,19.745484949623915
2025-11-05 11:07:59.503,19.732857146834704
2025-11-05 11:08:00.531,19.76284817845908
2025-11-05 11:08:01.557,19.73522485985768
2025-11-05 11:08:02.586,19.710758491953584
2025-11-05 11:08:03.613,19.7297001961374
2025-11-05 11:08:04.641,19.732857146834704
2025-11-05 11:08:05.666,19.728910958463075
2025-11-05 11:08:06.700,19.751009613344195
2025-11-05 11:08:07.725,19.73917104822931
2025-11-05 11:08:08.751,19.747063424972566
2025-11-05 11:08:09.777,19.737592572880658
2025-11-05 11:08:10.802,19.7573235147388
2025-11-05 11:08:11.831,19.741538761252286
2025-11-05 11:08:12.855,19.759691227761778
2025-11-05 11:08:13.881,19.73917104822931
2025-11-05 11:08:14.908,19.734435622183355
2025-11-05 11:08:15.934,19.764426653807732
2025-11-05 11:08:16.963,19.727332483114424
2025-11-05 11:08:17.994,19.747852662646892
2025-11-05 11:08:19.028,19.732067909160378
2025-11-05 11:08:20.058,19.741538761252286
2025-11-05 11:08:21.088,19.75574503939015
2025-11-05 11:08:22.118,19.702866115210327
2025-11-05 11:08:23.146,19.738381810554984
2025-11-05 11:08:24.171,19.737592572880658
2025-11-05 11:08:25.200,19.743117236600938
2025-11-05 11:08:26.227,19.73917104822931
2025-11-05 11:08:27.257,19.74469571194959
2025-11-05 11:08:28.287,19.741538761252286
2025-11-05 11:08:29.315,19.754955801715823
2025-11-05 11:08:30.342,19.739960285903635
2025-11-05 11:08:31.369,19.74074952357796
2025-11-05 11:08:32.394,19.737592572880658
2025-11-05 11:08:33.436,19.736014097532006
2025-11-05 11:08:34.464,19.748641900321218
2025-11-05 11:08:35.492,19.756534277064475
2025-11-05 11:08:36.522,19.736014097532006
2025-11-05 11:08:37.554,19.754166564041498
2025-11-05 11:08:38.585,19.736803335206332
2025-11-05 11:08:39.615,19.73522485985768
2025-11-05 11:08:40.641,19.739960285903635
2025-11-05 11:08:41.671,19.738381810554984
2025-11-05 11:08:42.698,19.738381810554984
2025-11-05 11:08:43.724,19.758901990087452
2025-11-05 11:08:44.755,19.731278671486052
2025-11-05 11:08:45.783,19.71865086869684
2025-11-05 11:08:46.812,19.737592572880658
2025-11-05 11:08:47.841,19.688659837072464
2025-11-05 11:08:48.871,19.754166564041498
2025-11-05 11:08:49.902,19.690238312421116
2025-11-05 11:08:50.931,19.73522485985768
2025-11-05 11:08:51.961,19.73917104822931
2025-11-05 11:08:52.991,19.732067909160378
2025-11-05 11:08:54.021,19.728910958463075
2025-11-05 11:08:55.051,19.74074952357796
2025-11-05 11:08:56.081,19.75022037566987
2025-11-05 11:08:57.108,19.727332483114424
2025-11-05 11:08:58.134,19.734435622183355
2025-11-05 11:08:59.163,19.7297001961374
2025-11-05 11:09:00.186,19.702076877536
2025-11-05 11:09:01.214,19.73522485985768
2025-11-05 11:09:02.238,19.721807819394144
2025-11-05 11:09:03.264,19.742327998926612
2025-11-05 11:09:04.293,19.741538761252286
2025-11-05 11:09:05.323,19.727332483114424
2025-11-05 11:09:06.353,19.7297001961374
2025-11-05 11:09:07.383,19.734435622183355
2025-11-05 11:09:08.415,19.727332483114424
2025-11-05 11:09:09.442,19.743117236600938
2025-11-05 11:09:10.471,19.72812172078875
2025-11-05 11:09:11.494,19.727332483114424
2025-11-05 11:09:12.522,19.759691227761778
2025-11-05 11:09:13.550,19.75022037566987
2025-11-05 11:09:14.582,19.749431137995543
2025-11-05 11:09:15.611,19.759691227761778
2025-11-05 11:09:16.641,19.736014097532006
2025-11-05 11:09:17.672,19.743906474275263
2025-11-05 11:09:18.705,19.708390778930607
2025-11-05 11:09:19.732,19.736803335206332
2025-11-05 11:09:20.762,19.732067909160378
2025-11-05 11:09:21.789,19.739960285903635
2025-11-05 11:09:22.816,19.743117236600938
2025-11-05 11:09:23.840,19.75574503939015
2025-11-05 11:09:24.866,19.736803335206332
2025-11-05 11:09:25.892,19.730489433811726
2025-11-05 11:09:26.919,19.737592572880658
2025-11-05 11:09:27.944,19.732067909160378
2025-11-05 11:09:28.972,19.751009613344195
2025-11-05 11:09:30.002,19.75574503939015
2025-11-05 11:09:31.030,19.74074952357796
2025-11-05 11:09:32.056,19.726543245440098
2025-11-05 11:09:33.086,19.677610509631904
2025-11-05 11:09:34.117,19.731278671486052
2025-11-05 11:09:35.143,19.7573235147388
2025-11-05 11:09:36.169,19.70444459055898
2025-11-05 11:09:37.197,19.747063424972566
2025-11-05 11:09:38.223,19.71707239334819
2025-11-05 11:09:39.248,19.699709164513024
2025-11-05 11:09:40.272,19.686292124049487
2025-11-05 11:09:41.303,19.754955801715823
2025-11-05 11:09:42.331,19.741538761252286
2025-11-05 11:09:43.357,19.73364638450903
2025-11-05 11:09:44.384,19.751009613344195
2025-11-05 11:09:45.412,19.759691227761778
2025-11-05 11:09:46.440,19.747063424972566
2025-11-05 11:09:47.468,19.75179885101852
2025-11-05 11:09:48.495,19.73522485985768
2025-11-05 11:09:49.522,19.7573235147388
2025-11-05 11:09:50.549,19.75574503939015
2025-11-05 11:09:51.583,19.72812172078875
2025-11-05 11:09:52.612,19.741538761252286
2025-11-05 11:09:53.639,19.731278671486052
2025-11-05 11:09:54.667,19.73917104822931
2025-11-05 11:09:55.693,19.754166564041498
2025-11-05 11:09:56.716,19.726543245440098
2025-11-05 11:09:57.746,19.748641900321218
2025-11-05 11:09:58.775,19.736803335206332
2025-11-05 11:09:59.803,19.749431137995543
2025-11-05 11:10:00.829,19.743117236600938
2025-11-05 11:10:01.864,19.736803335206332
2025-11-05 11:10:02.889,19.727332483114424
2025-11-05 11:10:03.920,19.73917104822931
2025-11-05 11:10:04.946,19.758901990087452
2025-11-05 11:10:05.975,19.742327998926612
2025-11-05 11:10:07.003,19.752588088692846
2025-11-05 11:10:08.031,19.720229344045492
2025-11-05 11:10:09.058,19.760480465436103
2025-11-05 11:10:10.085,19.709180016604932
2025-11-05 11:10:11.111,19.72259705706847
2025-11-05 11:10:12.139,19.742327998926612
2025-11-05 11:10:13.162,19.702076877536
2025-11-05 11:10:14.185,19.728910958463075
2025-11-05 11:10:15.208,19.76126970311043
2025-11-05 11:10:16.231,19.7297001961374
2025-11-05 11:10:17.254,19.731278671486052
2025-11-05 11:10:18.279,19.759691227761778
2025-11-05 11:10:19.307,19.752588088692846
2025-11-05 11:10:20.332,19.74627418729824
2025-11-05 11:10:21.361,19.743117236600938
2025-11-05 11:10:22.383,19.736014097532006
2025-11-05 11:10:23.406,19.7297001961374
2025-11-05 11:10:24.430,19.74074952357796
2025-11-05 11:10:25.456,19.743906474275263
2025-11-05 11:10:26.482,19.739960285903635
2025-11-05 11:10:27.508,19.74074952357796
2025-11-05 11:10:28.531,19.734435622183355
2025-11-05 11:10:29.554,19.758901990087452
2025-11-05 11:10:30.576,19.738381810554984
2025-11-05 11:10:31.601,19.732857146834704
2025-11-05 11:10:32.625,19.75179885101852
2025-11-05 11:10:33.650,19.75179885101852
2025-11-05 11:10:34.682,19.7297001961374
2025-11-05 11:10:35.709,19.756534277064475
2025-11-05 11:10:36.739,19.684713648700836
2025-11-05 11:10:37.765,19.743906474275263
2025-11-05 11:10:38.793,19.751009613344195
2025-11-05 11:10:39.821,19.76126970311043
2025-11-05 11:10:40.849,19.74074952357796
2025-11-05 11:10:41.879,19.738381810554984
2025-11-05 11:10:42.908,19.758112752413126
2025-11-05 11:10:43.936,19.76284817845908
2025-11-05 11:10:44.964,19.753377326367172
2025-11-05 11:10:45.991,19.730489433811726
2025-11-05 11:10:47.017,19.74469571194959
2025-11-05 11:10:48.047,19.738381810554984
2025-11-05 11:10:49.075,19.697341451490047
2025-11-05 11:10:50.100,19.743117236600938
2025-11-05 11:10:51.127,19.741538761252286
2025-11-05 11:10:52.151,19.72417553241712
2025-11-05 11:10:53.178,19.764426653807732
2025-11-05 11:10:54.206,19.754955801715823
2025-11-05 11:10:55.233,19.751009613344195
2025-11-05 11:10:56.259,19.73917104822931
2025-11-05 11:10:57.290,19.74627418729824
2025-11-05 11:10:58.319,19.742327998926612
2025-11-05 11:10:59.347,19.73917104822931
2025-11-05 11:11:00.377,19.71154772962791
2025-11-05 11:11:01.403,19.734435622183355
2025-11-05 11:11:02.430,19.748641900321218
2025-11-05 11:11:03.458,19.758901990087452
2025-11-05 11:11:04.486,19.690238312421116
2025-11-05 11:11:05.513,19.732067909160378
2025-11-05 11:11:06.539,19.76126970311043
2025-11-05 11:11:07.568,19.762058940784755
2025-11-05 11:11:08.597,19.715493917999538
2025-11-05 11:11:09.625,19.73522485985768
2025-11-05 11:11:10.651,19.75179885101852
2025-11-05 11:11:11.678,19.697341451490047
2025-11-05 11:11:12.705,19.748641900321218
2025-11-05 11:11:13.728,19.717861631022515
2025-11-05 11:11:14.754,19.736803335206332
2025-11-05 11:11:15.780,19.769162079853686
2025-11-05 11:11:16.805,19.701287639861675
2025-11-05 11:11:17.831,19.75022037566987
2025-11-05 11:11:18.859,19.736014097532006
2025-11-05 11:11:19.886,19.745484949623915
2025-11-05 11:11:20.912,19.737592572880658
2025-11-05 11:11:21.942,19.745484949623915
2025-11-05 11:11:22.967,19.752588088692846
2025-11-05 11:11:23.996,19.736803335206332
2025-11-05 11:11:25.032,19.737592572880658
2025-11-05 11:11:26.059,19.751009613344195
2025-11-05 11:11:27.087,19.75179885101852
2025-11-05 11:11:28.113,19.745484949623915
2025-11-05 11:11:29.140,19.7297001961374
2025-11-05 11:11:30.165,19.74469571194959
2025-11-05 11:11:31.194,19.747063424972566
2025-11-05 11:11:32.222,19.74469571194959
2025-11-05 11:11:33.249,19.743906474275263
2025-11-05 11:11:34.275,19.734435622183355
2025-11-05 11:11:35.303,19.736803335206332
2025-11-05 11:11:36.331,19.747852662646892
2025-11-05 11:11:37.358,19.71865086869684
2025-11-05 11:11:38.384,19.72259705706847
2025-11-05 11:11:39.410,19.69497373846707
2025-11-05 11:11:40.437,19.74074952357796
2025-11-05 11:11:41.474,19.759691227761778
2025-11-05 11:11:42.501,19.701287639861675
2025-11-05 11:11:43.530,19.736803335206332
2025-11-05 11:11:44.559,19.69497373846707
2025-11-05 11:11:45.587,19.709180016604932
2025-11-05 11:11:46.613,19.743906474275263
2025-11-05 11:11:47.641,19.736014097532006
2025-11-05 11:11:48.667,19.736014097532006
2025-11-05 11:11:49.695,19.751009613344195
2025-11-05 11:11:50.721,19.732067909160378
2025-11-05 11:11:51.751,19.732067909160378
2025-11-05 11:11:52.779,19.731278671486052
2025-11-05 11:11:53.806,19.75574503939015
2025-11-05 11:11:54.833,19.749431137995543
2025-11-05 11:11:55.862,19.730489433811726
2025-11-05 11:11:56.889,19.743117236600938
2025-11-05 11:11:57.915,19.736803335206332
2025-11-05 11:11:58.943,19.716283155673864
2025-11-05 11:11:59.970,19.741538761252286
2025-11-05 11:12:00.996,19.737592572880658
2025-11-05 11:12:02.025,19.715493917999538
2025-11-05 11:12:03.054,19.75022037566987
2025-11-05 11:12:04.080,19.70602306590763
2025-11-05 11:12:05.108,19.74074952357796
2025-11-05 11:12:06.140,19.736014097532006
2025-11-05 11:12:07.170,19.748641900321218
2025-11-05 11:12:08.201,19.745484949623915
2025-11-05 11:12:09.232,19.75022037566987
2025-11-05 11:12:10.262,19.743117236600938
2025-11-05 11:12:11.293,19.737592572880658
2025-11-05 11:12:12.324,19.736803335206332
2025-11-05 11:12:13.352,19.739960285903635
2025-11-05 11:12:14.378,19.745484949623915
2025-11-05 11:12:15.405,19.72812172078875
2025-11-05 11:12:16.430,19.732857146834704
2025-11-05 11:12:17.457,19.74469571194959
2025-11-05 11:12:18.482,19.75179885101852
2025-11-05 11:12:19.507,19.758112752413126
2025-11-05 11:12:20.534,19.728910958463075
2025-11-05 11:12:21.561,19.737592572880658
2025-11-05 11:12:22.586,19.734435622183355
2025-11-05 11:12:23.616,19.71154772962791
2025-11-05 11:12:24.645,19.748641900321218
2025-11-05 11:12:25.674,19.743117236600938
2025-11-05 11:12:26.700,19.74469571194959
2025-11-05 11:12:27.727,19.749431137995543
2025-11-05 11:12:28.753,19.701287639861675
2025-11-05 11:12:29.780,19.703655352884653
2025-11-05 11:12:30.808,19.747852662646892
2025-11-05 11:12:31.835,19.754955801715823
2025-11-05 11:12:32.862,19.725754007765772
2025-11-05 11:12:33.887,19.749431137995543
2025-11-05 11:12:34.913,19.719440106371167
2025-11-05 11:12:35.939,19.739960285903635
2025-11-05 11:12:36.967,19.766005129156383
2025-11-05 11:12:37.990,19.758112752413126
2025-11-05 11:12:39.015,19.745484949623915
2025-11-05 11:12:40.040,19.71865086869684
2025-11-05 11:12:41.068,19.74627418729824
2025-11-05 11:12:42.095,19.732857146834704
2025-11-05 11:12:43.123,19.734435622183355
2025-11-05 11:12:44.149,19.736014097532006
2025-11-05 11:12:45.175,19.721807819394144
2025-11-05 11:12:46.201,19.743117236600938
2025-11-05 11:12:47.228,19.73364638450903
2025-11-05 11:12:48.254,19.75179885101852
2025-11-05 11:12:49.280,19.71865086869684
2025-11-05 11:12:50.308,19.762058940784755
2025-11-05 11:12:51.335,19.74074952357796
2025-11-05 11:12:52.362,19.695762976141395
2025-11-05 11:12:53.391,19.70049840218735
2025-11-05 11:12:54.418,19.702866115210327
2025-11-05 11:12:55.444,19.728910958463075
2025-11-05 11:12:56.470,19.739960285903635
2025-11-05 11:12:57.493,19.709180016604932
2025-11-05 11:12:58.521,19.727332483114424
2025-11-05 11:12:59.547,19.767583604505035
2025-11-05 11:13:00.573,19.739960285903635
2025-11-05 11:13:01.600,19.737592572880658
2025-11-05 11:13:02.629,19.747063424972566
2025-11-05 11:13:03.656,19.748641900321218
2025-11-05 11:13:04.681,19.754955801715823
2025-11-05 11:13:05.706,19.7573235147388
2025-11-05 11:13:06.734,19.743117236600938
2025-11-05 11:13:07.760,19.76284817845908
2025-11-05 11:13:08.786,19.731278671486052
2025-11-05 11:13:09.814,19.74469571194959
2025-11-05 11:13:10.841,19.756534277064475
2025-11-05 11:13:11.869,19.725754007765772
2025-11-05 11:13:12.897,19.738381810554984
2025-11-05 11:13:13.920,19.749431137995543
2025-11-05 11:13:14.949,19.76679436683071
2025-11-05 11:13:15.979,19.749431137995543
2025-11-05 11:13:17.006,19.748641900321218
2025-11-05 11:13:18.029,19.73917104822931
2025-11-05 11:13:19.056,19.74627418729824
2025-11-05 11:13:20.087,19.732857146834704
2025-11-05 11:13:21.115,19.708390778930607
2025-11-05 11:13:22.146,19.706812303581955
2025-11-05 11:13:23.176,19.74469571194959
2025-11-05 11:13:24.207,19.741538761252286
2025-11-05 11:13:25.236,19.742327998926612
2025-11-05 11:13:26.262,19.741538761252286
2025-11-05 11:13:27.294,19.727332483114424
2025-11-05 11:13:28.326,19.74074952357796
2025-11-05 11:13:29.356,19.723386294742795
2025-11-05 11:13:30.379,19.732067909160378
2025-11-05 11:13:31.405,19.747852662646892
2025-11-05 11:13:32.432,19.766005129156383
2025-11-05 11:13:33.459,19.7573235147388
2025-11-05 11:13:34.489,19.74469571194959
2025-11-05 11:13:35.513,19.745484949623915
2025-11-05 11:13:36.536,19.743117236600938
2025-11-05 11:13:37.560,19.76126970311043
2025-11-05 11:13:38.584,19.74469571194959
2025-11-05 11:13:39.607,19.737592572880658
2025-11-05 11:13:40.631,19.74469571194959
2025-11-05 11:13:41.654,19.760480465436103
2025-11-05 11:13:42.678,19.708390778930607
2025-11-05 11:13:43.703,19.747852662646892
2025-11-05 11:13:44.728,19.719440106371167
2025-11-05 11:13:45.752,19.754955801715823
2025-11-05 11:13:46.776,19.7297001961374
2025-11-05 11:13:47.800,19.747063424972566
2025-11-05 11:13:48.823,19.76126970311043
2025-11-05 11:13:49.849,19.77231903055099
2025-11-05 11:13:50.872,19.747063424972566
2025-11-05 11:13:51.896,19.714704680325212
2025-11-05 11:13:52.920,19.741538761252286
2025-11-05 11:13:53.943,19.76837284217936
2025-11-05 11:13:54.968,19.71312620497656
2025-11-05 11:13:55.991,19.699709164513024
2025-11-05 11:13:57.013,19.748641900321218
2025-11-05 11:13:58.037,19.732067909160378
2025-11-05 11:13:59.066,19.743906474275263
2025-11-05 11:14:00.097,19.752588088692846
2025-11-05 11:14:01.126,19.73522485985768
2025-11-05 11:14:02.157,19.754955801715823
2025-11-05 11:14:03.184,19.698130689164373
2025-11-05 11:14:04.210,19.758112752413126
2025-11-05 11:14:05.239,19.736803335206332
2025-11-05 11:14:06.267,19.72812172078875
2025-11-05 11:14:07.295,19.74469571194959
2025-11-05 11:14:08.322,19.74627418729824
2025-11-05 11:14:09.352,19.753377326367172
2025-11-05 11:14:10.380,19.730489433811726
2025-11-05 11:14:11.411,19.758112752413126
2025-11-05 11:14:12.435,19.748641900321218
2025-11-05 11:14:13.460,19.75179885101852
2025-11-05 11:14:14.492,19.726543245440098
2025-11-05 11:14:15.518,19.747852662646892
2025-11-05 11:14:16.549,19.76837284217936
2025-11-05 11:14:17.579,19.771529792876663
2025-11-05 11:14:18.610,19.74469571194959
2025-11-05 11:14:19.638,19.745484949623915
2025-11-05 11:14:20.665,19.745484949623915
2025-11-05 11:14:21.696,19.73917104822931
2025-11-05 11:14:22.725,19.710758491953584
2025-11-05 11:14:23.756,19.747852662646892
2025-11-05 11:14:24.783,19.715493917999538
2025-11-05 11:14:25.811,19.712336967302235
2025-11-05 11:14:26.840,19.754166564041498
2025-11-05 11:14:27.870,19.70760154125628
2025-11-05 11:14:28.899,19.745484949623915
2025-11-05 11:14:29.925,19.73522485985768
2025-11-05 11:14:30.953,19.743117236600938
2025-11-05 11:14:31.979,19.759691227761778
2025-11-05 11:14:33.005,19.751009613344195
2025-11-05 11:14:34.036,19.749431137995543
2025-11-05 11:14:35.063,19.726543245440098
2025-11-05 11:14:36.093,19.742327998926612
2025-11-05 11:14:37.123,19.749431137995543
2025-11-05 11:14:38.149,19.702076877536
2025-11-05 11:14:39.178,19.762058940784755
2025-11-05 11:14:40.209,19.732857146834704
2025-11-05 11:14:41.236,19.736014097532006
2025-11-05 11:14:42.261,19.74469571194959
2025-11-05 11:14:43.288,19.72417553241712
2025-11-05 11:14:44.317,19.756534277064475
2025-11-05 11:14:45.346,19.758901990087452
2025-11-05 11:14:46.369,19.77547598124829
2025-11-05 11:14:47.397,19.747063424972566
2025-11-05 11:14:48.426,19.763637416133406
2025-11-05 11:14:49.454,19.747063424972566
2025-11-05 11:14:50.485,19.69497373846707
2025-11-05 11:14:51.513,19.760480465436103
2025-11-05 11:14:52.542,19.747063424972566
2025-11-05 11:14:53.573,19.74627418729824
2025-11-05 11:14:54.603,19.752588088692846
2025-11-05 11:14:55.631,19.747063424972566
2025-11-05 11:14:56.662,19.756534277064475
2025-11-05 11:14:57.690,19.75179885101852
2025-11-05 11:14:58.718,19.75022037566987
2025-11-05 11:14:59.743,19.739960285903635
2025-11-05 11:15:00.772,19.765215891482057
2025-11-05 11:15:01.801,19.736014097532006
2025-11-05 11:15:02.827,19.743906474275263
2025-11-05 11:15:03.853,19.756534277064475
2025-11-05 11:15:04.883,19.747063424972566
2025-11-05 11:15:05.912,19.754166564041498
2025-11-05 11:15:06.943,19.74074952357796
2025-11-05 11:15:07.966,19.74074952357796
2025-11-05 11:15:08.992,19.69655221381572
2025-11-05 11:15:10.018,19.754166564041498
2025-11-05 11:15:11.050,19.738381810554984
2025-11-05 11:15:12.072,19.754955801715823
2025-11-05 11:15:13.103,19.738381810554984
2025-11-05 11:15:14.130,19.778632931945594
2025-11-05 11:15:15.157,19.737592572880658
2025-11-05 11:15:16.183,19.769162079853686
2025-11-05 11:15:17.212,19.748641900321218
2025-11-05 11:15:18.237,19.743906474275263
2025-11-05 11:15:19.263,19.71312620497656
2025-11-05 11:15:20.290,19.74074952357796
2025-11-05 11:15:21.317,19.72812172078875
2025-11-05 11:15:22.349,19.7573235147388
2025-11-05 11:15:23.376,19.753377326367172
2025-11-05 11:15:24.399,19.742327998926612
2025-11-05 11:15:25.426,19.747063424972566
2025-11-05 11:15:26.452,19.76284817845908
2025-11-05 11:15:27.482,19.739960285903635
2025-11-05 11:15:28.514,19.732067909160378
2025-11-05 11:15:29.546,19.752588088692846
2025-11-05 11:15:30.572,19.754166564041498
2025-11-05 11:15:31.598,19.74627418729824
2025-11-05 11:15:32.623,19.709180016604932
2025-11-05 11:15:33.648,19.749431137995543
2025-11-05 11:15:34.678,19.75179885101852
2025-11-05 11:15:35.710,19.737592572880658
2025-11-05 11:15:36.740,19.721018581719818
2025-11-05 11:15:37.767,19.74469571194959
2025-11-05 11:15:38.795,19.721807819394144
2025-11-05 11:15:39.822,19.742327998926612
2025-11-05 11:15:40.849,19.756534277064475
2025-11-05 11:15:41.879,19.702076877536
2025-11-05 11:15:42.910,19.73917104822931
2025-11-05 11:15:43.940,19.74074952357796
2025-11-05 11:15:44.970,19.736014097532006
2025-11-05 11:15:45.995,19.727332483114424
2025-11-05 11:15:47.024,19.743906474275263
2025-11-05 11:15:48.052,19.747852662646892
2025-11-05 11:15:49.082,19.74469571194959
2025-11-05 11:15:50.112,19.739960285903635
2025-11-05 11:15:51.143,19.74074952357796
2025-11-05 11:15:52.169,19.742327998926612
2025-11-05 11:15:53.198,19.749431137995543
2025-11-05 11:15:54.229,19.739960285903635
2025-11-05 11:15:55.257,19.72417553241712
2025-11-05 11:15:56.288,19.738381810554984
2025-11-05 11:15:57.318,19.72417553241712
2025-11-05 11:15:58.347,19.710758491953584
2025-11-05 11:15:59.378,19.72812172078875
2025-11-05 11:16:00.408,19.751009613344195
2025-11-05 11:16:01.435,19.763637416133406
2025-11-05 11:16:02.466,19.732857146834704
2025-11-05 11:16:03.498,19.742327998926612
2025-11-05 11:16:04.526,19.74469571194959
2025-11-05 11:16:05.555,19.758901990087452
2025-11-05 11:16:06.583,19.721018581719818
2025-11-05 11:16:07.609,19.748641900321218
2025-11-05 11:16:08.636,19.71312620497656
2025-11-05 11:16:09.662,19.754166564041498
2025-11-05 11:16:10.687,19.734435622183355
2025-11-05 11:16:11.712,19.74627418729824
2025-11-05 11:16:12.743,19.743117236600938
2025-11-05 11:16:13.774,19.71865086869684
2025-11-05 11:16:14.800,19.743906474275263
2025-11-05 11:16:15.825,19.756534277064475
2025-11-05 11:16:16.850,19.738381810554984
2025-11-05 11:16:17.877,19.747852662646892
2025-11-05 11:16:18.901,19.717861631022515
2025-11-05 11:16:19.927,19.764426653807732
2025-11-05 11:16:20.954,19.747852662646892
2025-11-05 11:16:21.982,19.754955801715823
2025-11-05 11:16:23.008,19.74469571194959
2025-11-05 11:16:24.035,19.74074952357796
2025-11-05 11:16:25.063,19.75574503939015
2025-11-05 11:16:26.089,19.737592572880658
2025-11-05 11:16:27.116,19.747063424972566
2025-11-05 11:16:28.144,19.737592572880658
2025-11-05 11:16:29.170,19.748641900321218
2025-11-05 11:16:30.197,19.710758491953584
2025-11-05 11:16:31.224,19.743906474275263
2025-11-05 11:16:32.255,19.74074952357796
2025-11-05 11:16:33.281,19.728910958463075
2025-11-05 11:16:34.308,19.74074952357796
2025-11-05 11:16:35.338,19.749431137995543
2025-11-05 11:16:36.363,19.754955801715823
2025-11-05 11:16:37.389,19.74627418729824
2025-11-05 11:16:38.415,19.737592572880658
2025-11-05 11:16:39.440,19.747852662646892
2025-11-05 11:16:40.472,19.748641900321218
2025-11-05 11:16:41.500,19.74469571194959
2025-11-05 11:16:42.529,19.738381810554984
2025-11-05 11:16:43.556,19.758112752413126
2025-11-05 11:16:44.586,19.754955801715823
2025-11-05 11:16:45.613,19.734435622183355
2025-11-05 11:16:46.639,19.73522485985768
2025-11-05 11:16:47.666,19.758112752413126
2025-11-05 11:16:48.692,19.739960285903635
2025-11-05 11:16:49.718,19.743906474275263
2025-11-05 11:16:50.743,19.747852662646892
2025-11-05 11:16:51.768,19.72259705706847
2025-11-05 11:16:52.793,19.7573235147388
2025-11-05 11:16:53.818,19.742327998926612
2025-11-05 11:16:54.845,19.74627418729824
2025-11-05 11:16:55.871,19.7297001961374
2025-11-05 11:16:56.902,19.758112752413126
2025-11-05 11:16:57.925,19.747852662646892
2025-11-05 11:16:58.948,19.741538761252286
2025-11-05 11:16:59.971,19.74074952357796
2025-11-05 11:17:00.999,19.747852662646892
2025-11-05 11:17:02.023,19.73917104822931
2025-11-05 11:17:03.049,19.736014097532006
2025-11-05 11:17:04.072,19.756534277064475
2025-11-05 11:17:05.095,19.73522485985768
2025-11-05 11:17:06.118,19.745484949623915
2025-11-05 11:17:07.143,19.748641900321218
2025-11-05 11:17:08.172,19.748641900321218
2025-11-05 11:17:09.201,19.74627418729824
2025-11-05 11:17:10.225,19.745484949623915
2025-11-05 11:17:11.248,19.68234593567786
2025-11-05 11:17:12.272,19.72417553241712
2025-11-05 11:17:13.302,19.758112752413126
2025-11-05 11:17:14.329,19.748641900321218
2025-11-05 11:17:15.354,19.751009613344195
2025-11-05 11:17:16.376,19.749431137995543
2025-11-05 11:17:17.400,19.741538761252286
2025-11-05 11:17:18.423,19.747063424972566
2025-11-05 11:17:19.457,19.764426653807732
2025-11-05 11:17:20.489,19.71865086869684
2025-11-05 11:17:21.515,19.74074952357796
2025-11-05 11:17:22.541,19.732857146834704
2025-11-05 11:17:23.566,19.745484949623915
2025-11-05 11:17:24.594,19.754955801715823
2025-11-05 11:17:25.621,19.741538761252286
2025-11-05 11:17:26.648,19.74627418729824
2025-11-05 11:17:27.676,19.766005129156383
2025-11-05 11:17:28.705,19.758112752413126
2025-11-05 11:17:29.732,19.765215891482057
2025-11-05 11:17:30.760,19.75179885101852
2025-11-05 11:17:31.788,19.743117236600938
2025-11-05 11:17:32.817,19.742327998926612
2025-11-05 11:17:33.845,19.719440106371167
2025-11-05 11:17:34.871,19.75022037566987
2025-11-05 11:17:35.895,19.73364638450903
2025-11-05 11:17:36.923,19.756534277064475
2025-11-05 11:17:37.950,19.769162079853686
2025-11-05 11:17:38.976,19.751009613344195
2025-11-05 11:17:40.002,19.747852662646892
2025-11-05 11:17:41.032,19.774686743573966
2025-11-05 11:17:42.058,19.73522485985768
2025-11-05 11:17:43.083,19.73917104822931
2025-11-05 11:17:44.109,19.738381810554984
2025-11-05 11:17:45.135,19.74627418729824
2025-11-05 11:17:46.161,19.736014097532006
2025-11-05 11:17:47.185,19.753377326367172
2025-11-05 11:17:48.211,19.763637416133406
2025-11-05 11:17:49.238,19.74469571194959
2025-11-05 11:17:50.264,19.736803335206332
2025-11-05 11:17:51.292,19.751009613344195
2025-11-05 11:17:52.320,19.741538761252286
2025-11-05 11:17:53.350,19.74469571194959
2025-11-05 11:17:54.377,19.770740555202337
2025-11-05 11:17:55.404,19.74469571194959
2025-11-05 11:17:56.430,19.74074952357796
2025-11-05 11:17:57.455,19.754166564041498
2025-11-05 11:17:58.481,19.758901990087452
2025-11-05 11:17:59.510,19.754166564041498
2025-11-05 11:18:00.536,19.730489433811726
2025-11-05 11:18:01.563,19.741538761252286
2025-11-05 11:18:02.592,19.74627418729824
2025-11-05 11:18:03.617,19.75179885101852
2025-11-05 11:18:04.643,19.74469571194959
2025-11-05 11:18:05.669,19.72417553241712
2025-11-05 11:18:06.695,19.70602306590763
2025-11-05 11:18:07.722,19.75022037566987
2025-11-05 11:18:08.748,19.734435622183355
2025-11-05 11:18:09.776,19.717861631022515
2025-11-05 11:18:10.804,19.732067909160378
2025-11-05 11:18:11.830,19.688659837072464
2025-11-05 11:18:12.856,19.739960285903635
2025-11-05 11:18:13.886,19.745484949623915
2025-11-05 11:18:14.912,19.717861631022515
2025-11-05 11:18:15.939,19.754955801715823
2025-11-05 11:18:16.966,19.758901990087452
2025-11-05 11:18:17.993,19.703655352884653
2025-11-05 11:18:19.022,19.742327998926612
2025-11-05 11:18:20.049,19.736803335206332
2025-11-05 11:18:21.076,19.759691227761778
2025-11-05 11:18:22.100,19.739960285903635
2025-11-05 11:18:23.129,19.701287639861675
2025-11-05 11:18:24.155,19.742327998926612
2025-11-05 11:18:25.183,19.751009613344195
2025-11-05 11:18:26.209,19.72417553241712
2025-11-05 11:18:27.232,19.741538761252286
2025-11-05 11:18:28.258,19.766005129156383
2025-11-05 11:18:29.284,19.74074952357796
2025-11-05 11:18:30.307,19.741538761252286
2025-11-05 11:18:31.336,19.767583604505035
2025-11-05 11:18:32.364,19.749431137995543
2025-11-05 11:18:33.391,19.741538761252286
2025-11-05 11:18:34.417,19.743906474275263
2025-11-05 11:18:35.443,19.728910958463075
2025-11-05 11:18:36.471,19.72812172078875
2025-11-05 11:18:37.496,19.725754007765772
2025-11-05 11:18:38.522,19.747852662646892
2025-11-05 11:18:39.548,19.742327998926612
2025-11-05 11:18:40.575,19.753377326367172
2025-11-05 11:18:41.600,19.74469571194959
2025-11-05 11:18:42.627,19.72812172078875
2025-11-05 11:18:43.652,19.743117236600938
2025-11-05 11:18:44.678,19.748641900321218
2025-11-05 11:18:45.703,19.73364638450903
2025-11-05 11:18:46.732,19.695762976141395
2025-11-05 11:18:47.762,19.76284817845908
2025-11-05 11:18:48.787,19.756534277064475
2025-11-05 11:18:49.812,19.74627418729824
2025-11-05 11:18:50.839,19.747852662646892
2025-11-05 11:18:51.865,19.720229344045492
2025-11-05 11:18:52.892,19.724964770091447
2025-11-05 11:18:53.918,19.76284817845908
2025-11-05 11:18:54.944,19.743906474275263
2025-11-05 11:18:55.972,19.74469571194959
2025-11-05 11:18:57.000,19.758112752413126
2025-11-05 11:18:58.026,19.721018581719818
2025-11-05 11:18:59.056,19.727332483114424
2025-11-05 11:19:00.084,19.754955801715823
2025-11-05 11:19:01.113,19.763637416133406
2025-11-05 11:19:02.138,19.747063424972566
2025-11-05 11:19:03.165,19.72812172078875
2025-11-05 11:19:04.192,19.751009613344195
2025-11-05 11:19:05.218,19.6989199268387
2025-11-05 11:19:06.243,19.74627418729824
2025-11-05 11:19:07.270,19.714704680325212
2025-11-05 11:19:08.293,19.738381810554984
2025-11-05 11:19:09.319,19.737592572880658
2025-11-05 11:19:10.345,19.74627418729824
2025-11-05 11:19:11.372,19.748641900321218
2025-11-05 11:19:12.398,19.765215891482057
2025-11-05 11:19:13.428,19.74469571194959
2025-11-05 11:19:14.458,19.77389750589964
2025-11-05 11:19:15.486,19.7573235147388
2025-11-05 11:19:16.513,19.708390778930607
2025-11-05 11:19:17.538,19.741538761252286
2025-11-05 11:19:18.567,19.77231903055099
2025-11-05 11:19:19.594,19.751009613344195
2025-11-05 11:19:20.621,19.752588088692846
2025-11-05 11:19:21.648,19.73917104822931
2025-11-05 11:19:22.673,19.74074952357796
2025-11-05 11:19:23.700,19.760480465436103
2025-11-05 11:19:24.730,19.747063424972566
2025-11-05 11:19:25.755,19.741538761252286
2025-11-05 11:19:26.781,19.747852662646892
2025-11-05 11:19:27.807,19.749431137995543
2025-11-05 11:19:28.832,19.731278671486052
2025-11-05 11:19:29.856,19.747063424972566
2025-11-05 11:19:30.882,19.762058940784755
2025-11-05 11:19:31.910,19.742327998926612
2025-11-05 11:19:32.937,19.74627418729824
2025-11-05 11:19:33.965,19.726543245440098
2025-11-05 11:19:34.994,19.748641900321218
2025-11-05 11:19:36.021,19.7573235147388
2025-11-05 11:19:37.047,19.736803335206332
2025-11-05 11:19:38.071,19.743117236600938
2025-11-05 11:19:39.096,19.747852662646892
2025-11-05 11:19:40.122,19.748641900321218
2025-11-05 11:19:41.148,19.747852662646892
2025-11-05 11:19:42.173,19.77231903055099
2025-11-05 11:19:43.199,19.71865086869684
2025-11-05 11:19:44.224,19.7573235147388
2025-11-05 11:19:45.250,19.747852662646892
2025-11-05 11:19:46.273,19.751009613344195
2025-11-05 11:19:47.301,19.731278671486052
2025-11-05 11:19:48.327,19.72812172078875
2025-11-05 11:19:49.354,19.765215891482057
2025-11-05 11:19:50.383,19.76126970311043
2025-11-05 11:19:51.405,19.749431137995543
2025-11-05 11:19:52.431,19.717861631022515
2025-11-05 11:19:53.458,19.736803335206332
2025-11-05 11:19:54.484,19.74627418729824
2025-11-05 11:19:55.512,19.737592572880658
2025-11-05 11:19:56.539,19.743117236600938
2025-11-05 11:19:57.568,19.762058940784755
2025-11-05 11:19:58.594,19.754955801715823
2025-11-05 11:19:59.620,19.727332483114424
2025-11-05 11:20:00.648,19.760480465436103
2025-11-05 11:20:01.676,19.749431137995543
2025-11-05 11:20:02.700,19.77389750589964
2025-11-05 11:20:03.731,19.739960285903635
2025-11-05 11:20:04.757,19.76284817845908
2025-11-05 11:20:05.784,19.75179885101852
2025-11-05 11:20:06.810,19.751009613344195
2025-11-05 11:20:07.834,19.747852662646892
2025-11-05 11:20:08.860,19.736803335206332
2025-11-05 11:20:09.887,19.736803335206332
2025-11-05 11:20:10.912,19.70049840218735
2025-11-05 11:20:11.936,19.75022037566987
2025-11-05 11:20:12.962,19.705233828233304
2025-11-05 11:20:13.989,19.720229344045492
2025-11-05 11:20:15.014,19.75022037566987
2025-11-05 11:20:16.041,19.756534277064475
2025-11-05 11:20:17.067,19.742327998926612
2025-11-05 11:20:18.092,19.766005129156383
2025-11-05 11:20:19.120,19.73917104822931
2025-11-05 11:20:20.143,19.747063424972566
2025-11-05 11:20:21.167,19.75179885101852
2025-11-05 11:20:22.190,19.74469571194959
2025-11-05 11:20:23.214,19.759691227761778
2025-11-05 11:20:24.237,19.76284817845908
2025-11-05 11:20:25.261,19.73917104822931
2025-11-05 11:20:26.286,19.75574503939015
2025-11-05 11:20:27.310,19.7573235147388
2025-11-05 11:20:28.334,19.737592572880658
2025-11-05 11:20:29.359,19.736014097532006
2025-11-05 11:20:30.382,19.74627418729824
2025-11-05 11:20:31.406,19.75179885101852
2025-11-05 11:20:32.430,19.705233828233304
2025-11-05 11:20:33.460,19.765215891482057
2025-11-05 11:20:34.484,19.759691227761778
2025-11-05 11:20:35.508,19.74074952357796
2025-11-05 11:20:36.531,19.723386294742795
2025-11-05 11:20:37.554,19.747063424972566
2025-11-05 11:20:38.579,19.738381810554984
2025-11-05 11:20:39.606,19.758112752413126
2025-11-05 11:20:40.636,19.730489433811726
2025-11-05 11:20:41.659,19.743906474275263
2025-11-05 11:20:42.689,19.743117236600938
2025-11-05 11:20:43.716,19.747852662646892
2025-11-05 11:20:44.744,19.741538761252286
2025-11-05 11:20:45.774,19.74469571194959
2025-11-05 11:20:46.798,19.730489433811726
2025-11-05 11:20:47.827,19.75179885101852
2025-11-05 11:20:48.856,19.741538761252286
2025-11-05 11:20:49.884,19.721018581719818
2025-11-05 11:20:50.914,19.742327998926612
2025-11-05 11:20:51.943,19.737592572880658
2025-11-05 11:20:52.970,19.75179885101852
2025-11-05 11:20:53.998,19.751009613344195
2025-11-05 11:20:55.028,19.715493917999538
2025-11-05 11:20:56.055,19.753377326367172
2025-11-05 11:20:57.082,19.764426653807732
2025-11-05 11:20:58.108,19.730489433811726
2025-11-05 11:20:59.134,19.72259705706847
2025-11-05 11:21:00.160,19.743117236600938
2025-11-05 11:21:01.188,19.745484949623915
2025-11-05 11:21:02.216,19.742327998926612
2025-11-05 11:21:03.239,19.754166564041498
2025-11-05 11:21:04.268,19.747063424972566
2025-11-05 11:21:05.297,19.76284817845908
2025-11-05 11:21:06.324,19.75179885101852
2025-11-05 11:21:07.349,19.72812172078875
2025-11-05 11:21:08.376,19.68550288637516
2025-11-05 11:21:09.404,19.745484949623915
2025-11-05 11:21:10.431,19.74469571194959
2025-11-05 11:21:11.460,19.7573235147388
2025-11-05 11:21:12.487,19.726543245440098
2025-11-05 11:21:13.515,19.715493917999538
2025-11-05 11:21:14.545,19.748641900321218
2025-11-05 11:21:15.574,19.742327998926612
2025-11-05 11:21:16.602,19.74627418729824
2025-11-05 11:21:17.631,19.739960285903635
2025-11-05 11:21:18.658,19.719440106371167
2025-11-05 11:21:19.688,19.731278671486052
2025-11-05 11:21:20.716,19.736803335206332
2025-11-05 11:21:21.745,19.743906474275263
2025-11-05 11:21:22.768,19.747063424972566
2025-11-05 11:21:23.798,19.756534277064475
2025-11-05 11:21:24.826,19.721018581719818
2025-11-05 11:21:25.853,19.690238312421116
2025-11-05 11:21:26.880,19.742327998926612
2025-11-05 11:21:27.909,19.73917104822931
2025-11-05 11:21:28.937,19.747852662646892
2025-11-05 11:21:29.968,19.73917104822931
2025-11-05 11:21:30.996,19.687081361723813
2025-11-05 11:21:32.023,19.756534277064475
2025-11-05 11:21:33.052,19.732857146834704
2025-11-05 11:21:34.082,19.737592572880658
2025-11-05 11:21:35.108,19.751009613344195
2025-11-05 11:21:36.134,19.72259705706847
2025-11-05 11:21:37.161,19.72259705706847
2025-11-05 11:21:38.189,19.747063424972566
2025-11-05 11:21:39.216,19.73522485985768
2025-11-05 11:21:40.244,19.734435622183355
2025-11-05 11:21:41.269,19.71865086869684
2025-11-05 11:21:42.294,19.743117236600938
2025-11-05 11:21:43.321,19.743117236600938
2025-11-05 11:21:44.349,19.736803335206332
2025-11-05 11:21:45.376,19.758901990087452
2025-11-05 11:21:46.404,19.771529792876663
2025-11-05 11:21:47.431,19.736803335206332
2025-11-05 11:21:48.459,19.721807819394144
2025-11-05 11:21:49.483,19.738381810554984
2025-11-05 11:21:50.509,19.732857146834704
2025-11-05 11:21:51.534,19.745484949623915
2025-11-05 11:21:52.561,19.75574503939015
2025-11-05 11:21:53.585,19.728910958463075
2025-11-05 11:21:54.615,19.751009613344195
2025-11-05 11:21:55.643,19.74469571194959
2025-11-05 11:21:56.669,19.725754007765772
2025-11-05 11:21:57.694,19.754955801715823
2025-11-05 11:21:58.723,19.732067909160378
2025-11-05 11:21:59.748,19.74627418729824
2025-11-05 11:22:00.777,19.732857146834704
2025-11-05 11:22:01.804,19.739960285903635
2025-11-05 11:22:02.834,19.76284817845908
2025-11-05 11:22:03.862,19.730489433811726
2025-11-05 11:22:04.891,19.723386294742795
2025-11-05 11:22:05.921,19.74627418729824
2025-11-05 11:22:06.948,19.75022037566987
2025-11-05 11:22:07.975,19.760480465436103
2025-11-05 11:22:09.004,19.73522485985768
2025-11-05 11:22:10.033,19.738381810554984
2025-11-05 11:22:11.062,19.736014097532006
2025-11-05 11:22:12.091,19.730489433811726
2025-11-05 11:22:13.120,19.721807819394144
2025-11-05 11:22:14.144,19.732067909160378
2025-11-05 11:22:15.172,19.717861631022515
2025-11-05 11:22:16.200,19.74469571194959
2025-11-05 11:22:17.227,19.764426653807732
2025-11-05 11:22:18.252,19.760480465436103
2025-11-05 11:22:19.278,19.74469571194959
2025-11-05 11:22:20.303,19.741538761252286
2025-11-05 11:22:21.331,19.747063424972566
2025-11-05 11:22:22.355,19.754955801715823
2025-11-05 11:22:23.381,19.737592572880658
2025-11-05 11:22:24.406,19.745484949623915
2025-11-05 11:22:25.432,19.732857146834704
2025-11-05 11:22:26.458,19.748641900321218
2025-11-05 11:22:27.484,19.730489433811726
2025-11-05 11:22:28.509,19.739960285903635
2025-11-05 11:22:29.535,19.741538761252286
2025-11-05 11:22:30.561,19.706812303581955
2025-11-05 11:22:31.587,19.708390778930607
2025-11-05 11:22:32.614,19.737592572880658
2025-11-05 11:22:33.641,19.7297001961374
2025-11-05 11:22:34.667,19.74074952357796
2025-11-05 11:22:35.694,19.765215891482057
2025-11-05 11:22:36.722,19.739960285903635
2025-11-05 11:22:37.750,19.745484949623915
2025-11-05 11:22:38.778,19.728910958463075
2025-11-05 11:22:39.804,19.72812172078875
2025-11-05 11:22:40.829,19.758112752413126
2025-11-05 11:22:41.856,19.739960285903635
2025-11-05 11:22:42.882,19.739960285903635
2025-11-05 11:22:43.910,19.732857146834704
2025-11-05 11:22:44.936,19.74469571194959
2025-11-05 11:22:45.963,19.74469571194959
2025-11-05 11:22:46.988,19.739960285903635
2025-11-05 11:22:48.016,19.742327998926612
2025-11-05 11:22:49.042,19.758112752413126
2025-11-05 11:22:50.068,19.73917104822931
2025-11-05 11:22:51.094,19.725754007765772
2025-11-05 11:22:52.119,19.73917104822931
2025-11-05 11:22:53.147,19.748641900321218
2025-11-05 11:22:54.173,19.769162079853686
2025-11-05 11:22:55.199,19.776265218922617
2025-11-05 11:22:56.225,19.747063424972566
2025-11-05 11:22:57.251,19.741538761252286
2025-11-05 11:22:58.277,19.74469571194959
2025-11-05 11:22:59.303,19.74074952357796
2025-11-05 11:23:00.329,19.741538761252286
2025-11-05 11:23:01.357,19.74074952357796
2025-11-05 11:23:02.385,19.759691227761778
2025-11-05 11:23:03.412,19.763637416133406
2025-11-05 11:23:04.439,19.75179885101852
2025-11-05 11:23:05.467,19.749431137995543
2025-11-05 11:23:06.494,19.745484949623915
2025-11-05 11:23:07.521,19.771529792876663
2025-11-05 11:23:08.545,19.76284817845908
2025-11-05 11:23:09.573,19.739960285903635
2025-11-05 11:23:10.599,19.743906474275263
2025-11-05 11:23:11.626,19.70444459055898
2025-11-05 11:23:12.651,19.736803335206332
2025-11-05 11:23:13.679,19.701287639861675
2025-11-05 11:23:14.707,19.737592572880658
2025-11-05 11:23:15.733,19.75574503939015
2025-11-05 11:23:16.758,19.702866115210327
2025-11-05 11:23:17.784,19.68392441102651
2025-11-05 11:23:18.809,19.743117236600938
2025-11-05 11:23:19.836,19.747852662646892
2025-11-05 11:23:20.865,19.745484949623915
2025-11-05 11:23:21.892,19.731278671486052
2025-11-05 11:23:22.918,19.703655352884653
2025-11-05 11:23:23.944,19.741538761252286
2025-11-05 11:23:24.968,19.743117236600938
2025-11-05 11:23:25.995,19.728910958463075
2025-11-05 11:23:27.023,19.749431137995543
2025-11-05 11:23:28.048,19.741538761252286
2025-11-05 11:23:29.074,19.743906474275263
2025-11-05 11:23:30.102,19.7573235147388
2025-11-05 11:23:31.129,19.776265218922617
2025-11-05 11:23:32.155,19.741538761252286
2025-11-05 11:23:33.182,19.76679436683071
2025-11-05 11:23:34.207,19.75179885101852
2025-11-05 11:23:35.233,19.719440106371167
2025-11-05 11:23:36.261,19.741538761252286
2025-11-05 11:23:37.286,19.74627418729824
2025-11-05 11:23:38.313,19.714704680325212
2025-11-05 11:23:39.339,19.741538761252286
2025-11-05 11:23:40.368,19.765215891482057
2025-11-05 11:23:41.394,19.748641900321218
2025-11-05 11:23:42.417,19.753377326367172
2025-11-05 11:23:43.441,19.71154772962791
2025-11-05 11:23:44.464,19.72812172078875
2025-11-05 11:23:45.487,19.73917104822931
2025-11-05 11:23:46.511,19.72259705706847
2025-11-05 11:23:47.536,19.69655221381572
2025-11-05 11:23:48.560,19.742327998926612
2025-11-05 11:23:49.585,19.741538761252286
2025-11-05 11:23:50.608,19.732067909160378
2025-11-05 11:23:51.632,19.697341451490047
2025-11-05 11:23:52.655,19.745484949623915
2025-11-05 11:23:53.683,19.727332483114424
2025-11-05 11:23:54.711,19.68392441102651
2025-11-05 11:23:55.735,19.72259705706847
2025-11-05 11:23:56.759,19.743906474275263
2025-11-05 11:23:57.782,19.741538761252286
2025-11-05 11:23:58.805,19.6989199268387
2025-11-05 11:23:59.829,19.73522485985768
2025-11-05 11:24:00.857,19.759691227761778
2025-11-05 11:24:01.882,19.7573235147388
2025-11-05 11:24:02.911,19.74627418729824
2025-11-05 11:24:03.943,19.743117236600938
2025-11-05 11:24:04.970,19.753377326367172
2025-11-05 11:24:05.996,19.74074952357796
2025-11-05 11:24:07.021,19.74469571194959
2025-11-05 11:24:08.048,19.76126970311043
2025-11-05 11:24:09.072,19.74074952357796
2025-11-05 11:24:10.099,19.737592572880658
2025-11-05 11:24:11.126,19.73917104822931
2025-11-05 11:24:12.150,19.732067909160378
2025-11-05 11:24:13.176,19.736803335206332
2025-11-05 11:24:14.201,19.694184500792744
2025-11-05 11:24:15.229,19.73917104822931
2025-11-05 11:24:16.254,19.751009613344195
2025-11-05 11:24:17.280,19.749431137995543
2025-11-05 11:24:18.308,19.74074952357796
2025-11-05 11:24:19.334,19.74627418729824
2025-11-05 11:24:20.361,19.74627418729824
2025-11-05 11:24:21.388,19.747063424972566
2025-11-05 11:24:22.412,19.747063424972566
2025-11-05 11:24:23.438,19.745484949623915
2025-11-05 11:24:24.464,19.742327998926612
2025-11-05 11:24:25.493,19.728910958463075
2025-11-05 11:24:26.520,19.74074952357796
2025-11-05 11:24:27.546,19.76284817845908
2025-11-05 11:24:28.572,19.754955801715823
2025-11-05 11:24:29.599,19.742327998926612
2025-11-05 11:24:30.627,19.743117236600938
2025-11-05 11:24:31.654,19.74627418729824
2025-11-05 11:24:32.683,19.73364638450903
2025-11-05 11:24:33.712,19.74627418729824
2025-11-05 11:24:34.738,19.749431137995543
2025-11-05 11:24:35.764,19.69497373846707
2025-11-05 11:24:36.790,19.76126970311043
2025-11-05 11:24:37.815,19.71865086869684
2025-11-05 11:24:38.842,19.766005129156383
2025-11-05 11:24:39.868,19.77231903055099
2025-11-05 11:24:40.894,19.7297001961374
2025-11-05 11:24:41.918,19.76837284217936
2025-11-05 11:24:42.946,19.758112752413126
2025-11-05 11:24:43.972,19.75179885101852
2025-11-05 11:24:44.999,19.73364638450903
2025-11-05 11:24:46.027,19.724964770091447
2025-11-05 11:24:47.052,19.747063424972566
2025-11-05 11:24:48.080,19.760480465436103
2025-11-05 11:24:49.105,19.74469571194959
2025-11-05 11:24:50.131,19.749431137995543
2025-11-05 11:24:51.157,19.70760154125628
2025-11-05 11:24:52.186,19.78100064496857
2025-11-05 11:24:53.213,19.75022037566987
2025-11-05 11:24:54.240,19.76679436683071
2025-11-05 11:24:55.267,19.743117236600938
2025-11-05 11:24:56.295,19.749431137995543
2025-11-05 11:24:57.321,19.74469571194959
2025-11-05 11:24:58.353,19.736803335206332
2025-11-05 11:24:59.379,19.766005129156383
2025-11-05 11:25:00.404,19.732857146834704
2025-11-05 11:25:01.431,19.76126970311043
2025-11-05 11:25:02.456,19.754166564041498
2025-11-05 11:25:03.479,19.76126970311043
2025-11-05 11:25:04.506,19.726543245440098
2025-11-05 11:25:05.531,19.758112752413126
2025-11-05 11:25:06.558,19.751009613344195
2025-11-05 11:25:07.584,19.748641900321218
2025-11-05 11:25:08.609,19.748641900321218
2025-11-05 11:25:09.637,19.759691227761778
2025-11-05 11:25:10.663,19.754166564041498
2025-11-05 11:25:11.689,19.702866115210327
2025-11-05 11:25:12.714,19.754166564041498
2025-11-05 11:25:13.740,19.741538761252286
2025-11-05 11:25:14.766,19.75574503939015
2025-11-05 11:25:15.793,19.71707239334819
2025-11-05 11:25:16.819,19.745484949623915
2025-11-05 11:25:17.847,19.706812303581955
2025-11-05 11:25:18.873,19.754955801715823
2025-11-05 11:25:19.902,19.74469571194959
2025-11-05 11:25:20.932,19.74627418729824
2025-11-05 11:25:21.961,19.749431137995543
2025-11-05 11:25:22.989,19.726543245440098
2025-11-05 11:25:24.017,19.727332483114424
2025-11-05 11:25:25.042,19.748641900321218
2025-11-05 11:25:26.071,19.743117236600938
2025-11-05 11:25:27.096,19.76284817845908
2025-11-05 11:25:28.122,19.773108268225315
2025-11-05 11:25:29.147,19.77547598124829
2025-11-05 11:25:30.174,19.70760154125628
2025-11-05 11:25:31.201,19.74627418729824
2025-11-05 11:25:32.228,19.756534277064475
2025-11-05 11:25:33.255,19.754166564041498
2025-11-05 11:25:34.280,19.76995131752801
2025-11-05 11:25:35.307,19.74074952357796
2025-11-05 11:25:36.337,19.738381810554984
2025-11-05 11:25:37.363,19.715493917999538
2025-11-05 11:25:38.392,19.754166564041498
2025-11-05 11:25:39.418,19.75022037566987
2025-11-05 11:25:40.460,19.730489433811726
2025-11-05 11:25:41.486,19.754955801715823
2025-11-05 11:25:42.513,19.762058940784755
2025-11-05 11:25:43.537,19.752588088692846
2025-11-05 11:25:44.562,19.77231903055099
2025-11-05 11:25:45.588,19.74627418729824
2025-11-05 11:25:46.616,19.74074952357796
2025-11-05 11:25:47.645,19.753377326367172
2025-11-05 11:25:48.673,19.77389750589964
2025-11-05 11:25:49.700,19.778632931945594
2025-11-05 11:25:50.726,19.713915442650887
2025-11-05 11:25:51.753,19.76284817845908
2025-11-05 11:25:52.779,19.75022037566987
2025-11-05 11:25:53.805,19.749431137995543
2025-11-05 11:25:54.832,19.754166564041498
2025-11-05 11:25:55.859,19.754955801715823
2025-11-05 11:25:56.885,19.737592572880658
2025-11-05 11:25:57.910,19.751009613344195
2025-11-05 11:25:58.944,19.758112752413126
2025-11-05 11:25:59.974,19.73364638450903
2025-11-05 11:26:01.004,19.758901990087452
2025-11-05 11:26:02.031,19.747852662646892
2025-11-05 11:26:03.057,19.753377326367172
2025-11-05 11:26:04.085,19.78889302171183
2025-11-05 11:26:05.110,19.774686743573966
2025-11-05 11:26:06.138,19.75179885101852
2025-11-05 11:26:07.163,19.7573235147388
2025-11-05 11:26:08.189,19.745484949623915
2025-11-05 11:26:09.218,19.725754007765772
2025-11-05 11:26:10.243,19.769162079853686
2025-11-05 11:26:11.268,19.754955801715823
2025-11-05 11:26:12.297,19.74627418729824
2025-11-05 11:26:13.322,19.764426653807732
2025-11-05 11:26:14.349,19.752588088692846
2025-11-05 11:26:15.379,19.745484949623915
2025-11-05 11:26:16.407,19.7573235147388
2025-11-05 11:26:17.431,19.709969254279258
2025-11-05 11:26:18.456,19.745484949623915
2025-11-05 11:26:19.481,19.742327998926612
2025-11-05 11:26:20.506,19.753377326367172
2025-11-05 11:26:21.532,19.725754007765772
2025-11-05 11:26:22.558,19.748641900321218
2025-11-05 11:26:23.584,19.751009613344195
2025-11-05 11:26:24.611,19.771529792876663
2025-11-05 11:26:25.639,19.756534277064475
2025-11-05 11:26:26.666,19.72417553241712
2025-11-05 11:26:27.692,19.74074952357796
2025-11-05 11:26:28.721,19.749431137995543
2025-11-05 11:26:29.748,19.736803335206332
2025-11-05 11:26:30.775,19.76837284217936
2025-11-05 11:26:31.802,19.709969254279258
2025-11-05 11:26:32.829,19.747063424972566
2025-11-05 11:26:33.856,19.762058940784755
2025-11-05 11:26:34.882,19.720229344045492
2025-11-05 11:26:35.905,19.748641900321218
2025-11-05 11:26:36.932,19.7573235147388
2025-11-05 11:26:37.959,19.726543245440098
2025-11-05 11:26:38.985,19.777054456596943
2025-11-05 11:26:40.010,19.7573235147388
2025-11-05 11:26:41.037,19.74074952357796
2025-11-05 11:26:42.064,19.72259705706847
2025-11-05 11:26:43.093,19.770740555202337
2025-11-05 11:26:44.118,19.745484949623915
2025-11-05 11:26:45.145,19.720229344045492
2025-11-05 11:26:46.170,19.74627418729824
2025-11-05 11:26:47.199,19.758901990087452
2025-11-05 11:26:48.226,19.741538761252286
2025-11-05 11:26:49.254,19.767583604505035
2025-11-05 11:26:50.280,19.762058940784755
2025-11-05 11:26:51.308,19.749431137995543
2025-11-05 11:26:52.331,19.736803335206332
2025-11-05 11:26:53.361,19.741538761252286
2025-11-05 11:26:54.387,19.72812172078875
2025-11-05 11:26:55.414,19.75179885101852
2025-11-05 11:26:56.444,19.743117236600938
2025-11-05 11:26:57.469,19.765215891482057
2025-11-05 11:26:58.495,19.770740555202337
2025-11-05 11:26:59.521,19.745484949623915
2025-11-05 11:27:00.545,19.745484949623915
2025-11-05 11:27:01.573,19.749431137995543
2025-11-05 11:27:02.599,19.778632931945594
2025-11-05 11:27:03.623,19.75022037566987
2025-11-05 11:27:04.652,19.75179885101852
2025-11-05 11:27:05.675,19.736014097532006
2025-11-05 11:27:06.698,19.75574503939015
2025-11-05 11:27:07.721,19.712336967302235
2025-11-05 11:27:08.745,19.758901990087452
2025-11-05 11:27:09.769,19.747852662646892
2025-11-05 11:27:10.798,19.7573235147388
2025-11-05 11:27:11.827,19.74469571194959
2025-11-05 11:27:12.851,19.701287639861675
2025-11-05 11:27:13.875,19.742327998926612
2025-11-05 11:27:14.899,19.753377326367172
2025-11-05 11:27:15.922,19.743117236600938
2025-11-05 11:27:16.946,19.754955801715823
2025-11-05 11:27:17.970,19.766005129156383
2025-11-05 11:27:18.994,19.754955801715823
2025-11-05 11:27:20.017,19.748641900321218
2025-11-05 11:27:21.041,19.75022037566987
2025-11-05 11:27:22.064,19.743117236600938
2025-11-05 11:27:23.088,19.769162079853686
2025-11-05 11:27:24.116,19.75022037566987
2025-11-05 11:27:25.140,19.745484949623915
2025-11-05 11:27:26.167,19.799153111478063
2025-11-05 11:27:27.197,19.751009613344195
2025-11-05 11:27:28.224,19.714704680325212
2025-11-05 11:27:29.249,19.762058940784755
2025-11-05 11:27:30.276,19.75574503939015
2025-11-05 11:27:31.305,19.754955801715823
2025-11-05 11:27:32.333,19.731278671486052
2025-11-05 11:27:33.362,19.728910958463075
2025-11-05 11:27:34.389,19.736014097532006
2025-11-05 11:27:35.417,19.74627418729824
2025-11-05 11:27:36.443,19.75179885101852
2025-11-05 11:27:37.473,19.747852662646892
2025-11-05 11:27:38.500,19.75022037566987
2025-11-05 11:27:39.528,19.77231903055099
2025-11-05 11:27:40.554,19.754955801715823
2025-11-05 11:27:41.582,19.75574503939015
2025-11-05 11:27:42.610,19.753377326367172
2025-11-05 11:27:43.637,19.73917104822931
2025-11-05 11:27:44.665,19.73917104822931
2025-11-05 11:27:45.690,19.75574503939015
2025-11-05 11:27:46.715,19.763637416133406
2025-11-05 11:27:47.744,19.76679436683071
2025-11-05 11:27:48.771,19.75179885101852
2025-11-05 11:27:49.799,19.745484949623915
2025-11-05 11:27:50.828,19.756534277064475
2025-11-05 11:27:51.855,19.732067909160378
2025-11-05 11:27:52.881,19.732067909160378
2025-11-05 11:27:53.904,19.767583604505035
2025-11-05 11:27:54.932,19.695762976141395
2025-11-05 11:27:55.959,19.73917104822931
2025-11-05 11:27:56.989,19.780211407294246
2025-11-05 11:27:58.015,19.74469571194959
2025-11-05 11:27:59.047,19.752588088692846
2025-11-05 11:28:00.073,19.728910958463075
2025-11-05 11:28:01.102,19.751009613344195
2025-11-05 11:28:02.129,19.745484949623915
2025-11-05 11:28:03.155,19.739960285903635
2025-11-05 11:28:04.181,19.76284817845908
2025-11-05 11:28:05.209,19.725754007765772
2025-11-05 11:28:06.238,19.760480465436103
2025-11-05 11:28:07.265,19.76126970311043
2025-11-05 11:28:08.293,19.752588088692846
2025-11-05 11:28:09.318,19.770740555202337
2025-11-05 11:28:10.344,19.75179885101852
2025-11-05 11:28:11.371,19.747063424972566
2025-11-05 11:28:12.398,19.75574503939015
2025-11-05 11:28:13.425,19.73364638450903
2025-11-05 11:28:14.452,19.708390778930607
2025-11-05 11:28:15.477,19.76679436683071
2025-11-05 11:28:16.502,19.75022037566987
2025-11-05 11:28:17.527,19.75574503939015
2025-11-05 11:28:18.552,19.748641900321218
2025-11-05 11:28:19.577,19.713915442650887
2025-11-05 11:28:20.605,19.74469571194959
2025-11-05 11:28:21.632,19.747063424972566
2025-11-05 11:28:22.660,19.749431137995543
2025-11-05 11:28:23.688,19.758901990087452
2025-11-05 11:28:24.716,19.71707239334819
2025-11-05 11:28:25.741,19.736014097532006
2025-11-05 11:28:26.768,19.710758491953584
2025-11-05 11:28:27.796,19.749431137995543
2025-11-05 11:28:28.821,19.758901990087452
2025-11-05 11:28:29.848,19.759691227761778
2025-11-05 11:28:30.874,19.714704680325212
2025-11-05 11:28:31.898,19.75022037566987
2025-11-05 11:28:32.926,19.721018581719818
2025-11-05 11:28:33.953,19.7573235147388
2025-11-05 11:28:34.979,19.754166564041498
2025-11-05 11:28:36.005,19.763637416133406
2025-11-05 11:28:37.032,19.743906474275263
2025-11-05 11:28:38.057,19.759691227761778
2025-11-05 11:28:39.083,19.748641900321218
2025-11-05 11:28:40.109,19.75574503939015
2025-11-05 11:28:41.134,19.730489433811726
2025-11-05 11:28:42.160,19.76284817845908
2025-11-05 11:28:43.187,19.752588088692846
2025-11-05 11:28:44.214,19.70049840218735
2025-11-05 11:28:45.240,19.76126970311043
2025-11-05 11:28:46.267,19.758112752413126
2025-11-05 11:28:47.293,19.762058940784755
2025-11-05 11:28:48.318,19.764426653807732
2025-11-05 11:28:49.347,19.762058940784755
2025-11-05 11:28:50.371,19.764426653807732
2025-11-05 11:28:51.398,19.7573235147388
2025-11-05 11:28:52.424,19.75574503939015
2025-11-05 11:28:53.453,19.749431137995543
2025-11-05 11:28:54.480,19.76284817845908
2025-11-05 11:28:55.505,19.760480465436103
2025-11-05 11:28:56.531,19.747852662646892
2025-11-05 11:28:57.555,19.754166564041498
2025-11-05 11:28:58.579,19.758901990087452
2025-11-05 11:28:59.604,19.71312620497656
2025-11-05 11:29:00.631,19.716283155673864
2025-11-05 11:29:01.658,19.75022037566987
2025-11-05 11:29:02.684,19.749431137995543
2025-11-05 11:29:03.710,19.765215891482057
2025-11-05 11:29:04.734,19.75022037566987
2025-11-05 11:29:05.759,19.717861631022515
2025-11-05 11:29:06.785,19.78336835799155
2025-11-05 11:29:07.811,19.766005129156383
2025-11-05 11:29:08.836,19.752588088692846
2025-11-05 11:29:09.864,19.706812303581955
2025-11-05 11:29:10.889,19.754166564041498
2025-11-05 11:29:11.915,19.754166564041498
2025-11-05 11:29:12.938,19.773108268225315
2025-11-05 11:29:13.966,19.756534277064475
2025-11-05 11:29:14.993,19.745484949623915
2025-11-05 11:29:16.021,19.758901990087452
2025-11-05 11:29:17.048,19.726543245440098
2025-11-05 11:29:18.074,19.701287639861675
2025-11-05 11:29:19.099,19.762058940784755
2025-11-05 11:29:20.126,19.720229344045492
2025-11-05 11:29:21.153,19.776265218922617
2025-11-05 11:29:22.178,19.721807819394144
2025-11-05 11:29:23.204,19.759691227761778
2025-11-05 11:29:24.230,19.694184500792744
2025-11-05 11:29:25.256,19.75022037566987
2025-11-05 11:29:26.279,19.73364638450903
2025-11-05 11:29:27.304,19.77389750589964
2025-11-05 11:29:28.331,19.787314546363177
2025-11-05 11:29:29.355,19.734435622183355
2025-11-05 11:29:30.382,19.75574503939015
2025-11-05 11:29:31.409,19.692606025444093
2025-11-05 11:29:32.438,19.7573235147388
2025-11-05 11:29:33.467,19.753377326367172
2025-11-05 11:29:34.495,19.752588088692846
2025-11-05 11:29:35.522,19.76126970311043
2025-11-05 11:29:36.549,19.7573235147388
2025-11-05 11:29:37.573,19.754166564041498
2025-11-05 11:29:38.599,19.7573235147388
2025-11-05 11:29:39.624,19.76126970311043
2025-11-05 11:29:40.652,19.712336967302235
2025-11-05 11:29:41.677,19.756534277064475
2025-11-05 11:29:42.700,19.759691227761778
2025-11-05 11:29:43.726,19.76679436683071
2025-11-05 11:29:44.753,19.76126970311043
2025-11-05 11:29:45.778,19.747852662646892
2025-11-05 11:29:46.805,19.756534277064475
2025-11-05 11:29:47.835,19.721018581719818
2025-11-05 11:29:48.864,19.760480465436103
2025-11-05 11:29:49.889,19.749431137995543
2025-11-05 11:29:50.917,19.737592572880658
2025-11-05 11:29:51.944,19.756534277064475
2025-11-05 11:29:52.972,19.7297001961374
2025-11-05 11:29:53.997,19.763637416133406
2025-11-05 11:29:55.024,19.754955801715823
2025-11-05 11:29:56.056,19.74469571194959
2025-11-05 11:29:57.083,19.75574503939015
2025-11-05 11:29:58.108,19.698130689164373
2025-11-05 11:29:59.132,19.748641900321218
2025-11-05 11:30:00.156,19.73522485985768
2025-11-05 11:30:01.185,19.758901990087452
2025-11-05 11:30:02.212,19.747063424972566
2025-11-05 11:30:03.239,19.76126970311043
2025-11-05 11:30:04.264,19.758112752413126
2025-11-05 11:30:05.292,19.74074952357796
2025-11-05 11:30:06.318,19.745484949623915
2025-11-05 11:30:07.344,19.710758491953584
2025-11-05 11:30:08.369,19.75022037566987
2025-11-05 11:30:09.397,19.747852662646892
2025-11-05 11:30:10.425,19.743117236600938
2025-11-05 11:30:11.452,19.74074952357796
2025-11-05 11:30:12.478,19.728910958463075
2025-11-05 11:30:13.505,19.741538761252286
2025-11-05 11:30:14.531,19.743117236600938
2025-11-05 11:30:15.557,19.76126970311043
2025-11-05 11:30:16.582,19.742327998926612
2025-11-05 11:30:17.608,19.754955801715823
2025-11-05 11:30:18.635,19.754955801715823
2025-11-05 11:30:19.663,19.747852662646892
2025-11-05 11:30:20.691,19.75574503939015
2025-11-05 11:30:21.720,19.736014097532006
2025-11-05 11:30:22.745,19.71154772962791
2025-11-05 11:30:23.772,19.732067909160378
2025-11-05 11:30:24.798,19.75022037566987
2025-11-05 11:30:25.823,19.747063424972566
2025-11-05 11:30:26.847,19.734435622183355
2025-11-05 11:30:27.872,19.745484949623915
2025-11-05 11:30:28.895,19.7573235147388
2025-11-05 11:30:29.917,19.728910958463075
2025-11-05 11:30:30.940,19.759691227761778
2025-11-05 11:30:31.965,19.7573235147388
2025-11-05 11:30:32.989,19.743117236600938
2025-11-05 11:30:34.018,19.752588088692846
2025-11-05 11:30:35.044,19.751009613344195
2025-11-05 11:30:36.068,19.748641900321218
2025-11-05 11:30:37.091,19.76284817845908
2025-11-05 11:30:38.114,19.762058940784755
2025-11-05 11:30:39.137,19.760480465436103
2025-11-05 11:30:40.162,19.738381810554984
2025-11-05 11:30:41.187,19.717861631022515
2025-11-05 11:30:42.210,19.6989199268387
2025-11-05 11:30:43.233,19.770740555202337
2025-11-05 11:30:44.257,19.725754007765772
2025-11-05 11:30:45.279,19.749431137995543
2025-11-05 11:30:46.304,19.74074952357796
2025-11-05 11:30:47.330,19.749431137995543
2025-11-05 11:30:48.363,19.756534277064475
2025-11-05 11:30:49.393,19.741538761252286
2025-11-05 11:30:50.418,19.727332483114424
2025-11-05 11:30:51.445,19.743906474275263
2025-11-05 11:30:52.472,19.751009613344195
2025-11-05 11:30:53.498,19.73917104822931
2025-11-05 11:30:54.526,19.758901990087452
2025-11-05 11:30:55.554,19.756534277064475
2025-11-05 11:30:56.580,19.751009613344195
2025-11-05 11:30:57.605,19.748641900321218
2025-11-05 11:30:58.633,19.743117236600938
2025-11-05 11:30:59.657,19.74469571194959
2025-11-05 11:31:00.686,19.714704680325212
2025-11-05 11:31:01.714,19.756534277064475
2025-11-05 11:31:02.742,19.758112752413126
2025-11-05 11:31:03.768,19.754955801715823
2025-11-05 11:31:04.797,19.74627418729824
2025-11-05 11:31:05.824,19.7573235147388
2025-11-05 11:31:06.850,19.74627418729824
2025-11-05 11:31:07.876,19.74627418729824
2025-11-05 11:31:08.903,19.743906474275263
2025-11-05 11:31:09.929,19.73364638450903
2025-11-05 11:31:10.956,19.762058940784755
2025-11-05 11:31:11.984,19.739960285903635
2025-11-05 11:31:13.011,19.71707239334819
2025-11-05 11:31:14.037,19.77389750589964
2025-11-05 11:31:15.064,19.747063424972566
2025-11-05 11:31:16.087,19.751009613344195
2025-11-05 11:31:17.115,19.743117236600938
2025-11-05 11:31:18.142,19.77784369427127
2025-11-05 11:31:19.167,19.71154772962791
2025-11-05 11:31:20.195,19.774686743573966
2025-11-05 11:31:21.224,19.734435622183355
2025-11-05 11:31:22.254,19.756534277064475
2025-11-05 11:31:23.283,19.760480465436103
2025-11-05 11:31:24.311,19.753377326367172
2025-11-05 11:31:25.338,19.751009613344195
2025-11-05 11:31:26.369,19.76679436683071
2025-11-05 11:31:27.394,19.764426653807732
2025-11-05 11:31:28.420,19.71865086869684
2025-11-05 11:31:29.445,19.75574503939015
2025-11-05 11:31:30.473,19.75574503939015
2025-11-05 11:31:31.501,19.743906474275263
2025-11-05 11:31:32.530,19.758112752413126
2025-11-05 11:31:33.558,19.754955801715823
2025-11-05 11:31:34.586,19.724964770091447
2025-11-05 11:31:35.612,19.78100064496857
2025-11-05 11:31:36.637,19.774686743573966
2025-11-05 11:31:37.660,19.75022037566987
2025-11-05 11:31:38.691,19.747063424972566
2025-11-05 11:31:39.717,19.77784369427127
2025-11-05 11:31:40.742,19.702076877536
2025-11-05 11:31:41.768,19.754955801715823
2025-11-05 11:31:42.797,19.74469571194959
2025-11-05 11:31:43.823,19.776265218922617
2025-11-05 11:31:44.849,19.784157595665874
2025-11-05 11:31:45.874,19.754166564041498
2025-11-05 11:31:46.900,19.759691227761778
2025-11-05 11:31:47.925,19.75022037566987
2025-11-05 11:31:48.955,19.760480465436103
2025-11-05 11:31:49.980,19.756534277064475
2025-11-05 11:31:51.009,19.763637416133406
2025-11-05 11:31:52.035,19.720229344045492
2025-11-05 11:31:53.060,19.739960285903635
2025-11-05 11:31:54.088,19.77389750589964
2025-11-05 11:31:55.115,19.73364638450903
2025-11-05 11:31:56.140,19.76995131752801
2025-11-05 11:31:57.166,19.76679436683071
2025-11-05 11:31:58.192,19.742327998926612
2025-11-05 11:31:59.224,19.71865086869684
2025-11-05 11:32:00.252,19.766005129156383
2025-11-05 11:32:01.282,19.70444459055898
2025-11-05 11:32:02.314,19.77547598124829
2025-11-05 11:32:03.340,19.71312620497656
2025-11-05 11:32:04.366,19.75574503939015
2025-11-05 11:32:05.394,19.742327998926612
2025-11-05 11:32:06.419,19.743906474275263
2025-11-05 11:32:07.447,19.72259705706847
2025-11-05 11:32:08.474,19.736014097532006
2025-11-05 11:32:09.500,19.731278671486052
2025-11-05 11:32:10.530,19.7573235147388
2025-11-05 11:32:11.558,19.78652530868885
2025-11-05 11:32:12.582,19.760480465436103
2025-11-05 11:32:13.607,19.758901990087452
2025-11-05 11:32:14.633,19.774686743573966
2025-11-05 11:32:15.657,19.751009613344195
2025-11-05 11:32:16.684,19.743906474275263
2025-11-05 11:32:17.710,19.719440106371167
2025-11-05 11:32:18.736,19.76284817845908
2025-11-05 11:32:19.762,19.75179885101852
2025-11-05 11:32:20.790,19.7573235147388
2025-11-05 11:32:21.819,19.758112752413126
2025-11-05 11:32:22.846,19.758901990087452
2025-11-05 11:32:23.872,19.736803335206332
2025-11-05 11:32:24.898,19.782579120317223
2025-11-05 11:32:25.923,19.758901990087452
2025-11-05 11:32:26.949,19.774686743573966
2025-11-05 11:32:27.976,19.781789882642897
2025-11-05 11:32:29.005,19.753377326367172
2025-11-05 11:32:30.033,19.758112752413126
2025-11-05 11:32:31.059,19.75022037566987
2025-11-05 11:32:32.085,19.76126970311043
2025-11-05 11:32:33.112,19.730489433811726
2025-11-05 11:32:34.139,19.760480465436103
2025-11-05 11:32:35.165,19.7573235147388
2025-11-05 11:32:36.190,19.758901990087452
2025-11-05 11:32:37.216,19.71312620497656
2025-11-05 11:32:38.242,19.747852662646892
2025-11-05 11:32:39.268,19.771529792876663
2025-11-05 11:32:40.295,19.739960285903635
2025-11-05 11:32:41.321,19.717861631022515
2025-11-05 11:32:42.350,19.7573235147388
2025-11-05 11:32:43.379,19.782579120317223
2025-11-05 11:32:44.410,19.771529792876663
2025-11-05 11:32:45.437,19.758112752413126
2025-11-05 11:32:46.466,19.74469571194959
2025-11-05 11:32:47.492,19.74074952357796
2025-11-05 11:32:48.514,19.765215891482057
2025-11-05 11:32:49.542,19.74074952357796
2025-11-05 11:32:50.569,19.75179885101852
2025-11-05 11:32:51.597,19.73522485985768
2025-11-05 11:32:52.621,19.763637416133406
2025-11-05 11:32:53.646,19.76284817845908
2025-11-05 11:32:54.679,19.749431137995543
2025-11-05 11:32:55.706,19.754955801715823
2025-11-05 11:32:56.735,19.753377326367172
2025-11-05 11:32:57.761,19.77942216961992
2025-11-05 11:32:58.786,19.76679436683071
2025-11-05 11:32:59.814,19.758901990087452
2025-11-05 11:33:00.838,19.710758491953584
2025-11-05 11:33:01.866,19.781789882642897
2025-11-05 11:33:02.891,19.760480465436103
2025-11-05 11:33:03.917,19.715493917999538
2025-11-05 11:33:04.949,19.770740555202337
2025-11-05 11:33:05.978,19.70049840218735
2025-11-05 11:33:07.004,19.74469571194959
2025-11-05 11:33:08.032,19.758112752413126
2025-11-05 11:33:09.059,19.753377326367172
2025-11-05 11:33:10.087,19.763637416133406
2025-11-05 11:33:11.114,19.724964770091447
2025-11-05 11:33:12.141,19.784157595665874
2025-11-05 11:33:13.167,19.730489433811726
2025-11-05 11:33:14.194,19.77547598124829
2025-11-05 11:33:15.222,19.77547598124829
2025-11-05 11:33:16.247,19.753377326367172
2025-11-05 11:33:17.272,19.758901990087452
2025-11-05 11:33:18.297,19.75179885101852
2025-11-05 11:33:19.322,19.727332483114424
2025-11-05 11:33:20.347,19.736014097532006
2025-11-05 11:33:21.374,19.748641900321218
2025-11-05 11:33:22.403,19.765215891482057
2025-11-05 11:33:23.429,19.753377326367172
2025-11-05 11:33:24.456,19.787314546363177
2025-11-05 11:33:25.482,19.747852662646892
2025-11-05 11:33:26.508,19.758901990087452
2025-11-05 11:33:27.535,19.771529792876663
2025-11-05 11:33:28.562,19.710758491953584
2025-11-05 11:33:29.587,19.743906474275263
2025-11-05 11:33:30.615,19.752588088692846
2025-11-05 11:33:31.646,19.743906474275263
2025-11-05 11:33:32.672,19.754955801715823
2025-11-05 11:33:33.698,19.751009613344195
2025-11-05 11:33:34.724,19.754955801715823
2025-11-05 11:33:35.752,19.75179885101852
2025-11-05 11:33:36.778,19.753377326367172
2025-11-05 11:33:37.805,19.736014097532006
2025-11-05 11:33:38.833,19.745484949623915
2025-11-05 11:33:39.859,19.725754007765772
2025-11-05 11:33:40.887,19.751009613344195
2025-11-05 11:33:41.912,19.748641900321218
2025-11-05 11:33:42.944,19.71707239334819
2025-11-05 11:33:43.970,19.756534277064475
2025-11-05 11:33:44.996,19.751009613344195
2025-11-05 11:33:46.021,19.75022037566987
2025-11-05 11:33:47.046,19.75574503939015
2025-11-05 11:33:48.069,19.732857146834704
2025-11-05 11:33:49.092,19.764426653807732
2025-11-05 11:33:50.117,19.745484949623915
2025-11-05 11:33:51.145,19.742327998926612
2025-11-05 11:33:52.169,19.771529792876663
2025-11-05 11:33:53.198,19.759691227761778
2025-11-05 11:33:54.220,19.743906474275263
2025-11-05 11:33:55.244,19.763637416133406
2025-11-05 11:33:56.267,19.75179885101852
2025-11-05 11:33:57.291,19.75022037566987
2025-11-05 11:33:58.316,19.70760154125628
2025-11-05 11:33:59.341,19.747852662646892
2025-11-05 11:34:00.369,19.75179885101852
2025-11-05 11:34:01.392,19.742327998926612
2025-11-05 11:34:02.416,19.742327998926612
2025-11-05 11:34:03.439,19.7297001961374
2025-11-05 11:34:04.462,19.74469571194959
2025-11-05 11:34:05.489,19.73917104822931
2025-11-05 11:34:06.513,19.743906474275263
2025-11-05 11:34:07.537,19.751009613344195
2025-11-05 11:34:08.561,19.76679436683071
2025-11-05 11:34:09.584,19.75179885101852
2025-11-05 11:34:10.610,19.751009613344195
2025-11-05 11:34:11.647,19.73917104822931
2025-11-05 11:34:12.677,19.75022037566987
2025-11-05 11:34:13.707,19.760480465436103
2025-11-05 11:34:14.733,19.737592572880658
2025-11-05 11:34:15.760,19.75179885101852
2025-11-05 11:34:16.787,19.75574503939015
2025-11-05 11:34:17.814,19.760480465436103
2025-11-05 11:34:18.841,19.751009613344195
2025-11-05 11:34:19.867,19.74469571194959
2025-11-05 11:34:20.893,19.758112752413126
2025-11-05 11:34:21.921,19.736014097532006
2025-11-05 11:34:22.949,19.751009613344195
2025-11-05 11:34:23.975,19.749431137995543
2025-11-05 11:34:25.000,19.76284817845908
2025-11-05 11:34:26.028,19.767583604505035
2025-11-05 11:34:27.057,19.74074952357796
2025-11-05 11:34:28.085,19.764426653807732
2025-11-05 11:34:29.110,19.760480465436103
2025-11-05 11:34:30.139,19.758901990087452
2025-11-05 11:34:31.167,19.747852662646892
2025-11-05 11:34:32.202,19.743906474275263
2025-11-05 11:34:33.232,19.73364638450903
2025-11-05 11:34:34.261,19.742327998926612
2025-11-05 11:34:35.290,19.743906474275263
2025-11-05 11:34:36.316,19.75179885101852
2025-11-05 11:34:37.342,19.743117236600938
2025-11-05 11:34:38.368,19.7573235147388
2025-11-05 11:34:39.394,19.736803335206332
2025-11-05 11:34:40.421,19.749431137995543
2025-11-05 11:34:41.447,19.76995131752801
2025-11-05 11:34:42.474,19.748641900321218
2025-11-05 11:34:43.501,19.747852662646892
2025-11-05 11:34:44.529,19.724964770091447
2025-11-05 11:34:45.556,19.745484949623915
2025-11-05 11:34:46.583,19.721018581719818
2025-11-05 11:34:47.608,19.75022037566987
2025-11-05 11:34:48.633,19.75179885101852
2025-11-05 11:34:49.659,19.743906474275263
2025-11-05 11:34:50.687,19.731278671486052
2025-11-05 11:34:51.715,19.763637416133406
2025-11-05 11:34:52.740,19.71707239334819
2025-11-05 11:34:53.770,19.742327998926612
2025-11-05 11:34:54.797,19.773108268225315
2025-11-05 11:34:55.825,19.749431137995543
2025-11-05 11:34:56.852,19.74627418729824
2025-11-05 11:34:57.880,19.753377326367172
2025-11-05 11:34:58.908,19.770740555202337
2025-11-05 11:34:59.934,19.77784369427127
2025-11-05 11:35:00.963,19.766005129156383
2025-11-05 11:35:01.992,19.748641900321218
2025-11-05 11:35:03.019,19.774686743573966
2025-11-05 11:35:04.048,19.760480465436103
2025-11-05 11:35:05.077,19.758112752413126
2025-11-05 11:35:06.105,19.769162079853686
2025-11-05 11:35:07.132,19.75022037566987
2025-11-05 11:35:08.159,19.747852662646892
2025-11-05 11:35:09.188,19.77231903055099
2025-11-05 11:35:10.215,19.732067909160378
2025-11-05 11:35:11.243,19.73522485985768
2025-11-05 11:35:12.268,19.747852662646892
2025-11-05 11:35:13.295,19.74627418729824
2025-11-05 11:35:14.322,19.776265218922617
2025-11-05 11:35:15.350,19.743906474275263
2025-11-05 11:35:16.380,19.73364638450903
2025-11-05 11:35:17.410,19.731278671486052
2025-11-05 11:35:18.440,19.69102755009544
2025-11-05 11:35:19.467,19.760480465436103
2025-11-05 11:35:20.494,19.743906474275263
2025-11-05 11:35:21.522,19.753377326367172
2025-11-05 11:35:22.553,19.708390778930607
2025-11-05 11:35:23.582,19.736803335206332
2025-11-05 11:35:24.609,19.759691227761778
2025-11-05 11:35:25.635,19.74074952357796
2025-11-05 11:35:26.663,19.695762976141395
2025-11-05 11:35:27.692,19.726543245440098
2025-11-05 11:35:28.719,19.74074952357796
2025-11-05 11:35:29.747,19.732067909160378
2025-11-05 11:35:30.774,19.72812172078875
2025-11-05 11:35:31.802,19.732067909160378
2025-11-05 11:35:32.830,19.74627418729824
2025-11-05 11:35:33.860,19.741538761252286
2025-11-05 11:35:34.888,19.756534277064475
2025-11-05 11:35:35.915,19.74469571194959
2025-11-05 11:35:36.943,19.75179885101852
2025-11-05 11:35:37.971,19.736803335206332
2025-11-05 11:35:38.999,19.745484949623915
2025-11-05 11:35:40.026,19.758112752413126
2025-11-05 11:35:41.053,19.737592572880658
2025-11-05 11:35:42.079,19.726543245440098
2025-11-05 11:35:43.111,19.736803335206332
2025-11-05 11:35:44.140,19.76126970311043
2025-11-05 11:35:45.167,19.74627418729824
2025-11-05 11:35:46.194,19.712336967302235
2025-11-05 11:35:47.221,19.747063424972566
2025-11-05 11:35:48.248,19.747063424972566
2025-11-05 11:35:49.275,19.747852662646892
2025-11-05 11:35:50.303,19.74074952357796
2025-11-05 11:35:51.331,19.747852662646892
2025-11-05 11:35:52.358,19.752588088692846
2025-11-05 11:35:53.384,19.749431137995543
2025-11-05 11:35:54.411,19.73917104822931
2025-11-05 11:35:55.438,19.748641900321218
2025-11-05 11:35:56.465,19.73522485985768
2025-11-05 11:35:57.494,19.752588088692846
2025-11-05 11:35:58.523,19.769162079853686
2025-11-05 11:35:59.548,19.714704680325212
2025-11-05 11:36:00.576,19.742327998926612
2025-11-05 11:36:01.605,19.749431137995543
2025-11-05 11:36:02.633,19.732857146834704
2025-11-05 11:36:03.661,19.74469571194959
2025-11-05 11:36:04.689,19.721807819394144
2025-11-05 11:36:05.717,19.748641900321218
2025-11-05 11:36:06.744,19.767583604505035
2025-11-05 11:36:07.771,19.752588088692846
2025-11-05 11:36:08.798,19.743117236600938
2025-11-05 11:36:09.825,19.74074952357796
2025-11-05 11:36:10.853,19.724964770091447
2025-11-05 11:36:11.881,19.742327998926612
2025-11-05 11:36:12.908,19.749431137995543
2025-11-05 11:36:13.936,19.754166564041498
2025-11-05 11:36:14.964,19.742327998926612
2025-11-05 11:36:15.990,19.773108268225315
2025-11-05 11:36:17.017,19.727332483114424
2025-11-05 11:36:18.047,19.75022037566987
2025-11-05 11:36:19.075,19.713915442650887
2025-11-05 11:36:20.103,19.739960285903635
2025-11-05 11:36:21.133,19.75022037566987
2025-11-05 11:36:22.159,19.766005129156383
2025-11-05 11:36:23.187,19.754166564041498
2025-11-05 11:36:24.213,19.747063424972566
2025-11-05 11:36:25.238,19.758112752413126
2025-11-05 11:36:26.265,19.69655221381572
2025-11-05 11:36:27.296,19.74074952357796
2025-11-05 11:36:28.323,19.77389750589964
2025-11-05 11:36:29.350,19.747852662646892
2025-11-05 11:36:30.377,19.745484949623915
2025-11-05 11:36:31.405,19.749431137995543
2025-11-05 11:36:32.436,19.69497373846707
2025-11-05 11:36:33.465,19.742327998926612
2025-11-05 11:36:34.494,19.714704680325212
2025-11-05 11:36:35.522,19.684713648700836
2025-11-05 11:36:36.551,19.72259705706847
2025-11-05 11:36:37.584,19.716283155673864
2025-11-05 11:36:38.614,19.738381810554984
2025-11-05 11:36:39.643,19.743906474275263
2025-11-05 11:36:40.672,19.737592572880658
2025-11-05 11:36:41.701,19.748641900321218
2025-11-05 11:36:42.729,19.752588088692846
2025-11-05 11:36:43.758,19.736014097532006
2025-11-05 11:36:44.785,19.73522485985768
2025-11-05 11:36:45.819,19.708390778930607
2025-11-05 11:36:46.845,19.702076877536
2025-11-05 11:36:47.870,19.739960285903635
2025-11-05 11:36:48.894,19.732067909160378
2025-11-05 11:36:49.919,19.758112752413126
2025-11-05 11:36:50.947,19.732857146834704
2025-11-05 11:36:51.974,19.75574503939015
2025-11-05 11:36:52.997,19.734435622183355
2025-11-05 11:36:54.022,19.73917104822931
2025-11-05 11:36:55.049,19.739960285903635
2025-11-05 11:36:56.074,19.742327998926612
2025-11-05 11:36:57.100,19.77231903055099
2025-11-05 11:36:58.126,19.728910958463075
2025-11-05 11:36:59.156,19.736014097532006
2025-11-05 11:37:00.184,19.712336967302235
2025-11-05 11:37:01.213,19.74074952357796
2025-11-05 11:37:02.241,19.736014097532006
2025-11-05 11:37:03.266,19.743906474275263
2025-11-05 11:37:04.293,19.74074952357796
2025-11-05 11:37:05.320,19.736014097532006
2025-11-05 11:37:06.346,19.697341451490047
2025-11-05 11:37:07.373,19.73364638450903
2025-11-05 11:37:08.399,19.752588088692846
2025-11-05 11:37:09.425,19.763637416133406
2025-11-05 11:37:10.451,19.75574503939015
2025-11-05 11:37:11.476,19.728910958463075
2025-11-05 11:37:12.498,19.73522485985768
2025-11-05 11:37:13.523,19.742327998926612
2025-11-05 11:37:14.547,19.743117236600938
2025-11-05 11:37:15.572,19.72812172078875
2025-11-05 11:37:16.595,19.730489433811726
2025-11-05 11:37:17.620,19.74627418729824
2025-11-05 11:37:18.643,19.77389750589964
2025-11-05 11:37:19.667,19.739960285903635
2025-11-05 11:37:20.692,19.737592572880658
2025-11-05 11:37:21.721,19.758901990087452
2025-11-05 11:37:22.746,19.73917104822931
2025-11-05 11:37:23.769,19.71707239334819
2025-11-05 11:37:24.792,19.751009613344195
2025-11-05 11:37:25.817,19.762058940784755
2025-11-05 11:37:26.841,19.758112752413126
2025-11-05 11:37:27.866,19.70049840218735
2025-11-05 11:37:28.889,19.703655352884653
2025-11-05 11:37:29.912,19.698130689164373
2025-11-05 11:37:30.936,19.727332483114424
2025-11-05 11:37:31.961,19.742327998926612
2025-11-05 11:37:32.991,19.76679436683071
2025-11-05 11:37:34.018,19.714704680325212
2025-11-05 11:37:35.045,19.74469571194959
2025-11-05 11:37:36.071,19.76837284217936
2025-11-05 11:37:37.099,19.738381810554984
2025-11-05 11:37:38.126,19.751009613344195
2025-11-05 11:37:39.153,19.752588088692846
2025-11-05 11:37:40.181,19.7573235147388
2025-11-05 11:37:41.212,19.74627418729824
2025-11-05 11:37:42.241,19.728910958463075
2025-11-05 11:37:43.268,19.74469571194959
2025-11-05 11:37:44.297,19.737592572880658
2025-11-05 11:37:45.322,19.726543245440098
2025-11-05 11:37:46.348,19.74627418729824
2025-11-05 11:37:47.375,19.743117236600938
2025-11-05 11:37:48.400,19.72417553241712
2025-11-05 11:37:49.426,19.747852662646892
2025-11-05 11:37:50.456,19.76679436683071
2025-11-05 11:37:51.482,19.719440106371167
2025-11-05 11:37:52.508,19.763637416133406
2025-11-05 11:37:53.534,19.73522485985768
2025-11-05 11:37:54.561,19.751009613344195
2025-11-05 11:37:55.591,19.754955801715823
2025-11-05 11:37:56.618,19.76284817845908
2025-11-05 11:37:57.645,19.75179885101852
2025-11-05 11:37:58.670,19.769162079853686
2025-11-05 11:37:59.697,19.77231903055099
2025-11-05 11:38:00.723,19.732067909160378
2025-11-05 11:38:01.754,19.76126970311043
2025-11-05 11:38:02.782,19.745484949623915
2025-11-05 11:38:03.808,19.751009613344195
2025-11-05 11:38:04.834,19.7573235147388
2025-11-05 11:38:05.860,19.760480465436103
2025-11-05 11:38:06.885,19.721018581719818
2025-11-05 11:38:07.912,19.7573235147388
2025-11-05 11:38:08.940,19.76679436683071
2025-11-05 11:38:09.966,19.75574503939015
2025-11-05 11:38:10.989,19.723386294742795
2025-11-05 11:38:12.020,19.764426653807732
2025-11-05 11:38:13.045,19.770740555202337
2025-11-05 11:38:14.072,19.76995131752801
2025-11-05 11:38:15.098,19.697341451490047
2025-11-05 11:38:16.123,19.769162079853686
2025-11-05 11:38:17.153,19.75179885101852
2025-11-05 11:38:18.181,19.749431137995543
2025-11-05 11:38:19.207,19.76126970311043
2025-11-05 11:38:20.233,19.743906474275263
2025-11-05 11:38:21.259,19.752588088692846
2025-11-05 11:38:22.286,19.759691227761778
2025-11-05 11:38:23.312,19.77231903055099
2025-11-05 11:38:24.338,19.745484949623915
2025-11-05 11:38:25.363,19.731278671486052
2025-11-05 11:38:26.389,19.75179885101852
2025-11-05 11:38:27.412,19.753377326367172
2025-11-05 11:38:28.439,19.75179885101852
2025-11-05 11:38:29.467,19.76995131752801
2025-11-05 11:38:30.495,19.766005129156383
2025-11-05 11:38:31.523,19.74627418729824
2025-11-05 11:38:32.557,19.730489433811726
2025-11-05 11:38:33.586,19.765215891482057
2025-11-05 11:38:34.615,19.721018581719818
2025-11-05 11:38:35.643,19.769162079853686
2025-11-05 11:38:36.669,19.717861631022515
2025-11-05 11:38:37.695,19.75574503939015
2025-11-05 11:38:38.722,19.723386294742795
2025-11-05 11:38:39.746,19.706812303581955
2025-11-05 11:38:40.773,19.747063424972566
2025-11-05 11:38:41.801,19.742327998926612
2025-11-05 11:38:42.824,19.695762976141395
2025-11-05 11:38:43.850,19.762058940784755
2025-11-05 11:38:44.879,19.739960285903635
2025-11-05 11:38:45.908,19.76126970311043
2025-11-05 11:38:46.937,19.754955801715823
2025-11-05 11:38:47.965,19.738381810554984
2025-11-05 11:38:48.991,19.754955801715823
2025-11-05 11:38:50.018,19.747852662646892
2025-11-05 11:38:51.045,19.747852662646892
2025-11-05 11:38:52.074,19.77389750589964
2025-11-05 11:38:53.100,19.75574503939015
2025-11-05 11:38:54.127,19.72259705706847
2025-11-05 11:38:55.153,19.747852662646892
2025-11-05 11:38:56.180,19.697341451490047
2025-11-05 11:38:57.206,19.747852662646892
2025-11-05 11:38:58.233,19.7573235147388
2025-11-05 11:38:59.260,19.749431137995543
2025-11-05 11:39:00.290,19.753377326367172
2025-11-05 11:39:01.321,19.753377326367172
2025-11-05 11:39:02.348,19.751009613344195
2025-11-05 11:39:03.373,19.747852662646892
2025-11-05 11:39:04.401,19.732857146834704
2025-11-05 11:39:05.424,19.72417553241712
2025-11-05 11:39:06.451,19.75022037566987
2025-11-05 11:39:07.479,19.745484949623915
2025-11-05 11:39:08.506,19.75022037566987
2025-11-05 11:39:09.533,19.749431137995543
2025-11-05 11:39:10.566,19.76679436683071
2025-11-05 11:39:11.596,19.75022037566987
2025-11-05 11:39:12.620,19.743906474275263
2025-11-05 11:39:13.646,19.719440106371167
2025-11-05 11:39:14.673,19.749431137995543
2025-11-05 11:39:15.699,19.748641900321218
2025-11-05 11:39:16.725,19.690238312421116
2025-11-05 11:39:17.752,19.75022037566987
2025-11-05 11:39:18.777,19.73522485985768
2025-11-05 11:39:19.802,19.770740555202337
2025-11-05 11:39:20.828,19.762058940784755
2025-11-05 11:39:21.852,19.71865086869684
2025-11-05 11:39:22.877,19.76679436683071
2025-11-05 11:39:23.902,19.7297001961374
2025-11-05 11:39:24.929,19.774686743573966
2025-11-05 11:39:25.955,19.736803335206332
2025-11-05 11:39:26.979,19.758901990087452
2025-11-05 11:39:28.005,19.774686743573966
2025-11-05 11:39:29.030,19.77389750589964
2025-11-05 11:39:30.057,19.743906474275263
2025-11-05 11:39:31.085,19.719440106371167
2025-11-05 11:39:32.116,19.742327998926612
2025-11-05 11:39:33.143,19.747852662646892
2025-11-05 11:39:34.167,19.75022037566987
2025-11-05 11:39:35.193,19.747063424972566
2025-11-05 11:39:36.220,19.753377326367172
2025-11-05 11:39:37.245,19.754166564041498
2025-11-05 11:39:38.273,19.743117236600938
2025-11-05 11:39:39.299,19.75179885101852
2025-11-05 11:39:40.329,19.74074952357796
2025-11-05 11:39:41.357,19.756534277064475
2025-11-05 11:39:42.382,19.76995131752801
2025-11-05 11:39:43.407,19.74074952357796
2025-11-05 11:39:44.434,19.702866115210327
2025-11-05 11:39:45.462,19.73522485985768
2025-11-05 11:39:46.489,19.754955801715823
2025-11-05 11:39:47.514,19.74469571194959
2025-11-05 11:39:48.541,19.760480465436103
2025-11-05 11:39:49.567,19.76995131752801
2025-11-05 11:39:50.593,19.73522485985768
2025-11-05 11:39:51.619,19.753377326367172
2025-11-05 11:39:52.645,19.764426653807732
2025-11-05 11:39:53.670,19.7573235147388
2025-11-05 11:39:54.696,19.75574503939015
2025-11-05 11:39:55.724,19.76126970311043
2025-11-05 11:39:56.752,19.754955801715823
2025-11-05 11:39:57.779,19.751009613344195
2025-11-05 11:39:58.805,19.770740555202337
2025-11-05 11:39:59.831,19.76284817845908
2025-11-05 11:40:00.862,19.758112752413126
2025-11-05 11:40:01.890,19.75179885101852
2025-11-05 11:40:02.915,19.762058940784755
2025-11-05 11:40:03.941,19.72259705706847
2025-11-05 11:40:04.968,19.7297001961374
2025-11-05 11:40:05.996,19.75179885101852
2025-11-05 11:40:07.024,19.78100064496857
2025-11-05 11:40:08.049,19.758112752413126
2025-11-05 11:40:09.077,19.766005129156383
2025-11-05 11:40:10.103,19.766005129156383
2025-11-05 11:40:11.130,19.702076877536
2025-11-05 11:40:12.155,19.737592572880658
2025-11-05 11:40:13.181,19.741538761252286
2025-11-05 11:40:14.206,19.74627418729824
2025-11-05 11:40:15.231,19.749431137995543
2025-11-05 11:40:16.258,19.730489433811726
2025-11-05 11:40:17.285,19.72259705706847
2025-11-05 11:40:18.314,19.743117236600938
2025-11-05 11:40:19.340,19.73522485985768
2025-11-05 11:40:20.366,19.767583604505035
2025-11-05 11:40:21.389,19.747852662646892
2025-11-05 11:40:22.416,19.758112752413126
2025-11-05 11:40:23.444,19.762058940784755
2025-11-05 11:40:24.472,19.769162079853686
2025-11-05 11:40:25.498,19.756534277064475
2025-11-05 11:40:26.526,19.77942216961992
2025-11-05 11:40:27.553,19.756534277064475
2025-11-05 11:40:28.582,19.776265218922617
2025-11-05 11:40:29.607,19.77547598124829
2025-11-05 11:40:30.635,19.767583604505035
2025-11-05 11:40:31.663,19.777054456596943
2025-11-05 11:40:32.692,19.752588088692846
2025-11-05 11:40:33.715,19.77231903055099
2025-11-05 11:40:34.738,19.765215891482057
2025-11-05 11:40:35.762,19.7297001961374
2025-11-05 11:40:36.784,19.758112752413126
2025-11-05 11:40:37.808,19.751009613344195
2025-11-05 11:40:38.832,19.759691227761778
2025-11-05 11:40:39.858,19.770740555202337
2025-11-05 11:40:40.882,19.765215891482057
2025-11-05 11:40:41.905,19.767583604505035
2025-11-05 11:40:42.928,19.76679436683071
2025-11-05 11:40:43.954,19.769162079853686
2025-11-05 11:40:44.978,19.76126970311043
2025-11-05 11:40:46.002,19.73522485985768
2025-11-05 11:40:47.025,19.77547598124829
2025-11-05 11:40:48.048,19.778632931945594
2025-11-05 11:40:49.072,19.749431137995543
2025-11-05 11:40:50.097,19.76837284217936
2025-11-05 11:40:51.122,19.76995131752801
2025-11-05 11:40:52.150,19.753377326367172
2025-11-05 11:40:53.173,19.78100064496857
2025-11-05 11:40:54.205,19.75179885101852
2025-11-05 11:40:55.232,19.758901990087452
2025-11-05 11:40:56.258,19.7573235147388
2025-11-05 11:40:57.284,19.749431137995543
2025-11-05 11:40:58.310,19.75022037566987
2025-11-05 11:40:59.336,19.764426653807732
2025-11-05 11:41:00.360,19.759691227761778
2025-11-05 11:41:01.389,19.770740555202337
2025-11-05 11:41:02.417,19.737592572880658
2025-11-05 11:41:03.447,19.781789882642897
2025-11-05 11:41:04.476,19.758901990087452
2025-11-05 11:41:05.501,19.749431137995543
2025-11-05 11:41:06.529,19.736803335206332
2025-11-05 11:41:07.558,19.769162079853686
2025-11-05 11:41:08.583,19.76679436683071
2025-11-05 11:41:09.611,19.742327998926612
2025-11-05 11:41:10.641,19.75179885101852
2025-11-05 11:41:11.669,19.728910958463075
2025-11-05 11:41:12.698,19.749431137995543
2025-11-05 11:41:13.724,19.7573235147388
2025-11-05 11:41:14.750,19.756534277064475
2025-11-05 11:41:15.776,19.756534277064475
2025-11-05 11:41:16.803,19.763637416133406
2025-11-05 11:41:17.829,19.752588088692846
2025-11-05 11:41:18.855,19.702076877536
2025-11-05 11:41:19.881,19.777054456596943
2025-11-05 11:41:20.907,19.748641900321218
2025-11-05 11:41:21.937,19.723386294742795
2025-11-05 11:41:22.963,19.762058940784755
2025-11-05 11:41:23.992,19.756534277064475
2025-11-05 11:41:25.017,19.721018581719818
2025-11-05 11:41:26.043,19.754955801715823
2025-11-05 11:41:27.070,19.710758491953584
2025-11-05 11:41:28.098,19.721807819394144
2025-11-05 11:41:29.124,19.71707239334819
2025-11-05 11:41:30.150,19.763637416133406
2025-11-05 11:41:31.177,19.76679436683071
2025-11-05 11:41:32.206,19.75022037566987
2025-11-05 11:41:33.232,19.758112752413126
2025-11-05 11:41:34.259,19.77547598124829
2025-11-05 11:41:35.285,19.703655352884653
2025-11-05 11:41:36.314,19.732857146834704
2025-11-05 11:41:37.341,19.758901990087452
2025-11-05 11:41:38.365,19.753377326367172
2025-11-05 11:41:39.391,19.767583604505035
2025-11-05 11:41:40.417,19.760480465436103
2025-11-05 11:41:41.445,19.73522485985768
2025-11-05 11:41:42.471,19.776265218922617
2025-11-05 11:41:43.498,19.72259705706847
2025-11-05 11:41:44.524,19.77231903055099
2025-11-05 11:41:45.550,19.748641900321218
2025-11-05 11:41:46.579,19.736803335206332
2025-11-05 11:41:47.605,19.76126970311043
2025-11-05 11:41:48.631,19.759691227761778
2025-11-05 11:41:49.659,19.776265218922617
2025-11-05 11:41:50.685,19.778632931945594
2025-11-05 11:41:51.710,19.751009613344195
2025-11-05 11:41:52.737,19.769162079853686
2025-11-05 11:41:53.763,19.754166564041498
2025-11-05 11:41:54.794,19.691816787769767
2025-11-05 11:41:55.822,19.758112752413126
2025-11-05 11:41:56.848,19.74469571194959
2025-11-05 11:41:57.873,19.748641900321218
2025-11-05 11:41:58.899,19.760480465436103
2025-11-05 11:41:59.922,19.751009613344195
2025-11-05 11:42:00.950,19.769162079853686
2025-11-05 11:42:01.979,19.75574503939015
2025-11-05 11:42:03.007,19.713915442650887
2025-11-05 11:42:04.034,19.754955801715823
2025-11-05 11:42:05.062,19.75574503939015
2025-11-05 11:42:06.090,19.77942216961992
2025-11-05 11:42:07.116,19.759691227761778
2025-11-05 11:42:08.143,19.738381810554984
2025-11-05 11:42:09.169,19.763637416133406
2025-11-05 11:42:10.197,19.752588088692846
2025-11-05 11:42:11.226,19.754955801715823
2025-11-05 11:42:12.254,19.751009613344195
2025-11-05 11:42:13.280,19.758112752413126
2025-11-05 11:42:14.307,19.760480465436103
2025-11-05 11:42:15.333,19.758901990087452
2025-11-05 11:42:16.358,19.730489433811726
2025-11-05 11:42:17.384,19.741538761252286
2025-11-05 11:42:18.409,19.774686743573966
2025-11-05 11:42:19.437,19.76126970311043
2025-11-05 11:42:20.464,19.745484949623915
2025-11-05 11:42:21.497,19.717861631022515
2025-11-05 11:42:22.524,19.754166564041498
2025-11-05 11:42:23.550,19.759691227761778
2025-11-05 11:42:24.574,19.751009613344195
2025-11-05 11:42:25.600,19.754955801715823
2025-11-05 11:42:26.627,19.751009613344195
2025-11-05 11:42:27.658,19.770740555202337
2025-11-05 11:42:28.686,19.76679436683071
2025-11-05 11:42:29.714,19.752588088692846
2025-11-05 11:42:30.739,19.753377326367172
2025-11-05 11:42:31.766,19.780211407294246
2025-11-05 11:42:32.796,19.731278671486052
2025-11-05 11:42:33.825,19.787314546363177
2025-11-05 11:42:34.852,19.770740555202337
2025-11-05 11:42:35.881,19.714704680325212
2025-11-05 11:42:36.907,19.778632931945594
2025-11-05 11:42:37.931,19.7573235147388
2025-11-05 11:42:38.958,19.77389750589964
2025-11-05 11:42:39.983,19.748641900321218
2025-11-05 11:42:41.009,19.732857146834704
2025-11-05 11:42:42.035,19.754955801715823
2025-11-05 11:42:43.060,19.716283155673864
2025-11-05 11:42:44.087,19.754955801715823
2025-11-05 11:42:45.114,19.760480465436103
2025-11-05 11:42:46.139,19.756534277064475
2025-11-05 11:42:47.189,19.743117236600938
2025-11-05 11:42:48.214,19.75574503939015
2025-11-05 11:42:49.241,19.784157595665874
2025-11-05 11:42:50.267,19.720229344045492
2025-11-05 11:42:51.296,19.74469571194959
2025-11-05 11:42:52.323,19.745484949623915
2025-11-05 11:42:53.350,19.71312620497656
2025-11-05 11:42:54.377,19.73522485985768
2025-11-05 11:42:55.401,19.756534277064475
2025-11-05 11:42:56.426,19.747063424972566
2025-11-05 11:42:57.454,19.752588088692846
2025-11-05 11:42:58.481,19.754955801715823
2025-11-05 11:42:59.506,19.76995131752801
2025-11-05 11:43:00.535,19.75574503939015
2025-11-05 11:43:01.562,19.759691227761778
2025-11-05 11:43:02.587,19.759691227761778
2025-11-05 11:43:03.614,19.758112752413126
2025-11-05 11:43:04.640,19.74469571194959
2025-11-05 11:43:05.670,19.77547598124829
2025-11-05 11:43:06.697,19.75574503939015
2025-11-05 11:43:07.725,19.758112752413126
2025-11-05 11:43:08.754,19.749431137995543
2025-11-05 11:43:09.779,19.752588088692846
2025-11-05 11:43:10.803,19.7573235147388
2025-11-05 11:43:11.830,19.75022037566987
2025-11-05 11:43:12.856,19.75574503939015
2025-11-05 11:43:13.881,19.732067909160378
2025-11-05 11:43:14.907,19.752588088692846
2025-11-05 11:43:15.933,19.74627418729824
2025-11-05 11:43:16.959,19.754955801715823
2025-11-05 11:43:17.988,19.709180016604932
2025-11-05 11:43:19.017,19.781789882642897
2025-11-05 11:43:20.042,19.73522485985768
2025-11-05 11:43:21.067,19.742327998926612
2025-11-05 11:43:22.094,19.758112752413126
2025-11-05 11:43:23.121,19.75022037566987
2025-11-05 11:43:24.148,19.719440106371167
2025-11-05 11:43:25.176,19.776265218922617
2025-11-05 11:43:26.206,19.76284817845908
2025-11-05 11:43:27.238,19.74627418729824
2025-11-05 11:43:28.264,19.741538761252286
2025-11-05 11:43:29.290,19.78336835799155
2025-11-05 11:43:30.318,19.758112752413126
2025-11-05 11:43:31.347,19.765215891482057
2025-11-05 11:43:32.371,19.758112752413126
2025-11-05 11:43:33.398,19.7573235147388
2025-11-05 11:43:34.426,19.75574503939015
2025-11-05 11:43:35.452,19.738381810554984
2025-11-05 11:43:36.477,19.73522485985768
2025-11-05 11:43:37.507,19.75022037566987
2025-11-05 11:43:38.533,19.721807819394144
2025-11-05 11:43:39.559,19.765215891482057
2025-11-05 11:43:40.584,19.747852662646892
2025-11-05 11:43:41.610,19.76837284217936
2025-11-05 11:43:42.635,19.73917104822931
2025-11-05 11:43:43.659,19.754955801715823
2025-11-05 11:43:44.685,19.76284817845908
2025-11-05 11:43:45.711,19.749431137995543
2025-11-05 11:43:46.736,19.748641900321218
2025-11-05 11:43:47.763,19.75179885101852
2025-11-05 11:43:48.791,19.72259705706847
2025-11-05 11:43:49.817,19.777054456596943
2025-11-05 11:43:50.847,19.747852662646892
2025-11-05 11:43:51.874,19.756534277064475
2025-11-05 11:43:52.900,19.743117236600938
2025-11-05 11:43:53.926,19.692606025444093
2025-11-05 11:43:54.949,19.759691227761778
2025-11-05 11:43:55.974,19.74074952357796
2025-11-05 11:43:56.998,19.747852662646892
2025-11-05 11:43:58.021,19.748641900321218
2025-11-05 11:43:59.045,19.754166564041498
2025-11-05 11:44:00.070,19.769162079853686
2025-11-05 11:44:01.096,19.759691227761778
2025-11-05 11:44:02.119,19.702866115210327
2025-11-05 11:44:03.142,19.739960285903635
2025-11-05 11:44:04.166,19.752588088692846
2025-11-05 11:44:05.192,19.75179885101852
2025-11-05 11:44:06.220,19.765215891482057
2025-11-05 11:44:07.247,19.742327998926612
2025-11-05 11:44:08.271,19.748641900321218
2025-11-05 11:44:09.294,19.73522485985768
2025-11-05 11:44:10.318,19.77547598124829
2025-11-05 11:44:11.343,19.743117236600938
2025-11-05 11:44:12.370,19.75179885101852
2025-11-05 11:44:13.397,19.758112752413126
2025-11-05 11:44:14.421,19.765215891482057
2025-11-05 11:44:15.445,19.76126970311043
2025-11-05 11:44:16.474,19.734435622183355
2025-11-05 11:44:17.500,19.765215891482057
2025-11-05 11:44:18.525,19.72417553241712
2025-11-05 11:44:19.551,19.70444459055898
2025-11-05 11:44:20.579,19.753377326367172
2025-11-05 11:44:21.606,19.758112752413126
2025-11-05 11:44:22.633,19.753377326367172
2025-11-05 11:44:23.660,19.72417553241712
2025-11-05 11:44:24.689,19.73522485985768
2025-11-05 11:44:25.716,19.74469571194959
2025-11-05 11:44:26.744,19.734435622183355
2025-11-05 11:44:27.767,19.706812303581955
2025-11-05 11:44:28.795,19.709180016604932
2025-11-05 11:44:29.824,19.74627418729824
2025-11-05 11:44:30.848,19.75574503939015
2025-11-05 11:44:31.874,19.754955801715823
2025-11-05 11:44:32.903,19.743117236600938
2025-11-05 11:44:33.929,19.697341451490047
2025-11-05 11:44:34.954,19.767583604505035
2025-11-05 11:44:35.982,19.758901990087452
2025-11-05 11:44:37.008,19.774686743573966
2025-11-05 11:44:38.034,19.751009613344195
2025-11-05 11:44:39.062,19.737592572880658
2025-11-05 11:44:40.089,19.75022037566987
2025-11-05 11:44:41.116,19.7573235147388
2025-11-05 11:44:42.143,19.747063424972566
2025-11-05 11:44:43.169,19.767583604505035
2025-11-05 11:44:44.197,19.778632931945594
2025-11-05 11:44:45.224,19.742327998926612
2025-11-05 11:44:46.251,19.76837284217936
2025-11-05 11:44:47.277,19.758112752413126
2025-11-05 11:44:48.302,19.759691227761778
2025-11-05 11:44:49.327,19.703655352884653
2025-11-05 11:44:50.355,19.748641900321218
2025-11-05 11:44:51.382,19.699709164513024
2025-11-05 11:44:52.408,19.758901990087452
2025-11-05 11:44:53.434,19.771529792876663
2025-11-05 11:44:54.462,19.709969254279258
2025-11-05 11:44:55.487,19.766005129156383
2025-11-05 11:44:56.516,19.760480465436103
2025-11-05 11:44:57.540,19.762058940784755
2025-11-05 11:44:58.566,19.76995131752801
2025-11-05 11:44:59.591,19.7297001961374
2025-11-05 11:45:00.621,19.752588088692846
2025-11-05 11:45:01.650,19.715493917999538
2025-11-05 11:45:02.677,19.77547598124829
2025-11-05 11:45:03.707,19.74469571194959
2025-11-05 11:45:04.732,19.766005129156383
2025-11-05 11:45:05.757,19.765215891482057
2025-11-05 11:45:06.784,19.71707239334819
2025-11-05 11:45:07.814,19.758112752413126
2025-11-05 11:45:08.839,19.77389750589964
2025-11-05 11:45:09.865,19.773108268225315
2025-11-05 11:45:10.889,19.75574503939015
2025-11-05 11:45:11.915,19.753377326367172
2025-11-05 11:45:12.944,19.73917104822931
2025-11-05 11:45:13.969,19.76126970311043
2025-11-05 11:45:14.995,19.756534277064475
2025-11-05 11:45:16.024,19.743117236600938
2025-11-05 11:45:17.051,19.742327998926612
2025-11-05 11:45:18.075,19.741538761252286
2025-11-05 11:45:19.102,19.706812303581955
2025-11-05 11:45:20.128,19.77547598124829
2025-11-05 11:45:21.155,19.774686743573966
2025-11-05 11:45:22.181,19.77547598124829
2025-11-05 11:45:23.207,19.766005129156383
2025-11-05 11:45:24.232,19.705233828233304
2025-11-05 11:45:25.261,19.715493917999538
2025-11-05 11:45:26.289,19.774686743573966
2025-11-05 11:45:27.319,19.774686743573966
2025-11-05 11:45:28.346,19.730489433811726
2025-11-05 11:45:29.373,19.765215891482057
2025-11-05 11:45:30.401,19.7573235147388
2025-11-05 11:45:31.429,19.78100064496857
2025-11-05 11:45:32.458,19.766005129156383
2025-11-05 11:45:33.488,19.724964770091447
2025-11-05 11:45:34.513,19.754955801715823
2025-11-05 11:45:35.540,19.764426653807732
2025-11-05 11:45:36.566,19.753377326367172
2025-11-05 11:45:37.592,19.774686743573966
2025-11-05 11:45:38.620,19.781789882642897
2025-11-05 11:45:39.647,19.77942216961992
2025-11-05 11:45:40.676,19.75022037566987
2025-11-05 11:45:41.704,19.753377326367172
2025-11-05 11:45:42.732,19.764426653807732
2025-11-05 11:45:43.755,19.71312620497656
2025-11-05 11:45:44.780,19.748641900321218
2025-11-05 11:45:45.806,19.752588088692846
2025-11-05 11:45:46.831,19.76126970311043
2025-11-05 11:45:47.857,19.756534277064475
2025-11-05 11:45:48.883,19.74627418729824
2025-11-05 11:45:49.910,19.752588088692846
2025-11-05 11:45:50.938,19.73522485985768
2025-11-05 11:45:51.965,19.753377326367172
2025-11-05 11:45:52.993,19.708390778930607
2025-11-05 11:45:54.019,19.762058940784755
2025-11-05 11:45:55.047,19.73522485985768
2025-11-05 11:45:56.073,19.747852662646892
2025-11-05 11:45:57.100,19.77942216961992
2025-11-05 11:45:58.127,19.751009613344195
2025-11-05 11:45:59.153,19.739960285903635
2025-11-05 11:46:00.182,19.754955801715823
2025-11-05 11:46:01.211,19.738381810554984
2025-11-05 11:46:02.238,19.749431137995543
2025-11-05 11:46:03.264,19.721018581719818
2025-11-05 11:46:04.292,19.7297001961374
2025-11-05 11:46:05.315,19.705233828233304
2025-11-05 11:46:06.341,19.748641900321218
2025-11-05 11:46:07.369,19.769162079853686
2025-11-05 11:46:08.396,19.741538761252286
2025-11-05 11:46:09.421,19.747063424972566
2025-11-05 11:46:10.447,19.777054456596943
2025-11-05 11:46:11.475,19.75022037566987
2025-11-05 11:46:12.503,19.698130689164373
2025-11-05 11:46:13.529,19.727332483114424
2025-11-05 11:46:14.558,19.754955801715823
2025-11-05 11:46:15.583,19.71865086869684
2025-11-05 11:46:16.612,19.747852662646892
2025-11-05 11:46:17.637,19.727332483114424
2025-11-05 11:46:18.664,19.74627418729824
2025-11-05 11:46:19.690,19.731278671486052
2025-11-05 11:46:20.716,19.749431137995543
2025-11-05 11:46:21.743,19.70444459055898
2025-11-05 11:46:22.772,19.742327998926612
2025-11-05 11:46:23.798,19.747063424972566
2025-11-05 11:46:24.825,19.73522485985768
2025-11-05 11:46:25.852,19.743906474275263
2025-11-05 11:46:26.879,19.732857146834704
2025-11-05 11:46:27.906,19.75179885101852
2025-11-05 11:46:28.932,19.745484949623915
2025-11-05 11:46:29.960,19.709180016604932
2025-11-05 11:46:30.987,19.726543245440098
2025-11-05 11:46:32.015,19.770740555202337
2025-11-05 11:46:33.039,19.736803335206332
2025-11-05 11:46:34.067,19.742327998926612
2025-11-05 11:46:35.094,19.767583604505035
2025-11-05 11:46:36.124,19.758112752413126
2025-11-05 11:46:37.153,19.73917104822931
2025-11-05 11:46:38.176,19.74074952357796
2025-11-05 11:46:39.203,19.752588088692846
2025-11-05 11:46:40.230,19.741538761252286
2025-11-05 11:46:41.257,19.762058940784755
2025-11-05 11:46:42.282,19.727332483114424
2025-11-05 11:46:43.306,19.701287639861675
2025-11-05 11:46:44.333,19.749431137995543
2025-11-05 11:46:45.361,19.747063424972566
2025-11-05 11:46:46.389,19.745484949623915
2025-11-05 11:46:47.417,19.712336967302235
2025-11-05 11:46:48.443,19.756534277064475
2025-11-05 11:46:49.472,19.752588088692846
2025-11-05 11:46:50.499,19.748641900321218
2025-11-05 11:46:51.524,19.738381810554984
2025-11-05 11:46:52.551,19.773108268225315
2025-11-05 11:46:53.577,19.747063424972566
2025-11-05 11:46:54.603,19.749431137995543
2025-11-05 11:46:55.629,19.742327998926612
2025-11-05 11:46:56.654,19.74627418729824
2025-11-05 11:46:57.679,19.747852662646892
2025-11-05 11:46:58.705,19.743906474275263
2025-11-05 11:46:59.735,19.73364638450903
2025-11-05 11:47:00.760,19.749431137995543
2025-11-05 11:47:01.788,19.697341451490047
2025-11-05 11:47:02.816,19.743117236600938
2025-11-05 11:47:03.841,19.741538761252286
2025-11-05 11:47:04.867,19.754955801715823
2025-11-05 11:47:05.893,19.736803335206332
2025-11-05 11:47:06.920,19.756534277064475
2025-11-05 11:47:07.947,19.736014097532006
2025-11-05 11:47:08.972,19.76837284217936
2025-11-05 11:47:10.000,19.73917104822931
2025-11-05 11:47:11.026,19.754955801715823
2025-11-05 11:47:12.056,19.753377326367172
2025-11-05 11:47:13.081,19.752588088692846
2025-11-05 11:47:14.108,19.742327998926612
2025-11-05 11:47:15.133,19.7297001961374
2025-11-05 11:47:16.158,19.71154772962791
2025-11-05 11:47:17.182,19.694184500792744
2025-11-05 11:47:18.206,19.72417553241712
2025-11-05 11:47:19.229,19.71154772962791
2025-11-05 11:47:20.255,19.737592572880658
2025-11-05 11:47:21.280,19.713915442650887
2025-11-05 11:47:22.308,19.739960285903635
2025-11-05 11:47:23.333,19.754166564041498
2025-11-05 11:47:24.356,19.747852662646892
2025-11-05 11:47:25.379,19.745484949623915
2025-11-05 11:47:26.402,19.74074952357796
2025-11-05 11:47:27.427,19.742327998926612
2025-11-05 11:47:28.452,19.751009613344195
2025-11-05 11:47:29.478,19.743117236600938
2025-11-05 11:47:30.501,19.76837284217936
2025-11-05 11:47:31.524,19.74074952357796
2025-11-05 11:47:32.548,19.743906474275263
2025-11-05 11:47:33.577,19.754955801715823
2025-11-05 11:47:34.605,19.758112752413126
2025-11-05 11:47:35.630,19.710758491953584
2025-11-05 11:47:36.653,19.74074952357796
2025-11-05 11:47:37.676,19.739960285903635
2025-11-05 11:47:38.705,19.756534277064475
2025-11-05 11:47:39.732,19.71154772962791
2025-11-05 11:47:40.758,19.773108268225315
2025-11-05 11:47:41.783,19.76126970311043
2025-11-05 11:47:42.810,19.728910958463075
2025-11-05 11:47:43.835,19.73917104822931
2025-11-05 11:47:44.863,19.76284817845908
2025-11-05 11:47:45.893,19.747063424972566
2025-11-05 11:47:46.919,19.747852662646892
2025-11-05 11:47:47.948,19.763637416133406
2025-11-05 11:47:48.975,19.709180016604932
2025-11-05 11:47:50.001,19.756534277064475
2025-11-05 11:47:51.027,19.76284817845908
2025-11-05 11:47:52.053,19.728910958463075
2025-11-05 11:47:53.080,19.69655221381572
2025-11-05 11:47:54.106,19.715493917999538
2025-11-05 11:47:55.130,19.75574503939015
2025-11-05 11:47:56.157,19.724964770091447
2025-11-05 11:47:57.183,19.6989199268387
2025-11-05 11:47:58.211,19.736014097532006
2025-11-05 11:47:59.236,19.70602306590763
2025-11-05 11:48:00.264,19.736014097532006
2025-11-05 11:48:01.294,19.741538761252286
2025-11-05 11:48:02.322,19.763637416133406
2025-11-05 11:48:03.349,19.751009613344195
2025-11-05 11:48:04.375,19.751009613344195
2025-11-05 11:48:05.404,19.747063424972566
2025-11-05 11:48:06.429,19.743117236600938
2025-11-05 11:48:07.457,19.747063424972566
2025-11-05 11:48:08.485,19.732857146834704
2025-11-05 11:48:09.510,19.691816787769767
2025-11-05 11:48:10.534,19.73522485985768
2025-11-05 11:48:11.562,19.760480465436103
2025-11-05 11:48:12.587,19.76126970311043
2025-11-05 11:48:13.614,19.73917104822931
2025-11-05 11:48:14.640,19.753377326367172
2025-11-05 11:48:15.667,19.747063424972566
2025-11-05 11:48:16.693,19.751009613344195
2025-11-05 11:48:17.722,19.743117236600938
2025-11-05 11:48:18.747,19.754955801715823
2025-11-05 11:48:19.773,19.741538761252286
2025-11-05 11:48:20.799,19.74074952357796
2025-11-05 11:48:21.832,19.734435622183355
2025-11-05 11:48:22.859,19.76126970311043
2025-11-05 11:48:23.885,19.771529792876663
2025-11-05 11:48:24.910,19.73522485985768
2025-11-05 11:48:25.937,19.745484949623915
2025-11-05 11:48:26.963,19.74469571194959
2025-11-05 11:48:27.989,19.76995131752801
2025-11-05 11:48:29.016,19.748641900321218
2025-11-05 11:48:30.043,19.776265218922617
2025-11-05 11:48:31.074,19.74469571194959
2025-11-05 11:48:32.102,19.756534277064475
2025-11-05 11:48:33.126,19.74074952357796
2025-11-05 11:48:34.154,19.739960285903635
2025-11-05 11:48:35.182,19.686292124049487
2025-11-05 11:48:36.208,19.72417553241712
2025-11-05 11:48:37.233,19.76284817845908
2025-11-05 11:48:38.259,19.739960285903635
2025-11-05 11:48:39.287,19.765215891482057
2025-11-05 11:48:40.315,19.726543245440098
2025-11-05 11:48:41.340,19.76126970311043
2025-11-05 11:48:42.367,19.76837284217936
2025-11-05 11:48:43.396,19.74469571194959
2025-11-05 11:48:44.425,19.759691227761778
2025-11-05 11:48:45.453,19.727332483114424
2025-11-05 11:48:46.481,19.7573235147388
2025-11-05 11:48:47.510,19.7573235147388
2025-11-05 11:48:48.536,19.747063424972566
2025-11-05 11:48:49.563,19.743906474275263
2025-11-05 11:48:50.589,19.713915442650887
2025-11-05 11:48:51.614,19.741538761252286
2025-11-05 11:48:52.640,19.739960285903635
2025-11-05 11:48:53.665,19.75022037566987
2025-11-05 11:48:54.695,19.712336967302235
2025-11-05 11:48:55.723,19.756534277064475
2025-11-05 11:48:56.749,19.74627418729824
2025-11-05 11:48:57.777,19.758112752413126
2025-11-05 11:48:58.802,19.771529792876663
2025-11-05 11:48:59.827,19.74627418729824
2025-11-05 11:49:00.854,19.751009613344195
2025-11-05 11:49:01.880,19.752588088692846
2025-11-05 11:49:02.908,19.739960285903635
2025-11-05 11:49:03.935,19.741538761252286
2025-11-05 11:49:04.962,19.742327998926612
2025-11-05 11:49:05.992,19.724964770091447
2025-11-05 11:49:07.020,19.695762976141395
2025-11-05 11:49:08.046,19.706812303581955
2025-11-05 11:49:09.071,19.737592572880658
2025-11-05 11:49:10.097,19.765215891482057
2025-11-05 11:49:11.122,19.725754007765772
2025-11-05 11:49:12.147,19.762058940784755
2025-11-05 11:49:13.173,19.748641900321218
2025-11-05 11:49:14.200,19.71154772962791
2025-11-05 11:49:15.225,19.731278671486052
2025-11-05 11:49:16.253,19.747852662646892
2025-11-05 11:49:17.280,19.743906474275263
2025-11-05 11:49:18.305,19.737592572880658
2025-11-05 11:49:19.332,19.731278671486052
2025-11-05 11:49:20.358,19.743906474275263
2025-11-05 11:49:21.381,19.727332483114424
2025-11-05 11:49:22.408,19.758112752413126
2025-11-05 11:49:23.435,19.759691227761778
2025-11-05 11:49:24.462,19.708390778930607
2025-11-05 11:49:25.486,19.736014097532006
2025-11-05 11:49:26.512,19.747852662646892
2025-11-05 11:49:27.537,19.7573235147388
2025-11-05 11:49:28.566,19.737592572880658
2025-11-05 11:49:29.593,19.771529792876663
2025-11-05 11:49:30.620,19.74074952357796
2025-11-05 11:49:31.648,19.728910958463075
2025-11-05 11:49:32.677,19.747852662646892
2025-11-05 11:49:33.705,19.730489433811726
2025-11-05 11:49:34.730,19.74074952357796
2025-11-05 11:49:35.757,19.745484949623915
2025-11-05 11:49:36.782,19.74627418729824
2025-11-05 11:49:37.814,19.760480465436103
2025-11-05 11:49:38.843,19.737592572880658
2025-11-05 11:49:39.871,19.747852662646892
2025-11-05 11:49:40.899,19.743117236600938
2025-11-05 11:49:41.928,19.741538761252286
2025-11-05 11:49:42.955,19.7573235147388
2025-11-05 11:49:43.984,19.74627418729824
2025-11-05 11:49:45.014,19.74074952357796
2025-11-05 11:49:46.039,19.736803335206332
2025-11-05 11:49:47.065,19.75574503939015
2025-11-05 11:49:48.092,19.759691227761778
2025-11-05 11:49:49.114,19.697341451490047
2025-11-05 11:49:50.140,19.74627418729824
2025-11-05 11:49:51.167,19.748641900321218
2025-11-05 11:49:52.192,19.769162079853686
2025-11-05 11:49:53.218,19.742327998926612
2025-11-05 11:49:54.242,19.778632931945594
2025-11-05 11:49:55.270,19.77389750589964
2025-11-05 11:49:56.296,19.743117236600938
2025-11-05 11:49:57.324,19.76679436683071
2025-11-05 11:49:58.352,19.754955801715823
2025-11-05 11:49:59.377,19.76995131752801
2025-11-05 11:50:00.404,19.69497373846707
2025-11-05 11:50:01.432,19.767583604505035
2025-11-05 11:50:02.460,19.73364638450903
2025-11-05 11:50:03.486,19.756534277064475
2025-11-05 11:50:04.514,19.759691227761778
2025-11-05 11:50:05.545,19.758112752413126
2025-11-05 11:50:06.572,19.747063424972566
2025-11-05 11:50:07.599,19.741538761252286
2025-11-05 11:50:08.628,19.754166564041498
2025-11-05 11:50:09.655,19.747063424972566
2025-11-05 11:50:10.680,19.74627418729824
2025-11-05 11:50:11.708,19.764426653807732
2025-11-05 11:50:12.736,19.737592572880658
2025-11-05 11:50:13.761,19.766005129156383
2025-11-05 11:50:14.787,19.745484949623915
2025-11-05 11:50:15.813,19.74469571194959
2025-11-05 11:50:16.839,19.753377326367172
2025-11-05 11:50:17.865,19.751009613344195
2025-11-05 11:50:18.890,19.75574503939015
2025-11-05 11:50:19.916,19.754955801715823
2025-11-05 11:50:20.942,19.764426653807732
2025-11-05 11:50:21.965,19.78100064496857
2025-11-05 11:50:22.994,19.742327998926612
2025-11-05 11:50:24.026,19.75022037566987
2025-11-05 11:50:25.053,19.777054456596943
2025-11-05 11:50:26.082,19.737592572880658
2025-11-05 11:50:27.110,19.742327998926612
2025-11-05 11:50:28.139,19.743906474275263
2025-11-05 11:50:29.168,19.756534277064475
2025-11-05 11:50:30.195,19.748641900321218
2025-11-05 11:50:31.224,19.74469571194959
2025-11-05 11:50:32.250,19.74627418729824
2025-11-05 11:50:33.276,19.756534277064475
2025-11-05 11:50:34.307,19.730489433811726
2025-11-05 11:50:35.334,19.75179885101852
2025-11-05 11:50:36.361,19.743117236600938
2025-11-05 11:50:37.392,19.73522485985768
2025-11-05 11:50:38.415,19.719440106371167
2025-11-05 11:50:39.439,19.748641900321218
2025-11-05 11:50:40.462,19.7573235147388
2025-11-05 11:50:41.486,19.694184500792744
2025-11-05 11:50:42.510,19.762058940784755
2025-11-05 11:50:43.534,19.78100064496857
2025-11-05 11:50:44.561,19.76126970311043
2025-11-05 11:50:45.591,19.743906474275263
2025-11-05 11:50:46.614,19.765215891482057
2025-11-05 11:50:47.637,19.76679436683071
2025-11-05 11:50:48.660,19.749431137995543
2025-11-05 11:50:49.691,19.743117236600938
2025-11-05 11:50:50.717,19.72812172078875
2025-11-05 11:50:51.743,19.754166564041498
2025-11-05 11:50:52.766,19.76837284217936
2025-11-05 11:50:53.789,19.76679436683071
2025-11-05 11:50:54.811,19.747063424972566
2025-11-05 11:50:55.834,19.77389750589964
2025-11-05 11:50:56.858,19.73917104822931
2025-11-05 11:50:57.888,19.739960285903635
2025-11-05 11:50:58.913,19.709180016604932
2025-11-05 11:50:59.947,19.7573235147388
2025-11-05 11:51:00.973,19.743906474275263
2025-11-05 11:51:02.002,19.74627418729824
2025-11-05 11:51:03.029,19.7573235147388
2025-11-05 11:51:04.057,19.709180016604932
2025-11-05 11:51:05.080,19.738381810554984
2025-11-05 11:51:06.107,19.751009613344195
2025-11-05 11:51:07.136,19.747063424972566
2025-11-05 11:51:08.163,19.741538761252286
2025-11-05 11:51:09.188,19.747852662646892
2025-11-05 11:51:10.214,19.721807819394144
2025-11-05 11:51:11.240,19.759691227761778
2025-11-05 11:51:12.266,19.741538761252286
2025-11-05 11:51:13.294,19.743117236600938
2025-11-05 11:51:14.322,19.747063424972566
2025-11-05 11:51:15.349,19.769162079853686
2025-11-05 11:51:16.376,19.75022037566987
2025-11-05 11:51:17.400,19.743906474275263
2025-11-05 11:51:18.425,19.710758491953584
2025-11-05 11:51:19.451,19.74469571194959
2025-11-05 11:51:20.478,19.692606025444093
2025-11-05 11:51:21.505,19.73917104822931
2025-11-05 11:51:22.530,19.734435622183355
2025-11-05 11:51:23.558,19.753377326367172
2025-11-05 11:51:24.587,19.75022037566987
2025-11-05 11:51:25.617,19.766005129156383
2025-11-05 11:51:26.645,19.747852662646892
2025-11-05 11:51:27.673,19.74074952357796
2025-11-05 11:51:28.703,19.754166564041498
2025-11-05 11:51:29.732,19.747063424972566
2025-11-05 11:51:30.762,19.760480465436103
2025-11-05 11:51:31.793,19.743117236600938
2025-11-05 11:51:32.819,19.739960285903635
2025-11-05 11:51:33.850,19.765215891482057
2025-11-05 11:51:34.875,19.741538761252286
2025-11-05 11:51:35.902,19.743117236600938
2025-11-05 11:51:36.929,19.77389750589964
2025-11-05 11:51:37.955,19.770740555202337
2025-11-05 11:51:38.980,19.726543245440098
2025-11-05 11:51:40.009,19.745484949623915
2025-11-05 11:51:41.037,19.762058940784755
2025-11-05 11:51:42.064,19.739960285903635
2025-11-05 11:51:43.090,19.70444459055898
2025-11-05 11:51:44.119,19.74469571194959
2025-11-05 11:51:45.145,19.7297001961374
2025-11-05 11:51:46.170,19.738381810554984
2025-11-05 11:51:47.193,19.753377326367172
2025-11-05 11:51:48.219,19.747852662646892
2025-11-05 11:51:49.244,19.752588088692846
2025-11-05 11:51:50.269,19.762058940784755
2025-11-05 11:51:51.295,19.717861631022515
2025-11-05 11:51:52.324,19.749431137995543
2025-11-05 11:51:53.349,19.745484949623915
2025-11-05 11:51:54.377,19.747852662646892
2025-11-05 11:51:55.404,19.76284817845908
2025-11-05 11:51:56.430,19.737592572880658
2025-11-05 11:51:57.457,19.765215891482057
2025-11-05 11:51:58.486,19.771529792876663
2025-11-05 11:51:59.512,19.716283155673864
2025-11-05 11:52:00.537,19.73522485985768
2025-11-05 11:52:01.566,19.748641900321218
2025-11-05 11:52:02.595,19.75574503939015
2025-11-05 11:52:03.620,19.743906474275263
2025-11-05 11:52:04.645,19.763637416133406
2025-11-05 11:52:05.671,19.745484949623915
2025-11-05 11:52:06.699,19.748641900321218
2025-11-05 11:52:07.727,19.742327998926612
2025-11-05 11:52:08.753,19.76679436683071
2025-11-05 11:52:09.779,19.747063424972566
2025-11-05 11:52:10.806,19.767583604505035
2025-11-05 11:52:11.835,19.75179885101852
2025-11-05 11:52:12.861,19.758901990087452
2025-11-05 11:52:13.886,19.73522485985768
2025-11-05 11:52:14.912,19.780211407294246
2025-11-05 11:52:15.938,19.749431137995543
2025-11-05 11:52:16.968,19.708390778930607
2025-11-05 11:52:17.995,19.75022037566987
2025-11-05 11:52:19.020,19.713915442650887
2025-11-05 11:52:20.046,19.75574503939015
2025-11-05 11:52:21.072,19.75179885101852
2025-11-05 11:52:22.098,19.75574503939015
2025-11-05 11:52:23.123,19.760480465436103
2025-11-05 11:52:24.149,19.701287639861675
2025-11-05 11:52:25.174,19.71707239334819
2025-11-05 11:52:26.199,19.758112752413126
2025-11-05 11:52:27.222,19.75022037566987
2025-11-05 11:52:28.253,19.7573235147388
2025-11-05 11:52:29.278,19.76126970311043
2025-11-05 11:52:30.306,19.739960285903635
2025-11-05 11:52:31.333,19.70444459055898
2025-11-05 11:52:32.358,19.7573235147388
2025-11-05 11:52:33.383,19.743117236600938
2025-11-05 11:52:34.416,19.76284817845908
2025-11-05 11:52:35.442,19.742327998926612
2025-11-05 11:52:36.470,19.75574503939015
2025-11-05 11:52:37.497,19.76679436683071
2025-11-05 11:52:38.522,19.75022037566987
2025-11-05 11:52:39.549,19.765215891482057
2025-11-05 11:52:40.575,19.754955801715823
2025-11-05 11:52:41.601,19.754166564041498
2025-11-05 11:52:42.627,19.764426653807732
2025-11-05 11:52:43.653,19.754166564041498
2025-11-05 11:52:44.688,19.75179885101852
2025-11-05 11:52:45.714,19.77547598124829
2025-11-05 11:52:46.739,19.75179885101852
2025-11-05 11:52:47.764,19.752588088692846
2025-11-05 11:52:48.791,19.756534277064475
2025-11-05 11:52:49.814,19.759691227761778
2025-11-05 11:52:50.841,19.708390778930607
2025-11-05 11:52:51.868,19.756534277064475
2025-11-05 11:52:52.895,19.754955801715823
2025-11-05 11:52:53.922,19.753377326367172
2025-11-05 11:52:54.957,19.709180016604932
2025-11-05 11:52:55.984,19.745484949623915
2025-11-05 11:52:57.009,19.737592572880658
2025-11-05 11:52:58.035,19.753377326367172
2025-11-05 11:52:59.061,19.756534277064475
2025-11-05 11:53:00.087,19.748641900321218
2025-11-05 11:53:01.117,19.72812172078875
2025-11-05 11:53:02.144,19.751009613344195
2025-11-05 11:53:03.170,19.74074952357796
2025-11-05 11:53:04.196,19.75574503939015
2025-11-05 11:53:05.223,19.725754007765772
2025-11-05 11:53:06.247,19.748641900321218
2025-11-05 11:53:07.273,19.71312620497656
2025-11-05 11:53:08.299,19.736803335206332
2025-11-05 11:53:09.323,19.749431137995543
2025-11-05 11:53:10.349,19.747852662646892
2025-11-05 11:53:11.373,19.747063424972566
2025-11-05 11:53:12.397,19.741538761252286
2025-11-05 11:53:13.426,19.6989199268387
2025-11-05 11:53:14.455,19.754166564041498
2025-11-05 11:53:15.480,19.77231903055099
2025-11-05 11:53:16.508,19.712336967302235
2025-11-05 11:53:17.535,19.754166564041498
2025-11-05 11:53:18.563,19.751009613344195
2025-11-05 11:53:19.588,19.769162079853686
2025-11-05 11:53:20.616,19.77784369427127
2025-11-05 11:53:21.642,19.725754007765772
2025-11-05 11:53:22.668,19.771529792876663
2025-11-05 11:53:23.693,19.747852662646892
2025-11-05 11:53:24.719,19.771529792876663
2025-11-05 11:53:25.745,19.730489433811726
2025-11-05 11:53:26.770,19.74469571194959
2025-11-05 11:53:27.793,19.742327998926612
2025-11-05 11:53:28.822,19.766005129156383
2025-11-05 11:53:29.850,19.762058940784755
2025-11-05 11:53:30.877,19.752588088692846
2025-11-05 11:53:31.904,19.767583604505035
2025-11-05 11:53:32.933,19.76284817845908
2025-11-05 11:53:33.961,19.778632931945594
2025-11-05 11:53:34.987,19.76126970311043
2025-11-05 11:53:36.013,19.747063424972566
2025-11-05 11:53:37.038,19.75179885101852
2025-11-05 11:53:38.065,19.743906474275263
2025-11-05 11:53:39.093,19.72417553241712
2025-11-05 11:53:40.118,19.747852662646892
2025-11-05 11:53:41.146,19.743906474275263
2025-11-05 11:53:42.173,19.754166564041498
2025-11-05 11:53:43.199,19.74469571194959
2025-11-05 11:53:44.224,19.773108268225315
2025-11-05 11:53:45.253,19.780211407294246
2025-11-05 11:53:46.278,19.70760154125628
2025-11-05 11:53:47.304,19.71865086869684
2025-11-05 11:53:48.331,19.759691227761778
2025-11-05 11:53:49.357,19.71707239334819
2025-11-05 11:53:50.382,19.773108268225315
2025-11-05 11:53:51.407,19.747063424972566
2025-11-05 11:53:52.434,19.774686743573966
2025-11-05 11:53:53.459,19.745484949623915
2025-11-05 11:53:54.485,19.771529792876663
2025-11-05 11:53:55.512,19.76995131752801
2025-11-05 11:53:56.539,19.753377326367172
2025-11-05 11:53:57.565,19.75179885101852
2025-11-05 11:53:58.594,19.738381810554984
2025-11-05 11:53:59.620,19.712336967302235
2025-11-05 11:54:00.643,19.71312620497656
2025-11-05 11:54:01.667,19.754166564041498
2025-11-05 11:54:02.690,19.78336835799155
2025-11-05 11:54:03.713,19.758112752413126
2025-11-05 11:54:04.738,19.76126970311043
2025-11-05 11:54:05.761,19.763637416133406
2025-11-05 11:54:06.786,19.767583604505035
2025-11-05 11:54:07.814,19.747852662646892
2025-11-05 11:54:08.843,19.75179885101852
2025-11-05 11:54:09.866,19.762058940784755
2025-11-05 11:54:10.889,19.75022037566987
2025-11-05 11:54:11.915,19.747063424972566
2025-11-05 11:54:12.946,19.751009613344195
2025-11-05 11:54:13.972,19.73522485985768
2025-11-05 11:54:14.996,19.743117236600938
2025-11-05 11:54:16.020,19.75574503939015
2025-11-05 11:54:17.044,19.709969254279258
2025-11-05 11:54:18.067,19.745484949623915
2025-11-05 11:54:19.091,19.716283155673864
2025-11-05 11:54:20.114,19.75574503939015
2025-11-05 11:54:21.145,19.752588088692846
2025-11-05 11:54:22.178,19.73364638450903
2025-11-05 11:54:23.202,19.777054456596943
2025-11-05 11:54:24.229,19.756534277064475
2025-11-05 11:54:25.255,19.759691227761778
2025-11-05 11:54:26.281,19.74627418729824
2025-11-05 11:54:27.310,19.759691227761778
2025-11-05 11:54:28.342,19.76126970311043
2025-11-05 11:54:29.368,19.716283155673864
2025-11-05 11:54:30.397,19.752588088692846
2025-11-05 11:54:31.425,19.695762976141395
2025-11-05 11:54:32.455,19.751009613344195
2025-11-05 11:54:33.480,19.767583604505035
2025-11-05 11:54:34.508,19.762058940784755
2025-11-05 11:54:35.535,19.709180016604932
2025-11-05 11:54:36.561,19.738381810554984
2025-11-05 11:54:37.586,19.752588088692846
2025-11-05 11:54:38.612,19.76126970311043
2025-11-05 11:54:39.638,19.758112752413126
2025-11-05 11:54:40.665,19.767583604505035
2025-11-05 11:54:41.690,19.74469571194959
2025-11-05 11:54:42.715,19.753377326367172
2025-11-05 11:54:43.742,19.76679436683071
2025-11-05 11:54:44.766,19.743906474275263
2025-11-05 11:54:45.792,19.743906474275263
2025-11-05 11:54:46.818,19.753377326367172
2025-11-05 11:54:47.843,19.751009613344195
2025-11-05 11:54:48.869,19.747852662646892
2025-11-05 11:54:49.895,19.758901990087452
2025-11-05 11:54:50.920,19.749431137995543
2025-11-05 11:54:51.947,19.759691227761778
2025-11-05 11:54:52.973,19.748641900321218
2025-11-05 11:54:54.002,19.760480465436103
2025-11-05 11:54:55.029,19.74627418729824
2025-11-05 11:54:56.060,19.771529792876663
2025-11-05 11:54:57.090,19.75022037566987
2025-11-05 11:54:58.116,19.77231903055099
2025-11-05 11:54:59.141,19.751009613344195
2025-11-05 11:55:00.167,19.758112752413126
2025-11-05 11:55:01.192,19.72417553241712
2025-11-05 11:55:02.220,19.75179885101852
2025-11-05 11:55:03.248,19.767583604505035
2025-11-05 11:55:04.277,19.75022037566987
2025-11-05 11:55:05.305,19.760480465436103
2025-11-05 11:55:06.331,19.748641900321218
2025-11-05 11:55:07.360,19.751009613344195
2025-11-05 11:55:08.389,19.77547598124829
2025-11-05 11:55:09.415,19.77231903055099
2025-11-05 11:55:10.442,19.76995131752801
2025-11-05 11:55:11.469,19.771529792876663
2025-11-05 11:55:12.498,19.754166564041498
2025-11-05 11:55:13.528,19.747852662646892
2025-11-05 11:55:14.553,19.69655221381572
2025-11-05 11:55:15.579,19.752588088692846
2025-11-05 11:55:16.605,19.703655352884653
2025-11-05 11:55:17.633,19.732067909160378
2025-11-05 11:55:18.659,19.758112752413126
2025-11-05 11:55:19.686,19.782579120317223
2025-11-05 11:55:20.713,19.721018581719818
2025-11-05 11:55:21.740,19.754955801715823
2025-11-05 11:55:22.770,19.773108268225315
2025-11-05 11:55:23.796,19.749431137995543
2025-11-05 11:55:24.824,19.745484949623915
2025-11-05 11:55:25.849,19.759691227761778
2025-11-05 11:55:26.875,19.742327998926612
2025-11-05 11:55:27.901,19.74074952357796
2025-11-05 11:55:28.928,19.764426653807732
2025-11-05 11:55:29.956,19.76679436683071
2025-11-05 11:55:30.986,19.754166564041498
2025-11-05 11:55:32.013,19.756534277064475
2025-11-05 11:55:33.040,19.725754007765772
2025-11-05 11:55:34.063,19.748641900321218
2025-11-05 11:55:35.092,19.745484949623915
2025-11-05 11:55:36.116,19.7573235147388
2025-11-05 11:55:37.142,19.753377326367172
2025-11-05 11:55:38.169,19.74469571194959
2025-11-05 11:55:39.192,19.745484949623915
2025-11-05 11:55:40.220,19.747063424972566
2025-11-05 11:55:41.247,19.720229344045492
2025-11-05 11:55:42.271,19.754955801715823
2025-11-05 11:55:43.297,19.760480465436103
2025-11-05 11:55:44.326,19.727332483114424
2025-11-05 11:55:45.353,19.747852662646892
2025-11-05 11:55:46.379,19.79047149706048
2025-11-05 11:55:47.405,19.754166564041498
2025-11-05 11:55:48.431,19.74627418729824
2025-11-05 11:55:49.460,19.73522485985768
2025-11-05 11:55:50.486,19.773108268225315
2025-11-05 11:55:51.512,19.73917104822931
2025-11-05 11:55:52.538,19.714704680325212
2025-11-05 11:55:53.564,19.745484949623915
2025-11-05 11:55:54.588,19.747063424972566
2025-11-05 11:55:55.611,19.75179885101852
2025-11-05 11:55:56.637,19.753377326367172
2025-11-05 11:55:57.663,19.753377326367172
2025-11-05 11:55:58.688,19.754955801715823
2025-11-05 11:55:59.713,19.736014097532006
2025-11-05 11:56:00.740,19.773108268225315
2025-11-05 11:56:01.769,19.702076877536
2025-11-05 11:56:02.799,19.777054456596943
2025-11-05 11:56:03.828,19.763637416133406
2025-11-05 11:56:04.854,19.766005129156383
2025-11-05 11:56:05.881,19.774686743573966
2025-11-05 11:56:06.909,19.758901990087452
2025-11-05 11:56:07.938,19.708390778930607
2025-11-05 11:56:08.964,19.71312620497656
2025-11-05 11:56:09.991,19.77389750589964
2025-11-05 11:56:11.018,19.721807819394144
2025-11-05 11:56:12.042,19.715493917999538
2025-11-05 11:56:13.070,19.747063424972566
2025-11-05 11:56:14.100,19.75574503939015
2025-11-05 11:56:15.130,19.75022037566987
2025-11-05 11:56:16.158,19.754166564041498
2025-11-05 11:56:17.186,19.771529792876663
2025-11-05 11:56:18.214,19.760480465436103
2025-11-05 11:56:19.238,19.76284817845908
2025-11-05 11:56:20.263,19.77389750589964
2025-11-05 11:56:21.292,19.752588088692846
2025-11-05 11:56:22.316,19.72417553241712
2025-11-05 11:56:23.344,19.771529792876663
2025-11-05 11:56:24.373,19.748641900321218
2025-11-05 11:56:25.399,19.745484949623915
2025-11-05 11:56:26.427,19.759691227761778
2025-11-05 11:56:27.454,19.745484949623915
2025-11-05 11:56:28.481,19.7573235147388
2025-11-05 11:56:29.507,19.75574503939015
2025-11-05 11:56:30.536,19.745484949623915
2025-11-05 11:56:31.562,19.732857146834704
2025-11-05 11:56:32.589,19.77231903055099
2025-11-05 11:56:33.612,19.74627418729824
2025-11-05 11:56:34.639,19.754166564041498
2025-11-05 11:56:35.665,19.747852662646892
2025-11-05 11:56:36.691,19.756534277064475
2025-11-05 11:56:37.717,19.748641900321218
2025-11-05 11:56:38.743,19.762058940784755
2025-11-05 11:56:39.770,19.759691227761778
2025-11-05 11:56:40.799,19.72812172078875
2025-11-05 11:56:41.824,19.769162079853686
2025-11-05 11:56:42.850,19.748641900321218
2025-11-05 11:56:43.878,19.773108268225315
2025-11-05 11:56:44.904,19.74627418729824
2025-11-05 11:56:45.930,19.758901990087452
2025-11-05 11:56:46.957,19.75574503939015
2025-11-05 11:56:47.982,19.77784369427127
2025-11-05 11:56:49.007,19.759691227761778
2025-11-05 11:56:50.030,19.74627418729824
2025-11-05 11:56:51.062,19.742327998926612
2025-11-05 11:56:52.087,19.745484949623915
2025-11-05 11:56:53.113,19.758901990087452
2025-11-05 11:56:54.140,19.706812303581955
2025-11-05 11:56:55.172,19.752588088692846
2025-11-05 11:56:56.199,19.754955801715823
2025-11-05 11:56:57.224,19.745484949623915
2025-11-05 11:56:58.249,19.748641900321218
2025-11-05 11:56:59.275,19.759691227761778
2025-11-05 11:57:00.304,19.766005129156383
2025-11-05 11:57:01.330,19.76679436683071
2025-11-05 11:57:02.359,19.754955801715823
2025-11-05 11:57:03.385,19.770740555202337
2025-11-05 11:57:04.411,19.747852662646892
2025-11-05 11:57:05.437,19.709969254279258
2025-11-05 11:57:06.463,19.743906474275263
2025-11-05 11:57:07.491,19.749431137995543
2025-11-05 11:57:08.516,19.753377326367172
2025-11-05 11:57:09.542,19.751009613344195
2025-11-05 11:57:10.568,19.751009613344195
2025-11-05 11:57:11.597,19.760480465436103
2025-11-05 11:57:12.624,19.762058940784755
2025-11-05 11:57:13.653,19.76837284217936
2025-11-05 11:57:14.680,19.754955801715823
2025-11-05 11:57:15.706,19.75022037566987
2025-11-05 11:57:16.733,19.725754007765772
2025-11-05 11:57:17.762,19.75179885101852
2025-11-05 11:57:18.791,19.723386294742795
2025-11-05 11:57:19.818,19.747852662646892
2025-11-05 11:57:20.845,19.74627418729824
2025-11-05 11:57:21.871,19.758901990087452
2025-11-05 11:57:22.898,19.748641900321218
2025-11-05 11:57:23.921,19.77547598124829
2025-11-05 11:57:24.944,19.760480465436103
2025-11-05 11:57:25.967,19.76837284217936
2025-11-05 11:57:26.992,19.754166564041498
2025-11-05 11:57:28.015,19.758112752413126
2025-11-05 11:57:29.039,19.726543245440098
2025-11-05 11:57:30.063,19.77547598124829
2025-11-05 11:57:31.086,19.75179885101852
2025-11-05 11:57:32.109,19.706812303581955
2025-11-05 11:57:33.133,19.74469571194959
2025-11-05 11:57:34.157,19.76284817845908
2025-11-05 11:57:35.183,19.75179885101852
2025-11-05 11:57:36.207,19.76284817845908
2025-11-05 11:57:37.230,19.743906474275263
2025-11-05 11:57:38.253,19.767583604505035
2025-11-05 11:57:39.276,19.727332483114424
2025-11-05 11:57:40.301,19.763637416133406
2025-11-05 11:57:41.326,19.75179885101852
2025-11-05 11:57:42.352,19.70602306590763
2025-11-05 11:57:43.376,19.764426653807732
2025-11-05 11:57:44.408,19.7573235147388
2025-11-05 11:57:45.435,19.72417553241712
2025-11-05 11:57:46.461,19.7573235147388
2025-11-05 11:57:47.487,19.75022037566987
2025-11-05 11:57:48.512,19.756534277064475
2025-11-05 11:57:49.542,19.76679436683071
2025-11-05 11:57:50.564,19.745484949623915
2025-11-05 11:57:51.592,19.721807819394144
2025-11-05 11:57:52.619,19.762058940784755
2025-11-05 11:57:53.647,19.758901990087452
2025-11-05 11:57:54.673,19.748641900321218
2025-11-05 11:57:55.699,19.753377326367172
2025-11-05 11:57:56.726,19.747852662646892
2025-11-05 11:57:57.754,19.754955801715823
2025-11-05 11:57:58.782,19.730489433811726
2025-11-05 11:57:59.810,19.753377326367172
2025-11-05 11:58:00.838,19.766005129156383
2025-11-05 11:58:01.867,19.73364638450903
2025-11-05 11:58:02.893,19.76284817845908
2025-11-05 11:58:03.919,19.756534277064475
2025-11-05 11:58:04.944,19.705233828233304
2025-11-05 11:58:05.971,19.756534277064475
2025-11-05 11:58:06.998,19.77389750589964
2025-11-05 11:58:08.024,19.751009613344195
2025-11-05 11:58:09.049,19.75574503939015
2025-11-05 11:58:10.075,19.76837284217936
2025-11-05 11:58:11.102,19.75022037566987
2025-11-05 11:58:12.126,19.760480465436103
2025-11-05 11:58:13.154,19.754166564041498
2025-11-05 11:58:14.183,19.74469571194959
2025-11-05 11:58:15.210,19.743117236600938
2025-11-05 11:58:16.236,19.758112752413126
2025-11-05 11:58:17.262,19.76837284217936
2025-11-05 11:58:18.286,19.754166564041498
2025-11-05 11:58:19.314,19.751009613344195
2025-11-05 11:58:20.342,19.749431137995543
2025-11-05 11:58:21.371,19.7573235147388
2025-11-05 11:58:22.398,19.747063424972566
2025-11-05 11:58:23.426,19.732067909160378
2025-11-05 11:58:24.452,19.758112752413126
2025-11-05 11:58:25.480,19.763637416133406
2025-11-05 11:58:26.505,19.754166564041498
2025-11-05 11:58:27.531,19.756534277064475
2025-11-05 11:58:28.554,19.771529792876663
2025-11-05 11:58:29.581,19.743906474275263
2025-11-05 11:58:30.607,19.743906474275263
2025-11-05 11:58:31.633,19.756534277064475
2025-11-05 11:58:32.661,19.745484949623915
2025-11-05 11:58:33.692,19.75179885101852
2025-11-05 11:58:34.720,19.743906474275263
2025-11-05 11:58:35.749,19.764426653807732
2025-11-05 11:58:36.775,19.73917104822931
2025-11-05 11:58:37.802,19.76679436683071
2025-11-05 11:58:38.827,19.753377326367172
2025-11-05 11:58:39.852,19.74469571194959
2025-11-05 11:58:40.878,19.743117236600938
2025-11-05 11:58:41.904,19.747852662646892
2025-11-05 11:58:42.929,19.728910958463075
2025-11-05 11:58:43.955,19.741538761252286
2025-11-05 11:58:44.979,19.742327998926612
2025-11-05 11:58:46.005,19.736014097532006
2025-11-05 11:58:47.033,19.74469571194959
2025-11-05 11:58:48.058,19.74627418729824
2025-11-05 11:58:49.084,19.745484949623915
2025-11-05 11:58:50.108,19.76837284217936
2025-11-05 11:58:51.137,19.76837284217936
2025-11-05 11:58:52.164,19.743117236600938
2025-11-05 11:58:53.192,19.737592572880658
2025-11-05 11:58:54.219,19.73917104822931
2025-11-05 11:58:55.245,19.747063424972566
2025-11-05 11:58:56.272,19.730489433811726
2025-11-05 11:58:57.297,19.759691227761778
2025-11-05 11:58:58.324,19.74627418729824
2025-11-05 11:58:59.351,19.74627418729824
2025-11-05 11:59:00.377,19.736014097532006
2025-11-05 11:59:01.401,19.732067909160378
2025-11-05 11:59:02.434,19.7573235147388
2025-11-05 11:59:03.462,19.75179885101852
2025-11-05 11:59:04.490,19.752588088692846
2025-11-05 11:59:05.515,19.739960285903635
2025-11-05 11:59:06.540,19.769162079853686
2025-11-05 11:59:07.566,19.743906474275263
2025-11-05 11:59:08.591,19.743906474275263
2025-11-05 11:59:09.617,19.72812172078875
2025-11-05 11:59:10.643,19.741538761252286
2025-11-05 11:59:11.670,19.758112752413126
2025-11-05 11:59:12.693,19.74469571194959
2025-11-05 11:59:13.721,19.745484949623915
2025-11-05 11:59:14.747,19.75179885101852
2025-11-05 11:59:15.774,19.74627418729824
2025-11-05 11:59:16.800,19.743117236600938
2025-11-05 11:59:17.826,19.73364638450903
2025-11-05 11:59:18.853,19.747063424972566
2025-11-05 11:59:19.880,19.741538761252286
2025-11-05 11:59:20.908,19.76995131752801
2025-11-05 11:59:21.936,19.732857146834704
2025-11-05 11:59:22.962,19.741538761252286
2025-11-05 11:59:23.987,19.6989199268387
2025-11-05 11:59:25.014,19.743906474275263
2025-11-05 11:59:26.040,19.769162079853686
2025-11-05 11:59:27.067,19.74469571194959
2025-11-05 11:59:28.092,19.76679436683071
2025-11-05 11:59:29.120,19.778632931945594
2025-11-05 11:59:30.148,19.77231903055099
2025-11-05 11:59:31.175,19.732857146834704
2025-11-05 11:59:32.202,19.76284817845908
2025-11-05 11:59:33.231,19.7573235147388
2025-11-05 11:59:34.257,19.705233828233304
2025-11-05 11:59:35.284,19.743906474275263
2025-11-05 11:59:36.309,19.76284817845908
2025-11-05 11:59:37.335,19.7297001961374
2025-11-05 11:59:38.362,19.748641900321218
2025-11-05 11:59:39.390,19.734435622183355
2025-11-05 11:59:40.418,19.74627418729824
2025-11-05 11:59:41.444,19.749431137995543
2025-11-05 11:59:42.469,19.769162079853686
2025-11-05 11:59:43.494,19.75179885101852
2025-11-05 11:59:44.517,19.743906474275263
2025-11-05 11:59:45.544,19.747852662646892
2025-11-05 11:59:46.569,19.76995131752801
2025-11-05 11:59:47.595,19.763637416133406
2025-11-05 11:59:48.623,19.751009613344195
2025-11-05 11:59:49.648,19.781789882642897
2025-11-05 11:59:50.675,19.774686743573966
2025-11-05 11:59:51.704,19.762058940784755
2025-11-05 11:59:52.730,19.766005129156383
2025-11-05 11:59:53.766,19.749431137995543
2025-11-05 11:59:54.791,19.766005129156383
2025-11-05 11:59:55.825,19.751009613344195
2025-11-05 11:59:56.850,19.754955801715823
2025-11-05 11:59:57.875,19.76679436683071
2025-11-05 11:59:58.901,19.756534277064475
2025-11-05 11:59:59.928,19.712336967302235
2025-11-05 12:00:00.953,19.760480465436103
2025-11-05 12:00:01.985,19.753377326367172
2025-11-05 12:00:03.013,19.776265218922617
2025-11-05 12:00:04.039,19.777054456596943
2025-11-05 12:00:05.064,19.74627418729824
2025-11-05 12:00:06.091,19.753377326367172
2025-11-05 12:00:07.119,19.701287639861675
2025-11-05 12:00:08.146,19.774686743573966
2025-11-05 12:00:09.176,19.72812172078875
2025-11-05 12:00:10.202,19.76679436683071
2025-11-05 12:00:11.228,19.754955801715823
2025-11-05 12:00:12.255,19.760480465436103
2025-11-05 12:00:13.282,19.737592572880658
2025-11-05 12:00:14.308,19.774686743573966
2025-11-05 12:00:15.335,19.758901990087452
2025-11-05 12:00:16.362,19.77547598124829
2025-11-05 12:00:17.391,19.749431137995543
2025-11-05 12:00:18.418,19.743906474275263
2025-11-05 12:00:19.441,19.758901990087452
2025-11-05 12:00:20.466,19.763637416133406
2025-11-05 12:00:21.493,19.780211407294246
2025-11-05 12:00:22.524,19.763637416133406
2025-11-05 12:00:23.552,19.76995131752801
2025-11-05 12:00:24.579,19.72812172078875
2025-11-05 12:00:25.607,19.736803335206332
2025-11-05 12:00:26.636,19.75574503939015
2025-11-05 12:00:27.664,19.759691227761778
2025-11-05 12:00:28.693,19.754955801715823
2025-11-05 12:00:29.722,19.749431137995543
2025-11-05 12:00:30.749,19.754955801715823
2025-11-05 12:00:31.780,19.75179885101852
2025-11-05 12:00:32.810,19.752588088692846
2025-11-05 12:00:33.836,19.754166564041498
2025-11-05 12:00:34.865,19.758112752413126
2025-11-05 12:00:35.891,19.753377326367172
2025-11-05 12:00:36.919,19.709180016604932
2025-11-05 12:00:37.949,19.745484949623915
2025-11-05 12:00:38.981,19.743117236600938
2025-11-05 12:00:40.008,19.68234593567786
2025-11-05 12:00:41.033,19.720229344045492
2025-11-05 12:00:42.058,19.732857146834704
2025-11-05 12:00:43.084,19.764426653807732
2025-11-05 12:00:44.110,19.745484949623915
2025-11-05 12:00:45.132,19.737592572880658
2025-11-05 12:00:46.156,19.723386294742795
2025-11-05 12:00:47.179,19.73917104822931
2025-11-05 12:00:48.203,19.764426653807732
2025-11-05 12:00:49.227,19.745484949623915
2025-11-05 12:00:50.252,19.73917104822931
2025-11-05 12:00:51.275,19.72812172078875
2025-11-05 12:00:52.298,19.75022037566987
2025-11-05 12:00:53.321,19.736803335206332
2025-11-05 12:00:54.349,19.747063424972566
2025-11-05 12:00:55.375,19.751009613344195
2025-11-05 12:00:56.401,19.766005129156383
2025-11-05 12:00:57.425,19.73364638450903
2025-11-05 12:00:58.449,19.725754007765772
2025-11-05 12:00:59.472,19.758901990087452
2025-11-05 12:01:00.497,19.728910958463075
2025-11-05 12:01:01.524,19.748641900321218
2025-11-05 12:01:02.550,19.748641900321218
2025-11-05 12:01:03.573,19.766005129156383
2025-11-05 12:01:04.596,19.769162079853686
2025-11-05 12:01:05.619,19.763637416133406
2025-11-05 12:01:06.649,19.754166564041498
2025-11-05 12:01:07.682,19.747852662646892
2025-11-05 12:01:08.710,19.741538761252286
2025-11-05 12:01:09.739,19.752588088692846
2025-11-05 12:01:10.767,19.75179885101852
2025-11-05 12:01:11.794,19.753377326367172
2025-11-05 12:01:12.817,19.759691227761778
2025-11-05 12:01:13.846,19.752588088692846
2025-11-05 12:01:14.875,19.767583604505035
2025-11-05 12:01:15.902,19.701287639861675
2025-11-05 12:01:16.929,19.75179885101852
2025-11-05 12:01:17.958,19.763637416133406
2025-11-05 12:01:18.986,19.739960285903635
2025-11-05 12:01:20.016,19.766005129156383
2025-11-05 12:01:21.044,19.752588088692846
2025-11-05 12:01:22.073,19.75574503939015
2025-11-05 12:01:23.099,19.76284817845908
2025-11-05 12:01:24.127,19.74469571194959
2025-11-05 12:01:25.154,19.74469571194959
2025-11-05 12:01:26.180,19.777054456596943
2025-11-05 12:01:27.209,19.751009613344195
2025-11-05 12:01:28.237,19.754166564041498
2025-11-05 12:01:29.263,19.754166564041498
2025-11-05 12:01:30.292,19.745484949623915
2025-11-05 12:01:31.321,19.75179885101852
2025-11-05 12:01:32.349,19.753377326367172
2025-11-05 12:01:33.378,19.76995131752801
2025-11-05 12:01:34.404,19.749431137995543
2025-11-05 12:01:35.433,19.742327998926612
2025-11-05 12:01:36.461,19.752588088692846
2025-11-05 12:01:37.490,19.75022037566987
2025-11-05 12:01:38.518,19.727332483114424
2025-11-05 12:01:39.541,19.752588088692846
2025-11-05 12:01:40.564,19.754955801715823
2025-11-05 12:01:41.588,19.754955801715823
2025-11-05 12:01:42.616,19.754955801715823
2025-11-05 12:01:43.642,19.747063424972566
2025-11-05 12:01:44.669,19.754166564041498
2025-11-05 12:01:45.697,19.766005129156383
2025-11-05 12:01:46.726,19.76837284217936
2025-11-05 12:01:47.752,19.747852662646892
2025-11-05 12:01:48.779,19.765215891482057
2025-11-05 12:01:49.806,19.756534277064475
2025-11-05 12:01:50.829,19.745484949623915
2025-11-05 12:01:51.859,19.76126970311043
2025-11-05 12:01:52.888,19.742327998926612
2025-11-05 12:01:53.916,19.739960285903635
2025-11-05 12:01:54.943,19.754955801715823
2025-11-05 12:01:55.971,19.70444459055898
2025-11-05 12:01:57.000,19.752588088692846
2025-11-05 12:01:58.028,19.75574503939015
2025-11-05 12:01:59.054,19.74074952357796
2025-11-05 12:02:00.082,19.72812172078875
2025-11-05 12:02:01.111,19.717861631022515
2025-11-05 12:02:02.139,19.74469571194959
2025-11-05 12:02:03.167,19.760480465436103
2025-11-05 12:02:04.192,19.717861631022515
2025-11-05 12:02:05.217,19.74469571194959
2025-11-05 12:02:06.241,19.75574503939015
2025-11-05 12:02:07.265,19.76679436683071
2025-11-05 12:02:08.292,19.785736071014526
2025-11-05 12:02:09.317,19.734435622183355
2025-11-05 12:02:10.343,19.756534277064475
2025-11-05 12:02:11.369,19.716283155673864
2025-11-05 12:02:12.397,19.748641900321218
2025-11-05 12:02:13.426,19.737592572880658
2025-11-05 12:02:14.455,19.763637416133406
2025-11-05 12:02:15.481,19.764426653807732
2025-11-05 12:02:16.507,19.76679436683071
2025-11-05 12:02:17.535,19.752588088692846
2025-11-05 12:02:18.563,19.770740555202337
2025-11-05 12:02:19.590,19.747852662646892
2025-11-05 12:02:20.617,19.74627418729824
2025-11-05 12:02:21.643,19.76126970311043
2025-11-05 12:02:22.670,19.75022037566987
2025-11-05 12:02:23.696,19.732067909160378
2025-11-05 12:02:24.726,19.748641900321218
2025-11-05 12:02:25.751,19.7573235147388
2025-11-05 12:02:26.779,19.753377326367172
2025-11-05 12:02:27.805,19.76837284217936
2025-11-05 12:02:28.834,19.7573235147388
2025-11-05 12:02:29.862,19.75179885101852
2025-11-05 12:02:30.890,19.765215891482057
2025-11-05 12:02:31.919,19.70602306590763
2025-11-05 12:02:32.947,19.690238312421116
2025-11-05 12:02:33.976,19.75179885101852
2025-11-05 12:02:35.004,19.742327998926612
2025-11-05 12:02:36.028,19.726543245440098
2025-11-05 12:02:37.055,19.74627418729824
2025-11-05 12:02:38.082,19.751009613344195
2025-11-05 12:02:39.110,19.770740555202337
2025-11-05 12:02:40.134,19.709180016604932
2025-11-05 12:02:41.159,19.736803335206332
2025-11-05 12:02:42.184,19.764426653807732
2025-11-05 12:02:43.212,19.741538761252286
2025-11-05 12:02:44.238,19.74469571194959
2025-11-05 12:02:45.266,19.758112752413126
2025-11-05 12:02:46.294,19.747852662646892
2025-11-05 12:02:47.320,19.771529792876663
2025-11-05 12:02:48.346,19.743906474275263
2025-11-05 12:02:49.372,19.710758491953584
2025-11-05 12:02:50.398,19.773108268225315
2025-11-05 12:02:51.423,19.706812303581955
2025-11-05 12:02:52.449,19.692606025444093
2025-11-05 12:02:53.476,19.736803335206332
2025-11-05 12:02:54.501,19.749431137995543
2025-11-05 12:02:55.527,19.747063424972566
2025-11-05 12:02:56.555,19.743117236600938
2025-11-05 12:02:57.585,19.7297001961374
2025-11-05 12:02:58.611,19.74627418729824
2025-11-05 12:02:59.638,19.75179885101852
2025-11-05 12:03:00.664,19.76679436683071
2025-11-05 12:03:01.689,19.751009613344195
2025-11-05 12:03:02.717,19.75574503939015
2025-11-05 12:03:03.742,19.74627418729824
2025-11-05 12:03:04.768,19.754166564041498
2025-11-05 12:03:05.793,19.705233828233304
2025-11-05 12:03:06.820,19.743906474275263
2025-11-05 12:03:07.848,19.758112752413126
2025-11-05 12:03:08.876,19.699709164513024
2025-11-05 12:03:09.904,19.725754007765772
2025-11-05 12:03:10.929,19.71154772962791
2025-11-05 12:03:11.955,19.732857146834704
2025-11-05 12:03:12.982,19.732067909160378
2025-11-05 12:03:14.009,19.737592572880658
2025-11-05 12:03:15.034,19.73364638450903
2025-11-05 12:03:16.060,19.75179885101852
2025-11-05 12:03:17.086,19.73917104822931
2025-11-05 12:03:18.113,19.69655221381572
2025-11-05 12:03:19.141,19.751009613344195
2025-11-05 12:03:20.166,19.76126970311043
2025-11-05 12:03:21.193,19.752588088692846
2025-11-05 12:03:22.219,19.73917104822931
2025-11-05 12:03:23.245,19.743117236600938
2025-11-05 12:03:24.274,19.745484949623915
2025-11-05 12:03:25.303,19.75022037566987
2025-11-05 12:03:26.331,19.75574503939015
2025-11-05 12:03:27.358,19.747063424972566
2025-11-05 12:03:28.385,19.75022037566987
2025-11-05 12:03:29.412,19.701287639861675
2025-11-05 12:03:30.438,19.742327998926612
2025-11-05 12:03:31.465,19.70049840218735
2025-11-05 12:03:32.492,19.697341451490047
2025-11-05 12:03:33.521,19.743117236600938
2025-11-05 12:03:34.546,19.76679436683071
2025-11-05 12:03:35.571,19.721807819394144
2025-11-05 12:03:36.596,19.749431137995543
2025-11-05 12:03:37.622,19.748641900321218
2025-11-05 12:03:38.652,19.7573235147388
2025-11-05 12:03:39.684,19.736803335206332
2025-11-05 12:03:40.711,19.76284817845908
2025-11-05 12:03:41.738,19.737592572880658
2025-11-05 12:03:42.767,19.751009613344195
2025-11-05 12:03:43.794,19.727332483114424
2025-11-05 12:03:44.820,19.751009613344195
2025-11-05 12:03:45.847,19.73917104822931
2025-11-05 12:03:46.874,19.74074952357796
2025-11-05 12:03:47.901,19.749431137995543
2025-11-05 12:03:48.927,19.767583604505035
2025-11-05 12:03:49.953,19.74074952357796
2025-11-05 12:03:50.981,19.709969254279258
2025-11-05 12:03:52.007,19.73917104822931
2025-11-05 12:03:53.034,19.774686743573966
2025-11-05 12:03:54.059,19.68550288637516
2025-11-05 12:03:55.085,19.737592572880658
2025-11-05 12:03:56.110,19.75179885101852
2025-11-05 12:03:57.139,19.743906474275263
2025-11-05 12:03:58.165,19.73917104822931
2025-11-05 12:03:59.190,19.741538761252286
2025-11-05 12:04:00.216,19.752588088692846
2025-11-05 12:04:01.246,19.74469571194959
2025-11-05 12:04:02.274,19.743117236600938
2025-11-05 12:04:03.301,19.754166564041498
2025-11-05 12:04:04.326,19.692606025444093
2025-11-05 12:04:05.353,19.747063424972566
2025-11-05 12:04:06.380,19.7297001961374
2025-11-05 12:04:07.404,19.741538761252286
2025-11-05 12:04:08.426,19.709969254279258
2025-11-05 12:04:09.449,19.705233828233304
2025-11-05 12:04:10.473,19.737592572880658
2025-11-05 12:04:11.496,19.694184500792744
2025-11-05 12:04:12.520,19.727332483114424
2025-11-05 12:04:13.546,19.73364638450903
2025-11-05 12:04:14.575,19.743117236600938
2025-11-05 12:04:15.603,19.743117236600938
2025-11-05 12:04:16.626,19.747063424972566
2025-11-05 12:04:17.650,19.766005129156383
2025-11-05 12:04:18.673,19.75179885101852
2025-11-05 12:04:19.698,19.745484949623915
2025-11-05 12:04:20.724,19.739960285903635
2025-11-05 12:04:21.751,19.74469571194959
2025-11-05 12:04:22.774,19.736014097532006
2025-11-05 12:04:23.798,19.74627418729824
2025-11-05 12:04:24.821,19.739960285903635
2025-11-05 12:04:25.849,19.74074952357796
2025-11-05 12:04:26.874,19.745484949623915
2025-11-05 12:04:27.898,19.706812303581955
2025-11-05 12:04:28.923,19.720229344045492
2025-11-05 12:04:29.952,19.73917104822931
2025-11-05 12:04:30.980,19.6989199268387
2025-11-05 12:04:32.007,19.709180016604932
2025-11-05 12:04:33.037,19.747063424972566
2025-11-05 12:04:34.065,19.760480465436103
2025-11-05 12:04:35.094,19.71865086869684
2025-11-05 12:04:36.122,19.749431137995543
2025-11-05 12:04:37.148,19.730489433811726
2025-11-05 12:04:38.173,19.738381810554984
2025-11-05 12:04:39.199,19.723386294742795
2025-11-05 12:04:40.229,19.75022037566987
2025-11-05 12:04:41.257,19.738381810554984
2025-11-05 12:04:42.284,19.75179885101852
2025-11-05 12:04:43.310,19.753377326367172
2025-11-05 12:04:44.336,19.747852662646892
2025-11-05 12:04:45.366,19.736803335206332
2025-11-05 12:04:46.395,19.736803335206332
2025-11-05 12:04:47.423,19.75574503939015
2025-11-05 12:04:48.451,19.75022037566987
2025-11-05 12:04:49.478,19.751009613344195
2025-11-05 12:04:50.505,19.74469571194959
2025-11-05 12:04:51.534,19.73917104822931
2025-11-05 12:04:52.566,19.738381810554984
2025-11-05 12:04:53.593,19.752588088692846
2025-11-05 12:04:54.621,19.76126970311043
2025-11-05 12:04:55.644,19.75022037566987
2025-11-05 12:04:56.671,19.694184500792744
2025-11-05 12:04:57.700,19.753377326367172
2025-11-05 12:04:58.728,19.70444459055898
2025-11-05 12:04:59.756,19.78100064496857
2025-11-05 12:05:00.786,19.766005129156383
2025-11-05 12:05:01.810,19.743906474275263
2025-11-05 12:05:02.836,19.756534277064475
2025-11-05 12:05:03.863,19.766005129156383
2025-11-05 12:05:04.889,19.751009613344195
2025-11-05 12:05:05.915,19.73364638450903
2025-11-05 12:05:06.940,19.774686743573966
2025-11-05 12:05:07.968,19.76284817845908
2025-11-05 12:05:08.995,19.687081361723813
2025-11-05 12:05:10.023,19.741538761252286
2025-11-05 12:05:11.052,19.745484949623915
2025-11-05 12:05:12.079,19.75022037566987
2025-11-05 12:05:13.104,19.73522485985768
2025-11-05 12:05:14.131,19.743906474275263
2025-11-05 12:05:15.158,19.73522485985768
2025-11-05 12:05:16.184,19.74627418729824
2025-11-05 12:05:17.213,19.741538761252286
2025-11-05 12:05:18.241,19.70760154125628
2025-11-05 12:05:19.268,19.742327998926612
2025-11-05 12:05:20.295,19.75179885101852
2025-11-05 12:05:21.323,19.763637416133406
2025-11-05 12:05:22.351,19.741538761252286
2025-11-05 12:05:23.375,19.743117236600938
2025-11-05 12:05:24.402,19.760480465436103
2025-11-05 12:05:25.430,19.706812303581955
2025-11-05 12:05:26.457,19.748641900321218
2025-11-05 12:05:27.484,19.698130689164373
2025-11-05 12:05:28.509,19.74627418729824
2025-11-05 12:05:29.538,19.745484949623915
2025-11-05 12:05:30.567,19.743906474275263
2025-11-05 12:05:31.598,19.741538761252286
2025-11-05 12:05:32.627,19.754166564041498
2025-11-05 12:05:33.656,19.739960285903635
2025-11-05 12:05:34.684,19.751009613344195
2025-11-05 12:05:35.713,19.75179885101852
2025-11-05 12:05:36.742,19.74469571194959
2025-11-05 12:05:37.769,19.74627418729824
2025-11-05 12:05:38.797,19.751009613344195
2025-11-05 12:05:39.819,19.752588088692846
2025-11-05 12:05:40.848,19.726543245440098
2025-11-05 12:05:41.875,19.749431137995543
2025-11-05 12:05:42.903,19.764426653807732
2025-11-05 12:05:43.930,19.764426653807732
2025-11-05 12:05:44.960,19.754955801715823
2025-11-05 12:05:45.989,19.77389750589964
2025-11-05 12:05:47.019,19.75022037566987
2025-11-05 12:05:48.048,19.68392441102651
2025-11-05 12:05:49.077,19.751009613344195
2025-11-05 12:05:50.104,19.747063424972566
2025-11-05 12:05:51.131,19.736803335206332
2025-11-05 12:05:52.158,19.756534277064475
2025-11-05 12:05:53.187,19.747852662646892
2025-11-05 12:05:54.213,19.745484949623915
2025-11-05 12:05:55.241,19.737592572880658
2025-11-05 12:05:56.266,19.75574503939015
2025-11-05 12:05:57.295,19.716283155673864
2025-11-05 12:05:58.323,19.745484949623915
2025-11-05 12:05:59.351,19.70760154125628
2025-11-05 12:06:00.379,19.751009613344195
2025-11-05 12:06:01.410,19.75022037566987
2025-11-05 12:06:02.439,19.75022037566987
2025-11-05 12:06:03.470,19.739960285903635
2025-11-05 12:06:04.499,19.747852662646892
2025-11-05 12:06:05.525,19.7573235147388
2025-11-05 12:06:06.552,19.749431137995543
2025-11-05 12:06:07.579,19.736803335206332
2025-11-05 12:06:08.607,19.747063424972566
2025-11-05 12:06:09.634,19.71707239334819
2025-11-05 12:06:10.661,19.742327998926612
2025-11-05 12:06:11.688,19.77547598124829
2025-11-05 12:06:12.710,19.712336967302235
2025-11-05 12:06:13.738,19.77942216961992
2025-11-05 12:06:14.765,19.753377326367172
2025-11-05 12:06:15.794,19.76995131752801
2025-11-05 12:06:16.821,19.724964770091447
2025-11-05 12:06:17.849,19.709180016604932
2025-11-05 12:06:18.878,19.741538761252286
2025-11-05 12:06:19.905,19.747063424972566
2025-11-05 12:06:20.933,19.752588088692846
2025-11-05 12:06:21.961,19.76837284217936
2025-11-05 12:06:22.987,19.738381810554984
2025-11-05 12:06:24.014,19.747852662646892
2025-11-05 12:06:25.041,19.75022037566987
2025-11-05 12:06:26.068,19.754955801715823
2025-11-05 12:06:27.095,19.765215891482057
2025-11-05 12:06:28.121,19.74469571194959
2025-11-05 12:06:29.150,19.76284817845908
2025-11-05 12:06:30.178,19.756534277064475
2025-11-05 12:06:31.207,19.76679436683071
2025-11-05 12:06:32.232,19.749431137995543
2025-11-05 12:06:33.263,19.74627418729824
2025-11-05 12:06:34.287,19.758901990087452
2025-11-05 12:06:35.316,19.732857146834704
2025-11-05 12:06:36.344,19.74469571194959
2025-11-05 12:06:37.372,19.698130689164373
2025-11-05 12:06:38.400,19.75179885101852
2025-11-05 12:06:39.429,19.754955801715823
2025-11-05 12:06:40.457,19.738381810554984
2025-11-05 12:06:41.486,19.699709164513024
2025-11-05 12:06:42.514,19.758112752413126
2025-11-05 12:06:43.542,19.742327998926612
2025-11-05 12:06:44.570,19.74074952357796
2025-11-05 12:06:45.600,19.74074952357796
2025-11-05 12:06:46.629,19.749431137995543
2025-11-05 12:06:47.658,19.749431137995543
2025-11-05 12:06:48.691,19.74627418729824
2025-11-05 12:06:49.720,19.73917104822931
2025-11-05 12:06:50.756,19.731278671486052
2025-11-05 12:06:51.784,19.77784369427127
2025-11-05 12:06:52.810,19.767583604505035
2025-11-05 12:06:53.839,19.743906474275263
2025-11-05 12:06:54.869,19.74627418729824
2025-11-05 12:06:55.897,19.749431137995543
2025-11-05 12:06:56.924,19.77389750589964
2025-11-05 12:06:57.953,19.745484949623915
2025-11-05 12:06:58.980,19.762058940784755
2025-11-05 12:07:00.008,19.751009613344195
2025-11-05 12:07:01.038,19.76837284217936
2025-11-05 12:07:02.067,19.78889302171183
2025-11-05 12:07:03.093,19.74074952357796
2025-11-05 12:07:06.138,19.699709164513024
2025-11-05 12:07:07.164,19.74469571194959
2025-11-05 12:07:08.191,19.767583604505035
2025-11-05 12:07:09.218,19.754955801715823
2025-11-05 12:07:10.245,19.699709164513024
2025-11-05 12:07:11.274,19.76284817845908
2025-11-05 12:07:12.304,19.747063424972566
2025-11-05 12:07:13.329,19.74469571194959
2025-11-05 12:07:14.357,19.765215891482057
2025-11-05 12:07:15.384,19.774686743573966
2025-11-05 12:07:16.411,19.781789882642897
2025-11-05 12:07:17.439,19.781789882642897
2025-11-05 12:07:18.473,19.743117236600938
2025-11-05 12:07:19.500,19.754955801715823
2025-11-05 12:07:20.525,19.743906474275263
2025-11-05 12:07:21.551,19.745484949623915
2025-11-05 12:07:22.576,19.75574503939015
2025-11-05 12:07:23.600,19.7573235147388
2025-11-05 12:07:24.627,19.753377326367172
2025-11-05 12:07:25.653,19.75022037566987
2025-11-05 12:07:26.679,19.754166564041498
2025-11-05 12:07:27.701,19.71312620497656
2025-11-05 12:07:28.737,19.721018581719818
2025-11-05 12:07:29.760,19.74074952357796
2025-11-05 12:07:30.784,19.737592572880658
2025-11-05 12:07:31.808,19.745484949623915
2025-11-05 12:07:32.833,19.709969254279258
2025-11-05 12:07:33.857,19.764426653807732
2025-11-05 12:07:34.882,19.702866115210327
2025-11-05 12:07:35.905,19.71154772962791
2025-11-05 12:07:36.928,19.748641900321218
2025-11-05 12:07:37.952,19.769162079853686
2025-11-05 12:07:38.977,19.75179885101852
2025-11-05 12:07:40.006,19.766005129156383
2025-11-05 12:07:41.030,19.758112752413126
2025-11-05 12:07:42.053,19.743906474275263
2025-11-05 12:07:43.076,19.754955801715823
2025-11-05 12:07:44.100,19.743906474275263
2025-11-05 12:07:45.127,19.737592572880658
2025-11-05 12:07:46.152,19.747063424972566
2025-11-05 12:07:47.177,19.75574503939015
2025-11-05 12:07:48.200,19.76995131752801
2025-11-05 12:07:49.223,19.742327998926612
2025-11-05 12:07:50.247,19.74074952357796
2025-11-05 12:07:51.277,19.756534277064475
2025-11-05 12:07:52.308,19.739960285903635
2025-11-05 12:07:53.336,19.73917104822931
2025-11-05 12:07:54.364,19.76837284217936
2025-11-05 12:07:55.399,19.71865086869684
2025-11-05 12:07:56.428,19.754166564041498
2025-11-05 12:07:57.456,19.75022037566987
2025-11-05 12:07:58.487,19.754166564041498
2025-11-05 12:07:59.515,19.734435622183355
2025-11-05 12:08:00.544,19.745484949623915
2025-11-05 12:08:01.572,19.75574503939015
2025-11-05 12:08:02.596,19.756534277064475
2025-11-05 12:08:03.622,19.766005129156383
2025-11-05 12:08:04.648,19.721807819394144
2025-11-05 12:08:05.673,19.702866115210327
2025-11-05 12:08:06.701,19.766005129156383
2025-11-05 12:08:07.723,19.77547598124829
2025-11-05 12:08:08.749,19.751009613344195
2025-11-05 12:08:09.775,19.754166564041498
2025-11-05 12:08:10.802,19.766005129156383
2025-11-05 12:08:11.829,19.759691227761778
2025-11-05 12:08:12.855,19.758112752413126
2025-11-05 12:08:13.882,19.738381810554984
2025-11-05 12:08:14.910,19.759691227761778
2025-11-05 12:08:15.940,19.763637416133406
2025-11-05 12:08:16.967,19.703655352884653
2025-11-05 12:08:17.993,19.76126970311043
2025-11-05 12:08:19.019,19.765215891482057
2025-11-05 12:08:20.045,19.76995131752801
2025-11-05 12:08:21.071,19.770740555202337
2025-11-05 12:08:22.098,19.75022037566987
2025-11-05 12:08:23.126,19.738381810554984
2025-11-05 12:08:24.159,19.759691227761778
2025-11-05 12:08:25.186,19.732067909160378
2025-11-05 12:08:26.214,19.749431137995543
2025-11-05 12:08:27.240,19.7573235147388
2025-11-05 12:08:28.267,19.749431137995543
2025-11-05 12:08:29.293,19.723386294742795
2025-11-05 12:08:30.319,19.748641900321218
2025-11-05 12:08:31.346,19.767583604505035
2025-11-05 12:08:32.373,19.738381810554984
2025-11-05 12:08:33.402,19.743906474275263
2025-11-05 12:08:34.429,19.706812303581955
2025-11-05 12:08:35.453,19.754955801715823
2025-11-05 12:08:36.481,19.69102755009544
2025-11-05 12:08:37.507,19.732857146834704
2025-11-05 12:08:38.535,19.742327998926612
2025-11-05 12:08:39.562,19.77231903055099
2025-11-05 12:08:40.586,19.68944907474679
2025-11-05 12:08:41.613,19.747063424972566
2025-11-05 12:08:42.639,19.719440106371167
2025-11-05 12:08:43.665,19.762058940784755
2025-11-05 12:08:44.692,19.767583604505035
2025-11-05 12:08:45.722,19.745484949623915
2025-11-05 12:08:46.747,19.75022037566987
2025-11-05 12:08:47.774,19.769162079853686
2025-11-05 12:08:48.799,19.770740555202337
2025-11-05 12:08:49.825,19.742327998926612
2025-11-05 12:08:50.852,19.74469571194959
2025-11-05 12:08:51.880,19.728910958463075
2025-11-05 12:08:52.906,19.75022037566987
2025-11-05 12:08:53.932,19.748641900321218
2025-11-05 12:08:54.956,19.751009613344195
2025-11-05 12:08:55.983,19.75179885101852
2025-11-05 12:08:57.008,19.758112752413126
2025-11-05 12:08:58.035,19.70444459055898
2025-11-05 12:08:59.061,19.758112752413126
2025-11-05 12:09:00.087,19.76126970311043
2025-11-05 12:09:01.115,19.749431137995543
2025-11-05 12:09:02.144,19.770740555202337
2025-11-05 12:09:03.172,19.762058940784755
2025-11-05 12:09:04.200,19.709180016604932
2025-11-05 12:09:05.230,19.754955801715823
2025-11-05 12:09:06.259,19.75574503939015
2025-11-05 12:09:07.286,19.743906474275263
2025-11-05 12:09:08.314,19.7573235147388
2025-11-05 12:09:09.342,19.748641900321218
2025-11-05 12:09:10.369,19.74469571194959
2025-11-05 12:09:11.394,19.75022037566987
2025-11-05 12:09:12.420,19.77784369427127
2025-11-05 12:09:13.446,19.76126970311043
2025-11-05 12:09:14.473,19.765215891482057
2025-11-05 12:09:15.499,19.758112752413126
2025-11-05 12:09:16.527,19.781789882642897
2025-11-05 12:09:17.552,19.747852662646892
2025-11-05 12:09:18.580,19.767583604505035
2025-11-05 12:09:19.608,19.76284817845908
2025-11-05 12:09:20.634,19.74074952357796
2025-11-05 12:09:21.660,19.743906474275263
2025-11-05 12:09:22.686,19.765215891482057
2025-11-05 12:09:23.712,19.77942216961992
2025-11-05 12:09:24.738,19.75022037566987
2025-11-05 12:09:25.765,19.747063424972566
2025-11-05 12:09:26.791,19.747852662646892
2025-11-05 12:09:27.818,19.76126970311043
2025-11-05 12:09:28.843,19.753377326367172
2025-11-05 12:09:29.872,19.75179885101852
2025-11-05 12:09:30.899,19.749431137995543
2025-11-05 12:09:31.927,19.752588088692846
2025-11-05 12:09:32.957,19.758901990087452
2025-11-05 12:09:33.983,19.748641900321218
2025-11-05 12:09:35.016,19.764426653807732
2025-11-05 12:09:36.043,19.75022037566987
2025-11-05 12:09:37.069,19.712336967302235
2025-11-05 12:09:38.095,19.709969254279258
2025-11-05 12:09:39.121,19.749431137995543
2025-11-05 12:09:40.147,19.752588088692846
2025-11-05 12:09:41.175,19.751009613344195
2025-11-05 12:09:42.203,19.75179885101852
2025-11-05 12:09:43.229,19.748641900321218
2025-11-05 12:09:44.255,19.738381810554984
2025-11-05 12:09:45.281,19.777054456596943
2025-11-05 12:09:46.304,19.73917104822931
2025-11-05 12:09:47.332,19.697341451490047
2025-11-05 12:09:48.358,19.754166564041498
2025-11-05 12:09:49.383,19.71707239334819
2025-11-05 12:09:50.412,19.75574503939015
2025-11-05 12:09:51.437,19.763637416133406
2025-11-05 12:09:52.465,19.749431137995543
2025-11-05 12:09:53.493,19.742327998926612
2025-11-05 12:09:54.520,19.74469571194959
2025-11-05 12:09:55.548,19.748641900321218
2025-11-05 12:09:56.573,19.75574503939015
2025-11-05 12:09:57.601,19.75574503939015
2025-11-05 12:09:58.628,19.738381810554984
2025-11-05 12:09:59.654,19.745484949623915
2025-11-05 12:10:00.681,19.74469571194959
2025-11-05 12:10:01.710,19.747852662646892
2025-11-05 12:10:02.735,19.758112752413126
2025-11-05 12:10:03.764,19.756534277064475
2025-11-05 12:10:04.789,19.73917104822931
2025-11-05 12:10:05.816,19.748641900321218
2025-11-05 12:10:06.842,19.747852662646892
2025-11-05 12:10:07.866,19.76284817845908
2025-11-05 12:10:08.894,19.75179885101852
2025-11-05 12:10:09.919,19.76126970311043
2025-11-05 12:10:10.948,19.699709164513024
2025-11-05 12:10:11.975,19.753377326367172
2025-11-05 12:10:13.002,19.73917104822931
2025-11-05 12:10:14.028,19.72812172078875
2025-11-05 12:10:15.054,19.754955801715823
2025-11-05 12:10:16.080,19.754166564041498
2025-11-05 12:10:17.109,19.747063424972566
2025-11-05 12:10:18.137,19.75022037566987
2025-11-05 12:10:19.166,19.741538761252286
2025-11-05 12:10:20.194,19.745484949623915
2025-11-05 12:10:21.221,19.747063424972566
2025-11-05 12:10:22.248,19.748641900321218
2025-11-05 12:10:23.273,19.765215891482057
2025-11-05 12:10:24.305,19.754955801715823
2025-11-05 12:10:25.337,19.732067909160378
2025-11-05 12:10:26.363,19.769162079853686
2025-11-05 12:10:27.389,19.749431137995543
2025-11-05 12:10:28.414,19.770740555202337
2025-11-05 12:10:29.445,19.728910958463075
2025-11-05 12:10:30.473,19.697341451490047
2025-11-05 12:10:31.500,19.743117236600938
2025-11-05 12:10:32.526,19.736803335206332
2025-11-05 12:10:33.552,19.753377326367172
2025-11-05 12:10:34.581,19.75179885101852
2025-11-05 12:10:35.608,19.741538761252286
2025-11-05 12:10:36.638,19.752588088692846
2025-11-05 12:10:37.666,19.77547598124829
2025-11-05 12:10:38.692,19.74627418729824
2025-11-05 12:10:39.717,19.747063424972566
2025-11-05 12:10:40.747,19.76126970311043
2025-11-05 12:10:41.777,19.75179885101852
2025-11-05 12:10:42.800,19.75022037566987
2025-11-05 12:10:43.825,19.756534277064475
2025-11-05 12:10:44.851,19.743117236600938
2025-11-05 12:10:45.877,19.748641900321218
2025-11-05 12:10:46.903,19.747063424972566
2025-11-05 12:10:47.930,19.74074952357796
2025-11-05 12:10:48.957,19.76679436683071
2025-11-05 12:10:49.984,19.76679436683071
2025-11-05 12:10:51.013,19.751009613344195
2025-11-05 12:10:52.036,19.776265218922617
2025-11-05 12:10:53.061,19.754166564041498
2025-11-05 12:10:54.084,19.747852662646892
2025-11-05 12:10:55.109,19.70049840218735
2025-11-05 12:10:56.135,19.747852662646892
2025-11-05 12:10:57.164,19.72812172078875
2025-11-05 12:10:58.187,19.764426653807732
2025-11-05 12:10:59.210,19.764426653807732
2025-11-05 12:11:00.234,19.754955801715823
2025-11-05 12:11:01.260,19.710758491953584
2025-11-05 12:11:02.285,19.752588088692846
2025-11-05 12:11:03.311,19.732067909160378
2025-11-05 12:11:04.334,19.76126970311043
2025-11-05 12:11:05.357,19.74469571194959
2025-11-05 12:11:06.380,19.745484949623915
2025-11-05 12:11:07.405,19.745484949623915
2025-11-05 12:11:08.429,19.747852662646892
2025-11-05 12:11:09.454,19.782579120317223
2025-11-05 12:11:10.479,19.749431137995543
2025-11-05 12:11:11.502,19.70049840218735
2025-11-05 12:11:12.526,19.75574503939015
2025-11-05 12:11:13.554,19.743906474275263
2025-11-05 12:11:14.583,19.76995131752801
2025-11-05 12:11:15.605,19.714704680325212
2025-11-05 12:11:16.635,19.747063424972566
2025-11-05 12:11:17.661,19.749431137995543
2025-11-05 12:11:18.688,19.756534277064475
2025-11-05 12:11:19.715,19.723386294742795
2025-11-05 12:11:20.742,19.76679436683071
2025-11-05 12:11:21.770,19.748641900321218
2025-11-05 12:11:22.794,19.748641900321218
2025-11-05 12:11:23.822,19.765215891482057
2025-11-05 12:11:24.846,19.752588088692846
2025-11-05 12:11:25.879,19.754955801715823
2025-11-05 12:11:26.906,19.736014097532006
2025-11-05 12:11:27.932,19.771529792876663
2025-11-05 12:11:28.956,19.695762976141395
2025-11-05 12:11:29.981,19.747063424972566
2025-11-05 12:11:31.010,19.762058940784755
2025-11-05 12:11:32.036,19.738381810554984
2025-11-05 12:11:33.063,19.754166564041498
2025-11-05 12:11:34.091,19.74469571194959
2025-11-05 12:11:35.117,19.743906474275263
2025-11-05 12:11:36.148,19.752588088692846
2025-11-05 12:11:37.174,19.742327998926612
2025-11-05 12:11:38.200,19.7573235147388
2025-11-05 12:11:39.226,19.747063424972566
2025-11-05 12:11:40.252,19.751009613344195
2025-11-05 12:11:41.280,19.764426653807732
2025-11-05 12:11:42.311,19.745484949623915
2025-11-05 12:11:43.338,19.751009613344195
2025-11-05 12:11:44.366,19.747063424972566
2025-11-05 12:11:45.393,19.74627418729824
2025-11-05 12:11:46.421,19.732067909160378
2025-11-05 12:11:47.449,19.76837284217936
2025-11-05 12:11:48.474,19.720229344045492
2025-11-05 12:11:49.500,19.747852662646892
2025-11-05 12:11:50.526,19.748641900321218
2025-11-05 12:11:51.553,19.74074952357796
2025-11-05 12:11:52.582,19.7573235147388
2025-11-05 12:11:53.608,19.747063424972566
2025-11-05 12:11:54.634,19.764426653807732
2025-11-05 12:11:55.660,19.754955801715823
2025-11-05 12:11:56.686,19.77231903055099
2025-11-05 12:11:57.709,19.751009613344195
2025-11-05 12:11:58.738,19.724964770091447
2025-11-05 12:11:59.765,19.77231903055099
2025-11-05 12:12:00.793,19.74469571194959
2025-11-05 12:12:01.825,19.751009613344195
2025-11-05 12:12:02.851,19.75179885101852
2025-11-05 12:12:03.876,19.732857146834704
2025-11-05 12:12:04.903,19.75022037566987
2025-11-05 12:12:05.929,19.754955801715823
2025-11-05 12:12:06.958,19.774686743573966
2025-11-05 12:12:07.986,19.77389750589964
2025-11-05 12:12:09.012,19.742327998926612
2025-11-05 12:12:10.038,19.747852662646892
2025-11-05 12:12:11.064,19.76284817845908
2025-11-05 12:12:12.091,19.743117236600938
2025-11-05 12:12:13.116,19.743117236600938
2025-11-05 12:12:14.146,19.701287639861675
2025-11-05 12:12:15.177,19.75022037566987
2025-11-05 12:12:16.205,19.732857146834704
2025-11-05 12:12:17.231,19.745484949623915
2025-11-05 12:12:18.257,19.74074952357796
2025-11-05 12:12:19.282,19.74627418729824
2025-11-05 12:12:20.309,19.742327998926612
2025-11-05 12:12:21.335,19.764426653807732
2025-11-05 12:12:22.362,19.742327998926612
2025-11-05 12:12:23.388,19.737592572880658
2025-11-05 12:12:24.415,19.748641900321218
2025-11-05 12:12:25.441,19.734435622183355
2025-11-05 12:12:26.467,19.751009613344195
2025-11-05 12:12:27.493,19.734435622183355
2025-11-05 12:12:28.523,19.734435622183355
2025-11-05 12:12:29.549,19.74627418729824
2025-11-05 12:12:30.581,19.759691227761778
2025-11-05 12:12:31.610,19.738381810554984
2025-11-05 12:12:32.639,19.745484949623915
2025-11-05 12:12:33.668,19.743906474275263
2025-11-05 12:12:34.697,19.74469571194959
2025-11-05 12:12:35.721,19.7297001961374
2025-11-05 12:12:36.749,19.732067909160378
2025-11-05 12:12:37.776,19.734435622183355
2025-11-05 12:12:38.803,19.741538761252286
2025-11-05 12:12:39.828,19.767583604505035
2025-11-05 12:12:40.851,19.751009613344195
2025-11-05 12:12:41.880,19.732067909160378
2025-11-05 12:12:42.903,19.74627418729824
2025-11-05 12:12:43.930,19.743906474275263
2025-11-05 12:12:44.957,19.73917104822931
2025-11-05 12:12:45.984,19.74074952357796
2025-11-05 12:12:47.011,19.702866115210327
2025-11-05 12:12:48.038,19.737592572880658
2025-11-05 12:12:49.064,19.766005129156383
2025-11-05 12:12:50.090,19.74469571194959
2025-11-05 12:12:51.117,19.75574503939015
2025-11-05 12:12:52.145,19.74074952357796
2025-11-05 12:12:53.172,19.743906474275263
2025-11-05 12:12:54.198,19.7573235147388
2025-11-05 12:12:55.224,19.784157595665874
2025-11-05 12:12:56.250,19.73522485985768
2025-11-05 12:12:57.280,19.721018581719818
2025-11-05 12:12:58.308,19.745484949623915
2025-11-05 12:12:59.334,19.74469571194959
2025-11-05 12:13:00.360,19.732857146834704
2025-11-05 12:13:01.388,19.69102755009544
2025-11-05 12:13:02.417,19.776265218922617
2025-11-05 12:13:03.444,19.747063424972566
2025-11-05 12:13:04.470,19.760480465436103
2025-11-05 12:13:05.496,19.751009613344195
2025-11-05 12:13:06.522,19.720229344045492
2025-11-05 12:13:07.549,19.763637416133406
2025-11-05 12:13:08.576,19.734435622183355
2025-11-05 12:13:09.602,19.74627418729824
2025-11-05 12:13:10.627,19.741538761252286
2025-11-05 12:13:11.654,19.76995131752801
2025-11-05 12:13:12.680,19.741538761252286
2025-11-05 12:13:13.705,19.75179885101852
2025-11-05 12:13:14.733,19.749431137995543
2025-11-05 12:13:15.759,19.754955801715823
2025-11-05 12:13:16.785,19.730489433811726
2025-11-05 12:13:17.810,19.743906474275263
2025-11-05 12:13:18.837,19.774686743573966
2025-11-05 12:13:19.864,19.75179885101852
2025-11-05 12:13:20.891,19.74074952357796
2025-11-05 12:13:21.918,19.74469571194959
2025-11-05 12:13:22.946,19.753377326367172
2025-11-05 12:13:23.973,19.747852662646892
2025-11-05 12:13:25.000,19.749431137995543
2025-11-05 12:13:26.026,19.727332483114424
2025-11-05 12:13:27.051,19.76126970311043
2025-11-05 12:13:28.076,19.774686743573966
2025-11-05 12:13:29.102,19.736803335206332
2025-11-05 12:13:30.129,19.76837284217936
2025-11-05 12:13:31.157,19.759691227761778
2025-11-05 12:13:32.184,19.751009613344195
2025-11-05 12:13:33.212,19.751009613344195
2025-11-05 12:13:34.239,19.762058940784755
2025-11-05 12:13:35.264,19.749431137995543
2025-11-05 12:13:36.291,19.737592572880658
2025-11-05 12:13:37.321,19.702866115210327
2025-11-05 12:13:38.348,19.754166564041498
2025-11-05 12:13:39.375,19.70049840218735
2025-11-05 12:13:40.403,19.75574503939015
2025-11-05 12:13:41.431,19.747852662646892
2025-11-05 12:13:42.457,19.766005129156383
2025-11-05 12:13:43.483,19.743906474275263
2025-11-05 12:13:44.509,19.717861631022515
2025-11-05 12:13:45.535,19.732857146834704
2025-11-05 12:13:46.562,19.74627418729824
2025-11-05 12:13:47.591,19.743906474275263
2025-11-05 12:13:48.617,19.77547598124829
2025-11-05 12:13:49.641,19.754955801715823
2025-11-05 12:13:50.667,19.74627418729824
2025-11-05 12:13:51.692,19.70049840218735
2025-11-05 12:13:52.719,19.73917104822931
2025-11-05 12:13:53.745,19.747063424972566
2025-11-05 12:13:54.772,19.759691227761778
2025-11-05 12:13:55.797,19.708390778930607
2025-11-05 12:13:56.824,19.747852662646892
2025-11-05 12:13:57.853,19.758112752413126
2025-11-05 12:13:58.878,19.7573235147388
2025-11-05 12:13:59.906,19.743906474275263
2025-11-05 12:14:00.934,19.73917104822931
2025-11-05 12:14:01.964,19.773108268225315
2025-11-05 12:14:02.991,19.749431137995543
2025-11-05 12:14:04.020,19.736803335206332
2025-11-05 12:14:05.044,19.762058940784755
2025-11-05 12:14:06.072,19.754955801715823
2025-11-05 12:14:07.098,19.79204997240913
2025-11-05 12:14:08.122,19.789682259386154
2025-11-05 12:14:09.148,19.75179885101852
2025-11-05 12:14:10.173,19.758112752413126
2025-11-05 12:14:11.199,19.73917104822931
2025-11-05 12:14:12.222,19.748641900321218
2025-11-05 12:14:13.247,19.74627418729824
2025-11-05 12:14:14.269,19.747852662646892
2025-11-05 12:14:15.293,19.77784369427127
2025-11-05 12:14:16.318,19.748641900321218
2025-11-05 12:14:17.347,19.752588088692846
2025-11-05 12:14:18.375,19.73917104822931
2025-11-05 12:14:19.398,19.75022037566987
2025-11-05 12:14:20.422,19.732857146834704
2025-11-05 12:14:21.445,19.77231903055099
2025-11-05 12:14:22.470,19.74627418729824
2025-11-05 12:14:23.497,19.769162079853686
2025-11-05 12:14:24.522,19.77389750589964
2025-11-05 12:14:25.546,19.778632931945594
2025-11-05 12:14:26.574,19.77231903055099
2025-11-05 12:14:27.598,19.754955801715823
2025-11-05 12:14:28.622,19.785736071014526
2025-11-05 12:14:29.650,19.73364638450903
2025-11-05 12:14:30.680,19.789682259386154
2025-11-05 12:14:31.705,19.747063424972566
2025-11-05 12:14:32.727,19.75574503939015
2025-11-05 12:14:33.750,19.76284817845908
2025-11-05 12:14:34.773,19.752588088692846
2025-11-05 12:14:35.798,19.758112752413126
2025-11-05 12:14:36.827,19.752588088692846
2025-11-05 12:14:37.857,19.756534277064475
2025-11-05 12:14:38.884,19.72812172078875
2025-11-05 12:14:39.910,19.773108268225315
2025-11-05 12:14:40.938,19.752588088692846
2025-11-05 12:14:41.964,19.754166564041498
2025-11-05 12:14:42.991,19.767583604505035
2025-11-05 12:14:44.020,19.75574503939015
2025-11-05 12:14:45.049,19.79441768543211
2025-11-05 12:14:46.077,19.7573235147388
2025-11-05 12:14:47.106,19.69655221381572
2025-11-05 12:14:48.137,19.743117236600938
2025-11-05 12:14:49.162,19.756534277064475
2025-11-05 12:14:50.188,19.776265218922617
2025-11-05 12:14:51.217,19.727332483114424
2025-11-05 12:14:52.239,19.698130689164373
2025-11-05 12:14:53.267,19.762058940784755
2025-11-05 12:14:54.292,19.74469571194959
2025-11-05 12:14:55.318,19.752588088692846
2025-11-05 12:14:56.343,19.731278671486052
2025-11-05 12:14:57.369,19.726543245440098
2025-11-05 12:14:58.398,19.745484949623915
2025-11-05 12:14:59.424,19.732857146834704
2025-11-05 12:15:00.451,19.773108268225315
2025-11-05 12:15:01.479,19.73917104822931
2025-11-05 12:15:02.505,19.769162079853686
2025-11-05 12:15:03.531,19.75179885101852
2025-11-05 12:15:04.558,19.75574503939015
2025-11-05 12:15:05.584,19.754955801715823
2025-11-05 12:15:06.610,19.771529792876663
2025-11-05 12:15:07.637,19.752588088692846
2025-11-05 12:15:08.664,19.785736071014526
2025-11-05 12:15:09.690,19.747852662646892
2025-11-05 12:15:10.717,19.749431137995543
2025-11-05 12:15:11.743,19.77231903055099
2025-11-05 12:15:12.771,19.756534277064475
2025-11-05 12:15:13.794,19.747852662646892
2025-11-05 12:15:14.819,19.756534277064475
2025-11-05 12:15:15.845,19.773108268225315
2025-11-05 12:15:16.873,19.774686743573966
2025-11-05 12:15:17.899,19.764426653807732
2025-11-05 12:15:18.925,19.77942216961992
2025-11-05 12:15:19.951,19.75574503939015
2025-11-05 12:15:20.978,19.771529792876663
2025-11-05 12:15:22.006,19.73917104822931
2025-11-05 12:15:23.034,19.749431137995543
2025-11-05 12:15:24.060,19.74074952357796
2025-11-05 12:15:25.086,19.736803335206332
2025-11-05 12:15:26.112,19.747852662646892
2025-11-05 12:15:27.139,19.699709164513024
2025-11-05 12:15:28.165,19.743117236600938
2025-11-05 12:15:29.191,19.725754007765772
2025-11-05 12:15:30.217,19.73364638450903
2025-11-05 12:15:31.244,19.747852662646892
2025-11-05 12:15:32.271,19.730489433811726
2025-11-05 12:15:33.300,19.751009613344195
2025-11-05 12:15:34.326,19.738381810554984
2025-11-05 12:15:35.350,19.751009613344195
2025-11-05 12:15:36.377,19.748641900321218
2025-11-05 12:15:37.405,19.747852662646892
2025-11-05 12:15:38.432,19.77389750589964
2025-11-05 12:15:39.458,19.74627418729824
2025-11-05 12:15:40.487,19.77231903055099
2025-11-05 12:15:41.515,19.690238312421116
2025-11-05 12:15:42.543,19.765215891482057
2025-11-05 12:15:43.571,19.748641900321218
2025-11-05 12:15:44.599,19.715493917999538
2025-11-05 12:15:45.625,19.69497373846707
2025-11-05 12:15:46.652,19.76995131752801
2025-11-05 12:15:47.679,19.754166564041498
2025-11-05 12:15:48.706,19.6989199268387
2025-11-05 12:15:49.734,19.747852662646892
2025-11-05 12:15:50.759,19.752588088692846
2025-11-05 12:15:51.787,19.745484949623915
2025-11-05 12:15:52.815,19.74469571194959
2025-11-05 12:15:53.842,19.74469571194959
2025-11-05 12:15:54.868,19.742327998926612
2025-11-05 12:15:55.896,19.741538761252286
2025-11-05 12:15:56.924,19.73364638450903
2025-11-05 12:15:57.948,19.763637416133406
2025-11-05 12:15:58.975,19.743117236600938
2025-11-05 12:16:00.001,19.753377326367172
2025-11-05 12:16:01.030,19.719440106371167
2025-11-05 12:16:02.058,19.73522485985768
2025-11-05 12:16:03.085,19.774686743573966
2025-11-05 12:16:04.111,19.743906474275263
2025-11-05 12:16:05.138,19.752588088692846
2025-11-05 12:16:06.165,19.756534277064475
2025-11-05 12:16:07.191,19.75179885101852
2025-11-05 12:16:08.214,19.743906474275263
2025-11-05 12:16:09.245,19.754166564041498
2025-11-05 12:16:10.273,19.701287639861675
2025-11-05 12:16:11.299,19.745484949623915
2025-11-05 12:16:12.327,19.747063424972566
2025-11-05 12:16:13.356,19.73364638450903
2025-11-05 12:16:14.387,19.756534277064475
2025-11-05 12:16:15.413,19.747063424972566
2025-11-05 12:16:16.439,19.741538761252286
2025-11-05 12:16:17.464,19.701287639861675
2025-11-05 12:16:18.489,19.749431137995543
2025-11-05 12:16:19.516,19.74469571194959
2025-11-05 12:16:20.543,19.76284817845908
2025-11-05 12:16:21.568,19.71865086869684
2025-11-05 12:16:22.597,19.74627418729824
2025-11-05 12:16:23.625,19.70760154125628
2025-11-05 12:16:24.650,19.747852662646892
2025-11-05 12:16:25.676,19.75022037566987
2025-11-05 12:16:26.702,19.74627418729824
2025-11-05 12:16:27.728,19.743117236600938
2025-11-05 12:16:28.753,19.753377326367172
2025-11-05 12:16:29.777,19.764426653807732
2025-11-05 12:16:30.805,19.760480465436103
2025-11-05 12:16:31.831,19.753377326367172
2025-11-05 12:16:32.859,19.742327998926612
2025-11-05 12:16:33.886,19.742327998926612
2025-11-05 12:16:34.913,19.74469571194959
2025-11-05 12:16:35.939,19.691816787769767
2025-11-05 12:16:36.967,19.719440106371167
2025-11-05 12:16:37.991,19.74627418729824
2025-11-05 12:16:39.018,19.737592572880658
2025-11-05 12:16:40.043,19.743906474275263
2025-11-05 12:16:41.069,19.712336967302235
2025-11-05 12:16:42.100,19.743906474275263
2025-11-05 12:16:43.127,19.76284817845908
2025-11-05 12:16:44.153,19.737592572880658
2025-11-05 12:16:45.178,19.747852662646892
2025-11-05 12:16:46.204,19.743117236600938
2025-11-05 12:16:47.233,19.703655352884653
2025-11-05 12:16:48.261,19.758901990087452
2025-11-05 12:16:49.287,19.748641900321218
2025-11-05 12:16:50.314,19.75179885101852
2025-11-05 12:16:51.342,19.75179885101852
2025-11-05 12:16:52.370,19.73364638450903
2025-11-05 12:16:53.398,19.75574503939015
2025-11-05 12:16:54.427,19.751009613344195
2025-11-05 12:16:55.453,19.738381810554984
2025-11-05 12:16:56.479,19.754955801715823
2025-11-05 12:16:57.505,19.74627418729824
2025-11-05 12:16:58.533,19.764426653807732
2025-11-05 12:16:59.558,19.743906474275263
2025-11-05 12:17:00.585,19.731278671486052
2025-11-05 12:17:01.612,19.76284817845908
2025-11-05 12:17:02.643,19.749431137995543
2025-11-05 12:17:03.668,19.747852662646892
2025-11-05 12:17:04.693,19.748641900321218
2025-11-05 12:17:05.719,19.765215891482057
2025-11-05 12:17:06.745,19.71707239334819
2025-11-05 12:17:07.769,19.763637416133406
2025-11-05 12:17:08.801,19.70049840218735
2025-11-05 12:17:09.828,19.743117236600938
2025-11-05 12:17:10.856,19.751009613344195
2025-11-05 12:17:11.882,19.76995131752801
2025-11-05 12:17:12.910,19.752588088692846
2025-11-05 12:17:13.937,19.747063424972566
2025-11-05 12:17:14.963,19.79047149706048
2025-11-05 12:17:15.989,19.76284817845908
2025-11-05 12:17:17.015,19.754955801715823
2025-11-05 12:17:18.037,19.747063424972566
2025-11-05 12:17:19.067,19.770740555202337
2025-11-05 12:17:20.094,19.723386294742795
2025-11-05 12:17:21.119,19.75022037566987
2025-11-05 12:17:22.145,19.748641900321218
2025-11-05 12:17:23.170,19.738381810554984
2025-11-05 12:17:24.201,19.76284817845908
2025-11-05 12:17:25.230,19.758901990087452
2025-11-05 12:17:26.256,19.780211407294246
2025-11-05 12:17:27.283,19.74627418729824
2025-11-05 12:17:28.306,19.71865086869684
2025-11-05 12:17:29.334,19.762058940784755
2025-11-05 12:17:30.362,19.71707239334819
2025-11-05 12:17:31.389,19.74074952357796
2025-11-05 12:17:32.416,19.752588088692846
2025-11-05 12:17:33.445,19.728910958463075
2025-11-05 12:17:34.473,19.758112752413126
2025-11-05 12:17:35.501,19.749431137995543
2025-11-05 12:17:36.525,19.76126970311043
2025-11-05 12:17:37.548,19.716283155673864
2025-11-05 12:17:38.571,19.77547598124829
2025-11-05 12:17:39.594,19.758901990087452
2025-11-05 12:17:40.618,19.70760154125628
2025-11-05 12:17:41.641,19.752588088692846
2025-11-05 12:17:42.672,19.71707239334819
2025-11-05 12:17:43.697,19.732857146834704
2025-11-05 12:17:44.726,19.767583604505035
2025-11-05 12:17:45.749,19.723386294742795
2025-11-05 12:17:46.772,19.75022037566987
2025-11-05 12:17:47.800,19.747852662646892
2025-11-05 12:17:48.828,19.7573235147388
2025-11-05 12:17:49.856,19.736014097532006
2025-11-05 12:17:50.879,19.736014097532006
2025-11-05 12:17:51.902,19.749431137995543
2025-11-05 12:17:52.925,19.74627418729824
2025-11-05 12:17:53.949,19.7573235147388
2025-11-05 12:17:54.976,19.681556698003533
2025-11-05 12:17:56.000,19.763637416133406
2025-11-05 12:17:57.025,19.754166564041498
2025-11-05 12:17:58.052,19.743906474275263
2025-11-05 12:17:59.080,19.748641900321218
2025-11-05 12:18:00.108,19.741538761252286
2025-11-05 12:18:01.135,19.754955801715823
2025-11-05 12:18:02.164,19.72417553241712
2025-11-05 12:18:03.189,19.752588088692846
2025-11-05 12:18:04.220,19.77231903055099
2025-11-05 12:18:05.247,19.747063424972566
2025-11-05 12:18:06.276,19.756534277064475
2025-11-05 12:18:07.303,19.737592572880658
2025-11-05 12:18:08.332,19.760480465436103
2025-11-05 12:18:09.359,19.759691227761778
2025-11-05 12:18:10.384,19.75574503939015
2025-11-05 12:18:11.412,19.724964770091447
2025-11-05 12:18:12.438,19.76837284217936
2025-11-05 12:18:13.464,19.76837284217936
2025-11-05 12:18:14.494,19.781789882642897
2025-11-05 12:18:15.519,19.759691227761778
2025-11-05 12:18:16.546,19.752588088692846
2025-11-05 12:18:17.571,19.751009613344195
2025-11-05 12:18:18.596,19.760480465436103
2025-11-05 12:18:19.619,19.773108268225315
2025-11-05 12:18:20.646,19.74627418729824
2025-11-05 12:18:21.674,19.747852662646892
2025-11-05 12:18:22.703,19.743906474275263
2025-11-05 12:18:23.730,19.747063424972566
2025-11-05 12:18:24.754,19.762058940784755
2025-11-05 12:18:25.784,19.753377326367172
2025-11-05 12:18:26.811,19.736014097532006
2025-11-05 12:18:27.836,19.763637416133406
2025-11-05 12:18:28.861,19.754955801715823
2025-11-05 12:18:29.887,19.760480465436103
2025-11-05 12:18:30.912,19.754955801715823
2025-11-05 12:18:31.941,19.706812303581955
2025-11-05 12:18:32.969,19.739960285903635
2025-11-05 12:18:33.996,19.7573235147388
2025-11-05 12:18:35.023,19.77389750589964
2025-11-05 12:18:36.049,19.765215891482057
2025-11-05 12:18:37.081,19.699709164513024
2025-11-05 12:18:38.106,19.754166564041498
2025-11-05 12:18:39.132,19.709969254279258
2025-11-05 12:18:40.159,19.77547598124829
2025-11-05 12:18:41.183,19.751009613344195
2025-11-05 12:18:42.209,19.716283155673864
2025-11-05 12:18:43.235,19.76126970311043
2025-11-05 12:18:44.260,19.70602306590763
2025-11-05 12:18:45.285,19.774686743573966
2025-11-05 12:18:46.311,19.758901990087452
2025-11-05 12:18:47.336,19.743117236600938
2025-11-05 12:18:48.362,19.748641900321218
2025-11-05 12:18:49.388,19.75179885101852
2025-11-05 12:18:50.414,19.715493917999538
2025-11-05 12:18:51.441,19.7849468333402
2025-11-05 12:18:52.469,19.747852662646892
2025-11-05 12:18:53.498,19.77231903055099
2025-11-05 12:18:54.524,19.76837284217936
2025-11-05 12:18:55.551,19.756534277064475
2025-11-05 12:18:56.576,19.743906474275263
2025-11-05 12:18:57.601,19.76679436683071
2025-11-05 12:18:58.631,19.741538761252286
2025-11-05 12:18:59.657,19.752588088692846
2025-11-05 12:19:00.682,19.75179885101852
2025-11-05 12:19:01.710,19.736803335206332
2025-11-05 12:19:02.738,19.767583604505035
2025-11-05 12:19:03.767,19.75574503939015
2025-11-05 12:19:04.796,19.732067909160378
2025-11-05 12:19:05.825,19.74469571194959
2025-11-05 12:19:06.855,19.749431137995543
2025-11-05 12:19:07.883,19.748641900321218
2025-11-05 12:19:08.912,19.730489433811726
2025-11-05 12:19:09.940,19.75022037566987
2025-11-05 12:19:10.966,19.737592572880658
2025-11-05 12:19:11.991,19.76995131752801
2025-11-05 12:19:13.018,19.745484949623915
2025-11-05 12:19:14.042,19.76679436683071
2025-11-05 12:19:15.068,19.743117236600938
2025-11-05 12:19:16.093,19.734435622183355
2025-11-05 12:19:17.118,19.76995131752801
2025-11-05 12:19:18.144,19.752588088692846
2025-11-05 12:19:19.169,19.70049840218735
2025-11-05 12:19:20.196,19.752588088692846
2025-11-05 12:19:21.223,19.759691227761778
2025-11-05 12:19:22.251,19.70444459055898
2025-11-05 12:19:23.277,19.773108268225315
2025-11-05 12:19:24.303,19.737592572880658
2025-11-05 12:19:25.332,19.7573235147388
2025-11-05 12:19:26.357,19.760480465436103
2025-11-05 12:19:27.382,19.751009613344195
2025-11-05 12:19:28.407,19.73522485985768
2025-11-05 12:19:29.434,19.743117236600938
2025-11-05 12:19:30.463,19.752588088692846
2025-11-05 12:19:31.491,19.76837284217936
2025-11-05 12:19:32.518,19.76679436683071
2025-11-05 12:19:33.544,19.75179885101852
2025-11-05 12:19:34.572,19.751009613344195
2025-11-05 12:19:35.596,19.74469571194959
2025-11-05 12:19:36.623,19.75022037566987
2025-11-05 12:19:37.652,19.758901990087452
2025-11-05 12:19:38.677,19.703655352884653
2025-11-05 12:19:39.703,19.771529792876663
2025-11-05 12:19:40.729,19.74074952357796
2025-11-05 12:19:41.755,19.747063424972566
2025-11-05 12:19:42.782,19.745484949623915
2025-11-05 12:19:43.807,19.76837284217936
2025-11-05 12:19:44.833,19.76837284217936
2025-11-05 12:19:45.859,19.706812303581955
2025-11-05 12:19:46.886,19.75179885101852
2025-11-05 12:19:47.914,19.709969254279258
2025-11-05 12:19:48.941,19.695762976141395
2025-11-05 12:19:49.968,19.74627418729824
2025-11-05 12:19:50.996,19.741538761252286
2025-11-05 12:19:52.018,19.74627418729824
2025-11-05 12:19:53.046,19.695762976141395
2025-11-05 12:19:54.074,19.770740555202337
2025-11-05 12:19:55.102,19.751009613344195
2025-11-05 12:19:56.128,19.769162079853686
2025-11-05 12:19:57.152,19.76679436683071
2025-11-05 12:19:58.183,19.75179885101852
2025-11-05 12:19:59.210,19.75022037566987
2025-11-05 12:20:00.239,19.736014097532006
2025-11-05 12:20:01.269,19.747852662646892
2025-11-05 12:20:02.298,19.77231903055099
2025-11-05 12:20:03.329,19.77547598124829
2025-11-05 12:20:04.358,19.751009613344195
2025-11-05 12:20:05.385,19.758901990087452
2025-11-05 12:20:06.412,19.756534277064475
2025-11-05 12:20:07.440,19.758112752413126
2025-11-05 12:20:08.466,19.721018581719818
2025-11-05 12:20:09.493,19.754955801715823
2025-11-05 12:20:10.521,19.745484949623915
2025-11-05 12:20:11.550,19.74469571194959
2025-11-05 12:20:12.577,19.71865086869684
2025-11-05 12:20:13.604,19.738381810554984
2025-11-05 12:20:14.632,19.73364638450903
2025-11-05 12:20:15.665,19.714704680325212
2025-11-05 12:20:16.690,19.75574503939015
2025-11-05 12:20:17.716,19.747852662646892
2025-11-05 12:20:18.744,19.743906474275263
2025-11-05 12:20:19.769,19.75179885101852
2025-11-05 12:20:20.796,19.73917104822931
2025-11-05 12:20:21.822,19.738381810554984
2025-11-05 12:20:22.848,19.71707239334819
2025-11-05 12:20:23.874,19.732857146834704
2025-11-05 12:20:24.901,19.754166564041498
2025-11-05 12:20:25.926,19.747063424972566
2025-11-05 12:20:26.954,19.724964770091447
2025-11-05 12:20:27.980,19.747063424972566
2025-11-05 12:20:29.004,19.747852662646892
2025-11-05 12:20:30.028,19.748641900321218
2025-11-05 12:20:31.056,19.6989199268387
2025-11-05 12:20:32.085,19.773108268225315
2025-11-05 12:20:33.113,19.71154772962791
2025-11-05 12:20:34.142,19.720229344045492
2025-11-05 12:20:35.170,19.748641900321218
2025-11-05 12:20:36.198,19.747852662646892
2025-11-05 12:20:37.224,19.756534277064475
2025-11-05 12:20:38.250,19.74627418729824
2025-11-05 12:20:39.276,19.753377326367172
2025-11-05 12:20:40.304,19.758901990087452
2025-11-05 12:20:41.331,19.75022037566987
2025-11-05 12:20:42.359,19.743906474275263
2025-11-05 12:20:43.387,19.756534277064475
2025-11-05 12:20:44.413,19.747852662646892
2025-11-05 12:20:45.439,19.742327998926612
2025-11-05 12:20:46.466,19.769162079853686
2025-11-05 12:20:47.495,19.763637416133406
2025-11-05 12:20:48.522,19.742327998926612
2025-11-05 12:20:49.547,19.756534277064475
2025-11-05 12:20:50.575,19.74469571194959
2025-11-05 12:20:51.599,19.77231903055099
2025-11-05 12:20:52.627,19.734435622183355
2025-11-05 12:20:53.657,19.745484949623915
2025-11-05 12:20:54.684,19.758112752413126
2025-11-05 12:20:55.712,19.738381810554984
2025-11-05 12:20:56.741,19.745484949623915
2025-11-05 12:20:57.767,19.75179885101852
2025-11-05 12:20:58.795,19.736803335206332
2025-11-05 12:20:59.819,19.752588088692846
2025-11-05 12:21:00.846,19.75022037566987
2025-11-05 12:21:01.870,19.725754007765772
2025-11-05 12:21:02.896,19.78100064496857
2025-11-05 12:21:03.918,19.754166564041498
2025-11-05 12:21:04.942,19.749431137995543
2025-11-05 12:21:05.968,19.745484949623915
2025-11-05 12:21:06.995,19.710758491953584
2025-11-05 12:21:08.018,19.7573235147388
2025-11-05 12:21:09.044,19.745484949623915
2025-11-05 12:21:10.067,19.751009613344195
2025-11-05 12:21:11.091,19.75179885101852
2025-11-05 12:21:12.114,19.756534277064475
2025-11-05 12:21:13.138,19.747852662646892
2025-11-05 12:21:14.162,19.774686743573966
2025-11-05 12:21:15.190,19.75179885101852
2025-11-05 12:21:16.213,19.747852662646892
2025-11-05 12:21:17.238,19.752588088692846
2025-11-05 12:21:18.261,19.734435622183355
2025-11-05 12:21:19.288,19.756534277064475
2025-11-05 12:21:20.316,19.756534277064475
2025-11-05 12:21:21.344,19.736803335206332
2025-11-05 12:21:22.373,19.731278671486052
2025-11-05 12:21:23.398,19.70444459055898
2025-11-05 12:21:24.425,19.743906474275263
2025-11-05 12:21:25.453,19.6989199268387
2025-11-05 12:21:26.482,19.76284817845908
2025-11-05 12:21:27.509,19.720229344045492
2025-11-05 12:21:28.538,19.73364638450903
2025-11-05 12:21:29.565,19.765215891482057
2025-11-05 12:21:30.597,19.736803335206332
2025-11-05 12:21:31.626,19.745484949623915
2025-11-05 12:21:32.653,19.778632931945594
2025-11-05 12:21:33.682,19.743117236600938
2025-11-05 12:21:34.708,19.774686743573966
2025-11-05 12:21:35.737,19.705233828233304
2025-11-05 12:21:36.765,19.748641900321218
2025-11-05 12:21:37.792,19.73522485985768
2025-11-05 12:21:38.817,19.77389750589964
2025-11-05 12:21:39.843,19.754955801715823
2025-11-05 12:21:40.870,19.741538761252286
2025-11-05 12:21:41.899,19.758901990087452
