RealTimestamp,WGM701_Voltage (V),CVM211_Voltage (V),Baratron626D_1KT_Voltage (V),Baratron626D_1T_Voltage (V)
2025-10-30 11:13:54.608,3.0896198099599133,1.0040759381026874,0.04762252125692612,0.22191801221379137
2025-10-30 11:13:55.637,3.0890669923628593,1.0046287556997413,0.05030763529975957,0.2228656995230267
2025-10-30 11:13:56.670,3.0890669923628593,1.0041549120451236,0.048570208566161455,0.22168109038648254
2025-10-30 11:13:57.702,3.089777757844786,1.003996964160251,0.04904405222077912,0.22365543894738948
2025-10-30 11:13:58.732,3.0893828881326044,1.003996964160251,0.04825431279641634,0.2225498037532816
2025-10-30 11:13:59.757,3.0894618620750407,1.00423388598756,0.049280974048087955,0.2232605692352081
2025-10-30 11:14:00.781,3.0881982789960603,1.0047867035846139,0.04801739096910751,0.2225498037532816
2025-10-30 11:14:01.811,3.084486503701555,1.0039179902178148,0.04809636491154379,0.22136519461673743
2025-10-30 11:14:02.837,3.08077472840705,1.0040759381026874,0.04864918250859773,0.22349749106251693
2025-10-30 11:14:03.864,3.0768260312852362,1.0040759381026874,0.047859443084234954,0.22247082981084532
2025-10-30 11:14:04.895,3.073667073587785,1.0037600423329422,0.04730662548718101,0.22278672558059043
2025-10-30 11:14:05.920,3.0711399074298242,1.0044708078148687,0.04872815645103401,0.22389236077469832
2025-10-30 11:14:06.945,3.0731932299331675,1.0038390162753785,0.04904405222077912,0.22302364740789926
2025-10-30 11:14:07.971,3.0829070248528296,1.0041549120451236,0.04872815645103401,0.22128622067430115
2025-10-30 11:14:08.995,3.089540836017477,1.3040189714756707,0.04738559942961729,0.22128622067430115
2025-10-30 11:14:10.020,3.0916731324632565,1.3036241017634893,0.05133429655143118,0.22381338683226204
2025-10-30 11:14:11.045,3.094121324678781,1.303545127821053,0.04762252125692612,0.2221549340411002
2025-10-30 11:14:12.074,3.0939633767939085,1.304650763015161,0.04762252125692612,0.2228656995230267
2025-10-30 11:14:13.098,3.0948320901607076,1.304097945418107,0.04849123462372518,0.22318159529277182
2025-10-30 11:14:14.122,3.094911064103144,1.479735993396389,0.04793841702667123,0.22310262135033554
2025-10-30 11:14:15.146,3.095226959872889,1.4795780455115164,0.047464573372053565,0.22239185586840904
2025-10-30 11:14:16.169,3.0956218295850704,1.4791042018568987,0.04793841702667123,0.22191801221379137
2025-10-30 11:14:17.199,3.0962536211245606,1.478630358202281,0.048570208566161455,0.2239713347171346
2025-10-30 11:14:18.226,3.0957008035275067,1.4794200976266438,0.04754354731448984,0.22452415231418854
2025-10-30 11:14:19.256,3.0960166992972518,1.4794990715690801,0.04714867760230845,0.2228656995230267
2025-10-30 11:14:20.281,3.0965695168943057,1.6035671351364726,0.050781478954377235,0.2228656995230267
2025-10-30 11:14:21.309,3.0957008035275067,1.6032512393667275,0.04849123462372518,0.22152314250160998
2025-10-30 11:14:22.335,3.0961746471821243,1.6038830309062178,0.048886104335906566,0.22405030865957087
2025-10-30 11:14:23.361,3.096411569009433,1.6043568745608354,0.0512553226089949,0.22365543894738948
2025-10-30 11:14:24.391,3.096095673239688,1.6034091872516,0.0484122606812889,0.22199698615622765
2025-10-30 11:14:25.422,3.0967274647791783,1.7010209801028395,0.048965078278342844,0.2235764650049532
2025-10-30 11:14:26.450,3.0968064387216145,1.701415849815021,0.04920200010565168,0.2221549340411002
2025-10-30 11:14:27.482,3.0968064387216145,1.701415849815021,0.04801739096910751,0.22223390798353648
2025-10-30 11:14:28.507,3.0967274647791783,1.7005471364482219,0.050781478954377235,0.22199698615622765
2025-10-30 11:14:29.534,3.0968064387216145,1.7004681625057856,0.04722765154474473,0.2214441685591737
2025-10-30 11:14:30.561,3.096885412664051,1.7797580007118086,0.04872815645103401,0.2249979959688062
2025-10-30 11:14:31.589,3.0967274647791783,1.779284157057191,0.07218341735460854,0.22239185586840904
2025-10-30 11:14:32.617,3.0968064387216145,3.6984299322011793,3.3941433319942007,0.22191801221379137
2025-10-30 11:14:33.644,3.097833099973286,7.413285210461254,3.5294256953875447,0.22247082981084532
2025-10-30 11:14:34.671,3.1024925625770265,7.982687335426817,3.584075663553449,0.22231288192597276
2025-10-30 11:14:35.704,3.1175765855823556,7.9833191269663075,3.6134539701397443,0.22262877769571787
2025-10-30 11:14:36.728,3.1437169605287636,7.9822134917722,3.6362774395038286,0.22223390798353648
2025-10-30 11:14:37.755,3.1738060325969855,7.9833191269663075,3.6546783680914814,0.22223390798353648
2025-10-30 11:14:38.782,3.204605870147134,7.981581700232709,3.669051625614884,0.22452415231418854
2025-10-30 11:14:39.812,3.2329575154817576,7.982529387541945,3.681055664865198,0.22373441288982576
2025-10-30 11:14:40.841,3.2645470924562687,7.98284528331169,3.6973242970070714,0.2239713347171346
2025-10-30 11:14:41.875,3.2917141286543483,7.983082205138999,3.7069591179842973,0.22191801221379137
2025-10-30 11:14:42.903,3.316906816291521,7.982371439657072,3.7106708932788024,0.22405030865957087
2025-10-30 11:14:43.931,3.3425733475833113,7.980949908693219,3.7087755186603317,0.22444517837175226
2025-10-30 11:14:44.959,3.3658706606020132,7.9818975960024545,3.708222701063278,0.22460312625662482
2025-10-30 11:14:45.987,3.3901156609299505,7.982608361484381,3.709091414430077,0.22318159529277182
2025-10-30 11:14:47.015,3.412465286639417,7.9824504135995085,3.7086965447178954,0.22302364740789926
2025-10-30 11:14:48.046,3.4355256778308103,7.983161179081435,3.708222701063278,0.22515594385367876
2025-10-30 11:14:49.074,3.458744016907076,7.982924257254126,3.707669883466224,0.22420825654444343
2025-10-30 11:14:50.101,3.481251590501415,7.982687335426817,3.7083806489481503,0.22484004808393365
2025-10-30 11:14:51.128,3.5034432683260093,7.981976569944891,3.709091414430077,0.22515594385367876
2025-10-30 11:14:52.156,3.524371363071623,7.982371439657072,3.708222701063278,0.22381338683226204
2025-10-30 11:14:53.190,3.5483794415722514,7.981739648117582,3.707985779235969,0.22491902202636993
2025-10-30 11:14:54.217,3.5656747349657962,7.981818622060018,3.7084596228905866,0.22491902202636993
2025-10-30 11:14:55.244,3.5461681711840356,7.984187840333107,3.7090124404876406,0.22594568327804154
2025-10-30 11:14:56.273,3.572940337669934,7.982371439657072,3.7078278313510964,0.2257087614507327
2025-10-30 11:14:57.303,3.602318644256229,7.98284528331169,3.7080647531784052,0.22910464097549266
2025-10-30 11:14:58.329,3.631775924784961,7.982371439657072,3.7086965447178954,0.22626157904778665
2025-10-30 11:14:59.360,3.65767937790406,7.982292465714636,3.707432961638915,0.22760413606920338
2025-10-30 11:15:00.387,3.6805028472681443,7.982371439657072,3.7113026848182926,0.228630797320875
2025-10-30 11:15:01.416,3.7011150462440128,7.983003231196562,3.708222701063278,0.2278410578965122
2025-10-30 11:15:02.446,3.7220431409896264,7.9833191269663075,3.710039101739312,0.22831490155112988
2025-10-30 11:15:03.475,3.741233809001642,7.983240153023871,3.7083806489481503,0.22815695366625732
2025-10-30 11:15:04.501,3.7593188418195496,7.983240153023871,3.7112237108758563,0.23021027616960055
2025-10-30 11:15:05.532,3.777640796464766,7.983240153023871,3.7090124404876406,0.2303682240544731
2025-10-30 11:15:06.560,3.795567881397801,7.982687335426817,3.7081437271208415,0.23273744232756144
2025-10-30 11:15:07.588,3.820602621150101,7.982371439657072,3.708301675005714,0.23084206770909077
2025-10-30 11:15:08.616,3.842952246859568,7.982292465714636,3.7080647531784052,0.23234257261538005
2025-10-30 11:15:09.644,3.8630906021808187,7.9838719445633615,3.7090124404876406,0.23329025992461538
2025-10-30 11:15:10.670,3.8863089412570844,7.9822134917722,3.7075119355813513,0.23281641626999772
2025-10-30 11:15:11.699,3.9071580620602617,7.9833191269663075,3.7083806489481503,0.23376410357923305
2025-10-30 11:15:12.725,3.9257959124752233,7.982292465714636,3.708222701063278,0.23423794723385072
2025-10-30 11:15:13.752,3.9471188769330183,7.982292465714636,3.7083806489481503,0.23486973877334094
2025-10-30 11:15:14.780,3.964966987923617,7.982608361484381,3.70711706586917,0.23581742608257628
2025-10-30 11:15:15.809,3.9829730467990885,7.983556048793616,3.7107498672212387,0.23597537396744883
2025-10-30 11:15:16.836,4.0028744802930305,7.982055543887327,3.7080647531784052,0.2361333218523214
2025-10-30 11:15:17.865,4.019774903974394,7.9838719445633615,3.7092493623149494,0.2389763837800274
2025-10-30 11:15:18.892,4.04086094660488,7.98284528331169,3.7086965447178954,0.2378707485859195
2025-10-30 11:15:19.922,4.059340849134969,7.982134517829763,3.7086965447178954,0.24205636753504223
2025-10-30 11:15:20.950,4.079795100225965,7.982055543887327,3.7072750137540424,0.24197739359260595
2025-10-30 11:15:21.977,4.097959106986309,7.983082205138999,3.7079068052935327,0.2403979147438804
2025-10-30 11:15:23.003,4.113832869416001,7.982529387541945,3.709723205969567,0.24316200272915012
2025-10-30 11:15:24.029,4.1316809804066,7.982371439657072,3.711065762990984,0.242846106959405
2025-10-30 11:15:25.057,4.151108570245924,7.981818622060018,3.7083806489481503,0.24347789849889523
2025-10-30 11:15:26.086,4.168087967869724,7.9818975960024545,3.7087755186603317,0.245689168887111
2025-10-30 11:15:27.113,4.18514633943596,7.982292465714636,3.7072750137540424,0.24584711677198356
2025-10-30 11:15:28.138,4.207180069375681,7.983003231196562,3.7070380919267336,0.2467948040812189
2025-10-30 11:15:29.166,4.220921535359594,7.982371439657072,3.7080647531784052,0.24829530898750818
2025-10-30 11:15:30.196,4.236400428077104,7.9822134917722,3.70774885740866,0.24916402235430724
2025-10-30 11:15:31.228,4.247219858190874,7.983713996678489,3.7075119355813513,0.2506645272605965
2025-10-30 11:15:32.261,4.261672089656713,7.981502726290273,3.709644232027131,0.25413938072779274
2025-10-30 11:15:33.288,4.280467887956547,7.98284528331169,3.7079068052935327,0.25595578140382713
2025-10-30 11:15:34.316,4.293577562400969,7.982766309369254,3.7087755186603317,0.2550870680370281
2025-10-30 11:15:35.344,4.312847204355421,7.983635022736053,3.7107498672212387,0.25698244265549874
2025-10-30 11:15:36.368,4.327852253418314,7.981186830520528,3.708538596833023,0.25911473910127825
2025-10-30 11:15:37.397,4.338671683532084,7.98284528331169,3.707432961638915,0.2596675566983322
2025-10-30 11:15:38.423,4.35296596711305,7.9822134917722,3.7087755186603317,0.26187882708654797
2025-10-30 11:15:39.453,4.362837709917585,7.982924257254126,3.707985779235969,0.26306343622309214
2025-10-30 11:15:40.481,4.377131993498551,7.983161179081435,3.7075909095237876,0.2656695763234893
2025-10-30 11:15:41.511,4.388109371497194,7.9824504135995085,3.711065762990984,0.26622239392054325
2025-10-30 11:15:42.542,4.4010610980567435,7.983398100908744,3.709960127796876,0.27190851777595526
2025-10-30 11:15:43.570,4.4095902838398615,7.9838719445633615,3.7112237108758563,0.27088185652428365
2025-10-30 11:15:44.597,4.422068166744793,7.9824504135995085,3.708617570775459,0.2725403093154455
2025-10-30 11:15:45.624,4.434782971477034,7.982687335426817,3.7080647531784052,0.2753833712431515
2025-10-30 11:15:46.650,4.4465500889000396,7.983003231196562,3.7098021799120033,0.2770418240343133
2025-10-30 11:15:47.681,4.472453542019139,7.981739648117582,3.708222701063278,0.28486024433550483
2025-10-30 11:15:48.711,4.488248330506394,7.980318117153729,3.707196039811606,0.288887915399755
2025-10-30 11:15:49.738,4.498672890907983,7.982766309369254,3.707432961638915,0.2942581434854219
2025-10-30 11:15:50.765,4.512493330834332,7.981818622060018,3.7079068052935327,0.30010221522570646
2025-10-30 11:15:51.793,4.5263927447031165,7.983003231196562,3.707196039811606,0.30365604263533896
2025-10-30 11:15:52.817,4.540213184629465,7.982292465714636,3.7079068052935327,0.31084267139704025
2025-10-30 11:15:53.851,4.55348080695876,7.982766309369254,3.7075119355813513,0.3152652121734718
2025-10-30 11:15:54.880,4.566669455345618,7.982687335426817,3.70711706586917,0.32158312756837404
2025-10-30 11:15:55.909,4.5804109213295305,7.982055543887327,3.7075119355813513,0.3256897725750605
2025-10-30 11:15:56.937,4.593678543658825,7.982608361484381,3.7080647531784052,0.3338240886459971
2025-10-30 11:15:57.966,4.606393348391066,7.983161179081435,3.708854492602768,0.3378517597102473
2025-10-30 11:15:58.994,4.618318413698944,7.9822134917722,3.707432961638915,0.34227430048667884
2025-10-30 11:16:00.025,4.629690661409768,7.981976569944891,3.710828841163675,0.34867118982401735
2025-10-30 11:16:01.054,4.637667029595832,7.982608361484381,3.708538596833023,0.3541203918521205
2025-10-30 11:16:02.085,4.645801345666769,7.982687335426817,3.7078278313510964,0.3602803593621502
2025-10-30 11:16:03.112,4.653856687795269,7.983398100908744,3.7087755186603317,0.3677039099511603
2025-10-30 11:16:04.142,4.662306899635951,7.981818622060018,3.709170388372513,0.37323208592169976
2025-10-30 11:16:05.173,4.669572502340088,7.981739648117582,3.7087755186603317,0.3770228351586411
2025-10-30 11:16:06.199,4.676285287447172,7.981739648117582,3.7072750137540424,0.38436741180521494
2025-10-30 11:16:07.227,4.684103707748363,7.9796073516718025,3.7080647531784052,0.39068532720011717
2025-10-30 11:16:08.254,4.692316997761736,7.981423752347837,3.7072750137540424,0.39431812855218595
2025-10-30 11:16:09.283,4.700135418062928,7.982134517829763,3.71114473693342,0.40118886154414213
2025-10-30 11:16:10.309,4.706848203170011,7.981818622060018,3.70774885740866,0.40687498539955413
2025-10-30 11:16:11.337,4.71387688404684,7.982687335426817,3.7078278313510964,0.4120872656003485
2025-10-30 11:16:12.366,4.721616330405595,7.982766309369254,3.7090124404876406,0.4208533732107753
2025-10-30 11:16:13.394,4.728881933109733,7.981344778405401,3.7109078151061112,0.4237754090809176
2025-10-30 11:16:14.424,4.7361475358138705,7.9824504135995085,3.7115396066456015,0.43104101178505516
2025-10-30 11:16:15.453,4.743886982172626,7.9833191269663075,3.7075119355813513,0.4359373962161044
2025-10-30 11:16:16.479,4.751152584876763,7.983003231196562,3.7081437271208415,0.4431240249778057
2025-10-30 11:16:17.509,4.758260239696028,7.981739648117582,3.707432961638915,0.44786246152398235
2025-10-30 11:16:18.539,4.765051998745548,7.9824504135995085,3.708301675005714,0.4529957677823404
2025-10-30 11:16:19.569,4.771211966255578,7.983003231196562,3.707985779235969,0.4619198232776398
2025-10-30 11:16:20.597,4.7779247513626615,7.9822134917722,3.7079068052935327,0.46539467674483603
2025-10-30 11:16:21.622,4.782268318196657,7.983240153023871,3.708538596833023,0.4718705400246108
2025-10-30 11:16:22.649,4.787796494167196,7.9824504135995085,3.7087755186603317,0.47668795051322377
2025-10-30 11:16:23.676,4.791350321576829,7.9822134917722,3.707985779235969,0.48284791802325344
2025-10-30 11:16:24.704,4.795299018698643,7.981739648117582,3.707985779235969,0.48956070313033706
2025-10-30 11:16:25.734,4.799879507359947,7.981186830520528,3.708854492602768,0.4944570875613863
2025-10-30 11:16:26.763,4.804617943906123,7.981581700232709,3.7081437271208415,0.503460116999122
2025-10-30 11:16:27.789,4.809277406509864,7.9833191269663075,3.7080647531784052,0.5063821528692642
2025-10-30 11:16:28.819,4.813147129689241,7.9824504135995085,3.7075909095237876,0.512858016149039
2025-10-30 11:16:29.845,4.817569670465673,7.981660674175146,3.7113026848182926,0.5197287491409952
2025-10-30 11:16:30.872,4.821676315472359,7.982608361484381,3.7084596228905866,0.5246251335720444
2025-10-30 11:16:31.902,4.8263357780761,7.981423752347837,3.7075119355813513,0.5324435538732359
2025-10-30 11:16:32.935,4.830600370967659,7.982529387541945,3.7084596228905866,0.5354445636858145
2025-10-30 11:16:33.963,4.834628042031909,7.982608361484381,3.7089334665452043,0.5430260621596972
2025-10-30 11:16:34.991,4.838102895499105,7.982371439657072,3.7090124404876406,0.5476855247634376
2025-10-30 11:16:36.019,4.843157227815027,7.981581700232709,3.7107498672212387,0.5531347267915407
2025-10-30 11:16:37.046,4.8467110552246595,7.983792970620925,3.709091414430077,0.5614269907473499
2025-10-30 11:16:38.076,4.851291543885964,7.981739648117582,3.7090124404876406,0.5652177399842913
2025-10-30 11:16:39.103,4.855161267065341,7.982134517829763,3.708538596833023,0.5724833426884288
2025-10-30 11:16:40.130,4.858715094474974,7.982529387541945,3.710039101739312,0.5764320398102427
2025-10-30 11:16:41.159,4.86282173948166,7.982608361484381,3.7075119355813513,0.5828289291475812
2025-10-30 11:16:42.189,4.8666124887186015,7.98284528331169,3.707985779235969,0.5894627403122286
2025-10-30 11:16:43.218,4.86961349853118,7.981344778405401,3.7090124404876406,0.5937273332037876
2025-10-30 11:16:44.248,4.8728514301710675,7.981581700232709,3.711381658760729,0.6005190922533075
2025-10-30 11:16:45.274,4.875457570271465,7.9833191269663075,3.707669883466224,0.6076267470725725
2025-10-30 11:16:46.301,4.878695501911352,7.982608361484381,3.708301675005714,0.6122862096763129
2025-10-30 11:16:47.328,4.881222668069313,7.981423752347837,3.7092493623149494,0.6178933595892886
2025-10-30 11:16:48.356,4.884539573651637,7.981976569944891,3.7080647531784052,0.623421535559828
2025-10-30 11:16:49.384,4.88785647923396,7.981186830520528,3.709170388372513,0.6323455910551274
2025-10-30 11:16:50.411,4.891094410873848,7.982608361484381,3.7079068052935327,0.6351886529828334
2025-10-30 11:16:51.440,4.893621577031809,7.98347707485118,3.708617570775459,0.6399270895290101
2025-10-30 11:16:52.472,4.896701560786823,7.982687335426817,3.7092493623149494,0.64671884857853
2025-10-30 11:16:53.504,4.8998605184842745,7.9824504135995085,3.7080647531784052,0.653826503397795
2025-10-30 11:16:54.532,4.902308710699799,7.983082205138999,3.70774885740866,0.6588018617712805
2025-10-30 11:16:55.559,4.905783564166995,7.981739648117582,3.7078278313510964,0.6635402983174572
2025-10-30 11:16:56.587,4.90823175638252,7.982687335426817,3.7081437271208415,0.671437692561085
2025-10-30 11:16:57.616,4.910679948598045,7.981502726290273,3.7101970496241847,0.6768868945891882
2025-10-30 11:16:58.646,4.913601984468187,7.982608361484381,3.7081437271208415,0.6817043050778011
2025-10-30 11:16:59.678,4.916839916108074,7.9822134917722,3.7078278313510964,0.6866796634512866
2025-10-30 11:17:00.709,4.9197619519782165,7.981581700232709,3.710828841163675,0.693313474615934
2025-10-30 11:17:01.743,4.922683987848359,7.9824504135995085,3.71114473693342,0.698999598471346
2025-10-30 11:17:02.769,4.925527049776065,7.982924257254126,3.708301675005714,0.7047646962691942
2025-10-30 11:17:03.796,4.928370111703771,7.983792970620925,3.707432961638915,0.7100559504124249
2025-10-30 11:17:04.827,4.931055225746604,7.982608361484381,3.7089334665452043,0.7189800059077243
2025-10-30 11:17:05.855,4.933661365847001,7.9818975960024545,3.708854492602768,0.7215861460081214
2025-10-30 11:17:06.886,4.93603058412009,7.981107856578092,3.708538596833023,0.7284568790000776
2025-10-30 11:17:07.914,4.938873646047796,7.981107856578092,3.7080647531784052,0.7334322373735631
2025-10-30 11:17:08.940,4.942032603745247,7.979844273499111,3.7080647531784052,0.7394342569987202
2025-10-30 11:17:09.972,4.944401822018335,7.982371439657072,3.70774885740866,0.7447255111419508
2025-10-30 11:17:11.002,4.946771040291424,7.981818622060018,3.7078278313510964,0.7523859835582698
2025-10-30 11:17:12.031,4.9492982064493845,7.982292465714636,3.7115396066456015,0.75641365462252
2025-10-30 11:17:13.059,4.951667424722473,7.981818622060018,3.7098811538544396,0.7618628566506231
2025-10-30 11:17:14.088,4.954194590880434,7.982766309369254,3.708301675005714,0.7682597459879617
2025-10-30 11:17:15.120,4.956721757038395,7.982055543887327,3.707432961638915,0.7739458698433737
2025-10-30 11:17:16.150,4.9592489231963555,7.982292465714636,3.7081437271208415,0.7818432640870014
2025-10-30 11:17:17.183,4.9620919851240615,7.982924257254126,3.711460632703165,0.7865817006331781
2025-10-30 11:17:18.213,4.9643822294547135,7.982371439657072,3.7106708932788024,0.7907673195823008
2025-10-30 11:17:19.245,4.9672252913824195,7.983003231196562,3.7095652580846945,0.7977170265166933
2025-10-30 11:17:20.271,4.969278613885763,7.982371439657072,3.7080647531784052,0.8026923848901788
2025-10-30 11:17:21.297,4.971647832158851,7.982134517829763,3.7073539876964787,0.8079836390334094
2025-10-30 11:17:22.322,4.9743329462016845,7.981186830520528,3.7083806489481503,0.8149333459678019
2025-10-30 11:17:23.347,4.976228320820155,7.9818975960024545,3.7094862841422582,0.8224358704992483
2025-10-30 11:17:24.373,4.97804472149619,7.983635022736053,3.7112237108758563,0.8251209845420817
2025-10-30 11:17:25.399,4.9800190700570965,7.981976569944891,3.7092493623149494,0.8314388999369839
2025-10-30 11:17:26.423,4.980887783423896,7.982687335426817,3.707669883466224,0.8368881019650871
2025-10-30 11:17:27.447,4.98333597563942,7.982371439657072,3.708301675005714,0.8433639652448619
2025-10-30 11:17:28.472,4.984520584775964,7.982529387541945,3.7092493623149494,0.8485762454456562
2025-10-30 11:17:29.496,4.986810829106616,7.982608361484381,3.70774885740866,0.8537885256464506
2025-10-30 11:17:30.529,4.988311334012906,7.9824504135995085,3.709170388372513,0.8623966853720049
2025-10-30 11:17:31.556,4.989732864976759,7.983161179081435,3.7075909095237876,0.8644500078753481
2025-10-30 11:17:32.585,4.991312343825484,7.982055543887327,3.7086965447178954,0.8720315063492308
2025-10-30 11:17:33.609,4.99289182267421,7.981423752347837,3.708222701063278,0.8790601872260595
2025-10-30 11:17:34.633,4.994550275465372,7.981502726290273,3.7081437271208415,0.8819032491537655
2025-10-30 11:17:35.658,4.996524624026279,7.983240153023871,3.7092493623149494,0.8869575814696873
2025-10-30 11:17:36.690,4.997788207105259,7.982292465714636,3.708617570775459,0.8958026630225504
2025-10-30 11:17:37.718,4.999920503551039,7.982134517829763,3.7087755186603317,0.898250855238075
2025-10-30 11:17:38.744,5.001815878169509,7.981265804462964,3.710276023566621,0.9076487543879921
2025-10-30 11:17:39.769,5.002763565478745,7.982055543887327,3.709723205969567,0.911044633912752
2025-10-30 11:17:40.794,5.004264070385034,7.982292465714636,3.709091414430077,0.9168097317106003
2025-10-30 11:17:41.821,5.006001497118632,7.982529387541945,3.7084596228905866,0.9209163767172868
2025-10-30 11:17:42.850,5.0081337935644115,7.98347707485118,3.708222701063278,0.9268394224000076
2025-10-30 11:17:43.883,5.009634298470701,7.982687335426817,3.7079068052935327,0.9330783638524736
2025-10-30 11:17:44.914,5.0109768554921175,7.982687335426817,3.7090124404876406,0.9374219306864688
2025-10-30 11:17:45.944,5.012793256168152,7.9822134917722,3.708538596833023,0.9453193249300966
2025-10-30 11:17:46.975,5.014609656844186,7.981818622060018,3.709407310199822,0.9487941783972929
2025-10-30 11:17:48.004,5.015715292038294,7.9818975960024545,3.7086965447178954,0.9567705465833569
2025-10-30 11:17:49.035,5.017768614541637,7.981976569944891,3.709723205969567,0.9607982176476071
2025-10-30 11:17:50.065,5.0189532236781815,7.981502726290273,3.7090124404876406,0.9693274034307251
2025-10-30 11:17:51.097,5.0203747546420345,7.982608361484381,3.7080647531784052,0.9724863611281762
2025-10-30 11:17:52.124,5.0217962856058875,7.982766309369254,3.7079068052935327,0.977540693444098
2025-10-30 11:17:53.150,5.023691660224358,7.9824504135995085,3.710276023566621,0.9833847651843826
2025-10-30 11:17:54.179,5.025034217245775,7.982529387541945,3.709723205969567,0.9897026805792848
2025-10-30 11:17:55.205,5.026850617921809,7.982766309369254,3.707985779235969,0.9967313614561135
2025-10-30 11:17:56.231,5.028351122828099,7.982529387541945,3.7095652580846945,0.9998113452111284
2025-10-30 11:17:57.263,5.029851627734388,7.982371439657072,3.709170388372513,1.005655416951413
2025-10-30 11:17:58.296,5.031352132640677,7.983161179081435,3.711460632703165,1.0129210196555505
2025-10-30 11:17:59.329,5.032615715719658,7.983161179081435,3.709723205969567,1.0163958731227467
2025-10-30 11:18:00.362,5.034274168510819,7.981739648117582,3.7080647531784052,1.0229507103449578
2025-10-30 11:18:01.395,5.035774673417109,7.982608361484381,3.709960127796876,1.027294277178953
2025-10-30 11:18:02.426,5.037827995920452,7.98284528331169,3.708538596833023,1.033217322861674
2025-10-30 11:18:03.453,5.038696709287251,7.982371439657072,3.7117765284729103,1.0385875509473408
2025-10-30 11:18:04.486,5.040592083905722,7.982134517829763,3.709091414430077,1.0445105966300616
2025-10-30 11:18:05.514,5.042092588812011,7.982055543887327,3.708301675005714,1.052013121161508
2025-10-30 11:18:06.540,5.0436720676607365,7.98284528331169,3.709407310199822,1.0553300267438317
2025-10-30 11:18:07.569,5.044777702854844,7.9833191269663075,3.708222701063278,1.0607792287719349
2025-10-30 11:18:08.598,5.046436155646006,7.982055543887327,3.7081437271208415,1.0664653526273469
2025-10-30 11:18:09.630,5.048410504206913,7.981976569944891,3.709723205969567,1.0720725025403226
2025-10-30 11:18:10.660,5.049279217573712,7.9810288826356555,3.7115396066456015,1.0787852876474062
2025-10-30 11:18:11.688,5.0507797224800015,7.982766309369254,3.709407310199822,1.0839185939057643
2025-10-30 11:18:12.714,5.052122279501418,7.982371439657072,3.7081437271208415,1.0904734311279753
2025-10-30 11:18:13.742,5.053701758350144,7.981344778405401,3.7104339714514936,1.0936323888254265
2025-10-30 11:18:14.778,5.054807393544252,7.981660674175146,3.708222701063278,1.100029278162765
2025-10-30 11:18:15.807,5.056702768162722,7.9818975960024545,3.708854492602768,1.1053995062484319
2025-10-30 11:18:16.835,5.0578873772992665,7.981660674175146,3.7092493623149494,1.1113225519311527
2025-10-30 11:18:17.861,5.059624804032865,7.981581700232709,3.709644232027131,1.1163768842470745
2025-10-30 11:18:18.890,5.060809413169409,7.983161179081435,3.711381658760729,1.1218260862751777
2025-10-30 11:18:19.921,5.062230944133262,7.982134517829763,3.7106708932788024,1.1280650277276436
2025-10-30 11:18:20.951,5.063810422981987,7.982608361484381,3.708538596833023,1.1330403861011291
2025-10-30 11:18:21.979,5.065152980003404,7.982924257254126,3.7078278313510964,1.1386475360141048
2025-10-30 11:18:23.011,5.066890406737002,7.981818622060018,3.7087755186603317,1.1429121289056638
2025-10-30 11:18:24.042,5.067443224334056,7.981344778405401,3.7080647531784052,1.149230044300566
2025-10-30 11:18:25.070,5.069022703182782,7.9822134917722,3.7093283362573857,1.155153089983287
2025-10-30 11:18:26.099,5.070602182031507,7.982055543887327,3.7087755186603317,1.159733578644591
2025-10-30 11:18:27.131,5.071865765110488,7.981818622060018,3.7089334665452043,1.1666832855789835
2025-10-30 11:18:28.160,5.072813452419723,7.982292465714636,3.707669883466224,1.171658643952469
2025-10-30 11:18:29.188,5.074313957326012,7.982687335426817,3.709407310199822,1.1765550283835182
2025-10-30 11:18:30.218,5.075735488289865,7.983003231196562,3.711065762990984,1.1823201261813665
2025-10-30 11:18:31.244,5.077078045311282,7.982292465714636,3.708854492602768,1.188164197921651
2025-10-30 11:18:32.275,5.078499576275135,7.982766309369254,3.7092493623149494,1.1927446865829552
2025-10-30 11:18:33.304,5.0797631593541155,7.981265804462964,3.7093283362573857,1.1984308104383672
2025-10-30 11:18:34.333,5.081421612145277,7.981423752347837,3.711697554530474,1.2038800124664704
2025-10-30 11:18:35.364,5.08284314310913,7.9822134917722,3.708854492602768,1.209724084206755
2025-10-30 11:18:36.398,5.084422621957856,7.981818622060018,3.7094862841422582,1.2145414946953679
2025-10-30 11:18:37.432,5.0856072310944,7.982608361484381,3.7081437271208415,1.2212542798024515
2025-10-30 11:18:38.466,5.087186709943126,7.982608361484381,3.7087755186603317,1.2270193776002998
2025-10-30 11:18:39.497,5.087818501482616,7.9818975960024545,3.7081437271208415,1.2311260226069862
2025-10-30 11:18:40.526,5.089871823985959,7.982371439657072,3.70774885740866,1.2375229119443247
2025-10-30 11:18:41.555,5.090661563410322,7.982924257254126,3.708222701063278,1.2410767393539572
2025-10-30 11:18:42.588,5.091925146489302,7.981660674175146,3.708538596833023,1.2483423420580948
2025-10-30 11:18:43.621,5.093188729568283,7.982529387541945,3.707985779235969,1.252922830719399
2025-10-30 11:18:44.650,5.095084104186753,7.981976569944891,3.7081437271208415,1.2605043291932816
2025-10-30 11:18:45.679,5.095873843611116,7.982055543887327,3.709407310199822,1.26287354746637
2025-10-30 11:18:46.706,5.0973743485174055,7.982529387541945,3.71114473693342,1.268875567091527
2025-10-30 11:18:47.731,5.098085113999332,7.981107856578092,3.708538596833023,1.275114508543993
2025-10-30 11:18:48.759,5.0996645928480575,7.981186830520528,3.709170388372513,1.279931919032606
2025-10-30 11:18:49.787,5.100770228042165,7.9824504135995085,3.708222701063278,1.2860129126001993
2025-10-30 11:18:50.815,5.102191759006018,7.982055543887327,3.709407310199822,1.2895667400098318
2025-10-30 11:18:51.844,5.103455342084999,7.98284528331169,3.708854492602768,1.2972272124261508
2025-10-30 11:18:52.872,5.105034820933724,7.981581700232709,3.7101180756817485,1.3014918053177098
2025-10-30 11:18:53.902,5.106298404012705,7.981502726290273,3.7098811538544396,1.3059143460941414
2025-10-30 11:18:54.931,5.107167117379504,7.983003231196562,3.712013450300219,1.3146804537045682
2025-10-30 11:18:55.963,5.108430700458484,7.980791960808347,3.7080647531784052,1.3166548022654752
2025-10-30 11:18:56.992,5.109457361710156,7.9824504135995085,3.7093283362573857,1.3223409261208872
2025-10-30 11:18:58.028,5.111115814501318,7.982055543887327,3.708301675005714,1.3292906330552796
2025-10-30 11:18:59.058,5.112379397580298,7.982687335426817,3.7090124404876406,1.33395009565902
2025-10-30 11:19:00.092,5.113485032774406,7.981818622060018,3.7083806489481503,1.3388464800900692
2025-10-30 11:19:01.124,5.1144327200836415,7.980949908693219,3.7078278313510964,1.3452433694274077
2025-10-30 11:19:02.157,5.1158542510474945,7.982529387541945,3.708538596833023,1.3497448841462756
2025-10-30 11:19:03.186,5.1167229644142935,7.983003231196562,3.7080647531784052,1.3562207474260504
2025-10-30 11:19:04.217,5.118460391147892,7.982529387541945,3.711460632703165,1.362064819166335
2025-10-30 11:19:05.245,5.119329104514691,7.981423752347837,3.7093283362573857,1.3682247866763646
2025-10-30 11:19:06.274,5.120908583363416,7.981423752347837,3.7098021799120033,1.3713047704313794
2025-10-30 11:19:07.303,5.122251140384833,7.982371439657072,3.711460632703165,1.3765170506321738
2025-10-30 11:19:08.333,5.123119853751632,7.981581700232709,3.708854492602768,1.3811765132359142
2025-10-30 11:19:09.363,5.12485728048523,7.981660674175146,3.7078278313510964,1.3874154546883801
2025-10-30 11:19:10.392,5.125725993852029,7.981818622060018,3.708301675005714,1.3923908130618656
2025-10-30 11:19:11.421,5.127463420585627,7.981739648117582,3.7079068052935327,1.3979979629748414
2025-10-30 11:19:12.452,5.128016238182681,7.9824504135995085,3.7086965447178954,1.4036840868302534
2025-10-30 11:19:13.485,5.12888495154948,7.981265804462964,3.709407310199822,1.4092122628007928
2025-10-30 11:19:14.512,5.129674690973843,7.9822134917722,3.711381658760729,1.4157671000230039
2025-10-30 11:19:15.542,5.130622378283078,7.981818622060018,3.7093283362573857,1.4196368232023815
2025-10-30 11:19:16.571,5.132043909246931,7.981502726290273,3.708222701063278,1.4258757646548474
2025-10-30 11:19:17.601,5.132517752901549,7.982529387541945,3.708222701063278,1.4295085660069162
2025-10-30 11:19:18.631,5.133702362038093,7.9824504135995085,3.7098021799120033,1.435984429286691
2025-10-30 11:19:19.658,5.134571075404892,7.983003231196562,3.7092493623149494,1.4404069700631226
2025-10-30 11:19:20.687,5.134965945117074,7.98071298686591,3.709170388372513,1.4469618072853336
2025-10-30 11:19:21.719,5.135992606368745,7.981739648117582,3.711381658760729,1.4504366607525299
2025-10-30 11:19:22.750,5.137256189447726,7.981739648117582,3.709723205969567,1.4589658465356479
2025-10-30 11:19:23.778,5.137651059159907,7.982687335426817,3.707985779235969,1.463546335196952
2025-10-30 11:19:24.807,5.138914642238888,7.983003231196562,3.7113026848182926,1.4685216935704375
2025-10-30 11:19:25.837,5.139546433778378,7.982055543887327,3.7093283362573857,1.4725493646346877
2025-10-30 11:19:26.867,5.140494121087613,7.9818975960024545,3.7086965447178954,1.47886728002959
2025-10-30 11:19:27.896,5.141283860511976,7.982134517829763,3.711460632703165,1.4825000813816587
2025-10-30 11:19:28.925,5.1419946259939024,7.982766309369254,3.707985779235969,1.4883441531219432
2025-10-30 11:19:29.953,5.14310026118801,7.982608361484381,3.709723205969567,1.4940302769773552
2025-10-30 11:19:30.982,5.143890000612373,7.98284528331169,3.7080647531784052,1.5006640881420026
2025-10-30 11:19:32.015,5.144758713979172,7.983240153023871,3.709091414430077,1.5046127852638165
2025-10-30 11:19:33.046,5.145469479461099,7.9822134917722,3.709170388372513,1.5102199351767922
2025-10-30 11:19:34.077,5.146101271000589,7.983792970620925,3.7092493623149494,1.5154322153775865
2025-10-30 11:19:35.104,5.147759723791751,7.982134517829763,3.7098021799120033,1.5203285998086358
2025-10-30 11:19:36.130,5.147838697734187,7.980239143211293,3.7095652580846945,1.5262516454913566
2025-10-30 11:19:37.159,5.1491022808131675,7.981581700232709,3.709091414430077,1.5325695608862588
2025-10-30 11:19:38.186,5.149734072352658,7.981581700232709,3.709091414430077,1.5369131277202541
2025-10-30 11:19:39.216,5.150918681489202,7.981739648117582,3.7109078151061112,1.5409407987845043
2025-10-30 11:19:40.240,5.151313551201383,7.983003231196562,3.709723205969567,1.545995131100426
2025-10-30 11:19:41.267,5.152261238510619,7.9833191269663075,3.7098021799120033,1.553102785919691
2025-10-30 11:19:42.295,5.152893030050109,7.981502726290273,3.7095652580846945,1.5574463527536864
2025-10-30 11:19:43.325,5.154156613129089,7.983161179081435,3.7092493623149494,1.5623427371847356
2025-10-30 11:19:44.353,5.154946352553452,7.982292465714636,3.709723205969567,1.5685816786372015
2025-10-30 11:19:45.380,5.155499170150506,7.9818975960024545,3.709170388372513,1.5731621672985057
2025-10-30 11:19:46.407,5.156920701114359,7.9818975960024545,3.709407310199822,1.580664691829952
2025-10-30 11:19:47.436,5.157236596884104,7.981344778405401,3.709091414430077,1.5828759622181678
2025-10-30 11:19:48.462,5.158105310250903,7.982371439657072,3.708854492602768,1.5875354248219082
2025-10-30 11:19:49.489,5.15881607573283,7.982529387541945,3.709407310199822,1.594880001468482
2025-10-30 11:19:50.519,5.159763763042065,7.980949908693219,3.7093283362573857,1.5985128028205509
2025-10-30 11:19:51.549,5.1607114503513,7.982055543887327,3.7084596228905866,1.6056204576398159
2025-10-30 11:19:52.575,5.161422215833227,7.982766309369254,3.709723205969567,1.6094112068767572
2025-10-30 11:19:53.605,5.16221195525759,7.983003231196562,3.7081437271208415,1.6142286173653702
2025-10-30 11:19:54.633,5.1627647728546435,7.982766309369254,3.708617570775459,1.6207834545875812
2025-10-30 11:19:55.661,5.164423225645805,7.981502726290273,3.7084596228905866,1.6267854742127383
2025-10-30 11:19:56.691,5.165291939012604,7.983003231196562,3.708538596833023,1.6330244156652043
2025-10-30 11:19:57.720,5.165765782667222,7.982608361484381,3.7098811538544396,1.635472607880729
2025-10-30 11:19:58.751,5.16623962632184,7.982292465714636,3.710276023566621,1.6421064190453762
2025-10-30 11:19:59.782,5.16750320940082,7.982924257254126,3.708617570775459,1.6470028034764255
2025-10-30 11:20:00.814,5.1684508967100555,7.9810288826356555,3.7087755186603317,1.6521361097347835
2025-10-30 11:20:01.846,5.169161662191982,7.982766309369254,3.711460632703165,1.6579012075326318
2025-10-30 11:20:02.877,5.1698724276739085,7.982924257254126,3.708538596833023,1.662797591963681
2025-10-30 11:20:03.906,5.170504219213399,7.982687335426817,3.7089334665452043,1.6675360285098577
2025-10-30 11:20:04.936,5.171214984695325,7.981502726290273,3.709723205969567,1.6732221523652697
2025-10-30 11:20:05.964,5.172636515659178,7.9818975960024545,3.7117765284729103,1.6797769895874808
2025-10-30 11:20:06.994,5.173347281141105,7.9824504135995085,3.7121713981850917,1.6831728691122407
2025-10-30 11:20:08.021,5.173821124795722,7.982766309369254,3.708301675005714,1.6877533577735448
2025-10-30 11:20:09.045,5.175005733932267,7.982608361484381,3.7084596228905866,1.6939133252835745
2025-10-30 11:20:10.075,5.176032395183938,7.9810288826356555,3.708538596833023,1.6986517618297512
2025-10-30 11:20:11.106,5.176664186723428,7.982608361484381,3.710591919336366,1.7049696772246534
2025-10-30 11:20:12.134,5.176822134608301,7.9822134917722,3.7089334665452043,1.7098660616557027
2025-10-30 11:20:13.164,5.178243665572154,7.981976569944891,3.708301675005714,1.714209628489698
2025-10-30 11:20:14.193,5.17832263951459,7.981976569944891,3.7084596228905866,1.7205275438846002
2025-10-30 11:20:15.220,5.179270326823826,7.9810288826356555,3.7081437271208415,1.725029058603468
2025-10-30 11:20:16.248,5.180296988075497,7.983003231196562,3.7117765284729103,1.731583895825679
2025-10-30 11:20:17.275,5.181323649327169,7.981976569944891,3.709407310199822,1.737822837278145
2025-10-30 11:20:18.302,5.181560571154478,7.982371439657072,3.709407310199822,1.7409028210331599
2025-10-30 11:20:19.328,5.183140050003203,7.981502726290273,3.7089334665452043,1.7469838146007532
2025-10-30 11:20:20.357,5.184008763370002,7.980791960808347,3.709170388372513,1.7515643032620574
2025-10-30 11:20:21.386,5.184403633082184,7.981581700232709,3.709407310199822,1.7566186355779791
2025-10-30 11:20:22.415,5.184956450679238,7.98284528331169,3.708538596833023,1.761672967893901
2025-10-30 11:20:23.443,5.185667216161164,7.981344778405401,3.708301675005714,1.7664114044400776
2025-10-30 11:20:24.470,5.186141059815782,7.982055543887327,3.7083806489481503,1.7732031634895975
2025-10-30 11:20:25.493,5.187167721067453,7.981186830520528,3.709091414430077,1.777862626093338
2025-10-30 11:20:26.523,5.18787848654938,7.982924257254126,3.7116185805880377,1.7837856717760587
2025-10-30 11:20:27.554,5.18914206962836,7.983003231196562,3.7083806489481503,1.787813342840309
2025-10-30 11:20:28.582,5.18914206962836,7.981107856578092,3.709170388372513,1.7934204927532846
2025-10-30 11:20:29.610,5.190721548477086,7.980870934750783,3.7089334665452043,1.7987117468965153
2025-10-30 11:20:30.640,5.191116418189267,7.982055543887327,3.7092493623149494,1.8040819749821821
2025-10-30 11:20:31.671,5.191985131556066,7.981818622060018,3.7090124404876406,1.811426551628756
2025-10-30 11:20:32.701,5.1923010273258114,7.981502726290273,3.709960127796876,1.8147434572110797
2025-10-30 11:20:33.729,5.193564610404792,7.982529387541945,3.708617570775459,1.821693164145472
2025-10-30 11:20:34.758,5.194512297714027,7.983003231196562,3.709170388372513,1.826510574634085
2025-10-30 11:20:35.786,5.194986141368645,7.981660674175146,3.7078278313510964,1.8288797929071734
2025-10-30 11:20:36.814,5.195617932908135,7.9818975960024545,3.7093283362573857,1.835592578014257
2025-10-30 11:20:37.842,5.196170750505189,7.982292465714636,3.709407310199822,1.8406469103301788
2025-10-30 11:20:38.872,5.196723568102243,7.981660674175146,3.7094862841422582,1.8461750863007182
2025-10-30 11:20:39.901,5.197592281469042,7.983161179081435,3.7118555024153466,1.8524930016956205
2025-10-30 11:20:40.930,5.19869791666315,7.9824504135995085,3.709170388372513,1.8557309333355079
2025-10-30 11:20:41.955,5.198776890605586,7.9833191269663075,3.711381658760729,1.8618119269031013
2025-10-30 11:20:42.978,5.200119447627003,7.9822134917722,3.709407310199822,1.8667872852765868
2025-10-30 11:20:44.003,5.201304056763547,7.981976569944891,3.708301675005714,1.870578034513528
2025-10-30 11:20:45.028,5.202330718015219,7.982529387541945,3.7081437271208415,1.8786333766420285
2025-10-30 11:20:46.056,5.202014822245474,7.981739648117582,3.7098811538544396,1.882740021648715
2025-10-30 11:20:47.082,5.203199431382018,7.981818622060018,3.7080647531784052,1.8871625624251465
2025-10-30 11:20:48.108,5.204147118691253,7.983398100908744,3.7079068052935327,1.892690738395686
2025-10-30 11:20:49.132,5.20485788417318,7.981423752347837,3.7083806489481503,1.8979030185964803
2025-10-30 11:20:50.155,5.205015832058052,7.981423752347837,3.7087755186603317,1.9033522206245834
2025-10-30 11:20:51.179,5.2059635193672875,7.9824504135995085,3.7086965447178954,1.9084065529405052
2025-10-30 11:20:52.210,5.206832232734087,7.981265804462964,3.7089334665452043,1.913776781026172
2025-10-30 11:20:53.243,5.208095815813067,7.9824504135995085,3.7094862841422582,1.9206475140181283
2025-10-30 11:20:54.266,5.208648633410121,7.981976569944891,3.7109867890485475,1.9242013414277608
2025-10-30 11:20:55.291,5.209280424949611,7.981423752347837,3.708301675005714,1.92909772585881
2025-10-30 11:20:56.315,5.210307086201283,7.98284528331169,3.708538596833023,1.9351787194264034
2025-10-30 11:20:57.338,5.210701955913464,7.982608361484381,3.7092493623149494,1.93991715597258
2025-10-30 11:20:58.363,5.211412721395391,7.981976569944891,3.7116185805880377,1.9449714882885019
2025-10-30 11:20:59.388,5.211965538992445,7.983082205138999,3.707985779235969,1.9502627424317325
2025-10-30 11:21:00.420,5.212755278416807,7.982134517829763,3.7081437271208415,1.9554750226325268
2025-10-30 11:21:01.451,5.213387069956298,7.98284528331169,3.7081437271208415,1.962898573221537
2025-10-30 11:21:02.474,5.21417680938066,7.982687335426817,3.708222701063278,1.9670841921706597
2025-10-30 11:21:03.499,5.214808600920151,7.983161179081435,3.7092493623149494,1.9707959674651647
2025-10-30 11:21:04.525,5.215282444574768,7.982766309369254,3.7089334665452043,1.9772718307449395
2025-10-30 11:21:05.553,5.216625001596185,7.982766309369254,3.7092493623149494,1.98193129334868
2025-10-30 11:21:06.580,5.217019871308366,7.982134517829763,3.708301675005714,1.988486130570891
2025-10-30 11:21:07.609,5.217730636790293,7.982055543887327,3.7092493623149494,1.9928296974048862
2025-10-30 11:21:08.642,5.218599350157092,7.981344778405401,3.7092493623149494,1.9969363424115727
2025-10-30 11:21:09.666,5.219783959293636,7.983240153023871,3.7080647531784052,2.001279909245568
2025-10-30 11:21:10.693,5.220415750833126,7.981186830520528,3.711381658760729,2.007281928870725
2025-10-30 11:21:11.723,5.220889594487744,7.982766309369254,3.712013450300219,2.013204974553446
2025-10-30 11:21:12.754,5.221442412084798,7.982687335426817,3.7080647531784052,2.0181803329269314
2025-10-30 11:21:13.783,5.222311125451597,7.982055543887327,3.709407310199822,2.023708508897471
2025-10-30 11:21:14.810,5.223258812760832,7.981423752347837,3.7081437271208415,2.028288997558775
2025-10-30 11:21:15.839,5.223653682473014,7.982134517829763,3.708222701063278,2.033738199586878
2025-10-30 11:21:16.869,5.224285474012504,7.983003231196562,3.7079068052935327,2.040766880463707
2025-10-30 11:21:17.892,5.225391109206612,7.981107856578092,3.709644232027131,2.0437678902762855
2025-10-30 11:21:18.919,5.225707004976357,7.981581700232709,3.7093283362573857,2.049059144419516
2025-10-30 11:21:19.945,5.226338796515847,7.982766309369254,3.708222701063278,2.054113476735438
2025-10-30 11:21:20.977,5.2272864838250825,7.981818622060018,3.709407310199822,2.060352418187904
2025-10-30 11:21:22.008,5.2277603274797,7.9822134917722,3.7078278313510964,2.0670652032949874
2025-10-30 11:21:23.037,5.2287080147889355,7.982292465714636,3.7098021799120033,2.072909275035272
2025-10-30 11:21:24.067,5.229339806328426,7.982766309369254,3.7090124404876406,2.075989258790287
2025-10-30 11:21:25.095,5.2301295457527885,7.980634012923474,3.7083806489481503,2.080253851681846
2025-10-30 11:21:26.119,5.230287493637661,7.9824504135995085,3.708222701063278,2.0863348452494392
2025-10-30 11:21:27.148,5.230998259119588,7.982055543887327,3.7089334665452043,2.0932055782413954
2025-10-30 11:21:28.177,5.232024920371259,7.980949908693219,3.708538596833023,2.097075301420773
2025-10-30 11:21:29.206,5.232735685853186,7.982608361484381,3.7093283362573857,2.1019716858518223
2025-10-30 11:21:30.234,5.2329726076804945,7.982292465714636,3.707985779235969,2.1065521745131264
2025-10-30 11:21:31.264,5.234236190759475,7.98284528331169,3.707985779235969,2.111843428656357
2025-10-30 11:21:32.291,5.2343941386443475,7.982371439657072,3.7098811538544396,2.116976734914715
2025-10-30 11:21:33.320,5.235262852011147,7.980634012923474,3.7090124404876406,2.1228208066549996
2025-10-30 11:21:34.349,5.236447461147691,7.982055543887327,3.708538596833023,2.127796165028485
2025-10-30 11:21:35.376,5.236921304802308,7.982687335426817,3.7081437271208415,2.133482288883897
2025-10-30 11:21:36.406,5.2377900181691075,7.9818975960024545,3.708222701063278,2.13829969937251
2025-10-30 11:21:37.437,5.238737705478343,7.983082205138999,3.708854492602768,2.1437489014006132
2025-10-30 11:21:38.465,5.239448470960269,7.9824504135995085,3.711381658760729,2.14911912948628
2025-10-30 11:21:39.494,5.2392115491329605,7.982292465714636,3.7116185805880377,2.153857566032457
2025-10-30 11:21:40.522,5.240791027981686,7.982608361484381,3.7081437271208415,2.1585960025786335
2025-10-30 11:21:41.549,5.241106923751431,7.981581700232709,3.7083806489481503,2.166177501052516
2025-10-30 11:21:42.572,5.24197563711823,7.982371439657072,3.709644232027131,2.1699682502894575
2025-10-30 11:21:43.599,5.242449480772848,7.9818975960024545,3.71051294539393,2.174390791065889
2025-10-30 11:21:44.624,5.2434761420245195,7.982529387541945,3.7084596228905866,2.1827620289641345
2025-10-30 11:21:45.650,5.243792037794265,7.983082205138999,3.708301675005714,2.1849732993523503
2025-10-30 11:21:46.677,5.244818699045936,7.98284528331169,3.7081437271208415,2.191370188689689
2025-10-30 11:21:47.709,5.246082282124917,7.9822134917722,3.711697554530474,2.1964245210056106
2025-10-30 11:21:48.738,5.246240230009789,7.981265804462964,3.7086965447178954,2.2023475666883314
2025-10-30 11:21:49.768,5.246240230009789,7.982055543887327,3.710828841163675,2.2058224201555277
2025-10-30 11:21:50.796,5.2477407349160785,7.98347707485118,3.709170388372513,2.2118244397806848
2025-10-30 11:21:51.823,5.248530474340441,7.981502726290273,3.709644232027131,2.2165628763268614
2025-10-30 11:21:52.850,5.249478161649677,7.982134517829763,3.7095652580846945,2.2224859220095823
2025-10-30 11:21:53.876,5.250030979246731,7.981976569944891,3.7081437271208415,2.229514602886411
2025-10-30 11:21:54.903,5.250346875016476,7.982924257254126,3.708301675005714,2.2328315084687347
2025-10-30 11:21:55.930,5.251452510210584,7.9810288826356555,3.708617570775459,2.238912502036328
2025-10-30 11:21:56.962,5.252479171462255,7.982134517829763,3.71051294539393,2.243098120985451
2025-10-30 11:21:57.987,5.252637119347128,7.982292465714636,3.708301675005714,2.2501268018622795
2025-10-30 11:21:59.019,5.253663780598799,7.981660674175146,3.708301675005714,2.2537596032143483
2025-10-30 11:22:00.046,5.255006337620216,7.981818622060018,3.709170388372513,2.2586559876453975
2025-10-30 11:22:01.077,5.255085311562652,7.981581700232709,3.7098811538544396,2.2634733981340105
2025-10-30 11:22:02.107,5.255875050987015,7.981265804462964,3.7081437271208415,2.270107209298658
2025-10-30 11:22:03.135,5.256427868584069,7.981502726290273,3.709644232027131,2.274371802190217
2025-10-30 11:22:04.161,5.257059660123559,7.981423752347837,3.709407310199822,2.282111248548972
2025-10-30 11:22:05.188,5.257928373490358,7.983082205138999,3.7089334665452043,2.2851122583615506
2025-10-30 11:22:06.215,5.258481191087412,7.981976569944891,3.7083806489481503,2.2904824864472175
2025-10-30 11:22:07.239,5.258797086857157,7.9818975960024545,3.7083806489481503,2.296326558187502
2025-10-30 11:22:08.267,5.2596658002239565,7.982687335426817,3.7083806489481503,2.3001962813668797
2025-10-30 11:22:09.296,5.260850409360501,7.9822134917722,3.7087755186603317,2.308804441092434
2025-10-30 11:22:10.324,5.261166305130246,7.982924257254126,3.7083806489481503,2.3110157114806498
2025-10-30 11:22:11.352,5.261877070612172,7.98284528331169,3.711697554530474,2.3186761838969687
2025-10-30 11:22:12.379,5.262745783978971,7.982371439657072,3.711697554530474,2.3228618028460915
2025-10-30 11:22:13.406,5.263298601576025,7.982529387541945,3.709407310199822,2.3272053696800867
2025-10-30 11:22:14.432,5.264088341000388,7.982529387541945,3.709407310199822,2.3344709723842243
2025-10-30 11:22:15.462,5.264720132539878,7.983161179081435,3.7083806489481503,2.3371560864270577
2025-10-30 11:22:16.491,5.265193976194496,7.9824504135995085,3.708222701063278,2.3428422102824698
2025-10-30 11:22:17.523,5.265825767733986,7.982292465714636,3.708538596833023,2.347738594713519
2025-10-30 11:22:18.549,5.266536533215913,7.980634012923474,3.709407310199822,2.353187796741622
2025-10-30 11:22:19.577,5.267089350812967,7.9824504135995085,3.708222701063278,2.3587159727121616
2025-10-30 11:22:20.603,5.267484220525148,7.982687335426817,3.7084596228905866,2.3647179923373187
2025-10-30 11:22:21.632,5.267879090237329,7.9822134917722,3.709170388372513,2.369377454941059
2025-10-30 11:22:22.662,5.268589855719256,7.98284528331169,3.707985779235969,2.3740369175447995
2025-10-30 11:22:23.689,5.269695490913364,7.982608361484381,3.709723205969567,2.3800389371699566
2025-10-30 11:22:24.716,5.270248308510418,7.982924257254126,3.709723205969567,2.38548813919806
2025-10-30 11:22:25.744,5.2710380479347805,7.981976569944891,3.711381658760729,2.390384523629109
2025-10-30 11:22:26.771,5.272222657071325,7.982371439657072,3.708617570775459,2.395438855945031
2025-10-30 11:22:27.799,5.272775474668379,7.981186830520528,3.711697554530474,2.4007301100882614
2025-10-30 11:22:28.825,5.273407266207869,7.982134517829763,3.708617570775459,2.406258286058801
2025-10-30 11:22:29.854,5.274354953517104,7.981739648117582,3.708617570775459,2.4124182535688306
2025-10-30 11:22:30.881,5.27443392745954,7.981423752347837,3.7081437271208415,2.4169987422301347
2025-10-30 11:22:31.912,5.275381614768776,7.980634012923474,3.7094862841422582,2.4215002569490025
2025-10-30 11:22:32.939,5.275539562653648,7.982608361484381,3.7117765284729103,2.427028432919542
2025-10-30 11:22:33.965,5.276408276020447,7.9818975960024545,3.7081437271208415,2.432398661005209
2025-10-30 11:22:34.992,5.2767241717901925,7.983003231196562,3.7098811538544396,2.437847863033312
2025-10-30 11:22:36.022,5.277040067559938,7.982134517829763,3.7094862841422582,2.4445606481403956
2025-10-30 11:22:37.052,5.278066728811609,7.981107856578092,3.7109078151061112,2.4481934494924644
2025-10-30 11:22:38.080,5.279251337948153,7.9824504135995085,3.708617570775459,2.45380059940544
2025-10-30 11:22:39.107,5.278935442178408,7.981186830520528,3.708538596833023,2.4586969838364894
2025-10-30 11:22:40.133,5.27996210343008,7.982766309369254,3.7094862841422582,2.4646990034616465
2025-10-30 11:22:41.159,5.280199025257389,7.9810288826356555,3.708538596833023,2.4697533357775683
2025-10-30 11:22:42.187,5.280514921027134,7.983556048793616,3.7084596228905866,2.4744127983813087
2025-10-30 11:22:43.215,5.281620556221242,7.980949908693219,3.7086965447178954,2.4803358440640295
2025-10-30 11:22:44.242,5.2824102956456045,7.982608361484381,3.709960127796876,2.4846004369555885
2025-10-30 11:22:45.269,5.282252347760732,7.983240153023871,3.712013450300219,2.490997326292927
2025-10-30 11:22:46.295,5.283121061127531,7.981502726290273,3.709170388372513,2.4958937107239763
2025-10-30 11:22:47.328,5.282963113242658,7.982371439657072,3.708301675005714,2.501263938809643
2025-10-30 11:22:48.355,5.283121061127531,7.981423752347837,3.708617570775459,2.50663416689531
2025-10-30 11:22:49.386,5.284463618148948,7.982292465714636,3.7081437271208415,2.5113726034414867
2025-10-30 11:22:50.416,5.285095409688438,7.981107856578092,3.7093283362573857,2.5169797533544624
2025-10-30 11:22:51.443,5.285174383630874,7.981739648117582,3.7084596228905866,2.522192033555257
2025-10-30 11:22:52.476,5.285490279400619,7.981581700232709,3.7083806489481503,2.5277202095257962
2025-10-30 11:22:53.509,5.286358992767418,7.981660674175146,3.708222701063278,2.534511968575316
2025-10-30 11:22:54.541,5.287148732191781,7.9824504135995085,3.709170388372513,2.538697587524439
2025-10-30 11:22:55.573,5.287859497673708,7.983003231196562,3.7092493623149494,2.5440678156101058
2025-10-30 11:22:56.606,5.287859497673708,7.982055543887327,3.709170388372513,2.5484903563865373
2025-10-30 11:22:57.635,5.288491289213198,7.981818622060018,3.7109078151061112,2.5550451936087484
2025-10-30 11:22:58.659,5.288886158925379,7.981581700232709,3.7083806489481503,2.5619159266007046
2025-10-30 11:22:59.688,5.289438976522433,7.982292465714636,3.709170388372513,2.5653907800679008
2025-10-30 11:23:00.717,5.2900707680619234,7.982292465714636,3.7090124404876406,2.5701292166140774
2025-10-30 11:23:01.746,5.290386663831669,7.981818622060018,3.709723205969567,2.57707892354847
2025-10-30 11:23:02.778,5.291097429313595,7.982924257254126,3.709170388372513,2.5803168551883573
2025-10-30 11:23:03.812,5.291255377198468,7.983082205138999,3.7094862841422582,2.5860819529862056
2025-10-30 11:23:04.842,5.292597934219884,7.982292465714636,3.7092493623149494,2.5917680768416176
2025-10-30 11:23:05.875,5.292755882104757,7.981818622060018,3.71114473693342,2.5965854873302305
2025-10-30 11:23:06.902,5.292834856047193,7.981502726290273,3.709091414430077,2.604088011861677
2025-10-30 11:23:07.932,5.293150751816938,7.9818975960024545,3.708301675005714,2.606931073789383
2025-10-30 11:23:08.964,5.294019465183737,7.982371439657072,3.7095652580846945,2.61293309341454
2025-10-30 11:23:09.994,5.294414334895919,7.982134517829763,3.7092493623149494,2.6201986961186776
2025-10-30 11:23:11.025,5.295283048262718,7.981818622060018,3.7112237108758563,2.6255689242043445
2025-10-30 11:23:12.058,5.295519970090027,7.982292465714636,3.7094862841422582,2.631097100174884
2025-10-30 11:23:13.090,5.296072787687081,7.982608361484381,3.7093283362573857,2.6340191360450262
2025-10-30 11:23:14.121,5.2966256052841345,7.981660674175146,3.709091414430077,2.6400211556701834
2025-10-30 11:23:15.148,5.296704579226571,7.982924257254126,3.7087755186603317,2.644206774619306
2025-10-30 11:23:16.177,5.298126110190424,7.981660674175146,3.7095652580846945,2.6500508463595907
2025-10-30 11:23:17.204,5.298363032017733,7.982766309369254,3.711381658760729,2.655026204733076
2025-10-30 11:23:18.233,5.298994823557223,7.981344778405401,3.7109078151061112,2.661581041955287
2025-10-30 11:23:19.264,5.298757901729914,7.981976569944891,3.708617570775459,2.665529739077101
2025-10-30 11:23:20.288,5.299784562981586,7.9822134917722,3.709091414430077,2.673111237550984
2025-10-30 11:23:21.319,5.30033738057864,7.9824504135995085,3.7101180756817485,2.679113257176141
2025-10-30 11:23:22.353,5.300653276348385,7.982687335426817,3.7094862841422582,2.684483485261808
2025-10-30 11:23:23.383,5.301364041830311,7.981581700232709,3.711697554530474,2.687642442959259
2025-10-30 11:23:24.416,5.3014430157727475,7.981739648117582,3.7080647531784052,2.6926178013327444
2025-10-30 11:23:25.443,5.302074807312238,7.981739648117582,3.709091414430077,2.69822495124572
2025-10-30 11:23:26.476,5.303022494621473,7.9818975960024545,3.708301675005714,2.7039900490435684
2025-10-30 11:23:27.508,5.302943520679037,7.981107856578092,3.7080647531784052,2.7088074595321814
2025-10-30 11:23:28.541,5.304049155873145,7.981739648117582,3.7092493623149494,2.714888453099775
2025-10-30 11:23:29.568,5.3037332601033995,7.982292465714636,3.708538596833023,2.7196268896459515
2025-10-30 11:23:30.601,5.30436505164289,7.9822134917722,3.708617570775459,2.725155065616491
2025-10-30 11:23:31.631,5.304680947412635,7.981502726290273,3.709407310199822,2.731709902838702
2025-10-30 11:23:32.665,5.3051547910672525,7.9818975960024545,3.708222701063278,2.7352637302483345
2025-10-30 11:23:33.698,5.3057076086643065,7.982292465714636,3.709170388372513,2.7415026717008004
2025-10-30 11:23:34.730,5.306497348088669,7.983003231196562,3.7086965447178954,2.749084170174683
2025-10-30 11:23:35.762,5.307050165685723,7.982292465714636,3.708301675005714,2.751374414505335
2025-10-30 11:23:36.790,5.307918879052522,7.981818622060018,3.7093283362573857,2.75785027778511
2025-10-30 11:23:37.822,5.308155800879831,7.981186830520528,3.7081437271208415,2.762983584043468
2025-10-30 11:23:38.853,5.308629644534449,7.982292465714636,3.709091414430077,2.7676430466472084
2025-10-30 11:23:39.884,5.3094193839588115,7.982134517829763,3.709091414430077,2.7730922486753116
2025-10-30 11:23:40.917,5.309182462131503,7.982134517829763,3.7093283362573857,2.778304528876106
2025-10-30 11:23:41.950,5.30965630578612,7.982055543887327,3.7093283362573857,2.7843855224436993
2025-10-30 11:23:42.976,5.310446045210483,7.981976569944891,3.7084596228905866,2.7901506202415476
2025-10-30 11:23:44.005,5.310919888865101,7.982924257254126,3.7079068052935327,2.7948890567877243
2025-10-30 11:23:45.036,5.311077836749973,7.982292465714636,3.710039101739312,2.8004962067007
2025-10-30 11:23:46.064,5.311472706462155,7.981818622060018,3.708854492602768,2.805392591131749
2025-10-30 11:23:47.091,5.312578341656263,7.981976569944891,3.707985779235969,2.8109207671022887
2025-10-30 11:23:48.123,5.31242039377139,7.981581700232709,3.7112237108758563,2.817791500094245
2025-10-30 11:23:49.155,5.312973211368444,7.981502726290273,3.7098811538544396,2.821582249331186
2025-10-30 11:23:50.185,5.313605002907934,7.981818622060018,3.709407310199822,2.827505295013907
2025-10-30 11:23:51.217,5.3136839768503705,7.9824504135995085,3.709091414430077,2.8319278357903386
2025-10-30 11:23:52.245,5.314394742332297,7.982687335426817,3.708617570775459,2.8379298554154957
2025-10-30 11:23:53.269,5.314868585986915,7.981502726290273,3.7081437271208415,2.84314213561629
2025-10-30 11:23:54.305,5.315421403583969,7.981265804462964,3.711065762990984,2.8501708164931188
2025-10-30 11:23:55.335,5.316606012720513,7.9810288826356555,3.7090124404876406,2.8557779664060945
2025-10-30 11:23:56.366,5.315974221181023,7.981423752347837,3.7079068052935327,2.8586210283338005
2025-10-30 11:23:57.401,5.317000882432694,7.982134517829763,3.708538596833023,2.8654127873833204
2025-10-30 11:23:58.426,5.317000882432694,7.981818622060018,3.7075909095237876,2.869519432390007
2025-10-30 11:23:59.456,5.3179485697419295,7.9822134917722,3.710591919336366,2.8756004259576002
2025-10-30 11:24:00.484,5.317869595799493,7.982134517829763,3.7079068052935327,2.8808127061583946
2025-10-30 11:24:01.515,5.31858036128142,7.981581700232709,3.7079068052935327,2.8864988300138066
2025-10-30 11:24:02.547,5.319133178878474,7.983240153023871,3.708222701063278,2.891711110214601
2025-10-30 11:24:03.579,5.320080866187709,7.982055543887327,3.708854492602768,2.89660749464565
2025-10-30 11:24:04.603,5.32047573589989,7.982924257254126,3.7079068052935327,2.9020566966737533
2025-10-30 11:24:05.630,5.3207916316696355,7.982608361484381,3.7113026848182926,2.9078217944716016
2025-10-30 11:24:06.655,5.320949579554508,7.981976569944891,3.708854492602768,2.9124022831329057
2025-10-30 11:24:07.679,5.321423423209126,7.982766309369254,3.711381658760729,2.9176145633337
2025-10-30 11:24:08.703,5.322292136575925,7.981107856578092,3.708854492602768,2.9237745308437297
2025-10-30 11:24:09.727,5.32260803234567,7.981344778405401,3.7080647531784052,2.928907837102088
2025-10-30 11:24:10.751,5.323002902057851,7.981265804462964,3.7080647531784052,2.934988830669681
2025-10-30 11:24:11.782,5.323397771770033,7.981818622060018,3.707985779235969,2.9408329024099658
2025-10-30 11:24:12.808,5.323950589367087,7.9822134917722,3.7079068052935327,2.9458872347258875
2025-10-30 11:24:13.833,5.324108537251959,7.981581700232709,3.7117765284729103,2.9512574628115544
2025-10-30 11:24:14.860,5.324977250618758,7.982608361484381,3.7078278313510964,2.9557589775304223
2025-10-30 11:24:15.887,5.32537212033094,7.982292465714636,3.7092493623149494,2.9608922837887803
2025-10-30 11:24:16.918,5.326082885812866,7.981581700232709,3.708854492602768,2.967605068895864
2025-10-30 11:24:17.942,5.326398781582611,7.9824504135995085,3.7075909095237876,2.9717117139025504
2025-10-30 11:24:18.967,5.32663570340992,7.981660674175146,3.708222701063278,2.9773978377579624
2025-10-30 11:24:19.990,5.327504416776719,7.981344778405401,3.709170388372513,2.982689091901193
2025-10-30 11:24:21.014,5.3278992864889005,7.982055543887327,3.711381658760729,2.98805931998686
2025-10-30 11:24:22.038,5.328925947740572,7.982529387541945,3.7080647531784052,2.993429548072527
2025-10-30 11:24:23.063,5.328689025913263,7.982292465714636,3.7090124404876406,2.9984049064460123
2025-10-30 11:24:24.088,5.32939979139519,7.981739648117582,3.707985779235969,3.005117691553096
2025-10-30 11:24:25.112,5.329636713222499,7.981818622060018,3.7081437271208415,3.0092243365597824
2025-10-30 11:24:26.137,5.330268504761989,7.981976569944891,3.710828841163675,3.0151473822425032
2025-10-30 11:24:27.170,5.330900296301479,7.982924257254126,3.711065762990984,3.021070427925224
2025-10-30 11:24:28.197,5.331058244186352,7.983240153023871,3.7090124404876406,3.0254929687016556
2025-10-30 11:24:29.225,5.331769009668278,7.982608361484381,3.710591919336366,3.0320478059238667
2025-10-30 11:24:30.253,5.3321638793804595,7.9822134917722,3.709170388372513,3.036944190354916
2025-10-30 11:24:31.284,5.332400801207768,7.981502726290273,3.709407310199822,3.044367740943926
2025-10-30 11:24:32.318,5.333190540632131,7.981344778405401,3.7101970496241847,3.0476056725838134
2025-10-30 11:24:33.350,5.334217201883803,7.9822134917722,3.709170388372513,3.0525020570148627
2025-10-30 11:24:34.377,5.334375149768675,7.9824504135995085,3.7087755186603317,3.0587409984673286
2025-10-30 11:24:35.406,5.33469104553842,7.982134517829763,3.707669883466224,3.064585070207613
2025-10-30 11:24:36.438,5.335243863135474,7.982687335426817,3.7079068052935327,3.068770689156736
2025-10-30 11:24:37.468,5.335480784962783,7.982529387541945,3.708222701063278,3.0757993700335646
2025-10-30 11:24:38.499,5.336349498329582,7.9824504135995085,3.7089334665452043,3.0803008847524325
2025-10-30 11:24:39.532,5.336507446214455,7.981818622060018,3.71114473693342,3.0857500867805356
2025-10-30 11:24:40.563,5.336902315926636,7.982292465714636,3.7079068052935327,3.090409549384276
2025-10-30 11:24:41.594,5.337297185638818,7.983161179081435,3.7078278313510964,3.0968064387216145
2025-10-30 11:24:42.617,5.337534107466126,7.983003231196562,3.7087755186603317,3.102097692864845
2025-10-30 11:24:43.649,5.338244872948053,7.9833191269663075,3.7084596228905866,3.107467920950512
2025-10-30 11:24:44.682,5.3389556384299794,7.981818622060018,3.7079068052935327,3.113943784230287
2025-10-30 11:24:45.715,5.339192560257288,7.982134517829763,3.7081437271208415,3.118840168661336
2025-10-30 11:24:46.748,5.339666403911906,7.981186830520528,3.708854492602768,3.123104761552895
2025-10-30 11:24:47.774,5.339982299681651,7.981818622060018,3.708854492602768,3.128790885408307
2025-10-30 11:24:48.802,5.340140247566524,7.981818622060018,3.70774885740866,3.1340031656091014
2025-10-30 11:24:49.833,5.341166908818195,7.981660674175146,3.7092493623149494,3.1397682634069497
2025-10-30 11:24:50.861,5.3417987003576854,7.981502726290273,3.7087755186603317,3.144743621780435
2025-10-30 11:24:51.887,5.342114596127431,7.982055543887327,3.708222701063278,3.1516143547723914
2025-10-30 11:24:52.920,5.342904335551793,7.983398100908744,3.7086965447178954,3.157221504685367
2025-10-30 11:24:53.948,5.342746387666921,7.982687335426817,3.7078278313510964,3.163381472195397
2025-10-30 11:24:54.977,5.343378179206411,7.981739648117582,3.708854492602768,3.1669352996050293
2025-10-30 11:24:56.010,5.344009970745901,7.9810288826356555,3.7086965447178954,3.173095267115059
2025-10-30 11:24:57.041,5.344483814400519,7.982687335426817,3.7079068052935327,3.179334208567525
2025-10-30 11:24:58.070,5.344562788342955,7.982529387541945,3.7094862841422582,3.183361879631775
2025-10-30 11:24:59.098,5.345431501709754,7.9822134917722,3.7079068052935327,3.188732107717442
2025-10-30 11:25:00.129,5.345826371421936,7.9818975960024545,3.7075909095237876,3.1943392576304177
2025-10-30 11:25:01.160,5.3460632932492445,7.981502726290273,3.709170388372513,3.2016838342769915
2025-10-30 11:25:02.190,5.346221241134117,7.981107856578092,3.708301675005714,3.206896114477786
2025-10-30 11:25:03.223,5.346537136903862,7.982608361484381,3.70774885740866,3.212661212275634
2025-10-30 11:25:04.247,5.347405850270661,7.982055543887327,3.709091414430077,3.2161360657428304
2025-10-30 11:25:05.279,5.347800719982843,7.982924257254126,3.7079068052935327,3.222532955080169
2025-10-30 11:25:06.313,5.3483535375798965,7.982687335426817,3.7086965447178954,3.227429339511218
2025-10-30 11:25:07.346,5.349222250946696,7.981344778405401,3.7079068052935327,3.234458020388047
2025-10-30 11:25:08.372,5.349143277004259,7.9824504135995085,3.707669883466224,3.237064160488444
2025-10-30 11:25:09.397,5.349696094601313,7.982371439657072,3.70774885740866,3.2451195026169444
2025-10-30 11:25:10.424,5.350485834025676,7.982055543887327,3.7075909095237876,3.248673330026577
2025-10-30 11:25:11.449,5.350643781910549,7.982924257254126,3.708617570775459,3.2560179066731507
2025-10-30 11:25:12.481,5.351275573450039,7.981818622060018,3.7075119355813513,3.260124551679837
2025-10-30 11:25:13.511,5.351354547392475,7.981818622060018,3.708854492602768,3.26431017062896
2025-10-30 11:25:14.540,5.352144286816838,7.981976569944891,3.708538596833023,3.270865007851171
2025-10-30 11:25:15.573,5.352697104413892,7.981976569944891,3.7104339714514936,3.2756034443973476
2025-10-30 11:25:16.602,5.352776078356328,7.981739648117582,3.708301675005714,3.280499828828397
2025-10-30 11:25:17.631,5.353013000183637,7.9822134917722,3.7087755186603317,3.2872126139354805
2025-10-30 11:25:18.664,5.353486843838255,7.983161179081435,3.708617570775459,3.2917931025967846
2025-10-30 11:25:19.695,5.353960687492872,7.982687335426817,3.711381658760729,3.2988217834736133
2025-10-30 11:25:20.728,5.35506632268698,7.98347707485118,3.709091414430077,3.3036391939622263
2025-10-30 11:25:21.759,5.354908374802108,7.981660674175146,3.7090124404876406,3.3090883959903294
2025-10-30 11:25:22.793,5.355303244514289,7.981265804462964,3.7092493623149494,3.31374785859407
2025-10-30 11:25:23.823,5.355777088168907,7.982608361484381,3.707669883466224,3.3199078261040995
2025-10-30 11:25:24.852,5.356408879708397,7.981976569944891,3.709723205969567,3.324646262650276
2025-10-30 11:25:25.876,5.356724775478142,7.982371439657072,3.7089334665452043,3.3301744386208156
2025-10-30 11:25:26.907,5.357277593075196,7.981265804462964,3.7090124404876406,3.336492354015718
2025-10-30 11:25:27.940,5.357909384614686,7.9824504135995085,3.708854492602768,3.342494373640875
2025-10-30 11:25:28.973,5.3583042543268675,7.982529387541945,3.710039101739312,3.3491281848055223
2025-10-30 11:25:30.006,5.358699124039049,7.983003231196562,3.707669883466224,3.3545773868336255
2025-10-30 11:25:31.039,5.359409889520975,7.982687335426817,3.711065762990984,3.3582101881856943
2025-10-30 11:25:32.069,5.359567837405848,7.981739648117582,3.7078278313510964,3.3633434944440523
2025-10-30 11:25:33.094,5.360120655002902,7.983082205138999,3.707432961638915,3.369819357723827
2025-10-30 11:25:34.126,5.360515524715083,7.982529387541945,3.709960127796876,3.3747157421548764
2025-10-30 11:25:35.155,5.360910394427265,7.982134517829763,3.7113026848182926,3.3798490484132344
2025-10-30 11:25:36.182,5.361779107794064,7.981976569944891,3.7104339714514936,3.385693120153519
2025-10-30 11:25:37.211,5.361937055678936,7.981739648117582,3.7075909095237876,3.390273608814823
2025-10-30 11:25:38.243,5.361779107794064,7.982292465714636,3.709644232027131,3.3984079248857597
2025-10-30 11:25:39.276,5.3631216648154805,7.982055543887327,3.711065762990984,3.402198674122701
2025-10-30 11:25:40.309,5.363595508470098,7.981818622060018,3.708854492602768,3.406779162784005
2025-10-30 11:25:41.340,5.363437560585226,7.981581700232709,3.7093283362573857,3.415229374624687
2025-10-30 11:25:42.366,5.36462216972177,7.982529387541945,3.707669883466224,3.418072436552393
2025-10-30 11:25:43.393,5.364701143664206,7.982134517829763,3.708538596833023,3.4236006125229324
2025-10-30 11:25:44.424,5.365332935203696,7.9810288826356555,3.7078278313510964,3.4290498145510355
2025-10-30 11:25:45.457,5.3659647267431865,7.981423752347837,3.708617570775459,3.434025172924521
2025-10-30 11:25:46.490,5.36588575280075,7.98284528331169,3.708301675005714,3.439474374952624
2025-10-30 11:25:47.517,5.366122674628059,7.9818975960024545,3.7079068052935327,3.4478456128508697
2025-10-30 11:25:48.552,5.366359596455368,7.983082205138999,3.70774885740866,3.4515573881453747
2025-10-30 11:25:49.585,5.366675492225113,7.981660674175146,3.7079068052935327,3.456453772576424
2025-10-30 11:25:50.618,5.367307283764603,7.9822134917722,3.709170388372513,3.4619819485469634
2025-10-30 11:25:51.647,5.367623179534348,7.980397091096165,3.7079068052935327,3.467036280862885
2025-10-30 11:25:52.677,5.367860101361657,7.982687335426817,3.7081437271208415,3.4739859877972776
2025-10-30 11:25:53.710,5.367939075304093,7.9818975960024545,3.711065762990984,3.479435189825381
2025-10-30 11:25:54.742,5.368965736555765,7.981660674175146,3.7106708932788024,3.4839367045442486
2025-10-30 11:25:55.770,5.36928163232551,7.981818622060018,3.7075119355813513,3.490017698111842
2025-10-30 11:25:56.798,5.369834449922564,7.981581700232709,3.70774885740866,3.4953089522550727
2025-10-30 11:25:57.829,5.370071371749873,7.982687335426817,3.7084596228905866,3.5004422585134307
2025-10-30 11:25:58.859,5.370624189346927,7.982687335426817,3.7086965447178954,3.5066811999658967
2025-10-30 11:25:59.886,5.370703163289363,7.982292465714636,3.708617570775459,3.5118145062242547
2025-10-30 11:26:00.914,5.37204572031078,7.982608361484381,3.7087755186603317,3.5175006300796667
2025-10-30 11:26:01.943,5.3716508505985985,7.981265804462964,3.708301675005714,3.521844196913662
2025-10-30 11:26:02.975,5.371966746368344,7.983082205138999,3.707669883466224,3.5280041644236917
2025-10-30 11:26:04.001,5.37267751185027,7.982924257254126,3.708617570775459,3.533532340394231
2025-10-30 11:26:05.030,5.372993407620015,7.9818975960024545,3.7080647531784052,3.5396133339618245
2025-10-30 11:26:06.062,5.373151355504888,7.982766309369254,3.709407310199822,3.5450625359899277
2025-10-30 11:26:07.094,5.373704173101942,7.983161179081435,3.7087755186603317,3.549721998593668
2025-10-30 11:26:08.125,5.3739410949292505,7.983161179081435,3.7078278313510964,3.5565927315856243
2025-10-30 11:26:09.150,5.374256990698996,7.982529387541945,3.707432961638915,3.5628316730380902
2025-10-30 11:26:10.185,5.375125704065795,7.982687335426817,3.7090124404876406,3.5694654842027376
2025-10-30 11:26:11.216,5.375204678008231,7.981344778405401,3.7109078151061112,3.573256233439679
2025-10-30 11:26:12.248,5.3759154434901575,7.98347707485118,3.707432961638915,3.577599800273674
2025-10-30 11:26:13.279,5.375994417432594,7.983003231196562,3.708617570775459,3.584628481150503
2025-10-30 11:26:14.312,5.376231339259903,7.980791960808347,3.709170388372513,3.5884192303874443
2025-10-30 11:26:15.344,5.3767841568569565,7.981739648117582,3.7072750137540424,3.59465817183991
2025-10-30 11:26:16.377,5.377100052626702,7.982924257254126,3.71051294539393,3.600344295695322
2025-10-30 11:26:17.411,5.378126713878373,7.982371439657072,3.708301675005714,3.6057934977234254
2025-10-30 11:26:18.444,5.377573896281319,7.982134517829763,3.708854492602768,3.6115585955212737
2025-10-30 11:26:19.473,5.377652870223756,7.983003231196562,3.7084596228905866,3.617876510916176
2025-10-30 11:26:20.502,5.3787585054178635,7.98284528331169,3.707985779235969,3.6223780256350437
2025-10-30 11:26:21.534,5.37946927089979,7.982292465714636,3.708222701063278,3.6276692797782744
2025-10-30 11:26:22.565,5.379390296957354,7.983713996678489,3.708222701063278,3.635250778252157
2025-10-30 11:26:23.596,5.379943114554408,7.982292465714636,3.707985779235969,3.638883579604226
2025-10-30 11:26:24.628,5.380811827921207,7.9822134917722,3.7109867890485475,3.644885599229383
2025-10-30 11:26:25.662,5.380416958209025,7.981265804462964,3.7109867890485475,3.6498609576028684
2025-10-30 11:26:26.694,5.38073285397877,7.981739648117582,3.7107498672212387,3.6556260554007167
2025-10-30 11:26:27.728,5.381522593403133,7.981818622060018,3.709170388372513,3.66107525742882
2025-10-30 11:26:28.760,5.381759515230442,7.981739648117582,3.7081437271208415,3.666524459456923
2025-10-30 11:26:29.793,5.381917463115315,7.982924257254126,3.710591919336366,3.6728423748518253
2025-10-30 11:26:30.824,5.38223335888506,7.983713996678489,3.71051294539393,3.677343889570693
2025-10-30 11:26:31.863,5.382786176482114,7.982924257254126,3.7094862841422582,3.6836618049655954
2025-10-30 11:26:32.890,5.383102072251859,7.982608361484381,3.707196039811606,3.690611511899988
2025-10-30 11:26:33.921,5.384049759561094,7.981976569944891,3.7087755186603317,3.6947181569066743
2025-10-30 11:26:34.947,5.383733863791349,7.981976569944891,3.7072750137540424,3.699535567395287
2025-10-30 11:26:35.973,5.383970785618658,7.982134517829763,3.7073539876964787,3.7056165609628806
2025-10-30 11:26:37.000,5.384523603215712,7.981976569944891,3.711065762990984,3.711065762990984
2025-10-30 11:26:38.027,5.384997446870329,7.982766309369254,3.7109867890485475,3.716199069249342
2025-10-30 11:26:39.057,5.385471290524947,7.981818622060018,3.7073539876964787,3.723622619838352
2025-10-30 11:26:40.088,5.38626102994931,7.982608361484381,3.7075119355813513,3.727650290902602
2025-10-30 11:26:41.117,5.386497951776619,7.9824504135995085,3.7084596228905866,3.7336523105277593
2025-10-30 11:26:42.142,5.386497951776619,7.982134517829763,3.707985779235969,3.7388645907285536
2025-10-30 11:26:43.171,5.387366665143418,7.982134517829763,3.7084596228905866,3.7450245582385833
2025-10-30 11:26:44.200,5.387050769373673,7.981502726290273,3.7073539876964787,3.751263499691049
2025-10-30 11:26:45.229,5.387840508798035,7.981581700232709,3.708222701063278,3.756080910179662
2025-10-30 11:26:46.255,5.3881564045677806,7.98284528331169,3.709091414430077,3.760345503071221
2025-10-30 11:26:47.278,5.388551274279962,7.981581700232709,3.7090124404876406,3.767927001545104
2025-10-30 11:26:48.304,5.388788196107271,7.982055543887327,3.707432961638915,3.771322881069864
2025-10-30 11:26:49.330,5.389341013704325,7.983003231196562,3.7075119355813513,3.7783515619466925
2025-10-30 11:26:50.356,5.39028870101356,7.9818975960024545,3.7086965447178954,3.7829320506079966
2025-10-30 11:26:51.382,5.390367674955996,7.982371439657072,3.710276023566621,3.788776122348281
2025-10-30 11:26:52.409,5.39028870101356,7.983161179081435,3.7073539876964787,3.793277637067149
2025-10-30 11:26:53.436,5.390525622840869,7.9833191269663075,3.7084596228905866,3.799516578519615
2025-10-30 11:26:54.461,5.39092049255305,7.982766309369254,3.7084596228905866,3.8051237284325907
2025-10-30 11:26:55.487,5.391157414380359,7.981581700232709,3.707669883466224,3.81065190440313
2025-10-30 11:26:56.515,5.391789205919849,7.982055543887327,3.7083806489481503,3.8157852106614882
2025-10-30 11:26:57.541,5.3921051016895944,7.981423752347837,3.70774885740866,3.8213133866320277
2025-10-30 11:26:58.570,5.3921051016895944,7.981581700232709,3.708538596833023,3.8264466928903857
2025-10-30 11:26:59.599,5.39242099745934,7.982687335426817,3.708301675005714,3.834502035018886
2025-10-30 11:27:00.627,5.393131762941266,7.981581700232709,3.7075119355813513,3.8385297060831363
2025-10-30 11:27:01.655,5.393131762941266,7.982055543887327,3.7098811538544396,3.843820960226367
2025-10-30 11:27:02.684,5.393842528423193,7.982924257254126,3.7072750137540424,3.84863837071498
2025-10-30 11:27:03.706,5.394079450250501,7.980949908693219,3.7084596228905866,3.8550352600523183
2025-10-30 11:27:04.732,5.3943953460202465,7.982134517829763,3.7072750137540424,3.8604844620804215
2025-10-30 11:27:05.757,5.394869189674864,7.982134517829763,3.70711706586917,3.8650649507417256
2025-10-30 11:27:06.786,5.394790215732428,7.9824504135995085,3.7072750137540424,3.87090902248201
2025-10-30 11:27:07.812,5.395895850926536,7.982687335426817,3.7073539876964787,3.876595146337422
2025-10-30 11:27:08.842,5.3958168769840995,7.982292465714636,3.708222701063278,3.8815705047109077
2025-10-30 11:27:09.870,5.396132772753845,7.981265804462964,3.707432961638915,3.8880463679906825
2025-10-30 11:27:10.897,5.396606616408462,7.981818622060018,3.707985779235969,3.8931796742490405
2025-10-30 11:27:11.922,5.39644866852359,7.9838719445633615,3.708538596833023,3.8983129805073986
2025-10-30 11:27:12.949,5.39708046006308,7.981976569944891,3.7073539876964787,3.9047888437871734
2025-10-30 11:27:13.976,5.39708046006308,7.981976569944891,3.7086965447178954,3.9101590718728403
2025-10-30 11:27:15.006,5.398107121314752,7.980949908693219,3.707985779235969,3.914660586591708
2025-10-30 11:27:16.030,5.398580964969369,7.981502726290273,3.709091414430077,3.9209785019866104
2025-10-30 11:27:17.060,5.398738912854242,7.981502726290273,3.7075119355813513,3.9284020525756205
2025-10-30 11:27:18.086,5.3992127565088595,7.9833191269663075,3.708617570775459,3.9313240884457628
2025-10-30 11:27:19.113,5.399923521990786,7.982529387541945,3.7073539876964787,3.9397743002864445
2025-10-30 11:27:20.142,5.400160443818095,7.981976569944891,3.707196039811606,3.945065554429675
2025-10-30 11:27:21.168,5.400792235357585,7.982292465714636,3.7080647531784052,3.9479875902998174
2025-10-30 11:27:22.194,5.40110813112733,7.9818975960024545,3.7079068052935327,3.9543055056947196
2025-10-30 11:27:23.220,5.401187105069766,7.9822134917722,3.707196039811606,3.9596757337803865
2025-10-30 11:27:24.248,5.401266079012203,7.982292465714636,3.709644232027131,3.964651092153872
2025-10-30 11:27:25.271,5.401581974781948,7.9822134917722,3.7092493623149494,3.9701792681244115
2025-10-30 11:27:26.299,5.401660948724384,7.982687335426817,3.7080647531784052,3.97657615746175
2025-10-30 11:27:27.322,5.4029245318033645,7.981660674175146,3.7072750137540424,3.9821833073747257
2025-10-30 11:27:28.345,5.4029245318033645,7.982766309369254,3.7083806489481503,3.990001727675917
2025-10-30 11:27:29.368,5.402766583918492,7.982055543887327,3.7079068052935327,3.994503242394785
2025-10-30 11:27:30.393,5.4038722191126,7.9824504135995085,3.70711706586917,3.998767835286344
2025-10-30 11:27:31.418,5.4038722191126,7.981818622060018,3.7086965447178954,4.006349333760227
2025-10-30 11:27:32.443,5.404030166997472,7.981186830520528,3.707432961638915,4.009429317515242
2025-10-30 11:27:33.470,5.40450401065209,7.982371439657072,3.7073539876964787,4.015905180795016
2025-10-30 11:27:34.493,5.404977854306708,7.981581700232709,3.709091414430077,4.021275408880683
2025-10-30 11:27:35.517,5.405925541615943,7.981344778405401,3.70774885740866,4.028225115815076
2025-10-30 11:27:36.541,5.405530671903762,7.980870934750783,3.707432961638915,4.031620995339836
2025-10-30 11:27:37.565,5.405846567673507,7.9822134917722,3.708617570775459,4.0375440410225565
2025-10-30 11:27:38.590,5.40663630709787,7.981107856578092,3.7073539876964787,4.043309138820405
2025-10-30 11:27:39.621,5.406399385270561,7.981739648117582,3.7084596228905866,4.0489162887333805
2025-10-30 11:27:40.645,5.407347072579796,7.981739648117582,3.710591919336366,4.053575751337121
2025-10-30 11:27:41.669,5.407820916234414,7.981818622060018,3.7075119355813513,4.060367510386641
2025-10-30 11:27:42.697,5.407583994407105,7.982292465714636,3.7075119355813513,4.065184920875254
2025-10-30 11:27:43.724,5.408294759889031,7.981739648117582,3.708301675005714,4.071186940500411
2025-10-30 11:27:44.750,5.4086106556587765,7.982529387541945,3.707432961638915,4.078531517146985
2025-10-30 11:27:45.773,5.4091634732558305,7.9818975960024545,3.7070380919267336,4.081374579074691
2025-10-30 11:27:46.796,5.409321421140703,7.981818622060018,3.707985779235969,4.0864289113906125
2025-10-30 11:27:47.828,5.409637316910448,7.982292465714636,3.7106708932788024,4.092351957073333
2025-10-30 11:27:48.858,5.410111160565066,7.982529387541945,3.7083806489481503,4.098432950640927
2025-10-30 11:27:49.889,5.410821926046992,7.982371439657072,3.7073539876964787,4.10388215266903
2025-10-30 11:27:50.919,5.410506030277247,7.983003231196562,3.707432961638915,4.110200068063932
2025-10-30 11:27:51.948,5.410821926046992,7.982529387541945,3.7070380919267336,4.11533337432229
2025-10-30 11:27:52.974,5.411374743644046,7.981739648117582,3.709723205969567,4.120387706638212
2025-10-30 11:27:54.001,5.4119275612411,7.981581700232709,3.7109078151061112,4.125836908666315
2025-10-30 11:27:55.030,5.412638326723027,7.981502726290273,3.710276023566621,4.130575345212492
2025-10-30 11:27:56.060,5.412717300665463,7.981107856578092,3.710591919336366,4.137761973974193
2025-10-30 11:27:57.089,5.413270118262517,7.983082205138999,3.7084596228905866,4.141789645038443
2025-10-30 11:27:58.114,5.413112170377644,7.984187840333107,3.707985779235969,4.148897299857708
2025-10-30 11:27:59.147,5.413586014032262,7.981818622060018,3.7086965447178954,4.155689058907228
2025-10-30 11:28:00.175,5.414375753456625,7.981976569944891,3.706801170099425,4.159242886316861
2025-10-30 11:28:01.203,5.41405985768688,7.98071298686591,3.7084596228905866,4.166113619308817
2025-10-30 11:28:02.230,5.414375753456625,7.982687335426817,3.7101180756817485,4.169904368545758
2025-10-30 11:28:03.259,5.415165492880988,7.981660674175146,3.7075119355813513,4.1770909973074595
2025-10-30 11:28:04.282,5.415244466823424,7.981739648117582,3.709960127796876,4.183724808472107
2025-10-30 11:28:05.307,5.415639336535605,7.981660674175146,3.7073539876964787,4.186962740111994
2025-10-30 11:28:06.336,5.416350102017532,7.982687335426817,3.708301675005714,4.193438603391769
2025-10-30 11:28:07.363,5.416429075959968,7.9824504135995085,3.708301675005714,4.198650883592563
2025-10-30 11:28:08.391,5.417060867499458,7.982608361484381,3.707432961638915,4.204494955332848
2025-10-30 11:28:09.417,5.417534711154076,7.982055543887327,3.7093283362573857,4.2112077404399315
2025-10-30 11:28:10.447,5.417850606923821,7.981581700232709,3.7080647531784052,4.214682593907128
2025-10-30 11:28:11.472,5.417850606923821,7.981107856578092,3.7084596228905866,4.22036871776254
2025-10-30 11:28:12.501,5.418166502693566,7.9818975960024545,3.7075909095237876,4.225896893733079
2025-10-30 11:28:13.531,5.418877268175493,7.981739648117582,3.707432961638915,4.233636340091834
2025-10-30 11:28:14.563,5.41871932029062,7.982371439657072,3.7078278313510964,4.236558375961977
2025-10-30 11:28:15.592,5.419430085772547,7.982292465714636,3.708301675005714,4.244692692032913
2025-10-30 11:28:16.620,5.420298799139346,7.982766309369254,3.70711706586917,4.247693701845492
2025-10-30 11:28:17.647,5.419903929427164,7.981739648117582,3.7075119355813513,4.2535377735857764
2025-10-30 11:28:18.674,5.420693668851527,7.982529387541945,3.7075909095237876,4.261356193886968
2025-10-30 11:28:19.702,5.4208516167364,7.982292465714636,3.708222701063278,4.264831047354164
2025-10-30 11:28:20.725,5.420772642793963,7.983003231196562,3.7080647531784052,4.270359223324704
2025-10-30 11:28:21.751,5.42148340827589,7.982529387541945,3.710276023566621,4.275808425352807
2025-10-30 11:28:22.778,5.421878277988071,7.980949908693219,3.7101970496241847,4.281020705553601
2025-10-30 11:28:23.807,5.42211519981538,7.982134517829763,3.708301675005714,4.288365282200175
2025-10-30 11:28:24.838,5.42274699135487,7.9818975960024545,3.707669883466224,4.292945770861479
2025-10-30 11:28:25.863,5.422668017412434,7.982608361484381,3.7098811538544396,4.297842155292528
2025-10-30 11:28:26.889,5.4233787828943605,7.9804760650386015,3.707432961638915,4.303686227032813
2025-10-30 11:28:27.915,5.423457756836797,7.982292465714636,3.7084596228905866,4.309609272715534
2025-10-30 11:28:28.943,5.424326470203596,7.982292465714636,3.708854492602768,4.315690266283127
2025-10-30 11:28:29.972,5.424326470203596,7.983161179081435,3.7084596228905866,4.3203497288868675
2025-10-30 11:28:30.997,5.424326470203596,7.982371439657072,3.7079068052935327,4.325325087260353
2025-10-30 11:28:32.024,5.425195183570395,7.982292465714636,3.70774885740866,4.332590689964491
2025-10-30 11:28:33.052,5.42551107934014,7.982529387541945,3.708617570775459,4.33748707439554
2025-10-30 11:28:34.082,5.425748001167449,7.982924257254126,3.710591919336366,4.343489094020697
2025-10-30 11:28:35.113,5.426379792706939,7.982924257254126,3.708301675005714,4.348069582682001
2025-10-30 11:28:36.141,5.426300818764503,7.981344778405401,3.7084596228905866,4.354229550192031
2025-10-30 11:28:37.164,5.426379792706939,7.9822134917722,3.70711706586917,4.3592838825079525
2025-10-30 11:28:38.187,5.4270905581888655,7.982529387541945,3.707985779235969,4.365048980305801
2025-10-30 11:28:39.213,5.427485427901047,7.983003231196562,3.70711706586917,4.3706561302187765
2025-10-30 11:28:40.240,5.427564401843483,7.982766309369254,3.708222701063278,4.3768950716712425
2025-10-30 11:28:41.268,5.428117219440537,7.9818975960024545,3.7086965447178954,4.382107351872037
2025-10-30 11:28:42.294,5.428354141267846,7.981660674175146,3.7086965447178954,4.38692476236065
2025-10-30 11:28:43.327,5.429143880692209,7.982292465714636,3.707196039811606,4.392689860158498
2025-10-30 11:28:44.357,5.429143880692209,7.9824504135995085,3.7069591179842973,4.398612905841219
2025-10-30 11:28:45.386,5.430012594059008,7.982134517829763,3.70711706586917,4.404693899408812
2025-10-30 11:28:46.415,5.429854646174135,7.982608361484381,3.706880144041861,4.411801554228077
2025-10-30 11:28:47.446,5.4299336201165715,7.982766309369254,3.710276023566621,4.414960511925528
2025-10-30 11:28:48.476,5.430644385598498,7.981344778405401,3.707669883466224,4.421041505493122
2025-10-30 11:28:49.500,5.430802333483371,7.9810288826356555,3.708617570775459,4.428544030024568
2025-10-30 11:28:50.530,5.431039255310679,7.981502726290273,3.7073539876964787,4.431939909549328
2025-10-30 11:28:51.562,5.4313551510804245,7.981423752347837,3.706880144041861,4.437705007347176
2025-10-30 11:28:52.595,5.4313551510804245,7.981660674175146,3.706880144041861,4.444022922742079
2025-10-30 11:28:53.627,5.432460786274532,7.983003231196562,3.7069591179842973,4.448603411403383
2025-10-30 11:28:54.658,5.432144890504787,7.982687335426817,3.707196039811606,4.455316196510466
2025-10-30 11:28:55.688,5.432855655986714,7.982134517829763,3.7084596228905866,4.460370528826388
2025-10-30 11:28:56.719,5.433250525698895,7.982371439657072,3.7066432222145522,4.4661356266242365
2025-10-30 11:28:57.746,5.433013603871586,7.982687335426817,3.707196039811606,4.471110984997722
2025-10-30 11:28:58.769,5.43356642146864,7.982608361484381,3.7067221961569885,4.477349926450188
2025-10-30 11:28:59.794,5.433803343295949,7.982055543887327,3.7073539876964787,4.482088362996365
2025-10-30 11:29:00.854,5.4341982130081306,7.982529387541945,3.7066432222145522,4.490143705124865
2025-10-30 11:29:01.884,5.434277186950567,7.983003231196562,3.7094862841422582,4.493776506476934
2025-10-30 11:29:02.910,5.435461796087111,7.981739648117582,3.707669883466224,4.499462630332346
2025-10-30 11:29:03.937,5.435303848202238,7.981660674175146,3.706801170099425,4.50530670207263
2025-10-30 11:29:04.965,5.435540770029547,7.982134517829763,3.706880144041861,4.510282060446116
2025-10-30 11:29:05.991,5.436093587626601,7.982687335426817,3.706880144041861,4.516363054013709
2025-10-30 11:29:07.015,5.436251535511474,7.982134517829763,3.7069591179842973,4.5221281518115575
2025-10-30 11:29:08.038,5.436251535511474,7.982055543887327,3.70774885740866,4.5272614580699155
2025-10-30 11:29:09.065,5.4369623009934,7.981581700232709,3.706880144041861,4.533658347407254
2025-10-30 11:29:10.094,5.437278196763145,7.981581700232709,3.7066432222145522,4.538080888183686
2025-10-30 11:29:11.122,5.4381469101299444,7.98284528331169,3.709723205969567,4.544240855693715
2025-10-30 11:29:12.151,5.438067936187508,7.982766309369254,3.706564248272116,4.551822354167598
2025-10-30 11:29:13.176,5.438699727726998,7.982608361484381,3.706801170099425,4.555455155519667
2025-10-30 11:29:14.204,5.43846280589969,7.982134517829763,3.7075909095237876,4.562404862454059
2025-10-30 11:29:15.229,5.438936649554307,7.9818975960024545,3.7072750137540424,4.566274585633437
2025-10-30 11:29:16.259,5.4390156234967435,7.982134517829763,3.7078278313510964,4.573145318625393
2025-10-30 11:29:17.289,5.439647415036234,7.981818622060018,3.707669883466224,4.577094015747207
2025-10-30 11:29:18.318,5.440121258690851,7.9818975960024545,3.7067221961569885,4.583490905084545
2025-10-30 11:29:19.350,5.440121258690851,7.98284528331169,3.7066432222145522,4.590677533846247
2025-10-30 11:29:20.378,5.4404371544605965,7.9818975960024545,3.7090124404876406,4.595336996449987
2025-10-30 11:29:21.406,5.441305867827396,7.980634012923474,3.7079068052935327,4.600628250593218
2025-10-30 11:29:22.439,5.441226893884959,7.982529387541945,3.706564248272116,4.604892843484777
2025-10-30 11:29:23.469,5.441700737539577,7.9818975960024545,3.7067221961569885,4.611763576476733
2025-10-30 11:29:24.499,5.441779711482013,7.982924257254126,3.7098811538544396,4.616344065138037
2025-10-30 11:29:25.526,5.442095607251758,7.982292465714636,3.707432961638915,4.622819928417812
2025-10-30 11:29:26.553,5.442016633309322,7.9824504135995085,3.706248352502371,4.627558364963988
2025-10-30 11:29:27.577,5.442569450906376,7.9818975960024545,3.7072750137540424,4.634271150071072
2025-10-30 11:29:28.605,5.443596112158048,7.9818975960024545,3.706801170099425,4.64153675277521
2025-10-30 11:29:29.628,5.4438330339853565,7.981581700232709,3.706248352502371,4.645327502012151
2025-10-30 11:29:30.654,5.444069955812665,7.981344778405401,3.706801170099425,4.652751052601161
2025-10-30 11:29:31.678,5.444148929755102,7.981581700232709,3.706327326444807,4.655831036356176
2025-10-30 11:29:32.706,5.444148929755102,7.981186830520528,3.7098021799120033,4.661359212326715
2025-10-30 11:29:33.733,5.4447017473521555,7.9824504135995085,3.706327326444807,4.6673612319518725
2025-10-30 11:29:34.760,5.445175591006773,7.982055543887327,3.7069591179842973,4.673284277634593
2025-10-30 11:29:35.786,5.445175591006773,7.981818622060018,3.7081437271208415,4.680233984568986
2025-10-30 11:29:36.817,5.4458863564887,7.981818622060018,3.706327326444807,4.683787811978618
2025-10-30 11:29:37.846,5.445333538891646,7.981818622060018,3.7080647531784052,4.692159049876864
2025-10-30 11:29:38.873,5.4461232783160085,7.981502726290273,3.7079068052935327,4.695554929401624
2025-10-30 11:29:39.900,5.446834043797935,7.982529387541945,3.7098021799120033,4.700688235659982
2025-10-30 11:29:40.926,5.447070965625244,7.982134517829763,3.7073539876964787,4.708506655961173
2025-10-30 11:29:41.952,5.447939678992043,7.981976569944891,3.709407310199822,4.713639962219531
2025-10-30 11:29:42.978,5.447386861394989,7.982292465714636,3.706801170099425,4.720273773384179
2025-10-30 11:29:44.008,5.448018652934479,7.982687335426817,3.7078278313510964,4.7233537571391935
2025-10-30 11:29:45.033,5.448492496589097,7.982766309369254,3.7075909095237876,4.728566037339988
2025-10-30 11:29:46.059,5.448571470531533,7.981739648117582,3.7094862841422582,4.735673692159253
2025-10-30 11:29:47.088,5.449124288128587,7.981265804462964,3.706327326444807,4.739385467453758
2025-10-30 11:29:48.115,5.449124288128587,7.983003231196562,3.706248352502371,4.744992617366734
2025-10-30 11:29:49.140,5.450071975437822,7.982924257254126,3.707669883466224,4.751705402473817
2025-10-30 11:29:50.167,5.450308897265131,7.9810288826356555,3.70711706586917,4.756759734789739
2025-10-30 11:29:51.196,5.4503878712075675,7.9818975960024545,3.7070380919267336,4.761814067105661
2025-10-30 11:29:52.220,5.450703766977313,7.9818975960024545,3.7070380919267336,4.768763774040053
2025-10-30 11:29:53.242,5.451256584574367,7.982529387541945,3.7070380919267336,4.773265288758921
2025-10-30 11:29:54.269,5.45117761063193,7.981502726290273,3.7075119355813513,4.779504230211387
2025-10-30 11:29:55.295,5.451414532459239,7.983950918505798,3.7059324567326257,4.785427275894108
2025-10-30 11:29:56.321,5.451888376113857,7.9818975960024545,3.707432961638915,4.790797503979775
2025-10-30 11:29:57.349,5.452125297941166,7.981739648117582,3.70711706586917,4.797984132741476
2025-10-30 11:29:58.378,5.453072985250401,7.98347707485118,3.709644232027131,4.80193282986329
2025-10-30 11:29:59.407,5.453467854962582,7.980949908693219,3.707196039811606,4.808250745258192
2025-10-30 11:30:00.436,5.453625802847455,7.981818622060018,3.709723205969567,4.813620973343859
2025-10-30 11:30:01.466,5.4537837507323275,7.9824504135995085,3.706248352502371,4.820649654220688
2025-10-30 11:30:02.493,5.454415542271818,7.983082205138999,3.7060904046174983,4.825309116824428
2025-10-30 11:30:03.523,5.454494516214254,7.9833191269663075,3.706248352502371,4.829889605485732
2025-10-30 11:30:04.552,5.45457349015669,7.981107856578092,3.709091414430077,4.837708025786924
2025-10-30 11:30:05.582,5.455600151408362,7.9822134917722,3.7069591179842973,4.841261853196556
2025-10-30 11:30:06.614,5.455916047178107,7.981344778405401,3.7073539876964787,4.846947977051968
2025-10-30 11:30:07.641,5.455679125350798,7.9818975960024545,3.706248352502371,4.852318205137635
2025-10-30 11:30:08.670,5.455758099293234,7.981660674175146,3.7072750137540424,4.85879406841741
2025-10-30 11:30:09.694,5.456152969005416,7.982687335426817,3.7058534827901894,4.862505843711915
2025-10-30 11:30:10.722,5.456468864775161,7.981739648117582,3.7070380919267336,4.869771446416053
2025-10-30 11:30:11.752,5.457021682372215,7.981581700232709,3.706248352502371,4.875457570271465
2025-10-30 11:30:12.779,5.457021682372215,7.982371439657072,3.7073539876964787,4.8794062673932785
2025-10-30 11:30:13.807,5.457574499969269,7.9818975960024545,3.7072750137540424,4.886277000385235
2025-10-30 11:30:14.834,5.458206291508759,7.981344778405401,3.706801170099425,4.892989785492318
2025-10-30 11:30:15.862,5.458127317566323,7.981660674175146,3.705695534905317,4.896385665017078
2025-10-30 11:30:16.889,5.458443213336068,7.981976569944891,3.709407310199822,4.903730241663652
2025-10-30 11:30:17.915,5.458443213336068,7.981660674175146,3.7075909095237876,4.90759996484303
2025-10-30 11:30:18.942,5.459153978817994,7.98347707485118,3.7070380919267336,4.9140758281228045
2025-10-30 11:30:19.968,5.459548848530176,7.981739648117582,3.7070380919267336,4.920077847747962
2025-10-30 11:30:20.998,5.459706796415048,7.982292465714636,3.7061693785599346,4.926790632855045
2025-10-30 11:30:22.025,5.460417561896975,7.982529387541945,3.7080647531784052,4.933424444019693
2025-10-30 11:30:23.051,5.46073345766672,7.980870934750783,3.7094862841422582,4.9368203235444525
2025-10-30 11:30:24.078,5.461128327378901,7.981423752347837,3.7072750137540424,4.942032603745247
2025-10-30 11:30:25.105,5.4608914055515925,7.981660674175146,3.707196039811606,4.9473238578884775
2025-10-30 11:30:26.129,5.461207301321338,7.983556048793616,3.7094862841422582,4.955458173959414
2025-10-30 11:30:27.157,5.461681144975955,7.982924257254126,3.706801170099425,4.961144297814826
2025-10-30 11:30:28.186,5.462154988630573,7.983003231196562,3.7060904046174983,4.965487864648821
2025-10-30 11:30:29.214,5.462944728054936,7.9824504135995085,3.7064063003872434,4.971331936389106
2025-10-30 11:30:30.240,5.462628832285191,7.981976569944891,3.7064852743296797,4.9757544771655375
2025-10-30 11:30:31.266,5.462865754112499,7.983003231196562,3.7072750137540424,4.981282653136077
2025-10-30 11:30:32.295,5.462944728054936,7.981265804462964,3.7059324567326257,4.986968776991489
2025-10-30 11:30:33.319,5.463655493536862,7.982371439657072,3.7067221961569885,4.992733874789337
2025-10-30 11:30:34.345,5.4637344674792985,7.982134517829763,3.707985779235969,4.998419998644749
2025-10-30 11:30:35.371,5.463892415364171,7.982292465714636,3.706564248272116,5.004027148557725
2025-10-30 11:30:36.397,5.465077024500715,7.982529387541945,3.7061693785599346,5.008844559046338
2025-10-30 11:30:37.426,5.464524206903661,7.982055543887327,3.706564248272116,5.0152414483836765
2025-10-30 11:30:38.456,5.465077024500715,7.981976569944891,3.7070380919267336,5.023375764454613
2025-10-30 11:30:39.482,5.465629842097769,7.981739648117582,3.709170388372513,5.0260608784974465
2025-10-30 11:30:40.509,5.465866763925078,7.9833191269663075,3.707196039811606,5.031983924180167
2025-10-30 11:30:41.538,5.465708816040205,7.982608361484381,3.7069591179842973,5.037670048035579
2025-10-30 11:30:42.565,5.466656503349441,7.980870934750783,3.706801170099425,5.043435145833428
2025-10-30 11:30:43.593,5.467130347004058,7.98347707485118,3.706011430675062,5.049200243631276
2025-10-30 11:30:44.619,5.467604190658676,7.982055543887327,3.707196039811606,5.054570471716943
2025-10-30 11:30:45.646,5.46752521671624,7.981660674175146,3.7070380919267336,5.060098647687482
2025-10-30 11:30:46.671,5.46815700825573,7.981423752347837,3.7070380919267336,5.067127328564311
2025-10-30 11:30:47.698,5.468630851910348,7.9824504135995085,3.706564248272116,5.070602182031507
2025-10-30 11:30:48.721,5.468472904025475,7.981976569944891,3.705774508847753,5.076525227714228
2025-10-30 11:30:49.747,5.46815700825573,7.982055543887327,3.7058534827901894,5.084580569842728
2025-10-30 11:30:50.770,5.468472904025475,7.981423752347837,3.706880144041861,5.089240032446469
2025-10-30 11:30:51.794,5.469104695564965,7.9824504135995085,3.7060904046174983,5.093425651395592
2025-10-30 11:30:52.818,5.469104695564965,7.982529387541945,3.7070380919267336,5.099980488617803
2025-10-30 11:30:53.841,5.469894434989328,7.981976569944891,3.7070380919267336,5.105508664588342
2025-10-30 11:30:54.865,5.470368278643946,7.983161179081435,3.709170388372513,5.110484022961828
2025-10-30 11:30:55.888,5.470131356816637,7.982371439657072,3.709170388372513,5.116012198932367
2025-10-30 11:30:56.913,5.470684174413691,7.981107856578092,3.705695534905317,5.121145505190725
2025-10-30 11:30:57.937,5.471236992010745,7.982292465714636,3.705458613078008,5.1286480297221715
2025-10-30 11:30:58.961,5.471947757492671,7.982134517829763,3.7064852743296797,5.132991596556167
2025-10-30 11:30:59.986,5.47155288778049,7.982529387541945,3.7060904046174983,5.138282850699397
2025-10-30 11:31:01.011,5.472421601147289,7.982371439657072,3.7056165609628806,5.143337183015319
2025-10-30 11:31:02.034,5.472737496917034,7.98284528331169,3.706880144041861,5.150128942064839
2025-10-30 11:31:03.065,5.472579549032162,7.983003231196562,3.7061693785599346,5.15731557082654
2025-10-30 11:31:04.089,5.472974418744343,7.983398100908744,3.7093283362573857,5.161422215833227
2025-10-30 11:31:05.113,5.472895444801907,7.982371439657072,3.7061693785599346,5.167819105170565
2025-10-30 11:31:06.137,5.474001079996015,7.982687335426817,3.7066432222145522,5.173742150853286
2025-10-30 11:31:07.160,5.473922106053578,7.983161179081435,3.709170388372513,5.1776908479751
2025-10-30 11:31:08.183,5.474474923650632,7.9822134917722,3.706801170099425,5.183297997888076
2025-10-30 11:31:09.206,5.474711845477941,7.981739648117582,3.70711706586917,5.1889051478010515
2025-10-30 11:31:10.239,5.4745538975930685,7.982766309369254,3.705458613078008,5.194354349829155
2025-10-30 11:31:11.271,5.474869793362814,7.983556048793616,3.7067221961569885,5.200909187051366
2025-10-30 11:31:12.296,5.4751067151901225,7.981423752347837,3.7061693785599346,5.2050948060004885
2025-10-30 11:31:13.323,5.475185689132559,7.981660674175146,3.7072750137540424,5.21291322630168
2025-10-30 11:31:14.349,5.47558055884474,7.9822134917722,3.7089334665452043,5.216230131884004
2025-10-30 11:31:15.377,5.476054402499358,7.981581700232709,3.7059324567326257,5.222705995163778
2025-10-30 11:31:16.404,5.476765167981284,7.983556048793616,3.7060904046174983,5.227997249307009
2025-10-30 11:31:17.434,5.477554907405647,7.981818622060018,3.7059324567326257,5.23455208652922
2025-10-30 11:31:18.462,5.477239011635902,7.982687335426817,3.7058534827901894,5.238974627305652
2025-10-30 11:31:19.489,5.47771285529052,7.9824504135995085,3.705774508847753,5.244818699045936
2025-10-30 11:31:20.518,5.47771285529052,7.981423752347837,3.7070380919267336,5.252637119347128
2025-10-30 11:31:21.548,5.478265672887574,7.981107856578092,3.7067221961569885,5.255638129159706
2025-10-30 11:31:22.576,5.478502594714882,7.982529387541945,3.706564248272116,5.26361449734577
2025-10-30 11:31:23.607,5.47834464683001,7.982687335426817,3.7070380919267336,5.268273959949511
2025-10-30 11:31:24.635,5.478660542599755,7.981818622060018,3.706011430675062,5.274118031689795
2025-10-30 11:31:25.660,5.479292334139245,7.9822134917722,3.706011430675062,5.279093390063281
2025-10-30 11:31:26.690,5.479529255966554,7.981502726290273,3.706327326444807,5.2861220709401096
2025-10-30 11:31:27.716,5.4793713080816815,7.981265804462964,3.709170388372513,5.290860507486286
2025-10-30 11:31:28.741,5.47960822990899,7.981976569944891,3.7055375870204443,5.295993813744644
2025-10-30 11:31:29.773,5.4802400214484805,7.983003231196562,3.706801170099425,5.303812234045836
2025-10-30 11:31:30.803,5.480082073563608,7.981502726290273,3.7059324567326257,5.306734269915978
2025-10-30 11:31:31.834,5.4802400214484805,7.981818622060018,3.707196039811606,5.312183471944081
2025-10-30 11:31:32.864,5.481187708757716,7.982371439657072,3.706880144041861,5.320159840130145
2025-10-30 11:31:33.893,5.481582578469897,7.983398100908744,3.706011430675062,5.324977250618758
2025-10-30 11:31:34.922,5.48174052635477,7.98284528331169,3.706564248272116,5.3293208174527535
2025-10-30 11:31:35.954,5.482056422124515,7.981818622060018,3.708222701063278,5.335796680732528
2025-10-30 11:31:36.984,5.482293343951824,7.983003231196562,3.709091414430077,5.341324856703068
2025-10-30 11:31:38.020,5.482925135491314,7.981502726290273,3.7069591179842973,5.34701098055848
2025-10-30 11:31:39.052,5.482609239721569,7.983082205138999,3.7090124404876406,5.35167044316222
2025-10-30 11:31:40.083,5.483162057318623,7.982766309369254,3.7073539876964787,5.358620150096613
2025-10-30 11:31:41.114,5.483398979145932,7.981502726290273,3.7059324567326257,5.36588575280075
2025-10-30 11:31:42.144,5.483714874915677,7.980791960808347,3.7073539876964787,5.369992397807437
2025-10-30 11:31:43.171,5.484030770685422,7.9810288826356555,3.7058534827901894,5.375836469547721
2025-10-30 11:31:44.197,5.484425640397603,7.981976569944891,3.7059324567326257,5.38286515042455
2025-10-30 11:31:45.226,5.484820510109785,7.982371439657072,3.705695534905317,5.3867348736039276
2025-10-30 11:31:46.252,5.484741536167348,7.983003231196562,3.705695534905317,5.3929738150563935
2025-10-30 11:31:47.278,5.485215379821966,7.98284528331169,3.706880144041861,5.396764564293335
2025-10-30 11:31:48.303,5.4850574319370935,7.98284528331169,3.7058534827901894,5.402845557860928
2025-10-30 11:31:49.329,5.485373327706839,7.982292465714636,3.706801170099425,5.409795264795321
2025-10-30 11:31:50.356,5.485610249534147,7.982529387541945,3.7073539876964787,5.415086518938551
2025-10-30 11:31:51.382,5.486163067131201,7.9822134917722,3.7070380919267336,5.420614694909091
2025-10-30 11:31:52.408,5.486636910785819,7.983240153023871,3.7064852743296797,5.427248506073738
2025-10-30 11:31:53.433,5.486715884728255,7.981581700232709,3.7059324567326257,5.432065916562351
2025-10-30 11:31:54.461,5.486873832613128,7.982529387541945,3.7070380919267336,5.436646405223655
2025-10-30 11:31:55.489,5.486794858670692,7.982292465714636,3.7067221961569885,5.442253555136631
2025-10-30 11:31:56.516,5.487189728382873,7.98071298686591,3.7061693785599346,5.448176600819352
2025-10-30 11:31:57.541,5.4879004938647995,7.982529387541945,3.706564248272116,5.453388881020146
2025-10-30 11:31:58.568,5.487742545979927,7.982766309369254,3.7072750137540424,5.460022692184793
2025-10-30 11:31:59.597,5.487979467807236,7.98284528331169,3.705774508847753,5.464524206903661
2025-10-30 11:32:00.624,5.488374337519417,7.982608361484381,3.7060904046174983,5.4702893047015095
2025-10-30 11:32:01.651,5.488611259346726,7.981976569944891,3.709091414430077,5.476133376441794
2025-10-30 11:32:02.677,5.48916407694378,7.98284528331169,3.7058534827901894,5.483793848858113
2025-10-30 11:32:03.703,5.489400998771089,7.981660674175146,3.705695534905317,5.488927155116471
2025-10-30 11:32:04.736,5.489637920598398,7.983398100908744,3.706880144041861,5.49319174800803
2025-10-30 11:32:05.762,5.490032790310579,7.982055543887327,3.705774508847753,5.498483002151261
2025-10-30 11:32:06.787,5.490506633965197,7.981423752347837,3.705774508847753,5.5040901520642365
2025-10-30 11:32:07.812,5.490664581850069,7.983161179081435,3.7064063003872434,5.512224468135173
2025-10-30 11:32:08.838,5.491138425504687,7.981660674175146,3.707669883466224,5.515620347659933
2025-10-30 11:32:09.864,5.491059451562251,7.981581700232709,3.7079068052935327,5.521701341227526
2025-10-30 11:32:10.890,5.491217399447123,7.982292465714636,3.7087755186603317,5.527229517198066
2025-10-30 11:32:11.916,5.491533295216868,7.981502726290273,3.7055375870204443,5.533310510765659
2025-10-30 11:32:12.941,5.491691243101741,7.982608361484381,3.7069591179842973,5.537812025484527
2025-10-30 11:32:13.966,5.492480982526104,7.981976569944891,3.706011430675062,5.54326122751263
2025-10-30 11:32:14.992,5.492638930410976,7.9818975960024545,3.706880144041861,5.549816064734841
2025-10-30 11:32:16.021,5.4921650867563585,7.982529387541945,3.706801170099425,5.554870397050763
2025-10-30 11:32:17.046,5.492954826180721,7.981186830520528,3.7079068052935327,5.561030364560793
2025-10-30 11:32:18.072,5.49319174800803,7.982134517829763,3.7060904046174983,5.568532889092239
2025-10-30 11:32:19.099,5.4935866177202115,7.982687335426817,3.7058534827901894,5.571375951019945
2025-10-30 11:32:20.126,5.49382353954752,7.9818975960024545,3.7087755186603317,5.577693866414847
2025-10-30 11:32:21.149,5.494218409259702,7.982371439657072,3.7060904046174983,5.5828271726732055
2025-10-30 11:32:22.176,5.494534305029447,7.980555038981038,3.7070380919267336,5.590250723262216
2025-10-30 11:32:23.202,5.494613278971883,7.981344778405401,3.7064063003872434,5.593962498556721
2025-10-30 11:32:24.231,5.495245070511373,7.981423752347837,3.7089334665452043,5.599727596354569
2025-10-30 11:32:25.258,5.495639940223555,7.981581700232709,3.705774508847753,5.605255772325108
2025-10-30 11:32:26.286,5.495639940223555,7.981660674175146,3.7087755186603317,5.610626000410775
2025-10-30 11:32:27.309,5.495481992338682,7.982766309369254,3.7055375870204443,5.6160752024388785
2025-10-30 11:32:28.335,5.496192757820609,7.981344778405401,3.706011430675062,5.624920283991742
2025-10-30 11:32:29.361,5.496034809935736,7.983556048793616,3.705695534905317,5.628395137458938
2025-10-30 11:32:30.387,5.496903523302535,7.982134517829763,3.7058534827901894,5.635186896508458
2025-10-30 11:32:31.413,5.4969824972449715,7.981581700232709,3.706880144041861,5.639925333054634
2025-10-30 11:32:32.439,5.4969824972449715,7.981581700232709,3.706801170099425,5.644979665370556
2025-10-30 11:32:33.465,5.49658762753279,7.983082205138999,3.7064852743296797,5.651139632880586
2025-10-30 11:32:34.490,5.497614288784462,7.982055543887327,3.706564248272116,5.656193965196508
2025-10-30 11:32:35.517,5.497377366957153,7.983082205138999,3.7081437271208415,5.661801115109483
2025-10-30 11:32:36.543,5.498009158496643,7.982924257254126,3.706564248272116,5.669066717813621
2025-10-30 11:32:37.568,5.498167106381516,7.982529387541945,3.7056165609628806,5.674278998014415
2025-10-30 11:32:38.594,5.49871992397857,7.981739648117582,3.706011430675062,5.679412304272773
2025-10-30 11:32:39.621,5.499193767633187,7.980949908693219,3.705379639135572,5.684545610531131
2025-10-30 11:32:40.647,5.499114793690751,7.982371439657072,3.705774508847753,5.691021473810906
2025-10-30 11:32:41.673,5.49935171551806,7.982134517829763,3.7069591179842973,5.696944519493627
2025-10-30 11:32:42.700,5.499746585230241,7.9818975960024545,3.709091414430077,5.7010511645003135
2025-10-30 11:32:43.727,5.500220428884859,7.9822134917722,3.70711706586917,5.709501376340995
2025-10-30 11:32:44.757,5.500141454942423,7.982134517829763,3.7056165609628806,5.712976229808191
2025-10-30 11:32:45.787,5.500378376769731,7.982371439657072,3.705774508847753,5.719136197318221
2025-10-30 11:32:46.818,5.500536324654604,7.982055543887327,3.706564248272116,5.723558738094653
2025-10-30 11:32:47.849,5.500852220424349,7.982766309369254,3.7060904046174983,5.730666392913918
2025-10-30 11:32:48.879,5.5012470901365305,7.983240153023871,3.7053006651931355,5.73485201186304
2025-10-30 11:32:49.906,5.501720933791148,7.982766309369254,3.705774508847753,5.741801718797433
2025-10-30 11:32:50.931,5.502431699273075,7.982292465714636,3.705695534905317,5.746619129286046
2025-10-30 11:32:51.961,5.502036829560893,7.981581700232709,3.7069591179842973,5.752384227083894
2025-10-30 11:32:52.990,5.502589647157947,7.981739648117582,3.7086965447178954,5.758149324881742
2025-10-30 11:32:54.013,5.5026686211003835,7.9833191269663075,3.7064063003872434,5.76604671912537
2025-10-30 11:32:55.039,5.503221438697437,7.9824504135995085,3.7061693785599346,5.769205676822821
2025-10-30 11:32:56.069,5.502826568985256,7.98284528331169,3.7089334665452043,5.774891800678233
2025-10-30 11:32:57.101,5.50337938658231,7.982055543887327,3.706880144041861,5.780419976648773
2025-10-30 11:32:58.126,5.503695282352055,7.982529387541945,3.708854492602768,5.786974813870984
2025-10-30 11:32:59.150,5.503695282352055,7.982055543887327,3.707196039811606,5.792424015899087
2025-10-30 11:33:00.178,5.504327073891545,7.981423752347837,3.7064852743296797,5.796925530617955
2025-10-30 11:33:01.207,5.504169126006673,7.981581700232709,3.705774508847753,5.802690628415803
2025-10-30 11:33:02.233,5.504485021776418,7.982687335426817,3.706248352502371,5.808850595925833
2025-10-30 11:33:03.264,5.505432709085653,7.981502726290273,3.7069591179842973,5.814694667666117
2025-10-30 11:33:04.294,5.505748604855398,7.982529387541945,3.7067221961569885,5.820459765463966
2025-10-30 11:33:05.324,5.505748604855398,7.9824504135995085,3.7080647531784052,5.826224863261814
2025-10-30 11:33:06.355,5.505590656970526,7.9824504135995085,3.706248352502371,5.8315161174050445
2025-10-30 11:33:07.386,5.506538344279761,7.981818622060018,3.708854492602768,5.83649147577853
2025-10-30 11:33:08.415,5.506696292164634,7.982687335426817,3.706801170099425,5.843125286943177
2025-10-30 11:33:09.448,5.506459370337325,7.981739648117582,3.7072750137540424,5.848179619259099
2025-10-30 11:33:10.487,5.50677526610707,7.9822134917722,3.706564248272116,5.853786769172075
2025-10-30 11:33:11.510,5.507091161876815,7.982687335426817,3.706564248272116,5.86089442399134
2025-10-30 11:33:12.540,5.507012187934379,7.981660674175146,3.706011430675062,5.8656328605375165
2025-10-30 11:33:13.562,5.507565005531433,7.981660674175146,3.707196039811606,5.871397958335365
2025-10-30 11:33:14.593,5.507565005531433,7.983082205138999,3.7061693785599346,5.876452290651287
2025-10-30 11:33:15.620,5.507959875243614,7.983003231196562,3.70711706586917,5.882849179988625
2025-10-30 11:33:16.646,5.508591666783104,7.98284528331169,3.705458613078008,5.888535303844037
2025-10-30 11:33:17.677,5.508907562552849,7.981660674175146,3.7067221961569885,5.893905531929704
2025-10-30 11:33:18.705,5.508828588610413,7.981660674175146,3.706327326444807,5.899986525497297
2025-10-30 11:33:19.731,5.5092234583225945,7.9822134917722,3.7090124404876406,5.905277779640528
2025-10-30 11:33:20.762,5.509302432265031,7.982371439657072,3.7084596228905866,5.910490059841322
2025-10-30 11:33:21.792,5.509302432265031,7.983240153023871,3.705379639135572,5.917202844948406
2025-10-30 11:33:22.822,5.50953935409234,7.982134517829763,3.7089334665452043,5.92454742159498
2025-10-30 11:33:23.853,5.510092171689394,7.982924257254126,3.7056165609628806,5.930312519392828
2025-10-30 11:33:24.880,5.510566015344011,7.981976569944891,3.708301675005714,5.9341032686297694
2025-10-30 11:33:25.909,5.510408067459139,7.9824504135995085,3.708222701063278,5.940105288254927
2025-10-30 11:33:26.935,5.510566015344011,7.9822134917722,3.706564248272116,5.945317568455721
2025-10-30 11:33:27.966,5.5111978068835015,7.982292465714636,3.7064852743296797,5.951319588080878
2025-10-30 11:33:28.994,5.511750624480555,7.982766309369254,3.7069591179842973,5.956136998569491
2025-10-30 11:33:30.020,5.511355754768374,7.982608361484381,3.7066432222145522,5.962612861849266
2025-10-30 11:33:31.047,5.5120665202503005,7.981423752347837,3.706327326444807,5.9682200117622415
2025-10-30 11:33:32.075,5.5120665202503005,7.982529387541945,3.7061693785599346,5.972879474365982
2025-10-30 11:33:33.108,5.512382416020046,7.9822134917722,3.7072750137540424,5.979197389760884
2025-10-30 11:33:34.140,5.5126193378473545,7.982687335426817,3.7069591179842973,5.985199409386041
2025-10-30 11:33:35.169,5.512540363904918,7.981739648117582,3.705774508847753,5.991912194493125
2025-10-30 11:33:36.196,5.5134880512141535,7.982608361484381,3.7083806489481503,5.995860891614939
2025-10-30 11:33:37.224,5.513251129386845,7.981739648117582,3.7064852743296797,6.0014680415279145
2025-10-30 11:33:38.252,5.513803946983899,7.981344778405401,3.7067221961569885,6.009602357598851
2025-10-30 11:33:39.279,5.513961894868771,7.981818622060018,3.7072750137540424,6.013630028663101
2025-10-30 11:33:40.308,5.514119842753644,7.982766309369254,3.7055375870204443,6.018763334921459
2025-10-30 11:33:41.338,5.51419881669608,7.981739648117582,3.705774508847753,6.026028937625597
2025-10-30 11:33:42.363,5.514514712465825,7.981344778405401,3.708854492602768,6.029977634747411
2025-10-30 11:33:43.396,5.514672660350698,7.981739648117582,3.708617570775459,6.037954002933475
2025-10-30 11:33:44.427,5.515067530062879,7.981976569944891,3.706564248272116,6.041744752170416
2025-10-30 11:33:45.457,5.515225477947752,7.982529387541945,3.7060904046174983,6.047983693622882
2025-10-30 11:33:46.486,5.515541373717497,7.981265804462964,3.7053006651931355,6.054143661132912
2025-10-30 11:33:47.515,5.515857269487242,7.982924257254126,3.7056165609628806,6.058803123736652
2025-10-30 11:33:48.540,5.5163311131418595,7.982371439657072,3.7066432222145522,6.064094377879883
2025-10-30 11:33:49.567,5.516568034969168,7.983240153023871,3.7052216912506992,6.071912798181074
2025-10-30 11:33:50.594,5.517278800451095,7.983398100908744,3.705142717308263,6.076967130496996
2025-10-30 11:33:51.620,5.517278800451095,7.982687335426817,3.706248352502371,6.081310697330991
2025-10-30 11:33:52.648,5.517357774393531,7.982371439657072,3.7053006651931355,6.086917847243967
2025-10-30 11:33:53.676,5.518147513817894,7.982529387541945,3.7064852743296797,6.093946528120796
2025-10-30 11:33:54.704,5.517673670163276,7.983082205138999,3.7052216912506992,6.099000860436718
2025-10-30 11:33:55.729,5.517910591990585,7.982292465714636,3.7064852743296797,6.1057926194862375
2025-10-30 11:33:56.760,5.517910591990585,7.981739648117582,3.7052216912506992,6.109899264492924
2025-10-30 11:33:57.790,5.518147513817894,7.982924257254126,3.705695534905317,6.115348466521027
2025-10-30 11:33:58.818,5.518700331414948,7.9818975960024545,3.7060904046174983,6.120955616434003
2025-10-30 11:33:59.845,5.51885827929982,7.981265804462964,3.706327326444807,6.1271155839440326
2025-10-30 11:34:00.872,5.519411096896874,7.982766309369254,3.708301675005714,6.131854020490209
2025-10-30 11:34:01.898,5.519648018724183,7.982292465714636,3.706801170099425,6.138329883769984
2025-10-30 11:34:02.928,5.520121862378801,7.981265804462964,3.7067221961569885,6.143700111855651
2025-10-30 11:34:03.958,5.520516732090982,7.9833191269663075,3.705458613078008,6.149702131480808
2025-10-30 11:34:04.984,5.520042888436365,7.9824504135995085,3.706327326444807,6.155625177163529
2025-10-30 11:34:06.011,5.520200836321237,7.982687335426817,3.7086965447178954,6.161390274961377
2025-10-30 11:34:07.040,5.5209905757456,7.9824504135995085,3.707669883466224,6.166128711507554
2025-10-30 11:34:08.070,5.521227497572909,7.981976569944891,3.7064852743296797,6.171893809305402
2025-10-30 11:34:09.100,5.521306471515345,7.981502726290273,3.7058534827901894,6.177500959218378
2025-10-30 11:34:10.126,5.521385445457781,7.983161179081435,3.7061693785599346,6.18445066615277
2025-10-30 11:34:11.149,5.521859289112399,7.9818975960024545,3.70711706586917,6.189741920296001
2025-10-30 11:34:12.172,5.522728002479198,7.9824504135995085,3.706327326444807,6.195507018093849
2025-10-30 11:34:13.195,5.522175184882144,7.982687335426817,3.7050637433658267,6.2021408292584965
2025-10-30 11:34:14.218,5.52225415882458,7.98284528331169,3.7052216912506992,6.205931578495438
2025-10-30 11:34:15.241,5.523280820076252,7.9824504135995085,3.706011430675062,6.211538728408414
2025-10-30 11:34:16.265,5.523359794018688,7.982766309369254,3.705458613078008,6.219909966306659
2025-10-30 11:34:17.289,5.522964924306507,7.982529387541945,3.7066432222145522,6.223305845831419
2025-10-30 11:34:18.312,5.523201846133816,7.981739648117582,3.7084596228905866,6.229465813341449
2025-10-30 11:34:19.335,5.523912611615742,7.982924257254126,3.708538596833023,6.234915015369552
2025-10-30 11:34:20.358,5.5239915855581785,7.981660674175146,3.7064063003872434,6.241153956822018
2025-10-30 11:34:21.383,5.523912611615742,7.982687335426817,3.7053006651931355,6.2473139243320475
2025-10-30 11:34:22.407,5.524544403155232,7.981976569944891,3.70711706586917,6.251420569338734
2025-10-30 11:34:23.433,5.52501824680985,7.982055543887327,3.705695534905317,6.257896432618509
2025-10-30 11:34:24.456,5.5248602989249775,7.981502726290273,3.705695534905317,6.2623979473373765
2025-10-30 11:34:25.479,5.525255168637159,7.982529387541945,3.706327326444807,6.271085081005367
2025-10-30 11:34:26.502,5.525571064406904,7.981818622060018,3.706011430675062,6.274954804184745
2025-10-30 11:34:27.525,5.525965934119085,7.982529387541945,3.7060904046174983,6.280719901982593
2025-10-30 11:34:28.548,5.526123882003958,7.982055543887327,3.705774508847753,6.2876696089169855
2025-10-30 11:34:29.572,5.5268346474858845,7.98410886639067,3.7083806489481503,6.29288188911778
2025-10-30 11:34:30.598,5.5268346474858845,7.981739648117582,3.7066432222145522,6.2970675080669025
2025-10-30 11:34:31.621,5.526992595370757,7.9824504135995085,3.704905795480954,6.302911579807187
2025-10-30 11:34:32.646,5.527229517198066,7.9833191269663075,3.704905795480954,6.308597703662599
2025-10-30 11:34:33.677,5.527229517198066,7.9822134917722,3.7061693785599346,6.313652035978521
2025-10-30 11:34:34.703,5.527308491140502,7.9824504135995085,3.7052216912506992,6.320522768970477
2025-10-30 11:34:35.731,5.527940282679992,7.981265804462964,3.7059324567326257,6.325261205516654
2025-10-30 11:34:36.762,5.52778233479512,7.9818975960024545,3.7060904046174983,6.3331585997602815
2025-10-30 11:34:37.787,5.528651048161919,7.982766309369254,3.7058534827901894,6.336633453227478
2025-10-30 11:34:38.813,5.528808996046791,7.9822134917722,3.7049847694233904,6.3445308474711055
2025-10-30 11:34:39.839,5.5291248918165365,7.981186830520528,3.7046688736536453,6.348637492477792
2025-10-30 11:34:40.867,5.529282839701409,7.982371439657072,3.705774508847753,6.3536128508512775
2025-10-30 11:34:41.893,5.5291248918165365,7.982134517829763,3.7046688736536453,6.36182614086465
2025-10-30 11:34:42.925,5.529756683356027,7.981344778405401,3.705379639135572,6.365458942216719
2025-10-30 11:34:43.954,5.529440787586282,7.981818622060018,3.7047478475960816,6.370513274532641
2025-10-30 11:34:44.982,5.530072579125772,7.9833191269663075,3.705695534905317,6.378884512430886
2025-10-30 11:34:46.010,5.530704370665262,7.982687335426817,3.705774508847753,6.382280391955646
2025-10-30 11:34:47.042,5.530388474895517,7.9822134917722,3.7058534827901894,6.388203437638367
2025-10-30 11:34:48.066,5.530862318550135,7.981660674175146,3.705774508847753,6.394126483321088
2025-10-30 11:34:49.097,5.5310992403774435,7.981976569944891,3.7045109257687727,6.3998126071765
2025-10-30 11:34:50.123,5.532046927686679,7.981739648117582,3.7050637433658267,6.405182835262167
2025-10-30 11:34:51.150,5.5319679537442425,7.982687335426817,3.7049847694233904,6.411974594311687
2025-10-30 11:34:52.180,5.532125901629115,7.980870934750783,3.7044319518263364,6.416239187203246
2025-10-30 11:34:53.206,5.532362823456424,7.981502726290273,3.7058534827901894,6.422715050483021
2025-10-30 11:34:54.238,5.532125901629115,7.982924257254126,3.704826821538518,6.4295068095325405
2025-10-30 11:34:55.267,5.532915641053478,7.981739648117582,3.705774508847753,6.434482167906026
2025-10-30 11:34:56.296,5.533310510765659,7.982371439657072,3.7047478475960816,6.439852395991693
2025-10-30 11:34:57.322,5.533231536823223,7.982687335426817,3.7083806489481503,6.445459545904669
2025-10-30 11:34:58.350,5.533310510765659,7.9818975960024545,3.7070380919267336,6.451145669760081
2025-10-30 11:34:59.378,5.533547432592968,7.982608361484381,3.704589899711209,6.456357949960875
2025-10-30 11:35:00.405,5.533626406535404,7.9818975960024545,3.705695534905317,6.463781500549885
2025-10-30 11:35:01.434,5.533626406535404,7.9822134917722,3.704826821538518,6.467730197671699
2025-10-30 11:35:02.464,5.534653067787076,7.983082205138999,3.7053006651931355,6.4727055560451845
2025-10-30 11:35:03.490,5.53520588538413,7.981186830520528,3.7049847694233904,6.479260393267396
2025-10-30 11:35:04.517,5.535284859326566,7.98284528331169,3.707669883466224,6.48573625654717
2025-10-30 11:35:05.544,5.535442807211439,7.983240153023871,3.7066432222145522,6.490948536747965
2025-10-30 11:35:06.573,5.535521781153875,7.980634012923474,3.7046688736536453,6.496318764833632
2025-10-30 11:35:07.599,5.53583767692362,7.982608361484381,3.705379639135572,6.503742315422642
2025-10-30 11:35:08.626,5.535758702981184,7.9818975960024545,3.704274003941464,6.507296142832274
2025-10-30 11:35:09.652,5.536706390290419,7.982529387541945,3.705774508847753,6.514403797651539
2025-10-30 11:35:10.682,5.5367853642328555,7.981660674175146,3.705774508847753,6.519931973622079
2025-10-30 11:35:11.710,5.5367853642328555,7.9833191269663075,3.70711706586917,6.5253022017077456
2025-10-30 11:35:12.737,5.537022286060164,7.981976569944891,3.7043529778839,6.530356534023667
2025-10-30 11:35:13.763,5.537417155772346,7.98284528331169,3.7043529778839,6.535963683936643
2025-10-30 11:35:14.790,5.537496129714782,7.982134517829763,3.7075909095237876,6.541018016252565
2025-10-30 11:35:15.815,5.537733051542091,7.9818975960024545,3.7053006651931355,6.546783114050413
2025-10-30 11:35:16.840,5.538285869139145,7.983082205138999,3.7047478475960816,6.552469237905825
2025-10-30 11:35:17.866,5.538048947311836,7.9824504135995085,3.7059324567326257,6.55831330964611
2025-10-30 11:35:18.892,5.538364843081581,7.981660674175146,3.7043529778839,6.563683537731777
2025-10-30 11:35:19.919,5.53860176490889,7.981423752347837,3.7044319518263364,6.569685557356934
2025-10-30 11:35:20.946,5.539075608563508,7.9818975960024545,3.704826821538518,6.576003472751836
2025-10-30 11:35:21.973,5.539470478275689,7.983240153023871,3.7056165609628806,6.581610622664812
2025-10-30 11:35:23.001,5.53923355644838,7.982687335426817,3.7046688736536453,6.588797251426513
2025-10-30 11:35:24.027,5.540023295872743,7.9824504135995085,3.705142717308263,6.592430052778582
2025-10-30 11:35:25.054,5.539707400102998,7.98284528331169,3.706564248272116,6.597879254806685
2025-10-30 11:35:26.079,5.540734061354669,7.9822134917722,3.7080647531784052,6.605302805395695
2025-10-30 11:35:27.104,5.540102269815179,7.9804760650386015,3.70774885740866,6.610594059538926
2025-10-30 11:35:28.133,5.540497139527361,7.982292465714636,3.704589899711209,6.615016600315357
2025-10-30 11:35:29.162,5.541286878951723,7.982134517829763,3.7055375870204443,6.621255541767823
2025-10-30 11:35:30.188,5.541207905009287,7.981107856578092,3.7056165609628806,6.626546795911054
2025-10-30 11:35:31.214,5.541523800779032,7.981976569944891,3.7043529778839,6.633022659190829
2025-10-30 11:35:32.243,5.541918670491214,7.982529387541945,3.7041160560565913,6.637682121794569
2025-10-30 11:35:33.270,5.54199764443365,7.981818622060018,3.7052216912506992,6.644631828728961
2025-10-30 11:35:34.296,5.541839696548777,7.981976569944891,3.70711706586917,6.650949744123864
2025-10-30 11:35:35.323,5.542392514145831,7.983161179081435,3.704274003941464,6.655372284900295
2025-10-30 11:35:36.352,5.542787383858013,7.98284528331169,3.7050637433658267,6.6611373826981435
2025-10-30 11:35:37.377,5.542866357800449,7.982134517829763,3.705774508847753,6.668481959344717
2025-10-30 11:35:38.408,5.543735071167248,7.982924257254126,3.704274003941464,6.6719568128119136
2025-10-30 11:35:39.433,5.543577123282375,7.9838719445633615,3.7041950299990276,6.678432676091688
2025-10-30 11:35:40.458,5.543498149339939,7.98284528331169,3.7058534827901894,6.684908539371463
2025-10-30 11:35:41.487,5.544129940879429,7.982608361484381,3.7072750137540424,6.689173132263022
2025-10-30 11:35:42.516,5.544129940879429,7.982529387541945,3.7038791342292825,6.695333099773052
2025-10-30 11:35:43.545,5.544603784534047,7.982292465714636,3.705458613078008,6.70323049401668
2025-10-30 11:35:44.574,5.544919680303792,7.981265804462964,3.704274003941464,6.708442774217474
2025-10-30 11:35:45.606,5.54476173241892,7.980318117153729,3.704037082114155,6.712391471339288
2025-10-30 11:35:46.634,5.545472497900846,7.982292465714636,3.7049847694233904,6.717840673367391
2025-10-30 11:35:47.660,5.545156602131101,7.9833191269663075,3.70774885740866,6.724553458474475
2025-10-30 11:35:48.697,5.545709419728155,7.9833191269663075,3.706564248272116,6.72889702530847
2025-10-30 11:35:49.723,5.5458673676130275,7.981502726290273,3.705379639135572,6.735214940703372
2025-10-30 11:35:50.749,5.545788393670591,7.98071298686591,3.7053006651931355,6.741611830040711
2025-10-30 11:35:51.775,5.54665710703739,7.982529387541945,3.7041160560565913,6.746192318702015
2025-10-30 11:35:52.801,5.5467360809798265,7.982134517829763,3.7039581081717188,6.751878442557427
2025-10-30 11:35:53.825,5.546815054922263,7.980870934750783,3.7052216912506992,6.757248670643094
2025-10-30 11:35:54.848,5.546894028864699,7.981976569944891,3.7039581081717188,6.764277351519922
2025-10-30 11:35:55.876,5.547367872519317,7.981344778405401,3.704826821538518,6.7688578401812265
2025-10-30 11:35:56.899,5.547367872519317,7.981186830520528,3.705379639135572,6.774622937979075
2025-10-30 11:35:57.927,5.547525820404189,7.9833191269663075,3.70711706586917,6.781335723086158
2025-10-30 11:35:58.954,5.548552481655861,7.9833191269663075,3.7064063003872434,6.786942872999134
2025-10-30 11:35:59.982,5.548394533770988,7.980949908693219,3.7055375870204443,6.7921551531999285
2025-10-30 11:36:01.012,5.548473507713425,7.982134517829763,3.705142717308263,6.798078198882649
2025-10-30 11:36:02.039,5.548473507713425,7.982371439657072,3.7075909095237876,6.804159192450243
2025-10-30 11:36:03.068,5.549026325310479,7.982292465714636,3.7056165609628806,6.809134550823728
2025-10-30 11:36:04.095,5.548947351368042,7.982134517829763,3.7039581081717188,6.817110919009792
2025-10-30 11:36:05.119,5.549500168965096,7.9818975960024545,3.703800160286846,6.82098064218917
2025-10-30 11:36:06.147,5.549658116849969,7.9818975960024545,3.704905795480954,6.827061635756763
2025-10-30 11:36:07.173,5.55005298656215,7.982055543887327,3.7036422124019737,6.830931358936141
2025-10-30 11:36:08.198,5.549974012619714,7.983003231196562,3.703484264517101,6.838670805294896
2025-10-30 11:36:09.225,5.550368882331895,7.9822134917722,3.7038791342292825,6.8438830854956905
2025-10-30 11:36:10.253,5.5501319605045865,7.983003231196562,3.7047478475960816,6.848463574156995
2025-10-30 11:36:11.280,5.550210934447023,7.982055543887327,3.7060904046174983,6.854939437436769
2025-10-30 11:36:12.308,5.5510006738713855,7.981976569944891,3.7072750137540424,6.860467613407309
2025-10-30 11:36:13.336,5.551237595698694,7.982371439657072,3.704037082114155,6.866785528802211
2025-10-30 11:36:14.363,5.551395543583567,7.981976569944891,3.7052216912506992,6.872076782945442
2025-10-30 11:36:15.389,5.552264256950366,7.981581700232709,3.706801170099425,6.877525984973545
2025-10-30 11:36:16.416,5.551869387238185,7.9833191269663075,3.704905795480954,6.882343395462158
2025-10-30 11:36:17.442,5.552501178777675,7.9824504135995085,3.704589899711209,6.888424389029751
2025-10-30 11:36:18.469,5.552264256950366,7.981818622060018,3.7047478475960816,6.893794617115418
2025-10-30 11:36:19.496,5.552659126662547,7.981818622060018,3.70711706586917,6.90011253251032
2025-10-30 11:36:20.523,5.553132970317165,7.982687335426817,3.7067221961569885,6.90753608309933
2025-10-30 11:36:21.546,5.553606813971783,7.982687335426817,3.7072750137540424,6.911010936566527
2025-10-30 11:36:22.576,5.553053996374729,7.9824504135995085,3.7043529778839,6.9183555132131005
2025-10-30 11:36:23.602,5.553606813971783,7.981660674175146,3.7072750137540424,6.92325189764415
2025-10-30 11:36:24.629,5.553527840029346,7.982529387541945,3.7043529778839,6.9288590475571255
2025-10-30 11:36:25.656,5.554475527338582,7.981739648117582,3.70372118634441,6.9339923538154835
2025-10-30 11:36:26.684,5.554633475223454,7.982529387541945,3.7039581081717188,6.940073347383077
2025-10-30 11:36:27.711,5.554633475223454,7.981344778405401,3.7061693785599346,6.9453646015263075
2025-10-30 11:36:28.737,5.554554501281018,7.9818975960024545,3.703484264517101,6.951998412690955
2025-10-30 11:36:29.766,5.555186292820508,7.983161179081435,3.7072750137540424,6.959264015395092
2025-10-30 11:36:30.796,5.555028344935636,7.982371439657072,3.7050637433658267,6.962659894919852
2025-10-30 11:36:31.827,5.555502188590253,7.982924257254126,3.7046688736536453,6.968267044832828
2025-10-30 11:36:32.854,5.5558180843599985,7.9824504135995085,3.703800160286846,6.973874194745804
2025-10-30 11:36:33.881,5.555739110417562,7.981107856578092,3.7050637433658267,6.979560318601216
2025-10-30 11:36:34.911,5.556291928014616,7.982371439657072,3.704589899711209,6.987931556499461
2025-10-30 11:36:35.942,5.556528849841925,7.9822134917722,3.7044319518263364,6.994012550067055
2025-10-30 11:36:36.972,5.55684474561167,7.9824504135995085,3.7039581081717188,6.996776638052324
2025-10-30 11:36:37.996,5.556923719554106,7.982134517829763,3.7072750137540424,7.003173527389663
2025-10-30 11:36:39.024,5.557081667438979,7.981818622060018,3.703484264517101,7.007832989993403
2025-10-30 11:36:40.051,5.55747653715116,7.981502726290273,3.7046688736536453,7.013756035676124
2025-10-30 11:36:41.077,5.557950380805778,7.981976569944891,3.704826821538518,7.020231898955899
2025-10-30 11:36:42.104,5.557871406863342,7.982292465714636,3.7036422124019737,7.025444179156693
2025-10-30 11:36:43.134,5.558187302633087,7.981976569944891,3.7058534827901894,7.0317620945515955
2025-10-30 11:36:44.165,5.558819094172577,7.9824504135995085,3.7038791342292825,7.038632827543552
2025-10-30 11:36:45.194,5.558819094172577,7.98284528331169,3.7039581081717188,7.043055368319983
2025-10-30 11:36:46.223,5.558898068115013,7.9810288826356555,3.703405290574665,7.048109700635905
2025-10-30 11:36:47.251,5.55897704205745,7.982766309369254,3.7035632384595374,7.054822485742989
2025-10-30 11:36:48.276,5.5595298596545035,7.982766309369254,3.7049847694233904,7.059797844116474
2025-10-30 11:36:49.304,5.559766781481812,7.9818975960024545,3.7044319518263364,7.066826524993303
2025-10-30 11:36:50.329,5.55960883359694,7.983082205138999,3.7044319518263364,7.070380352402935
2025-10-30 11:36:51.354,5.560161651193994,7.981739648117582,3.704037082114155,7.077724929049509
2025-10-30 11:36:52.381,5.56024062513643,7.982687335426817,3.70711706586917,7.0820684958835045
2025-10-30 11:36:53.406,5.560793442733484,7.982687335426817,3.7070380919267336,7.088228463393534
2025-10-30 11:36:54.429,5.560793442733484,7.9818975960024545,3.704274003941464,7.09320382176702
2025-10-30 11:36:55.457,5.561030364560793,7.981107856578092,3.7039581081717188,7.1005483984135935
2025-10-30 11:36:56.484,5.561109338503229,7.982687335426817,3.704826821538518,7.106945287750932
2025-10-30 11:36:57.510,5.561188312445665,7.982687335426817,3.704589899711209,7.112315515836599
2025-10-30 11:36:58.537,5.561978051870028,7.9833191269663075,3.704589899711209,7.11887035305881
2025-10-30 11:36:59.563,5.562135999754901,7.98284528331169,3.704905795480954,7.122582128353315
2025-10-30 11:37:00.591,5.562057025812464,7.981976569944891,3.704905795480954,7.129215939517962
2025-10-30 11:37:01.621,5.562688817351955,7.981344778405401,3.7035632384595374,7.133954376064139
2025-10-30 11:37:02.647,5.563241634949009,7.9824504135995085,3.7043529778839,7.139324604149806
2025-10-30 11:37:03.673,5.5629257391792635,7.981818622060018,3.7039581081717188,7.145563545602272
2025-10-30 11:37:04.700,5.5629257391792635,7.9824504135995085,3.7035632384595374,7.153224018018591
2025-10-30 11:37:05.726,5.56363650466119,7.982134517829763,3.703405290574665,7.156698871485787
2025-10-30 11:37:06.754,5.563952400430935,7.982134517829763,3.703405290574665,7.162937812938253
2025-10-30 11:37:07.782,5.56363650466119,7.981581700232709,3.703484264517101,7.170361363527263
2025-10-30 11:37:08.809,5.563952400430935,7.9818975960024545,3.704274003941464,7.173599295167151
2025-10-30 11:37:09.837,5.564979061682607,7.982687335426817,3.7046688736536453,7.179996184504489
2025-10-30 11:37:10.865,5.564663165912862,7.982529387541945,3.7043529778839,7.184339751338484
2025-10-30 11:37:11.892,5.5643472701431165,7.982687335426817,3.7044319518263364,7.191289458272877
2025-10-30 11:37:12.918,5.5652159835099155,7.9824504135995085,3.70372118634441,7.19737045184047
2025-10-30 11:37:13.944,5.565373931394788,7.982371439657072,3.7066432222145522,7.201477096847157
2025-10-30 11:37:14.969,5.565689827164533,7.983792970620925,3.70372118634441,7.207321168587441
2025-10-30 11:37:15.992,5.566005722934278,7.9824504135995085,3.7045109257687727,7.2139549797520885
2025-10-30 11:37:17.020,5.5657688011069695,7.980555038981038,3.7060904046174983,7.2196411036075006
2025-10-30 11:37:18.045,5.566716488416205,7.981186830520528,3.7032473426897923,7.224695435923422
2025-10-30 11:37:19.071,5.566874436301077,7.981818622060018,3.7045109257687727,7.230302585836398
2025-10-30 11:37:20.097,5.566874436301077,7.982529387541945,3.7036422124019737,7.237015370943482
2025-10-30 11:37:21.124,5.56703238418595,7.981660674175146,3.7038791342292825,7.241753807489658
2025-10-30 11:37:22.151,5.567269306013259,7.982134517829763,3.703168368747356,7.2500460714454675
2025-10-30 11:37:23.177,5.567585201783004,7.982529387541945,3.7043529778839,7.2562850128979335
2025-10-30 11:37:24.203,5.56766417572544,7.981976569944891,3.703405290574665,7.261260371271419
2025-10-30 11:37:25.228,5.567585201783004,7.980870934750783,3.7036422124019737,7.266472651472213
2025-10-30 11:37:26.254,5.568216993322494,7.981107856578092,3.706248352502371,7.272079801385189
2025-10-30 11:37:27.281,5.568532889092239,7.982292465714636,3.7045109257687727,7.277529003413292
2025-10-30 11:37:28.308,5.568374941207367,7.982371439657072,3.7032473426897923,7.284636658232557
2025-10-30 11:37:29.338,5.568848784861984,7.982055543887327,3.7035632384595374,7.28819048564219
2025-10-30 11:37:30.365,5.569243654574166,7.981818622060018,3.7039581081717188,7.294587374979528
2025-10-30 11:37:31.392,5.569717498228783,7.983003231196562,3.703168368747356,7.2994837594105775
2025-10-30 11:37:32.417,5.5700333939985285,7.982371439657072,3.703484264517101,7.305959622690352
2025-10-30 11:37:33.444,5.570270315825837,7.982292465714636,3.7036422124019737,7.312593433855
2025-10-30 11:37:34.467,5.569717498228783,7.9818975960024545,3.7045109257687727,7.317015974631431
2025-10-30 11:37:35.490,5.570270315825837,7.983003231196562,3.7041160560565913,7.321991333004917
2025-10-30 11:37:36.513,5.570665185538019,7.981581700232709,3.705774508847753,7.327598482917892
2025-10-30 11:37:37.536,5.571533898904818,7.983161179081435,3.7044319518263364,7.334548189852285
2025-10-30 11:37:38.560,5.571533898904818,7.982529387541945,3.7030893948049197,7.340866105247187
2025-10-30 11:37:39.584,5.5709021073653275,7.981107856578092,3.7027734990351746,7.345920437563109
2025-10-30 11:37:40.609,5.571612872847254,7.982529387541945,3.7027734990351746,7.350185030454668
2025-10-30 11:37:41.634,5.571296977077509,7.981344778405401,3.7041160560565913,7.35713473738906
2025-10-30 11:37:42.658,5.572086716501872,7.980949908693219,3.7039581081717188,7.363057783071781
2025-10-30 11:37:43.681,5.572402612271617,7.982608361484381,3.705142717308263,7.367796219617958
2025-10-30 11:37:44.704,5.572165690444308,7.9822134917722,3.7061693785599346,7.374587978667478
2025-10-30 11:37:45.728,5.572639534098926,7.981502726290273,3.7061693785599346,7.378852571559037
2025-10-30 11:37:46.751,5.5728764559262345,7.983240153023871,3.70372118634441,7.384143825702267
2025-10-30 11:37:47.776,5.573034403811107,7.9818975960024545,3.7027734990351746,7.390935584751787
2025-10-30 11:37:48.800,5.573666195350597,7.983003231196562,3.704274003941464,7.39638478677989
2025-10-30 11:37:49.824,5.572718508041362,7.9818975960024545,3.702931446920047,7.401597066980685
2025-10-30 11:37:50.846,5.573429273523288,7.983240153023871,3.7041160560565913,7.407678060548278
2025-10-30 11:37:51.869,5.573587221408161,7.9833191269663075,3.7026945250927383,7.4123375231520185
2025-10-30 11:37:52.893,5.573982091120342,7.982924257254126,3.7030893948049197,7.4191292822015384
2025-10-30 11:37:53.916,5.574140039005215,7.982055543887327,3.7030893948049197,7.425368223654004
2025-10-30 11:37:54.941,5.57508772631445,7.981502726290273,3.7036422124019737,7.429869738372872
2025-10-30 11:37:55.967,5.574692856602269,7.981502726290273,3.704274003941464,7.435950731940466
2025-10-30 11:37:57.000,5.574929778429578,7.982687335426817,3.7064852743296797,7.441241986083696
2025-10-30 11:37:58.029,5.575403622084195,7.983161179081435,3.702931446920047,7.446770162054236
2025-10-30 11:37:59.054,5.575798491796377,7.982371439657072,3.702931446920047,7.45261423379452
2025-10-30 11:38:00.082,5.576035413623686,7.982055543887327,3.7060904046174983,7.458300357649932
2025-10-30 11:38:01.106,5.576430283335867,7.981976569944891,3.7049847694233904,7.463749559678035
2025-10-30 11:38:02.136,5.576351309393431,7.982687335426817,3.702931446920047,7.4708572144973004
2025-10-30 11:38:03.164,5.576904126990485,7.981344778405401,3.7064852743296797,7.4759905207556585
2025-10-30 11:38:04.192,5.5765882312207395,7.982134517829763,3.704037082114155,7.481281774898889
2025-10-30 11:38:05.221,5.577062074875357,7.981186830520528,3.7036422124019737,7.487599690293791
2025-10-30 11:38:06.244,5.577298996702666,7.982134517829763,3.702931446920047,7.49336478809164
2025-10-30 11:38:07.271,5.578325657954338,7.981818622060018,3.705379639135572,7.499050911947052
2025-10-30 11:38:08.300,5.57785181429972,7.981976569944891,3.7030893948049197,7.503868322435665
2025-10-30 11:38:09.329,5.578088736127029,7.982292465714636,3.7027734990351746,7.509949316003258
2025-10-30 11:38:10.357,5.578325657954338,7.9824504135995085,3.7061693785599346,7.515714413801106
2025-10-30 11:38:11.386,5.578325657954338,7.981660674175146,3.7064852743296797,7.522111303138445
2025-10-30 11:38:12.420,5.57848360583921,7.982608361484381,3.7056165609628806,7.527007687569494
2025-10-30 11:38:13.449,5.578878475551392,7.982687335426817,3.702615551150302,7.5339573945038865
2025-10-30 11:38:14.472,5.579036423436264,7.982292465714636,3.70372118634441,7.540275309898789
2025-10-30 11:38:15.499,5.579905136803063,7.981660674175146,3.7038791342292825,7.544224007020603
2025-10-30 11:38:16.529,5.579668214975754,7.982055543887327,3.7027734990351746,7.550147052703323
2025-10-30 11:38:17.554,5.579589241033318,7.982608361484381,3.7026945250927383,7.555833176558735
2025-10-30 11:38:18.586,5.5799841107454995,7.983082205138999,3.7038791342292825,7.562940831378
2025-10-30 11:38:19.614,5.580457954400117,7.982292465714636,3.7027734990351746,7.567205424269559
2025-10-30 11:38:20.645,5.580773850169862,7.982055543887327,3.704037082114155,7.572417704470354
2025-10-30 11:38:21.676,5.580931798054735,7.9833191269663075,3.70372118634441,7.578103828325766
2025-10-30 11:38:22.702,5.581089745939607,7.9822134917722,3.7030104208624834,7.584974561317722
2025-10-30 11:38:23.729,5.58124769382448,7.982134517829763,3.705774508847753,7.588923258439536
2025-10-30 11:38:24.758,5.581800511421534,7.9833191269663075,3.7038791342292825,7.596188861143673
2025-10-30 11:38:25.789,5.581721537479098,7.982371439657072,3.7055375870204443,7.601401141344468
2025-10-30 11:38:26.819,5.581958459306406,7.982292465714636,3.7039581081717188,7.607324187027189
2025-10-30 11:38:27.845,5.582748198730769,7.981660674175146,3.7035632384595374,7.61237851934311
2025-10-30 11:38:28.875,5.5822743550761516,7.981818622060018,3.70372118634441,7.617669773486341
2025-10-30 11:38:29.902,5.583458964212696,7.981976569944891,3.7032473426897923,7.623040001572008
2025-10-30 11:38:30.928,5.582432302961024,7.983161179081435,3.702852472977611,7.629042021197165
2025-10-30 11:38:31.959,5.582669224788333,7.982292465714636,3.7053006651931355,7.635596858419376
2025-10-30 11:38:32.988,5.583537938155132,7.981423752347837,3.7025365772078658,7.640967086505043
2025-10-30 11:38:34.013,5.583143068442951,7.982134517829763,3.702378629322993,7.648469611036489
2025-10-30 11:38:35.040,5.5836958860400046,7.983082205138999,3.703800160286846,7.652260360273431
2025-10-30 11:38:36.066,5.584169729694622,7.981660674175146,3.7030893948049197,7.66055262422924
2025-10-30 11:38:37.092,5.5842487036370585,7.98071298686591,3.7052216912506992,7.663553634041818
2025-10-30 11:38:38.123,5.5842487036370585,7.982529387541945,3.7047478475960816,7.671214106458137
2025-10-30 11:38:39.146,5.584959469118985,7.981739648117582,3.7045109257687727,7.675478699349696
2025-10-30 11:38:40.172,5.584722547291676,7.981265804462964,3.7061693785599346,7.681085849262672
2025-10-30 11:38:41.202,5.584722547291676,7.982687335426817,3.7027734990351746,7.689299139276045
2025-10-30 11:38:42.233,5.585591260658475,7.982134517829763,3.7033263166322286,7.6919842533188785
2025-10-30 11:38:43.262,5.585512286716039,7.981660674175146,3.7027734990351746,7.698697038425962
2025-10-30 11:38:44.293,5.585749208543348,7.981344778405401,3.7025365772078658,7.703040605259957
2025-10-30 11:38:45.320,5.585749208543348,7.9810288826356555,3.7041950299990276,7.711648764985512
2025-10-30 11:38:46.348,5.586459974025274,7.981502726290273,3.702852472977611,7.715676436049762
2025-10-30 11:38:47.378,5.586381000082838,7.982371439657072,3.7026945250927383,7.721520507790046
2025-10-30 11:38:48.409,5.586144078255529,7.982371439657072,3.702615551150302,7.72760150135764
2025-10-30 11:38:49.440,5.586696895852583,7.981739648117582,3.7036422124019737,7.733129677328179
2025-10-30 11:38:50.466,5.5870917655647645,7.982608361484381,3.7026945250927383,7.738341957528974
2025-10-30 11:38:51.493,5.587328687392073,7.982766309369254,3.702615551150302,7.743870133499513
2025-10-30 11:38:52.517,5.5876445831618184,7.982055543887327,3.70372118634441,7.750661892549033
2025-10-30 11:38:53.546,5.587486635276946,7.982371439657072,3.702931446920047,7.755716224864955
2025-10-30 11:38:54.576,5.587960478931564,7.98284528331169,3.7058534827901894,7.763376697281274
2025-10-30 11:38:55.600,5.5885132965286175,7.981581700232709,3.7027734990351746,7.766614628921161
2025-10-30 11:38:56.630,5.588276374701309,7.981976569944891,3.7039581081717188,7.772853570373627
2025-10-30 11:38:57.660,5.588908166240799,7.982292465714636,3.702931446920047,7.780119173077765
2025-10-30 11:38:58.685,5.588908166240799,7.982924257254126,3.7032473426897923,7.783278130775216
2025-10-30 11:38:59.711,5.5890661141256714,7.981818622060018,3.7021417074956844,7.789596046170118
2025-10-30 11:39:00.739,5.589855853550034,7.9822134917722,3.7024576032654295,7.795834987622584
2025-10-30 11:39:01.767,5.589618931722725,7.9818975960024545,3.703405290574665,7.803100590326721
2025-10-30 11:39:02.792,5.5899348274924705,7.9818975960024545,3.705695534905317,7.807286209275844
2025-10-30 11:39:03.821,5.590092775377343,7.982687335426817,3.702615551150302,7.813209254958565
2025-10-30 11:39:04.851,5.590250723262216,7.982055543887327,3.702852472977611,7.820079987950521
2025-10-30 11:39:05.882,5.590724566916833,7.982371439657072,3.703484264517101,7.826160981518115
2025-10-30 11:39:06.909,5.5904876450895244,7.981423752347837,3.70372118634441,7.830741470179419
2025-10-30 11:39:07.939,5.590724566916833,7.9822134917722,3.701983759610812,7.835085037013414
2025-10-30 11:39:08.970,5.590961488744142,7.982529387541945,3.702378629322993,7.84132397846588
2025-10-30 11:39:10.002,5.591277384513887,7.981581700232709,3.705774508847753,7.846457284724238
2025-10-30 11:39:11.030,5.591593280283632,7.983240153023871,3.703484264517101,7.853091095888885
2025-10-30 11:39:12.057,5.591830202110941,7.982687335426817,3.7055375870204443,7.859251063398915
2025-10-30 11:39:13.088,5.591830202110941,7.982529387541945,3.7036422124019737,7.866042822448435
2025-10-30 11:39:14.120,5.592225071823123,7.981423752347837,3.703484264517101,7.870070493512685
2025-10-30 11:39:15.150,5.592304045765559,7.980949908693219,3.702615551150302,7.875361747655916
2025-10-30 11:39:16.181,5.59269891547774,7.981344778405401,3.7035632384595374,7.881600689108382
2025-10-30 11:39:17.210,5.593251733074794,7.983082205138999,3.7024576032654295,7.886023229884813
2025-10-30 11:39:18.234,5.593093785189922,7.982371439657072,3.7018258117259393,7.891630379797789
2025-10-30 11:39:19.261,5.5933307070172305,7.981423752347837,3.703405290574665,7.898580086732181
2025-10-30 11:39:20.287,5.592935837305049,7.9818975960024545,3.7045109257687727,7.903713392990539
2025-10-30 11:39:21.317,5.593567628844539,7.981581700232709,3.7021417074956844,7.9102682302127505
2025-10-30 11:39:22.348,5.593567628844539,7.982766309369254,3.7052216912506992,7.916112301953035
2025-10-30 11:39:23.376,5.593962498556721,7.9824504135995085,3.7056165609628806,7.921087660326521
2025-10-30 11:39:24.401,5.594357368268902,7.983082205138999,3.7027734990351746,7.928274289088222
2025-10-30 11:39:25.429,5.595147107693265,7.982292465714636,3.7024576032654295,7.9335655432314525
2025-10-30 11:39:26.459,5.59483121192352,7.9824504135995085,3.702852472977611,7.939330641029301
2025-10-30 11:39:27.488,5.59483121192352,7.981502726290273,3.702062733553248,7.943121390266242
2025-10-30 11:39:28.514,5.594910185865956,7.982608361484381,3.705695534905317,7.949123409891399
2025-10-30 11:39:29.543,5.595541977405446,7.982371439657072,3.7056165609628806,7.955441325286301
2025-10-30 11:39:30.569,5.596015821060064,7.982055543887327,3.705458613078008,7.960495657602223
2025-10-30 11:39:31.598,5.596015821060064,7.982055543887327,3.7024576032654295,7.969024843385341
2025-10-30 11:39:32.626,5.596015821060064,7.982608361484381,3.7053006651931355,7.972815592622283
2025-10-30 11:39:33.651,5.59672658654199,7.9818975960024545,3.701983759610812,7.978422742535258
2025-10-30 11:39:34.679,5.596410690772245,7.982371439657072,3.7025365772078658,7.98410886639067
2025-10-30 11:39:35.707,5.596963508369299,7.982924257254126,3.7022206814381207,7.988847302936847
2025-10-30 11:39:36.738,5.597279404139044,7.983240153023871,3.7030104208624834,7.995165218331749
2025-10-30 11:39:37.765,5.597279404139044,7.982766309369254,3.7022206814381207,8.001641081611524
2025-10-30 11:39:38.792,5.597674273851226,7.983003231196562,3.7025365772078658,8.0072482315245
2025-10-30 11:39:39.823,5.597437352023917,7.983161179081435,3.7022206814381207,8.014197938458892
2025-10-30 11:39:40.849,5.598306065390716,7.9818975960024545,3.70372118634441,8.020436879911358
2025-10-30 11:39:41.877,5.598069143563407,7.98284528331169,3.7030893948049197,8.025412238284844
2025-10-30 11:39:42.904,5.598148117505843,7.9822134917722,3.7047478475960816,8.029755805118839
2025-10-30 11:39:43.933,5.598542987218025,7.981739648117582,3.7035632384595374,8.034652189549888
2025-10-30 11:39:44.960,5.59949067452726,7.982371439657072,3.701983759610812,8.041522922541844
2025-10-30 11:39:45.987,5.59885888298777,7.981186830520528,3.702062733553248,8.046577254857766
2025-10-30 11:39:47.016,5.598937856930206,7.982924257254126,3.701746837783503,8.052105430828306
2025-10-30 11:39:48.046,5.599174778757515,7.981502726290273,3.702615551150302,8.058186424395899
2025-10-30 11:39:49.077,5.599253752699951,7.982766309369254,3.702852472977611,8.063003834884512
2025-10-30 11:39:50.101,5.600280413951623,7.983161179081435,3.701746837783503,8.069558672106723
2025-10-30 11:39:51.131,5.599648622412133,7.981976569944891,3.7053006651931355,8.075876587501625
2025-10-30 11:39:52.160,5.600280413951623,7.981581700232709,3.7019047856683756,8.080536050105366
2025-10-30 11:39:53.191,5.600517335778932,7.982924257254126,3.7027734990351746,8.086538069730523
2025-10-30 11:39:54.221,5.600359387894059,7.981581700232709,3.702852472977611,8.092777011182989
2025-10-30 11:39:55.254,5.601070153375986,7.983398100908744,3.7022206814381207,8.09806826532622
2025-10-30 11:39:56.281,5.600754257606241,7.982608361484381,3.703484264517101,8.103517467354322
2025-10-30 11:39:57.311,5.600912205491113,7.983161179081435,3.7015888898986304,8.109203591209734
2025-10-30 11:39:58.337,5.6013070752032945,7.982055543887327,3.702062733553248,8.116311246029
2025-10-30 11:39:59.362,5.601938866742785,7.981581700232709,3.702615551150302,8.120496864978122
2025-10-30 11:40:00.388,5.602096814627657,7.981976569944891,3.7026945250927383,8.126104014891098
2025-10-30 11:40:01.420,5.602333736454966,7.981739648117582,3.7022206814381207,8.13305372182549
2025-10-30 11:40:02.447,5.602175788570094,7.981818622060018,3.7027734990351746,8.140319324529628
2025-10-30 11:40:03.473,5.603202449821765,7.982766309369254,3.701746837783503,8.144978787133368
2025-10-30 11:40:04.503,5.602491684339839,7.983161179081435,3.701983759610812,8.148927484255182
2025-10-30 11:40:05.532,5.603360397706638,7.982529387541945,3.7027734990351746,8.154850529937903
2025-10-30 11:40:06.554,5.603834241361255,7.982529387541945,3.7035632384595374,8.162511002354222
2025-10-30 11:40:07.584,5.60351834559151,7.982134517829763,3.703800160286846,8.166301751591163
2025-10-30 11:40:08.613,5.603834241361255,7.983161179081435,3.7025365772078658,8.171908901504139
2025-10-30 11:40:09.639,5.6047029547280545,7.982134517829763,3.701983759610812,8.177673999301987
2025-10-30 11:40:10.666,5.604623980785618,7.982371439657072,3.7013519680713216,8.183518071042272
2025-10-30 11:40:11.689,5.604623980785618,7.981423752347837,3.702062733553248,8.188809325185503
2025-10-30 11:40:12.720,5.604545006843182,7.9818975960024545,3.702299655380557,8.196153901832076
2025-10-30 11:40:13.747,5.604860902612927,7.982687335426817,3.702852472977611,8.202471817226979
2025-10-30 11:40:14.778,5.604939876555363,7.9822134917722,3.704274003941464,8.20878973262188
2025-10-30 11:40:15.804,5.605176798382672,7.981423752347837,3.7027734990351746,8.211948690319332
2025-10-30 11:40:16.832,5.605887563864599,7.9818975960024545,3.7019047856683756,8.217950709944489
2025-10-30 11:40:17.862,5.60565064203729,7.981660674175146,3.702299655380557,8.22513733870619
2025-10-30 11:40:18.893,5.606203459634344,7.982766309369254,3.7022206814381207,8.22979680130993
2025-10-30 11:40:19.924,5.606519355404089,7.982608361484381,3.7012729941288853,8.235167029395598
2025-10-30 11:40:20.950,5.606203459634344,7.982608361484381,3.7012729941288853,8.240774179308573
2025-10-30 11:40:21.979,5.60691422511627,7.9833191269663075,3.704905795480954,8.246223381336677
2025-10-30 11:40:23.011,5.607072173001143,7.983240153023871,3.7015888898986304,8.25356795798325
2025-10-30 11:40:24.041,5.606835251173834,7.983240153023871,3.7013519680713216,8.258069472702118
2025-10-30 11:40:25.072,5.607703964540633,7.9818975960024545,3.7027734990351746,8.26438738809702
2025-10-30 11:40:26.103,5.607309094828452,7.982766309369254,3.7019047856683756,8.269520694355379
2025-10-30 11:40:27.130,5.6075460166557605,7.983082205138999,3.7015888898986304,8.276470401289771
2025-10-30 11:40:28.156,5.608019860310378,7.982924257254126,3.7015888898986304,8.281603707548129
2025-10-30 11:40:29.186,5.608256782137687,7.982292465714636,3.702931446920047,8.287289831403541
2025-10-30 11:40:30.215,5.608888573677177,7.9833191269663075,3.7021417074956844,8.292660059489208
2025-10-30 11:40:31.242,5.608572677907432,7.982055543887327,3.7016678638410667,8.297872339690002
2025-10-30 11:40:32.268,5.6089675476196135,7.981423752347837,3.702615551150302,8.30640152547312
2025-10-30 11:40:33.294,5.609204469446922,7.98284528331169,3.7047478475960816,8.30916561345839
2025-10-30 11:40:34.321,5.609915234928849,7.982292465714636,3.7025365772078658,8.316115320392782
2025-10-30 11:40:35.349,5.609520365216667,7.983792970620925,3.7038791342292825,8.321801444248194
2025-10-30 11:40:36.380,5.610231130698594,7.982371439657072,3.702852472977611,8.327013724448989
2025-10-30 11:40:37.410,5.609915234928849,7.982608361484381,3.70372118634441,8.332147030707347
2025-10-30 11:40:38.441,5.610862922238084,7.982687335426817,3.7030104208624834,8.337675206677886
2025-10-30 11:40:39.467,5.61094189618052,7.981739648117582,3.7019047856683756,8.344545939669842
2025-10-30 11:40:40.496,5.610704974353212,7.983082205138999,3.7016678638410667,8.349758219870637
2025-10-30 11:40:41.527,5.610626000410775,7.981186830520528,3.701509915956194,8.356155109207975
2025-10-30 11:40:42.551,5.61094189618052,7.982371439657072,3.702615551150302,8.362788920372623
2025-10-30 11:40:43.582,5.6112577919502655,7.982608361484381,3.701194020186449,8.367448382976363
2025-10-30 11:40:44.605,5.611573687720011,7.981660674175146,3.702852472977611,8.372581689234721
2025-10-30 11:40:45.633,5.611573687720011,7.981502726290273,3.7019047856683756,8.379926265881295
2025-10-30 11:40:46.661,5.612284453201937,7.983082205138999,3.701430942013758,8.384111884830418
2025-10-30 11:40:47.688,5.612284453201937,7.981660674175146,3.7024576032654295,8.392404148786227
2025-10-30 11:40:48.718,5.6126793229141185,7.981186830520528,3.704826821538518,8.396036950138296
2025-10-30 11:40:49.742,5.6126793229141185,7.982292465714636,3.7013519680713216,8.40188102187858
2025-10-30 11:40:50.772,5.6130741926263,7.981660674175146,3.703168368747356,8.407330223906683
2025-10-30 11:40:51.803,5.613153166568736,7.98284528331169,3.704589899711209,8.41206866045286
2025-10-30 11:40:52.832,5.6130741926263,7.982292465714636,3.7016678638410667,8.418307601905326
2025-10-30 11:40:53.862,5.613469062338481,7.98284528331169,3.702615551150302,8.423282960278812
2025-10-30 11:40:54.892,5.61433777570528,7.981186830520528,3.7025365772078658,8.431259328464876
2025-10-30 11:40:55.925,5.6141008538779715,7.9822134917722,3.7024576032654295,8.43583981712618
2025-10-30 11:40:56.948,5.614258801762844,7.981502726290273,3.702615551150302,8.44199978463621
2025-10-30 11:40:57.972,5.6141008538779715,7.981660674175146,3.7038791342292825,8.446975143009695
2025-10-30 11:40:58.995,5.6146536714750255,7.9822134917722,3.702062733553248,8.454319719656269
2025-10-30 11:41:00.017,5.614416749647717,7.982687335426817,3.701194020186449,8.459137130144882
2025-10-30 11:41:01.040,5.615127515129643,7.982529387541945,3.7022206814381207,8.46490222794273
2025-10-30 11:41:02.063,5.615206489072079,7.983556048793616,3.70095709835914,8.469482716604034
2025-10-30 11:41:03.086,5.615364436956952,7.9822134917722,3.7018258117259393,8.4757216580565
2025-10-30 11:41:04.109,5.615601358784261,7.981739648117582,3.7007201765318314,8.480539068545113
2025-10-30 11:41:05.133,5.615917254554006,7.9824504135995085,3.7021417074956844,8.486935957882451
2025-10-30 11:41:06.156,5.615680332726697,7.982292465714636,3.7010360723015765,8.492385159910555
2025-10-30 11:41:07.180,5.61583828061157,7.981976569944891,3.701194020186449,8.498939997132766
2025-10-30 11:41:08.204,5.616233150323751,7.981502726290273,3.7030893948049197,8.503204590024325
2025-10-30 11:41:09.227,5.616312124266187,7.981423752347837,3.7010360723015765,8.510391218786026
2025-10-30 11:41:10.250,5.6169439158056775,7.982924257254126,3.7010360723015765,8.517972717259909
2025-10-30 11:41:11.273,5.617259811575423,7.982529387541945,3.7024576032654295,8.521368596784669
2025-10-30 11:41:12.296,5.617338785517859,7.982687335426817,3.7021417074956844,8.52642292910059
2025-10-30 11:41:13.321,5.617575707345168,7.981423752347837,3.7024576032654295,8.53345160997742
2025-10-30 11:41:14.348,5.617575707345168,7.982055543887327,3.701746837783503,8.538979785947959
2025-10-30 11:41:15.374,5.617970577057349,7.981423752347837,3.704589899711209,8.543639248551699
2025-10-30 11:41:16.397,5.618207498884658,7.982766309369254,3.7015888898986304,8.550431007601219
2025-10-30 11:41:17.421,5.618523394654403,7.98284528331169,3.701746837783503,8.557380714535611
2025-10-30 11:41:18.453,5.618049550999785,7.981976569944891,3.701983759610812,8.560697620117935
2025-10-30 11:41:19.478,5.6189182643665845,7.981976569944891,3.7044319518263364,8.5678052749372
2025-10-30 11:41:20.505,5.619155186193893,7.982055543887327,3.701430942013758,8.572543711483377
2025-10-30 11:41:21.535,5.619392108021202,7.983398100908744,3.7041950299990276,8.578229835338789
2025-10-30 11:41:22.558,5.619313134078766,7.982687335426817,3.702062733553248,8.584547750733691
2025-10-30 11:41:23.590,5.6197869777333835,7.98071298686591,3.7035632384595374,8.59007592670423
2025-10-30 11:41:24.618,5.619550055906075,7.980870934750783,3.7011150462440128,8.595130259020152
2025-10-30 11:41:25.649,5.620418769272874,7.981818622060018,3.7011150462440128,8.601685096242363
2025-10-30 11:41:26.680,5.620181847445565,7.983161179081435,3.7013519680713216,8.606344558846104
2025-10-30 11:41:27.710,5.620655691100183,7.981818622060018,3.702062733553248,8.612425552413697
2025-10-30 11:41:28.733,5.620655691100183,7.982371439657072,3.7013519680713216,8.61850654598129
2025-10-30 11:41:29.764,5.620418769272874,7.9818975960024545,3.700878124416704,8.623481904354776
2025-10-30 11:41:30.790,5.6211295347548,7.9824504135995085,3.7007991504742677,8.62932597609506
2025-10-30 11:41:31.820,5.621050560812364,7.982924257254126,3.701983759610812,8.63738131822356
2025-10-30 11:41:32.848,5.621840300236727,7.982687335426817,3.701983759610812,8.643067442078973
2025-10-30 11:41:33.872,5.622235169948908,7.9822134917722,3.7022206814381207,8.648753565934385
2025-10-30 11:41:34.899,5.621919274179163,7.983161179081435,3.703484264517101,8.654518663732233
2025-10-30 11:41:35.927,5.622077222064036,7.983082205138999,3.7011150462440128,8.657677621429684
2025-10-30 11:41:36.956,5.6226300396610895,7.981660674175146,3.700878124416704,8.664390406536768
2025-10-30 11:41:37.985,5.622393117833781,7.982055543887327,3.704274003941464,8.671813957125778
2025-10-30 11:41:39.015,5.622472091776217,7.9824504135995085,3.7018258117259393,8.675446758477847
2025-10-30 11:41:40.045,5.622945935430835,7.981502726290273,3.703168368747356,8.680422116851332
2025-10-30 11:41:41.075,5.623103883315707,7.982924257254126,3.7015888898986304,8.68618721464918
2025-10-30 11:41:42.104,5.6231828572581435,7.981265804462964,3.701746837783503,8.691794364562156
2025-10-30 11:41:43.133,5.623577726970325,7.9822134917722,3.7044319518263364,8.697480488417568
2025-10-30 11:41:44.163,5.623814648797634,7.981976569944891,3.701194020186449,8.70379840381247
2025-10-30 11:41:45.191,5.623972596682506,7.982134517829763,3.701194020186449,8.708931710070829
2025-10-30 11:41:46.218,5.624841310049305,7.981739648117582,3.7024576032654295,8.715802443062785
2025-10-30 11:41:47.243,5.624762336106869,7.983161179081435,3.70095709835914,8.720224983839216
2025-10-30 11:41:48.268,5.62515720581905,7.982134517829763,3.7015888898986304,8.726858795003864
2025-10-30 11:41:49.294,5.624920283991742,7.981107856578092,3.7004832547045226,8.731755179434913
2025-10-30 11:41:50.325,5.624920283991742,7.981660674175146,3.703800160286846,8.739494625793668
2025-10-30 11:41:51.353,5.6254731015887955,7.981423752347837,3.7019047856683756,8.743838192627663
2025-10-30 11:41:52.381,5.625236179761487,7.983161179081435,3.7018258117259393,8.749366368598203
2025-10-30 11:41:53.408,5.625710023416104,7.981502726290273,3.7004042807620863,8.755605310050669
2025-10-30 11:41:54.434,5.625867971300977,7.983240153023871,3.7016678638410667,8.761133486021208
2025-10-30 11:41:55.460,5.626578736782903,7.980239143211293,3.7010360723015765,8.767214479588802
2025-10-30 11:41:56.487,5.626420788898031,7.982371439657072,3.7007201765318314,8.771794968250106
2025-10-30 11:41:57.513,5.626262841013158,7.9833191269663075,3.7007991504742677,8.778428779414753
2025-10-30 11:41:58.541,5.626736684667776,7.983240153023871,3.704274003941464,8.783641059615547
2025-10-30 11:41:59.568,5.626973606495085,7.982292465714636,3.7021417074956844,8.789801027125577
2025-10-30 11:42:00.596,5.627131554379957,7.982766309369254,3.7007991504742677,8.79525022915368
2025-10-30 11:42:01.626,5.627605398034575,7.9822134917722,3.7018258117259393,8.802752753685127
2025-10-30 11:42:02.651,5.628079241689193,7.982766309369254,3.7004832547045226,8.80733324234643
2025-10-30 11:42:03.678,5.627605398034575,7.981265804462964,3.70372118634441,8.813967053511078
2025-10-30 11:42:04.704,5.627763345919448,7.9810288826356555,3.700641202589395,8.819337281596745
2025-10-30 11:42:05.731,5.62855308534381,7.9824504135995085,3.7004042807620863,8.823759822373177
2025-10-30 11:42:06.755,5.62855308534381,7.981739648117582,3.7022206814381207,8.830393633537824
2025-10-30 11:42:07.780,5.6288689811135555,7.982055543887327,3.702062733553248,8.836316679220545
2025-10-30 11:42:08.808,5.628947955055992,7.981660674175146,3.702378629322993,8.840897167881849
2025-10-30 11:42:09.834,5.629658720537918,7.982529387541945,3.704274003941464,8.846346369909952
2025-10-30 11:42:10.860,5.629105902940864,7.982529387541945,3.702378629322993,8.852664285304854
2025-10-30 11:42:11.890,5.630132564192536,7.981660674175146,3.7004832547045226,8.858666304930011
2025-10-30 11:42:12.916,5.629579746595482,7.982371439657072,3.7004832547045226,8.864273454842987
2025-10-30 11:42:13.941,5.630132564192536,7.9822134917722,3.7018258117259393,8.8690908653316
2025-10-30 11:42:14.967,5.630211538134972,7.9824504135995085,3.700562228646959,8.87738312928741
2025-10-30 11:42:15.993,5.630369486019845,7.9822134917722,3.701509915956194,8.881726696121405
2025-10-30 11:42:17.020,5.631080251501771,7.982055543887327,3.7004042807620863,8.88883435094067
2025-10-30 11:42:18.047,5.630606407847154,7.981581700232709,3.7013519680713216,8.892783048062483
2025-10-30 11:42:19.075,5.63068538178959,7.981976569944891,3.701430942013758,8.899258911342258
2025-10-30 11:42:20.101,5.631554095156389,7.982924257254126,3.702299655380557,8.903760426061126
2025-10-30 11:42:21.128,5.6311592254442076,7.981186830520528,3.7007201765318314,8.909051680204357
2025-10-30 11:42:22.155,5.631554095156389,7.981976569944891,3.700641202589395,8.91600138713875
2025-10-30 11:42:23.179,5.632027938811007,7.9822134917722,3.7018258117259393,8.92129264128198
2025-10-30 11:42:24.205,5.631791016983698,7.982292465714636,3.7015888898986304,8.925636208115975
2025-10-30 11:42:25.231,5.632185886695879,7.981739648117582,3.701194020186449,8.932664888992804
2025-10-30 11:42:26.257,5.632106912753443,7.982055543887327,3.7010360723015765,8.93764024736629
2025-10-30 11:42:27.282,5.6325807564080606,7.98071298686591,3.700562228646959,8.943247397279265
2025-10-30 11:42:28.306,5.632817678235369,7.98284528331169,3.70032530681965,8.951381713350202
2025-10-30 11:42:29.335,5.6325807564080606,7.981818622060018,3.7016678638410667,8.954777592874962
2025-10-30 11:42:30.360,5.633923313429477,7.98284528331169,3.7030104208624834,8.960858586442555
2025-10-30 11:42:31.385,5.633212547947551,7.980870934750783,3.7016678638410667,8.966228814528222
2025-10-30 11:42:32.411,5.633607417659732,7.981265804462964,3.702299655380557,8.973415443289923
2025-10-30 11:42:33.438,5.633923313429477,7.981265804462964,3.700562228646959,8.97752208829661
2025-10-30 11:42:34.463,5.6340022873719136,7.982292465714636,3.7021417074956844,8.983840003691512
2025-10-30 11:42:35.488,5.634318183141659,7.9818975960024545,3.701194020186449,8.989289205719615
2025-10-30 11:42:36.514,5.634318183141659,7.981818622060018,3.700641202589395,8.9951332774599
2025-10-30 11:42:37.540,5.634634078911404,7.981344778405401,3.700878124416704,9.000266583718258
2025-10-30 11:42:38.567,5.635107922566021,7.982766309369254,3.7004042807620863,9.008321925846758
2025-10-30 11:42:39.593,5.635107922566021,7.981344778405401,3.7013519680713216,9.011480883544209
2025-10-30 11:42:40.620,5.634949974681149,7.982766309369254,3.701983759610812,9.017798798939111
2025-10-30 11:42:41.647,5.635660740163075,7.98347707485118,3.7004042807620863,9.022616209427724
2025-10-30 11:42:42.676,5.63534484439333,7.981660674175146,3.701746837783503,9.030434629728916
2025-10-30 11:42:43.702,5.635581766220639,7.982292465714636,3.702852472977611,9.036831519066254
2025-10-30 11:42:44.725,5.635897661990384,7.9818975960024545,3.7004042807620863,9.04180687743974
2025-10-30 11:42:45.752,5.636055609875257,7.981976569944891,3.70095709835914,9.045755574561554
2025-10-30 11:42:46.787,5.636134583817693,7.981423752347837,3.7012729941288853,9.052389385726201
2025-10-30 11:42:47.817,5.6365294535298744,7.982371439657072,3.703168368747356,9.057127822272378
2025-10-30 11:42:48.846,5.637082271126928,7.981107856578092,3.701430942013758,9.063524711609716
2025-10-30 11:42:49.872,5.63684534929962,7.983240153023871,3.7010360723015765,9.068579043925638
2025-10-30 11:42:50.903,5.63684534929962,7.981660674175146,3.7016678638410667,9.075054907205413
2025-10-30 11:42:51.932,5.637240219011801,7.981818622060018,3.703168368747356,9.080267187406207
2025-10-30 11:42:52.962,5.63747714083911,7.9824504135995085,3.700009411049905,9.08571638943431
2025-10-30 11:42:53.993,5.6373981668966735,7.983398100908744,3.701430942013758,9.091402513289722
2025-10-30 11:42:55.023,5.637556114781546,7.982924257254126,3.7001673589347774,9.097878376569497
2025-10-30 11:42:56.050,5.6381089323786,7.981581700232709,3.701509915956194,9.10545987504338
2025-10-30 11:42:57.080,5.638266880263473,7.981107856578092,3.7002463328772137,9.108934728510576
2025-10-30 11:42:58.106,5.638424828148345,7.9822134917722,3.7004832547045226,9.115252643905478
2025-10-30 11:42:59.134,5.638187906321036,7.982371439657072,3.7001673589347774,9.120149028336527
2025-10-30 11:43:00.160,5.63874072391809,7.981107856578092,3.7002463328772137,9.12623002190412
2025-10-30 11:43:01.184,5.638977645745399,7.9824504135995085,3.701509915956194,9.134285364032621
2025-10-30 11:43:02.216,5.639451489400017,7.980239143211293,3.7002463328772137,9.13791816538469
2025-10-30 11:43:03.245,5.639293541515144,7.983398100908744,3.702852472977611,9.145657611743445
2025-10-30 11:43:04.276,5.639925333054634,7.982134517829763,3.70095709835914,9.148579647613587
2025-10-30 11:43:05.307,5.639293541515144,7.983003231196562,3.70032530681965,9.157187807339142
2025-10-30 11:43:06.332,5.640083280939507,7.982529387541945,3.70032530681965,9.16018881715172
2025-10-30 11:43:07.357,5.640162254881943,7.9822134917722,3.70095709835914,9.166427758604186
2025-10-30 11:43:08.388,5.640004306997071,7.982529387541945,3.7013519680713216,9.172113882459598
2025-10-30 11:43:09.419,5.64087302036387,7.9824504135995085,3.703484264517101,9.178036928142319
2025-10-30 11:43:10.450,5.64087302036387,7.982292465714636,3.700641202589395,9.18332818228555
2025-10-30 11:43:11.479,5.641109942191179,7.9824504135995085,3.699772489222596,9.191462498356486
2025-10-30 11:43:12.506,5.641346864018487,7.982055543887327,3.7002463328772137,9.195095299708555
2025-10-30 11:43:13.535,5.640951994306306,7.982055543887327,3.7004832547045226,9.199754762312295
2025-10-30 11:43:14.564,5.6416627597882325,7.981660674175146,3.700009411049905,9.20749420867105
2025-10-30 11:43:15.595,5.642057629500414,7.981976569944891,3.700009411049905,9.211679827620173
2025-10-30 11:43:16.624,5.642057629500414,7.9818975960024545,3.7002463328772137,9.218234664842385
2025-10-30 11:43:17.648,5.64213660344285,7.982292465714636,3.7012729941288853,9.22321002321587
2025-10-30 11:43:18.675,5.642057629500414,7.9824504135995085,3.7004042807620863,9.229685886495645
2025-10-30 11:43:19.706,5.642531473155032,7.981344778405401,3.7010360723015765,9.234424323041821
2025-10-30 11:43:20.736,5.643242238636958,7.981502726290273,3.7002463328772137,9.24082121237916
2025-10-30 11:43:21.762,5.643242238636958,7.983240153023871,3.700562228646959,9.245954518637518
2025-10-30 11:43:22.786,5.642926342867213,7.982055543887327,3.70372118634441,9.251561668550494
2025-10-30 11:43:23.819,5.643795056234012,7.982292465714636,3.700009411049905,9.257879583945396
2025-10-30 11:43:24.846,5.643321212579394,7.9822134917722,3.6999304371074686,9.26396057751299
2025-10-30 11:43:25.871,5.643716082291576,7.982055543887327,3.7027734990351746,9.269646701368401
2025-10-30 11:43:26.900,5.644189925946193,7.981818622060018,3.701430942013758,9.274385137914578
2025-10-30 11:43:27.933,5.644347873831066,7.9822134917722,3.700878124416704,9.279992287827554
2025-10-30 11:43:28.962,5.64426889988863,7.981976569944891,3.7001673589347774,9.285915333510275
2025-10-30 11:43:29.996,5.644663769600811,7.982687335426817,3.7016678638410667,9.292075301020304
2025-10-30 11:43:31.025,5.6445058217159385,7.982371439657072,3.6998514631650323,9.297287581221099
2025-10-30 11:43:32.054,5.6450586393129925,7.983240153023871,3.7010360723015765,9.302736783249202
2025-10-30 11:43:33.084,5.64490069142812,7.981976569944891,3.700562228646959,9.309607516241158
2025-10-30 11:43:34.113,5.645295561140301,7.982529387541945,3.7022206814381207,9.315135692211697
2025-10-30 11:43:35.143,5.645295561140301,7.9822134917722,3.700878124416704,9.320900790009546
2025-10-30 11:43:36.174,5.6461642745071,7.9822134917722,3.7007991504742677,9.327771523001502
2025-10-30 11:43:37.207,5.64553248296761,7.982134517829763,3.701509915956194,9.331957141950625
2025-10-30 11:43:38.238,5.646085300564664,7.982687335426817,3.7011150462440128,9.339301718597198
2025-10-30 11:43:39.262,5.646006326622228,7.9824504135995085,3.6998514631650323,9.343250415719012
2025-10-30 11:43:40.292,5.646559144219282,7.982292465714636,3.7007201765318314,9.34862064380468
2025-10-30 11:43:41.322,5.646954013931463,7.981739648117582,3.700641202589395,9.356360090163435
2025-10-30 11:43:42.353,5.647032987873899,7.982924257254126,3.7002463328772137,9.359913917573067
2025-10-30 11:43:43.384,5.647032987873899,7.982608361484381,3.70095709835914,9.365600041428479
2025-10-30 11:43:44.409,5.647427857586081,7.9818975960024545,3.702852472977611,9.371286165283891
2025-10-30 11:43:45.434,5.647506831528517,7.9818975960024545,3.701509915956194,9.377288184909048
2025-10-30 11:43:46.461,5.647506831528517,7.98347707485118,3.700878124416704,9.383053282706896
2025-10-30 11:43:47.489,5.648059649125571,7.982055543887327,3.7032473426897923,9.390318885411034
2025-10-30 11:43:48.517,5.647822727298262,7.982529387541945,3.699772489222596,9.393951686763103
2025-10-30 11:43:49.545,5.648375544895316,7.982687335426817,3.7002463328772137,9.401059341582368
2025-10-30 11:43:50.573,5.648138623068007,7.983398100908744,3.6998514631650323,9.406982387265089
2025-10-30 11:43:51.604,5.648533492780189,7.981581700232709,3.7030893948049197,9.412194667465883
2025-10-30 11:43:52.629,5.6487704146074975,7.981344778405401,3.7011150462440128,9.417722843436422
2025-10-30 11:43:53.659,5.64892836249237,7.981818622060018,3.70095709835914,9.42372486306158
2025-10-30 11:43:54.687,5.6487704146074975,7.9822134917722,3.703405290574665,9.42988483057161
2025-10-30 11:43:55.714,5.649639127974297,7.982134517829763,3.700641202589395,9.43517608471484
2025-10-30 11:43:56.745,5.649165284319679,7.982371439657072,3.6996145413377235,9.441415026167306
2025-10-30 11:43:57.776,5.650112971628914,7.981502726290273,3.701509915956194,9.445521671173992
2025-10-30 11:43:58.802,5.649639127974297,7.982134517829763,3.703405290574665,9.451444716856713
2025-10-30 11:43:59.830,5.650586815283532,7.982766309369254,3.7007991504742677,9.457841606194052
2025-10-30 11:44:00.858,5.650507841341096,7.981739648117582,3.7007201765318314,9.462580042740228
2025-10-30 11:44:01.887,5.650823737110841,7.982292465714636,3.6996935152801598,9.468740010250258
2025-10-30 11:44:02.917,5.650981684995713,7.982608361484381,3.7030104208624834,9.474268186220797
2025-10-30 11:44:03.943,5.6507447631684045,7.981660674175146,3.701983759610812,9.480744049500572
2025-10-30 11:44:04.968,5.651139632880586,7.982608361484381,3.6998514631650323,9.485798381816494
2025-10-30 11:44:05.998,5.651376554707895,7.982766309369254,3.7010360723015765,9.49116860990216
2025-10-30 11:44:07.021,5.652087320189821,7.9824504135995085,3.700878124416704,9.497881395009244
2025-10-30 11:44:08.044,5.652008346247385,7.9818975960024545,3.699535567395287,9.503725466749529
2025-10-30 11:44:09.072,5.652087320189821,7.981265804462964,3.699535567395287,9.508542877238142
2025-10-30 11:44:10.102,5.6521662941322575,7.9818975960024545,3.7004042807620863,9.514860792633044
2025-10-30 11:44:11.133,5.652482189902003,7.983003231196562,3.7002463328772137,9.520388968603584
2025-10-30 11:44:12.163,5.652245268074694,7.982371439657072,3.70032530681965,9.52662791005605
2025-10-30 11:44:13.193,5.652482189902003,7.9822134917722,3.6996935152801598,9.531998138141716
2025-10-30 11:44:14.223,5.653113981441493,7.982766309369254,3.6996145413377235,9.536894522572766
2025-10-30 11:44:15.253,5.653113981441493,7.983003231196562,3.699772489222596,9.542896542197923
2025-10-30 11:44:16.283,5.653350903268802,7.982924257254126,3.6998514631650323,9.54826677028359
2025-10-30 11:44:17.308,5.653824746923419,7.98284528331169,3.699535567395287,9.556401086354526
2025-10-30 11:44:18.331,5.653666799038547,7.9824504135995085,3.700562228646959,9.562008236267502
2025-10-30 11:44:19.353,5.6535878250961105,7.983003231196562,3.700641202589395,9.565483089734698
2025-10-30 11:44:20.377,5.6544565384629095,7.982055543887327,3.6996935152801598,9.570853317820365
2025-10-30 11:44:21.400,5.654535512405346,7.981739648117582,3.700641202589395,9.579619425430792
2025-10-30 11:44:22.423,5.654535512405346,7.982924257254126,3.701509915956194,9.58325222678286
2025-10-30 11:44:23.446,5.654693460290218,7.983082205138999,3.6996145413377235,9.588622454868528
2025-10-30 11:44:24.469,5.655246277887272,7.981976569944891,3.70095709835914,9.593992682954195
2025-10-30 11:44:25.492,5.654772434232655,7.981581700232709,3.7001673589347774,9.599678806809607
2025-10-30 11:44:26.515,5.655246277887272,7.982608361484381,3.7004042807620863,9.606628513743999
2025-10-30 11:44:27.538,5.655562173657017,7.982371439657072,3.700009411049905,9.611524898175048
2025-10-30 11:44:28.562,5.655246277887272,7.9822134917722,3.699535567395287,9.61744794385777
2025-10-30 11:44:29.585,5.655799095484326,7.981976569944891,3.7015888898986304,9.623134067713181
2025-10-30 11:44:30.610,5.656588834908689,7.982766309369254,3.7004832547045226,9.630320696474882
2025-10-30 11:44:31.638,5.656509860966253,7.981423752347837,3.7004042807620863,9.636006820330294
2025-10-30 11:44:32.666,5.6564308870238165,7.981502726290273,3.699140697683106,9.64011346533698
2025-10-30 11:44:33.690,5.656825756735998,7.982371439657072,3.7001673589347774,9.644693953998285
2025-10-30 11:44:34.713,5.6564308870238165,7.981818622060018,3.7001673589347774,9.651406739105369
2025-10-30 11:44:35.736,5.657062678563307,7.981581700232709,3.699140697683106,9.658751315751942
2025-10-30 11:44:36.761,5.657615496160361,7.983003231196562,3.6993776195104147,9.66262103893132
2025-10-30 11:44:37.786,5.657378574333052,7.981423752347837,3.6999304371074686,9.667438449419933
2025-10-30 11:44:38.812,5.657378574333052,7.981502726290273,3.700009411049905,9.676046609145487
2025-10-30 11:44:39.838,5.657615496160361,7.982292465714636,3.699456593452851,9.679521462612684
2025-10-30 11:44:40.867,5.658010365872542,7.9824504135995085,3.702852472977611,9.684496820986169
2025-10-30 11:44:41.897,5.658326261642287,7.981502726290273,3.700009411049905,9.690261918784017
2025-10-30 11:44:42.927,5.658958053181777,7.981581700232709,3.699140697683106,9.696974703891101
2025-10-30 11:44:43.958,5.658247287699851,7.983082205138999,3.698666854028488,9.701792114379714
2025-10-30 11:44:44.982,5.658563183469596,7.982371439657072,3.699535567395287,9.707715160062435
2025-10-30 11:44:46.011,5.658800105296905,7.981976569944891,3.700009411049905,9.713480257860283
2025-10-30 11:44:47.040,5.658958053181777,7.9833191269663075,3.702299655380557,9.72035099085224
2025-10-30 11:44:48.066,5.659668818663704,7.9818975960024545,3.7027734990351746,9.72501045345598
2025-10-30 11:44:49.097,5.659194975009086,7.9822134917722,3.7001673589347774,9.730380681541646
2025-10-30 11:44:50.127,5.660300610203194,7.982529387541945,3.70032530681965,9.737014492706294
2025-10-30 11:44:51.154,5.659826766548576,7.982055543887327,3.6998514631650323,9.742226772907088
2025-10-30 11:44:52.183,5.659905740491013,7.982371439657072,3.700088384992341,9.748386740417118
2025-10-30 11:44:53.215,5.660774453857812,7.981344778405401,3.70032530681965,9.754388760042275
2025-10-30 11:44:54.245,5.660537532030503,7.982292465714636,3.700088384992341,9.761812310631285
2025-10-30 11:44:55.277,5.660774453857812,7.982766309369254,3.6990617237406695,9.764181528904373
2025-10-30 11:44:56.308,5.660932401742684,7.983240153023871,3.7026945250927383,9.770578418241712
2025-10-30 11:44:57.337,5.6615641932821745,7.982055543887327,3.698903775855797,9.777054281521487
2025-10-30 11:44:58.364,5.661327271454866,7.981660674175146,3.702852472977611,9.782187587779845
2025-10-30 11:44:59.390,5.661959062994356,7.9824504135995085,3.70095709835914,9.787241920095767
2025-10-30 11:45:00.415,5.661801115109483,7.981660674175146,3.6992986455679784,9.793638809433105
2025-10-30 11:45:01.446,5.661722141167047,7.981265804462964,3.699456593452851,9.800904412137243
2025-10-30 11:45:02.475,5.662353932706537,7.981976569944891,3.7001673589347774,9.805563874740983
2025-10-30 11:45:03.502,5.6621170108792285,7.980555038981038,3.6998514631650323,9.812987425329993
2025-10-30 11:45:04.528,5.662195984821665,7.982134517829763,3.6999304371074686,9.817488940048861
2025-10-30 11:45:05.558,5.662906750303591,7.982055543887327,3.6988248019133607,9.824991464580307
2025-10-30 11:45:06.591,5.662906750303591,7.98284528331169,3.698903775855797,9.828861187759685
2025-10-30 11:45:07.621,5.663064698188464,7.982055543887327,3.6992986455679784,9.833678598248298
2025-10-30 11:45:08.649,5.6629857242460275,7.981660674175146,3.6996935152801598,9.839285748161274
2025-10-30 11:45:09.679,5.663933411555263,7.982608361484381,3.7021417074956844,9.845445715671303
2025-10-30 11:45:10.709,5.663459567900645,7.980318117153729,3.701746837783503,9.850579021929661
2025-10-30 11:45:11.736,5.664091359440135,7.982766309369254,3.700088384992341,9.857212833094309
2025-10-30 11:45:12.759,5.663854437612827,7.9818975960024545,3.698903775855797,9.863214852719466
2025-10-30 11:45:13.786,5.664249307325008,7.981502726290273,3.6993776195104147,9.867953289265643
2025-10-30 11:45:14.816,5.6644072552098805,7.9818975960024545,3.698903775855797,9.874113256775672
2025-10-30 11:45:15.848,5.664802124922062,7.9822134917722,3.698350958258743,9.881062963710065
2025-10-30 11:45:16.876,5.664881098864498,7.982766309369254,3.7011150462440128,9.884695765062133
2025-10-30 11:45:17.906,5.66527596857668,7.982292465714636,3.699219671625542,9.89132957622678
2025-10-30 11:45:18.935,5.664881098864498,7.981976569944891,3.699535567395287,9.896541856427575
2025-10-30 11:45:19.967,5.665512890403988,7.981660674175146,3.7007201765318314,9.902701823937605
2025-10-30 11:45:20.997,5.665512890403988,7.981344778405401,3.699535567395287,9.910283322411487
2025-10-30 11:45:22.025,5.666065708001042,7.982608361484381,3.6985089061436156,9.915811498382027
2025-10-30 11:45:23.056,5.666223655885915,7.982529387541945,3.6985089061436156,9.919523273676532
2025-10-30 11:45:24.083,5.666144681943479,7.9824504135995085,3.700009411049905,9.924814527819763
2025-10-30 11:45:25.114,5.665986734058606,7.981818622060018,3.698587880086052,9.930658599560047
2025-10-30 11:45:26.144,5.6663816037707875,7.9818975960024545,3.700009411049905,9.937213436782258
2025-10-30 11:45:27.176,5.66653955165566,7.981660674175146,3.701194020186449,9.942109821213307
2025-10-30 11:45:28.201,5.666697499540533,7.9824504135995085,3.6996935152801598,9.948664658435519
2025-10-30 11:45:29.227,5.667329291080023,7.982055543887327,3.699219671625542,9.955535391427475
2025-10-30 11:45:30.255,5.667645186849768,7.982134517829763,3.6992986455679784,9.959799984319034
2025-10-30 11:45:31.283,5.667724160792204,7.981818622060018,3.6981930103738705,9.966986613080735
2025-10-30 11:45:32.311,5.668355952331694,7.981818622060018,3.7002463328772137,9.972356841166402
2025-10-30 11:45:33.337,5.668040056561949,7.982924257254126,3.6984299322011793,9.976384512230652
2025-10-30 11:45:34.363,5.667724160792204,7.982529387541945,3.7018258117259393,9.982307557913373
2025-10-30 11:45:35.394,5.668198004446822,7.981660674175146,3.699535567395287,9.988704447250711
2025-10-30 11:45:36.424,5.668355952331694,7.982924257254126,3.6982719843163068,9.994311597163687
2025-10-30 11:45:37.454,5.668592874159003,7.983082205138999,3.698350958258743,10.001340278040516
2025-10-30 11:45:38.484,5.668355952331694,7.982687335426817,3.698035062488998,10.004262313910658
2025-10-30 11:45:39.509,5.669145691756057,7.982608361484381,3.6996145413377235,10.010738177190433
2025-10-30 11:45:40.539,5.66930363964093,7.981581700232709,3.699456593452851,10.01737198835508
2025-10-30 11:45:41.569,5.6692246656984935,7.981976569944891,3.7010360723015765,10.02266324249831
2025-10-30 11:45:42.600,5.669540561468239,7.981344778405401,3.699219671625542,10.027638600871796
2025-10-30 11:45:43.632,5.670014405122856,7.9822134917722,3.700878124416704,10.034035490209135
2025-10-30 11:45:44.656,5.6700933790652925,7.9822134917722,3.7001673589347774,10.040037509834292
2025-10-30 11:45:45.692,5.670172353007729,7.982134517829763,3.699140697683106,10.045881581574577
2025-10-30 11:45:46.722,5.670409274835038,7.982608361484381,3.7012729941288853,10.051883601199734
2025-10-30 11:45:47.744,5.67056722271991,7.981581700232709,3.700009411049905,10.057727672940018
2025-10-30 11:45:48.775,5.670804144547219,7.9822134917722,3.70032530681965,10.062624057371067
2025-10-30 11:45:49.805,5.670883118489655,7.98284528331169,3.6990617237406695,10.067520441802117