RealTimestamp,Local_temperature (C),furnace_thermocouple_Voltage (mV),WGM701_Voltage (V),CVM211_Voltage (V),Baratron626D_1KT_Voltage (V),Baratron626D_1T_Voltage (V)
2026-01-18 20:10:37.528,22.69116595185551,11.245395197136077,3.1257898755957285,1.0038390162753785,0.08166029044696188,0.21188832152438408
2026-01-18 20:10:38.557,22.69846148568388,11.241449008764448,3.1257898755957285,1.0053395211816678,0.08023875948310888,0.21054576450296736
2026-01-18 20:10:39.588,22.69116595185551,11.256444524576636,3.1260267974230374,1.0047077296421776,0.08173926438939816,0.21117755604245758
2026-01-18 20:10:40.616,22.69846148568388,11.247762910159054,3.125631927710856,1.00423388598756,0.08079157708016282,0.2096770511361683
2026-01-18 20:10:41.645,22.69116595185551,11.238292058067145,3.1254739798259834,1.0051815732967952,0.0801597855406726,0.2093611553664232
2026-01-18 20:10:42.674,22.69116595185551,11.26117995062259,3.125395005883547,1.0053395211816678,0.08142336861965305,0.20904525959667808
2026-01-18 20:10:43.702,22.69116595185551,11.25407681155366,3.125868849538165,1.0055764430089766,0.08213413410157955,0.2086503898844967
2026-01-18 20:10:44.730,22.683870418027254,11.246184434810402,3.1257109016532922,1.0051815732967952,0.08166029044696188,0.20944012930885947
2026-01-18 20:10:45.758,22.69116595185551,11.250919860856357,3.125868849538165,1.0047867035846139,0.08118644679234421,0.2078606504601339
2026-01-18 20:10:46.783,22.69116595185551,11.26117995062259,3.1255529537684197,1.005102599354359,0.08134439467721677,0.2092821814239869
2026-01-18 20:10:47.811,22.683870418027254,11.25960147527394,3.125631927710856,1.0043918338724325,0.08102849890747166,0.20920320748155063
2026-01-18 20:10:48.839,22.69116595185551,11.231188918998214,3.1252370579986746,1.0049446514694864,0.08023875948310888,0.2089662856542418
2026-01-18 20:10:49.869,22.683870418027254,11.261969188296916,3.12618474530791,1.0043918338724325,0.08379258689274138,0.2110985821000213
2026-01-18 20:10:50.896,22.69846148568388,11.261969188296916,3.125947823480601,1.0044708078148687,0.08150234256208932,0.20959807719373202
2026-01-18 20:10:51.926,22.69846148568388,11.29985259666455,3.1269744847322727,1.0048656775270501,0.07992286371336377,0.20944012930885947
2026-01-18 20:10:52.952,22.69116595185551,11.252498336205008,3.1314759994511405,1.0047077296421776,0.08189721227427071,0.21204626940925664
2026-01-18 20:10:53.976,22.69116595185551,11.249341385507705,3.134398035321283,1.0050236254119227,0.08150234256208932,0.20888731171180552
2026-01-18 20:10:55.003,22.683870418027254,11.287224793875339,3.136767253594371,1.0039179902178148,0.08102849890747166,0.2085714159420604
2026-01-18 20:10:56.031,22.69116595185551,11.252498336205008,3.1382677585006604,1.0048656775270501,0.08142336861965305,0.20944012930885947
2026-01-18 20:10:57.059,22.69116595185551,11.269072327365848,3.1393733936947683,1.0047867035846139,0.08031773342554516,0.2093611553664232
2026-01-18 20:10:58.087,22.69116595185551,11.258022999925288,3.1394523676372046,1.0053395211816678,0.08395053477761394,0.21101960815758503
2026-01-18 20:10:59.115,22.69116595185551,11.25960147527394,3.1399262112918223,1.0048656775270501,0.08023875948310888,0.20944012930885947
2026-01-18 20:11:00.145,22.69116595185551,11.24855214783338,3.14040005494644,1.004549781757305,0.08000183765580005,0.2092821814239869
2026-01-18 20:11:01.175,22.683870418027254,11.291960219921293,3.1403210810040036,1.3044928151302884,0.08118644679234421,0.2103878166180948
2026-01-18 20:11:02.205,22.69116595185551,11.26512613899422,3.1411897943708027,1.3047297369575972,0.0808705510225991,0.20975602507860458
2026-01-18 20:11:03.235,22.69116595185551,11.284857080852362,3.1414267161981115,1.304966658784906,0.08063362919529027,0.2086503898844967
2026-01-18 20:11:04.264,22.69116595185551,11.256444524576636,3.141584664082984,1.3047297369575972,0.08094952496503538,0.20888731171180552
2026-01-18 20:11:05.295,22.69116595185551,11.299063358990225,3.141584664082984,1.3041769193605433,0.08166029044696188,0.20951910325129575
2026-01-18 20:11:06.324,22.69116595185551,11.2430274841131,3.1422164556224743,1.3048876848424698,0.08118644679234421,0.20849244199962413
2026-01-18 20:11:07.352,22.69116595185551,11.25013062318203,3.1420585077376018,1.4808416285904968,0.08166029044696188,0.20920320748155063
2026-01-18 20:11:08.379,22.69846148568388,11.267493852017196,3.1422954295649106,1.4810785504178057,0.08023875948310888,0.2093611553664232
2026-01-18 20:11:09.405,22.69116595185551,11.247762910159054,3.142453377449783,1.4798149673388252,0.08205516015914327,0.2100719208483497
2026-01-18 20:11:10.433,22.69116595185551,11.240659771090122,3.1425323513922194,1.479735993396389,0.08110747284990794,0.2096770511361683
2026-01-18 20:11:11.460,22.69116595185551,11.260390712948265,3.1434010647590185,1.6045937963881443,0.08166029044696188,0.20880833776936925
2026-01-18 20:11:12.489,22.69116595185551,11.252498336205008,3.1430851689892734,1.604514822445708,0.08118644679234421,0.21228319123656547
2026-01-18 20:11:13.518,22.69116595185551,11.275386228760453,3.1430851689892734,1.603962004848654,0.08316079535325116,0.20888731171180552
2026-01-18 20:11:14.547,22.683870418027254,11.258022999925288,3.143243116874146,1.6037250830213452,0.08150234256208932,0.20951910325129575
2026-01-18 20:11:15.580,22.683870418027254,11.235135107369842,3.1434800387014548,1.6042779006183991,0.08221310804401583,0.20880833776936925
2026-01-18 20:11:16.610,22.69116595185551,11.23750282039282,3.1434010647590185,1.701731745584766,0.08150234256208932,0.20944012930885947
2026-01-18 20:11:17.640,22.69116595185551,11.258812237599614,3.1437169605287636,1.7024425110666925,0.08181823833183444,0.2085714159420604
2026-01-18 20:11:18.670,22.683870418027254,11.28880326922399,3.1437959344712,1.7807846619634802,0.08450335237466788,0.21236216517900175
2026-01-18 20:11:19.700,22.683870418027254,11.276964704109105,3.1441908041833813,1.780705688021044,0.08142336861965305,0.20959807719373202
2026-01-18 20:11:20.727,22.69116595185551,11.258022999925288,3.1441908041833813,1.7796790267693723,0.08323976929568744,0.20991397296347714
2026-01-18 20:11:21.754,22.683870418027254,11.288014031549665,3.144111830240945,1.7812585056180978,0.08181823833183444,0.20991397296347714
2026-01-18 20:11:22.782,22.69116595185551,11.229610443649563,3.1449015696653078,1.848070460919189,0.08221310804401583,0.20841346805718786
2026-01-18 20:11:23.811,22.69116595185551,11.249341385507705,3.144743621780435,1.8470437996675173,0.08331874323812372,0.20944012930885947
2026-01-18 20:11:24.840,22.69116595185551,11.243816721787425,3.1449015696653078,1.8473596954372624,0.08150234256208932,0.2085714159420604
2026-01-18 20:11:25.866,22.69116595185551,11.253287573879334,3.145217465435053,1.9065901522644708,0.08118644679234421,0.20912423353911436
2026-01-18 20:11:26.892,22.69116595185551,11.23197815667254,3.145217465435053,1.9059583607249806,0.08094952496503538,0.20920320748155063
2026-01-18 20:11:27.921,22.69116595185551,11.261969188296916,3.144980543607744,1.9062742564947257,0.08126542073478049,0.2082555201723153
2026-01-18 20:11:28.949,22.69116595185551,11.257233762250962,3.1456913090896705,1.9576862930207426,0.08260797775619722,0.21030884267565852
2026-01-18 20:11:29.981,22.683870418027254,11.25960147527394,3.1456123351472343,1.9567386057115073,0.08047568131041771,0.20817654622987902
2026-01-18 20:11:31.007,22.69116595185551,11.249341385507705,3.1459282309169794,1.9576073190783063,0.08363463900786883,0.20959807719373202
2026-01-18 20:11:32.036,22.69116595185551,11.284857080852362,3.146086178801852,2.002464518382112,0.08387156083517766,0.21015089479078597
2026-01-18 20:11:33.066,22.69116595185551,11.288014031549665,3.1463231006291608,2.0026224662669847,0.08126542073478049,0.2118093475819478
2026-01-18 20:11:34.095,22.683870418027254,11.244605959461751,3.1464810485140333,2.0020696486699308,0.08134439467721677,0.20872936382693297
2026-01-18 20:11:35.122,22.69116595185551,11.23197815667254,3.1467969442837784,2.0445576297006482,0.08071260313772655,0.20944012930885947
2026-01-18 20:11:36.150,22.69116595185551,11.24855214783338,3.1470338661110873,2.0449524994128296,0.0808705510225991,0.2093611553664232
2026-01-18 20:11:37.178,22.69116595185551,11.261969188296916,3.1471128400535235,2.0445576297006482,0.08347669112299627,0.21046679056053108
2026-01-18 20:11:38.206,22.69116595185551,11.246973672484728,3.146717970341342,2.0443207078733394,0.08308182141081488,0.20912423353911436
2026-01-18 20:11:39.233,22.69116595185551,11.241449008764448,3.1474287358232687,2.082859991782243,0.08395053477761394,0.20951910325129575
2026-01-18 20:11:40.263,22.69116595185551,11.228821205975237,3.1470338661110873,2.082307174185189,0.08079157708016282,0.2089662856542418
2026-01-18 20:11:41.295,22.69116595185551,11.286435556201013,3.1477446315930138,2.0821492263003165,0.08181823833183444,0.2103878166180948
2026-01-18 20:11:42.324,22.69846148568388,11.268283089691522,3.1477446315930138,2.116423917317661,0.08268695169863349,0.20991397296347714
2026-01-18 20:11:43.349,22.69116595185551,11.247762910159054,3.1479025794778863,2.117529552511769,0.08094952496503538,0.2093611553664232
2026-01-18 20:11:44.379,22.69116595185551,11.25960147527394,3.14782360553545,2.1168187870298425,0.08150234256208932,0.20888731171180552
2026-01-18 20:11:45.407,22.69116595185551,11.246973672484728,3.1484553970749403,2.116344943375225,0.08023875948310888,0.21054576450296736
2026-01-18 20:11:46.435,22.683870418027254,11.273807753411802,3.148139501305195,2.426712537149797,2.8841296117407182,0.21212524335169292
2026-01-18 20:11:47.462,22.69116595185551,11.236713582718494,3.1496400062114844,4.038570702274228,3.703484264517101,0.20880833776936925
2026-01-18 20:11:48.490,22.69116595185551,11.249341385507705,3.1502717977509747,7.9824504135995085,3.789881757542389,0.21125652998489386
2026-01-18 20:11:49.518,22.683870418027254,11.243816721787425,3.1570635568004946,7.983003231196562,3.8332384519399056,0.2110985821000213
2026-01-18 20:11:50.546,22.683870418027254,11.26512613899422,3.1768860163520003,7.983161179081435,3.8622218888140196,0.20991397296347714
2026-01-18 20:11:51.572,22.683870418027254,11.276964704109105,3.2106868637147272,7.981818622060018,3.8834658793293784,0.21070371238783991
2026-01-18 20:11:52.601,22.69116595185551,11.260390712948265,3.2513584440694103,7.983161179081435,3.9008401466653595,0.2110985821000213
2026-01-18 20:11:53.629,22.69116595185551,11.252498336205008,3.293925399042564,7.982055543887327,3.915213404188762,0.2132308785458008
2026-01-18 20:11:54.654,22.69116595185551,11.284067843178036,3.333096474490958,7.981660674175146,3.9286389744029293,0.21070371238783991
2026-01-18 20:11:55.684,22.676574884198885,11.258022999925288,3.3761372731187294,7.982766309369254,3.9448286326023663,0.21054576450296736
2026-01-18 20:11:56.710,22.69116595185551,11.254866049227985,3.4145186091427604,7.981265804462964,3.9568326718526805,0.2114934518122027
2026-01-18 20:11:57.738,22.683870418027254,11.280121654806408,3.450451752951267,7.982924257254126,3.9604654732047493,0.21299395671849197
2026-01-18 20:11:58.767,22.69116595185551,11.245395197136077,3.4861479749324644,7.982608361484381,3.9627557175354013,0.2118093475819478
2026-01-18 20:11:59.792,22.683870418027254,11.28880326922399,3.517263708252358,7.982529387541945,3.964414170326563,0.21244113912143803
2026-01-18 20:12:00.823,22.683870418027254,11.284067843178036,3.5483794415722514,7.983003231196562,3.961571108398857,0.2125201130638743
2026-01-18 20:12:01.853,22.69116595185551,11.253287573879334,3.5637003864048893,7.9810288826356555,3.961808030226166,0.21346780037310964
2026-01-18 20:12:02.881,22.683870418027254,11.246973672484728,3.5566717055280606,7.980870934750783,3.9625187957080925,0.2139416440277273
2026-01-18 20:12:03.911,22.683870418027254,11.25013062318203,3.590867422602969,7.9824504135995085,3.961571108398857,0.21457343556721753
2026-01-18 20:12:04.942,22.683870418027254,11.235924345044168,3.62182520803799,7.9818975960024545,3.9630716133051465,0.21473138345209009
2026-01-18 20:12:05.970,22.683870418027254,11.24855214783338,3.6509665927969763,7.984266814275543,3.960939316859367,0.21670573201299703
2026-01-18 20:12:06.997,22.676574884198885,11.267493852017196,3.6745798015854234,7.982292465714636,3.964098274556818,0.21496830527939892
2026-01-18 20:12:08.024,22.683870418027254,11.242238246438774,3.6936125217125664,7.982134517829763,3.9613341865715483,0.21567907076132542
2026-01-18 20:12:09.052,22.683870418027254,11.23197815667254,3.712013450300219,7.983003231196562,3.962044952053475,0.2182852108617226
2026-01-18 20:12:10.079,22.683870418027254,11.264336901319894,3.728992847924019,7.983161179081435,3.962597769650529,0.21654778412812448
2026-01-18 20:12:11.106,22.683870418027254,11.244605959461751,3.745261480065892,7.9833191269663075,3.9602285513774405,0.2167847059554333
2026-01-18 20:12:12.137,22.683870418027254,11.233556632021191,3.760266529128785,7.982055543887327,3.961492134456421,0.21773239326466864
2026-01-18 20:12:13.168,22.676574884198885,11.239870533415797,3.775587473961423,7.9818975960024545,3.961176238686676,0.21939084605583048
2026-01-18 20:12:14.196,22.676574884198885,11.260390712948265,3.793514558894458,7.9818975960024545,3.9603075253198767,0.21844315874659515
2026-01-18 20:12:15.225,22.683870418027254,11.25407681155366,3.811204722000184,7.98284528331169,3.961808030226166,0.2204175073075021
2026-01-18 20:12:16.255,22.683870418027254,11.249341385507705,3.823682604905116,7.983792970620925,3.9604654732047493,0.21986468971044815
2026-01-18 20:12:17.283,22.676574884198885,11.247762910159054,3.838766627910445,7.982924257254126,3.9618870041686023,0.21907495028608537
2026-01-18 20:12:18.317,22.676574884198885,11.239870533415797,3.854087572743083,7.982766309369254,3.9639403266719455,0.21915392422852165
2026-01-18 20:12:19.347,22.683870418027254,11.243816721787425,3.866328533820706,7.982292465714636,3.962044952053475,0.22049648124993837
2026-01-18 20:12:20.378,22.676574884198885,11.251709098530682,3.876516172394986,7.9822134917722,3.9607813689744944,0.21986468971044815
2026-01-18 20:12:21.405,22.683870418027254,11.25565528690231,3.8871776546238834,7.982687335426817,3.9616500823412935,0.21939084605583048
2026-01-18 20:12:22.433,22.676574884198885,11.245395197136077,3.897839136852781,7.982608361484381,3.961808030226166,0.2218390382713551
2026-01-18 20:12:23.459,22.676574884198885,11.26117995062259,3.9068421662905166,7.9818975960024545,3.9613341865715483,0.22294467346546298
2026-01-18 20:12:24.491,22.676574884198885,11.252498336205008,3.9170298048647965,7.981581700232709,3.9618870041686023,0.2218390382713551
2026-01-18 20:12:25.527,22.683870418027254,11.257233762250962,3.9272964173815126,7.9833191269663075,3.960149577435004,0.22160211644404626
2026-01-18 20:12:26.557,22.683870418027254,11.253287573879334,3.9344040722007776,7.9833191269663075,3.963782378787073,0.22278672558059043
2026-01-18 20:12:27.589,22.66927935037063,11.273807753411802,3.9442758150053123,7.981423752347837,3.962123925995911,0.22262877769571787
2026-01-18 20:12:28.621,22.66927935037063,11.256444524576636,3.9514624437670136,7.983082205138999,3.961255212629112,0.22349749106251693
2026-01-18 20:12:29.651,22.683870418027254,11.271440040388825,3.95896496829846,7.983950918505798,3.9616500823412935,0.2235764650049532
2026-01-18 20:12:30.680,22.676574884198885,11.256444524576636,3.9645721182114357,7.9824504135995085,3.960386499262313,0.22278672558059043
2026-01-18 20:12:31.708,22.676574884198885,11.260390712948265,3.9713638772609556,7.982608361484381,3.960702395032058,0.22657747481753177
2026-01-18 20:12:32.737,22.66927935037063,11.25407681155366,3.978866401792402,7.9818975960024545,3.961571108398857,0.22349749106251693
2026-01-18 20:12:33.769,22.676574884198885,11.25960147527394,3.9870007178633387,7.9822134917722,3.960386499262313,0.22586670933560526
2026-01-18 20:12:34.797,22.676574884198885,11.251709098530682,3.9909494149851525,7.981739648117582,3.963466483017328,0.2242872304868797
2026-01-18 20:12:35.825,22.676574884198885,11.257233762250962,3.9983729655741627,7.983003231196562,3.961176238686676,0.22460312625662482
2026-01-18 20:12:36.853,22.66927935037063,11.280910892480733,4.006744203472408,7.982371439657072,3.9610182908018032,0.22523491779611504
2026-01-18 20:12:37.880,22.66927935037063,11.25407681155366,4.015115441370654,7.981976569944891,3.960939316859367,0.227209266357022
2026-01-18 20:12:38.907,22.66927935037063,11.25407681155366,4.021433356765556,7.9824504135995085,3.9602285513774405,0.22523491779611504
2026-01-18 20:12:39.936,22.66927935037063,11.250919860856357,4.02877793341213,7.982292465714636,3.961492134456421,0.22555081356586015
2026-01-18 20:12:40.964,22.676574884198885,11.2706508027145,4.036912249483066,7.983082205138999,3.9622818738807837,0.22491902202636993
2026-01-18 20:12:41.992,22.66927935037063,11.257233762250962,4.042519399396042,7.98071298686591,3.962044952053475,0.22736721424189454
2026-01-18 20:12:43.021,22.683870418027254,11.256444524576636,4.047415783827091,7.982608361484381,3.963545456959764,0.22665644875996804
2026-01-18 20:12:44.051,22.66927935037063,11.275386228760453,4.053654725279557,7.982924257254126,3.960939316859367,0.22768311001163966
2026-01-18 20:12:45.083,22.66927935037063,11.238292058067145,4.060999301926131,7.98284528331169,3.9636244309022004,0.22799900578138477
2026-01-18 20:12:46.109,22.66927935037063,11.254866049227985,4.06589568635718,7.982134517829763,3.9639403266719455,0.22728824029945827
2026-01-18 20:12:47.137,22.66927935037063,11.235924345044168,4.07331923694619,7.982608361484381,3.962123925995911,0.227209266357022
2026-01-18 20:12:48.167,22.66927935037063,11.292749457595619,4.079558178398656,7.9822134917722,3.9614131605139846,0.22807797972382104
2026-01-18 20:12:49.198,22.66927935037063,11.26512613899422,4.0864289113906125,7.9810288826356555,3.9622028999383474,0.22815695366625732
2026-01-18 20:12:50.223,22.66927935037063,11.25565528690231,4.089824790915372,7.981581700232709,3.9607813689744944,0.22799900578138477
2026-01-18 20:12:51.250,22.66927935037063,11.261969188296916,4.09306272255526,7.98284528331169,3.960939316859367,0.22910464097549266
2026-01-18 20:12:52.278,22.66927935037063,11.236713582718494,4.099301664007726,7.981739648117582,3.961808030226166,0.228630797320875
2026-01-18 20:12:53.306,22.66927935037063,11.252498336205008,4.105224709690447,7.983082205138999,3.9616500823412935,0.22989438039985544
2026-01-18 20:12:54.336,22.66927935037063,11.25565528690231,4.1111477553731675,7.981739648117582,3.9610972647442395,0.2292625888603652
2026-01-18 20:12:55.366,22.66927935037063,11.243816721787425,4.116044139804217,7.982055543887327,3.9622818738807837,0.22902566703305638
2026-01-18 20:12:56.397,22.66927935037063,11.292749457595619,4.121888211544501,7.982608361484381,3.9619659781110386,0.23028925011203683
2026-01-18 20:12:57.425,22.66927935037063,11.264336901319894,4.127416387515041,7.981265804462964,3.961571108398857,0.2293415628028015
2026-01-18 20:12:58.457,22.66198381654226,11.295906408292922,4.133102511370453,7.982134517829763,3.9613341865715483,0.23028925011203683
2026-01-18 20:12:59.483,22.66927935037063,11.249341385507705,4.137446078204448,7.9833191269663075,3.961492134456421,0.231473859248581
2026-01-18 20:13:00.516,22.66927935037063,11.260390712948265,4.142658358405242,7.98347707485118,3.962123925995911,0.2325005205002526
2026-01-18 20:13:01.541,22.66198381654226,11.262758425971242,4.147633716778728,7.980555038981038,3.962044952053475,0.23092104165152705
2026-01-18 20:13:02.569,22.66198381654226,11.251709098530682,4.153635736403885,7.983161179081435,3.962913665420274,0.23163180713345355
2026-01-18 20:13:03.600,22.66198381654226,11.254866049227985,4.157821355353008,7.983161179081435,3.9637034048446367,0.231473859248581
2026-01-18 20:13:04.631,22.66927935037063,11.258022999925288,4.1637444010357285,7.981581700232709,3.961176238686676,0.2325005205002526
2026-01-18 20:13:05.659,22.66198381654226,11.23750282039282,4.169272577006268,7.983792970620925,3.961808030226166,0.23376410357923305
2026-01-18 20:13:06.686,22.66198381654226,11.250919860856357,4.174642805091935,7.981344778405401,3.961492134456421,0.23171078107588983
2026-01-18 20:13:07.719,22.66198381654226,11.269861565040173,4.180013033177602,7.982529387541945,3.9619659781110386,0.2325005205002526
2026-01-18 20:13:08.748,22.66198381654226,11.258022999925288,4.188384271075847,7.982766309369254,3.961492134456421,0.23344820780948794
2026-01-18 20:13:09.777,22.66198381654226,11.264336901319894,4.195176030125367,7.982924257254126,3.9630716133051465,0.23407999934897816
2026-01-18 20:13:10.810,22.66198381654226,11.25565528690231,4.196281665319475,7.982529387541945,3.961255212629112,0.23573845214014
2026-01-18 20:13:11.842,22.65468828271395,11.25407681155366,4.200941127923215,7.9824504135995085,3.964019300614382,0.23368512963679677
2026-01-18 20:13:12.874,22.65468828271395,11.260390712948265,4.204968798987466,7.981581700232709,3.962123925995911,0.2354225563703949
2026-01-18 20:13:13.904,22.65468828271395,11.234345869695517,4.2097862094760785,7.983003231196562,3.962676743592965,0.23455384300359583
2026-01-18 20:13:14.936,22.66198381654226,11.293538695269945,4.21144466226724,7.982608361484381,3.9619659781110386,0.23550153031283116
2026-01-18 20:13:15.973,22.66198381654226,11.242238246438774,4.214761567849564,7.98347707485118,3.9647300660963083,0.2361333218523214
2026-01-18 20:13:17.004,22.65468828271395,11.25407681155366,4.219421030453304,7.983556048793616,3.9610972647442395,0.23526460848552233
2026-01-18 20:13:18.037,22.65468828271395,11.25407681155366,4.223606649402427,7.981581700232709,3.960702395032058,0.23589640002501255
2026-01-18 20:13:19.066,22.66198381654226,11.245395197136077,4.227081502869623,7.98284528331169,3.96236084782322,0.23550153031283116
2026-01-18 20:13:20.095,22.65468828271395,11.301431072013202,4.230951226049001,7.981976569944891,3.962044952053475,0.2368440873342479
2026-01-18 20:13:21.123,22.65468828271395,11.23750282039282,4.2339522358615795,7.9822134917722,3.961571108398857,0.23739690493130183
2026-01-18 20:13:22.151,22.65468828271395,11.256444524576636,4.237821959040957,7.982608361484381,3.9622818738807837,0.23771280070104694
2026-01-18 20:13:23.179,22.65468828271395,11.246184434810402,4.2401911773140455,7.981818622060018,3.9619659781110386,0.23739690493130183
2026-01-18 20:13:24.208,22.65468828271395,11.252498336205008,4.243508082896369,7.980318117153729,3.960939316859367,0.23802869647079206
2026-01-18 20:13:25.238,22.647392748885636,11.249341385507705,4.245956275111894,7.981265804462964,3.9639403266719455,0.23771280070104694
2026-01-18 20:13:26.268,22.647392748885636,11.254866049227985,4.248957284924472,7.9818975960024545,3.961255212629112,0.238581514067846
2026-01-18 20:13:27.298,22.65468828271395,11.254866049227985,4.2544064869525755,7.980634012923474,3.962123925995911,0.23945022743464506
2026-01-18 20:13:28.328,22.65468828271395,11.265915376668545,4.261277219944532,7.982292465714636,3.9608603429169307,0.23921330560733622
2026-01-18 20:13:29.354,22.65468828271395,11.280910892480733,4.265857708605836,7.981344778405401,3.9622818738807837,0.24079278445606178
2026-01-18 20:13:30.383,22.647392748885636,11.25013062318203,4.269490509957905,7.981660674175146,3.961571108398857,0.24087175839849806
2026-01-18 20:13:31.410,22.65468828271395,11.286435556201013,4.275808425352807,7.982292465714636,3.960623421089622,0.24150354993798828
2026-01-18 20:13:32.438,22.647392748885636,11.262758425971242,4.278730461222949,7.982292465714636,3.9607813689744944,0.24095073234093434
2026-01-18 20:13:33.464,22.65468828271395,11.25960147527394,4.281336601323346,7.983003231196562,3.960939316859367,0.2421353414774785
2026-01-18 20:13:34.493,22.65468828271395,11.256444524576636,4.285364272387596,7.9824504135995085,3.962044952053475,0.24166149782286084
2026-01-18 20:13:35.521,22.65468828271395,11.24855214783338,4.289391943451847,7.982687335426817,3.961255212629112,0.24363584638376778
2026-01-18 20:13:36.551,22.647392748885636,11.25407681155366,4.291998083552244,7.981423752347837,3.960623421089622,0.24229328936235106
2026-01-18 20:13:37.582,22.647392748885636,11.261969188296916,4.296657546155984,7.9833191269663075,3.9617290562837297,0.24205636753504223
2026-01-18 20:13:38.610,22.647392748885636,11.25960147527394,4.303133409435759,7.981581700232709,3.960149577435004,0.244267637923258
2026-01-18 20:13:39.638,22.647392748885636,11.295117170618596,4.307161080500009,7.9833191269663075,3.960702395032058,0.24347789849889523
2026-01-18 20:13:40.667,22.647392748885636,11.273018515737476,4.312294386758367,7.982608361484381,3.9610972647442395,0.24379379426864034
2026-01-18 20:13:41.695,22.647392748885636,11.284067843178036,4.315848214168,7.982292465714636,3.961176238686676,0.24663685619634634
2026-01-18 20:13:42.720,22.640097215057324,11.263547663645568,4.318217432441088,7.982608361484381,3.960702395032058,0.24418866398082173
2026-01-18 20:13:43.749,22.647392748885636,11.278543179457756,4.323113816872137,7.982055543887327,3.9610972647442395,0.2463999343690375
2026-01-18 20:13:44.775,22.640097215057324,11.258022999925288,4.32666764428177,7.983003231196562,3.960939316859367,0.2471896737934003
2026-01-18 20:13:45.804,22.640097215057324,11.258022999925288,4.328957888612422,7.982608361484381,3.9639403266719455,0.24553122100223845
2026-01-18 20:13:46.837,22.647392748885636,11.2430274841131,4.3322747941947455,7.983082205138999,3.9607813689744944,0.2475055695631454
2026-01-18 20:13:47.862,22.640097215057324,11.28880326922399,4.335512725834633,7.982766309369254,3.961808030226166,0.24521532523249334
2026-01-18 20:13:48.891,22.647392748885636,11.258812237599614,4.336934256798486,7.981344778405401,3.961255212629112,0.2467948040812189
2026-01-18 20:13:49.920,22.640097215057324,11.260390712948265,4.340014240553501,7.982529387541945,3.9610182908018032,0.2482163350450719
2026-01-18 20:13:50.953,22.640097215057324,11.246184434810402,4.344041911617751,7.982529387541945,3.9610182908018032,0.24797941321776307
2026-01-18 20:13:51.982,22.640097215057324,11.261969188296916,4.346727025660584,7.981976569944891,3.9613341865715483,0.24805838716019935
2026-01-18 20:13:53.013,22.640097215057324,11.24855214783338,4.350438800955089,7.982608361484381,3.962123925995911,0.24995376177867001
2026-01-18 20:13:54.041,22.640097215057324,11.25960147527394,4.354387498076903,7.982766309369254,3.961492134456421,0.2486112047572533
2026-01-18 20:13:55.072,22.640097215057324,11.25565528690231,4.355177237501266,7.982687335426817,3.9610182908018032,0.2520860582244495
2026-01-18 20:13:56.101,22.63280168122901,11.299063358990225,4.358652090968462,7.982292465714636,3.9604654732047493,0.24845325687238073
2026-01-18 20:13:57.128,22.640097215057324,11.260390712948265,4.3607054134718055,7.982134517829763,3.960149577435004,0.25121734485765046
2026-01-18 20:13:58.159,22.63280168122901,11.253287573879334,4.363706423284384,7.983003231196562,3.9622028999383474,0.25058555331816024
2026-01-18 20:13:59.188,22.63280168122901,11.265915376668545,4.367260250694017,7.982529387541945,3.962044952053475,0.2496378660089249
2026-01-18 20:14:00.217,22.63280168122901,11.24855214783338,4.3692345992549235,7.983240153023871,3.9619659781110386,0.25058555331816024
2026-01-18 20:14:01.249,22.63280168122901,11.25565528690231,4.37460482734059,7.9818975960024545,3.9637034048446367,0.2532706673609937
2026-01-18 20:14:02.281,22.640097215057324,11.253287573879334,4.3777637850380415,7.98347707485118,3.960623421089622,0.25153324062739557
2026-01-18 20:14:03.314,22.63280168122901,11.26670461434287,4.379896081483821,7.983082205138999,3.9607813689744944,0.2520860582244495
2026-01-18 20:14:04.350,22.63280168122901,11.26117995062259,4.38416067437538,7.982292465714636,3.9608603429169307,0.25271784976393974
2026-01-18 20:14:05.382,22.63280168122901,11.246973672484728,4.386056048993851,7.9822134917722,3.9608603429169307,0.2535865631307388
2026-01-18 20:14:06.415,22.6255061474007,11.296695645967247,4.387635527842576,7.981344778405401,3.9610182908018032,0.2542973286126653
2026-01-18 20:14:07.446,22.63280168122901,11.258812237599614,4.3919790946765715,7.981660674175146,3.962123925995911,0.25271784976393974
2026-01-18 20:14:08.472,22.63280168122901,11.253287573879334,4.394427286892096,7.982766309369254,3.961808030226166,0.25556091169164574
2026-01-18 20:14:09.501,22.63280168122901,11.25407681155366,4.395690869971077,7.983398100908744,3.961176238686676,0.25382348495804763
2026-01-18 20:14:10.532,22.63280168122901,11.25960147527394,4.399244697380709,7.981423752347837,3.9613341865715483,0.25556091169164574
2026-01-18 20:14:11.562,22.6255061474007,11.252498336205008,4.402719550847905,7.983161179081435,3.9613341865715483,0.25516604197946435
2026-01-18 20:14:12.591,22.6255061474007,11.281700130155059,4.4044569775815035,7.980949908693219,3.9610182908018032,0.25587680746139085
2026-01-18 20:14:13.618,22.6255061474007,11.25960147527394,4.405483638833175,7.983792970620925,3.960702395032058,0.2567455208281899
2026-01-18 20:14:14.648,22.6255061474007,11.26512613899422,4.4079318310487,7.981423752347837,3.961492134456421,0.25658757294331735
2026-01-18 20:14:15.681,22.6255061474007,11.271440040388825,4.409906179609607,7.982924257254126,3.961255212629112,0.25698244265549874
2026-01-18 20:14:16.712,22.6255061474007,11.250919860856357,4.413696928846548,7.983792970620925,3.9617290562837297,0.2581670517920429
2026-01-18 20:14:17.737,22.6255061474007,11.233556632021191,4.414960511925528,7.982687335426817,3.960939316859367,0.25879884333153313
2026-01-18 20:14:18.768,22.618210613572387,11.261969188296916,4.417645625968362,7.982371439657072,3.960939316859367,0.25761423419498897
2026-01-18 20:14:19.795,22.618210613572387,11.234345869695517,4.421436375205303,7.981739648117582,3.964335196384127,0.25950960881345964
2026-01-18 20:14:20.823,22.6255061474007,11.280910892480733,4.423489697708646,7.983161179081435,3.960702395032058,0.2593516609285871
2026-01-18 20:14:21.855,22.618210613572387,11.288014031549665,4.4257799420392985,7.9824504135995085,3.962044952053475,0.26093113977731264
2026-01-18 20:14:22.886,22.618210613572387,11.260390712948265,4.430597352527911,7.982608361484381,3.962123925995911,0.2596675566983322
2026-01-18 20:14:23.918,22.6255061474007,11.26512613899422,4.431781961664456,7.982134517829763,3.9607813689744944,0.2602993482378224
2026-01-18 20:14:24.946,22.618210613572387,11.25407681155366,4.435651684843833,7.982766309369254,3.960386499262313,0.2614839573743666
2026-01-18 20:14:25.975,22.6255061474007,11.257233762250962,4.437862955232049,7.981739648117582,3.9605444471471856,0.26274754045334703
2026-01-18 20:14:27.002,22.618210613572387,11.275386228760453,4.440232173505137,7.98284528331169,3.9638613527295092,0.2614049834319303
2026-01-18 20:14:28.029,22.618210613572387,11.256444524576636,4.442601391778226,7.981739648117582,3.9599126556076953,0.26227369679872936
2026-01-18 20:14:29.060,22.618210613572387,11.302220309687527,4.44844546351851,7.9822134917722,3.962913665420274,0.26487983689912653
2026-01-18 20:14:30.091,22.610915079744018,11.244605959461751,4.464872043545256,7.983398100908744,3.960149577435004,0.2685126382511953
2026-01-18 20:14:31.124,22.618210613572387,11.274596991086128,4.476402239140953,7.9833191269663075,3.9616500823412935,0.2696182734453032
2026-01-18 20:14:32.156,22.618210613572387,11.242238246438774,4.484536555211889,7.982687335426817,3.96236084782322,0.27301415297006315
2026-01-18 20:14:33.187,22.610915079744018,11.29985259666455,4.4897488354126835,7.983635022736053,3.961255212629112,0.27514644941584265
2026-01-18 20:14:34.218,22.618210613572387,11.26117995062259,4.495040089555914,7.981818622060018,3.9616500823412935,0.27909514653765655
2026-01-18 20:14:35.247,22.610915079744018,11.258812237599614,4.50191082254787,7.982608361484381,3.9604654732047493,0.28051667750150955
2026-01-18 20:14:36.276,22.610915079744018,11.258812237599614,4.508939503424699,7.98347707485118,3.963229561190019,0.28446537462332344
2026-01-18 20:14:37.307,22.603619545915763,11.262758425971242,4.515099470934729,7.981344778405401,3.9604654732047493,0.2861238274144853
2026-01-18 20:14:38.339,22.610915079744018,11.2706508027145,4.523312760948102,7.982529387541945,3.9624398217656562,0.290309446363608
2026-01-18 20:14:39.371,22.603619545915763,11.263547663645568,4.531052207306857,7.982134517829763,3.961255212629112,0.2928366125215689
2026-01-18 20:14:40.400,22.603619545915763,11.280121654806408,4.536738331162269,7.980791960808347,3.9605444471471856,0.29481096108247584
2026-01-18 20:14:41.433,22.610915079744018,11.25960147527394,4.543056246557171,7.982055543887327,3.9614131605139846,0.2984437624345446
2026-01-18 20:14:42.463,22.603619545915763,11.239081295741471,4.548584422527711,7.982055543887327,3.961255212629112,0.29939144974377996
2026-01-18 20:14:43.494,22.603619545915763,11.26512613899422,4.555455155519667,7.981818622060018,3.962044952053475,0.3027873292685399
2026-01-18 20:14:44.520,22.603619545915763,11.276964704109105,4.562404862454059,7.981423752347837,3.964019300614382,0.3061042348508636
2026-01-18 20:14:45.549,22.603619545915763,11.302220309687527,4.56895969967627,7.982529387541945,3.9622818738807837,0.30720987004497147
2026-01-18 20:14:46.575,22.603619545915763,11.26512613899422,4.5752776150711725,7.983161179081435,3.9616500823412935,0.31044780168485886
2026-01-18 20:14:47.601,22.596324012087393,11.268283089691522,4.5804109213295305,7.9824504135995085,3.960386499262313,0.3142385509218002
2026-01-18 20:14:48.628,22.596324012087393,11.251709098530682,4.588387289515595,7.98284528331169,3.9604654732047493,0.3149493164037267
2026-01-18 20:14:49.657,22.596324012087393,11.268283089691522,4.593125726061771,7.981739648117582,3.963782378787073,0.3181082741011778
2026-01-18 20:14:50.686,22.596324012087393,11.262758425971242,4.5994436414566735,7.981502726290273,3.961255212629112,0.32110928391375637
2026-01-18 20:14:51.712,22.596324012087393,11.253287573879334,4.605445661081831,7.982134517829763,3.960070603492568,0.32332055430197215
2026-01-18 20:14:52.738,22.603619545915763,11.26512613899422,4.6113687067645515,7.981423752347837,3.9618870041686023,0.32545285074775165
2026-01-18 20:14:53.765,22.603619545915763,11.262758425971242,4.616738934850218,7.981660674175146,3.961255212629112,0.3270323295964772
2026-01-18 20:14:54.794,22.596324012087393,11.26117995062259,4.6241624854392285,7.982055543887327,3.9630716133051465,0.3313758964304725
2026-01-18 20:14:55.823,22.596324012087393,11.234345869695517,4.6284270783307875,7.981423752347837,3.9610972647442395,0.33256050556701666
2026-01-18 20:14:56.854,22.596324012087393,11.25407681155366,4.6321388536252925,7.982687335426817,3.960149577435004,0.33650920268883056
2026-01-18 20:14:57.885,22.589028478259138,11.263547663645568,4.635692681034925,7.981265804462964,3.9599126556076953,0.33729894211319333
2026-01-18 20:14:58.915,22.596324012087393,11.262758425971242,4.639088560559685,7.981107856578092,3.9614131605139846,0.343458909623223
2026-01-18 20:14:59.941,22.589028478259138,11.263547663645568,4.642010596429827,7.981818622060018,3.9610972647442395,0.3441696751051495
2026-01-18 20:15:00.972,22.596324012087393,11.265915376668545,4.645880319609205,7.982687335426817,3.9610972647442395,0.34717068491772807
2026-01-18 20:15:02.002,22.596324012087393,11.265915376668545,4.649671068846146,7.982608361484381,3.9613341865715483,0.34867118982401735
2026-01-18 20:15:03.033,22.596324012087393,11.269861565040173,4.65298797442847,7.981976569944891,3.9617290562837297,0.35230399117608613
2026-01-18 20:15:04.061,22.589028478259138,11.261969188296916,4.657094619435156,7.981502726290273,3.9608603429169307,0.3556208967584098
2026-01-18 20:15:05.088,22.589028478259138,11.252498336205008,4.6602535771326075,7.981976569944891,3.9605444471471856,0.35585781858571863
2026-01-18 20:15:06.116,22.589028478259138,11.267493852017196,4.663728430599804,7.982371439657072,3.9610972647442395,0.3616229163835669
2026-01-18 20:15:07.143,22.589028478259138,11.238292058067145,4.667124310124564,7.983161179081435,3.9613341865715483,0.3628075255201111
2026-01-18 20:15:08.173,22.589028478259138,11.26117995062259,4.669730450224961,7.982924257254126,3.9633875090748916,0.366756222641925
2026-01-18 20:15:09.201,22.589028478259138,11.262758425971242,4.67336325157703,7.981739648117582,3.9603075253198767,0.3663613529297436
2026-01-18 20:15:10.229,22.589028478259138,11.262758425971242,4.676364261389608,7.983003231196562,3.9608603429169307,0.36904646697257704
2026-01-18 20:15:11.257,22.58173294443077,11.265915376668545,4.679839114856804,7.9822134917722,3.964098274556818,0.37157363313053793
2026-01-18 20:15:12.285,22.589028478259138,11.278543179457756,4.6829980725542555,7.984345788217979,3.960623421089622,0.37370592957631743
2026-01-18 20:15:13.312,22.58173294443077,11.273018515737476,4.686630873906324,7.983240153023871,3.9599916295501316,0.3777336006405676
2026-01-18 20:15:14.340,22.58173294443077,11.276964704109105,4.690421623143266,7.981186830520528,3.962597769650529,0.37820744429518527
2026-01-18 20:15:15.367,22.58173294443077,11.265915376668545,4.693738528725589,7.982371439657072,3.9604654732047493,0.380971532280455
2026-01-18 20:15:16.396,22.58173294443077,11.260390712948265,4.69689748642304,7.982608361484381,3.9619659781110386,0.38507817728714144
2026-01-18 20:15:17.419,22.58173294443077,11.261969188296916,4.699977470178055,7.983240153023871,3.960939316859367,0.38713149979048467
2026-01-18 20:15:18.444,22.574437410602457,11.26670461434287,4.703136427875506,7.981976569944891,3.9610972647442395,0.38760534344510233
2026-01-18 20:15:19.475,22.589028478259138,11.282489367829385,4.70582154191834,7.982292465714636,3.960702395032058,0.39186993633666134
2026-01-18 20:15:20.502,22.58173294443077,11.24855214783338,4.708822551730918,7.9810288826356555,3.9607813689744944,0.393765310955132
2026-01-18 20:15:21.532,22.574437410602457,11.280910892480733,4.712534327025423,7.9824504135995085,3.9603075253198767,0.39818785173156357
2026-01-18 20:15:22.559,22.58173294443077,11.251709098530682,4.71600918049262,7.982924257254126,3.9616500823412935,0.39897759115592635
2026-01-18 20:15:23.591,22.58173294443077,11.254866049227985,4.719326086074943,7.983003231196562,3.9608603429169307,0.40182065308363235
2026-01-18 20:15:24.621,22.574437410602457,11.281700130155059,4.722564017714831,7.981344778405401,3.962044952053475,0.4034001319323579
2026-01-18 20:15:25.650,22.574437410602457,11.260390712948265,4.725012209930355,7.981344778405401,3.961255212629112,0.4076647248239169
2026-01-18 20:15:26.676,22.574437410602457,11.256444524576636,4.728408089455115,7.982134517829763,3.960939316859367,0.4090862557877699
2026-01-18 20:15:27.702,22.574437410602457,11.253287573879334,4.732277812634493,7.982371439657072,3.9605444471471856,0.41066573463649547
2026-01-18 20:15:28.732,22.574437410602457,11.25960147527394,4.735041900619763,7.98284528331169,3.963782378787073,0.4140616141612554
2026-01-18 20:15:29.762,22.574437410602457,11.287224793875339,4.738200858317214,7.982687335426817,3.9613341865715483,0.41674672820408887
2026-01-18 20:15:30.788,22.58173294443077,11.290381744572642,4.741201868129792,7.982924257254126,3.9628346914778376,0.4183262070528144
2026-01-18 20:15:31.814,22.58173294443077,11.279332417132082,4.743808008230189,7.983003231196562,3.961571108398857,0.4223538781170646
2026-01-18 20:15:32.842,22.567141876774144,11.276964704109105,4.747440809582258,7.981660674175146,3.9616500823412935,0.42330156542629993
2026-01-18 20:15:33.873,22.574437410602457,11.26117995062259,4.750441819394837,7.981818622060018,3.9633875090748916,0.4291456371665845
2026-01-18 20:15:34.902,22.567141876774144,11.260390712948265,4.754232568631778,7.9824504135995085,3.9633875090748916,0.4288297413968394
2026-01-18 20:15:35.932,22.567141876774144,11.269072327365848,4.756996656617048,7.982371439657072,3.960149577435004,0.43246254274890816
2026-01-18 20:15:36.961,22.567141876774144,11.263547663645568,4.7603135621993715,7.981976569944891,3.963545456959764,0.4340420215976337
2026-01-18 20:15:37.990,22.567141876774144,11.269072327365848,4.763235598069514,7.981423752347837,3.960702395032058,0.4361743180434132
2026-01-18 20:15:39.016,22.574437410602457,11.265915376668545,4.765762764227475,7.982924257254126,3.9624398217656562,0.43996506728035456
2026-01-18 20:15:40.047,22.567141876774144,11.274596991086128,4.768053008558127,7.982924257254126,3.9607813689744944,0.4409127545895899
2026-01-18 20:15:41.077,22.567141876774144,11.268283089691522,4.771764783852632,7.98071298686591,3.9631505872475827,0.44541426930845773
2026-01-18 20:15:42.107,22.559846342945832,11.291170982246967,4.774212976068156,7.982292465714636,3.960386499262313,0.44636195661769307
2026-01-18 20:15:43.133,22.567141876774144,11.264336901319894,4.776661168283681,7.981818622060018,3.961255212629112,0.4491260446029628
2026-01-18 20:15:44.160,22.567141876774144,11.251709098530682,4.779109360499206,7.982292465714636,3.960939316859367,0.4509424452789972
2026-01-18 20:15:45.188,22.559846342945832,11.264336901319894,4.780688839347931,7.981818622060018,3.9614131605139846,0.45362755932183063
2026-01-18 20:15:46.215,22.567141876774144,11.307744973407807,4.782742161851274,7.982371439657072,3.962597769650529,0.4587608655801887
2026-01-18 20:15:47.242,22.567141876774144,11.26670461434287,4.784400614642436,7.983398100908744,3.962676743592965,0.4590767613499338
2026-01-18 20:15:48.271,22.567141876774144,11.246973672484728,4.786848806857961,7.981818622060018,3.9605444471471856,0.4612880317381496
2026-01-18 20:15:49.302,22.559846342945832,11.247762910159054,4.789375973015922,7.981502726290273,3.964414170326563,0.4644469894356007
2026-01-18 20:15:50.335,22.567141876774144,11.256444524576636,4.791271347634392,7.982134517829763,3.961808030226166,0.4680008168452332
2026-01-18 20:15:51.365,22.559846342945832,11.26512613899422,4.791903139173883,7.981739648117582,3.9616500823412935,0.4687115823271597
2026-01-18 20:15:52.390,22.559846342945832,11.260390712948265,4.793956461677226,7.981818622060018,3.963229561190019,0.4705279830031941
2026-01-18 20:15:53.419,22.559846342945832,11.265915376668545,4.796167732065442,7.984424762160415,3.9619659781110386,0.47423975829769915
2026-01-18 20:15:54.447,22.559846342945832,11.288014031549665,4.798221054568785,7.982055543887327,3.9605444471471856,0.4769248723405326
2026-01-18 20:15:55.473,22.559846342945832,11.26512613899422,4.7998005334175105,7.982608361484381,3.9627557175354013,0.478741273016567
2026-01-18 20:15:56.500,22.559846342945832,11.24855214783338,4.801380012266236,7.981818622060018,3.9625187957080925,0.48205817859889066
2026-01-18 20:15:57.530,22.559846342945832,11.256444524576636,4.803907178424197,7.982134517829763,3.961492134456421,0.48426944898710644
2026-01-18 20:15:58.558,22.559846342945832,11.264336901319894,4.805565631215359,7.982529387541945,3.9622028999383474,0.4869545630299399
2026-01-18 20:15:59.587,22.559846342945832,11.274596991086128,4.8077769016035745,7.9818975960024545,3.960623421089622,0.4887709637059743
2026-01-18 20:16:00.613,22.559846342945832,11.240659771090122,4.809514328337173,7.981581700232709,3.9630716133051465,0.4918509474609891
2026-01-18 20:16:01.639,22.559846342945832,11.262758425971242,4.81212046843757,7.981739648117582,3.962123925995911,0.4965893840071658
2026-01-18 20:16:02.666,22.559846342945832,11.300641834338876,4.812673286034624,7.98284528331169,3.960939316859367,0.49572067064036673
2026-01-18 20:16:03.692,22.559846342945832,11.265915376668545,4.814805582480403,7.981502726290273,3.961571108398857,0.49919552410756296
2026-01-18 20:16:04.719,22.559846342945832,11.30537726038483,4.816464035271565,7.983082205138999,3.961176238686676,0.5018806381503964
2026-01-18 20:16:05.744,22.55255080911752,11.257233762250962,4.818596331717345,7.982924257254126,3.9636244309022004,0.5036970388264308
2026-01-18 20:16:06.771,22.55255080911752,11.250919860856357,4.819780940853889,7.98284528331169,3.9625187957080925,0.507171892293627
2026-01-18 20:16:07.795,22.55255080911752,11.269861565040173,4.821913237299668,7.9824504135995085,3.9607813689744944,0.5099359802788967
2026-01-18 20:16:08.824,22.55255080911752,11.262758425971242,4.823334768263521,7.983635022736053,3.960702395032058,0.5134898076885293
2026-01-18 20:16:09.852,22.545255275289207,11.264336901319894,4.826493725960972,7.982292465714636,3.960623421089622,0.513410833746093
2026-01-18 20:16:10.878,22.55255080911752,11.267493852017196,4.827125517500463,7.984029892448234,3.961571108398857,0.517675426637652
2026-01-18 20:16:11.904,22.55255080911752,11.268283089691522,4.829336787888678,7.9810288826356555,3.960939316859367,0.5194918273136864
2026-01-18 20:16:12.931,22.55255080911752,11.26117995062259,4.832179849816384,7.9822134917722,3.9607813689744944,0.5208343843351031
2026-01-18 20:16:13.958,22.55255080911752,11.261969188296916,4.833680354722674,7.981818622060018,3.9627557175354013,0.5265205081905151
2026-01-18 20:16:14.989,22.55255080911752,11.258812237599614,4.834312146262164,7.982371439657072,3.9616500823412935,0.527626143384623
2026-01-18 20:16:16.019,22.545255275289207,11.25407681155366,4.836839312420125,7.982371439657072,3.9644931442689995,0.5301533095425839
2026-01-18 20:16:17.051,22.545255275289207,11.29432793294427,4.837944947614233,7.981502726290273,3.9607813689744944,0.5311009968518192
2026-01-18 20:16:18.081,22.545255275289207,11.240659771090122,4.839682374347831,7.982292465714636,3.9645721182114357,0.535286615800942
2026-01-18 20:16:19.109,22.55255080911752,11.2706508027145,4.841419801081429,7.983082205138999,3.9637034048446367,0.5357604594555596
2026-01-18 20:16:20.136,22.55255080911752,11.26117995062259,4.84394696723939,7.981502726290273,3.9610972647442395,0.5408147917714814
2026-01-18 20:16:21.163,22.545255275289207,11.282489367829385,4.845684393972988,7.981107856578092,3.9616500823412935,0.5440527234113688
2026-01-18 20:16:22.187,22.545255275289207,11.26670461434287,4.8481325861885125,7.982608361484381,3.9616500823412935,0.5439737494689325
2026-01-18 20:16:23.215,22.545255275289207,11.250919860856357,4.8495541171523655,7.983161179081435,3.9637034048446367,0.5474486029361287
2026-01-18 20:16:24.242,22.545255275289207,11.25565528690231,4.850817700231346,7.982529387541945,3.964414170326563,0.5487121860151092
2026-01-18 20:16:25.272,22.545255275289207,11.25565528690231,4.852792048792253,7.981344778405401,3.961492134456421,0.5508444824608887
2026-01-18 20:16:26.304,22.545255275289207,11.264336901319894,4.854213579756106,7.983398100908744,3.96236084782322,0.5549511274675751
2026-01-18 20:16:27.333,22.545255275289207,11.263547663645568,4.856345876201885,7.983003231196562,3.9617290562837297,0.5587418767045165
2026-01-18 20:16:28.361,22.537959741460895,11.261969188296916,4.8572145895686845,7.981502726290273,3.962123925995911,0.5592946943015704
2026-01-18 20:16:29.388,22.530664207632526,11.258812237599614,4.859109964187155,7.982687335426817,3.9639403266719455,0.5605582773805509
2026-01-18 20:16:30.419,22.537959741460895,11.258022999925288,4.860610469093444,7.981976569944891,3.9622028999383474,0.5658495315237815
2026-01-18 20:16:31.449,22.537959741460895,11.276175466434779,4.863137635251405,7.982371439657072,3.9608603429169307,0.5675079843149433
2026-01-18 20:16:32.476,22.537959741460895,11.258812237599614,4.86495403592744,7.982608361484381,3.9608603429169307,0.569403358933414
2026-01-18 20:16:33.501,22.537959741460895,11.268283089691522,4.865980697179111,7.982371439657072,3.9618870041686023,0.5733520560552279
2026-01-18 20:16:34.529,22.537959741460895,11.250919860856357,4.867481202085401,7.9818975960024545,3.96236084782322,0.5743787173068995
2026-01-18 20:16:35.556,22.537959741460895,11.24855214783338,4.868270941509763,7.981818622060018,3.9614131605139846,0.5769848574072967
2026-01-18 20:16:36.587,22.537959741460895,11.263547663645568,4.8700083682433615,7.982529387541945,3.9622028999383474,0.5784853623135859
2026-01-18 20:16:37.615,22.537959741460895,11.271440040388825,4.871192977379906,7.980634012923474,3.9616500823412935,0.5818812418383459
2026-01-18 20:16:38.645,22.537959741460895,11.301431072013202,4.872614508343759,7.983556048793616,3.9625187957080925,0.5831448249173263
2026-01-18 20:16:39.674,22.537959741460895,11.249341385507705,4.873799117480303,7.982608361484381,3.962044952053475,0.587014548096704
2026-01-18 20:16:40.700,22.537959741460895,11.284857080852362,4.875378596329028,7.984345788217979,3.961571108398857,0.5912001670458267
2026-01-18 20:16:41.731,22.530664207632526,11.297484883641573,4.876247309695827,7.981818622060018,3.9610182908018032,0.5904104276214639
2026-01-18 20:16:42.761,22.537959741460895,11.25960147527394,4.877194997005063,7.982608361484381,3.961492134456421,0.5937273332037876
2026-01-18 20:16:43.791,22.537959741460895,11.246973672484728,4.879090371623533,7.982766309369254,3.9617290562837297,0.5962544993617485
2026-01-18 20:16:44.816,22.537959741460895,11.257233762250962,4.8799590849903325,7.9838719445633615,3.9622818738807837,0.6003611443684349
2026-01-18 20:16:45.844,22.530664207632526,11.269861565040173,4.881538563839058,7.982924257254126,3.9614131605139846,0.6009139619654889
2026-01-18 20:16:46.871,22.530664207632526,11.296695645967247,4.88319701663022,7.981344778405401,3.9616500823412935,0.6032831802385772
2026-01-18 20:16:47.899,22.530664207632526,11.278543179457756,4.883907782112146,7.983161179081435,3.9628346914778376,0.6075477731301362
2026-01-18 20:16:48.926,22.537959741460895,11.296695645967247,4.885566234903308,7.983161179081435,3.964414170326563,0.6079426428423176
2026-01-18 20:16:49.957,22.530664207632526,11.250919860856357,4.886987765867161,7.981581700232709,3.964888013981181,0.612602105446058
2026-01-18 20:16:50.985,22.530664207632526,11.253287573879334,4.888251348946142,7.982608361484381,3.962676743592965,0.6142605582372198
2026-01-18 20:16:52.017,22.530664207632526,11.25960147527394,4.889672879909995,7.981344778405401,3.9628346914778376,0.617735411704416
2026-01-18 20:16:53.048,22.530664207632526,11.249341385507705,4.891173384816284,7.983003231196562,3.961808030226166,0.6199466820926318
2026-01-18 20:16:54.077,22.537959741460895,11.261969188296916,4.892436967895264,7.981344778405401,3.961176238686676,0.6226317961354653
2026-01-18 20:16:55.106,22.530664207632526,11.299063358990225,4.893463629146936,7.983556048793616,3.9652828836933622,0.6240533270993183
2026-01-18 20:16:56.134,22.530664207632526,11.26670461434287,4.8947272122259164,7.982529387541945,3.9630716133051465,0.6270543369118968
2026-01-18 20:16:57.164,22.530664207632526,11.241449008764448,4.895201055880534,7.980634012923474,3.9625187957080925,0.629660477012294
2026-01-18 20:16:58.196,22.530664207632526,11.244605959461751,4.896464638959515,7.982055543887327,3.9610182908018032,0.6335302001916716
2026-01-18 20:16:59.222,22.530664207632526,11.275386228760453,4.898517961462858,7.982055543887327,3.962123925995911,0.6340040438462893
2026-01-18 20:17:00.252,22.530664207632526,11.265915376668545,4.899544622714529,7.982924257254126,3.9630716133051465,0.636768131831559
2026-01-18 20:17:01.278,22.530664207632526,11.25960147527394,4.900492310023765,7.981660674175146,3.9625187957080925,0.6400850374138827
2026-01-18 20:17:02.305,22.530664207632526,11.284067843178036,4.902308710699799,7.981739648117582,3.9625187957080925,0.641585542320172
2026-01-18 20:17:03.335,22.530664207632526,11.265915376668545,4.903019476181726,7.9824504135995085,3.9618870041686023,0.645297317614677
2026-01-18 20:17:04.366,22.530664207632526,11.252498336205008,4.9046779289728875,7.983398100908744,3.964966987923617,0.648693197139437
2026-01-18 20:17:05.397,22.530664207632526,11.240659771090122,4.9060994599367405,7.9833191269663075,3.9624398217656562,0.650983441470089
2026-01-18 20:17:06.425,22.537959741460895,11.240659771090122,4.907205095130848,7.982608361484381,3.9622028999383474,0.6522470245490695
2026-01-18 20:17:07.455,22.530664207632526,11.250919860856357,4.908547652152265,7.981660674175146,3.9622818738807837,0.6547741907070304
2026-01-18 20:17:08.481,22.530664207632526,11.230399681323888,4.909732261288809,7.981660674175146,3.9618870041686023,0.6592757054258982
2026-01-18 20:17:09.512,22.530664207632526,11.26117995062259,4.9112327661950985,7.9822134917722,3.962044952053475,0.6589598096561531
2026-01-18 20:17:10.543,22.530664207632526,11.238292058067145,4.912338401389206,7.982766309369254,3.962676743592965,0.6618028715838591
2026-01-18 20:17:11.570,22.530664207632526,11.233556632021191,4.913444036583314,7.982924257254126,3.961808030226166,0.6645669595691288
2026-01-18 20:17:12.597,22.530664207632526,11.25960147527394,4.915102489374476,7.982924257254126,3.9631505872475827,0.6674100214968348
2026-01-18 20:17:13.626,22.530664207632526,11.26512613899422,4.91565530697153,7.9824504135995085,3.963466483017328,0.6685156566909427
2026-01-18 20:17:14.654,22.530664207632526,11.258812237599614,4.916839916108074,7.98347707485118,3.9644931442689995,0.6712797446762124
2026-01-18 20:17:15.681,22.530664207632526,11.241449008764448,4.918656316784109,7.983556048793616,3.9631505872475827,0.6749915199707175
2026-01-18 20:17:16.710,22.530664207632526,11.26670461434287,4.91968297803578,7.981660674175146,3.96236084782322,0.6763340769921342
2026-01-18 20:17:17.739,22.530664207632526,11.26117995062259,4.921025535057197,7.982134517829763,3.962044952053475,0.6802827741139481
2026-01-18 20:17:18.770,22.530664207632526,11.235924345044168,4.922999883618104,7.98347707485118,3.962676743592965,0.6818622529626737
2026-01-18 20:17:19.799,22.530664207632526,11.264336901319894,4.9240265448697755,7.9824504135995085,3.962913665420274,0.6855740282571787
2026-01-18 20:17:20.828,22.530664207632526,11.27222927806315,4.924816284294138,7.982687335426817,3.9636244309022004,0.6861268458542327
2026-01-18 20:17:21.857,22.530664207632526,11.269072327365848,4.926553711027736,7.981818622060018,3.9618870041686023,0.6892068296092475
2026-01-18 20:17:22.882,22.530664207632526,11.26512613899422,4.927185502567227,7.9810288826356555,3.963545456959764,0.6921288654793898
2026-01-18 20:17:23.906,22.530664207632526,11.26670461434287,4.928528059588643,7.981818622060018,3.9624398217656562,0.6937873182705516
2026-01-18 20:17:24.933,22.52336867380427,11.263547663645568,4.9297126687251875,7.981344778405401,3.964098274556818,0.697578067507493
2026-01-18 20:17:25.960,22.52336867380427,11.264336901319894,4.930739329976859,7.983240153023871,3.9625187957080925,0.6994734421259636
2026-01-18 20:17:26.988,22.530664207632526,11.26670461434287,4.932081886998276,7.983003231196562,3.965519805520671,0.7006580512625078
2026-01-18 20:17:28.014,22.530664207632526,11.258812237599614,4.933503417962129,7.981818622060018,3.9614131605139846,0.7051595659813756
2026-01-18 20:17:29.042,22.530664207632526,11.256444524576636,4.934214183444055,7.982134517829763,3.9622028999383474,0.7070549405998463
2026-01-18 20:17:30.069,22.530664207632526,11.269072327365848,4.935240844695727,7.983082205138999,3.9651249358084897,0.7094241588729346
2026-01-18 20:17:31.099,22.530664207632526,11.252498336205008,4.936504427774707,7.981660674175146,3.9633875090748916,0.7113985074338416
2026-01-18 20:17:32.125,22.530664207632526,11.258812237599614,4.938004932680997,7.983950918505798,3.9622028999383474,0.714083621476675
2026-01-18 20:17:33.153,22.530664207632526,11.265915376668545,4.938873646047796,7.9818975960024545,3.9627557175354013,0.7163738658073271
2026-01-18 20:17:34.181,22.537959741460895,11.26512613899422,4.940295177011649,7.983161179081435,3.963229561190019,0.7192959016774694
2026-01-18 20:17:35.208,22.530664207632526,11.231188918998214,4.941005942493575,7.982292465714636,3.9625187957080925,0.723165624856847
2026-01-18 20:17:36.234,22.530664207632526,11.25565528690231,4.942111577687683,7.982924257254126,3.9625187957080925,0.7241133121660823
2026-01-18 20:17:37.261,22.530664207632526,11.263547663645568,4.9430592649969185,7.9824504135995085,3.964966987923617,0.7281409832303325
2026-01-18 20:17:38.287,22.52336867380427,11.263547663645568,4.944164900191026,7.98284528331169,3.9633085351324553,0.7305102015034208
2026-01-18 20:17:39.316,22.530664207632526,11.260390712948265,4.944875665672953,7.982608361484381,3.9624398217656562,0.7316158366975287
2026-01-18 20:17:40.344,22.530664207632526,11.261969188296916,4.9464551445216784,7.981739648117582,3.9659936491752887,0.7362752993012691
2026-01-18 20:17:41.372,22.530664207632526,11.24855214783338,4.947718727600659,7.981976569944891,3.964335196384127,0.7356435077617789
2026-01-18 20:17:42.398,22.530664207632526,11.247762910159054,4.948982310679639,7.981107856578092,3.9656777534055436,0.7395922048835928
2026-01-18 20:17:43.427,22.537959741460895,11.26512613899422,4.95024589375862,7.981739648117582,3.963782378787073,0.7413296316171909
2026-01-18 20:17:44.453,22.530664207632526,11.231188918998214,4.9515094768376,7.981423752347837,3.9622028999383474,0.743067058350789
2026-01-18 20:17:45.479,22.537959741460895,11.26670461434287,4.9521412683770905,7.982687335426817,3.9627557175354013,0.747331651242348
2026-01-18 20:17:46.506,22.530664207632526,11.292749457595619,4.953483825398507,7.981818622060018,3.9633085351324553,0.7489111300910736
2026-01-18 20:17:47.534,22.530664207632526,11.26512613899422,4.954668434535051,7.9818975960024545,3.9633085351324553,0.7505695828822354
2026-01-18 20:17:48.564,22.537959741460895,11.25407681155366,4.955458173959414,7.9822134917722,3.9659936491752887,0.7534916187523777
2026-01-18 20:17:49.591,22.530664207632526,11.25960147527394,4.956958678865703,7.982055543887327,3.9631505872475827,0.7553080194284121
2026-01-18 20:17:50.619,22.530664207632526,11.256444524576636,4.9578273922325025,7.981423752347837,3.9641772484992543,0.7617049087657506
2026-01-18 20:17:51.644,22.530664207632526,11.267493852017196,4.95893302742661,7.982371439657072,3.966309544945034,0.7624156742476771
2026-01-18 20:17:52.670,22.537959741460895,11.276175466434779,4.959801740793409,7.981739648117582,3.9622028999383474,0.7625736221325496
2026-01-18 20:17:53.697,22.530664207632526,11.290381744572642,4.961144297814826,7.98347707485118,3.963782378787073,0.7669961629089812
2026-01-18 20:17:54.723,22.530664207632526,11.256444524576636,4.96169711541188,7.98347707485118,3.9656777534055436,0.7691284593547607
2026-01-18 20:17:55.749,22.537959741460895,11.265915376668545,4.963592490030351,7.980555038981038,3.962913665420274,0.7719715212824667
2026-01-18 20:17:56.776,22.537959741460895,11.256444524576636,4.964145307627405,7.981660674175146,3.965203909750926,0.7733930522463197
2026-01-18 20:17:57.804,22.537959741460895,11.252498336205008,4.965250942821513,7.981344778405401,3.96299263936271,0.7766309838862071
2026-01-18 20:17:58.831,22.537959741460895,11.245395197136077,4.966514525900493,7.983792970620925,3.964651092153872,0.7778945669651876
2026-01-18 20:17:59.862,22.530664207632526,11.25960147527394,4.968094004749219,7.982055543887327,3.9639403266719455,0.7808166028353298
2026-01-18 20:18:00.892,22.537959741460895,11.243816721787425,4.968251952634091,7.983003231196562,3.9633875090748916,0.785397091496634
2026-01-18 20:18:01.921,22.530664207632526,11.297484883641573,4.969989379367689,7.982608361484381,3.963545456959764,0.7863447788058693
2026-01-18 20:18:02.946,22.537959741460895,11.264336901319894,4.970858092734488,7.982371439657072,3.9631505872475827,0.7886350231365213
2026-01-18 20:18:03.976,22.537959741460895,11.267493852017196,4.97188475398616,7.983161179081435,3.9659936491752887,0.7921888505461538
2026-01-18 20:18:05.005,22.530664207632526,11.26512613899422,4.973543206777322,7.982292465714636,3.9661515970601613,0.7928206420856441
2026-01-18 20:18:06.037,22.537959741460895,11.251709098530682,4.974017050431939,7.983556048793616,3.964414170326563,0.7964534434377128
2026-01-18 20:18:07.069,22.545255275289207,11.260390712948265,4.97528063351092,7.982371439657072,3.96575672734798,0.7979539483440021
2026-01-18 20:18:08.097,22.537959741460895,11.267493852017196,4.976070372935283,7.982529387541945,3.9659146752328525,0.8017446975809435
2026-01-18 20:18:09.128,22.530664207632526,11.269072327365848,4.976386268705028,7.981344778405401,3.9655987794631073,0.8030872546023602
2026-01-18 20:18:10.159,22.537959741460895,11.258812237599614,4.977570877841572,7.982924257254126,3.9631505872475827,0.8060882644149387
2026-01-18 20:18:11.190,22.537959741460895,11.25960147527394,4.978281643323498,7.981818622060018,3.9627557175354013,0.8084574826880271
2026-01-18 20:18:12.221,22.530664207632526,11.276964704109105,4.978834460920552,7.982529387541945,3.9633875090748916,0.8113005446157331
2026-01-18 20:18:13.251,22.537959741460895,11.244605959461751,4.979782148229788,7.9822134917722,3.9665464667723427,0.8142225804858754
2026-01-18 20:18:14.276,22.530664207632526,11.269072327365848,4.980177017941969,7.983161179081435,3.9636244309022004,0.8146174501980568
2026-01-18 20:18:15.303,22.537959741460895,11.256444524576636,4.981519574963386,7.98284528331169,3.964019300614382,0.8204615219383413
2026-01-18 20:18:16.331,22.537959741460895,11.231188918998214,4.98207239256044,7.982371439657072,3.965835701290416,0.8204615219383413
2026-01-18 20:18:17.361,22.537959741460895,11.24855214783338,4.982625210157494,7.982292465714636,3.9647300660963083,0.8257527760815719
2026-01-18 20:18:18.390,22.537959741460895,11.257233762250962,4.983257001696984,7.983082205138999,3.9638613527295092,0.8250420105996454
2026-01-18 20:18:19.415,22.537959741460895,11.269072327365848,4.984441610833528,7.982608361484381,3.9625187957080925,0.8277271246424789
2026-01-18 20:18:20.441,22.537959741460895,11.278543179457756,4.985152376315455,7.982292465714636,3.96575672734798,0.8319127435916016
2026-01-18 20:18:21.471,22.537959741460895,11.245395197136077,4.9857051939125085,7.983240153023871,3.9628346914778376,0.8330183787857095
2026-01-18 20:18:22.500,22.537959741460895,11.25407681155366,4.986652881221744,7.982766309369254,3.9639403266719455,0.8358614407134155
2026-01-18 20:18:23.531,22.537959741460895,11.27775394178343,4.987758516415852,7.982924257254126,3.96299263936271,0.8373619456197048
2026-01-18 20:18:24.560,22.537959741460895,11.26117995062259,4.988074412185597,7.982055543887327,3.963229561190019,0.8416265385112638
2026-01-18 20:18:25.588,22.537959741460895,11.293538695269945,4.988232360070469,7.981581700232709,3.9651249358084897,0.8439167828419158
2026-01-18 20:18:26.617,22.530664207632526,11.276964704109105,4.989259021322141,7.982924257254126,3.964019300614382,0.8448644701511512
2026-01-18 20:18:27.644,22.537959741460895,11.251709098530682,4.9905226044011215,7.981423752347837,3.9633085351324553,0.847944453906166
2026-01-18 20:18:28.671,22.537959741460895,11.245395197136077,4.991075421998175,7.982134517829763,3.9642562224416906,0.8510244376611809
2026-01-18 20:18:29.698,22.530664207632526,11.264336901319894,4.991549265652793,7.9822134917722,3.962676743592965,0.8529198122796515
2026-01-18 20:18:30.724,22.530664207632526,11.24855214783338,4.992417979019592,7.981660674175146,3.9662305710025976,0.8559997960346664
2026-01-18 20:18:31.750,22.537959741460895,11.258022999925288,4.992970796616646,7.981107856578092,3.9639403266719455,0.858447988250191
2026-01-18 20:18:32.778,22.530664207632526,11.260390712948265,4.993760536041009,7.981265804462964,3.963545456959764,0.8617648938325146
2026-01-18 20:18:33.805,22.530664207632526,11.273018515737476,4.994392327580499,7.982292465714636,3.9645721182114357,0.8642130860480393
2026-01-18 20:18:34.835,22.530664207632526,11.300641834338876,4.995418988832171,7.982134517829763,3.9638613527295092,0.8661874346089462
2026-01-18 20:18:35.861,22.537959741460895,11.245395197136077,4.996050780371661,7.982529387541945,3.963466483017328,0.8697412620185787
2026-01-18 20:18:36.888,22.530664207632526,11.247762910159054,4.997156415565769,7.9818975960024545,3.9633085351324553,0.8703730535580689
2026-01-18 20:18:37.914,22.537959741460895,11.254866049227985,4.997946154990132,7.982529387541945,3.9645721182114357,0.8723474021189759
2026-01-18 20:18:38.940,22.530664207632526,11.25013062318203,4.998341024702313,7.982924257254126,3.9642562224416906,0.8789812132836232
2026-01-18 20:18:39.966,22.537959741460895,11.264336901319894,4.999367685953985,7.981976569944891,3.9633875090748916,0.8792971090533683
2026-01-18 20:18:40.996,22.530664207632526,11.25960147527394,4.999525633838857,7.98008119532642,3.963545456959764,0.8807186400172213
2026-01-18 20:18:42.021,22.537959741460895,11.258812237599614,5.000631269032965,7.981976569944891,3.9670203104269604,0.8844304153117264
2026-01-18 20:18:43.049,22.537959741460895,11.254866049227985,5.001263060572455,7.982371439657072,3.9659936491752887,0.8864047638726333
2026-01-18 20:18:44.075,22.537959741460895,11.300641834338876,5.001499982399764,7.981344778405401,3.9642562224416906,0.887431425124305
2026-01-18 20:18:45.101,22.537959741460895,11.257233762250962,5.003237409133362,7.983082205138999,3.965519805520671,0.8935124186918983
2026-01-18 20:18:46.128,22.537959741460895,11.258812237599614,5.003395357018235,7.982687335426817,3.9637034048446367,0.8930385750372807
2026-01-18 20:18:47.160,22.537959741460895,11.25565528690231,5.00371125278798,7.98284528331169,3.9631505872475827,0.8974611158137122
2026-01-18 20:18:48.186,22.530664207632526,11.25960147527394,5.004500992212343,7.98284528331169,3.964098274556818,0.8978559855258936
2026-01-18 20:18:49.218,22.530664207632526,11.260390712948265,5.005211757694269,7.982371439657072,3.9628346914778376,0.9011728911082173
2026-01-18 20:18:50.245,22.537959741460895,11.275386228760453,5.0061594450035045,7.983635022736053,3.9645721182114357,0.903936979093487
2026-01-18 20:18:51.275,22.530664207632526,11.260390712948265,5.0067122626005585,7.9822134917722,3.9638613527295092,0.9047267185178498
2026-01-18 20:18:52.305,22.530664207632526,11.296695645967247,5.007975845679539,7.981976569944891,3.9638613527295092,0.9098600247762079
2026-01-18 20:18:53.331,22.530664207632526,11.231188918998214,5.008844559046338,7.9824504135995085,3.963545456959764,0.9097020768913353
2026-01-18 20:18:54.357,22.530664207632526,11.268283089691522,5.009160454816083,7.982055543887327,3.965519805520671,0.9127030867039139
2026-01-18 20:18:55.386,22.530664207632526,11.261969188296916,5.009713272413137,7.981265804462964,3.966625440714779,0.9160989662286738
2026-01-18 20:18:56.417,22.530664207632526,11.26670461434287,5.0105030118375,7.98284528331169,3.964019300614382,0.9202056112353603
2026-01-18 20:18:57.447,22.530664207632526,11.280910892480733,5.0118455688589165,7.982608361484381,3.963545456959764,0.9202845851777965
2026-01-18 20:18:58.471,22.530664207632526,11.234345869695517,5.012319412513534,7.982529387541945,3.9641772484992543,0.9230486731630663
2026-01-18 20:18:59.502,22.537959741460895,11.252498336205008,5.012477360398407,7.981976569944891,3.964966987923617,0.9266025005726988
2026-01-18 20:19:00.527,22.530664207632526,11.260390712948265,5.0138199174198235,7.981502726290273,3.9645721182114357,0.9297614582701499
2026-01-18 20:19:01.554,22.537959741460895,11.24855214783338,5.013977865304696,7.981818622060018,3.964098274556818,0.9293665885579685
2026-01-18 20:19:02.582,22.537959741460895,11.240659771090122,5.014767604729059,7.983398100908744,3.963782378787073,0.9327624680827284
2026-01-18 20:19:03.612,22.537959741460895,11.276175466434779,5.016347083577784,7.98347707485118,3.963545456959764,0.9349737384709442
2026-01-18 20:19:04.641,22.530664207632526,11.256444524576636,5.016820927232402,7.982371439657072,3.967178258311833,0.9382906440532679
2026-01-18 20:19:05.671,22.537959741460895,11.247762910159054,5.017215796944583,7.982134517829763,3.9645721182114357,0.94058088838392
2026-01-18 20:19:06.700,22.537959741460895,11.267493852017196,5.018005536368946,7.9822134917722,3.965440831578235,0.9435029242540622
2026-01-18 20:19:07.732,22.530664207632526,11.291170982246967,5.01792656242651,7.983792970620925,3.9645721182114357,0.9446085594481701
2026-01-18 20:19:08.763,22.530664207632526,11.25407681155366,5.019111171563054,7.981660674175146,3.965440831578235,0.9480834129153664
2026-01-18 20:19:09.788,22.537959741460895,11.268283089691522,5.020295780699598,7.982608361484381,3.9647300660963083,0.9502157093611459
2026-01-18 20:19:10.815,22.537959741460895,11.251709098530682,5.02069065041178,7.982608361484381,3.9631505872475827,0.9525849276342342
2026-01-18 20:19:11.844,22.530664207632526,11.265915376668545,5.02132244195127,7.982292465714636,3.9652828836933622,0.9561387550438667
2026-01-18 20:19:12.869,22.537959741460895,11.262758425971242,5.021401415893706,7.981660674175146,3.9633875090748916,0.9566915726409206
2026-01-18 20:19:13.898,22.530664207632526,11.258812237599614,5.023059868684868,7.980949908693219,3.9644931442689995,0.9595346345686266
2026-01-18 20:19:14.928,22.530664207632526,11.250919860856357,5.023375764454613,7.981976569944891,3.964966987923617,0.9622987225538964
2026-01-18 20:19:15.958,22.530664207632526,11.256444524576636,5.024402425706285,7.983398100908744,3.9661515970601613,0.9650628105391661
2026-01-18 20:19:16.983,22.530664207632526,11.252498336205008,5.025034217245775,7.983398100908744,3.965440831578235,0.9675110027546907
2026-01-18 20:19:18.012,22.537959741460895,11.265915376668545,5.02535011301552,7.98347707485118,3.9641772484992543,0.9694063773731614
2026-01-18 20:19:19.042,22.537959741460895,11.271440040388825,5.025744982727701,7.982608361484381,3.9642562224416906,0.9731181526676664
2026-01-18 20:19:20.071,22.537959741460895,11.265915376668545,5.026850617921809,7.9818975960024545,3.964651092153872,0.9757242927680636
2026-01-18 20:19:21.101,22.530664207632526,11.257233762250962,5.027403435518863,7.981186830520528,3.9644931442689995,0.9786463286382059
2026-01-18 20:19:22.127,22.530664207632526,11.269072327365848,5.028272148885662,7.981186830520528,3.966309544945034,0.9820422081629658
2026-01-18 20:19:23.158,22.530664207632526,11.26117995062259,5.028982914367589,7.982134517829763,3.9633085351324553,0.9844904003784904
2026-01-18 20:19:24.189,22.530664207632526,11.293538695269945,5.02937778407977,7.982055543887327,3.9667833885996515,0.9844904003784904
2026-01-18 20:19:25.219,22.537959741460895,11.253287573879334,5.030088549561697,7.982371439657072,3.964651092153872,0.989465758751976
2026-01-18 20:19:26.244,22.537959741460895,11.264336901319894,5.030483419273878,7.982055543887327,3.964414170326563,0.9906503678885201
2026-01-18 20:19:27.272,22.537959741460895,11.271440040388825,5.031668028410422,7.980870934750783,3.9656777534055436,0.9923877946221182
2026-01-18 20:19:28.303,22.537959741460895,11.247762910159054,5.0322998199499125,7.982687335426817,3.965203909750926,0.9962575178014959
2026-01-18 20:19:29.333,22.537959741460895,11.26117995062259,5.032457767834785,7.9824504135995085,3.9647300660963083,0.99744212693804
2026-01-18 20:19:30.363,22.530664207632526,11.29432793294427,5.03340545514402,7.982055543887327,3.9659936491752887,1.0009169804052362
2026-01-18 20:19:31.394,22.530664207632526,11.26117995062259,5.034037246683511,7.981818622060018,3.9670203104269604,1.0029703029085795
2026-01-18 20:19:32.419,22.530664207632526,11.252498336205008,5.034748012165437,7.983635022736053,3.9633875090748916,1.0074718176274473
2026-01-18 20:19:33.446,22.537959741460895,11.264336901319894,5.035300829762491,7.981265804462964,3.9642562224416906,1.0078666873396287
2026-01-18 20:19:34.472,22.537959741460895,11.263547663645568,5.036248517071726,7.981423752347837,3.9648090400387446,1.01165743657657
2026-01-18 20:19:35.499,22.537959741460895,11.265915376668545,5.037117230438525,7.982924257254126,3.9636244309022004,1.0144215245618398
2026-01-18 20:19:36.530,22.530664207632526,11.27775394178343,5.037512100150707,7.981976569944891,3.9638613527295092,1.0155271597559477
2026-01-18 20:19:37.555,22.537959741460895,11.257233762250962,5.03830183957507,7.982924257254126,3.964335196384127,1.016474847065183
2026-01-18 20:19:38.586,22.530664207632526,11.234345869695517,5.0388546571721236,7.981581700232709,3.9670992843693966,1.0204235441869969
2026-01-18 20:19:39.615,22.537959741460895,11.242238246438774,5.04019721419354,7.981265804462964,3.9647300660963083,1.0215291793811048
2026-01-18 20:19:40.641,22.537959741460895,11.257233762250962,5.040592083905722,7.983161179081435,3.9674151801391417,1.027294277178953
2026-01-18 20:19:41.667,22.530664207632526,11.254866049227985,5.041144901502776,7.982924257254126,3.9675731280240143,1.0297424693944777
2026-01-18 20:19:42.696,22.530664207632526,11.26117995062259,5.042171562754447,7.98284528331169,3.9639403266719455,1.0313219482432032
2026-01-18 20:19:43.723,22.537959741460895,11.25960147527394,5.042645406409065,7.9824504135995085,3.964098274556818,1.0321906616100023
2026-01-18 20:19:44.753,22.537959741460895,11.258812237599614,5.043277197948555,7.982766309369254,3.965440831578235,1.035507567192326
2026-01-18 20:19:45.779,22.537959741460895,11.301431072013202,5.044145911315354,7.982134517829763,3.964414170326563,1.036929098156179
2026-01-18 20:19:46.806,22.530664207632526,11.282489367829385,5.044303859200227,7.983240153023871,3.964335196384127,1.0400090819111938
2026-01-18 20:19:47.832,22.530664207632526,11.265915376668545,5.045330520451898,7.982371439657072,3.964888013981181,1.042062404414537
2026-01-18 20:19:48.857,22.530664207632526,11.25407681155366,5.045804364106516,7.981502726290273,3.964888013981181,1.0448264923998067
2026-01-18 20:19:49.884,22.530664207632526,11.269861565040173,5.046436155646006,7.981739648117582,3.9674151801391417,1.0471167367304588
2026-01-18 20:19:50.914,22.530664207632526,11.282489367829385,5.0470679471854965,7.983792970620925,3.9655987794631073,1.0501177465430374
2026-01-18 20:19:51.942,22.530664207632526,11.295117170618596,5.048015634494732,7.982529387541945,3.965440831578235,1.0546982352043415
2026-01-18 20:19:52.967,22.530664207632526,11.303798785036179,5.048963321803967,7.982924257254126,3.965440831578235,1.0555669485711405
2026-01-18 20:19:54.006,22.537959741460895,11.244605959461751,5.049516139401021,7.981818622060018,3.965835701290416,1.0580941147291014
2026-01-18 20:19:55.031,22.537959741460895,11.27222927806315,5.049674087285894,7.981581700232709,3.9642562224416906,1.0613320463689888
2026-01-18 20:19:56.058,22.530664207632526,11.267493852017196,5.050147930940511,7.981660674175146,3.967178258311833,1.063938186469386
2026-01-18 20:19:57.087,22.537959741460895,11.26117995062259,5.051253566134619,7.981818622060018,3.9655987794631073,1.0652017695483664
2026-01-18 20:19:58.118,22.530664207632526,11.267493852017196,5.051411514019492,7.983556048793616,3.964888013981181,1.0667022744546557
2026-01-18 20:19:59.148,22.537959741460895,11.276175466434779,5.052122279501418,7.9833191269663075,3.964966987923617,1.0700191800369794
2026-01-18 20:20:00.177,22.530664207632526,11.263547663645568,5.053069966810654,7.982292465714636,3.964335196384127,1.0723094243676314
2026-01-18 20:20:01.203,22.52336867380427,11.243816721787425,5.0536227844077075,7.982134517829763,3.966625440714779,1.0753894081226463
2026-01-18 20:20:02.233,22.537959741460895,11.257233762250962,5.054491497774507,7.9824504135995085,3.965835701290416,1.0775217045684258
2026-01-18 20:20:03.259,22.537959741460895,11.230399681323888,5.055202263256433,7.982055543887327,3.9641772484992543,1.0791011834171513
2026-01-18 20:20:04.286,22.530664207632526,11.231188918998214,5.056070976623232,7.981818622060018,3.964651092153872,1.0825760368843476
2026-01-18 20:20:05.312,22.530664207632526,11.267493852017196,5.05654482027785,7.980555038981038,3.9653618576357985,1.0844714115028182
2026-01-18 20:20:06.337,22.530664207632526,11.261969188296916,5.05717661181734,7.981186830520528,3.964098274556818,1.0864457600637252
2026-01-18 20:20:07.365,22.530664207632526,11.267493852017196,5.057492507587085,7.982687335426817,3.9662305710025976,1.0925267536313186
2026-01-18 20:20:08.398,22.537959741460895,11.22645349295226,5.058756090666066,7.982055543887327,3.9655987794631073,1.0912631705523381
2026-01-18 20:20:09.428,22.530664207632526,11.279332417132082,5.059150960378247,7.982687335426817,3.9665464667723427,1.0953698155590246
2026-01-18 20:20:10.458,22.537959741460895,11.269072327365848,5.059624804032865,7.981739648117582,3.964888013981181,1.097502112004804
2026-01-18 20:20:11.485,22.537959741460895,11.269072327365848,5.060493517399664,7.981976569944891,3.9653618576357985,1.1001082521052012
2026-01-18 20:20:12.517,22.530664207632526,11.269072327365848,5.061362230766463,7.981502726290273,3.9667833885996515,1.1022405485509807
2026-01-18 20:20:13.543,22.530664207632526,11.264336901319894,5.061362230766463,7.982292465714636,3.966072623117725,1.1050836104786868
2026-01-18 20:20:14.569,22.530664207632526,11.256444524576636,5.06183607442108,7.982055543887327,3.964098274556818,1.1070579590395937
2026-01-18 20:20:15.596,22.537959741460895,11.256444524576636,5.0627047877878795,7.982529387541945,3.9638613527295092,1.1090323076005006
2026-01-18 20:20:16.622,22.530664207632526,11.273807753411802,5.063099657500061,7.982055543887327,3.9667833885996515,1.1132179265496234
2026-01-18 20:20:17.648,22.530664207632526,11.274596991086128,5.06396837086686,7.981818622060018,3.964966987923617,1.1141656138588587
2026-01-18 20:20:18.679,22.530664207632526,11.264336901319894,5.064758110291223,7.982134517829763,3.9661515970601613,1.1185881546352903
2026-01-18 20:20:19.710,22.530664207632526,11.265915376668545,5.065152980003404,7.982055543887327,3.9651249358084897,1.1196148158869619
2026-01-18 20:20:20.738,22.530664207632526,11.263547663645568,5.066100667312639,7.981502726290273,3.964966987923617,1.1226158256995404
2026-01-18 20:20:21.766,22.530664207632526,11.262758425971242,5.066653484909693,7.9824504135995085,3.965440831578235,1.1251429918575013
2026-01-18 20:20:22.792,22.530664207632526,11.289592506898316,5.067443224334056,7.981581700232709,3.9670992843693966,1.1286178453246976
2026-01-18 20:20:23.818,22.537959741460895,11.254866049227985,5.0678380940462375,7.982924257254126,3.9652828836933622,1.1298024544612417
2026-01-18 20:20:24.844,22.537959741460895,11.246184434810402,5.068311937700855,7.982529387541945,3.964888013981181,1.1328824382162566
2026-01-18 20:20:25.871,22.530664207632526,11.26512613899422,5.068548859528164,7.982292465714636,3.9642562224416906,1.134146021295237
2026-01-18 20:20:26.902,22.530664207632526,11.254866049227985,5.070049364434453,7.983161179081435,3.9651249358084897,1.1379367705321783
2026-01-18 20:20:27.927,22.537959741460895,11.279332417132082,5.07076012991638,7.981976569944891,3.965203909750926,1.1419644415964285
2026-01-18 20:20:28.953,22.530664207632526,11.25013062318203,5.070997051743689,7.981660674175146,3.9670203104269604,1.1424382852510462
2026-01-18 20:20:29.978,22.530664207632526,11.258022999925288,5.071628843283179,7.982608361484381,3.9642562224416906,1.1453603211211885
2026-01-18 20:20:31.008,22.530664207632526,11.262758425971242,5.071865765110488,7.982608361484381,3.964888013981181,1.1477295393942768
2026-01-18 20:20:32.036,22.530664207632526,11.262758425971242,5.072892426362159,7.9822134917722,3.9667044146572152,1.149230044300566
2026-01-18 20:20:33.067,22.537959741460895,11.25960147527394,5.072971400304596,7.982134517829763,3.9678890237937594,1.1530207935375074
2026-01-18 20:20:34.094,22.537959741460895,11.26512613899422,5.073603191844086,7.981818622060018,3.965835701290416,1.153494637192125
2026-01-18 20:20:35.120,22.537959741460895,11.250919860856357,5.074392931268449,7.981581700232709,3.9645721182114357,1.1570484646017576
2026-01-18 20:20:36.148,22.530664207632526,11.25565528690231,5.075182670692811,7.982134517829763,3.9670203104269604,1.1595756307597185
2026-01-18 20:20:37.176,22.530664207632526,11.258022999925288,5.075735488289865,7.982687335426817,3.967257232254269,1.160839213838699
2026-01-18 20:20:38.202,22.530664207632526,11.244605959461751,5.075893436174738,7.981660674175146,3.964335196384127,1.1652617546151305
2026-01-18 20:20:39.229,22.530664207632526,11.25013062318203,5.076683175599101,7.982292465714636,3.964335196384127,1.167946868657964
2026-01-18 20:20:40.255,22.530664207632526,11.269861565040173,5.077867784735645,7.982292465714636,3.964414170326563,1.17078993058567
2026-01-18 20:20:41.281,22.530664207632526,11.262758425971242,5.078578550217571,7.982371439657072,3.9647300660963083,1.1724483833768318
2026-01-18 20:20:42.308,22.530664207632526,11.26117995062259,5.0792103417570615,7.982134517829763,3.9653618576357985,1.1741068361679936
2026-01-18 20:20:43.335,22.530664207632526,11.280121654806408,5.079131367814625,7.981265804462964,3.9650459618660534,1.1766340023259545
2026-01-18 20:20:44.359,22.530664207632526,11.246973672484728,5.080158029066297,7.982608361484381,3.967178258311833,1.1797929600234056
2026-01-18 20:20:45.389,22.530664207632526,11.262758425971242,5.081105716375532,7.981660674175146,3.9639403266719455,1.1826360219511116
2026-01-18 20:20:46.418,22.530664207632526,11.246184434810402,5.081658533972586,7.9818975960024545,3.964335196384127,1.1850842141666362
2026-01-18 20:20:47.446,22.530664207632526,11.280121654806408,5.0820534036847675,7.983240153023871,3.9645721182114357,1.1883221458065236
2026-01-18 20:20:48.473,22.530664207632526,11.253287573879334,5.083001090994003,7.981107856578092,3.964335196384127,1.1889539373460138
2026-01-18 20:20:49.503,22.530664207632526,11.25960147527394,5.083316986763748,7.98284528331169,3.965519805520671,1.1936133999497542
2026-01-18 20:20:50.531,22.530664207632526,11.2706508027145,5.084106726188111,7.983082205138999,3.965203909750926,1.1939292957194994
2026-01-18 20:20:51.562,22.537959741460895,11.264336901319894,5.084264674072983,7.983240153023871,3.9670203104269604,1.1976410710140044
2026-01-18 20:20:52.588,22.530664207632526,11.293538695269945,5.085686205036836,7.981739648117582,3.964414170326563,1.2008000287114555
2026-01-18 20:20:53.614,22.537959741460895,11.26117995062259,5.085923126864145,7.98347707485118,3.964019300614382,1.2011159244812006
2026-01-18 20:20:54.643,22.537959741460895,11.25407681155366,5.0863179965763265,7.982529387541945,3.9641772484992543,1.2044328300635243
2026-01-18 20:20:55.668,22.530664207632526,11.289592506898316,5.087028762058253,7.982134517829763,3.965519805520671,1.2067230743941764
2026-01-18 20:20:56.698,22.530664207632526,11.243816721787425,5.0877395275401796,7.980318117153729,3.9650459618660534,1.208618449012647
2026-01-18 20:20:57.727,22.530664207632526,11.295117170618596,5.088055423309925,7.981739648117582,3.9652828836933622,1.2121722764222795
2026-01-18 20:20:58.757,22.530664207632526,11.242238246438774,5.088845162734287,7.982055543887327,3.9653618576357985,1.2141466249831865
2026-01-18 20:20:59.785,22.530664207632526,11.243816721787425,5.089319006388905,7.983635022736053,3.9655987794631073,1.2167527650835837
2026-01-18 20:21:00.813,22.52336867380427,11.265915376668545,5.090345667640577,7.983003231196562,3.9648090400387446,1.2193589051839808
2026-01-18 20:21:01.839,22.537959741460895,11.260390712948265,5.090898485237631,7.982371439657072,3.964888013981181,1.221965045284378
2026-01-18 20:21:02.865,22.530664207632526,11.246184434810402,5.091293354949812,7.982529387541945,3.964335196384127,1.2240973417301575
2026-01-18 20:21:03.892,22.530664207632526,11.278543179457756,5.091925146489302,7.98071298686591,3.965519805520671,1.2268614297154272
2026-01-18 20:21:04.918,22.530664207632526,11.268283089691522,5.092477964086356,7.982766309369254,3.9648090400387446,1.2304152571250597
2026-01-18 20:21:05.947,22.537959741460895,11.300641834338876,5.093504625338028,7.9818975960024545,3.9659936491752887,1.231599866261604
2026-01-18 20:21:06.973,22.530664207632526,11.261969188296916,5.093425651395592,7.9818975960024545,3.9656777534055436,1.2346008760741825
2026-01-18 20:21:08.000,22.530664207632526,11.258022999925288,5.094768208417008,7.9818975960024545,3.9642562224416906,1.2372070161745796
2026-01-18 20:21:09.030,22.530664207632526,11.296695645967247,5.095321026014062,7.983082205138999,3.9644931442689995,1.2393393126203591
2026-01-18 20:21:10.059,22.537959741460895,11.263547663645568,5.096110765438425,7.983082205138999,3.964335196384127,1.2424982703178102
2026-01-18 20:21:11.087,22.530664207632526,11.26670461434287,5.095873843611116,7.982371439657072,3.9653618576357985,1.2444726188787172
2026-01-18 20:21:12.112,22.530664207632526,11.263547663645568,5.096505635150606,7.981818622060018,3.965519805520671,1.2473156808064232
2026-01-18 20:21:13.142,22.530664207632526,11.262758425971242,5.096663583035479,7.982608361484381,3.9653618576357985,1.2520541173525999
2026-01-18 20:21:14.168,22.530664207632526,11.269072327365848,5.097295374574969,7.9818975960024545,3.9644931442689995,1.2541864137983794
2026-01-18 20:21:15.197,22.530664207632526,11.260390712948265,5.098401009769077,7.9822134917722,3.9644931442689995,1.254344361683252
2026-01-18 20:21:16.224,22.530664207632526,11.251709098530682,5.098716905538822,7.9833191269663075,3.964335196384127,1.256950501783649
2026-01-18 20:21:17.250,22.530664207632526,11.26670461434287,5.09919074919344,7.981502726290273,3.9655987794631073,1.2591617721718649
2026-01-18 20:21:18.277,22.530664207632526,11.26670461434287,5.099901514675366,7.982292465714636,3.9651249358084897,1.2609781728478993
2026-01-18 20:21:19.305,22.530664207632526,11.273018515737476,5.100849201984602,7.981265804462964,3.9648090400387446,1.2644530263150955
2026-01-18 20:21:20.332,22.52336867380427,11.25407681155366,5.1016389414089645,7.981818622060018,3.965519805520671,1.2667432706457475
2026-01-18 20:21:21.363,22.530664207632526,11.273018515737476,5.101244071696783,7.982608361484381,3.965440831578235,1.2689545410339633
2026-01-18 20:21:22.390,22.52336867380427,11.265915376668545,5.102112785063582,7.983082205138999,3.9645721182114357,1.273140159983086
2026-01-18 20:21:23.415,22.530664207632526,11.23197815667254,5.102902524487945,7.983398100908744,3.9641772484992543,1.2733770818103949
2026-01-18 20:21:24.441,22.537959741460895,11.265915376668545,5.103455342084999,7.98347707485118,3.965203909750926,1.2758252740259195
2026-01-18 20:21:25.467,22.530664207632526,11.258022999925288,5.104718925163979,7.9824504135995085,3.964335196384127,1.279063205665807
2026-01-18 20:21:26.493,22.530664207632526,11.246973672484728,5.1044820033366705,7.983082205138999,3.9659146752328525,1.2809585802842776
2026-01-18 20:21:27.523,22.530664207632526,11.258022999925288,5.1053507167034695,7.981502726290273,3.9675731280240143,1.2857759907728905
2026-01-18 20:21:28.551,22.52336867380427,11.239081295741471,5.106061482185396,7.980870934750783,3.9644931442689995,1.2868026520245621
2026-01-18 20:21:29.577,22.530664207632526,11.25565528690231,5.1067722476673225,7.982766309369254,3.96575672734798,1.2908303230888123
2026-01-18 20:21:30.604,22.52336867380427,11.267493852017196,5.106930195552195,7.984424762160415,3.964414170326563,1.2925677498224104
2026-01-18 20:21:31.631,22.52336867380427,11.263547663645568,5.107561987091685,7.9833191269663075,3.965203909750926,1.2942262026135722
2026-01-18 20:21:32.661,22.530664207632526,11.263547663645568,5.108272752573612,7.982134517829763,3.964335196384127,1.296437473001788
2026-01-18 20:21:33.689,22.537959741460895,11.265915376668545,5.108983518055538,7.982529387541945,3.966072623117725,1.2993595088719303
2026-01-18 20:21:34.714,22.530664207632526,11.263547663645568,5.109299413825283,7.982766309369254,3.964414170326563,1.3014128313752735
2026-01-18 20:21:35.742,22.537959741460895,11.264336901319894,5.109852231422337,7.980949908693219,3.9661515970601613,1.3070989552306855
2026-01-18 20:21:36.772,22.530664207632526,11.25960147527394,5.1101681271920825,7.981660674175146,3.96575672734798,1.3061512679214502
2026-01-18 20:21:37.803,22.530664207632526,11.262758425971242,5.1110368405588815,7.983398100908744,3.965440831578235,1.3099420171583915
2026-01-18 20:21:38.829,22.530664207632526,11.263547663645568,5.112063501810553,7.983556048793616,3.9645721182114357,1.3111266262949357
2026-01-18 20:21:39.855,22.530664207632526,11.25565528690231,5.112221449695426,7.981502726290273,3.964651092153872,1.3147594276470045
2026-01-18 20:21:40.882,22.530664207632526,11.262758425971242,5.1124583715227345,7.981423752347837,3.9642562224416906,1.3169706980352203
2026-01-18 20:21:41.906,22.530664207632526,11.261969188296916,5.11340605883197,7.981344778405401,3.96575672734798,1.318629150826382
2026-01-18 20:21:42.937,22.52336867380427,11.258022999925288,5.114353746141205,7.98284528331169,3.967178258311833,1.3221040042935783
2026-01-18 20:21:43.965,22.530664207632526,11.25960147527394,5.1144327200836415,7.981818622060018,3.965519805520671,1.324868092278848
2026-01-18 20:21:44.991,22.530664207632526,11.253287573879334,5.114906563738259,7.9818975960024545,3.9661515970601613,1.3261316753578285
2026-01-18 20:21:46.017,22.530664207632526,11.254866049227985,5.115538355277749,7.983003231196562,3.9659936491752887,1.3281849978611717
2026-01-18 20:21:47.045,22.52336867380427,11.273807753411802,5.116959886241602,7.982608361484381,3.966072623117725,1.3318967731556768
2026-01-18 20:21:48.072,22.530664207632526,11.304588022710504,5.116565016529421,7.982371439657072,3.9656777534055436,1.3356875223926181
2026-01-18 20:21:49.102,22.530664207632526,11.29432793294427,5.117512703838656,7.983556048793616,3.9651249358084897,1.3369511054715986
2026-01-18 20:21:50.128,22.530664207632526,11.263547663645568,5.118618339032764,7.9822134917722,3.966862362542088,1.3386885322051967
2026-01-18 20:21:51.161,22.530664207632526,11.256444524576636,5.119250130572254,7.983082205138999,3.964888013981181,1.341610568075339
2026-01-18 20:21:52.191,22.52336867380427,11.307744973407807,5.119329104514691,7.982687335426817,3.9652828836933622,1.3435059426938096
2026-01-18 20:21:53.220,22.52336867380427,11.274596991086128,5.120039869996617,7.9822134917722,3.964414170326563,1.3484023271248589
2026-01-18 20:21:54.250,22.530664207632526,11.245395197136077,5.120355765766362,7.982134517829763,3.9662305710025976,1.3488761707794765
2026-01-18 20:21:55.281,22.52336867380427,11.281700130155059,5.1209875573058525,7.981739648117582,3.964414170326563,1.3520351284769276
2026-01-18 20:21:56.312,22.52336867380427,11.261969188296916,5.121303453075598,7.9824504135995085,3.964651092153872,1.3539305030953983
2026-01-18 20:21:57.338,22.530664207632526,11.250919860856357,5.122724984039451,7.982134517829763,3.967731075908887,1.3559048516563053
2026-01-18 20:21:58.369,22.530664207632526,11.232767394346865,5.122724984039451,7.983003231196562,3.966941336484524,1.360090470605428
2026-01-18 20:21:59.398,22.52336867380427,11.284067843178036,5.12359369740625,7.982529387541945,3.96575672734798,1.3615909755117173
2026-01-18 20:22:00.429,22.52336867380427,11.263547663645568,5.124304462888176,7.982292465714636,3.96638851888747,1.3649868550364772
2026-01-18 20:22:01.456,22.52336867380427,11.28880326922399,5.124146515003304,7.980870934750783,3.9647300660963083,1.367514021194438
2026-01-18 20:22:02.482,22.530664207632526,11.254866049227985,5.125173176254975,7.980949908693219,3.965519805520671,1.3684617085036734
2026-01-18 20:22:03.507,22.530664207632526,11.279332417132082,5.1252521501974115,7.9818975960024545,3.9661515970601613,1.3739898844742129
2026-01-18 20:22:04.537,22.530664207632526,11.298274121315899,5.125883941736902,7.982766309369254,3.966625440714779,1.3755693633229384
2026-01-18 20:22:05.569,22.52336867380427,11.274596991086128,5.126594707218828,7.98284528331169,3.966072623117725,1.3765170506321738
2026-01-18 20:22:06.598,22.52336867380427,11.261969188296916,5.1276213684705,7.982687335426817,3.9659146752328525,1.379439086502316
2026-01-18 20:22:07.624,22.530664207632526,11.239081295741471,5.127542394528064,7.982371439657072,3.964888013981181,1.3824400963148946
2026-01-18 20:22:08.651,22.52336867380427,11.242238246438774,5.128490081837299,7.981107856578092,3.9648090400387446,1.383940601221184
2026-01-18 20:22:09.681,22.52336867380427,11.246973672484728,5.129200847319225,7.983003231196562,3.964335196384127,1.3863887934367085
2026-01-18 20:22:10.706,22.52336867380427,11.271440040388825,5.1295167430889705,7.98284528331169,3.96575672734798,1.3915220996950666
2026-01-18 20:22:11.732,22.5160731399759,11.274596991086128,5.129437769146534,7.982924257254126,3.9656777534055436,1.3934174743135372
2026-01-18 20:22:12.759,22.52336867380427,11.258812237599614,5.130227508570897,7.981423752347837,3.96575672734798,1.3929436306589196
2026-01-18 20:22:13.786,22.52336867380427,11.264336901319894,5.130306482513333,7.981344778405401,3.9653618576357985,1.3959446404714981
2026-01-18 20:22:14.812,22.52336867380427,11.28327860550371,5.130622378283078,7.982055543887327,3.9644931442689995,1.3998143636508757
2026-01-18 20:22:15.839,22.530664207632526,11.247762910159054,5.131570065592314,7.9833191269663075,3.964651092153872,1.402736399521018
2026-01-18 20:22:16.870,22.52336867380427,11.25565528690231,5.131728013477186,7.983556048793616,3.9662305710025976,1.4045528001970524
2026-01-18 20:22:17.894,22.52336867380427,11.262758425971242,5.131806987419623,7.983161179081435,3.964651092153872,1.4055004875062878
2026-01-18 20:22:18.921,22.52336867380427,11.257233762250962,5.132754674728858,7.983398100908744,3.964335196384127,1.4096071325129742
2026-01-18 20:22:19.949,22.52336867380427,11.260390712948265,5.133228518383476,7.981265804462964,3.964651092153872,1.4115025071314449
2026-01-18 20:22:20.976,22.52336867380427,11.262758425971242,5.133544414153221,7.982292465714636,3.9656777534055436,1.4133189078074793
2026-01-18 20:22:22.009,22.52336867380427,11.252498336205008,5.1337813359805295,7.9822134917722,3.9648090400387446,1.416398891562494
2026-01-18 20:22:23.035,22.530664207632526,11.239081295741471,5.133860309922966,7.983792970620925,3.9659936491752887,1.418373240123401
2026-01-18 20:22:24.065,22.530664207632526,11.291960219921293,5.135123893001946,7.983398100908744,3.964651092153872,1.4219270675330336
2026-01-18 20:22:25.090,22.530664207632526,11.296695645967247,5.13504491905951,7.9824504135995085,3.966309544945034,1.4235855203241954
2026-01-18 20:22:26.120,22.52336867380427,11.263547663645568,5.135992606368745,7.981502726290273,3.9665464667723427,1.4269813998489553
2026-01-18 20:22:27.147,22.52336867380427,11.274596991086128,5.135518762714128,7.981976569944891,3.9661515970601613,1.4287188265825534
2026-01-18 20:22:28.177,22.530664207632526,11.240659771090122,5.136545423965799,7.9822134917722,3.9641772484992543,1.4307721490858967
2026-01-18 20:22:29.207,22.52336867380427,11.268283089691522,5.136229528196054,7.981660674175146,3.9644931442689995,1.4339311067833478
2026-01-18 20:22:30.232,22.52336867380427,11.264336901319894,5.137887980987216,7.981818622060018,3.9674151801391417,1.4378798039051617
2026-01-18 20:22:31.262,22.52336867380427,11.267493852017196,5.137966954929652,7.98347707485118,3.9650459618660534,1.438274673617343
2026-01-18 20:22:32.291,22.530664207632526,11.24855214783338,5.138203876756961,7.981739648117582,3.965835701290416,1.4412756834299216
2026-01-18 20:22:33.323,22.52336867380427,11.260390712948265,5.138835668296451,7.983161179081435,3.9642562224416906,1.4429341362210835
2026-01-18 20:22:34.352,22.52336867380427,11.246973672484728,5.138835668296451,7.983082205138999,3.964335196384127,1.4465669375731522
2026-01-18 20:22:35.382,22.52336867380427,11.25960147527394,5.139388485893505,7.981502726290273,3.964414170326563,1.4480674424794415
2026-01-18 20:22:36.409,22.52336867380427,11.257233762250962,5.139546433778378,7.982529387541945,3.965519805520671,1.4517002438315103
2026-01-18 20:22:37.435,22.52336867380427,11.246184434810402,5.140257199260304,7.982292465714636,3.9674151801391417,1.4531217747953633
2026-01-18 20:22:38.465,22.52336867380427,11.265915376668545,5.140652068972486,7.983003231196562,3.9641772484992543,1.4570704719171772
2026-01-18 20:22:39.495,22.52336867380427,11.25960147527394,5.140652068972486,7.981344778405401,3.9651249358084897,1.4576232895142311
2026-01-18 20:22:40.524,22.5160731399759,11.23750282039282,5.141362834454412,7.982766309369254,3.9650459618660534,1.4614140387511725
2026-01-18 20:22:41.552,22.52336867380427,11.2430274841131,5.14183667810903,7.981581700232709,3.964651092153872,1.4656786316427315
2026-01-18 20:22:42.578,22.52336867380427,11.264336901319894,5.1419946259939024,7.982766309369254,3.964966987923617,1.46528376193055
2026-01-18 20:22:43.609,22.52336867380427,11.260390712948265,5.142389495706084,7.9822134917722,3.9645721182114357,1.4713647554981435
2026-01-18 20:22:44.635,22.52336867380427,11.263547663645568,5.143021287245574,7.98347707485118,3.9639403266719455,1.4708909118435258
2026-01-18 20:22:45.662,22.52336867380427,11.256444524576636,5.143337183015319,7.983161179081435,3.9647300660963083,1.4736549998287956
2026-01-18 20:22:46.689,22.52336867380427,11.258022999925288,5.143811026669937,7.983082205138999,3.965203909750926,1.4772878011808643
2026-01-18 20:22:47.716,22.52336867380427,11.263547663645568,5.144126922439682,7.981976569944891,3.963545456959764,1.4784724103174085
2026-01-18 20:22:48.743,22.5160731399759,11.281700130155059,5.144679740036736,7.983161179081435,3.9670992843693966,1.4836846905182028
2026-01-18 20:22:49.773,22.5160731399759,11.263547663645568,5.144442818209427,7.9822134917722,3.964019300614382,1.484000586287948
2026-01-18 20:22:50.802,22.52336867380427,11.254866049227985,5.144679740036736,7.981739648117582,3.964651092153872,1.485974934848855
2026-01-18 20:22:51.831,22.52336867380427,11.27775394178343,5.145548453403535,7.9838719445633615,3.965203909750926,1.491424136876958
2026-01-18 20:22:52.855,22.5160731399759,11.263547663645568,5.145627427345971,7.983792970620925,3.9648090400387446,1.4907923453374679
2026-01-18 20:22:53.884,22.5160731399759,11.261969188296916,5.146575114655207,7.9822134917722,3.9647300660963083,1.494504120631973
2026-01-18 20:22:54.911,22.52336867380427,11.26512613899422,5.147285880137133,7.983082205138999,3.9641772484992543,1.4970312867899338
2026-01-18 20:22:55.941,22.5160731399759,11.263547663645568,5.147443828022006,7.981976569944891,3.9638613527295092,1.5004271663146937
2026-01-18 20:22:56.969,22.52336867380427,11.25407681155366,5.147917671676623,7.982371439657072,3.9651249358084897,1.5027174106453458
2026-01-18 20:22:57.998,22.5160731399759,11.262758425971242,5.1476807498493145,7.9822134917722,3.964966987923617,1.5040599676667625
2026-01-18 20:22:59.024,22.5160731399759,11.291170982246967,5.147917671676623,7.982924257254126,3.964335196384127,1.5069820035369048
2026-01-18 20:23:00.051,22.5160731399759,11.260390712948265,5.149023306870731,7.982687335426817,3.9639403266719455,1.5091932739251206
2026-01-18 20:23:01.078,22.5160731399759,11.2706508027145,5.149023306870731,7.981818622060018,3.964414170326563,1.5114045443133364
2026-01-18 20:23:02.110,22.5160731399759,11.298274121315899,5.149655098410221,7.982371439657072,3.964651092153872,1.5160640069170768
2026-01-18 20:23:03.138,22.5160731399759,11.269072327365848,5.150128942064839,7.983635022736053,3.965440831578235,1.5156691372048954
2026-01-18 20:23:04.170,22.5160731399759,11.26117995062259,5.150207916007275,7.982766309369254,3.9637034048446367,1.5185121991326014
2026-01-18 20:23:05.200,22.5160731399759,11.26117995062259,5.150839707546766,7.981423752347837,3.9653618576357985,1.5208814174056897
2026-01-18 20:23:06.226,22.5160731399759,11.304588022710504,5.151313551201383,7.981976569944891,3.9648090400387446,1.5262516454913566
2026-01-18 20:23:07.253,22.5160731399759,11.246184434810402,5.151708420913565,7.981581700232709,3.9639403266719455,1.5276731764552096
2026-01-18 20:23:08.282,22.52336867380427,11.238292058067145,5.152419186395491,7.9822134917722,3.965203909750926,1.527515228570337
2026-01-18 20:23:09.307,22.52336867380427,11.257233762250962,5.152182264568182,7.982608361484381,3.9636244309022004,1.5310690559799696
2026-01-18 20:23:10.333,22.52336867380427,11.244605959461751,5.152735082165236,7.982687335426817,3.963545456959764,1.5335172481954942
2026-01-18 20:23:11.361,22.5160731399759,11.268283089691522,5.1528140561076725,7.982055543887327,3.9661515970601613,1.5358074925261462
2026-01-18 20:23:12.390,22.52336867380427,11.271440040388825,5.15328789976229,7.982371439657072,3.9638613527295092,1.5401510593601415
2026-01-18 20:23:13.416,22.5160731399759,11.269072327365848,5.153840717359344,7.982529387541945,3.963782378787073,1.5409407987845043
2026-01-18 20:23:14.443,22.5160731399759,11.274596991086128,5.154551482841271,7.982687335426817,3.966941336484524,1.5426782255181024
2026-01-18 20:23:15.473,22.5160731399759,11.258812237599614,5.154472508898834,7.98284528331169,3.9651249358084897,1.5459161571579898
2026-01-18 20:23:16.500,22.508777606147646,11.250919860856357,5.154946352553452,7.982371439657072,3.966941336484524,1.5497858803373674
2026-01-18 20:23:17.530,22.5160731399759,11.253287573879334,5.15542019620807,7.9833191269663075,3.964966987923617,1.5508915155314753
2026-01-18 20:23:18.561,22.5160731399759,11.300641834338876,5.15605198774756,7.982292465714636,3.964414170326563,1.5530238119772548
2026-01-18 20:23:19.590,22.5160731399759,11.25960147527394,5.156288909574869,7.982687335426817,3.967257232254269,1.5553930302503431
2026-01-18 20:23:20.616,22.5160731399759,11.2706508027145,5.156446857459741,7.981502726290273,3.9639403266719455,1.5598155710267747
2026-01-18 20:23:21.642,22.508777606147646,11.2430274841131,5.156920701114359,7.981976569944891,3.9667833885996515,1.5602894146813924
2026-01-18 20:23:22.673,22.5160731399759,11.24855214783338,5.15731557082654,7.983635022736053,3.964098274556818,1.5647909294002602
2026-01-18 20:23:23.704,22.508777606147646,11.268283089691522,5.1576314665962855,7.981265804462964,3.9637034048446367,1.5666073300762946
2026-01-18 20:23:24.732,22.508777606147646,11.26117995062259,5.157789414481158,7.982134517829763,3.9647300660963083,1.5679498870977113
2026-01-18 20:23:25.762,22.508777606147646,11.28327860550371,5.158895049675266,7.981344778405401,3.9645721182114357,1.5704770532556722
2026-01-18 20:23:26.790,22.508777606147646,11.295906408292922,5.159289919387447,7.982687335426817,3.9636244309022004,1.5740308806653047
2026-01-18 20:23:27.817,22.5160731399759,11.258022999925288,5.159526841214756,7.98284528331169,3.9645721182114357,1.5762421510535205
2026-01-18 20:23:28.848,22.508777606147646,11.251709098530682,5.159526841214756,7.9822134917722,3.9650459618660534,1.5790852129812265
2026-01-18 20:23:29.873,22.508777606147646,11.251709098530682,5.159763763042065,7.982134517829763,3.9653618576357985,1.5804277700026432
2026-01-18 20:23:30.906,22.508777606147646,11.26117995062259,5.161106320063482,7.983792970620925,3.9641772484992543,1.583191857987913
2026-01-18 20:23:31.930,22.508777606147646,11.306166498059156,5.161264267948354,7.983635022736053,3.9650459618660534,1.5885620860735798
2026-01-18 20:23:32.957,22.5160731399759,11.25960147527394,5.161264267948354,7.982608361484381,3.964651092153872,1.5878513205916533
2026-01-18 20:23:33.983,22.508777606147646,11.260390712948265,5.162448877084898,7.983240153023871,3.9630716133051465,1.5905364346344868
2026-01-18 20:23:35.014,22.508777606147646,11.254866049227985,5.162132981315153,7.981502726290273,3.963466483017328,1.5942482099289919
2026-01-18 20:23:36.041,22.508777606147646,11.278543179457756,5.162448877084898,7.982687335426817,3.9633875090748916,1.5974861415688792
2026-01-18 20:23:37.070,22.508777606147646,11.2706508027145,5.162922720739516,7.9818975960024545,3.965440831578235,1.5989076725327322
2026-01-18 20:23:38.097,22.508777606147646,11.269861565040173,5.1633175904516975,7.981107856578092,3.9665464667723427,1.6003292034965853
2026-01-18 20:23:39.125,22.508777606147646,11.27222927806315,5.163712460163879,7.981186830520528,3.96299263936271,1.6034881611940364
2026-01-18 20:23:40.151,22.501482072319277,11.291960219921293,5.164028355933624,7.982766309369254,3.963229561190019,1.6078317280280316
2026-01-18 20:23:41.177,22.501482072319277,11.245395197136077,5.164265277760933,7.983398100908744,3.964651092153872,1.6091742850494484
2026-01-18 20:23:42.207,22.501482072319277,11.2706508027145,5.165528860839913,7.982292465714636,3.9651249358084897,1.6112276075527916
2026-01-18 20:23:43.240,22.501482072319277,11.281700130155059,5.165212965070168,7.982371439657072,3.964098274556818,1.6152552786170418
2026-01-18 20:23:44.267,22.501482072319277,11.30537726038483,5.165923730552095,7.981502726290273,3.9637034048446367,1.6166768095808948
2026-01-18 20:23:45.293,22.501482072319277,11.27775394178343,5.165923730552095,7.981739648117582,3.9655987794631073,1.6182562884296203
2026-01-18 20:23:46.320,22.501482072319277,11.26670461434287,5.166950391803766,7.9818975960024545,3.963229561190019,1.6202306369905273
2026-01-18 20:23:47.350,22.501482072319277,11.25960147527394,5.1670293657462025,7.982055543887327,3.9664674928299064,1.6227578031484882
2026-01-18 20:23:48.377,22.501482072319277,11.290381744572642,5.167345261515948,7.983161179081435,3.9633085351324553,1.6252059953640128
2026-01-18 20:23:49.403,22.494186538490965,11.271440040388825,5.16813500094031,7.981344778405401,3.964019300614382,1.6275752136371011
2026-01-18 20:23:50.430,22.501482072319277,11.257233762250962,5.16750320940082,7.9833191269663075,3.9656777534055436,1.6307341713345522
2026-01-18 20:23:51.457,22.501482072319277,11.265915376668545,5.16813500094031,7.98284528331169,3.966309544945034,1.63523568605342
2026-01-18 20:23:52.484,22.501482072319277,11.262758425971242,5.168529870652492,7.982687335426817,3.9628346914778376,1.6345249205714936
2026-01-18 20:23:53.511,22.494186538490965,11.264336901319894,5.168766792479801,7.982371439657072,3.9641772484992543,1.638315669808435
2026-01-18 20:23:54.544,22.494186538490965,11.269072327365848,5.169477557961727,7.9822134917722,3.962913665420274,1.6402110444269056
2026-01-18 20:23:55.571,22.501482072319277,11.280121654806408,5.170109349501217,7.9824504135995085,3.96575672734798,1.6430541063546116
2026-01-18 20:23:56.597,22.494186538490965,11.296695645967247,5.170583193155835,7.9822134917722,3.9651249358084897,1.6451074288579548
2026-01-18 20:23:57.626,22.494186538490965,11.275386228760453,5.171372932580198,7.982766309369254,3.9639403266719455,1.6489771520373324
2026-01-18 20:23:58.655,22.486891004662652,11.274596991086128,5.1712939586377615,7.981739648117582,3.9630716133051465,1.650003813289004
2026-01-18 20:23:59.680,22.494186538490965,11.273807753411802,5.171372932580198,7.982687335426817,3.9630716133051465,1.6550581456049258
2026-01-18 20:24:00.706,22.486891004662652,11.269861565040173,5.172241645946997,7.9824504135995085,3.962676743592965,1.6560058329141611
2026-01-18 20:24:01.734,22.494186538490965,11.258812237599614,5.172636515659178,7.983635022736053,3.96299263936271,1.6591647906116123
2026-01-18 20:24:02.760,22.494186538490965,11.284067843178036,5.172952411428923,7.981265804462964,3.9633085351324553,1.661060165230083
2026-01-18 20:24:03.787,22.486891004662652,11.27222927806315,5.173347281141105,7.982687335426817,3.9636244309022004,1.6644560447548429
2026-01-18 20:24:04.818,22.486891004662652,11.240659771090122,5.173505229025977,7.9824504135995085,3.9651249358084897,1.6655616799489508
2026-01-18 20:24:05.844,22.486891004662652,11.25960147527394,5.173584202968414,7.981581700232709,3.964651092153872,1.6675360285098577
2026-01-18 20:24:06.870,22.486891004662652,11.273807753411802,5.174531890277649,7.983556048793616,3.9638613527295092,1.6733801002501423
2026-01-18 20:24:07.898,22.486891004662652,11.31642658782539,5.17429496845034,7.982371439657072,3.962676743592965,1.6725113868833432
2026-01-18 20:24:08.923,22.486891004662652,11.265915376668545,5.1755585515293205,7.983635022736053,3.963782378787073,1.677012901602211
2026-01-18 20:24:09.954,22.486891004662652,11.267493852017196,5.176032395183938,7.982371439657072,3.9627557175354013,1.678434432566064
2026-01-18 20:24:10.981,22.486891004662652,11.28327860550371,5.175795473356629,7.982292465714636,3.963782378787073,1.6800139114147896
2026-01-18 20:24:12.010,22.47959547083434,11.258812237599614,5.176269317011247,7.982371439657072,3.966072623117725,1.6833308169971133
2026-01-18 20:24:13.033,22.47959547083434,11.269072327365848,5.176822134608301,7.983161179081435,3.9639403266719455,1.686094904982383
2026-01-18 20:24:14.063,22.486891004662652,11.31090192410511,5.177295978262919,7.981423752347837,3.963229561190019,1.6890959147949616
2026-01-18 20:24:15.092,22.47959547083434,11.251709098530682,5.176585212780992,7.982529387541945,3.9630716133051465,1.6902805239315057
2026-01-18 20:24:16.119,22.47959547083434,11.273807753411802,5.177374952205355,7.982134517829763,3.96575672734798,1.6935184555713931
2026-01-18 20:24:17.148,22.47959547083434,11.269861565040173,5.177927769802409,7.9833191269663075,3.9622818738807837,1.696045621729354
2026-01-18 20:24:18.177,22.47959547083434,11.251709098530682,5.178164691629718,7.983556048793616,3.964098274556818,1.697151256923462
2026-01-18 20:24:19.204,22.472299937006028,11.27222927806315,5.178559561341899,7.981423752347837,3.96236084782322,1.6996784230814228
2026-01-18 20:24:20.232,22.472299937006028,11.291960219921293,5.178875457111644,7.983792970620925,3.9656777534055436,1.704021989915418
2026-01-18 20:24:21.263,22.472299937006028,11.262758425971242,5.179507248651134,7.98284528331169,3.9622818738807837,1.7053645469368348
2026-01-18 20:24:22.289,22.47959547083434,11.25960147527394,5.179744170478443,7.983398100908744,3.962913665420274,1.7078127391523594
2026-01-18 20:24:23.316,22.47959547083434,11.280121654806408,5.18045493596037,7.981265804462964,3.9625187957080925,1.7095501658859575
2026-01-18 20:24:24.345,22.472299937006028,11.268283089691522,5.180296988075497,7.9822134917722,3.9633085351324553,1.712235279928791
2026-01-18 20:24:25.375,22.472299937006028,11.269861565040173,5.180928779614987,7.982529387541945,3.963466483017328,1.715394237626242
2026-01-18 20:24:26.403,22.472299937006028,11.300641834338876,5.18108672749986,7.982371439657072,3.9622818738807837,1.717368586187149
2026-01-18 20:24:27.429,22.472299937006028,11.273807753411802,5.18171851903935,7.982371439657072,3.9652828836933622,1.722185996675762
2026-01-18 20:24:28.459,22.472299937006028,11.273807753411802,5.181955440866659,7.983161179081435,3.9633085351324553,1.7234495797547424
2026-01-18 20:24:29.485,22.46500440317766,11.273807753411802,5.182429284521277,7.982371439657072,3.9622818738807837,1.7247921367761592
2026-01-18 20:24:30.514,22.46500440317766,11.27222927806315,5.1826662063485855,7.982371439657072,3.962597769650529,1.7277931465887377
2026-01-18 20:24:31.542,22.472299937006028,11.257233762250962,5.182903128175894,7.983398100908744,3.9639403266719455,1.7290567296677182
2026-01-18 20:24:32.570,22.46500440317766,11.257233762250962,5.18385081548513,7.982608361484381,3.962597769650529,1.7334002965017135
2026-01-18 20:24:33.600,22.472299937006028,11.263547663645568,5.184403633082184,7.981818622060018,3.961808030226166,1.734663879580694
2026-01-18 20:24:34.629,22.46500440317766,11.25565528690231,5.184245685197311,7.9824504135995085,3.964888013981181,1.738375654875199
2026-01-18 20:24:35.659,22.46500440317766,11.26117995062259,5.18511439856411,7.983003231196562,3.9630716133051465,1.7409817949755961
2026-01-18 20:24:36.690,22.46500440317766,11.239870533415797,5.184956450679238,7.98284528331169,3.96299263936271,1.743508961133557
2026-01-18 20:24:37.720,22.457708869349403,11.306166498059156,5.185193372506546,7.981581700232709,3.962123925995911,1.7448515181549737
2026-01-18 20:24:38.744,22.46500440317766,11.264336901319894,5.185825164046037,7.981502726290273,3.9652828836933622,1.746904840658317
2026-01-18 20:24:39.772,22.457708869349403,11.295117170618596,5.1860620858733455,7.98284528331169,3.965835701290416,1.7504586680679495
2026-01-18 20:24:40.802,22.457708869349403,11.286435556201013,5.186614903470399,7.98284528331169,3.9619659781110386,1.7518012250893662
2026-01-18 20:24:41.831,22.457708869349403,11.25960147527394,5.1874836168371985,7.982371439657072,3.9627557175354013,1.7561447919233615
2026-01-18 20:24:42.858,22.457708869349403,11.267493852017196,5.187088747125017,7.9822134917722,3.962123925995911,1.757408375002342
2026-01-18 20:24:43.884,22.457708869349403,11.26670461434287,5.187562590779635,7.982371439657072,3.962676743592965,1.7595406714481214
2026-01-18 20:24:44.913,22.457708869349403,11.28327860550371,5.187957460491816,7.982055543887327,3.9619659781110386,1.7638842382821167
2026-01-18 20:24:45.940,22.450413335521034,11.257233762250962,5.18851027808887,7.983003231196562,3.9651249358084897,1.7638842382821167
2026-01-18 20:24:46.968,22.457708869349403,11.240659771090122,5.188668225973743,7.981818622060018,3.9633875090748916,1.7678329354039306
2026-01-18 20:24:47.994,22.457708869349403,11.26670461434287,5.188826173858615,7.983240153023871,3.9622028999383474,1.7712288149286906
2026-01-18 20:24:49.025,22.457708869349403,11.252498336205008,5.1889051478010515,7.982055543887327,3.962123925995911,1.772808293777416
2026-01-18 20:24:50.051,22.450413335521034,11.25407681155366,5.190089756937596,7.981818622060018,3.9625187957080925,1.7759672514748672
2026-01-18 20:24:51.082,22.457708869349403,11.269072327365848,5.190010782995159,7.982924257254126,3.9625187957080925,1.779600052826936
2026-01-18 20:24:52.109,22.457708869349403,11.249341385507705,5.190563600592213,7.9822134917722,3.9631505872475827,1.7806267140786076
2026-01-18 20:24:53.133,22.44311780169278,11.269861565040173,5.190721548477086,7.982924257254126,3.962123925995911,1.7841805414882401
2026-01-18 20:24:54.160,22.450413335521034,11.258022999925288,5.191590261843885,7.9818975960024545,3.964966987923617,1.7851282287974755
2026-01-18 20:24:55.188,22.450413335521034,11.273807753411802,5.1917482097287575,7.982055543887327,3.962044952053475,1.7882871864949266
2026-01-18 20:24:56.216,22.450413335521034,11.246973672484728,5.192616923095557,7.982055543887327,3.96299263936271,1.790419482940706
2026-01-18 20:24:57.243,22.450413335521034,11.291170982246967,5.19253794915312,7.982687335426817,3.9651249358084897,1.792946649098667
2026-01-18 20:24:58.271,22.44311780169278,11.25565528690231,5.192695897037993,7.981581700232709,3.963466483017328,1.795236893429319
2026-01-18 20:24:59.301,22.44311780169278,11.264336901319894,5.193090766750174,7.982687335426817,3.9637034048446367,1.7997384081481869
2026-01-18 20:25:00.328,22.44311780169278,11.276175466434779,5.1937225582896644,7.981739648117582,3.962123925995911,1.8010809651696036
2026-01-18 20:25:01.355,22.450413335521034,11.27222927806315,5.193643584347228,7.982292465714636,3.9624398217656562,1.803450183442692
2026-01-18 20:25:02.386,22.450413335521034,11.27775394178343,5.194117428001846,7.981660674175146,3.962676743592965,1.8043978707519273
2026-01-18 20:25:03.413,22.450413335521034,11.27222927806315,5.194986141368645,7.9824504135995085,3.962676743592965,1.807714776334251
2026-01-18 20:25:04.444,22.44311780169278,11.273807753411802,5.194828193483772,7.9824504135995085,3.9630716133051465,1.8109527079741383
2026-01-18 20:25:05.472,22.44311780169278,11.268283089691522,5.194986141368645,7.982371439657072,3.9622818738807837,1.814822431153516
2026-01-18 20:25:06.496,22.43582226786441,11.262758425971242,5.195617932908135,7.981976569944891,3.963229561190019,1.8152962748081336
2026-01-18 20:25:07.522,22.44311780169278,11.268283089691522,5.195854854735444,7.983003231196562,3.9622818738807837,1.8175075451963494
2026-01-18 20:25:08.553,22.44311780169278,11.267493852017196,5.196328698390062,7.982924257254126,3.963229561190019,1.8201926592391828
2026-01-18 20:25:09.583,22.43582226786441,11.269861565040173,5.196249724447625,7.98410886639067,3.962123925995911,1.8218511120303447
2026-01-18 20:25:10.612,22.44311780169278,11.280910892480733,5.196960489929552,7.982608361484381,3.9647300660963083,1.8248521218429232
2026-01-18 20:25:11.639,22.44311780169278,11.269861565040173,5.197908177238787,7.981502726290273,3.962123925995911,1.8273003140584478
2026-01-18 20:25:12.669,22.43582226786441,11.318005063174041,5.197592281469042,7.983003231196562,3.964414170326563,1.8328284900289873
2026-01-18 20:25:13.701,22.44311780169278,11.238292058067145,5.198539968778277,7.982134517829763,3.9624398217656562,1.834171047050404
2026-01-18 20:25:14.729,22.43582226786441,11.26670461434287,5.199013812432895,7.982292465714636,3.9619659781110386,1.8376459005176002
2026-01-18 20:25:15.761,22.43582226786441,11.258022999925288,5.1988558645480225,7.98284528331169,3.962123925995911,1.8392253793663258
2026-01-18 20:25:16.792,22.43582226786441,11.262758425971242,5.199171760317768,7.981265804462964,3.964335196384127,1.8408048582150514
2026-01-18 20:25:17.816,22.43582226786441,11.264336901319894,5.199724577914822,7.981976569944891,3.9624398217656562,1.8429371546608309
2026-01-18 20:25:18.843,22.43582226786441,11.273807753411802,5.200198421569439,7.983635022736053,3.9622818738807837,1.8445166335095564
2026-01-18 20:25:19.874,22.43582226786441,11.254866049227985,5.200751239166493,7.982766309369254,3.963545456959764,1.8498868615952233
2026-01-18 20:25:20.903,22.428526734036154,11.27775394178343,5.200909187051366,7.982055543887327,3.965440831578235,1.8502817313074047
2026-01-18 20:25:21.928,22.428526734036154,11.258022999925288,5.201146108878675,7.9822134917722,3.962044952053475,1.8522560798683116
2026-01-18 20:25:22.953,22.43582226786441,11.257233762250962,5.201777900418165,7.9824504135995085,3.9624398217656562,1.855178115738454
2026-01-18 20:25:23.984,22.43582226786441,11.261969188296916,5.20146200464842,7.981818622060018,3.96236084782322,1.857468360069106
2026-01-18 20:25:25.013,22.428526734036154,11.2706508027145,5.202172770130346,7.982134517829763,3.963466483017328,1.8601534741119394
2026-01-18 20:25:26.043,22.428526734036154,11.2706508027145,5.202409691957655,7.982292465714636,3.9622028999383474,1.8624437184425915
2026-01-18 20:25:27.071,22.428526734036154,11.269861565040173,5.202883535612273,7.982371439657072,3.9639403266719455,1.8667083113341505
2026-01-18 20:25:28.100,22.428526734036154,11.318005063174041,5.203199431382018,7.983713996678489,3.9622028999383474,1.8675770247009496
2026-01-18 20:25:29.127,22.428526734036154,11.250919860856357,5.203594301094199,7.983398100908744,3.963782378787073,1.869156503549675
2026-01-18 20:25:30.155,22.421231200207785,11.25013062318203,5.203752248979072,7.983082205138999,3.9627557175354013,1.8728682788441802
2026-01-18 20:25:31.183,22.428526734036154,11.28880326922399,5.204384040518562,7.982608361484381,3.9625187957080925,1.874526731635342
2026-01-18 20:25:32.210,22.428526734036154,11.24855214783338,5.205173779942925,7.981976569944891,3.9637034048446367,1.8776856893327931
2026-01-18 20:25:33.238,22.421231200207785,11.25565528690231,5.205173779942925,7.982371439657072,3.963545456959764,1.8795020900088275
2026-01-18 20:25:34.263,22.428526734036154,11.236713582718494,5.205173779942925,7.9833191269663075,3.9622028999383474,1.8822661779940972
2026-01-18 20:25:35.293,22.421231200207785,11.273018515737476,5.205884545424851,7.9838719445633615,3.963782378787073,1.8849512920369307
2026-01-18 20:25:36.320,22.428526734036154,11.273807753411802,5.206674284849214,7.983556048793616,3.9627557175354013,1.8866097448280925
2026-01-18 20:25:37.351,22.421231200207785,11.236713582718494,5.206279415137033,7.9824504135995085,3.963545456959764,1.890716389834779
2026-01-18 20:25:38.381,22.421231200207785,11.263547663645568,5.207542998216013,7.9824504135995085,3.963229561190019,1.891585103201578
2026-01-18 20:25:39.407,22.421231200207785,11.243816721787425,5.207148128503832,7.982924257254126,3.9633875090748916,1.8945861130141566
2026-01-18 20:25:40.434,22.421231200207785,11.26512613899422,5.207621972158449,7.982924257254126,3.9659146752328525,1.8974291749418626
2026-01-18 20:25:41.464,22.421231200207785,11.273018515737476,5.207621972158449,7.9833191269663075,3.962597769650529,1.8989296798481519
2026-01-18 20:25:42.492,22.413935666379473,11.271440040388825,5.208490685525248,7.982134517829763,3.96236084782322,1.9030363248548383
2026-01-18 20:25:43.520,22.421231200207785,11.263547663645568,5.20825376369794,7.981581700232709,3.963782378787073,1.904378881876255
2026-01-18 20:25:44.549,22.413935666379473,11.2706508027145,5.209201451007175,7.981660674175146,3.9641772484992543,1.9071429698615248
2026-01-18 20:25:45.578,22.421231200207785,11.26512613899422,5.209201451007175,7.983398100908744,3.9633875090748916,1.909512188134613
2026-01-18 20:25:46.605,22.413935666379473,11.2706508027145,5.20951734677692,7.981581700232709,3.962597769650529,1.9116444845803926
2026-01-18 20:25:47.634,22.413935666379473,11.235135107369842,5.210307086201283,7.982292465714636,3.9659146752328525,1.9164618950690055
2026-01-18 20:25:48.661,22.421231200207785,11.2706508027145,5.210386060143719,7.980870934750783,3.9633875090748916,1.918041373917731
2026-01-18 20:25:49.687,22.413935666379473,11.297484883641573,5.210859903798337,7.982292465714636,3.9625187957080925,1.9198577745937655
2026-01-18 20:25:50.715,22.421231200207785,11.263547663645568,5.211254773510518,7.981581700232709,3.96299263936271,1.923964419600452
2026-01-18 20:25:51.742,22.413935666379473,11.265915376668545,5.211965538992445,7.982055543887327,3.963229561190019,1.9253069766218687
2026-01-18 20:25:52.768,22.413935666379473,11.265915376668545,5.211728617165136,7.982529387541945,3.962597769650529,1.927123377297903
2026-01-18 20:25:53.794,22.413935666379473,11.273018515737476,5.211807591107572,7.981660674175146,3.9628346914778376,1.9312300223045895
2026-01-18 20:25:54.820,22.413935666379473,11.27222927806315,5.212360408704626,7.983082205138999,3.96638851888747,1.9329674490381876
2026-01-18 20:25:55.846,22.413935666379473,11.2706508027145,5.212755278416807,7.98071298686591,3.965519805520671,1.9343100060596043
2026-01-18 20:25:56.870,22.413935666379473,11.274596991086128,5.213229122071425,7.982055543887327,3.9622818738807837,1.93991715597258
2026-01-18 20:25:57.899,22.413935666379473,11.269072327365848,5.213229122071425,7.982687335426817,3.962676743592965,1.9400751038574526
2026-01-18 20:25:58.926,22.413935666379473,11.296695645967247,5.213308096013861,7.983398100908744,3.9633875090748916,1.941891504533487
2026-01-18 20:25:59.952,22.40664013255116,11.273018515737476,5.213860913610915,7.98347707485118,3.9639403266719455,1.9450504622309381
2026-01-18 20:26:00.980,22.40664013255116,11.29432793294427,5.214334757265533,7.981107856578092,3.9636244309022004,1.947261732619154
2026-01-18 20:26:02.008,22.413935666379473,11.279332417132082,5.215203470632332,7.981581700232709,3.9633085351324553,1.9497888987771148
2026-01-18 20:26:03.039,22.413935666379473,11.271440040388825,5.214966548805023,7.982924257254126,3.9625187957080925,1.952710934647257
2026-01-18 20:26:04.063,22.413935666379473,11.29432793294427,5.215756288229386,7.983082205138999,3.9633085351324553,1.9542114395535464
2026-01-18 20:26:05.091,22.40664013255116,11.274596991086128,5.21630910582644,7.9818975960024545,3.9624398217656562,1.9574493711934338
2026-01-18 20:26:06.118,22.413935666379473,11.243816721787425,5.215756288229386,7.982371439657072,3.9636244309022004,1.9596606415816495
2026-01-18 20:26:07.142,22.40664013255116,11.234345869695517,5.216546027653749,7.982134517829763,3.962597769650529,1.9627406253366644
2026-01-18 20:26:08.168,22.413935666379473,11.303009547361853,5.216861923423494,7.982529387541945,3.963466483017328,1.9644780520702625
2026-01-18 20:26:09.196,22.40664013255116,11.258022999925288,5.216861923423494,7.981818622060018,3.962913665420274,1.9698482801559294
2026-01-18 20:26:10.222,22.40664013255116,11.249341385507705,5.217809610732729,7.983082205138999,3.962676743592965,1.9700852019832382
2026-01-18 20:26:11.251,22.40664013255116,11.258812237599614,5.2178885846751655,7.982766309369254,3.96299263936271,1.9730072378533805
2026-01-18 20:26:12.283,22.40664013255116,11.25960147527394,5.218599350157092,7.983003231196562,3.9622818738807837,1.974823638529415
2026-01-18 20:26:13.308,22.413935666379473,11.252498336205008,5.218994219869273,7.982055543887327,3.9630716133051465,1.9778246483419935
2026-01-18 20:26:14.334,22.40664013255116,11.300641834338876,5.218994219869273,7.983398100908744,3.962676743592965,1.980272840557518
2026-01-18 20:26:15.361,22.40664013255116,11.267493852017196,5.219468063523891,7.9838719445633615,3.9644931442689995,1.9827210327730427
2026-01-18 20:26:16.389,22.40664013255116,11.25013062318203,5.2197049853512,7.9822134917722,3.9625187957080925,1.985090251046131
2026-01-18 20:26:17.420,22.40664013255116,11.301431072013202,5.220099855063381,7.983792970620925,3.9659146752328525,1.9876963911465282
2026-01-18 20:26:18.451,22.40664013255116,11.267493852017196,5.220494724775563,7.981976569944891,3.9630716133051465,1.990460479131798
2026-01-18 20:26:19.486,22.413935666379473,11.271440040388825,5.221363438142362,7.981976569944891,3.963545456959764,1.9923558537502686
2026-01-18 20:26:20.512,22.413935666379473,11.297484883641573,5.2216003599696705,7.982687335426817,3.963229561190019,1.9954358375052834
2026-01-18 20:26:21.538,22.40664013255116,11.249341385507705,5.2216003599696705,7.982766309369254,3.965519805520671,1.9978050557783718
2026-01-18 20:26:22.565,22.40664013255116,11.25565528690231,5.221837281796979,7.9824504135995085,3.963545456959764,2.000727091648514
2026-01-18 20:26:23.592,22.413935666379473,11.267493852017196,5.221837281796979,7.982134517829763,3.9631505872475827,2.0027804141518573
2026-01-18 20:26:24.617,22.40664013255116,11.260390712948265,5.222390099394033,7.981423752347837,3.9624398217656562,2.007518850698034
2026-01-18 20:26:25.650,22.40664013255116,11.273807753411802,5.2230218909335235,7.982371439657072,3.9653618576357985,2.0074398767555977
2026-01-18 20:26:26.679,22.40664013255116,11.263547663645568,5.22310086487596,7.98284528331169,3.965835701290416,2.0098880689711223
2026-01-18 20:26:27.709,22.39934459872285,11.25960147527394,5.223337786703269,7.98284528331169,3.96236084782322,2.0120203654169018
2026-01-18 20:26:28.739,22.40664013255116,11.26117995062259,5.223890604300323,7.982529387541945,3.9637034048446367,2.0153372709992254
2026-01-18 20:26:29.766,22.40664013255116,11.269072327365848,5.223969578242759,7.981818622060018,3.962123925995911,2.0179434110996226
2026-01-18 20:26:30.792,22.40664013255116,11.286435556201013,5.224522395839813,7.98071298686591,3.96236084782322,2.0204705772575835
2026-01-18 20:26:31.817,22.40664013255116,11.276964704109105,5.224838291609558,7.9822134917722,3.9644931442689995,2.022602873703363
2026-01-18 20:26:32.847,22.413935666379473,11.25960147527394,5.224759317667122,7.982766309369254,3.9637034048446367,2.0256038835159416
2026-01-18 20:26:33.877,22.40664013255116,11.258022999925288,5.225785978918793,7.982371439657072,3.962123925995911,2.030026424292373
2026-01-18 20:26:34.907,22.40664013255116,11.299063358990225,5.226022900746102,7.9822134917722,3.9619659781110386,2.032316668623025
2026-01-18 20:26:35.934,22.40664013255116,11.267493852017196,5.22649674440072,7.983161179081435,3.9619659781110386,2.033106408047388
2026-01-18 20:26:36.962,22.40664013255116,11.257233762250962,5.226022900746102,7.982687335426817,3.965519805520671,2.0358704960326577
2026-01-18 20:26:37.989,22.40664013255116,11.269072327365848,5.22712853594021,7.982529387541945,3.96299263936271,2.037923818536001
2026-01-18 20:26:39.018,22.39934459872285,11.268283089691522,5.227207509882646,7.981818622060018,3.965203909750926,2.040766880463707
2026-01-18 20:26:40.047,22.39934459872285,11.264336901319894,5.227207509882646,7.982055543887327,3.9625187957080925,2.044162759988467
2026-01-18 20:26:41.072,22.40664013255116,11.261969188296916,5.228076223249445,7.982529387541945,3.962913665420274,2.0452683951825747
2026-01-18 20:26:42.098,22.40664013255116,11.268283089691522,5.228234171134318,7.98284528331169,3.96299263936271,2.047321717685918
2026-01-18 20:26:43.125,22.40664013255116,11.246973672484728,5.228786988731372,7.982766309369254,3.9619659781110386,2.0505596493258054
2026-01-18 20:26:44.154,22.40664013255116,11.239870533415797,5.228550066904063,7.982371439657072,3.9651249358084897,2.0522970760594035
2026-01-18 20:26:45.183,22.39934459872285,11.292749457595619,5.229181858443553,7.982371439657072,3.9627557175354013,2.054982190102237
2026-01-18 20:26:46.210,22.40664013255116,11.267493852017196,5.229181858443553,7.982134517829763,3.962123925995911,2.0571934604904527
2026-01-18 20:26:47.233,22.39934459872285,11.25960147527394,5.229734676040607,7.981502726290273,3.9619659781110386,2.0602734442454675
2026-01-18 20:26:48.261,22.40664013255116,11.250919860856357,5.229655702098171,7.9822134917722,3.9633875090748916,2.0624847146336833
2026-01-18 20:26:49.287,22.40664013255116,11.269072327365848,5.230445441522534,7.982529387541945,3.962597769650529,2.064380089252154
2026-01-18 20:26:50.314,22.40664013255116,11.30537726038483,5.231077233062024,7.982371439657072,3.962597769650529,2.0671441772374237
2026-01-18 20:26:51.342,22.39934459872285,11.257233762250962,5.230919285177151,7.982055543887327,3.9622028999383474,2.0701451870500023
2026-01-18 20:26:52.372,22.39934459872285,11.262758425971242,5.231235180946896,7.983161179081435,3.9653618576357985,2.071487744071419
2026-01-18 20:26:53.399,22.39934459872285,11.26117995062259,5.231472102774205,7.98284528331169,3.9616500823412935,2.076936946099522
2026-01-18 20:26:54.426,22.39934459872285,11.303009547361853,5.232261842198568,7.981976569944891,3.9633085351324553,2.0792271904301742
2026-01-18 20:26:55.456,22.39934459872285,11.261969188296916,5.232340816141004,7.982924257254126,3.9616500823412935,2.0793061643726105
2026-01-18 20:26:56.485,22.39934459872285,11.253287573879334,5.233051581622931,7.981423752347837,3.962123925995911,2.082623069954934
2026-01-18 20:26:57.515,22.39934459872285,11.269861565040173,5.232735685853186,7.982529387541945,3.961808030226166,2.0852292100553314
2026-01-18 20:26:58.546,22.39934459872285,11.254866049227985,5.233446451335112,7.9824504135995085,3.962676743592965,2.0892568811195815
2026-01-18 20:26:59.575,22.39934459872285,11.26117995062259,5.234078242874602,7.982529387541945,3.9627557175354013,2.090520464198562
2026-01-18 20:27:00.606,22.39934459872285,11.268283089691522,5.234631060471656,7.9822134917722,3.9617290562837297,2.0918630212199787
2026-01-18 20:27:01.632,22.39934459872285,11.265915376668545,5.2349469562414015,7.982055543887327,3.9628346914778376,2.093995317665758
2026-01-18 20:27:02.660,22.39934459872285,11.269861565040173,5.234789008356529,7.983240153023871,3.9639403266719455,2.0971542753632093
2026-01-18 20:27:03.685,22.39934459872285,11.27775394178343,5.235025930183838,7.982608361484381,3.9630716133051465,2.0995234936362976
2026-01-18 20:27:04.711,22.392049064894536,11.244605959461751,5.2358156696082006,7.983950918505798,3.9631505872475827,2.1017347640245134
2026-01-18 20:27:05.737,22.392049064894536,11.257233762250962,5.236131565377946,7.98284528331169,3.962676743592965,2.1054465393190185
2026-01-18 20:27:06.765,22.39934459872285,11.275386228760453,5.236131565377946,7.9822134917722,3.9625187957080925,2.107815757592107
2026-01-18 20:27:07.792,22.392049064894536,11.260390712948265,5.237079252687181,7.983003231196562,3.9619659781110386,2.109632158268141
2026-01-18 20:27:08.820,22.392049064894536,11.256444524576636,5.237079252687181,7.983950918505798,3.9617290562837297,2.113580855389955
2026-01-18 20:27:09.846,22.392049064894536,11.2706508027145,5.237395148456926,7.984503736102852,3.9630716133051465,2.1153972560659895
2026-01-18 20:27:10.879,22.392049064894536,11.27222927806315,5.237868992111544,7.98347707485118,3.961492134456421,2.1176085264542053
2026-01-18 20:27:11.904,22.392049064894536,11.278543179457756,5.238263861823725,7.9822134917722,3.964888013981181,2.121241327806274
2026-01-18 20:27:12.931,22.392049064894536,11.258022999925288,5.2386587315359066,7.983556048793616,3.963229561190019,2.122978754539872
2026-01-18 20:27:13.958,22.392049064894536,11.275386228760453,5.2386587315359066,7.980949908693219,3.96236084782322,2.1276382171436126
2026-01-18 20:27:14.981,22.384753531066167,11.2706508027145,5.2386587315359066,7.981976569944891,3.961571108398857,2.1273223213738675
2026-01-18 20:27:16.007,22.384753531066167,11.243816721787425,5.239132575190524,7.981739648117582,3.9627557175354013,2.1310340966683725
2026-01-18 20:27:17.035,22.384753531066167,11.280910892480733,5.239369497017833,7.981739648117582,3.962913665420274,2.1321397318624804
2026-01-18 20:27:18.062,22.384753531066167,11.269072327365848,5.239685392787578,7.982766309369254,3.962123925995911,2.1344299761931325
2026-01-18 20:27:19.091,22.384753531066167,11.2706508027145,5.240001288557323,7.982292465714636,3.9622818738807837,2.1372730381208385
2026-01-18 20:27:20.122,22.384753531066167,11.273807753411802,5.24071205403925,7.983240153023871,3.962676743592965,2.140037126106108
2026-01-18 20:27:21.152,22.384753531066167,11.279332417132082,5.2411858976938674,7.981660674175146,3.965519805520671,2.143669927458177
2026-01-18 20:27:22.176,22.384753531066167,11.264336901319894,5.241659741348485,7.981186830520528,3.9633875090748916,2.144301718997667
2026-01-18 20:27:23.203,22.392049064894536,11.27775394178343,5.241580767406049,7.982687335426817,3.962123925995911,2.1486452858316625
2026-01-18 20:27:24.230,22.384753531066167,11.2706508027145,5.242370506830412,7.982766309369254,3.96299263936271,2.1503827125652606
2026-01-18 20:27:25.256,22.384753531066167,11.279332417132082,5.242370506830412,7.9822134917722,3.965519805520671,2.1525939829534764
2026-01-18 20:27:26.281,22.392049064894536,11.291170982246967,5.242370506830412,7.982608361484381,3.962913665420274,2.154805253341692
2026-01-18 20:27:27.308,22.384753531066167,11.278543179457756,5.243239220197211,7.982766309369254,3.9644931442689995,2.1580431849815795
2026-01-18 20:27:28.334,22.384753531066167,11.273807753411802,5.243555115966956,7.982371439657072,3.965203909750926,2.159622663830305
2026-01-18 20:27:29.362,22.384753531066167,11.265915376668545,5.244265881448882,7.981265804462964,3.9631505872475827,2.162149829988266
2026-01-18 20:27:30.390,22.384753531066167,11.306166498059156,5.24410793356401,7.9824504135995085,3.9616500823412935,2.1650718658584083
2026-01-18 20:27:31.420,22.384753531066167,11.27775394178343,5.243871011736701,7.983161179081435,3.9627557175354013,2.167599032016369
2026-01-18 20:27:32.446,22.37745799723791,11.271440040388825,5.244423829333755,7.982055543887327,3.962913665420274,2.1696523545197124
2026-01-18 20:27:33.477,22.37745799723791,11.274596991086128,5.244976646930809,7.983003231196562,3.9647300660963083,2.1733641298142174
2026-01-18 20:27:34.503,22.37745799723791,11.264336901319894,5.245687412412735,7.982687335426817,3.962676743592965,2.1748646347205067
2026-01-18 20:27:35.529,22.37745799723791,11.26670461434287,5.245766386355172,7.982371439657072,3.9619659781110386,2.1784974360725755
2026-01-18 20:27:36.556,22.37745799723791,11.269072327365848,5.245766386355172,7.98284528331169,3.962044952053475,2.1805507585759187
2026-01-18 20:27:37.585,22.37745799723791,11.280121654806408,5.246240230009789,7.982687335426817,3.9624398217656562,2.182288185309517
2026-01-18 20:27:38.611,22.37745799723791,11.246184434810402,5.247187917319025,7.983082205138999,3.9630716133051465,2.1875794394527475
2026-01-18 20:27:39.640,22.37745799723791,11.26117995062259,5.246793047606843,7.981581700232709,3.9628346914778376,2.189711735898527
2026-01-18 20:27:40.667,22.37745799723791,11.252498336205008,5.24750381308877,7.982766309369254,3.962044952053475,2.1897907098409632
2026-01-18 20:27:41.694,22.37745799723791,11.273807753411802,5.247898682800951,7.983082205138999,3.9619659781110386,2.192001980229179
2026-01-18 20:27:42.719,22.37745799723791,11.2706508027145,5.248451500398005,7.98284528331169,3.96236084782322,2.194608120329576
2026-01-18 20:27:43.746,22.37745799723791,11.258022999925288,5.248688422225314,7.9818975960024545,3.964019300614382,2.199425530818189
2026-01-18 20:27:44.777,22.37745799723791,11.274596991086128,5.249004317995059,7.983713996678489,3.9624398217656562,2.1997414265879343
2026-01-18 20:27:45.832,22.362866929581287,11.264336901319894,5.249083291937495,7.9824504135995085,3.961808030226166,2.2020316709185863
2026-01-18 20:27:46.860,22.370162463409542,11.267493852017196,5.24939918770724,7.981581700232709,3.9617290562837297,2.207401899004253
2026-01-18 20:27:47.886,22.370162463409542,11.25407681155366,5.250425848958912,7.982292465714636,3.9619659781110386,2.206770107464763
2026-01-18 20:27:48.912,22.37745799723791,11.25565528690231,5.250346875016476,7.982055543887327,3.9628346914778376,2.2122982834353024
2026-01-18 20:27:49.938,22.370162463409542,11.26117995062259,5.250741744728657,7.983713996678489,3.9628346914778376,2.2128511010323564
2026-01-18 20:27:50.964,22.370162463409542,11.252498336205008,5.250978666555966,7.983082205138999,3.962123925995911,2.2154572411327536
2026-01-18 20:27:51.994,22.370162463409542,11.258022999925288,5.250978666555966,7.981660674175146,3.9619659781110386,2.2180633812331507
2026-01-18 20:27:53.022,22.37745799723791,11.273807753411802,5.25153148415302,7.981423752347837,3.961808030226166,2.2205115734486753
2026-01-18 20:27:54.049,22.370162463409542,11.27775394178343,5.25153148415302,7.982292465714636,3.963229561190019,2.2233546353763813
2026-01-18 20:27:55.075,22.370162463409542,11.262758425971242,5.252953015116873,7.982134517829763,3.962913665420274,2.225013088167543
2026-01-18 20:27:56.102,22.362866929581287,11.265915376668545,5.252874041174437,7.982371439657072,3.964414170326563,2.2299094725985924
2026-01-18 20:27:57.129,22.362866929581287,11.26512613899422,5.253821728483672,7.983003231196562,3.961808030226166,2.2305412641380826
2026-01-18 20:27:58.155,22.370162463409542,11.287224793875339,5.2534268587714905,7.981581700232709,3.962597769650529,2.2333843260657886
2026-01-18 20:27:59.182,22.370162463409542,11.2706508027145,5.253742754541236,7.9822134917722,3.9656777534055436,2.2358325182813132
2026-01-18 20:28:00.210,22.370162463409542,11.264336901319894,5.253663780598799,7.9822134917722,3.96299263936271,2.2381227626119653
2026-01-18 20:28:01.237,22.362866929581287,11.27222927806315,5.254532493965598,7.982134517829763,3.9619659781110386,2.2396232675182546
2026-01-18 20:28:02.264,22.362866929581287,11.273807753411802,5.255243259447525,7.983003231196562,3.96299263936271,2.2430191470430145
2026-01-18 20:28:03.291,22.362866929581287,11.299063358990225,5.255085311562652,7.982292465714636,3.9618870041686023,2.2472837399345735
2026-01-18 20:28:04.321,22.370162463409542,11.264336901319894,5.2554012073323975,7.981502726290273,3.9653618576357985,2.2478365575316275
2026-01-18 20:28:05.345,22.362866929581287,11.289592506898316,5.255954024929451,7.982608361484381,3.9630716133051465,2.249652958207662
2026-01-18 20:28:06.377,22.370162463409542,11.258022999925288,5.256111972814324,7.982292465714636,3.962123925995911,2.2521801243656228
2026-01-18 20:28:07.407,22.370162463409542,11.271440040388825,5.256427868584069,7.98284528331169,3.9631505872475827,2.2552601081206376
2026-01-18 20:28:08.437,22.370162463409542,11.267493852017196,5.256743764353814,7.983082205138999,3.962123925995911,2.2572344566815445
2026-01-18 20:28:09.466,22.362866929581287,11.273807753411802,5.256585816468942,7.983792970620925,3.962123925995911,2.260235466494123
2026-01-18 20:28:10.492,22.362866929581287,11.276175466434779,5.257217608008432,7.9838719445633615,3.96299263936271,2.2626046847672114
2026-01-18 20:28:11.518,22.355571395752918,11.26512613899422,5.258086321375231,7.981660674175146,3.9630716133051465,2.2655267206373537
2026-01-18 20:28:12.544,22.362866929581287,11.244605959461751,5.258165295317667,7.982371439657072,3.9633875090748916,2.2668692776587704
2026-01-18 20:28:13.573,22.370162463409542,11.280121654806408,5.258718112914721,7.982134517829763,3.9619659781110386,2.270107209298658
2026-01-18 20:28:14.599,22.362866929581287,11.271440040388825,5.258560165029849,7.982529387541945,3.9627557175354013,2.2720025839171285
2026-01-18 20:28:15.626,22.362866929581287,11.267493852017196,5.258797086857157,7.982687335426817,3.963229561190019,2.274687697959962
2026-01-18 20:28:16.650,22.370162463409542,11.254866049227985,5.25895503474203,7.98284528331169,3.9631505872475827,2.2776097338301042
2026-01-18 20:28:17.678,22.362866929581287,11.25407681155366,5.259902722051265,7.982292465714636,3.9628346914778376,2.2817163788367907
2026-01-18 20:28:18.705,22.362866929581287,11.260390712948265,5.259428878396648,7.980870934750783,3.965519805520671,2.2818743267216632
2026-01-18 20:28:19.732,22.370162463409542,11.298274121315899,5.260455539648319,7.983635022736053,3.964335196384127,2.2856650759586046
2026-01-18 20:28:20.761,22.362866929581287,11.28327860550371,5.261008357245373,7.9822134917722,3.96236084782322,2.287797372404384
2026-01-18 20:28:21.786,22.362866929581287,11.25960147527394,5.260771435418064,7.982608361484381,3.962676743592965,2.2896137730804185
2026-01-18 20:28:22.814,22.355571395752918,11.262758425971242,5.261403226957555,7.981344778405401,3.962044952053475,2.2927727307778696
2026-01-18 20:28:23.844,22.362866929581287,11.269861565040173,5.261403226957555,7.982134517829763,3.9631505872475827,2.2953788708782668
2026-01-18 20:28:24.873,22.355571395752918,11.26512613899422,5.2617191227273,7.982924257254126,3.962123925995911,2.299959359539571
2026-01-18 20:28:25.901,22.355571395752918,11.267493852017196,5.262587836094099,7.9822134917722,3.9631505872475827,2.299959359539571
2026-01-18 20:28:26.928,22.362866929581287,11.288014031549665,5.262824757921408,7.981660674175146,3.9622028999383474,2.3032762651218945
2026-01-18 20:28:27.959,22.355571395752918,11.26670461434287,5.263061679748716,7.981344778405401,3.963229561190019,2.306198300992037
2026-01-18 20:28:28.987,22.362866929581287,11.245395197136077,5.26298270580628,7.981581700232709,3.9647300660963083,2.308014701668071
2026-01-18 20:28:30.013,22.355571395752918,11.315637350151064,5.26361449734577,7.9824504135995085,3.9619659781110386,2.3101469981138507
2026-01-18 20:28:31.039,22.355571395752918,11.278543179457756,5.264088341000388,7.983003231196562,3.9619659781110386,2.312753138214248
2026-01-18 20:28:32.066,22.362866929581287,11.254866049227985,5.264325262827697,7.983161179081435,3.9619659781110386,2.3152013304297725
2026-01-18 20:28:33.092,22.362866929581287,11.288014031549665,5.264246288885261,7.981186830520528,3.9625187957080925,2.3183602881272236
2026-01-18 20:28:34.121,22.362866929581287,11.25960147527394,5.264562184655006,7.981976569944891,3.96299263936271,2.320729506400312
2026-01-18 20:28:35.148,22.362866929581287,11.295906408292922,5.26511500225206,7.983161179081435,3.9653618576357985,2.3225459070763463
2026-01-18 20:28:36.174,22.355571395752918,11.26117995062259,5.265272950136932,7.982292465714636,3.9633875090748916,2.324994099291871
2026-01-18 20:28:37.198,22.355571395752918,11.267493852017196,5.265983715618859,7.9822134917722,3.9622028999383474,2.327600239392268
2026-01-18 20:28:38.229,22.362866929581287,11.264336901319894,5.26637858533104,7.981818622060018,3.9630716133051465,2.3299694576653565
2026-01-18 20:28:39.260,22.362866929581287,11.262758425971242,5.265904741676422,7.982055543887327,3.9619659781110386,2.3320227801686997
2026-01-18 20:28:40.289,22.355571395752918,11.286435556201013,5.266536533215913,7.983398100908744,3.9638613527295092,2.335260711808587
2026-01-18 20:28:41.319,22.355571395752918,11.25407681155366,5.26637858533104,7.9818975960024545,3.96299263936271,2.3373140343119303
2026-01-18 20:28:42.350,22.355571395752918,11.284857080852362,5.26701037687053,7.983713996678489,3.963229561190019,2.3399991483547637
2026-01-18 20:28:43.380,22.355571395752918,11.273807753411802,5.267563194467584,7.9824504135995085,3.965440831578235,2.3439478454765776
2026-01-18 20:28:44.410,22.355571395752918,11.238292058067145,5.267800116294893,7.982687335426817,3.96299263936271,2.3456062982677395
2026-01-18 20:28:45.437,22.355571395752918,11.297484883641573,5.267800116294893,7.9822134917722,3.9637034048446367,2.3495549953895534
2026-01-18 20:28:46.463,22.355571395752918,11.260390712948265,5.268116012064638,7.982687335426817,3.962044952053475,2.3492390996198083
2026-01-18 20:28:47.489,22.355571395752918,11.241449008764448,5.2690636993738735,7.981344778405401,3.963229561190019,2.352556005202132
2026-01-18 20:28:48.514,22.355571395752918,11.269861565040173,5.269221647258746,7.982055543887327,3.9630716133051465,2.3553200931874017
2026-01-18 20:28:49.544,22.348275861924662,11.246973672484728,5.269379595143619,7.981976569944891,3.9622028999383474,2.3569785459785635
2026-01-18 20:28:50.575,22.355571395752918,11.246184434810402,5.269537543028491,7.98284528331169,3.962123925995911,2.3603744255033234
2026-01-18 20:28:51.601,22.355571395752918,11.26117995062259,5.270090360625545,7.981344778405401,3.9637034048446367,2.3629015916612843
2026-01-18 20:28:52.633,22.355571395752918,11.301431072013202,5.270564204280163,7.9824504135995085,3.962123925995911,2.365349783876809
2026-01-18 20:28:53.664,22.355571395752918,11.276175466434779,5.270959073992344,7.980791960808347,3.9631505872475827,2.3677190021498973
2026-01-18 20:28:54.694,22.348275861924662,11.308534211082133,5.271748813416707,7.982529387541945,3.9633875090748916,2.370246168307858
2026-01-18 20:28:55.720,22.355571395752918,11.297484883641573,5.271827787359143,7.982371439657072,3.9622028999383474,2.37190462109902
2026-01-18 20:28:56.749,22.355571395752918,11.273018515737476,5.272380604956197,7.981660674175146,3.9633875090748916,2.374510761199417
2026-01-18 20:28:57.779,22.355571395752918,11.273018515737476,5.27253855284107,7.9824504135995085,3.9622818738807837,2.3768799794725055
2026-01-18 20:28:58.809,22.355571395752918,11.290381744572642,5.272301631013761,7.981976569944891,3.9637034048446367,2.381618416018682
2026-01-18 20:28:59.835,22.355571395752918,11.269861565040173,5.272933422553251,7.9824504135995085,3.9651249358084897,2.3823291815006087
2026-01-18 20:29:00.872,22.355571395752918,11.274596991086128,5.272775474668379,7.982766309369254,3.96236084782322,2.384935321601006
2026-01-18 20:29:01.899,22.355571395752918,11.254866049227985,5.273407266207869,7.98284528331169,3.962123925995911,2.3882522271833295
2026-01-18 20:29:02.930,22.355571395752918,11.256444524576636,5.2733282922654325,7.9824504135995085,3.9631505872475827,2.392358872190016
2026-01-18 20:29:03.957,22.355571395752918,11.27222927806315,5.273644188035178,7.9818975960024545,3.9624398217656562,2.3925168200748885
2026-01-18 20:29:04.983,22.355571395752918,11.262758425971242,5.274828797171722,7.982134517829763,3.965203909750926,2.3947280904631043
2026-01-18 20:29:06.009,22.348275861924662,11.239870533415797,5.274907771114158,7.982766309369254,3.9622818738807837,2.39693936085132
2026-01-18 20:29:07.037,22.348275861924662,11.290381744572642,5.274591875344413,7.981660674175146,3.963466483017328,2.4002562664336438
2026-01-18 20:29:08.062,22.348275861924662,11.276964704109105,5.275381614768776,7.983792970620925,3.963545456959764,2.402309588936987
2026-01-18 20:29:09.088,22.355571395752918,11.291170982246967,5.274907771114158,7.981502726290273,3.9631505872475827,2.404599833267639
2026-01-18 20:29:10.115,22.348275861924662,11.275386228760453,5.275223666883903,7.9833191269663075,3.963782378787073,2.4101280092381785
2026-01-18 20:29:11.141,22.355571395752918,11.245395197136077,5.275381614768776,7.982134517829763,3.9638613527295092,2.4115495402020315
2026-01-18 20:29:12.167,22.355571395752918,11.26670461434287,5.2761713541931385,7.982292465714636,3.9633085351324553,2.4155772112662817
2026-01-18 20:29:13.194,22.348275861924662,11.261969188296916,5.276645197847756,7.981265804462964,3.9628346914778376,2.41794642953937
2026-01-18 20:29:14.220,22.355571395752918,11.280121654806408,5.27719801544481,7.981423752347837,3.9637034048446367,2.418499247136424
2026-01-18 20:29:15.248,22.355571395752918,11.27775394178343,5.277513911214555,7.982292465714636,3.9636244309022004,2.4203946217548946
2026-01-18 20:29:16.276,22.340980328096293,11.301431072013202,5.2778298069843,7.983240153023871,3.9636244309022004,2.423395631567473
2026-01-18 20:29:17.303,22.355571395752918,11.271440040388825,5.277987754869173,7.98284528331169,3.9622818738807837,2.4252120322435076
2026-01-18 20:29:18.331,22.348275861924662,11.27775394178343,5.278303650638918,7.983556048793616,3.9659146752328525,2.427897146286341
2026-01-18 20:29:19.358,22.348275861924662,11.269861565040173,5.278540572466227,7.981739648117582,3.9630716133051465,2.430424312444302
2026-01-18 20:29:20.385,22.348275861924662,11.269072327365848,5.278698520351099,7.983082205138999,3.9645721182114357,2.4354786447602237
2026-01-18 20:29:21.412,22.348275861924662,11.297484883641573,5.2790144161208445,7.982134517829763,3.9625187957080925,2.4354786447602237
2026-01-18 20:29:22.439,22.355571395752918,11.268283089691522,5.279488259775462,7.983398100908744,3.9633875090748916,2.438084784860621
2026-01-18 20:29:23.464,22.348275861924662,11.276964704109105,5.27933031189059,7.982766309369254,3.9628346914778376,2.4402960552488366
2026-01-18 20:29:24.493,22.355571395752918,11.2706508027145,5.279409285833026,7.9824504135995085,3.966309544945034,2.443297065061415
2026-01-18 20:29:25.518,22.348275861924662,11.27222927806315,5.279883129487644,7.983003231196562,3.962913665420274,2.447166788240793
2026-01-18 20:29:26.545,22.348275861924662,11.271440040388825,5.279804155545207,7.982529387541945,3.9656777534055436,2.449220110744136
2026-01-18 20:29:27.574,22.348275861924662,11.241449008764448,5.28059389496957,7.983556048793616,3.964019300614382,2.4525370163264597
2026-01-18 20:29:28.602,22.355571395752918,11.26670461434287,5.2804359470846975,7.9824504135995085,3.966072623117725,2.452063172671842
2026-01-18 20:29:29.633,22.355571395752918,11.303009547361853,5.280672868912006,7.983240153023871,3.966072623117725,2.4558539219087834
2026-01-18 20:29:30.660,22.355571395752918,11.253287573879334,5.281462608336369,7.9818975960024545,3.963782378787073,2.457749296527254
2026-01-18 20:29:31.687,22.355571395752918,11.28880326922399,5.281146712566624,7.9818975960024545,3.9636244309022004,2.4620928633612493
2026-01-18 20:29:32.712,22.355571395752918,11.273807753411802,5.281541582278805,7.983003231196562,3.96236084782322,2.4624087591309944
2026-01-18 20:29:33.741,22.355571395752918,11.303009547361853,5.281462608336369,7.981660674175146,3.962913665420274,2.466041560483063
2026-01-18 20:29:34.766,22.348275861924662,11.26670461434287,5.281699530163678,7.9838719445633615,3.962913665420274,2.4692794921229506
2026-01-18 20:29:35.790,22.355571395752918,11.25565528690231,5.282252347760732,7.981976569944891,3.965835701290416,2.4714907625111664
2026-01-18 20:29:36.817,22.348275861924662,11.25407681155366,5.282015425933423,7.982292465714636,3.966309544945034,2.473702032899382
2026-01-18 20:29:37.843,22.355571395752918,11.293538695269945,5.283042087185095,7.983713996678489,3.9633085351324553,2.475597407517853
2026-01-18 20:29:38.873,22.348275861924662,11.271440040388825,5.282963113242658,7.983240153023871,3.964651092153872,2.4783614955031226
2026-01-18 20:29:39.900,22.355571395752918,11.276964704109105,5.283042087185095,7.9818975960024545,3.9637034048446367,2.482784036279554
2026-01-18 20:29:40.929,22.355571395752918,11.273807753411802,5.2832790090124035,7.982924257254126,3.9631505872475827,2.4830999320492992
2026-01-18 20:29:41.955,22.355571395752918,11.269861565040173,5.283910800551894,7.983635022736053,3.9652828836933622,2.4863378636891866
2026-01-18 20:29:42.981,22.348275861924662,11.253287573879334,5.283752852667021,7.981502726290273,3.965835701290416,2.4880752904227847
2026-01-18 20:29:44.009,22.355571395752918,11.245395197136077,5.283752852667021,7.98284528331169,3.963782378787073,2.4900496389836917
2026-01-18 20:29:45.034,22.355571395752918,11.245395197136077,5.284384644206511,7.981502726290273,3.9628346914778376,2.4948670494723046
2026-01-18 20:29:46.058,22.362866929581287,11.25013062318203,5.284937461803565,7.9822134917722,3.9625187957080925,2.4945511537025595
2026-01-18 20:29:47.084,22.355571395752918,11.269861565040173,5.284542592091384,7.981818622060018,3.9633875090748916,2.4980260071697558
2026-01-18 20:29:48.110,22.362866929581287,11.27222927806315,5.285016435746002,7.982687335426817,3.9633085351324553,2.500316251500408
2026-01-18 20:29:49.138,22.362866929581287,11.239870533415797,5.285332331515747,7.982687335426817,3.963229561190019,2.502685469773496
2026-01-18 20:29:50.164,22.355571395752918,11.296695645967247,5.285490279400619,7.982766309369254,3.9624398217656562,2.507502880262109
2026-01-18 20:29:51.197,22.348275861924662,11.298274121315899,5.285490279400619,7.982292465714636,3.963229561190019,2.5096351767078886
2026-01-18 20:29:52.222,22.355571395752918,11.269072327365848,5.285727201227928,7.982055543887327,3.9650459618660534,2.5101090203625063
2026-01-18 20:29:53.253,22.355571395752918,11.26512613899422,5.286201044882546,7.983240153023871,3.964019300614382,2.512557212578031
2026-01-18 20:29:54.279,22.355571395752918,11.267493852017196,5.286911810364472,7.981186830520528,3.96236084782322,2.515716170275482
2026-01-18 20:29:55.306,22.355571395752918,11.260390712948265,5.2866748885371635,7.983082205138999,3.9631505872475827,2.5176115448939527
2026-01-18 20:29:56.332,22.355571395752918,11.274596991086128,5.287227706134217,7.982766309369254,3.962597769650529,2.5227448511523107
2026-01-18 20:29:57.361,22.362866929581287,11.239870533415797,5.287622575846399,7.981818622060018,3.9624398217656562,2.5232186948069284
2026-01-18 20:29:58.388,22.355571395752918,11.271440040388825,5.287622575846399,7.9824504135995085,3.9659146752328525,2.527404313756051
2026-01-18 20:29:59.415,22.355571395752918,11.258812237599614,5.287780523731271,7.9822134917722,3.962676743592965,2.5277991834682325
2026-01-18 20:30:00.442,22.362866929581287,11.235924345044168,5.288333341328325,7.982529387541945,3.9622028999383474,2.532537620014409
2026-01-18 20:30:01.470,22.355571395752918,11.269861565040173,5.28801744555858,7.982687335426817,3.965835701290416,2.5329324897265906
2026-01-18 20:30:02.495,22.355571395752918,11.251709098530682,5.288333341328325,7.983003231196562,3.96575672734798,2.535380681942115
2026-01-18 20:30:03.523,22.355571395752918,11.307744973407807,5.289123080752688,7.981423752347837,3.9622818738807837,2.5386186135820026
2026-01-18 20:30:04.551,22.362866929581287,11.285646318526688,5.289281028637561,7.9818975960024545,3.963466483017328,2.542962180415998
2026-01-18 20:30:05.577,22.348275861924662,11.269072327365848,5.288728211040507,7.982292465714636,3.9641772484992543,2.5428042325311253
2026-01-18 20:30:06.605,22.355571395752918,11.28327860550371,5.289912820177051,7.982055543887327,3.9622028999383474,2.5462001120558853
2026-01-18 20:30:07.633,22.355571395752918,11.26670461434287,5.289754872292178,7.9833191269663075,3.962913665420274,2.5484903563865373
2026-01-18 20:30:08.659,22.355571395752918,11.27775394178343,5.289991794119487,7.982371439657072,3.962123925995911,2.552912897162969
2026-01-18 20:30:09.685,22.355571395752918,11.269861565040173,5.290307689889232,7.984345788217979,3.9627557175354013,2.5533077668751503
2026-01-18 20:30:10.712,22.355571395752918,11.267493852017196,5.290544611716541,7.9833191269663075,3.962913665420274,2.5547292978390033
2026-01-18 20:30:11.738,22.355571395752918,11.26670461434287,5.290307689889232,7.982134517829763,3.963229561190019,2.5584410731335083
2026-01-18 20:30:12.762,22.355571395752918,11.26670461434287,5.291255377198468,7.981739648117582,3.9651249358084897,2.55946773438518
2026-01-18 20:30:13.786,22.348275861924662,11.274596991086128,5.291255377198468,7.982292465714636,3.963782378787073,2.562942587852376
2026-01-18 20:30:14.815,22.355571395752918,11.269861565040173,5.291650246910649,7.981344778405401,3.9617290562837297,2.565469754010337
2026-01-18 20:30:15.843,22.355571395752918,11.247762910159054,5.291097429313595,7.9824504135995085,3.962044952053475,2.5680758941107342
2026-01-18 20:30:16.868,22.355571395752918,11.25960147527394,5.291650246910649,7.9818975960024545,3.965440831578235,2.569734346901896
2026-01-18 20:30:17.895,22.355571395752918,11.27222927806315,5.292282038450139,7.9824504135995085,3.96299263936271,2.573367148253965
2026-01-18 20:30:18.921,22.355571395752918,11.265915376668545,5.292203064507703,7.982529387541945,3.9650459618660534,2.575736366527053
2026-01-18 20:30:19.952,22.355571395752918,11.25960147527394,5.292124090565267,7.980870934750783,3.9644931442689995,2.578184558742578
2026-01-18 20:30:20.982,22.362866929581287,11.247762910159054,5.292834856047193,7.981265804462964,3.962676743592965,2.5801589073034847
2026-01-18 20:30:22.012,22.355571395752918,11.274596991086128,5.292676908162321,7.982608361484381,3.9628346914778376,2.582765047403882
2026-01-18 20:30:23.043,22.362866929581287,11.247762910159054,5.293229725759375,7.981976569944891,3.9618870041686023,2.5851342656769702
2026-01-18 20:30:24.074,22.355571395752918,11.2706508027145,5.293308699701811,7.982055543887327,3.9619659781110386,2.589556806453402
2026-01-18 20:30:25.099,22.355571395752918,11.269072327365848,5.2937825433564285,7.981502726290273,3.962123925995911,2.5906624416475097
2026-01-18 20:30:26.127,22.362866929581287,11.265915376668545,5.294493308838355,7.981581700232709,3.9628346914778376,2.5929526859781618
2026-01-18 20:30:27.155,22.355571395752918,11.26117995062259,5.295046126435409,7.981739648117582,3.9627557175354013,2.5957957479058678
2026-01-18 20:30:28.182,22.362866929581287,11.261969188296916,5.294651256723228,7.983082205138999,3.962597769650529,2.5988757316608826
2026-01-18 20:30:29.209,22.355571395752918,11.26117995062259,5.294730230665664,7.983792970620925,3.9645721182114357,2.600692132336917
2026-01-18 20:30:30.242,22.348275861924662,11.280121654806408,5.294651256723228,7.983635022736053,3.9617290562837297,2.602429559070515
2026-01-18 20:30:31.273,22.355571395752918,11.275386228760453,5.295283048262718,7.981344778405401,3.9616500823412935,2.604403907631422
2026-01-18 20:30:32.296,22.362866929581287,11.27222927806315,5.29544099614759,7.980791960808347,3.962676743592965,2.607483891386437
2026-01-18 20:30:33.324,22.355571395752918,11.268283089691522,5.2957568919173355,7.981581700232709,3.961808030226166,2.610090031486834
2026-01-18 20:30:34.351,22.348275861924662,11.274596991086128,5.295914839802208,7.981423752347837,3.9651249358084897,2.613801806781339
2026-01-18 20:30:35.378,22.362866929581287,11.26670461434287,5.296151761629517,7.981502726290273,3.96299263936271,2.6162499989968637
2026-01-18 20:30:36.404,22.355571395752918,11.289592506898316,5.296230735571953,7.980634012923474,3.962676743592965,2.617750503903153
2026-01-18 20:30:37.432,22.355571395752918,11.268283089691522,5.297257396823625,7.983082205138999,3.963545456959764,2.622330992564457
2026-01-18 20:30:38.462,22.355571395752918,11.273018515737476,5.2966256052841345,7.982766309369254,3.962676743592965,2.62312073198882
2026-01-18 20:30:39.491,22.348275861924662,11.26670461434287,5.2966256052841345,7.982371439657072,3.9616500823412935,2.626042767858962
2026-01-18 20:30:40.518,22.355571395752918,11.26512613899422,5.29757329259337,7.9824504135995085,3.9614131605139846,2.628569934016923
2026-01-18 20:30:41.543,22.348275861924662,11.273807753411802,5.297494318650934,7.982292465714636,3.9628346914778376,2.6323606832538644
2026-01-18 20:30:42.570,22.355571395752918,11.275386228760453,5.29757329259337,7.983161179081435,3.962597769650529,2.635045797296698
2026-01-18 20:30:43.597,22.355571395752918,11.243816721787425,5.298126110190424,7.983003231196562,3.96236084782322,2.6363093803756783
2026-01-18 20:30:44.625,22.348275861924662,11.253287573879334,5.298678927787478,7.982529387541945,3.96236084782322,2.63733604162735
2026-01-18 20:30:45.654,22.348275861924662,11.276175466434779,5.2985999538450415,7.9833191269663075,3.9628346914778376,2.6411267908642913
2026-01-18 20:30:46.682,22.340980328096293,11.256444524576636,5.299073797499659,7.982766309369254,3.9648090400387446,2.644996514043669
2026-01-18 20:30:47.710,22.348275861924662,11.242238246438774,5.298442005960169,7.9822134917722,3.961808030226166,2.645075487986105
2026-01-18 20:30:48.739,22.348275861924662,11.291960219921293,5.298757901729914,7.983792970620925,3.961492134456421,2.6474447062591935
2026-01-18 20:30:49.765,22.340980328096293,11.28880326922399,5.299231745384532,7.982687335426817,3.961255212629112,2.6502877681868995
2026-01-18 20:30:50.792,22.348275861924662,11.261969188296916,5.299863536924022,7.982371439657072,3.964966987923617,2.652656986459988
2026-01-18 20:30:51.818,22.348275861924662,11.278543179457756,5.3000214848088945,7.983556048793616,3.9625187957080925,2.654710308963331
2026-01-18 20:30:52.843,22.355571395752918,11.25565528690231,5.300495328463512,7.983003231196562,3.9622028999383474,2.659843615221689
2026-01-18 20:30:53.870,22.348275861924662,11.2706508027145,5.301127120003002,7.983398100908744,3.9614131605139846,2.6596066933943803
2026-01-18 20:30:54.897,22.355571395752918,11.251709098530682,5.300574302405948,7.9818975960024545,3.961176238686676,2.662133859552341
2026-01-18 20:30:55.923,22.355571395752918,11.273807753411802,5.3008901981756935,7.98284528331169,3.96299263936271,2.6652928172497923
2026-01-18 20:30:56.949,22.355571395752918,11.265915376668545,5.301206093945439,7.981660674175146,3.964888013981181,2.6675830615804443
2026-01-18 20:30:57.977,22.348275861924662,11.27222927806315,5.301679937600056,7.981739648117582,3.961808030226166,2.670899967162768
2026-01-18 20:30:59.004,22.348275861924662,11.274596991086128,5.301916859427365,7.982134517829763,3.9616500823412935,2.673743029090474
2026-01-18 20:31:00.033,22.348275861924662,11.264336901319894,5.302469677024419,7.982687335426817,3.964651092153872,2.67658609101818
2026-01-18 20:31:01.062,22.355571395752918,11.303009547361853,5.302548650966855,7.9824504135995085,3.9624398217656562,2.6778496740971605
2026-01-18 20:31:02.089,22.355571395752918,11.280910892480733,5.3023117291395465,7.981186830520528,3.9622028999383474,2.6804558141975576
2026-01-18 20:31:03.117,22.355571395752918,11.249341385507705,5.30223275519711,7.9838719445633615,3.962044952053475,2.685352198628607
2026-01-18 20:31:04.141,22.348275861924662,11.274596991086128,5.302627624909292,7.982687335426817,3.9625187957080925,2.685983990168097
2026-01-18 20:31:05.169,22.348275861924662,11.263547663645568,5.302627624909292,7.982924257254126,3.962044952053475,2.6875634690168226
2026-01-18 20:31:06.195,22.348275861924662,11.274596991086128,5.303101468563909,7.9810288826356555,3.962044952053475,2.6923019055629993
2026-01-18 20:31:07.225,22.348275861924662,11.296695645967247,5.303259416448782,7.982766309369254,3.9647300660963083,2.6926178013327444
2026-01-18 20:31:08.250,22.348275861924662,11.31642658782539,5.303417364333654,7.981976569944891,3.961492134456421,2.6951449674907053
2026-01-18 20:31:09.282,22.340980328096293,11.28327860550371,5.303575312218527,7.98071298686591,3.9622028999383474,2.698145977303284
2026-01-18 20:31:10.312,22.348275861924662,11.30537726038483,5.303970181930708,7.981502726290273,3.9622818738807837,2.701068013173426
2026-01-18 20:31:11.341,22.340980328096293,11.258812237599614,5.304049155873145,7.982924257254126,3.9628346914778376,2.7036741532738233
2026-01-18 20:31:12.368,22.340980328096293,11.273807753411802,5.304522999527762,7.981423752347837,3.9618870041686023,2.7074649025107647
2026-01-18 20:31:13.395,22.348275861924662,11.279332417132082,5.304759921355071,7.982134517829763,3.9619659781110386,2.707859772222946
2026-01-18 20:31:14.424,22.348275861924662,11.278543179457756,5.305312738952125,7.981976569944891,3.9639403266719455,2.710150016553598
2026-01-18 20:31:15.456,22.348275861924662,11.262758425971242,5.305786582606743,7.9810288826356555,3.9625187957080925,2.7137038439632306
2026-01-18 20:31:16.482,22.348275861924662,11.263547663645568,5.305075817124816,7.982687335426817,3.962044952053475,2.7151253749270836
2026-01-18 20:31:17.511,22.340980328096293,11.311691161779436,5.305865556549179,7.9833191269663075,3.9614131605139846,2.717810488969917
2026-01-18 20:31:18.540,22.348275861924662,11.276175466434779,5.305944530491615,7.982529387541945,3.9625187957080925,2.7230227691707114
2026-01-18 20:31:19.567,22.348275861924662,11.310112686430784,5.306339400203797,7.981976569944891,3.9622028999383474,2.722943795228275
2026-01-18 20:31:20.594,22.348275861924662,11.26512613899422,5.306181452318924,7.981423752347837,3.9610182908018032,2.727761205716888
2026-01-18 20:31:21.621,22.340980328096293,11.261969188296916,5.306339400203797,7.9818975960024545,3.961255212629112,2.727761205716888
2026-01-18 20:31:22.649,22.348275861924662,11.27222927806315,5.306497348088669,7.981502726290273,3.962123925995911,2.7313150331265206
2026-01-18 20:31:23.675,22.348275861924662,11.25013062318203,5.306813243858414,7.981818622060018,3.9622028999383474,2.7339211732269177
2026-01-18 20:31:24.705,22.348275861924662,11.282489367829385,5.307208113570596,7.981265804462964,3.9617290562837297,2.7353427041907707
2026-01-18 20:31:25.734,22.348275861924662,11.25565528690231,5.307681957225213,7.982529387541945,3.962044952053475,2.7378698703487316
2026-01-18 20:31:26.763,22.340980328096293,11.243816721787425,5.307287087513032,7.9822134917722,3.9647300660963083,2.74087088016131
2026-01-18 20:31:27.789,22.348275861924662,11.304588022710504,5.3079978529949585,7.981976569944891,3.9616500823412935,2.7440298378587613
2026-01-18 20:31:28.818,22.340980328096293,11.278543179457756,5.30839272270714,7.982292465714636,3.961492134456421,2.7463200821894134
2026-01-18 20:31:29.848,22.340980328096293,11.296695645967247,5.307839905110086,7.981581700232709,3.9607813689744944,2.7483734046927566
2026-01-18 20:31:30.877,22.340980328096293,11.2430274841131,5.3085506705920125,7.981502726290273,3.9622028999383474,2.7509795447931538
2026-01-18 20:31:31.902,22.348275861924662,11.269861565040173,5.308945540304194,7.981660674175146,3.961808030226166,2.753585684893551
2026-01-18 20:31:32.930,22.348275861924662,11.26512613899422,5.308787592419321,7.982687335426817,3.9610972647442395,2.754770294030095
2026-01-18 20:31:33.959,22.348275861924662,11.269072327365848,5.309261436073939,7.982687335426817,3.9624398217656562,2.759034886921654
2026-01-18 20:31:34.988,22.348275861924662,11.276964704109105,5.309498357901248,7.980949908693219,3.961255212629112,2.7623517925039778
2026-01-18 20:31:36.016,22.355571395752918,11.268283089691522,5.310130149440738,7.982766309369254,3.9644931442689995,2.7631415319283406
2026-01-18 20:31:37.044,22.340980328096293,11.243816721787425,5.309577331843684,7.981423752347837,3.960939316859367,2.7653528023165563
2026-01-18 20:31:38.074,22.340980328096293,11.275386228760453,5.3099722015558655,7.981581700232709,3.963545456959764,2.7685117600140075
2026-01-18 20:31:39.104,22.340980328096293,11.2706508027145,5.309735279728557,7.9818975960024545,3.964335196384127,2.7713548219417135
2026-01-18 20:31:40.133,22.340980328096293,11.279332417132082,5.310446045210483,7.981423752347837,3.9610972647442395,2.7733291705026204
2026-01-18 20:31:41.160,22.348275861924662,11.268283089691522,5.310603993095356,7.983161179081435,3.9627557175354013,2.7754614669484
2026-01-18 20:31:42.187,22.340980328096293,11.2430274841131,5.310998862807537,7.984029892448234,3.9636244309022004,2.7799629816672677
2026-01-18 20:31:43.211,22.340980328096293,11.260390712948265,5.310682967037792,7.981976569944891,3.962123925995911,2.780910668976503
2026-01-18 20:31:44.236,22.340980328096293,11.273807753411802,5.3113937325197185,7.982608361484381,3.9617290562837297,2.7849383400407532
2026-01-18 20:31:45.263,22.348275861924662,11.29985259666455,5.311235784634846,7.983792970620925,3.9613341865715483,2.786596792831915
2026-01-18 20:31:46.290,22.348275861924662,11.271440040388825,5.311709628289464,7.98071298686591,3.962123925995911,2.7881762716806406
2026-01-18 20:31:47.315,22.340980328096293,11.253287573879334,5.311867576174336,7.981186830520528,3.961808030226166,2.7910193336083466
2026-01-18 20:31:48.344,22.340980328096293,11.2706508027145,5.312657315598699,7.982608361484381,3.9608603429169307,2.7933095779389987
2026-01-18 20:31:49.369,22.348275861924662,11.276175466434779,5.312499367713826,7.98284528331169,3.9647300660963083,2.7975741708305577
2026-01-18 20:31:50.401,22.340980328096293,11.310112686430784,5.312736289541135,7.982292465714636,3.962913665420274,2.7975741708305577
2026-01-18 20:31:51.432,22.340980328096293,11.274596991086128,5.312578341656263,7.98284528331169,3.9618870041686023,2.8003382588158274
2026-01-18 20:31:52.462,22.348275861924662,11.273807753411802,5.3136839768503705,7.981502726290273,3.9637034048446367,2.8027074770889158
2026-01-18 20:31:53.491,22.340980328096293,11.298274121315899,5.312973211368444,7.982371439657072,3.9617290562837297,2.8057874608439306
2026-01-18 20:31:54.521,22.340980328096293,11.276964704109105,5.313605002907934,7.981344778405401,3.960939316859367,2.809341288253563
2026-01-18 20:31:55.546,22.348275861924662,11.26117995062259,5.313999872620116,7.982371439657072,3.9618870041686023,2.81131563681447
2026-01-18 20:31:56.577,22.340980328096293,11.268283089691522,5.3136839768503705,7.981502726290273,3.9627557175354013,2.8122633241237054
2026-01-18 20:31:57.607,22.340980328096293,11.260390712948265,5.313999872620116,7.98284528331169,3.9617290562837297,2.815896125475774
2026-01-18 20:31:58.639,22.340980328096293,11.271440040388825,5.315026533871787,7.981265804462964,3.9618870041686023,2.818344317691299
2026-01-18 20:31:59.664,22.33368479426798,11.281700130155059,5.314473716274733,7.981581700232709,3.962044952053475,2.8196868747127155
2026-01-18 20:32:00.692,22.340980328096293,11.273018515737476,5.314947559929351,7.981186830520528,3.962044952053475,2.822924806352603
2026-01-18 20:32:01.721,22.340980328096293,11.271440040388825,5.31581627329615,7.982371439657072,3.960702395032058,2.825767868280309
2026-01-18 20:32:02.748,22.340980328096293,11.299063358990225,5.315737299353714,7.983398100908744,3.9616500823412935,2.828374008380706
2026-01-18 20:32:03.779,22.33368479426798,11.262758425971242,5.315737299353714,7.980791960808347,3.9616500823412935,2.8304273308840493
2026-01-18 20:32:04.809,22.33368479426798,11.281700130155059,5.3156583254112775,7.982371439657072,3.9633085351324553,2.8336652625239367
2026-01-18 20:32:05.841,22.33368479426798,11.274596991086128,5.315974221181023,7.9838719445633615,3.960702395032058,2.8356396110848436
2026-01-18 20:32:06.870,22.33368479426798,11.271440040388825,5.316290116950768,7.981581700232709,3.962597769650529,2.838561646954986
2026-01-18 20:32:07.901,22.33368479426798,11.302220309687527,5.316369090893204,7.9824504135995085,3.9604654732047493,2.839983177918839
2026-01-18 20:32:08.930,22.340980328096293,11.27222927806315,5.316211143008331,7.981186830520528,3.9622818738807837,2.8446426405225793
2026-01-18 20:32:09.956,22.340980328096293,11.284857080852362,5.317316778202439,7.9810288826356555,3.9619659781110386,2.8451954581196333
2026-01-18 20:32:10.985,22.33368479426798,11.269072327365848,5.317474726087312,7.982055543887327,3.9617290562837297,2.847722624277594
2026-01-18 20:32:12.011,22.33368479426798,11.246184434810402,5.317553700029748,7.98410886639067,3.9622818738807837,2.852776956593516
2026-01-18 20:32:13.038,22.33368479426798,11.26670461434287,5.317711647914621,7.981660674175146,3.9605444471471856,2.853092852363261
2026-01-18 20:32:14.064,22.33368479426798,11.271440040388825,5.317790621857057,7.983240153023871,3.961492134456421,2.8554620706363494
2026-01-18 20:32:15.096,22.33368479426798,11.274596991086128,5.317711647914621,7.9818975960024545,3.961571108398857,2.859331793815727
2026-01-18 20:32:16.123,22.33368479426798,11.268283089691522,5.317869595799493,7.9818975960024545,3.9641772484992543,2.8606743508371437
2026-01-18 20:32:17.152,22.32638926043967,11.263547663645568,5.318185491569238,7.982292465714636,3.9608603429169307,2.8634384388224134
2026-01-18 20:32:18.178,22.33368479426798,11.256444524576636,5.318027543684366,7.9824504135995085,3.964098274556818,2.865017917671139
2026-01-18 20:32:19.205,22.33368479426798,11.256444524576636,5.318975230993601,7.981818622060018,3.9614131605139846,2.868729692965644
2026-01-18 20:32:20.233,22.32638926043967,11.263547663645568,5.319528048590655,7.982371439657072,3.961255212629112,2.8722835203752766
2026-01-18 20:32:21.264,22.32638926043967,11.276175466434779,5.31921215282091,7.982292465714636,3.9605444471471856,2.8725204422025854
2026-01-18 20:32:22.290,22.33368479426798,11.271440040388825,5.3193701007057825,7.9818975960024545,3.9633875090748916,2.8756793999000365
2026-01-18 20:32:23.316,22.33368479426798,11.265915376668545,5.320238814072582,7.9833191269663075,3.9641772484992543,2.8778906702882523
2026-01-18 20:32:24.343,22.32638926043967,11.279332417132082,5.319764970417964,7.983398100908744,3.9605444471471856,2.881839367410066
2026-01-18 20:32:25.372,22.33368479426798,11.269072327365848,5.320159840130145,7.983635022736053,3.961176238686676,2.88515627299239
2026-01-18 20:32:26.401,22.33368479426798,11.290381744572642,5.32047573589989,7.981660674175146,3.9616500823412935,2.885472168762135
2026-01-18 20:32:27.428,22.32638926043967,11.27775394178343,5.321028553496944,7.981265804462964,3.9641772484992543,2.8895788137688214
2026-01-18 20:32:28.457,22.33368479426798,11.25407681155366,5.321107527439381,7.981502726290273,3.960702395032058,2.890842396847802
2026-01-18 20:32:29.481,22.32638926043967,11.275386228760453,5.321265475324253,7.981818622060018,3.9639403266719455,2.8938434066603804
2026-01-18 20:32:30.509,22.32638926043967,11.273018515737476,5.320870605612072,7.983398100908744,3.9617290562837297,2.896528520703214
2026-01-18 20:32:31.540,22.33368479426798,11.274596991086128,5.3213444492666895,7.98284528331169,3.9604654732047493,2.898502869264121
2026-01-18 20:32:32.568,22.32638926043967,11.264336901319894,5.32197624080618,7.982608361484381,3.9607813689744944,2.901977722731317
2026-01-18 20:32:33.592,22.32638926043967,11.274596991086128,5.3222131626334885,7.982371439657072,3.961255212629112,2.9037941234073514
2026-01-18 20:32:34.617,22.33368479426798,11.2706508027145,5.321739318978871,7.981186830520528,3.9607813689744944,2.907900768414038
2026-01-18 20:32:35.644,22.33368479426798,11.251709098530682,5.322529058403234,7.981660674175146,3.9614131605139846,2.9109017782266164
2026-01-18 20:32:36.674,22.33368479426798,11.256444524576636,5.323002902057851,7.982055543887327,3.960623421089622,2.9109807521690527
2026-01-18 20:32:37.704,22.32638926043967,11.27222927806315,5.322450084460797,7.981976569944891,3.9604654732047493,2.9152453450606117
2026-01-18 20:32:38.730,22.33368479426798,11.278543179457756,5.323476745712469,7.981344778405401,3.9610972647442395,2.916114058427411
2026-01-18 20:32:39.755,22.32638926043967,11.280121654806408,5.323318797827596,7.981265804462964,3.960623421089622,2.9197468597794796
2026-01-18 20:32:40.782,22.32638926043967,11.243816721787425,5.323318797827596,7.9822134917722,3.9638613527295092,2.920694547088715
2026-01-18 20:32:41.809,22.32638926043967,11.263547663645568,5.323476745712469,7.9810288826356555,3.960386499262313,2.923616582958857
2026-01-18 20:32:42.836,22.32638926043967,11.275386228760453,5.324266485136832,7.9833191269663075,3.9602285513774405,2.925511957577328
2026-01-18 20:32:43.863,22.33368479426798,11.25565528690231,5.324029563309523,7.983003231196562,3.9605444471471856,2.9277232279655436
2026-01-18 20:32:44.890,22.32638926043967,11.269072327365848,5.324740328791449,7.982292465714636,3.961176238686676,2.9311191074903036
2026-01-18 20:32:45.918,22.33368479426798,11.293538695269945,5.324582380906577,7.981423752347837,3.9604654732047493,2.9324616645117203
2026-01-18 20:32:46.946,22.33368479426798,11.274596991086128,5.325214172446067,7.981739648117582,3.9625187957080925,2.93522575249699
2026-01-18 20:32:47.974,22.32638926043967,11.306955735733482,5.325135198503631,7.9824504135995085,3.9610182908018032,2.9393323975036765
2026-01-18 20:32:49.004,22.32638926043967,11.273018515737476,5.325135198503631,7.982292465714636,3.9605444471471856,2.940359058755348
2026-01-18 20:32:50.031,22.32638926043967,11.264336901319894,5.325924937927994,7.981976569944891,3.9633085351324553,2.943202120683054
2026-01-18 20:32:51.057,22.33368479426798,11.252498336205008,5.326240833697739,7.9833191269663075,3.9603075253198767,2.94541339107127
2026-01-18 20:32:52.089,22.32638926043967,11.2706508027145,5.325688016100685,7.981660674175146,3.9607813689744944,2.94880927059603
2026-01-18 20:32:53.116,22.32638926043967,11.254866049227985,5.326556729467484,7.982766309369254,3.9637034048446367,2.9507046452145005
2026-01-18 20:32:54.143,22.32638926043967,11.26512613899422,5.32663570340992,7.982529387541945,3.9616500823412935,2.9558379514728585
2026-01-18 20:32:55.170,22.32638926043967,11.308534211082133,5.326556729467484,7.983003231196562,3.960149577435004,2.955443081760677
2026-01-18 20:32:56.196,22.33368479426798,11.264336901319894,5.326951599179665,7.9838719445633615,3.9603075253198767,2.958759987343001
2026-01-18 20:32:57.222,22.33368479426798,11.271440040388825,5.326951599179665,7.981660674175146,3.9607813689744944,2.9632615020618687
2026-01-18 20:32:58.249,22.33368479426798,11.268283089691522,5.327188521006974,7.982371439657072,3.961176238686676,2.964209189371104
2026-01-18 20:32:59.277,22.32638926043967,11.27222927806315,5.327820312546464,7.981976569944891,3.9608603429169307,2.9657096942773933
2026-01-18 20:33:00.306,22.32638926043967,11.302220309687527,5.328215182258646,7.983635022736053,3.960386499262313,2.9680789125504816
2026-01-18 20:33:01.334,22.32638926043967,11.25960147527394,5.3284521040859545,7.982055543887327,3.9636244309022004,2.9711588963054965
2026-01-18 20:33:02.360,22.32638926043967,11.274596991086128,5.327741338604028,7.9824504135995085,3.961255212629112,2.974949645542438
2026-01-18 20:33:03.386,22.319093726611356,11.261969188296916,5.328294156201082,7.9824504135995085,3.9619659781110386,2.9777137335277075
2026-01-18 20:33:04.413,22.32638926043967,11.274596991086128,5.328925947740572,7.982529387541945,3.960386499262313,2.9788983426642517
2026-01-18 20:33:05.445,22.319093726611356,11.252498336205008,5.328689025913263,7.982055543887327,3.9603075253198767,2.980398847570541
2026-01-18 20:33:06.473,22.32638926043967,11.257233762250962,5.329162869567881,7.983635022736053,3.9614131605139846,2.9826101179587567
2026-01-18 20:33:07.500,22.32638926043967,11.262758425971242,5.329636713222499,7.983082205138999,3.960070603492568,2.985769075656208
2026-01-18 20:33:08.527,22.32638926043967,11.309323448756459,5.329794661107371,7.982924257254126,3.961808030226166,2.9876644502746785
2026-01-18 20:33:09.554,22.319093726611356,11.2706508027145,5.330110556877116,7.982292465714636,3.961492134456421,2.9908234079721296
2026-01-18 20:33:10.580,22.32638926043967,11.28327860550371,5.33003158293468,7.982292465714636,3.9603075253198767,2.9933505741300905
2026-01-18 20:33:11.608,22.32638926043967,11.2430274841131,5.330900296301479,7.982529387541945,3.9630716133051465,2.9955618445183063
2026-01-18 20:33:12.634,22.32638926043967,11.268283089691522,5.330347478704425,7.982371439657072,3.960070603492568,2.9982469585611398
2026-01-18 20:33:13.666,22.32638926043967,11.295117170618596,5.330900296301479,7.982371439657072,3.9607813689744944,3.000063359237174
2026-01-18 20:33:14.691,22.319093726611356,11.258022999925288,5.331137218128788,7.980949908693219,3.964098274556818,3.0052756394379685
2026-01-18 20:33:15.717,22.319093726611356,11.268283089691522,5.331611061783406,7.9824504135995085,3.960149577435004,3.007644857711057
2026-01-18 20:33:16.743,22.32638926043967,11.265915376668545,5.331769009668278,7.982529387541945,3.961176238686676,3.0089084407900373
2026-01-18 20:33:17.769,22.319093726611356,11.27222927806315,5.331374139956097,7.98284528331169,3.9599916295501316,3.011672528775307
2026-01-18 20:33:18.794,22.319093726611356,11.261969188296916,5.332400801207768,7.981976569944891,3.9603075253198767,3.0143576428181404
2026-01-18 20:33:19.821,22.311798192783044,11.273807753411802,5.3321638793804595,7.981739648117582,3.9602285513774405,3.015305330127376
2026-01-18 20:33:20.847,22.319093726611356,11.275386228760453,5.332874644862386,7.981976569944891,3.962123925995911,3.020201714558425
2026-01-18 20:33:21.874,22.319093726611356,11.264336901319894,5.332400801207768,7.982371439657072,3.961571108398857,3.021307349752533
2026-01-18 20:33:22.901,22.319093726611356,11.296695645967247,5.332637723035077,7.981660674175146,3.963545456959764,3.023597594083185
2026-01-18 20:33:23.927,22.319093726611356,11.269861565040173,5.332953618804822,7.984187840333107,3.9602285513774405,3.0254139947592193
2026-01-18 20:33:24.961,22.311798192783044,11.278543179457756,5.3335854103443125,7.9804760650386015,3.9630716133051465,3.028099108802053
2026-01-18 20:33:25.988,22.319093726611356,11.257233762250962,5.332953618804822,7.981660674175146,3.960070603492568,3.030389353132705
2026-01-18 20:33:27.014,22.311798192783044,11.268283089691522,5.333506436401876,7.9818975960024545,3.9614131605139846,3.0333903629452834
2026-01-18 20:33:28.040,22.319093726611356,11.276175466434779,5.334296175826239,7.983161179081435,3.9610972647442395,3.037575981894406
2026-01-18 20:33:29.067,22.311798192783044,11.273018515737476,5.3341382279413665,7.98284528331169,3.960070603492568,3.0401821219948033
2026-01-18 20:33:30.093,22.311798192783044,11.275386228760453,5.3341382279413665,7.982924257254126,3.9599126556076953,3.040103148052367
2026-01-18 20:33:31.119,22.311798192783044,11.273807753411802,5.334612071595984,7.982055543887327,3.959833681665259,3.045236454310725
2026-01-18 20:33:32.147,22.311798192783044,11.307744973407807,5.335085915250602,7.981265804462964,3.959833681665259,3.046342089504833
2026-01-18 20:33:33.176,22.319093726611356,11.268283089691522,5.3350069413081656,7.9810288826356555,3.9599126556076953,3.0484743859506125
2026-01-18 20:33:34.201,22.319093726611356,11.273018515737476,5.3350069413081656,7.9824504135995085,3.9610972647442395,3.050369760569083
2026-01-18 20:33:35.231,22.311798192783044,11.276964704109105,5.335480784962783,7.982687335426817,3.9608603429169307,3.055503066827441
2026-01-18 20:33:36.257,22.311798192783044,11.274596991086128,5.336033602559837,7.981976569944891,3.960939316859367,3.056529728079113
2026-01-18 20:33:37.284,22.311798192783044,11.274596991086128,5.335875654674965,7.982766309369254,3.960939316859367,3.0581881808702747
2026-01-18 20:33:38.312,22.311798192783044,11.291960219921293,5.335875654674965,7.982608361484381,3.9599916295501316,3.061426112510162
2026-01-18 20:33:39.340,22.311798192783044,11.258812237599614,5.3369812898690725,7.983082205138999,3.9614131605139846,3.0629266174164513
2026-01-18 20:33:40.371,22.311798192783044,11.275386228760453,5.336507446214455,7.983003231196562,3.9599126556076953,3.06592762722903
2026-01-18 20:33:41.399,22.311798192783044,11.243816721787425,5.337060263811509,7.9824504135995085,3.9603075253198767,3.069086584926481
2026-01-18 20:33:42.425,22.319093726611356,11.242238246438774,5.3368233419842,7.981581700232709,3.9610182908018032,3.0705870898327703
2026-01-18 20:33:43.452,22.311798192783044,11.26670461434287,5.337060263811509,7.982292465714636,3.960702395032058,3.0737460475302214
2026-01-18 20:33:44.479,22.311798192783044,11.285646318526688,5.33808692506318,7.982529387541945,3.9607813689744944,3.077062953112545
2026-01-18 20:33:45.506,22.311798192783044,11.299063358990225,5.337771029293435,7.9822134917722,3.9602285513774405,3.0777737185944716
2026-01-18 20:33:46.531,22.311798192783044,11.300641834338876,5.337613081408563,7.982292465714636,3.960070603492568,3.081564467831413
2026-01-18 20:33:47.562,22.304502658954675,11.285646318526688,5.33808692506318,7.982371439657072,3.9617290562837297,3.084960347356173
2026-01-18 20:33:48.589,22.311798192783044,11.27222927806315,5.338244872948053,7.982292465714636,3.960070603492568,3.0879613571687514
2026-01-18 20:33:49.615,22.311798192783044,11.262758425971242,5.338323846890489,7.981581700232709,3.9608603429169307,3.0874875135141338
2026-01-18 20:33:50.646,22.319093726611356,11.301431072013202,5.338639742660234,7.982608361484381,3.962913665420274,3.090409549384276
2026-01-18 20:33:51.673,22.311798192783044,11.246184434810402,5.339113586314852,7.981344778405401,3.9610182908018032,3.0931736373695458
2026-01-18 20:33:52.700,22.311798192783044,11.245395197136077,5.3389556384299794,7.982766309369254,3.963229561190019,3.095542855642634
2026-01-18 20:33:53.727,22.311798192783044,11.315637350151064,5.338797690545107,7.982292465714636,3.9610182908018032,3.0999653964190657
2026-01-18 20:33:54.754,22.311798192783044,11.269861565040173,5.339350508142161,7.981976569944891,3.962123925995911,3.0998864224766294
2026-01-18 20:33:55.780,22.304502658954675,11.269072327365848,5.339903325739215,7.982371439657072,3.960149577435004,3.103440249886262
2026-01-18 20:33:56.808,22.311798192783044,11.273018515737476,5.34021922150896,7.981502726290273,3.9610182908018032,3.10517767661986
2026-01-18 20:33:57.832,22.311798192783044,11.265915376668545,5.3403771693938324,7.981502726290273,3.959833681665259,3.1075468948929483
2026-01-18 20:33:58.861,22.311798192783044,11.263547663645568,5.34021922150896,7.982371439657072,3.9631505872475827,3.111100722302581
2026-01-18 20:33:59.886,22.304502658954675,11.269072327365848,5.3403771693938324,7.982134517829763,3.962044952053475,3.113469940575669
2026-01-18 20:34:00.916,22.304502658954675,11.239081295741471,5.340772039106014,7.981739648117582,3.961176238686676,3.1160760806760663
2026-01-18 20:34:01.944,22.304502658954675,11.284067843178036,5.341403830645504,7.9822134917722,3.9608603429169307,3.1189191426037723
2026-01-18 20:34:02.971,22.311798192783044,11.261969188296916,5.341561778530377,7.982608361484381,3.959517785895514,3.120814517222243
2026-01-18 20:34:03.999,22.311798192783044,11.295906408292922,5.341640752472813,7.9833191269663075,3.9595967598379502,3.1243683446318755
2026-01-18 20:34:05.027,22.311798192783044,11.265915376668545,5.342114596127431,7.981976569944891,3.9603075253198767,3.12618474530791
2026-01-18 20:34:06.057,22.304502658954675,11.273807753411802,5.341877674300122,7.982371439657072,3.9628346914778376,3.1286329375234345
2026-01-18 20:34:07.083,22.304502658954675,11.298274121315899,5.341561778530377,7.981976569944891,3.9607813689744944,3.1322657388755033
2026-01-18 20:34:08.111,22.311798192783044,11.282489367829385,5.341561778530377,7.9822134917722,3.9633085351324553,3.13360829589692
2026-01-18 20:34:09.136,22.304502658954675,11.301431072013202,5.342430491897176,7.981976569944891,3.959517785895514,3.1360564881124446
2026-01-18 20:34:10.166,22.311798192783044,11.258812237599614,5.342272544012303,7.983082205138999,3.9599126556076953,3.1391364718674595
2026-01-18 20:34:11.196,22.304502658954675,11.315637350151064,5.342746387666921,7.981739648117582,3.9603075253198767,3.141505690140548
2026-01-18 20:34:12.227,22.304502658954675,11.2706508027145,5.3426674137244845,7.980949908693219,3.960939316859367,3.1437959344712
2026-01-18 20:34:13.255,22.304502658954675,11.284067843178036,5.343141257379102,7.981660674175146,3.9631505872475827,3.1454543872623617
2026-01-18 20:34:14.284,22.304502658954675,11.27222927806315,5.343773048918592,7.981739648117582,3.960149577435004,3.149561032269048
2026-01-18 20:34:15.311,22.304502658954675,11.308534211082133,5.343930996803465,7.9833191269663075,3.9593598380106414,3.1507456414055923
2026-01-18 20:34:16.338,22.304502658954675,11.27775394178343,5.3440889446883375,7.981186830520528,3.9604654732047493,3.1535887033332983
2026-01-18 20:34:17.364,22.304502658954675,11.275386228760453,5.344483814400519,7.9822134917722,3.9610972647442395,3.1568266349731857
2026-01-18 20:34:18.394,22.304502658954675,11.2706508027145,5.3446417622853915,7.981423752347837,3.960623421089622,3.1603804623828182
2026-01-18 20:34:19.421,22.304502658954675,11.2706508027145,5.344799710170264,7.983240153023871,3.9630716133051465,3.1618809672891075
2026-01-18 20:34:20.445,22.29720712512642,11.273807753411802,5.344325866515646,7.982608361484381,3.9599916295501316,3.164013263734887
2026-01-18 20:34:21.472,22.304502658954675,11.310112686430784,5.344562788342955,7.983082205138999,3.959754707722823,3.1663824820079753
2026-01-18 20:34:22.502,22.304502658954675,11.284067843178036,5.345036631997573,7.98347707485118,3.9631505872475827,3.16946246576299
2026-01-18 20:34:23.528,22.304502658954675,11.269072327365848,5.345431501709754,7.981344778405401,3.960702395032058,3.1707260488419706
2026-01-18 20:34:24.554,22.304502658954675,11.309323448756459,5.345589449594627,7.982924257254126,3.959833681665259,3.1729373192301864
2026-01-18 20:34:25.582,22.311798192783044,11.260390712948265,5.345826371421936,7.9822134917722,3.960939316859367,3.1781495994309807
2026-01-18 20:34:26.611,22.304502658954675,11.251709098530682,5.345905345364372,7.9818975960024545,3.9627557175354013,3.178544469143162
2026-01-18 20:34:27.641,22.29720712512642,11.268283089691522,5.3469320066160435,7.983161179081435,3.961255212629112,3.1817824007830495
2026-01-18 20:34:28.672,22.29720712512642,11.291960219921293,5.346142267191681,7.983082205138999,3.960939316859367,3.1852572542502458
2026-01-18 20:34:29.702,22.304502658954675,11.273807753411802,5.347089954500916,7.982055543887327,3.960070603492568,3.1869157070414076
2026-01-18 20:34:30.729,22.304502658954675,11.268283089691522,5.347168928443352,7.982134517829763,3.959754707722823,3.189284925314496
2026-01-18 20:34:31.757,22.304502658954675,11.256444524576636,5.3469320066160435,7.981581700232709,3.959201890125769,3.190390560508604
2026-01-18 20:34:32.784,22.29720712512642,11.309323448756459,5.347089954500916,7.982608361484381,3.962597769650529,3.193549518206055
2026-01-18 20:34:33.810,22.29720712512642,11.253287573879334,5.347721746040406,7.981976569944891,3.9607813689744944,3.1957607885942707
2026-01-18 20:34:34.837,22.29720712512642,11.273807753411802,5.347721746040406,7.982529387541945,3.9604654732047493,3.198682824464413
2026-01-18 20:34:35.868,22.304502658954675,11.269861565040173,5.347721746040406,7.982766309369254,3.9604654732047493,3.200420251198011
2026-01-18 20:34:36.894,22.304502658954675,11.27222927806315,5.347879693925279,7.981502726290273,3.960386499262313,3.2037371567803348
2026-01-18 20:34:37.920,22.304502658954675,11.25960147527394,5.348511485464769,7.982371439657072,3.9595967598379502,3.2050797138017515
2026-01-18 20:34:38.946,22.304502658954675,11.29432793294427,5.348748407292078,7.981502726290273,3.9595967598379502,3.208396619384075
2026-01-18 20:34:39.972,22.304502658954675,11.258022999925288,5.348669433349642,7.981739648117582,3.962913665420274,3.2128191601605067
2026-01-18 20:34:40.998,22.29720712512642,11.27775394178343,5.348748407292078,7.981423752347837,3.9599916295501316,3.213214029872688
2026-01-18 20:34:42.028,22.29720712512642,11.26512613899422,5.349301224889132,7.982134517829763,3.9595967598379502,3.215188378433595
2026-01-18 20:34:43.061,22.29720712512642,11.24855214783338,5.349617120658877,7.981660674175146,3.960939316859367,3.218347336131046
2026-01-18 20:34:44.090,22.29720712512642,11.274596991086128,5.349854042486186,7.982529387541945,3.9594388119530777,3.2200847628646443
2026-01-18 20:34:45.116,22.29720712512642,11.280910892480733,5.349459172774004,7.981976569944891,3.961255212629112,3.2237965381591493
2026-01-18 20:34:46.142,22.29720712512642,11.265915376668545,5.350248912198367,7.982055543887327,3.9599916295501316,3.2255339648927475
2026-01-18 20:34:47.168,22.29720712512642,11.26512613899422,5.3503278861408035,7.98284528331169,3.9596757337803865,3.2286139486477623
2026-01-18 20:34:48.193,22.29720712512642,11.27775394178343,5.350564807968112,7.982608361484381,3.9596757337803865,3.231141114805723
2026-01-18 20:34:49.223,22.29720712512642,11.273018515737476,5.35040686008324,7.98284528331169,3.9608603429169307,3.2335103330788115
2026-01-18 20:34:50.253,22.29720712512642,11.265915376668545,5.350722755852985,7.980949908693219,3.9613341865715483,3.2371431344308803
2026-01-18 20:34:51.283,22.29720712512642,11.274596991086128,5.350801729795421,7.982529387541945,3.9605444471471856,3.23927543087666
2026-01-18 20:34:52.314,22.29720712512642,11.258022999925288,5.351275573450039,7.98284528331169,3.960939316859367,3.241565675207312
2026-01-18 20:34:53.343,22.29720712512642,11.269072327365848,5.351512495277348,7.983398100908744,3.9607813689744944,3.2455143723291258
2026-01-18 20:34:54.370,22.29720712512642,11.280121654806408,5.352065312874402,7.982766309369254,3.960702395032058,3.2466200075232337
2026-01-18 20:34:55.400,22.304502658954675,11.274596991086128,5.35167044316222,7.982371439657072,3.959833681665259,3.248989225796322
2026-01-18 20:34:56.428,22.29720712512642,11.26117995062259,5.351907364989529,7.981739648117582,3.9610972647442395,3.2511215222421015
2026-01-18 20:34:57.460,22.29720712512642,11.246973672484728,5.352381208644147,7.9824504135995085,3.9595967598379502,3.2540435581122438
2026-01-18 20:34:58.489,22.29720712512642,11.276175466434779,5.352223260759274,7.9822134917722,3.960702395032058,3.2584660988886753
2026-01-18 20:34:59.515,22.29720712512642,11.276964704109105,5.353091974126073,7.983161179081435,3.960702395032058,3.259255838313038
2026-01-18 20:35:00.545,22.29720712512642,11.268283089691522,5.352855052298764,7.98071298686591,3.9602285513774405,3.261783004470999
2026-01-18 20:35:01.571,22.29720712512642,11.281700130155059,5.353091974126073,7.9833191269663075,3.960702395032058,3.264389144571396
2026-01-18 20:35:02.601,22.28991159129805,11.276964704109105,5.3531709480685095,7.9824504135995085,3.9608603429169307,3.26833784169321
2026-01-18 20:35:03.627,22.29720712512642,11.276964704109105,5.3531709480685095,7.9822134917722,3.962597769650529,3.268653737462955
2026-01-18 20:35:04.654,22.29720712512642,11.275386228760453,5.353881713550436,7.981660674175146,3.959754707722823,3.27110192967848
2026-01-18 20:35:05.681,22.29720712512642,11.275386228760453,5.353565817780691,7.982371439657072,3.959833681665259,3.2736290958364407
2026-01-18 20:35:06.707,22.29720712512642,11.321162013871344,5.35443453114749,7.980870934750783,3.960623421089622,3.2767090795914555
2026-01-18 20:35:07.734,22.29720712512642,11.24855214783338,5.354829400859671,7.982292465714636,3.9595967598379502,3.2795521415191615
2026-01-18 20:35:08.761,22.29720712512642,11.304588022710504,5.3540396614353085,7.983082205138999,3.9610972647442395,3.281368542195196
2026-01-18 20:35:09.787,22.28991159129805,11.27775394178343,5.354197609320181,7.982055543887327,3.9599126556076953,3.2861069787413726
2026-01-18 20:35:10.814,22.28991159129805,11.254866049227985,5.355303244514289,7.981739648117582,3.9614131605139846,3.2872126139354805
2026-01-18 20:35:11.844,22.28991159129805,11.271440040388825,5.355224270571853,7.981660674175146,3.960702395032058,3.290450545575368
2026-01-18 20:35:12.875,22.29720712512642,11.245395197136077,5.355382218456725,7.982055543887327,3.959833681665259,3.291872076539221
2026-01-18 20:35:13.907,22.28991159129805,11.276175466434779,5.355382218456725,7.981976569944891,3.960623421089622,3.2940833469274367
2026-01-18 20:35:14.934,22.28991159129805,11.295906408292922,5.355382218456725,7.9833191269663075,3.9599916295501316,3.296689487027834
2026-01-18 20:35:15.962,22.28991159129805,11.300641834338876,5.35569811422647,7.981344778405401,3.9596757337803865,3.2988217834736133
2026-01-18 20:35:16.991,22.28991159129805,11.296695645967247,5.356171957881088,7.9822134917722,3.9595967598379502,3.303797141847099
2026-01-18 20:35:18.022,22.29720712512642,11.271440040388825,5.356566827593269,7.981423752347837,3.9604654732047493,3.305297646753388
2026-01-18 20:35:19.051,22.28991159129805,11.276175466434779,5.356724775478142,7.983240153023871,3.959754707722823,3.3064822558899323
2026-01-18 20:35:20.081,22.28991159129805,11.269861565040173,5.356803749420578,7.982529387541945,3.9628346914778376,3.3085355783932755
2026-01-18 20:35:21.107,22.28991159129805,11.263547663645568,5.357119645190323,7.981739648117582,3.959833681665259,3.3112996663785452
2026-01-18 20:35:22.133,22.282616057469795,11.278543179457756,5.356566827593269,7.983082205138999,3.9607813689744944,3.3147745198457415
2026-01-18 20:35:23.163,22.28991159129805,11.287224793875339,5.357672462787377,7.9824504135995085,3.9605444471471856,3.316590920521776
2026-01-18 20:35:24.190,22.28991159129805,11.25013062318203,5.358225280384431,7.9810288826356555,3.960702395032058,3.3205396176435897
2026-01-18 20:35:25.217,22.28991159129805,11.262758425971242,5.358146306441995,7.982134517829763,3.9603075253198767,3.3210924352406437
2026-01-18 20:35:26.245,22.28991159129805,11.265915376668545,5.358146306441995,7.982134517829763,3.960623421089622,3.322908835916678
2026-01-18 20:35:27.270,22.28991159129805,11.249341385507705,5.358067332499559,7.981344778405401,3.9596757337803865,3.326304715441438
2026-01-18 20:35:28.296,22.28991159129805,11.265915376668545,5.3583042543268675,7.98008119532642,3.9602285513774405,3.328515985829654
2026-01-18 20:35:29.323,22.28991159129805,11.27222927806315,5.35846220221174,7.982529387541945,3.9624398217656562,3.3310431519876147
2026-01-18 20:35:30.351,22.28991159129805,11.269861565040173,5.358778097981485,7.983082205138999,3.960702395032058,3.334518005454811
2026-01-18 20:35:31.380,22.28991159129805,11.245395197136077,5.358541176154176,7.9818975960024545,3.962913665420274,3.3357815885337914
2026-01-18 20:35:32.411,22.282616057469795,11.307744973407807,5.35909399375123,7.982134517829763,3.962913665420274,3.3386246504614974
2026-01-18 20:35:33.438,22.28991159129805,11.296695645967247,5.358936045866358,7.9822134917722,3.9604654732047493,3.340520025079968
2026-01-18 20:35:34.462,22.28991159129805,11.267493852017196,5.359409889520975,7.981265804462964,3.962676743592965,3.343363087007674
2026-01-18 20:35:35.496,22.282616057469795,11.271440040388825,5.359962707118029,7.982134517829763,3.961571108398857,3.3466010186475614
2026-01-18 20:35:36.522,22.282616057469795,11.265915376668545,5.3602786028877745,7.9822134917722,3.9602285513774405,3.3500758721147577
2026-01-18 20:35:37.549,22.28991159129805,11.247762910159054,5.360120655002902,7.982134517829763,3.9594388119530777,3.352682012215155
2026-01-18 20:35:38.574,22.282616057469795,11.271440040388825,5.360515524715083,7.981423752347837,3.959280864068205,3.3542614910638804
2026-01-18 20:35:39.600,22.275320523641426,11.296695645967247,5.360673472599956,7.982529387541945,3.9627557175354013,3.35639378750966
2026-01-18 20:35:40.627,22.282616057469795,11.263547663645568,5.360831420484828,7.982687335426817,3.9603075253198767,3.3597106930919836
2026-01-18 20:35:41.655,22.282616057469795,11.31090192410511,5.360910394427265,7.983161179081435,3.959280864068205,3.362079911365072
2026-01-18 20:35:42.682,22.282616057469795,11.262758425971242,5.361542185966755,7.982055543887327,3.9610182908018032,3.364133233868415
2026-01-18 20:35:43.707,22.28991159129805,11.25960147527394,5.361621159909191,7.981423752347837,3.960386499262313,3.366976295796121
2026-01-18 20:35:44.734,22.282616057469795,11.285646318526688,5.3617001338516275,7.983003231196562,3.959201890125769,3.369187566184337
2026-01-18 20:35:45.758,22.275320523641426,11.269072327365848,5.361463212024319,7.981344778405401,3.9594388119530777,3.371161914745244
2026-01-18 20:35:46.788,22.282616057469795,11.269861565040173,5.3625688472184265,7.981344778405401,3.959517785895514,3.374320872442695
2026-01-18 20:35:47.816,22.282616057469795,11.26117995062259,5.362016029621373,7.9822134917722,3.9625187957080925,3.3765321428309107
2026-01-18 20:35:48.841,22.282616057469795,11.276175466434779,5.362805769045735,7.981818622060018,3.9605444471471856,3.378585465334254
2026-01-18 20:35:49.872,22.282616057469795,11.25565528690231,5.362884742988172,7.981976569944891,3.9595967598379502,3.383402875822867
2026-01-18 20:35:50.898,22.28991159129805,11.27222927806315,5.362884742988172,7.9822134917722,3.9594388119530777,3.3830080061106855
2026-01-18 20:35:51.928,22.282616057469795,11.273807753411802,5.363358586642789,7.981739648117582,3.959517785895514,3.3886151560236613
2026-01-18 20:35:52.958,22.282616057469795,11.250919860856357,5.3631216648154805,7.981186830520528,3.9610182908018032,3.389167973620715
2026-01-18 20:35:53.985,22.282616057469795,11.2706508027145,5.363595508470098,7.982608361484381,3.9603075253198767,3.3917741137211124
2026-01-18 20:35:55.013,22.282616057469795,11.276175466434779,5.363753456354971,7.982134517829763,3.959833681665259,3.395327941130745
2026-01-18 20:35:56.043,22.282616057469795,11.262758425971242,5.364306273952025,7.982529387541945,3.959754707722823,3.39627562843998
2026-01-18 20:35:57.074,22.282616057469795,11.304588022710504,5.364385247894461,7.981265804462964,3.960702395032058,3.3991976643101225
2026-01-18 20:35:58.100,22.282616057469795,11.23750282039282,5.365017039433951,7.981423752347837,3.960623421089622,3.4018038044105197
2026-01-18 20:35:59.126,22.282616057469795,11.27775394178343,5.36525396126126,7.981739648117582,3.9595967598379502,3.4040940487411717
2026-01-18 20:36:00.156,22.282616057469795,11.28880326922399,5.365017039433951,7.983082205138999,3.9593598380106414,3.40583147547477
2026-01-18 20:36:01.183,22.282616057469795,11.273018515737476,5.36525396126126,7.982371439657072,3.9618870041686023,3.408753511344912
2026-01-18 20:36:02.212,22.275320523641426,11.262758425971242,5.365490883088569,7.98284528331169,3.960149577435004,3.4127811824091623
2026-01-18 20:36:03.242,22.282616057469795,11.274596991086128,5.365648830973441,7.982292465714636,3.9599916295501316,3.4145186091427604
2026-01-18 20:36:04.272,22.275320523641426,11.267493852017196,5.365648830973441,7.982687335426817,3.962597769650529,3.416729879530976
2026-01-18 20:36:05.302,22.282616057469795,11.25013062318203,5.36525396126126,7.982687335426817,3.9594388119530777,3.4205206287679175
2026-01-18 20:36:06.326,22.282616057469795,11.275386228760453,5.365490883088569,7.982529387541945,3.9593598380106414,3.420915498480099
2026-01-18 20:36:07.352,22.282616057469795,11.276964704109105,5.366122674628059,7.980949908693219,3.9604654732047493,3.4239954822351137
2026-01-18 20:36:08.379,22.275320523641426,11.318005063174041,5.366359596455368,7.9833191269663075,3.9591229161833326,3.4265226483930746
2026-01-18 20:36:09.407,22.282616057469795,11.269861565040173,5.366359596455368,7.982292465714636,3.9594388119530777,3.429128788493472
2026-01-18 20:36:10.436,22.275320523641426,11.2706508027145,5.366201648570495,7.982924257254126,3.9602285513774405,3.431419032824124
2026-01-18 20:36:11.472,22.282616057469795,11.312480399453761,5.366596518282677,7.98284528331169,3.9594388119530777,3.434577990521575
2026-01-18 20:36:12.496,22.282616057469795,11.284067843178036,5.367070361937294,7.981976569944891,3.96236084782322,3.4369472087946633
2026-01-18 20:36:13.522,22.282616057469795,11.273807753411802,5.367307283764603,7.9824504135995085,3.9590439422408963,3.4398692446648056
2026-01-18 20:36:14.553,22.268024989813114,11.273018515737476,5.366991387994858,7.981581700232709,3.9602285513774405,3.4421594889954577
2026-01-18 20:36:15.582,22.282616057469795,11.25407681155366,5.367465231649476,7.983713996678489,3.959280864068205,3.4440548636139283
2026-01-18 20:36:16.611,22.275320523641426,11.25960147527394,5.367702153476785,7.980949908693219,3.9588859943560237,3.446818951599198
2026-01-18 20:36:17.641,22.282616057469795,11.263547663645568,5.368175997131402,7.981581700232709,3.9588070204135875,3.4506097008361394
2026-01-18 20:36:18.668,22.275320523641426,11.244605959461751,5.367465231649476,7.981739648117582,3.9622818738807837,3.4525840493970463
2026-01-18 20:36:19.694,22.275320523641426,11.292749457595619,5.3682549710738385,7.9822134917722,3.9588859943560237,3.4540055803608993
2026-01-18 20:36:20.725,22.275320523641426,11.263547663645568,5.368097023188966,7.982529387541945,3.9599126556076953,3.457085564115914
2026-01-18 20:36:21.756,22.282616057469795,11.25407681155366,5.368491892901147,7.982766309369254,3.9588070204135875,3.458507095079767
2026-01-18 20:36:22.781,22.282616057469795,11.276175466434779,5.3688077886708925,7.982292465714636,3.9588070204135875,3.4617450267196546
2026-01-18 20:36:23.806,22.282616057469795,11.268283089691522,5.368175997131402,7.982371439657072,3.9591229161833326,3.4634824534532527
2026-01-18 20:36:24.832,22.282616057469795,11.280910892480733,5.369123684440638,7.9818975960024545,3.9599916295501316,3.4668783329780126
2026-01-18 20:36:25.863,22.275320523641426,11.280910892480733,5.368728814728456,7.982055543887327,3.95896496829846,3.469247551251101
2026-01-18 20:36:26.894,22.275320523641426,11.241449008764448,5.369360606267946,7.982055543887327,3.959201890125769,3.471300873754444
2026-01-18 20:36:27.924,22.282616057469795,11.280121654806408,5.369755475980128,7.982371439657072,3.9625187957080925,3.474696753279204
2026-01-18 20:36:28.950,22.275320523641426,11.260390712948265,5.369597528095255,7.9818975960024545,3.95896496829846,3.4756444405884395
2026-01-18 20:36:29.977,22.282616057469795,11.264336901319894,5.370545215404491,7.982134517829763,3.9588070204135875,3.478961346170763
2026-01-18 20:36:31.003,22.275320523641426,11.278543179457756,5.3702293196347455,7.983082205138999,3.960149577435004,3.481172616558979
2026-01-18 20:36:32.030,22.275320523641426,11.26512613899422,5.370703163289363,7.982608361484381,3.959201890125769,3.4839367045442486
2026-01-18 20:36:33.060,22.275320523641426,11.276964704109105,5.370703163289363,7.98284528331169,3.958728046471151,3.4856741312778468
2026-01-18 20:36:34.086,22.282616057469795,11.27775394178343,5.370466241462054,7.981502726290273,3.9588859943560237,3.488912062917734
2026-01-18 20:36:35.114,22.275320523641426,11.256444524576636,5.370703163289363,7.98347707485118,3.958728046471151,3.49175512484544
2026-01-18 20:36:36.144,22.275320523641426,11.25407681155366,5.370940085116672,7.9822134917722,3.9610972647442395,3.4941243431185285
2026-01-18 20:36:37.171,22.268024989813114,11.276964704109105,5.371019059059108,7.981739648117582,3.9588070204135875,3.4960986916794354
2026-01-18 20:36:38.201,22.275320523641426,11.273807753411802,5.371019059059108,7.981186830520528,3.9599126556076953,3.4986258578373963
2026-01-18 20:36:39.228,22.275320523641426,11.273807753411802,5.371255980886417,7.982529387541945,3.95896496829846,3.502495581016774
2026-01-18 20:36:40.255,22.275320523641426,11.243816721787425,5.371966746368344,7.980791960808347,3.960070603492568,3.506523252081024
2026-01-18 20:36:41.287,22.268024989813114,11.280910892480733,5.371492902713726,7.98284528331169,3.959833681665259,3.5074709393902594
2026-01-18 20:36:42.318,22.275320523641426,11.276964704109105,5.371966746368344,7.9818975960024545,3.959517785895514,3.5091293921814213
2026-01-18 20:36:43.348,22.275320523641426,11.285646318526688,5.371729824541035,7.982292465714636,3.9603075253198767,3.511340662569637
2026-01-18 20:36:44.375,22.275320523641426,11.276175466434779,5.372203668195652,7.983398100908744,3.9595967598379502,3.514973463921706
2026-01-18 20:36:45.400,22.275320523641426,11.249341385507705,5.37204572031078,7.982292465714636,3.9591229161833326,3.5167898645977402
2026-01-18 20:36:46.429,22.275320523641426,11.271440040388825,5.372598537907834,7.982608361484381,3.9610972647442395,3.519790874410319
2026-01-18 20:36:47.455,22.275320523641426,11.276964704109105,5.3730723815624515,7.981818622060018,3.9584911246438423,3.5225549623955885
2026-01-18 20:36:48.481,22.275320523641426,11.256444524576636,5.372756485792706,7.981976569944891,3.959754707722823,3.5239764933594415
2026-01-18 20:36:49.509,22.275320523641426,11.263547663645568,5.373467251274633,7.9833191269663075,3.959754707722823,3.528951851732927
2026-01-18 20:36:50.535,22.268024989813114,11.260390712948265,5.373862120986814,7.982687335426817,3.9588070204135875,3.5296626172148535
2026-01-18 20:36:51.563,22.268024989813114,11.27775394178343,5.373625199159505,7.982292465714636,3.9594388119530777,3.5324267052001233
2026-01-18 20:36:52.590,22.275320523641426,11.276964704109105,5.373783147044378,7.9833191269663075,3.9585700985862786,3.5355856628975744
2026-01-18 20:36:53.620,22.268024989813114,11.25565528690231,5.37480980829605,7.9810288826356555,3.958412150701406,3.5371651417463
2026-01-18 20:36:54.651,22.268024989813114,11.268283089691522,5.374335964641432,7.9824504135995085,3.958412150701406,3.539455386076952
2026-01-18 20:36:55.683,22.268024989813114,11.285646318526688,5.374730834353613,7.9833191269663075,3.9585700985862786,3.5444307444504375
2026-01-18 20:36:56.712,22.2607294559848,11.258812237599614,5.375046730123358,7.981818622060018,3.9591229161833326,3.5467209887810895
2026-01-18 20:36:57.743,22.268024989813114,11.24855214783338,5.375204678008231,7.981502726290273,3.959754707722823,3.5472738063781435
2026-01-18 20:36:58.770,22.275320523641426,11.27775394178343,5.375520573777976,7.9824504135995085,3.9599916295501316,3.5492481549390504
2026-01-18 20:36:59.799,22.2607294559848,11.284857080852362,5.375599547720412,7.982924257254126,3.960149577435004,3.552249164751629
2026-01-18 20:37:00.827,22.268024989813114,11.279332417132082,5.374967756180922,7.9822134917722,3.9585700985862786,3.5551712006217713
2026-01-18 20:37:01.853,22.268024989813114,11.269072327365848,5.375757495605285,7.982766309369254,3.960939316859367,3.5566717055280606
2026-01-18 20:37:02.879,22.268024989813114,11.27222927806315,5.375994417432594,7.982292465714636,3.9588070204135875,3.5597516892830754
2026-01-18 20:37:03.906,22.268024989813114,11.288014031549665,5.375994417432594,7.982055543887327,3.9599916295501316,3.561962959671291
2026-01-18 20:37:04.932,22.268024989813114,11.274596991086128,5.37607339137503,7.982371439657072,3.95896496829846,3.5640162821746344
2026-01-18 20:37:05.962,22.2607294559848,11.256444524576636,5.3759154434901575,7.983082205138999,3.9596757337803865,3.567333187756958
2026-01-18 20:37:06.992,22.268024989813114,11.278543179457756,5.376310313202339,7.981739648117582,3.96236084782322,3.5692285623754287
2026-01-18 20:37:08.019,22.2607294559848,11.26117995062259,5.376468261087211,7.981818622060018,3.9594388119530777,3.5714398327636445
2026-01-18 20:37:09.049,22.268024989813114,11.307744973407807,5.377021078684265,7.981660674175146,3.9599916295501316,3.5745198165186594
2026-01-18 20:37:10.079,22.268024989813114,11.27222927806315,5.376389287144775,7.982529387541945,3.9604654732047493,3.577836722100983
2026-01-18 20:37:11.106,22.268024989813114,11.27775394178343,5.377415948396447,7.982608361484381,3.9590439422408963,3.579574148834581
2026-01-18 20:37:12.136,22.268024989813114,11.27775394178343,5.377100052626702,7.981581700232709,3.959201890125769,3.5825751586471597
2026-01-18 20:37:13.165,22.268024989813114,11.315637350151064,5.377968765993501,7.982608361484381,3.9588070204135875,3.5855761684597383
2026-01-18 20:37:14.191,22.268024989813114,11.275386228760453,5.378047739935937,7.9824504135995085,3.960070603492568,3.5881823085601354
2026-01-18 20:37:15.222,22.268024989813114,11.290381744572642,5.377810818108628,7.982371439657072,3.959833681665259,3.588893074042062
2026-01-18 20:37:16.251,22.2607294559848,11.258022999925288,5.377968765993501,7.982371439657072,3.960070603492568,3.592920745106312
2026-01-18 20:37:17.277,22.268024989813114,11.261969188296916,5.378047739935937,7.983398100908744,3.9593598380106414,3.595132015494528
2026-01-18 20:37:18.307,22.2607294559848,11.319583538522693,5.378126713878373,7.982055543887327,3.959754707722823,3.5992386605012143
2026-01-18 20:37:19.338,22.268024989813114,11.27775394178343,5.378363635705682,7.9824504135995085,3.959280864068205,3.5998704520407045
2026-01-18 20:37:20.366,22.268024989813114,11.276175466434779,5.378600557532991,7.982608361484381,3.959754707722823,3.6021606963713566
2026-01-18 20:37:21.394,22.2607294559848,11.2706508027145,5.378916453302736,7.982766309369254,3.96236084782322,3.6055565758961166
2026-01-18 20:37:22.423,22.268024989813114,11.267493852017196,5.379311323014917,7.981423752347837,3.9588070204135875,3.6066622110902244
2026-01-18 20:37:23.454,22.2607294559848,11.26117995062259,5.37946927089979,7.983713996678489,3.959833681665259,3.610847830039347
2026-01-18 20:37:24.479,22.2607294559848,11.276175466434779,5.379232349072481,7.982134517829763,3.9594388119530777,3.613611918024617
2026-01-18 20:37:25.504,22.268024989813114,11.296695645967247,5.380022088496844,7.982608361484381,3.9593598380106414,3.613690891967053
2026-01-18 20:37:26.529,22.2607294559848,11.269861565040173,5.379232349072481,7.982608361484381,3.9588070204135875,3.617323693319122
2026-01-18 20:37:27.558,22.2607294559848,11.273807753411802,5.379864140611971,7.981423752347837,3.959833681665259,3.619377015822465
2026-01-18 20:37:28.583,22.268024989813114,11.309323448756459,5.3801800363817165,7.9824504135995085,3.959280864068205,3.6226149474623526
2026-01-18 20:37:29.610,22.268024989813114,11.275386228760453,5.380653880036334,7.982292465714636,3.9604654732047493,3.626089800929549
2026-01-18 20:37:30.639,22.2607294559848,11.280910892480733,5.381127723690952,7.981976569944891,3.960386499262313,3.6265636445841665
2026-01-18 20:37:31.666,22.2607294559848,11.261969188296916,5.380811827921207,7.982924257254126,3.9588859943560237,3.6287749149723822
2026-01-18 20:37:32.697,22.2607294559848,11.250919860856357,5.380969775806079,7.9818975960024545,3.9588859943560237,3.632407716324451
2026-01-18 20:37:33.726,22.268024989813114,11.273807753411802,5.38073285397877,7.981976569944891,3.9622028999383474,3.6339082212307403
2026-01-18 20:37:34.756,22.268024989813114,11.284857080852362,5.380969775806079,7.9824504135995085,3.9603075253198767,3.6393574232588435
2026-01-18 20:37:35.783,22.268024989813114,11.29985259666455,5.381206697633388,7.981818622060018,3.9588859943560237,3.6413317718197504
2026-01-18 20:37:36.810,22.2607294559848,11.29432793294427,5.3816015673455695,7.984029892448234,3.9605444471471856,3.6416476675894955
2026-01-18 20:37:37.836,22.2607294559848,11.273018515737476,5.381996437057751,7.9818975960024545,3.9599916295501316,3.644569703459638
2026-01-18 20:37:38.863,22.2607294559848,11.236713582718494,5.382075411000187,7.982055543887327,3.959280864068205,3.647412765387344
2026-01-18 20:37:39.891,22.268024989813114,11.242238246438774,5.38223335888506,7.981739648117582,3.959280864068205,3.6495450618331233
2026-01-18 20:37:40.919,22.2607294559848,11.280910892480733,5.381996437057751,7.981818622060018,3.9588859943560237,3.6530199153003196
2026-01-18 20:37:41.949,22.25343392215649,11.276964704109105,5.382154384942623,7.982292465714636,3.9602285513774405,3.6552311856885353
2026-01-18 20:37:42.977,22.2607294559848,11.271440040388825,5.382549254654805,7.981818622060018,3.959517785895514,3.65831116944355
2026-01-18 20:37:44.006,22.25343392215649,11.291170982246967,5.38286515042455,7.983003231196562,3.960386499262313,3.6594957785800943
2026-01-18 20:37:45.034,22.2607294559848,11.307744973407807,5.382944124366986,7.982766309369254,3.9602285513774405,3.6635234496443445
2026-01-18 20:37:46.062,22.2607294559848,11.280121654806408,5.38286515042455,7.983240153023871,3.9604654732047493,3.665655746090124
2026-01-18 20:37:47.091,22.2607294559848,11.265915376668545,5.383102072251859,7.981186830520528,3.959201890125769,3.6689726516724477
2026-01-18 20:37:48.121,22.25343392215649,11.276175466434779,5.383970785618658,7.981818622060018,3.9603075253198767,3.670710078406046
2026-01-18 20:37:49.151,22.268024989813114,11.25407681155366,5.383260020136731,7.981739648117582,3.9599916295501316,3.673948010045933
2026-01-18 20:37:50.179,22.2607294559848,11.239870533415797,5.384365655330839,7.983556048793616,3.959280864068205,3.677264915628257
2026-01-18 20:37:51.206,22.2607294559848,11.315637350151064,5.384365655330839,7.981186830520528,3.9602285513774405,3.6771859416858206
2026-01-18 20:37:52.232,22.2607294559848,11.314848112476739,5.384049759561094,7.981265804462964,3.959280864068205,3.680107977555963
2026-01-18 20:37:53.257,22.2607294559848,11.267493852017196,5.384365655330839,7.981423752347837,3.9596757337803865,3.6834248831382865
2026-01-18 20:37:54.285,22.2607294559848,11.314058874802413,5.38412873350353,7.982371439657072,3.960149577435004,3.6857151274689386
2026-01-18 20:37:55.315,22.2607294559848,11.265915376668545,5.384918472927893,7.981660674175146,3.962044952053475,3.688716137281517
2026-01-18 20:37:56.341,22.2607294559848,11.256444524576636,5.384365655330839,7.982371439657072,3.9608603429169307,3.6907694597848604
2026-01-18 20:37:57.368,22.2607294559848,11.302220309687527,5.384760525043021,7.982055543887327,3.960386499262313,3.6936125217125664
2026-01-18 20:37:58.397,22.2607294559848,11.264336901319894,5.3853133426400746,7.981502726290273,3.959754707722823,3.696613531525145
2026-01-18 20:37:59.423,22.2607294559848,11.267493852017196,5.385392316582511,7.980791960808347,3.9595967598379502,3.6976401927768165
2026-01-18 20:38:00.453,22.2607294559848,11.258812237599614,5.385076420812766,7.9822134917722,3.9607813689744944,3.7001673589347774
2026-01-18 20:38:01.482,22.268024989813114,11.250919860856357,5.385550264467383,7.983240153023871,3.9607813689744944,3.704905795480954
2026-01-18 20:38:02.507,22.2607294559848,11.2706508027145,5.385392316582511,7.981818622060018,3.9596757337803865,3.7052216912506992
2026-01-18 20:38:03.536,22.2607294559848,11.304588022710504,5.38562923840982,7.981344778405401,3.960702395032058,3.7083806489481503
2026-01-18 20:38:04.567,22.268024989813114,11.273807753411802,5.385787186294692,7.982766309369254,3.959517785895514,3.7106708932788024
2026-01-18 20:38:05.592,22.268024989813114,11.288014031549665,5.386340003891746,7.9824504135995085,3.959754707722823,3.713434981264072
2026-01-18 20:38:06.623,22.2607294559848,11.258812237599614,5.386182056006874,7.982292465714636,3.9608603429169307,3.7164359910766507
2026-01-18 20:38:07.653,22.2607294559848,11.271440040388825,5.3868928214888,7.981739648117582,3.959754707722823,3.718252391752685
2026-01-18 20:38:08.678,22.268024989813114,11.280910892480733,5.386655899661491,7.981186830520528,3.960702395032058,3.722753906471553
2026-01-18 20:38:09.710,22.268024989813114,11.273807753411802,5.386813847546364,7.983082205138999,3.9596757337803865,3.7237015937807882
2026-01-18 20:38:10.739,22.268024989813114,11.27775394178343,5.3868928214888,7.981344778405401,3.9619659781110386,3.7249651768597687
2026-01-18 20:38:11.768,22.268024989813114,11.268283089691522,5.387208717258545,7.9824504135995085,3.961255212629112,3.728992847924019
2026-01-18 20:38:12.798,22.268024989813114,11.26670461434287,5.386971795431236,7.982608361484381,3.9614131605139846,3.7315200140819798
2026-01-18 20:38:13.829,22.268024989813114,11.251709098530682,5.387840508798035,7.98410886639067,3.9610972647442395,3.733336414758014
2026-01-18 20:38:14.856,22.268024989813114,11.251709098530682,5.388077430625344,7.9833191269663075,3.960939316859367,3.7354687112037936
2026-01-18 20:38:15.889,22.268024989813114,11.26512613899422,5.388077430625344,7.9818975960024545,3.9602285513774405,3.738390747073936
2026-01-18 20:38:16.915,22.2607294559848,11.261969188296916,5.388393326395089,7.982292465714636,3.9599126556076953,3.7411548350592057
2026-01-18 20:38:17.947,22.2607294559848,11.26512613899422,5.387919482740472,7.981502726290273,3.9599916295501316,3.7439189230444754
2026-01-18 20:38:18.977,22.275320523641426,11.253287573879334,5.388393326395089,7.982608361484381,3.9605444471471856,3.745814297662946
2026-01-18 20:38:20.001,22.268024989813114,11.260390712948265,5.388235378510217,7.980634012923474,3.9608603429169307,3.7479465941087255
2026-01-18 20:38:21.028,22.268024989813114,11.260390712948265,5.3887092221648345,7.981502726290273,3.9610182908018032,3.750947603921304
2026-01-18 20:38:22.055,22.268024989813114,11.25407681155366,5.388551274279962,7.981660674175146,3.959754707722823,3.7536327179641376
2026-01-18 20:38:23.083,22.275320523641426,11.273807753411802,5.3892620397618884,7.981186830520528,3.9596757337803865,3.756001936237226
2026-01-18 20:38:24.110,22.275320523641426,11.271440040388825,5.3892620397618884,7.981581700232709,3.960149577435004,3.758529102395187
2026-01-18 20:38:25.136,22.275320523641426,11.26670461434287,5.390051779186251,7.981423752347837,3.959754707722823,3.7601085812439123
2026-01-18 20:38:26.164,22.282616057469795,11.267493852017196,5.389183065819452,7.982055543887327,3.9607813689744944,3.7633465128837997
2026-01-18 20:38:27.192,22.275320523641426,11.246184434810402,5.390209727071124,7.98284528331169,3.9610972647442395,3.7663475226963783
2026-01-18 20:38:28.219,22.275320523641426,11.309323448756459,5.389735883416506,7.982766309369254,3.959754707722823,3.7680849494299764
2026-01-18 20:38:29.244,22.275320523641426,11.262758425971242,5.389893831301379,7.981344778405401,3.96299263936271,3.769901350106011
2026-01-18 20:38:30.273,22.275320523641426,11.253287573879334,5.389893831301379,7.9822134917722,3.9607813689744944,3.772507490206408
2026-01-18 20:38:31.299,22.282616057469795,11.242238246438774,5.389972805243815,7.981581700232709,3.959754707722823,3.7755085000189865
2026-01-18 20:38:32.327,22.275320523641426,11.276964704109105,5.390367674955996,7.9822134917722,3.959833681665259,3.777877718292075
2026-01-18 20:38:33.353,22.275320523641426,11.269072327365848,5.389972805243815,7.981976569944891,3.9624398217656562,3.779931040795418
2026-01-18 20:38:34.383,22.275320523641426,11.26512613899422,5.390999466495487,7.982055543887327,3.960702395032058,3.7823002590685064
2026-01-18 20:38:35.408,22.275320523641426,11.251709098530682,5.390446648898433,7.9824504135995085,3.9595967598379502,3.785064347053776
2026-01-18 20:38:36.433,22.275320523641426,11.280121654806408,5.391315362265232,7.983003231196562,3.9602285513774405,3.787828435039046
2026-01-18 20:38:37.460,22.282616057469795,11.273807753411802,5.39092049255305,7.982292465714636,3.9599916295501316,3.7902766272545705
2026-01-18 20:38:38.486,22.282616057469795,11.250919860856357,5.390604596783305,7.981976569944891,3.962913665420274,3.7936725067793304
2026-01-18 20:38:39.514,22.282616057469795,11.25013062318203,5.391315362265232,7.981739648117582,3.9608603429169307,3.796120698994855
2026-01-18 20:38:40.545,22.282616057469795,11.265915376668545,5.3921051016895944,7.981423752347837,3.960702395032058,3.7976212039011443
2026-01-18 20:38:41.574,22.282616057469795,11.269072327365848,5.392026127747158,7.982924257254126,3.960939316859367,3.801254005253213
2026-01-18 20:38:42.600,22.282616057469795,11.271440040388825,5.391868179862286,7.981502726290273,3.960149577435004,3.8056765460296447
2026-01-18 20:38:43.628,22.28991159129805,11.278543179457756,5.392026127747158,7.983082205138999,3.963229561190019,3.805202702375027
2026-01-18 20:38:44.657,22.282616057469795,11.251709098530682,5.3921051016895944,7.9824504135995085,3.9599916295501316,3.8081247382451693
2026-01-18 20:38:45.685,22.282616057469795,11.241449008764448,5.392578945344212,7.981818622060018,3.9594388119530777,3.8100990868060762
2026-01-18 20:38:46.712,22.282616057469795,11.25565528690231,5.39242099745934,7.981581700232709,3.9618870041686023,3.814600601524944
2026-01-18 20:38:47.737,22.282616057469795,11.282489367829385,5.393131762941266,7.982608361484381,3.9613341865715483,3.815390340949307
2026-01-18 20:38:48.763,22.28991159129805,11.258812237599614,5.392894841113957,7.982055543887327,3.9603075253198767,3.8209974908622826
2026-01-18 20:38:49.790,22.282616057469795,11.273018515737476,5.39305278899883,7.981976569944891,3.9595967598379502,3.8200498035530472
2026-01-18 20:38:50.818,22.28991159129805,11.25960147527394,5.393921502365629,7.982924257254126,3.962597769650529,3.8226559436534444
2026-01-18 20:38:51.849,22.28991159129805,11.271440040388825,5.393368684768575,7.9824504135995085,3.9603075253198767,3.8260518231782044
2026-01-18 20:38:52.879,22.28991159129805,11.24855214783338,5.394000476308065,7.980791960808347,3.959833681665259,3.829131806933219
2026-01-18 20:38:53.913,22.28991159129805,11.253287573879334,5.394158424192938,7.981660674175146,3.960386499262313,3.830553337897072
2026-01-18 20:38:54.943,22.28991159129805,11.276964704109105,5.393921502365629,7.981660674175146,3.9610972647442395,3.8341071653067047
2026-01-18 20:38:55.973,22.28991159129805,11.260390712948265,5.394079450250501,7.981739648117582,3.9633085351324553,3.835607670212994
2026-01-18 20:38:57.002,22.28991159129805,11.2430274841131,5.394079450250501,7.984266814275543,3.960149577435004,3.8380558624285186
2026-01-18 20:38:58.032,22.28991159129805,11.256444524576636,5.394079450250501,7.981344778405401,3.9605444471471856,3.8408199504137883
2026-01-18 20:38:59.056,22.28991159129805,11.25407681155366,5.3949481636173005,7.981818622060018,3.960939316859367,3.8435050644566218
2026-01-18 20:39:00.083,22.28991159129805,11.28327860550371,5.394237398135374,7.981739648117582,3.9610972647442395,3.8465850482116366
2026-01-18 20:39:01.111,22.28991159129805,11.304588022710504,5.395106111502173,7.981976569944891,3.9599126556076953,3.84863837071498
2026-01-18 20:39:02.143,22.28991159129805,11.263547663645568,5.394869189674864,7.981976569944891,3.961176238686676,3.850928615045632
2026-01-18 20:39:03.174,22.28991159129805,11.261969188296916,5.395422007271918,7.983792970620925,3.9630716133051465,3.8540085988006467
2026-01-18 20:39:04.202,22.29720712512642,11.246184434810402,5.395264059387046,7.981976569944891,3.9599126556076953,3.855824999476681
2026-01-18 20:39:05.231,22.28991159129805,11.246973672484728,5.395658929099227,7.982292465714636,3.9607813689744944,3.8581942177497695
2026-01-18 20:39:06.257,22.28991159129805,11.307744973407807,5.3963696945811535,7.981502726290273,3.960939316859367,3.8638803416051815
2026-01-18 20:39:07.285,22.29720712512642,11.247762910159054,5.395658929099227,7.983003231196562,3.9607813689744944,3.864591107087108
2026-01-18 20:39:08.315,22.28991159129805,11.263547663645568,5.395974824868972,7.983161179081435,3.960702395032058,3.8668023774753237
2026-01-18 20:39:09.345,22.29720712512642,11.269861565040173,5.396527642466026,7.982371439657072,3.9603075253198767,3.8689346739211032
2026-01-18 20:39:10.373,22.28991159129805,11.257233762250962,5.396053798811408,7.98284528331169,3.961176238686676,3.872804397100481
2026-01-18 20:39:11.399,22.304502658954675,11.246184434810402,5.396685590350899,7.981344778405401,3.9604654732047493,3.873752084409716
2026-01-18 20:39:12.429,22.29720712512642,11.299063358990225,5.397001486120644,7.983240153023871,3.9599126556076953,3.8764371984525496
2026-01-18 20:39:13.458,22.29720712512642,11.296695645967247,5.396606616408462,7.982134517829763,3.962123925995911,3.8781746251861478
2026-01-18 20:39:14.486,22.29720712512642,11.264336901319894,5.39708046006308,7.9822134917722,3.960702395032058,3.8817284525957803
2026-01-18 20:39:15.514,22.29720712512642,11.275386228760453,5.39708046006308,7.9818975960024545,3.9602285513774405,3.883623827214251
2026-01-18 20:39:16.541,22.29720712512642,11.24855214783338,5.397475329775261,7.98071298686591,3.960149577435004,3.885914071544903
2026-01-18 20:39:17.568,22.29720712512642,11.27222927806315,5.397475329775261,7.981739648117582,3.9599916295501316,3.8885991855877364
2026-01-18 20:39:18.600,22.29720712512642,11.273807753411802,5.397870199487443,7.983240153023871,3.9599126556076953,3.8916791693427513
2026-01-18 20:39:19.631,22.29720712512642,11.29432793294427,5.398423017084497,7.98071298686591,3.960623421089622,3.8937324918460945
2026-01-18 20:39:20.658,22.29720712512642,11.27222927806315,5.398265069199624,7.981976569944891,3.96299263936271,3.8983129805073986
2026-01-18 20:39:21.682,22.304502658954675,11.273018515737476,5.398817886796678,7.983082205138999,3.9613341865715483,3.898391954449835
2026-01-18 20:39:22.709,22.29720712512642,11.274596991086128,5.398028147372315,7.981818622060018,3.959833681665259,3.900366303010742
2026-01-18 20:39:23.738,22.304502658954675,11.250919860856357,5.398738912854242,7.983240153023871,3.961808030226166,3.905578583211536
2026-01-18 20:39:24.767,22.304502658954675,11.241449008764448,5.398501991026933,7.981423752347837,3.9628346914778376,3.9070790881178254
2026-01-18 20:39:25.799,22.29720712512642,11.273807753411802,5.398817886796678,7.981186830520528,3.9636244309022004,3.9101590718728403
2026-01-18 20:39:26.824,22.29720712512642,11.292749457595619,5.399370704393732,7.982687335426817,3.9608603429169307,3.9113436810093845
2026-01-18 20:39:27.855,22.304502658954675,11.273807753411802,5.399370704393732,7.981502726290273,3.9636244309022004,3.913239055627855
2026-01-18 20:39:28.887,22.304502658954675,11.273018515737476,5.399686600163477,7.9838719445633615,3.9622028999383474,3.9167139090950513
2026-01-18 20:39:29.917,22.304502658954675,11.273807753411802,5.399291730451296,7.983240153023871,3.9603075253198767,3.920267736504684
2026-01-18 20:39:30.944,22.304502658954675,11.273018515737476,5.400160443818095,7.983161179081435,3.96299263936271,3.921452345641228
2026-01-18 20:39:31.975,22.304502658954675,11.289592506898316,5.400002495933222,7.9818975960024545,3.961176238686676,3.924532329396243
2026-01-18 20:39:33.002,22.304502658954675,11.273807753411802,5.39984454804835,7.981502726290273,3.9618870041686023,3.9258748864176596
2026-01-18 20:39:34.029,22.29720712512642,11.240659771090122,5.400713261415149,7.982134517829763,3.961571108398857,3.928244104690748
2026-01-18 20:39:35.060,22.29720712512642,11.307744973407807,5.400397365645404,7.982608361484381,3.960939316859367,3.9324297236398706
2026-01-18 20:39:36.087,22.304502658954675,11.253287573879334,5.40047633958784,7.982924257254126,3.963466483017328,3.933693306718851
2026-01-18 20:39:37.112,22.304502658954675,11.250919860856357,5.400792235357585,7.981581700232709,3.9633875090748916,3.9363784207616845
2026-01-18 20:39:38.138,22.304502658954675,11.274596991086128,5.400950183242458,7.981660674175146,3.9636244309022004,3.938194821437719
2026-01-18 20:39:39.169,22.304502658954675,11.254866049227985,5.4015030008395115,7.982529387541945,3.9614131605139846,3.9405640397108073
2026-01-18 20:39:40.197,22.29720712512642,11.260390712948265,5.400950183242458,7.982529387541945,3.9636244309022004,3.945618372026729
2026-01-18 20:39:41.224,22.304502658954675,11.269072327365848,5.401897870551693,7.981660674175146,3.961571108398857,3.9465660593359644
2026-01-18 20:39:42.253,22.304502658954675,11.275386228760453,5.40173992266682,7.981581700232709,3.9610182908018032,3.9494091212636704
2026-01-18 20:39:43.283,22.304502658954675,11.263547663645568,5.40173992266682,7.982529387541945,3.9607813689744944,3.952726026845994
2026-01-18 20:39:44.308,22.304502658954675,11.265915376668545,5.401818896609257,7.983240153023871,3.9613341865715483,3.9528839747308666
2026-01-18 20:39:45.335,22.304502658954675,11.242238246438774,5.401976844494129,7.981739648117582,3.96299263936271,3.956358828198063
2026-01-18 20:39:46.361,22.311798192783044,11.273807753411802,5.401897870551693,7.982292465714636,3.960939316859367,3.9582542028165335
2026-01-18 20:39:47.389,22.304502658954675,11.295906408292922,5.402529662091183,7.981976569944891,3.961255212629112,3.960939316859367
2026-01-18 20:39:48.415,22.311798192783044,11.239081295741471,5.402292740263874,7.982529387541945,3.9628346914778376,3.9631505872475827
2026-01-18 20:39:49.439,22.304502658954675,11.268283089691522,5.4029245318033645,7.982134517829763,3.961492134456421,3.966309544945034
2026-01-18 20:39:50.467,22.304502658954675,11.278543179457756,5.402608636033619,7.981265804462964,3.962597769650529,3.9679679977361957
2026-01-18 20:39:51.494,22.304502658954675,11.279332417132082,5.402845557860928,7.980555038981038,3.9605444471471856,3.9713638772609556
2026-01-18 20:39:52.523,22.304502658954675,11.27775394178343,5.403714271227727,7.982529387541945,3.961808030226166,3.9735751476491714
2026-01-18 20:39:53.552,22.304502658954675,11.273807753411802,5.4034773494004185,7.981107856578092,3.9638613527295092,3.9758653919798235
2026-01-18 20:39:54.579,22.304502658954675,11.287224793875339,5.403082479688237,7.982134517829763,3.9602285513774405,3.9809197242957453
2026-01-18 20:39:55.605,22.304502658954675,11.254866049227985,5.403714271227727,7.983240153023871,3.961176238686676,3.981946385547417
2026-01-18 20:39:56.631,22.304502658954675,11.271440040388825,5.4038722191126,7.983240153023871,3.9604654732047493,3.98399970805076
2026-01-18 20:39:57.661,22.304502658954675,11.265915376668545,5.403951193055036,7.983161179081435,3.960386499262313,3.9872376396906475
2026-01-18 20:39:58.692,22.311798192783044,11.250919860856357,5.404267088824781,7.981976569944891,3.9603075253198767,3.989369936136427
2026-01-18 20:39:59.721,22.304502658954675,11.2430274841131,5.404740932479399,7.981660674175146,3.9608603429169307,3.9937924769128585
2026-01-18 20:40:00.746,22.311798192783044,11.243816721787425,5.404582984594526,7.9824504135995085,3.9603075253198767,3.993634529027986
2026-01-18 20:40:01.773,22.304502658954675,11.26670461434287,5.404425036709654,7.982055543887327,3.9603075253198767,3.996477590955692
2026-01-18 20:40:02.800,22.304502658954675,11.314058874802413,5.404819906421835,7.981107856578092,3.9607813689744944,3.999952444422888
2026-01-18 20:40:03.830,22.304502658954675,11.273018515737476,5.4048988803642715,7.981581700232709,3.961571108398857,4.0034272978900844
2026-01-18 20:40:04.861,22.311798192783044,11.239081295741471,5.404977854306708,7.9818975960024545,3.961571108398857,4.0062703598177904
2026-01-18 20:40:05.886,22.304502658954675,11.268283089691522,5.406083489500816,7.980870934750783,3.9628346914778376,4.0062703598177904
2026-01-18 20:40:06.916,22.304502658954675,11.291960219921293,5.405372724018889,7.983635022736053,3.962123925995911,4.009192395687933
2026-01-18 20:40:07.943,22.304502658954675,11.303009547361853,5.405214776134017,7.982371439657072,3.961808030226166,4.012193405500511
2026-01-18 20:40:08.973,22.304502658954675,11.27222927806315,5.405846567673507,7.9822134917722,3.9616500823412935,4.014167754061418
2026-01-18 20:40:10.004,22.304502658954675,11.256444524576636,5.405846567673507,7.982529387541945,3.9616500823412935,4.01922208637734
2026-01-18 20:40:11.034,22.311798192783044,11.26670461434287,5.406399385270561,7.982292465714636,3.9604654732047493,4.019774903974394
2026-01-18 20:40:12.061,22.311798192783044,11.276175466434779,5.406478359212997,7.982608361484381,3.9633875090748916,4.021117460995811
2026-01-18 20:40:13.089,22.311798192783044,11.278543179457756,5.406557333155433,7.9824504135995085,3.9616500823412935,4.023723601096208
2026-01-18 20:40:14.115,22.311798192783044,11.254866049227985,5.406952202867615,7.9822134917722,3.9614131605139846,4.027514350333149
2026-01-18 20:40:15.142,22.311798192783044,11.287224793875339,5.40663630709787,7.9822134917722,3.960702395032058,4.029093829181875
2026-01-18 20:40:16.168,22.311798192783044,11.278543179457756,5.406715281040306,7.9824504135995085,3.960386499262313,4.031778943224708
2026-01-18 20:40:17.201,22.311798192783044,11.251709098530682,5.4071891246949235,7.980555038981038,3.9605444471471856,4.034779953037287
2026-01-18 20:40:18.228,22.304502658954675,11.24855214783338,5.406873228925178,7.9818975960024545,3.960702395032058,4.037149171310375
2026-01-18 20:40:19.258,22.311798192783044,11.274596991086128,5.407110150752487,7.9822134917722,3.964019300614382,4.041571712086807
2026-01-18 20:40:20.289,22.311798192783044,11.267493852017196,5.407662968349541,7.981581700232709,3.9618870041686023,4.042519399396042
2026-01-18 20:40:21.318,22.311798192783044,11.292749457595619,5.407820916234414,7.980791960808347,3.9604654732047493,4.044177852187204
2026-01-18 20:40:22.344,22.311798192783044,11.244605959461751,5.4086106556587765,7.982292465714636,3.9605444471471856,4.04702091411491
2026-01-18 20:40:23.372,22.319093726611356,11.26670461434287,5.408373733831468,7.982134517829763,3.960702395032058,4.050100897869925
2026-01-18 20:40:24.401,22.311798192783044,11.268283089691522,5.407820916234414,7.98347707485118,3.961808030226166,4.0537336992219934
2026-01-18 20:40:25.427,22.311798192783044,11.262758425971242,5.408452707773904,7.982924257254126,3.961176238686676,4.055550099898028
2026-01-18 20:40:26.453,22.311798192783044,11.303009547361853,5.4086106556587765,7.983713996678489,3.961492134456421,4.056655735092136
2026-01-18 20:40:27.480,22.311798192783044,11.262758425971242,5.408373733831468,7.980791960808347,3.9607813689744944,4.059656744904714
2026-01-18 20:40:28.504,22.311798192783044,11.302220309687527,5.4091634732558305,7.982924257254126,3.961492134456421,4.0636844159689645
2026-01-18 20:40:29.536,22.311798192783044,11.253287573879334,5.409479369025576,7.980949908693219,3.961571108398857,4.066369530011798
2026-01-18 20:40:30.563,22.304502658954675,11.265915376668545,5.4091634732558305,7.981344778405401,3.9610972647442395,4.067001321551288
2026-01-18 20:40:31.597,22.311798192783044,11.254866049227985,5.4091634732558305,7.982766309369254,3.960623421089622,4.070713096845793
2026-01-18 20:40:32.623,22.311798192783044,11.271440040388825,5.409716290852884,7.983082205138999,3.962044952053475,4.0716607841550285
2026-01-18 20:40:33.651,22.319093726611356,11.279332417132082,5.4100321866226295,7.982134517829763,3.9618870041686023,4.073872054543244
2026-01-18 20:40:34.682,22.311798192783044,11.26117995062259,5.410269108449938,7.981423752347837,3.9618870041686023,4.077820751665058
2026-01-18 20:40:35.712,22.319093726611356,11.245395197136077,5.410348082392375,7.981818622060018,3.9619659781110386,4.078926386859166
2026-01-18 20:40:36.739,22.311798192783044,11.264336901319894,5.409953212680193,7.980949908693219,3.9619659781110386,4.081769448786872
2026-01-18 20:40:37.768,22.319093726611356,11.2706508027145,5.4105850042196835,7.983398100908744,3.9622028999383474,4.085560198023813
2026-01-18 20:40:38.797,22.319093726611356,11.281700130155059,5.411137821816737,7.982529387541945,3.9610182908018032,4.08690275504523
2026-01-18 20:40:39.822,22.311798192783044,11.253287573879334,5.411058847874301,7.981739648117582,3.9618870041686023,4.0892719733183185
2026-01-18 20:40:40.851,22.311798192783044,11.25565528690231,5.410821926046992,7.981660674175146,3.9616500823412935,4.0915622176489705
2026-01-18 20:40:41.882,22.319093726611356,11.27222927806315,5.411058847874301,7.982371439657072,3.964335196384127,4.095116045058603
2026-01-18 20:40:42.912,22.319093726611356,11.292749457595619,5.410979873931865,7.983240153023871,3.961176238686676,4.096774497849765
2026-01-18 20:40:43.942,22.319093726611356,11.2706508027145,5.411374743644046,7.983003231196562,3.9624398217656562,4.099459611892598
2026-01-18 20:40:44.966,22.319093726611356,11.254866049227985,5.411374743644046,7.982292465714636,3.960939316859367,4.101354986511069
2026-01-18 20:40:45.995,22.319093726611356,11.2430274841131,5.411611665471355,7.9824504135995085,3.962044952053475,4.104592918150956
2026-01-18 20:40:47.022,22.319093726611356,11.238292058067145,5.4120065351835365,7.983161179081435,3.961255212629112,4.109015458927388
2026-01-18 20:40:48.047,22.319093726611356,11.275386228760453,5.412322430953282,7.983161179081435,3.961255212629112,4.109963146236623
2026-01-18 20:40:49.077,22.319093726611356,11.26512613899422,5.412164483068409,7.9810288826356555,3.9633875090748916,4.111779546912658
2026-01-18 20:40:50.105,22.32638926043967,11.269861565040173,5.412164483068409,7.9822134917722,3.96299263936271,4.114780556725236
2026-01-18 20:40:51.131,22.319093726611356,11.268283089691522,5.412401404895718,7.983398100908744,3.9650459618660534,4.117623618652942
2026-01-18 20:40:52.158,22.32638926043967,11.312480399453761,5.413033196435208,7.9822134917722,3.964888013981181,4.118492332019741
2026-01-18 20:40:53.188,22.32638926043967,11.238292058067145,5.413191144320081,7.981660674175146,3.961176238686676,4.123309742508354
2026-01-18 20:40:54.218,22.319093726611356,11.27222927806315,5.413743961917135,7.981818622060018,3.965203909750926,4.126705622033114
2026-01-18 20:40:55.248,22.319093726611356,11.26117995062259,5.413507040089826,7.982292465714636,3.962123925995911,4.12615280443606
2026-01-18 20:40:56.272,22.32638926043967,11.240659771090122,5.413586014032262,7.982924257254126,3.963229561190019,4.130259449442747
2026-01-18 20:40:57.302,22.32638926043967,11.264336901319894,5.413743961917135,7.980318117153729,3.9647300660963083,4.132075850118781
2026-01-18 20:40:58.328,22.33368479426798,11.263547663645568,5.414138831629316,7.9822134917722,3.9614131605139846,4.134603016276742
2026-01-18 20:40:59.354,22.33368479426798,11.247762910159054,5.413822935859571,7.98284528331169,3.9616500823412935,4.137288130319575
2026-01-18 20:41:00.382,22.33368479426798,11.278543179457756,5.414138831629316,7.981186830520528,3.964651092153872,4.140052218304845
2026-01-18 20:41:01.411,22.32638926043967,11.269072327365848,5.414217805571752,7.980870934750783,3.9622028999383474,4.142184514750625
2026-01-18 20:41:02.439,22.33368479426798,11.265915376668545,5.41469164922637,7.982371439657072,3.9628346914778376,4.146843977354365
2026-01-18 20:41:03.466,22.33368479426798,11.29985259666455,5.414770623168806,7.983003231196562,3.9622818738807837,4.1466860294694925
2026-01-18 20:41:04.496,22.32638926043967,11.286435556201013,5.414217805571752,7.981818622060018,3.961492134456421,4.151661387842978
2026-01-18 20:41:05.526,22.33368479426798,11.25565528690231,5.41469164922637,7.9810288826356555,3.961255212629112,4.151424466015669
2026-01-18 20:41:06.551,22.32638926043967,11.26512613899422,5.415639336535605,7.982134517829763,3.9616500823412935,4.157110589871081
2026-01-18 20:41:07.577,22.33368479426798,11.25960147527394,5.415560362593169,7.982292465714636,3.961808030226166,4.158374172950062
2026-01-18 20:41:08.608,22.33368479426798,11.262758425971242,5.414770623168806,7.9818975960024545,3.9624398217656562,4.159716729971478
2026-01-18 20:41:09.634,22.33368479426798,11.263547663645568,5.415086518938551,7.982134517829763,3.9627557175354013,4.16350747920842
2026-01-18 20:41:10.665,22.33368479426798,11.256444524576636,5.415560362593169,7.982529387541945,3.9619659781110386,4.164692088344964
2026-01-18 20:41:11.692,22.340980328096293,11.24855214783338,5.415639336535605,7.982608361484381,3.9624398217656562,4.168245915754596
2026-01-18 20:41:12.717,22.33368479426798,11.269072327365848,5.415797284420478,7.982371439657072,3.9627557175354013,4.171088977682302
2026-01-18 20:41:13.745,22.340980328096293,11.245395197136077,5.41595523230535,7.9818975960024545,3.9622818738807837,4.174405883264626
2026-01-18 20:41:14.772,22.340980328096293,11.258022999925288,5.416429075959968,7.983082205138999,3.9625187957080925,4.175037674804116
2026-01-18 20:41:15.800,22.33368479426798,11.276175466434779,5.416665997787277,7.982292465714636,3.9651249358084897,4.179776111350293
2026-01-18 20:41:16.827,22.340980328096293,11.25407681155366,5.416902919614586,7.982924257254126,3.9648090400387446,4.179776111350293
2026-01-18 20:41:17.854,22.33368479426798,11.25565528690231,5.416429075959968,7.982608361484381,3.962913665420274,4.182540199335563
2026-01-18 20:41:18.881,22.33368479426798,11.239870533415797,5.41745573721164,7.981739648117582,3.9630716133051465,4.186173000687631
2026-01-18 20:41:19.908,22.340980328096293,11.23750282039282,5.417376763269203,7.982687335426817,3.961255212629112,4.187357609824176
2026-01-18 20:41:20.935,22.33368479426798,11.261969188296916,5.41745573721164,7.981818622060018,3.9617290562837297,4.190516567521627
2026-01-18 20:41:21.965,22.340980328096293,11.241449008764448,5.417376763269203,7.981739648117582,3.9644931442689995,4.193359629449333
2026-01-18 20:41:22.992,22.340980328096293,11.261969188296916,5.417297789326767,7.981739648117582,3.9614131605139846,4.19533397801024
2026-01-18 20:41:24.015,22.348275861924662,11.254866049227985,5.417613685096512,7.983635022736053,3.962913665420274,4.198019092053073
2026-01-18 20:41:25.043,22.348275861924662,11.285646318526688,5.417613685096512,7.983082205138999,3.962123925995911,4.1998354927291075
2026-01-18 20:41:26.070,22.348275861924662,11.268283089691522,5.417850606923821,7.982371439657072,3.9614131605139846,4.2018098412900144
2026-01-18 20:41:27.098,22.348275861924662,11.261969188296916,5.418166502693566,7.982687335426817,3.9647300660963083,4.204731877160157
2026-01-18 20:41:28.124,22.348275861924662,11.284857080852362,5.418166502693566,7.981739648117582,3.9633875090748916,4.208601600339534
2026-01-18 20:41:29.150,22.348275861924662,11.258812237599614,5.41871932029062,7.983082205138999,3.9645721182114357,4.210023131303387
2026-01-18 20:41:30.177,22.348275861924662,11.264336901319894,5.41871932029062,7.980949908693219,3.96299263936271,4.213024141115966
2026-01-18 20:41:31.204,22.355571395752918,11.264336901319894,5.418640346348184,7.9833191269663075,3.965440831578235,4.2154723333314905
2026-01-18 20:41:32.230,22.348275861924662,11.291960219921293,5.419272137887674,7.982766309369254,3.963466483017328,4.218394369201633
2026-01-18 20:41:33.257,22.355571395752918,11.2706508027145,5.4191141900028015,7.981581700232709,3.962913665420274,4.22163230084152
2026-01-18 20:41:34.284,22.348275861924662,11.267493852017196,5.41935111183011,7.983003231196562,3.961808030226166,4.223053831805373
2026-01-18 20:41:35.310,22.355571395752918,11.268283089691522,5.419193163945238,7.9833191269663075,3.964888013981181,4.224870232481408
2026-01-18 20:41:36.336,22.355571395752918,11.263547663645568,5.41935111183011,7.982766309369254,3.9616500823412935,4.22842405989104
2026-01-18 20:41:37.361,22.355571395752918,11.308534211082133,5.4199829033696005,7.9824504135995085,3.9627557175354013,4.2325307048977265
2026-01-18 20:41:38.388,22.355571395752918,11.261969188296916,5.420140851254473,7.9824504135995085,3.962597769650529,4.234741975285942
2026-01-18 20:41:39.414,22.355571395752918,11.267493852017196,5.420140851254473,7.9822134917722,3.9628346914778376,4.237032219616594
2026-01-18 20:41:40.443,22.355571395752918,11.265915376668545,5.4208516167364,7.982134517829763,3.9636244309022004,4.237664011156085
2026-01-18 20:41:41.471,22.355571395752918,11.25960147527394,5.420614694909091,7.982371439657072,3.9618870041686023,4.239954255486737
2026-01-18 20:41:42.498,22.355571395752918,11.258022999925288,5.421088538563708,7.981186830520528,3.9618870041686023,4.242797317414443
2026-01-18 20:41:43.524,22.355571395752918,11.23750282039282,5.42148340827589,7.981581700232709,3.9618870041686023,4.245482431457276
2026-01-18 20:41:44.550,22.355571395752918,11.2430274841131,5.420930590678836,7.9824504135995085,3.9619659781110386,4.247219858190874
2026-01-18 20:41:45.577,22.355571395752918,11.25407681155366,5.420930590678836,7.981423752347837,3.9627557175354013,4.249904972233708
2026-01-18 20:41:46.605,22.362866929581287,11.301431072013202,5.421246486448581,7.9810288826356555,3.9618870041686023,4.254169565125267
2026-01-18 20:41:47.630,22.362866929581287,11.256444524576636,5.421325460391017,7.982055543887327,3.964098274556818,4.254722382722321
2026-01-18 20:41:48.653,22.362866929581287,11.269072327365848,5.421799304045635,7.980634012923474,3.96299263936271,4.258118262247081
2026-01-18 20:41:49.677,22.362866929581287,11.23197815667254,5.421562382218326,7.981818622060018,3.961808030226166,4.26238285513864
2026-01-18 20:41:50.703,22.355571395752918,11.285646318526688,5.421641356160762,7.982766309369254,3.962597769650529,4.265383864951218
2026-01-18 20:41:51.730,22.362866929581287,11.262758425971242,5.421878277988071,7.983240153023871,3.9627557175354013,4.267358213512125
2026-01-18 20:41:52.757,22.370162463409542,11.269072327365848,5.42211519981538,7.981581700232709,3.9624398217656562,4.268779744475978
2026-01-18 20:41:53.781,22.362866929581287,11.235135107369842,5.422352121642689,7.983082205138999,3.9622818738807837,4.270122301497395
2026-01-18 20:41:54.808,22.362866929581287,11.258812237599614,5.422668017412434,7.982292465714636,3.9618870041686023,4.2748607380435715
2026-01-18 20:41:55.835,22.362866929581287,11.267493852017196,5.422352121642689,7.983240153023871,3.963229561190019,4.275808425352807
2026-01-18 20:41:56.862,22.370162463409542,11.253287573879334,5.422983913182179,7.982529387541945,3.962044952053475,4.277387904201532
2026-01-18 20:41:57.886,22.370162463409542,11.300641834338876,5.423062887124615,7.981976569944891,3.9622028999383474,4.280151992186802
2026-01-18 20:41:58.912,22.370162463409542,11.2430274841131,5.423141861067052,7.982608361484381,3.963229561190019,4.283231975941817
2026-01-18 20:41:59.939,22.370162463409542,11.285646318526688,5.423220835009488,7.981976569944891,3.9631505872475827,4.284732480848106
2026-01-18 20:42:00.966,22.370162463409542,11.265915376668545,5.423062887124615,7.981660674175146,3.9624398217656562,4.28804938643043
2026-01-18 20:42:01.992,22.370162463409542,11.264336901319894,5.424089548376287,7.982134517829763,3.962597769650529,4.290260656818646
2026-01-18 20:42:03.017,22.370162463409542,11.23750282039282,5.423457756836797,7.981107856578092,3.9633875090748916,4.2927878229766065
2026-01-18 20:42:04.045,22.37745799723791,11.234345869695517,5.423299808951924,7.9833191269663075,3.9645721182114357,4.297289337695474
2026-01-18 20:42:05.071,22.370162463409542,11.25013062318203,5.424405444146032,7.982529387541945,3.965203909750926,4.2976052334652195
2026-01-18 20:42:06.098,22.37745799723791,11.276964704109105,5.424563392030905,7.9824504135995085,3.962913665420274,4.302975461550886
2026-01-18 20:42:07.126,22.37745799723791,11.246184434810402,5.424405444146032,7.981976569944891,3.9636244309022004,4.30289648760845
2026-01-18 20:42:08.153,22.37745799723791,11.26512613899422,5.42487928780065,7.981818622060018,3.96236084782322,4.305423653766411
2026-01-18 20:42:09.179,22.37745799723791,11.261969188296916,5.424563392030905,7.9822134917722,3.963545456959764,4.309609272715534
2026-01-18 20:42:10.208,22.370162463409542,11.27775394178343,5.424721339915777,7.983635022736053,3.9627557175354013,4.311030803679387
2026-01-18 20:42:11.234,22.370162463409542,11.274596991086128,5.4248003138582135,7.981344778405401,3.965835701290416,4.313400021952475
2026-01-18 20:42:12.261,22.37745799723791,11.25960147527394,5.425037235685522,7.981976569944891,3.964966987923617,4.317664614844034
2026-01-18 20:42:13.288,22.370162463409542,11.261969188296916,5.425590053282576,7.982134517829763,3.9633875090748916,4.317980510613779
2026-01-18 20:42:14.313,22.37745799723791,11.262758425971242,5.4256690272250125,7.981344778405401,3.962676743592965,4.320586650714176
2026-01-18 20:42:15.343,22.384753531066167,11.267493852017196,5.425353131455267,7.981581700232709,3.9633875090748916,4.3237456084116275
2026-01-18 20:42:16.373,22.384753531066167,11.273018515737476,5.425984922994758,7.982608361484381,3.9622818738807837,4.325562009087662
2026-01-18 20:42:17.401,22.37745799723791,11.269072327365848,5.426379792706939,7.981976569944891,3.9627557175354013,4.329194810439731
2026-01-18 20:42:18.426,22.37745799723791,11.247762910159054,5.426379792706939,7.981423752347837,3.9637034048446367,4.331406080827946
2026-01-18 20:42:19.454,22.37745799723791,11.25960147527394,5.425826975109885,7.982134517829763,3.962044952053475,4.333064533619108
2026-01-18 20:42:20.483,22.37745799723791,11.269072327365848,5.426616714534248,7.9818975960024545,3.964098274556818,4.3365393870863045
2026-01-18 20:42:21.510,22.37745799723791,11.271440040388825,5.426616714534248,7.982055543887327,3.963229561190019,4.338355787762339
2026-01-18 20:42:22.536,22.384753531066167,11.262758425971242,5.426537740591812,7.980634012923474,3.9624398217656562,4.341435771517354
2026-01-18 20:42:23.563,22.384753531066167,11.269072327365848,5.426537740591812,7.9824504135995085,3.9633085351324553,4.343962937675315
2026-01-18 20:42:24.589,22.384753531066167,11.264336901319894,5.4270905581888655,7.982608361484381,3.963229561190019,4.34554241652404
2026-01-18 20:42:25.614,22.37745799723791,11.258812237599614,5.427327480016174,7.981186830520528,3.96236084782322,4.348701374221491
2026-01-18 20:42:26.641,22.384753531066167,11.243816721787425,5.427327480016174,7.982292465714636,3.963466483017328,4.351386488264325
2026-01-18 20:42:27.669,22.384753531066167,11.282489367829385,5.427169532131302,7.982134517829763,3.9655987794631073,4.353439810767668
2026-01-18 20:42:28.695,22.384753531066167,11.26670461434287,5.427406453958611,7.982608361484381,3.9622818738807837,4.357704403659227
2026-01-18 20:42:29.720,22.384753531066167,11.250919860856357,5.4276433757859195,7.981739648117582,3.9631505872475827,4.359599778277698
2026-01-18 20:42:30.746,22.392049064894536,11.299063358990225,5.428038245498101,7.983003231196562,3.9622028999383474,4.360863361356678
2026-01-18 20:42:31.775,22.384753531066167,11.263547663645568,5.427564401843483,7.982292465714636,3.965203909750926,4.363311553572203
2026-01-18 20:42:32.801,22.392049064894536,11.258812237599614,5.427880297613228,7.981502726290273,3.9619659781110386,4.367576146463762
2026-01-18 20:42:33.829,22.392049064894536,11.25407681155366,5.428670037037591,7.981818622060018,3.9655987794631073,4.368760755600306
2026-01-18 20:42:34.856,22.392049064894536,11.267493852017196,5.428117219440537,7.980555038981038,3.9631505872475827,4.371050999930958
2026-01-18 20:42:35.885,22.392049064894536,11.269072327365848,5.428433115210282,7.981818622060018,3.963545456959764,4.373657140031355
2026-01-18 20:42:36.909,22.384753531066167,11.261969188296916,5.428354141267846,7.982292465714636,3.9622818738807837,4.378158654750223
2026-01-18 20:42:37.939,22.392049064894536,11.243816721787425,5.429143880692209,7.982529387541945,3.9622818738807837,4.378158654750223
2026-01-18 20:42:38.970,22.392049064894536,11.232767394346865,5.429222854634645,7.982608361484381,3.9624398217656562,4.381554534274983
2026-01-18 20:42:39.999,22.392049064894536,11.27222927806315,5.428670037037591,7.9824504135995085,3.963229561190019,4.384397596202689
2026-01-18 20:42:41.028,22.392049064894536,11.269861565040173,5.429380802519518,7.981739648117582,3.9625187957080925,4.386529892648468
2026-01-18 20:42:42.053,22.384753531066167,11.274596991086128,5.429143880692209,7.98284528331169,3.9631505872475827,4.387872449669885
2026-01-18 20:42:43.081,22.392049064894536,11.268283089691522,5.430091568001444,7.982687335426817,3.962044952053475,4.3909524334249
2026-01-18 20:42:44.109,22.39934459872285,11.269072327365848,5.430091568001444,7.981818622060018,3.963466483017328,4.3953749742013315
2026-01-18 20:42:45.138,22.39934459872285,11.284067843178036,5.430091568001444,7.981581700232709,3.962123925995911,4.395848817855949
2026-01-18 20:42:46.166,22.39934459872285,11.269861565040173,5.430644385598498,7.982687335426817,3.963229561190019,4.398928801610964
2026-01-18 20:42:47.193,22.39934459872285,11.262758425971242,5.4299336201165715,7.982766309369254,3.9651249358084897,4.401219045941616
2026-01-18 20:42:48.223,22.392049064894536,11.260390712948265,5.430565411656062,7.981818622060018,3.964335196384127,4.403509290272268
2026-01-18 20:42:49.249,22.39934459872285,11.263547663645568,5.430881307425807,7.983082205138999,3.964098274556818,4.406036456430229
2026-01-18 20:42:50.276,22.39934459872285,11.269861565040173,5.430328489828753,7.981818622060018,3.9618870041686023,4.408800544415499
2026-01-18 20:42:51.302,22.39934459872285,11.261969188296916,5.431039255310679,7.981265804462964,3.9619659781110386,4.411169762688587
2026-01-18 20:42:52.330,22.39934459872285,11.23197815667254,5.430881307425807,7.9818975960024545,3.964651092153872,4.414091798558729
2026-01-18 20:42:53.355,22.392049064894536,11.26512613899422,5.431118229253116,7.982134517829763,3.96299263936271,4.41661896471669
2026-01-18 20:42:54.381,22.392049064894536,11.291170982246967,5.431197203195552,7.9822134917722,3.9642562224416906,4.418435365392725
2026-01-18 20:42:55.408,22.39934459872285,11.265915376668545,5.431750020792606,7.982055543887327,3.9618870041686023,4.42277893222672
2026-01-18 20:42:56.435,22.392049064894536,11.26670461434287,5.4319079686774785,7.982924257254126,3.9622818738807837,4.424200463190573
2026-01-18 20:42:57.463,22.39934459872285,11.26512613899422,5.431750020792606,7.98284528331169,3.962123925995911,4.429096847621622
2026-01-18 20:42:58.489,22.39934459872285,11.262758425971242,5.431828994735042,7.982766309369254,3.9651249358084897,4.4286230039670045
2026-01-18 20:42:59.516,22.39934459872285,11.2706508027145,5.431986942619915,7.982766309369254,3.9651249358084897,4.432097857434201
2026-01-18 20:43:00.545,22.39934459872285,11.256444524576636,5.432144890504787,7.981265804462964,3.9616500823412935,4.43359836234049
2026-01-18 20:43:01.573,22.39934459872285,11.264336901319894,5.432618734159405,7.981502726290273,3.9625187957080925,4.436046554556015
2026-01-18 20:43:02.599,22.39934459872285,11.260390712948265,5.432539760216969,7.982529387541945,3.961808030226166,4.438810642541284
2026-01-18 20:43:03.626,22.392049064894536,11.280121654806408,5.431986942619915,7.9833191269663075,3.964888013981181,4.441574730526554
2026-01-18 20:43:04.652,22.39934459872285,11.269072327365848,5.433171551756459,7.981423752347837,3.9616500823412935,4.44378600091477
2026-01-18 20:43:05.681,22.39934459872285,11.249341385507705,5.433092577814023,7.981423752347837,3.9652828836933622,4.447576750151711
2026-01-18 20:43:06.707,22.40664013255116,11.2706508027145,5.432855655986714,7.982608361484381,3.964888013981181,4.448761359288255
2026-01-18 20:43:07.733,22.39934459872285,11.253287573879334,5.432618734159405,7.982608361484381,3.9618870041686023,4.45120955150378
2026-01-18 20:43:08.759,22.40664013255116,11.24855214783338,5.43293462992915,7.9818975960024545,3.9627557175354013,4.4542105613163585
2026-01-18 20:43:09.787,22.413935666379473,11.23750282039282,5.433645395411077,7.983161179081435,3.962913665420274,4.455790040165084
2026-01-18 20:43:10.813,22.40664013255116,11.269072327365848,5.4333294996413315,7.9818975960024545,3.9624398217656562,4.459106945747408
2026-01-18 20:43:11.840,22.39934459872285,11.27775394178343,5.433803343295949,7.983635022736053,3.961808030226166,4.461081294308315
2026-01-18 20:43:12.867,22.39934459872285,11.254866049227985,5.433882317238385,7.983003231196562,3.965203909750926,4.463213590754094
2026-01-18 20:43:13.894,22.39934459872285,11.257233762250962,5.434040265123258,7.98347707485118,3.9617290562837297,4.465661782969619
2026-01-18 20:43:14.920,22.40664013255116,11.263547663645568,5.434356160893003,7.982371439657072,3.964651092153872,4.46945253220656
2026-01-18 20:43:15.945,22.40664013255116,11.258812237599614,5.434119239065694,7.981186830520528,3.9619659781110386,4.472295594134266
2026-01-18 20:43:16.973,22.39934459872285,11.280910892480733,5.434593082720312,7.9824504135995085,3.964019300614382,4.474585838464918
2026-01-18 20:43:18.000,22.40664013255116,11.301431072013202,5.434435134835439,7.982292465714636,3.9628346914778376,4.477034030680443
2026-01-18 20:43:19.027,22.40664013255116,11.268283089691522,5.435303848202238,7.9822134917722,3.9645721182114357,4.478534535586732
2026-01-18 20:43:20.052,22.40664013255116,11.269072327365848,5.434672056662748,7.981976569944891,3.961808030226166,4.481535545399311
2026-01-18 20:43:21.077,22.40664013255116,11.285646318526688,5.435461796087111,7.981818622060018,3.96299263936271,4.4831939981904725
2026-01-18 20:43:22.107,22.40664013255116,11.26512613899422,5.434830004547621,7.9818975960024545,3.963545456959764,4.4860370601181785
2026-01-18 20:43:23.133,22.40664013255116,11.25407681155366,5.43569871791442,7.981581700232709,3.9613341865715483,4.490222679067301
2026-01-18 20:43:24.162,22.40664013255116,11.262758425971242,5.435303848202238,7.981423752347837,3.9622028999383474,4.491802157916027
2026-01-18 20:43:25.194,22.40664013255116,11.249341385507705,5.435856665799292,7.9824504135995085,3.961492134456421,4.493618558592061
2026-01-18 20:43:26.226,22.40664013255116,11.271440040388825,5.4361725615690375,7.981739648117582,3.9639403266719455,4.496066750807586
2026-01-18 20:43:27.252,22.39934459872285,11.249341385507705,5.436093587626601,7.981818622060018,3.9616500823412935,4.498356995138238
2026-01-18 20:43:28.279,22.39934459872285,11.276175466434779,5.43569871791442,7.9810288826356555,3.962913665420274,4.5036482492814685
2026-01-18 20:43:29.308,22.40664013255116,11.269072327365848,5.436093587626601,7.981107856578092,3.963782378787073,4.503885171108777
2026-01-18 20:43:30.335,22.413935666379473,11.271440040388825,5.436488457338783,7.982608361484381,3.964651092153872,4.507991816115464
2026-01-18 20:43:31.364,22.39934459872285,11.284067843178036,5.436251535511474,7.981344778405401,3.962597769650529,4.510282060446116
2026-01-18 20:43:32.396,22.40664013255116,11.26512613899422,5.436646405223655,7.982687335426817,3.961492134456421,4.51209846112215
2026-01-18 20:43:33.425,22.40664013255116,11.235924345044168,5.436646405223655,7.981423752347837,3.9614131605139846,4.513283070258694
2026-01-18 20:43:34.453,22.40664013255116,11.276175466434779,5.4370412749358366,7.982134517829763,3.9622818738807837,4.517942532862435
2026-01-18 20:43:35.480,22.40664013255116,11.26670461434287,5.436646405223655,7.983161179081435,3.9617290562837297,4.518811246229234
2026-01-18 20:43:36.506,22.40664013255116,11.258812237599614,5.437752040417763,7.9818975960024545,3.9614131605139846,4.521417386329631
2026-01-18 20:43:37.535,22.413935666379473,11.264336901319894,5.436883327050964,7.981976569944891,3.9633875090748916,4.523786604602719
2026-01-18 20:43:38.563,22.40664013255116,11.258812237599614,5.437673066475327,7.981976569944891,3.9613341865715483,4.52694556230017
2026-01-18 20:43:39.591,22.413935666379473,11.271440040388825,5.438067936187508,7.9822134917722,3.963466483017328,4.528051197494278
2026-01-18 20:43:40.619,22.40664013255116,11.244605959461751,5.437831014360199,7.982608361484381,3.9617290562837297,4.5315260509614745
2026-01-18 20:43:41.650,22.40664013255116,11.269861565040173,5.438225884072381,7.981976569944891,3.9622028999383474,4.533974243176999
2026-01-18 20:43:42.674,22.40664013255116,11.25013062318203,5.43846280589969,7.982371439657072,3.961255212629112,4.537686018471504
2026-01-18 20:43:43.700,22.40664013255116,11.265915376668545,5.438620753784562,7.983003231196562,3.9622818738807837,4.539976262802156
2026-01-18 20:43:44.727,22.413935666379473,11.30537726038483,5.4390156234967435,7.982134517829763,3.9628346914778376,4.542424455017681
2026-01-18 20:43:45.755,22.40664013255116,11.258022999925288,5.438620753784562,7.9818975960024545,3.9638613527295092,4.544793673290769
2026-01-18 20:43:46.783,22.40664013255116,11.265915376668545,5.438857675611871,7.981818622060018,3.962597769650529,4.548900318297456
2026-01-18 20:43:47.810,22.413935666379473,11.25407681155366,5.438936649554307,7.9822134917722,3.9644931442689995,4.548900318297456
2026-01-18 20:43:48.837,22.40664013255116,11.265915376668545,5.438620753784562,7.982292465714636,3.961571108398857,4.551269536570544
2026-01-18 20:43:49.865,22.413935666379473,11.268283089691522,5.43909459743918,7.982766309369254,3.9628346914778376,4.554191572440686
2026-01-18 20:43:50.891,22.413935666379473,11.269861565040173,5.439331519266489,7.982134517829763,3.9642562224416906,4.556481816771338
2026-01-18 20:43:51.918,22.40664013255116,11.284067843178036,5.439647415036234,7.981344778405401,3.962597769650529,4.5590879568717355
2026-01-18 20:43:52.945,22.40664013255116,11.256444524576636,5.4395684410937974,7.982134517829763,3.962044952053475,4.561220253317515
2026-01-18 20:43:53.971,22.413935666379473,11.258022999925288,5.439805362921106,7.982134517829763,3.9624398217656562,4.563510497648167
2026-01-18 20:43:54.995,22.413935666379473,11.234345869695517,5.439963310805979,7.981818622060018,3.9650459618660534,4.566116637748564
2026-01-18 20:43:56.022,22.40664013255116,11.246973672484728,5.439884336863543,7.981660674175146,3.9652828836933622,4.5690386736187065
2026-01-18 20:43:57.049,22.413935666379473,11.241449008764448,5.440042284748415,7.981976569944891,3.9627557175354013,4.570697126409868
2026-01-18 20:43:58.074,22.413935666379473,11.26117995062259,5.440279206575724,7.982055543887327,3.9622818738807837,4.574014031992192
2026-01-18 20:43:59.101,22.413935666379473,11.252498336205008,5.440753050230342,7.982766309369254,3.9650459618660534,4.576067354495535
2026-01-18 20:44:00.129,22.413935666379473,11.275386228760453,5.440674076287905,7.980791960808347,3.9628346914778376,4.580489895271967
2026-01-18 20:44:01.157,22.413935666379473,11.246184434810402,5.440910998115214,7.981739648117582,3.9619659781110386,4.581595530466075
2026-01-18 20:44:02.183,22.413935666379473,11.276964704109105,5.440832024172778,7.983635022736053,3.963229561190019,4.584754488163526
2026-01-18 20:44:03.209,22.421231200207785,11.26117995062259,5.441068946000087,7.981186830520528,3.962597769650529,4.586176019127379
2026-01-18 20:44:04.236,22.413935666379473,11.276964704109105,5.440910998115214,7.981739648117582,3.9651249358084897,4.588782159227776
2026-01-18 20:44:05.263,22.421231200207785,11.253287573879334,5.441463815712268,7.981502726290273,3.961808030226166,4.5923359866374085
2026-01-18 20:44:06.292,22.421231200207785,11.250919860856357,5.440910998115214,7.981502726290273,3.9619659781110386,4.593520595773953
2026-01-18 20:44:07.317,22.421231200207785,11.256444524576636,5.441542789654704,7.982608361484381,3.9627557175354013,4.596521605586531
2026-01-18 20:44:08.345,22.413935666379473,11.279332417132082,5.441305867827396,7.9838719445633615,3.965519805520671,4.598732875974747
2026-01-18 20:44:09.371,22.413935666379473,11.261969188296916,5.4418586854244495,7.982924257254126,3.96299263936271,4.600707224535654
2026-01-18 20:44:10.399,22.421231200207785,11.26117995062259,5.441700737539577,7.9822134917722,3.9619659781110386,4.603866182233105
2026-01-18 20:44:11.424,22.421231200207785,11.273018515737476,5.442648424848812,7.98284528331169,3.9622818738807837,4.607262061757865
2026-01-18 20:44:12.454,22.421231200207785,11.269861565040173,5.442806372733685,7.981818622060018,3.962913665420274,4.608604618779282
2026-01-18 20:44:13.484,22.413935666379473,11.262758425971242,5.4424115030215034,7.981739648117582,3.963229561190019,4.6108158891674975
2026-01-18 20:44:14.512,22.413935666379473,11.242238246438774,5.443043294560994,7.982608361484381,3.9622028999383474,4.613895872922512
2026-01-18 20:44:15.539,22.413935666379473,11.306166498059156,5.443043294560994,7.9822134917722,3.9630716133051465,4.615791247540983
2026-01-18 20:44:16.569,22.421231200207785,11.246184434810402,5.442648424848812,7.982055543887327,3.9628346914778376,4.618634309468689
2026-01-18 20:44:17.595,22.421231200207785,11.26670461434287,5.44312226850343,7.982766309369254,3.962676743592965,4.623530693899738
2026-01-18 20:44:18.625,22.421231200207785,11.25407681155366,5.4432802163883025,7.983003231196562,3.9622028999383474,4.625110172748464
2026-01-18 20:44:19.656,22.421231200207785,11.268283089691522,5.443675086100484,7.981502726290273,3.9650459618660534,4.6255840164030815
2026-01-18 20:44:20.683,22.428526734036154,11.295906408292922,5.443675086100484,7.98284528331169,3.962123925995911,4.630954244488748
2026-01-18 20:44:21.712,22.421231200207785,11.25565528690231,5.443596112158048,7.9822134917722,3.9627557175354013,4.630559374776567
2026-01-18 20:44:22.735,22.428526734036154,11.26670461434287,5.443990981870229,7.981423752347837,3.965440831578235,4.6332444888194
2026-01-18 20:44:23.761,22.421231200207785,11.26117995062259,5.444306877639974,7.983398100908744,3.962123925995911,4.637193185941214
2026-01-18 20:44:24.789,22.421231200207785,11.230399681323888,5.4438330339853565,7.983556048793616,3.962044952053475,4.639088560559685
2026-01-18 20:44:25.816,22.421231200207785,11.258812237599614,5.444543799467283,7.981976569944891,3.963545456959764,4.641378804890337
2026-01-18 20:44:26.842,22.421231200207785,11.25565528690231,5.444306877639974,7.982055543887327,3.9628346914778376,4.6449326322999696
2026-01-18 20:44:27.869,22.428526734036154,11.275386228760453,5.444227903697538,7.981107856578092,3.962123925995911,4.646512111148695
2026-01-18 20:44:28.897,22.421231200207785,11.276175466434779,5.444938669179464,7.982608361484381,3.9631505872475827,4.649986964615891
2026-01-18 20:44:29.926,22.428526734036154,11.242238246438774,5.444859695237028,7.9818975960024545,3.9630716133051465,4.651645417407053
2026-01-18 20:44:30.953,22.421231200207785,11.243816721787425,5.445175591006773,7.9818975960024545,3.9622028999383474,4.654883349046941
2026-01-18 20:44:31.981,22.421231200207785,11.25960147527394,5.444938669179464,7.982529387541945,3.96236084782322,4.657331541262465
2026-01-18 20:44:33.014,22.421231200207785,11.235924345044168,5.445491486776518,7.981660674175146,3.9636244309022004,4.659937681362862
2026-01-18 20:44:34.048,22.421231200207785,11.26670461434287,5.445333538891646,7.9824504135995085,3.9633085351324553,4.661596134154024
2026-01-18 20:44:35.076,22.428526734036154,11.243816721787425,5.445491486776518,7.981739648117582,3.9639403266719455,4.663491508772495
2026-01-18 20:44:36.105,22.428526734036154,11.240659771090122,5.446281226200881,7.983635022736053,3.9618870041686023,4.666966362239691
2026-01-18 20:44:37.130,22.428526734036154,11.26512613899422,5.445807382546263,7.981818622060018,3.9627557175354013,4.669730450224961
2026-01-18 20:44:38.154,22.428526734036154,11.267493852017196,5.445965330431136,7.982055543887327,3.963545456959764,4.672652486095103
2026-01-18 20:44:39.182,22.428526734036154,11.235924345044168,5.4458863564887,7.983003231196562,3.9617290562837297,4.673679147346775
2026-01-18 20:44:40.213,22.421231200207785,11.246973672484728,5.446281226200881,7.981107856578092,3.963545456959764,4.676917078986662
2026-01-18 20:44:41.242,22.428526734036154,11.263547663645568,5.446913017740371,7.9824504135995085,3.965203909750926,4.679681166971932
2026-01-18 20:44:42.269,22.428526734036154,11.262758425971242,5.4466760959130625,7.981818622060018,3.963782378787073,4.681339619763094
2026-01-18 20:44:43.297,22.428526734036154,11.257233762250962,5.4466760959130625,7.982924257254126,3.961571108398857,4.684735499287854
2026-01-18 20:44:44.325,22.43582226786441,11.250919860856357,5.447465835337425,7.980949908693219,3.962676743592965,4.68757856121556
2026-01-18 20:44:45.349,22.428526734036154,11.26670461434287,5.446755069855499,7.9818975960024545,3.96236084782322,4.688921118236976
2026-01-18 20:44:46.378,22.428526734036154,11.246973672484728,5.44714993956768,7.982292465714636,3.9638613527295092,4.6909744407403196
2026-01-18 20:44:47.407,22.428526734036154,11.260390712948265,5.447228913510116,7.981976569944891,3.9617290562837297,4.694133398437771
2026-01-18 20:44:48.433,22.43582226786441,11.235135107369842,5.4475448092798615,7.98284528331169,3.9619659781110386,4.697292356135222
2026-01-18 20:44:49.460,22.428526734036154,11.224085779929283,5.447465835337425,7.982292465714636,3.9624398217656562,4.699345678638565
2026-01-18 20:44:50.484,22.43582226786441,11.260390712948265,5.448334548704224,7.982608361484381,3.961571108398857,4.703847193357433
2026-01-18 20:44:51.512,22.43582226786441,11.260390712948265,5.447702757164734,7.982134517829763,3.962597769650529,4.7034523236452515
2026-01-18 20:44:52.543,22.43582226786441,11.252498336205008,5.448492496589097,7.981344778405401,3.9622818738807837,4.708901525673355
2026-01-18 20:44:53.598,22.43582226786441,11.284857080852362,5.4480976268769155,7.982924257254126,3.961492134456421,4.710875874234262
2026-01-18 20:44:54.624,22.43582226786441,11.244605959461751,5.4480976268769155,7.981976569944891,3.9636244309022004,4.71261330096786
2026-01-18 20:44:55.650,22.43582226786441,11.252498336205008,5.448492496589097,7.982687335426817,3.9625187957080925,4.7148245713560755
2026-01-18 20:44:56.675,22.43582226786441,11.239081295741471,5.449203262071023,7.981581700232709,3.961571108398857,4.71790455511109
2026-01-18 20:44:57.702,22.428526734036154,11.26117995062259,5.448650444473969,7.98284528331169,3.961571108398857,4.72003685155687
2026-01-18 20:44:58.732,22.43582226786441,11.26117995062259,5.448808392358842,7.982371439657072,3.961571108398857,4.723195809254321
2026-01-18 20:44:59.760,22.43582226786441,11.271440040388825,5.44928223601346,7.982292465714636,3.962597769650529,4.725565027527409
2026-01-18 20:45:00.785,22.43582226786441,11.26512613899422,5.449677105725641,7.982766309369254,3.9617290562837297,4.726591688779081
2026-01-18 20:45:01.810,22.43582226786441,11.257233762250962,5.449361209955896,7.9822134917722,3.961571108398857,4.7284870633975515
2026-01-18 20:45:02.838,22.43582226786441,11.25013062318203,5.449361209955896,7.9810288826356555,3.961571108398857,4.732198838692057
2026-01-18 20:45:03.865,22.43582226786441,11.262758425971242,5.449440183898332,7.981265804462964,3.9622028999383474,4.73551574427438
2026-01-18 20:45:04.896,22.44311780169278,11.276964704109105,5.44991402755295,7.980870934750783,3.9610972647442395,4.736779327353361
2026-01-18 20:45:05.924,22.43582226786441,11.291170982246967,5.449756079668077,7.983082205138999,3.962597769650529,4.73954341533863
2026-01-18 20:45:06.955,22.43582226786441,11.25960147527394,5.450308897265131,7.981739648117582,3.9622028999383474,4.741991607554155
2026-01-18 20:45:07.983,22.43582226786441,11.250919860856357,5.449993001495386,7.981581700232709,3.9627557175354013,4.744202877942371
2026-01-18 20:45:09.013,22.43582226786441,11.302220309687527,5.450466845150004,7.982134517829763,3.961492134456421,4.747677731409567
2026-01-18 20:45:10.042,22.43582226786441,11.264336901319894,5.450703766977313,7.982371439657072,3.962597769650529,4.7494941320856014
2026-01-18 20:45:11.072,22.43582226786441,11.235135107369842,5.450861714862185,7.9824504135995085,3.964019300614382,4.752653089783053
2026-01-18 20:45:12.098,22.43582226786441,11.264336901319894,5.450703766977313,7.982055543887327,3.9610972647442395,4.7551802559410135
2026-01-18 20:45:13.124,22.43582226786441,11.258812237599614,5.451098636689494,7.981976569944891,3.9624398217656562,4.757865369983847
2026-01-18 20:45:14.150,22.43582226786441,11.23197815667254,5.451493506401675,7.982055543887327,3.9631505872475827,4.7603135621993715
2026-01-18 20:45:15.175,22.43582226786441,11.265915376668545,5.451256584574367,7.982766309369254,3.961808030226166,4.761419197393479
2026-01-18 20:45:16.206,22.44311780169278,11.258812237599614,5.451651454286548,7.982371439657072,3.964966987923617,4.7665525036518375
2026-01-18 20:45:17.233,22.44311780169278,11.251709098530682,5.452204271883602,7.981423752347837,3.96236084782322,4.767026347306455
2026-01-18 20:45:18.262,22.43582226786441,11.25565528690231,5.452046323998729,7.981976569944891,3.9624398217656562,4.76947453952198
2026-01-18 20:45:19.289,22.428526734036154,11.2430274841131,5.452283245826038,7.982766309369254,3.9638613527295092,4.773976054240848
2026-01-18 20:45:20.320,22.43582226786441,11.258812237599614,5.452283245826038,7.981818622060018,3.9614131605139846,4.7745288718379015
2026-01-18 20:45:21.350,22.43582226786441,11.243816721787425,5.4518094021714205,7.982608361484381,3.962123925995911,4.776740142226117
2026-01-18 20:45:22.378,22.428526734036154,11.267493852017196,5.452757089480656,7.981818622060018,3.964651092153872,4.781320630887421
2026-01-18 20:45:23.406,22.43582226786441,11.271440040388825,5.4523622197684745,7.9822134917722,3.964414170326563,4.782031396369348
2026-01-18 20:45:24.444,22.44311780169278,11.235135107369842,5.45267811553822,7.9818975960024545,3.961492134456421,4.785269328009235
2026-01-18 20:45:25.470,22.43582226786441,11.286435556201013,5.452994011307965,7.982371439657072,3.9624398217656562,4.78771752022476
2026-01-18 20:45:26.500,22.44311780169278,11.269861565040173,5.453467854962582,7.983003231196562,3.9614131605139846,4.791508269461701
2026-01-18 20:45:27.528,22.43582226786441,11.302220309687527,5.453072985250401,7.982924257254126,3.964651092153872,4.7921400610011915
2026-01-18 20:45:28.556,22.43582226786441,11.252498336205008,5.453862724674764,7.981818622060018,3.96236084782322,4.796009784180569
2026-01-18 20:45:29.585,22.43582226786441,11.254866049227985,5.453388881020146,7.9822134917722,3.962044952053475,4.797747210914167
2026-01-18 20:45:30.611,22.44311780169278,11.265915376668545,5.453625802847455,7.982134517829763,3.962597769650529,4.7998005334175105
2026-01-18 20:45:31.638,22.43582226786441,11.268283089691522,5.453704776789891,7.983398100908744,3.9618870041686023,4.802801543230089
2026-01-18 20:45:32.668,22.43582226786441,11.25960147527394,5.454415542271818,7.982529387541945,3.9625187957080925,4.807224084006521
2026-01-18 20:45:33.698,22.44311780169278,11.273807753411802,5.454336568329381,7.9833191269663075,3.9622028999383474,4.807461005833829
2026-01-18 20:45:34.728,22.43582226786441,11.298274121315899,5.454415542271818,7.982608361484381,3.960939316859367,4.811883546610261
2026-01-18 20:45:35.754,22.43582226786441,11.269861565040173,5.4546524640991265,7.981265804462964,3.9613341865715483,4.813699947286295
2026-01-18 20:45:36.785,22.43582226786441,11.254866049227985,5.454731438041563,7.982687335426817,3.9638613527295092,4.815674295847202
2026-01-18 20:45:37.811,22.44311780169278,11.251709098530682,5.4546524640991265,7.981976569944891,3.9607813689744944,4.8174117225808
2026-01-18 20:45:38.841,22.43582226786441,11.291170982246967,5.45457349015669,7.98284528331169,3.9614131605139846,4.819780940853889
2026-01-18 20:45:39.866,22.43582226786441,11.25407681155366,5.455363229581053,7.981660674175146,3.9607813689744944,4.822150159126977
2026-01-18 20:45:40.902,22.428526734036154,11.312480399453761,5.454968359868872,7.981581700232709,3.960702395032058,4.826414752018536
2026-01-18 20:45:41.931,22.43582226786441,11.271440040388825,5.455047333811308,7.982687335426817,3.962123925995911,4.827441413270208
2026-01-18 20:45:42.958,22.44311780169278,11.315637350151064,5.455284255638617,7.981818622060018,3.9610182908018032,4.831863954046639
2026-01-18 20:45:43.985,22.43582226786441,11.265915376668545,5.455442203523489,7.982055543887327,3.9618870041686023,4.834943937801654
2026-01-18 20:45:45.010,22.44311780169278,11.287224793875339,5.455679125350798,7.982687335426817,3.960702395032058,4.83715520818987
2026-01-18 20:45:46.037,22.43582226786441,11.314848112476739,5.455679125350798,7.982371439657072,3.962597769650529,4.837313156074742
2026-01-18 20:45:47.065,22.43582226786441,11.258812237599614,5.455995021120543,7.9822134917722,3.960702395032058,4.8396034004053945
2026-01-18 20:45:48.092,22.43582226786441,11.274596991086128,5.457021682372215,7.9824504135995085,3.9617290562837297,4.842841332045282
2026-01-18 20:45:49.121,22.43582226786441,11.269072327365848,5.456547838717597,7.984424762160415,3.960386499262313,4.844262863009135
2026-01-18 20:45:50.147,22.43582226786441,11.26512613899422,5.45670578660247,7.982687335426817,3.9613341865715483,4.84797463830364
2026-01-18 20:45:51.177,22.43582226786441,11.246973672484728,5.456389890832725,7.9822134917722,3.960702395032058,4.85200230936789
2026-01-18 20:45:52.203,22.43582226786441,11.301431072013202,5.456784760544906,7.9833191269663075,3.963782378787073,4.852555126964944
2026-01-18 20:45:53.229,22.43582226786441,11.293538695269945,5.457100656314651,7.982371439657072,3.960623421089622,4.856345876201885
2026-01-18 20:45:54.261,22.43582226786441,11.275386228760453,5.4566268126600335,7.9818975960024545,3.9610972647442395,4.858952016302283
2026-01-18 20:45:55.292,22.43582226786441,11.26670461434287,5.457258604199524,7.9824504135995085,3.960702395032058,4.859662781784209
2026-01-18 20:45:56.323,22.43582226786441,11.25565528690231,5.457732447854141,7.981581700232709,3.9613341865715483,4.864559166215258
2026-01-18 20:45:57.349,22.43582226786441,11.253287573879334,5.457179630257087,7.981344778405401,3.963782378787073,4.865506853524494
2026-01-18 20:45:58.378,22.428526734036154,11.25960147527394,5.458285265451195,7.981818622060018,3.9610972647442395,4.866533514776165
2026-01-18 20:45:59.406,22.43582226786441,11.245395197136077,5.4580483436238865,7.981976569944891,3.9610972647442395,4.87237758651645
2026-01-18 20:46:00.436,22.43582226786441,11.275386228760453,5.458285265451195,7.981423752347837,3.960149577435004,4.871982716804268
2026-01-18 20:46:01.462,22.428526734036154,11.279332417132082,5.45796936968145,7.982371439657072,3.96299263936271,4.875062700559283
2026-01-18 20:46:02.489,22.43582226786441,11.276175466434779,5.457732447854141,7.981581700232709,3.961176238686676,4.878379606141607
2026-01-18 20:46:03.517,22.43582226786441,11.271440040388825,5.458680135163377,7.981581700232709,3.96236084782322,4.880274980760078
2026-01-18 20:46:04.543,22.43582226786441,11.25960147527394,5.4580483436238865,7.9818975960024545,3.9599916295501316,4.8822493293209845
2026-01-18 20:46:05.570,22.43582226786441,11.280121654806408,5.45860116122094,7.982292465714636,3.960149577435004,4.888172375003705
2026-01-18 20:46:06.602,22.428526734036154,11.280121654806408,5.4589170569906855,7.982529387541945,3.962913665420274,4.888093401061269
2026-01-18 20:46:07.630,22.428526734036154,11.273807753411802,5.458680135163377,7.981186830520528,3.961571108398857,4.8933056812620634
2026-01-18 20:46:08.661,22.43582226786441,11.26117995062259,5.459232952760431,7.9810288826356555,3.9604654732047493,4.893700550974245
2026-01-18 20:46:09.688,22.43582226786441,11.275386228760453,5.4594698745877395,7.982371439657072,3.961255212629112,4.896227717132206
2026-01-18 20:46:10.714,22.43582226786441,11.25407681155366,5.4589170569906855,7.981502726290273,3.960070603492568,4.898754883290167
2026-01-18 20:46:11.744,22.428526734036154,11.273018515737476,5.459864744299921,7.981581700232709,3.96299263936271,4.9004133360813285
2026-01-18 20:46:12.771,22.428526734036154,11.25407681155366,5.459075004875558,7.983240153023871,3.9610182908018032,4.903098450124162
2026-01-18 20:46:13.802,22.428526734036154,11.269072327365848,5.4594698745877395,7.982687335426817,3.9622028999383474,4.9055466423396865
2026-01-18 20:46:14.827,22.428526734036154,11.279332417132082,5.459706796415048,7.98284528331169,3.9605444471471856,4.909021495806883
2026-01-18 20:46:15.853,22.421231200207785,11.275386228760453,5.460022692184793,7.982055543887327,3.9608603429169307,4.910837896482917
2026-01-18 20:46:16.879,22.428526734036154,11.27775394178343,5.460417561896975,7.982292465714636,3.9602285513774405,4.912338401389206
2026-01-18 20:46:17.905,22.428526734036154,11.258812237599614,5.460654483724284,7.983398100908744,3.962913665420274,4.915102489374476
2026-01-18 20:46:18.931,22.428526734036154,11.251709098530682,5.460259614012102,7.9822134917722,3.960702395032058,4.917155811877819
2026-01-18 20:46:19.956,22.421231200207785,11.243816721787425,5.460496535839411,7.982055543887327,3.961176238686676,4.9203147695752705
2026-01-18 20:46:20.989,22.428526734036154,11.275386228760453,5.461049353436465,7.981344778405401,3.9630716133051465,4.922920909675668
2026-01-18 20:46:22.017,22.421231200207785,11.268283089691522,5.46073345766672,7.981107856578092,3.959833681665259,4.924816284294138
2026-01-18 20:46:23.047,22.421231200207785,11.267493852017196,5.461523197091083,7.983003231196562,3.9596757337803865,4.92860703353108
2026-01-18 20:46:24.077,22.428526734036154,11.281700130155059,5.461207301321338,7.9818975960024545,3.9614131605139846,4.930107538437369
2026-01-18 20:46:25.107,22.428526734036154,11.257233762250962,5.461839092860828,7.981818622060018,3.9595967598379502,4.932871626422639
2026-01-18 20:46:26.135,22.421231200207785,11.275386228760453,5.4619970407457,7.981976569944891,3.962123925995911,4.935793662292781
2026-01-18 20:46:27.165,22.428526734036154,11.25565528690231,5.461839092860828,7.982371439657072,3.959280864068205,4.939031593932668
2026-01-18 20:46:28.193,22.428526734036154,11.25407681155366,5.461918066803264,7.983161179081435,3.960623421089622,4.941005942493575
2026-01-18 20:46:29.222,22.421231200207785,11.31090192410511,5.462076014688137,7.982292465714636,3.9593598380106414,4.9430592649969185
2026-01-18 20:46:30.252,22.421231200207785,11.280121654806408,5.462233962573009,7.981344778405401,3.9610972647442395,4.948587440967458
2026-01-18 20:46:31.277,22.421231200207785,11.276964704109105,5.462076014688137,7.981739648117582,3.9624398217656562,4.948587440967458
2026-01-18 20:46:32.305,22.421231200207785,11.252498336205008,5.462865754112499,7.9824504135995085,3.959201890125769,4.952931007801453
2026-01-18 20:46:33.334,22.421231200207785,11.269861565040173,5.462076014688137,7.9822134917722,3.959280864068205,4.9530099817438895
2026-01-18 20:46:34.362,22.421231200207785,11.25565528690231,5.462628832285191,7.9822134917722,3.9596757337803865,4.955458173959414
2026-01-18 20:46:35.392,22.413935666379473,11.2706508027145,5.463023701997372,7.982371439657072,3.9625187957080925,4.95830123588712
2026-01-18 20:46:36.419,22.421231200207785,11.271440040388825,5.462470884400318,7.982134517829763,3.959517785895514,4.961144297814826
2026-01-18 20:46:37.445,22.413935666379473,11.261969188296916,5.463102675939808,7.983082205138999,3.959201890125769,4.963197620318169
2026-01-18 20:46:38.472,22.413935666379473,11.280910892480733,5.462707806227627,7.981818622060018,3.959280864068205,4.966672473785366
2026-01-18 20:46:39.503,22.413935666379473,11.289592506898316,5.463102675939808,7.982134517829763,3.959833681665259,4.969041692058454
2026-01-18 20:46:40.534,22.413935666379473,11.258812237599614,5.463576519594426,7.982371439657072,3.960149577435004,4.9714898842739785
2026-01-18 20:46:41.565,22.413935666379473,11.310112686430784,5.46349754565199,7.982529387541945,3.9588070204135875,4.973622180719758
2026-01-18 20:46:42.591,22.421231200207785,11.25960147527394,5.4637344674792985,7.982687335426817,3.958728046471151,4.9765442165899
2026-01-18 20:46:43.622,22.413935666379473,11.288014031549665,5.463655493536862,7.981581700232709,3.9595967598379502,4.978992408805425
2026-01-18 20:46:44.649,22.413935666379473,11.264336901319894,5.463339597767117,7.981660674175146,3.960623421089622,4.9814406010209495
2026-01-18 20:46:45.675,22.413935666379473,11.28880326922399,5.46412933719148,7.982766309369254,3.9593598380106414,4.983651871409165
2026-01-18 20:46:46.701,22.413935666379473,11.263547663645568,5.463576519594426,7.981423752347837,3.9582542028165335,4.98610006362469
2026-01-18 20:46:47.734,22.40664013255116,11.250919860856357,5.46412933719148,7.981976569944891,3.9591229161833326,4.988469281897778
2026-01-18 20:46:48.762,22.40664013255116,11.25013062318203,5.464682154788534,7.983950918505798,3.9590439422408963,4.990680552285994
2026-01-18 20:46:49.789,22.39934459872285,11.258812237599614,5.464287285076352,7.981581700232709,3.959517785895514,4.993602588156136
2026-01-18 20:46:50.815,22.413935666379473,11.26512613899422,5.46476112873097,7.981739648117582,3.9599126556076953,4.996682571911151
2026-01-18 20:46:51.841,22.413935666379473,11.246973672484728,5.464919076615843,7.982371439657072,3.9593598380106414,4.998025128932568
2026-01-18 20:46:52.869,22.40664013255116,11.304588022710504,5.465077024500715,7.982529387541945,3.9584911246438423,5.0015789563422
2026-01-18 20:46:53.896,22.39934459872285,11.269861565040173,5.46539292027046,7.982529387541945,3.9593598380106414,5.002921513363617
2026-01-18 20:46:54.925,22.40664013255116,11.279332417132082,5.465313946328024,7.980634012923474,3.960939316859367,5.0067122626005585
2026-01-18 20:46:55.956,22.40664013255116,11.295906408292922,5.4651559984431515,7.982608361484381,3.9581752288740972,5.0105030118375
2026-01-18 20:46:56.986,22.40664013255116,11.276175466434779,5.465234972385588,7.981581700232709,3.95896496829846,5.011055829434554
2026-01-18 20:46:58.015,22.39934459872285,11.25407681155366,5.465629842097769,7.981502726290273,3.9580172809892247,5.013425047707642
2026-01-18 20:46:59.040,22.40664013255116,11.281700130155059,5.465629842097769,7.981660674175146,3.9605444471471856,5.01579426598073
2026-01-18 20:47:00.066,22.40664013255116,11.258022999925288,5.465787789982642,7.982924257254126,3.958412150701406,5.0180845103113825
2026-01-18 20:47:01.095,22.40664013255116,11.2430274841131,5.4665775294070045,7.980555038981038,3.95896496829846,5.021638337721015
2026-01-18 20:47:02.121,22.40664013255116,11.245395197136077,5.4665775294070045,7.981739648117582,3.9581752288740972,5.02258602503025
2026-01-18 20:47:03.150,22.39934459872285,11.268283089691522,5.466419581522132,7.982687335426817,3.9588859943560237,5.026218826382319
2026-01-18 20:47:04.178,22.39934459872285,11.258022999925288,5.466972399119186,7.982371439657072,3.9610182908018032,5.02811420100079
2026-01-18 20:47:05.209,22.40664013255116,11.312480399453761,5.466498555464568,7.982055543887327,3.958412150701406,5.031352132640677
2026-01-18 20:47:06.239,22.39934459872285,11.269072327365848,5.46689342517675,7.9818975960024545,3.957859333104352,5.0351428818776185
2026-01-18 20:47:07.270,22.40664013255116,11.26512613899422,5.467367268831367,7.981186830520528,3.959201890125769,5.036959282553653
2026-01-18 20:47:08.299,22.39934459872285,11.308534211082133,5.467051373061622,7.983556048793616,3.9588070204135875,5.037827995920452
2026-01-18 20:47:09.326,22.39934459872285,11.25960147527394,5.467130347004058,7.980870934750783,3.957780359161916,5.040750031790594
2026-01-18 20:47:10.353,22.40664013255116,11.264336901319894,5.467604190658676,7.981502726290273,3.9577013852194796,5.04296130217881
2026-01-18 20:47:11.380,22.39934459872285,11.258022999925288,5.467604190658676,7.98347707485118,3.9584911246438423,5.045409494394335
2026-01-18 20:47:12.406,22.39934459872285,11.2706508027145,5.467683164601112,7.980870934750783,3.957306515507298,5.047778712667423
2026-01-18 20:47:13.433,22.39934459872285,11.291170982246967,5.468078034313294,7.982608361484381,3.957543437334607,5.050937670364874
2026-01-18 20:47:14.460,22.39934459872285,11.292749457595619,5.467683164601112,7.9833191269663075,3.957780359161916,5.053938680177453
2026-01-18 20:47:15.488,22.39934459872285,11.26117995062259,5.4679990603708575,7.980949908693219,3.959833681665259,5.055755080853487
2026-01-18 20:47:16.514,22.392049064894536,11.265915376668545,5.4679990603708575,7.982292465714636,3.9594388119530777,5.058045325184139
2026-01-18 20:47:17.546,22.392049064894536,11.265915376668545,5.468472904025475,7.982608361484381,3.957306515507298,5.060414543457227
2026-01-18 20:47:18.576,22.392049064894536,11.26670461434287,5.46878879979522,7.981976569944891,3.958728046471151,5.064837084233659
2026-01-18 20:47:19.608,22.39934459872285,11.274596991086128,5.468314956140603,7.982687335426817,3.9577013852194796,5.066574510967257
2026-01-18 20:47:20.637,22.392049064894536,11.264336901319894,5.469104695564965,7.9824504135995085,3.9579383070467884,5.070444234146635
2026-01-18 20:47:21.662,22.392049064894536,11.23750282039282,5.4688677737376565,7.981976569944891,3.957227541564862,5.0712339735709975
2026-01-18 20:47:22.688,22.392049064894536,11.273018515737476,5.469183669507402,7.983161179081435,3.958649072528715,5.072971400304596
2026-01-18 20:47:23.717,22.392049064894536,11.27222927806315,5.469025721622529,7.982924257254126,3.9576224112770433,5.077393941081027
2026-01-18 20:47:24.747,22.392049064894536,11.295117170618596,5.469499565277147,7.982292465714636,3.9591229161833326,5.080079055123861
2026-01-18 20:47:25.776,22.392049064894536,11.273807753411802,5.4694205913347105,7.981107856578092,3.957306515507298,5.080868794548223
2026-01-18 20:47:26.804,22.392049064894536,11.301431072013202,5.469183669507402,7.982687335426817,3.960149577435004,5.08284314310913
2026-01-18 20:47:27.828,22.392049064894536,11.252498336205008,5.470052382874201,7.9810288826356555,3.959517785895514,5.086081074749018
2026-01-18 20:47:28.857,22.392049064894536,11.284857080852362,5.470210330759073,7.982134517829763,3.958649072528715,5.088924136676724
2026-01-18 20:47:29.884,22.392049064894536,11.278543179457756,5.470210330759073,7.98284528331169,3.95833317675897,5.093346677453155
2026-01-18 20:47:30.911,22.392049064894536,11.26670461434287,5.470526226528818,7.983082205138999,3.9571485676224256,5.095005130244317
2026-01-18 20:47:31.937,22.384753531066167,11.271440040388825,5.470526226528818,7.982608361484381,3.9585700985862786,5.098164087941768
2026-01-18 20:47:32.963,22.384753531066167,11.299063358990225,5.469973408931764,7.98347707485118,3.957227541564862,5.099348697078312
2026-01-18 20:47:33.989,22.37745799723791,11.258022999925288,5.470921096241,7.981423752347837,3.957227541564862,5.101007149869474
2026-01-18 20:47:35.015,22.384753531066167,11.273807753411802,5.470684174413691,7.981186830520528,3.958649072528715,5.103455342084999
2026-01-18 20:47:36.040,22.384753531066167,11.275386228760453,5.471315965953181,7.982687335426817,3.958728046471151,5.108351726516048
2026-01-18 20:47:37.068,22.384753531066167,11.276175466434779,5.4708421222985635,7.9822134917722,3.957543437334607,5.10937838776772
2026-01-18 20:47:38.092,22.384753531066167,11.278543179457756,5.471158018068309,7.981581700232709,3.9573854894497345,5.1101681271920825
2026-01-18 20:47:39.117,22.37745799723791,11.26512613899422,5.471315965953181,7.981660674175146,3.9596757337803865,5.113485032774406
2026-01-18 20:47:40.143,22.384753531066167,11.276175466434779,5.471631861722926,7.982055543887327,3.9574644633921707,5.115933224989931
2026-01-18 20:47:41.172,22.384753531066167,11.273018515737476,5.471315965953181,7.982766309369254,3.959201890125769,5.118460391147892
2026-01-18 20:47:42.198,22.37745799723791,11.274596991086128,5.471236992010745,7.981818622060018,3.9573854894497345,5.12146140096047
2026-01-18 20:47:43.227,22.37745799723791,11.313269637128087,5.471631861722926,7.982766309369254,3.9604654732047493,5.1238306192335585
2026-01-18 20:47:44.258,22.370162463409542,11.247762910159054,5.471789809607799,7.982292465714636,3.958412150701406,5.125015228370103
2026-01-18 20:47:45.283,22.37745799723791,11.269861565040173,5.471789809607799,7.981739648117582,3.9576224112770433,5.128963925491917
2026-01-18 20:47:46.311,22.37745799723791,11.243816721787425,5.47281647085947,7.983003231196562,3.957227541564862,5.130780326167951
2026-01-18 20:47:47.338,22.384753531066167,11.26117995062259,5.471947757492671,7.980870934750783,3.957543437334607,5.1337813359805295
2026-01-18 20:47:48.365,22.370162463409542,11.251709098530682,5.472658522974598,7.981502726290273,3.9588859943560237,5.136387476080927
2026-01-18 20:47:49.392,22.37745799723791,11.301431072013202,5.472895444801907,7.9824504135995085,3.957543437334607,5.139546433778378
2026-01-18 20:47:50.420,22.37745799723791,11.306166498059156,5.472658522974598,7.98284528331169,3.959517785895514,5.141125912627103
2026-01-18 20:47:51.446,22.370162463409542,11.271440040388825,5.472658522974598,7.982687335426817,3.9590439422408963,5.145390505518662
2026-01-18 20:47:52.472,22.370162463409542,11.269861565040173,5.472421601147289,7.982055543887327,3.957859333104352,5.1462592188854615
2026-01-18 20:47:53.500,22.370162463409542,11.263547663645568,5.473211340571652,7.981186830520528,3.960386499262313,5.150760733604329
2026-01-18 20:47:54.526,22.370162463409542,11.290381744572642,5.473606210283833,7.981186830520528,3.961176238686676,5.153445847647163
2026-01-18 20:47:55.552,22.370162463409542,11.303798785036179,5.473211340571652,7.981423752347837,3.960939316859367,5.153998665244217
2026-01-18 20:47:56.579,22.362866929581287,11.314058874802413,5.473211340571652,7.981423752347837,3.960149577435004,5.154946352553452
2026-01-18 20:47:57.605,22.362866929581287,11.269861565040173,5.473448262398961,7.982055543887327,3.957859333104352,5.1590529975601385
2026-01-18 20:47:58.631,22.37745799723791,11.265915376668545,5.474238001823323,7.981739648117582,3.958649072528715,5.1627647728546435
2026-01-18 20:47:59.657,22.370162463409542,11.256444524576636,5.473764158168706,7.983240153023871,3.960386499262313,5.16347553833657
2026-01-18 20:48:00.683,22.370162463409542,11.284067843178036,5.474238001823323,7.981818622060018,3.95833317675897,5.168924740364673
2026-01-18 20:48:01.711,22.37745799723791,11.282489367829385,5.474159027880887,7.98284528331169,3.960623421089622,5.169082688249546
2026-01-18 20:48:02.738,22.37745799723791,11.27775394178343,5.474790819420377,7.981107856578092,3.9573854894497345,5.172083698062124
2026-01-18 20:48:03.765,22.370162463409542,11.29432793294427,5.474632871535505,7.982766309369254,3.9588859943560237,5.175242655759575
2026-01-18 20:48:04.792,22.370162463409542,11.264336901319894,5.4751067151901225,7.982055543887327,3.9607813689744944,5.176032395183938
2026-01-18 20:48:05.818,22.370162463409542,11.260390712948265,5.47494876730525,7.981502726290273,3.9581752288740972,5.179349300766262
2026-01-18 20:48:06.844,22.370162463409542,11.269861565040173,5.474632871535505,7.983240153023871,3.957780359161916,5.182587232406149
2026-01-18 20:48:07.871,22.370162463409542,11.31090192410511,5.475185689132559,7.981660674175146,3.9581752288740972,5.183455945772948
2026-01-18 20:48:08.904,22.362866929581287,11.304588022710504,5.47494876730525,7.9822134917722,3.9577013852194796,5.187720538664507
2026-01-18 20:48:09.935,22.370162463409542,11.26117995062259,5.475343637017431,7.982687335426817,3.9599126556076953,5.189378991455669
2026-01-18 20:48:10.963,22.362866929581287,11.293538695269945,5.475264663074995,7.981581700232709,3.957859333104352,5.194354349829155
2026-01-18 20:48:12.000,22.362866929581287,11.269072327365848,5.475896454614485,7.982134517829763,3.957306515507298,5.195459985023263
2026-01-18 20:48:13.029,22.362866929581287,11.239081295741471,5.4759754285569215,7.981581700232709,3.9576224112770433,5.196644594159807
2026-01-18 20:48:14.056,22.362866929581287,11.276175466434779,5.47558055884474,7.98284528331169,3.9574644633921707,5.199013812432895
2026-01-18 20:48:15.086,22.362866929581287,11.274596991086128,5.476054402499358,7.981739648117582,3.961176238686676,5.202409691957655
2026-01-18 20:48:16.117,22.362866929581287,11.27222927806315,5.476923115866157,7.980634012923474,3.9590439422408963,5.205884545424851
2026-01-18 20:48:17.145,22.362866929581287,11.246184434810402,5.475896454614485,7.9822134917722,3.9585700985862786,5.2059635193672875
2026-01-18 20:48:18.174,22.362866929581287,11.276964704109105,5.476133376441794,7.981976569944891,3.957780359161916,5.208727607352557
2026-01-18 20:48:19.201,22.362866929581287,11.276964704109105,5.476291324326667,7.9824504135995085,3.960623421089622,5.210938877740773
2026-01-18 20:48:20.230,22.362866929581287,11.274596991086128,5.476607220096412,7.982924257254126,3.9582542028165335,5.214334757265533
2026-01-18 20:48:21.261,22.362866929581287,11.27775394178343,5.476923115866157,7.9818975960024545,3.9591229161833326,5.216546027653749
2026-01-18 20:48:22.292,22.355571395752918,11.263547663645568,5.477002089808593,7.981581700232709,3.95833317675897,5.218125506502474
2026-01-18 20:48:23.318,22.362866929581287,11.27775394178343,5.477239011635902,7.981423752347837,3.957543437334607,5.223890604300323
2026-01-18 20:48:24.344,22.355571395752918,11.267493852017196,5.477081063751029,7.982608361484381,3.9581752288740972,5.224522395839813
2026-01-18 20:48:25.372,22.355571395752918,11.276964704109105,5.477160037693466,7.9824504135995085,3.9584911246438423,5.226575718343156
2026-01-18 20:48:26.400,22.355571395752918,11.253287573879334,5.477475933463211,7.981186830520528,3.9590439422408963,5.2292608323859895
2026-01-18 20:48:27.427,22.362866929581287,11.291170982246967,5.477633881348083,7.981660674175146,3.95896496829846,5.231472102774205
2026-01-18 20:48:28.452,22.355571395752918,11.260390712948265,5.478107725002701,7.981344778405401,3.957306515507298,5.23518387806871
2026-01-18 20:48:29.480,22.362866929581287,11.275386228760453,5.477791829232956,7.982529387541945,3.9580172809892247,5.2363684872052545
2026-01-18 20:48:30.508,22.362866929581287,11.265915376668545,5.478265672887574,7.982529387541945,3.958412150701406,5.239922314614887
2026-01-18 20:48:31.534,22.355571395752918,11.258812237599614,5.478186698945137,7.981818622060018,3.958649072528715,5.242133585003103
2026-01-18 20:48:32.563,22.362866929581287,11.282489367829385,5.478028751060265,7.98071298686591,3.9594388119530777,5.244423829333755
2026-01-18 20:48:33.595,22.362866929581287,11.309323448756459,5.4789764383695,7.982134517829763,3.957543437334607,5.249004317995059
2026-01-18 20:48:34.621,22.355571395752918,11.280910892480733,5.478107725002701,7.982134517829763,3.958412150701406,5.250978666555966
2026-01-18 20:48:35.651,22.362866929581287,11.274596991086128,5.4789764383695,7.982529387541945,3.958096254931661,5.251294562325711
2026-01-18 20:48:36.682,22.355571395752918,11.253287573879334,5.478739516542191,7.982371439657072,3.9602285513774405,5.2548483897353435
2026-01-18 20:48:37.712,22.355571395752918,11.26512613899422,5.4789764383695,7.982529387541945,3.957306515507298,5.256348894641633
2026-01-18 20:48:38.741,22.355571395752918,11.261969188296916,5.478660542599755,7.9818975960024545,3.957780359161916,5.25895503474203
2026-01-18 20:48:39.766,22.348275861924662,11.278543179457756,5.4793713080816815,7.9822134917722,3.958412150701406,5.262429888209226
2026-01-18 20:48:40.792,22.348275861924662,11.254866049227985,5.478897464427064,7.982134517829763,3.958096254931661,5.2647991064823145
2026-01-18 20:48:41.825,22.355571395752918,11.253287573879334,5.479529255966554,7.981344778405401,3.959201890125769,5.267326272640275
2026-01-18 20:48:42.849,22.355571395752918,11.308534211082133,5.479529255966554,7.981502726290273,3.957543437334607,5.271827787359143
2026-01-18 20:48:43.877,22.355571395752918,11.240659771090122,5.479450282024118,7.980870934750783,3.9608603429169307,5.271748813416707
2026-01-18 20:48:44.904,22.355571395752918,11.306955735733482,5.480476943275789,7.982687335426817,3.958728046471151,5.274828797171722
2026-01-18 20:48:45.931,22.355571395752918,11.27775394178343,5.480003099621172,7.983003231196562,3.958412150701406,5.277040067559938
2026-01-18 20:48:46.958,22.355571395752918,11.275386228760453,5.480161047506044,7.982924257254126,3.9588859943560237,5.27996210343008
2026-01-18 20:48:47.985,22.348275861924662,11.246184434810402,5.479924125678735,7.982608361484381,3.957780359161916,5.282252347760732
2026-01-18 20:48:49.012,22.355571395752918,11.2706508027145,5.480003099621172,7.9833191269663075,3.95833317675897,5.284384644206511
2026-01-18 20:48:50.037,22.355571395752918,11.262758425971242,5.480082073563608,7.98284528331169,3.957543437334607,5.286358992767418
2026-01-18 20:48:51.063,22.355571395752918,11.269861565040173,5.480634891160662,7.98071298686591,3.9585700985862786,5.290544611716541
2026-01-18 20:48:52.091,22.348275861924662,11.276175466434779,5.480318995390917,7.982371439657072,3.958412150701406,5.29204511662283
2026-01-18 20:48:53.118,22.348275861924662,11.301431072013202,5.480871812987971,7.981818622060018,3.958649072528715,5.293940491241301
2026-01-18 20:48:54.148,22.348275861924662,11.268283089691522,5.480397969333353,7.982687335426817,3.9573854894497345,5.296230735571953
2026-01-18 20:48:55.175,22.355571395752918,11.271440040388825,5.480634891160662,7.9818975960024545,3.957543437334607,5.298994823557223
2026-01-18 20:48:56.201,22.348275861924662,11.258022999925288,5.481266682700152,7.982371439657072,3.957306515507298,5.30223275519711
2026-01-18 20:48:57.228,22.348275861924662,11.263547663645568,5.4816615524123335,7.9824504135995085,3.9576224112770433,5.304207103758017
2026-01-18 20:48:58.257,22.348275861924662,11.312480399453761,5.4816615524123335,7.982766309369254,3.957543437334607,5.307208113570596
2026-01-18 20:48:59.287,22.348275861924662,11.269072327365848,5.4816615524123335,7.981818622060018,3.9599126556076953,5.309814253670993
2026-01-18 20:49:00.318,22.348275861924662,11.313269637128087,5.4816615524123335,7.982529387541945,3.9576224112770433,5.311235784634846
2026-01-18 20:49:01.344,22.348275861924662,11.268283089691522,5.481898474239642,7.981581700232709,3.95833317675897,5.315974221181023
2026-01-18 20:49:02.368,22.348275861924662,11.284067843178036,5.482135396066951,7.982687335426817,3.9584911246438423,5.31644806483564
2026-01-18 20:49:03.394,22.355571395752918,11.264336901319894,5.481345656642588,7.982608361484381,3.957306515507298,5.320001892245273
2026-01-18 20:49:04.422,22.348275861924662,11.271440040388825,5.482135396066951,7.982608361484381,3.9576224112770433,5.323476745712469
2026-01-18 20:49:05.452,22.348275861924662,11.268283089691522,5.482530265779133,7.98347707485118,3.9582542028165335,5.324345459079268
2026-01-18 20:49:06.481,22.348275861924662,11.27222927806315,5.482293343951824,7.98071298686591,3.957306515507298,5.327188521006974
2026-01-18 20:49:07.506,22.348275861924662,11.276175466434779,5.482530265779133,7.98284528331169,3.9584911246438423,5.330505426589298
2026-01-18 20:49:08.536,22.348275861924662,11.276964704109105,5.482056422124515,7.9822134917722,3.960939316859367,5.332953618804822
2026-01-18 20:49:09.567,22.348275861924662,11.285646318526688,5.482767187606441,7.983792970620925,3.960939316859367,5.334533097653548
2026-01-18 20:49:10.597,22.340980328096293,11.269072327365848,5.482688213664005,7.981660674175146,3.9576224112770433,5.3368233419842
2026-01-18 20:49:11.627,22.348275861924662,11.256444524576636,5.4830830833761866,7.981818622060018,3.957543437334607,5.339508456027033
2026-01-18 20:49:12.655,22.348275861924662,11.264336901319894,5.483714874915677,7.982055543887327,3.95833317675897,5.342351517954739
2026-01-18 20:49:13.684,22.355571395752918,11.269861565040173,5.483477953088368,7.981739648117582,3.958649072528715,5.344562788342955
2026-01-18 20:49:14.713,22.348275861924662,11.243816721787425,5.4830830833761866,7.981265804462964,3.9574644633921707,5.347247902385789
2026-01-18 20:49:15.743,22.348275861924662,11.291960219921293,5.484109744627858,7.983082205138999,3.9576224112770433,5.350485834025676
2026-01-18 20:49:16.773,22.348275861924662,11.26117995062259,5.483556927030804,7.983003231196562,3.9573854894497345,5.354276583262617
2026-01-18 20:49:17.803,22.355571395752918,11.263547663645568,5.483556927030804,7.981581700232709,3.9585700985862786,5.356092983938652
2026-01-18 20:49:18.827,22.348275861924662,11.268283089691522,5.483951796742986,7.981502726290273,3.9574644633921707,5.357119645190323
2026-01-18 20:49:19.854,22.340980328096293,11.25013062318203,5.483951796742986,7.9822134917722,3.960623421089622,5.362647821160863
2026-01-18 20:49:20.881,22.348275861924662,11.26512613899422,5.484109744627858,7.9822134917722,3.957227541564862,5.363042690873044
2026-01-18 20:49:21.912,22.348275861924662,11.240659771090122,5.484662562224912,7.981818622060018,3.957306515507298,5.365727804915878
2026-01-18 20:49:22.939,22.348275861924662,11.311691161779436,5.484583588282476,7.981818622060018,3.95833317675897,5.368491892901147
2026-01-18 20:49:23.966,22.355571395752918,11.280910892480733,5.484741536167348,7.981818622060018,3.95833317675897,5.370703163289363
2026-01-18 20:49:24.993,22.348275861924662,11.307744973407807,5.484662562224912,7.981423752347837,3.9581752288740972,5.373467251274633
2026-01-18 20:49:26.023,22.348275861924662,11.269072327365848,5.484583588282476,7.982766309369254,3.9594388119530777,5.377021078684265
2026-01-18 20:49:27.053,22.355571395752918,11.269072327365848,5.485215379821966,7.981581700232709,3.960386499262313,5.3773369744540105
2026-01-18 20:49:28.083,22.348275861924662,11.2706508027145,5.484583588282476,7.982924257254126,3.95833317675897,5.380969775806079
2026-01-18 20:49:29.112,22.348275861924662,11.285646318526688,5.485215379821966,7.981502726290273,3.9573854894497345,5.383338994079168
2026-01-18 20:49:30.137,22.348275861924662,11.251709098530682,5.485373327706839,7.981265804462964,3.957306515507298,5.384918472927893
2026-01-18 20:49:31.166,22.348275861924662,11.25013062318203,5.485294353764402,7.981581700232709,3.956990619737553,5.389814857358942
2026-01-18 20:49:32.197,22.348275861924662,11.26512613899422,5.484978457994657,7.9810288826356555,3.9571485676224256,5.391078440437923
2026-01-18 20:49:33.228,22.348275861924662,11.282489367829385,5.485847171361456,7.982608361484381,3.9571485676224256,5.393763554480756
2026-01-18 20:49:34.253,22.340980328096293,11.271440040388825,5.48513640587953,7.981265804462964,3.9602285513774405,5.395658929099227
2026-01-18 20:49:35.280,22.348275861924662,11.303009547361853,5.485452301649275,7.982529387541945,3.9595967598379502,5.3977912255450065
2026-01-18 20:49:36.308,22.348275861924662,11.264336901319894,5.48576819741902,7.982371439657072,3.960149577435004,5.399686600163477
2026-01-18 20:49:37.333,22.348275861924662,11.278543179457756,5.48576819741902,7.98347707485118,3.9608603429169307,5.4029245318033645
2026-01-18 20:49:38.361,22.340980328096293,11.314058874802413,5.486005119246329,7.981186830520528,3.9582542028165335,5.404109140939909
2026-01-18 20:49:39.393,22.355571395752918,11.271440040388825,5.486242041073638,7.982055543887327,3.9570695936799893,5.407505020464669
2026-01-18 20:49:40.425,22.348275861924662,11.273018515737476,5.487031780498,7.981423752347837,3.9581752288740972,5.409637316910448
2026-01-18 20:49:41.449,22.355571395752918,11.269861565040173,5.486005119246329,7.982766309369254,3.9585700985862786,5.412401404895718
2026-01-18 20:49:42.480,22.348275861924662,11.28327860550371,5.486242041073638,7.981265804462964,3.957859333104352,5.41595523230535
2026-01-18 20:49:43.507,22.348275861924662,11.269861565040173,5.486873832613128,7.9824504135995085,3.9608603429169307,5.418324450578439
2026-01-18 20:49:44.534,22.348275861924662,11.26117995062259,5.486636910785819,7.98347707485118,3.9571485676224256,5.421799304045635
2026-01-18 20:49:45.560,22.348275861924662,11.273807753411802,5.487031780498,7.981976569944891,3.9577013852194796,5.423220835009488
2026-01-18 20:49:46.586,22.348275861924662,11.280121654806408,5.486952806555564,7.98284528331169,3.9574644633921707,5.42487928780065
2026-01-18 20:49:47.614,22.355571395752918,11.27222927806315,5.487426650210182,7.981502726290273,3.9581752288740972,5.427959271555665
2026-01-18 20:49:48.641,22.348275861924662,11.280910892480733,5.487742545979927,7.982608361484381,3.960386499262313,5.429696698289263
2026-01-18 20:49:49.669,22.348275861924662,11.261969188296916,5.4873476762677456,7.982766309369254,3.959517785895514,5.433013603871586
2026-01-18 20:49:50.700,22.355571395752918,11.309323448756459,5.487268702325309,7.98284528331169,3.9573854894497345,5.434514108777876
2026-01-18 20:49:51.731,22.348275861924662,11.288014031549665,5.4873476762677456,7.981976569944891,3.95833317675897,5.438304858014817
2026-01-18 20:49:52.760,22.355571395752918,11.275386228760453,5.487584598095054,7.982766309369254,3.9584911246438423,5.439489467151361
2026-01-18 20:49:53.790,22.355571395752918,11.302220309687527,5.487742545979927,7.982055543887327,3.9608603429169307,5.442569450906376
2026-01-18 20:49:54.817,22.355571395752918,11.251709098530682,5.487821519922363,7.982292465714636,3.9580172809892247,5.445649434661391
2026-01-18 20:49:55.844,22.348275861924662,11.29432793294427,5.488374337519417,7.982055543887327,3.9574644633921707,5.44778173110717
2026-01-18 20:49:56.872,22.355571395752918,11.257233762250962,5.488295363576981,7.9810288826356555,3.95833317675897,5.450782740919749
2026-01-18 20:49:57.897,22.348275861924662,11.291960219921293,5.488690233289162,7.983161179081435,3.9580172809892247,5.453467854962582
2026-01-18 20:49:58.924,22.348275861924662,11.269072327365848,5.488295363576981,7.981344778405401,3.9574644633921707,5.4566268126600335
2026-01-18 20:49:59.954,22.348275861924662,11.290381744572642,5.488611259346726,7.981739648117582,3.960386499262313,5.459311926702867
2026-01-18 20:50:00.985,22.348275861924662,11.26670461434287,5.488690233289162,7.980634012923474,3.9585700985862786,5.460654483724284
2026-01-18 20:50:02.014,22.355571395752918,11.245395197136077,5.489006129058907,7.982371439657072,3.9573854894497345,5.463892415364171
2026-01-18 20:50:03.045,22.355571395752918,11.27222927806315,5.489243050886216,7.982134517829763,3.9607813689744944,5.46539292027046
2026-01-18 20:50:04.071,22.340980328096293,11.281700130155059,5.4893220248286525,7.982687335426817,3.9576224112770433,5.46878879979522
2026-01-18 20:50:05.097,22.348275861924662,11.273807753411802,5.4898748424257064,7.983003231196562,3.9579383070467884,5.470605200471255
2026-01-18 20:50:06.124,22.348275861924662,11.26512613899422,5.489479972713525,7.980555038981038,3.9607813689744944,5.473606210283833
2026-01-18 20:50:07.155,22.355571395752918,11.258812237599614,5.489479972713525,7.982687335426817,3.9582542028165335,5.4765282461539755
2026-01-18 20:50:08.182,22.355571395752918,11.2706508027145,5.489716894540834,7.982134517829763,3.9599126556076953,5.479529255966554
2026-01-18 20:50:09.206,22.355571395752918,11.271440040388825,5.489716894540834,7.982608361484381,3.9576224112770433,5.483477953088368
2026-01-18 20:50:10.233,22.348275861924662,11.246184434810402,5.490506633965197,7.983082205138999,3.9576224112770433,5.483320005203495
2026-01-18 20:50:11.263,22.355571395752918,11.264336901319894,5.489953816368143,7.981502726290273,3.957543437334607,5.485452301649275
2026-01-18 20:50:12.292,22.355571395752918,11.2706508027145,5.489953816368143,7.98284528331169,3.9580172809892247,5.490585607907633
2026-01-18 20:50:13.321,22.355571395752918,11.280121654806408,5.490822529734942,7.981739648117582,3.9584911246438423,5.4912963733895594
2026-01-18 20:50:14.352,22.355571395752918,11.293538695269945,5.490111764253015,7.983161179081435,3.9577013852194796,5.496192757820609
2026-01-18 20:50:15.379,22.348275861924662,11.257233762250962,5.491059451562251,7.982055543887327,3.959517785895514,5.496192757820609
2026-01-18 20:50:16.405,22.362866929581287,11.271440040388825,5.491454321274432,7.9822134917722,3.958649072528715,5.499193767633187
2026-01-18 20:50:17.432,22.355571395752918,11.273807753411802,5.4907435557925055,7.9822134917722,3.9588859943560237,5.501641959848712
2026-01-18 20:50:18.459,22.355571395752918,11.258812237599614,5.4912963733895594,7.982134517829763,3.958412150701406,5.503853230236928
2026-01-18 20:50:19.490,22.355571395752918,11.2430274841131,5.490901503677378,7.982371439657072,3.958728046471151,5.506538344279761
2026-01-18 20:50:20.517,22.355571395752918,11.267493852017196,5.490980477619814,7.980870934750783,3.958728046471151,5.510960885056193
2026-01-18 20:50:21.543,22.348275861924662,11.291960219921293,5.491138425504687,7.982371439657072,3.958649072528715,5.511118832941065
2026-01-18 20:50:22.569,22.348275861924662,11.23750282039282,5.491691243101741,7.982134517829763,3.958728046471151,5.515225477947752
2026-01-18 20:50:23.595,22.348275861924662,11.276175466434779,5.491533295216868,7.983082205138999,3.9576224112770433,5.5154623997750605
2026-01-18 20:50:24.622,22.348275861924662,11.273807753411802,5.491454321274432,7.983161179081435,3.9580172809892247,5.518384435645203
2026-01-18 20:50:25.647,22.362866929581287,11.25407681155366,5.492007138871486,7.982924257254126,3.959201890125769,5.521385445457781
2026-01-18 20:50:26.674,22.362866929581287,11.274596991086128,5.491770217044177,7.980949908693219,3.957859333104352,5.524070559500615
2026-01-18 20:50:27.703,22.355571395752918,11.25960147527394,5.4921650867563585,7.982134517829763,3.9588859943560237,5.5277033608526835
2026-01-18 20:50:28.731,22.355571395752918,11.232767394346865,5.492007138871486,7.982608361484381,3.957859333104352,5.528177204507301
2026-01-18 20:50:29.760,22.355571395752918,11.254866049227985,5.492086112813922,7.98071298686591,3.9580172809892247,5.531731031916934
2026-01-18 20:50:30.786,22.355571395752918,11.26670461434287,5.492480982526104,7.982371439657072,3.9603075253198767,5.535679729038748
2026-01-18 20:50:31.818,22.355571395752918,11.235924345044168,5.49255995646854,7.98284528331169,3.961176238686676,5.536548442405547
2026-01-18 20:50:32.848,22.355571395752918,11.26670461434287,5.492954826180721,7.982371439657072,3.95896496829846,5.539154582505944
2026-01-18 20:50:33.878,22.362866929581287,11.273018515737476,5.493112774065594,7.982055543887327,3.9579383070467884,5.541523800779032
2026-01-18 20:50:34.907,22.362866929581287,11.258022999925288,5.492638930410976,7.983161179081435,3.961255212629112,5.5438930190521205
2026-01-18 20:50:35.936,22.362866929581287,11.25960147527394,5.493033800123158,7.982608361484381,3.9610972647442395,5.547604794346626
2026-01-18 20:50:36.964,22.362866929581287,11.296695645967247,5.493349695892903,7.9833191269663075,3.9603075253198767,5.54878940348317
2026-01-18 20:50:37.989,22.355571395752918,11.231188918998214,5.493033800123158,7.982608361484381,3.95896496829846,5.551790413295748
2026-01-18 20:50:39.020,22.362866929581287,11.269072327365848,5.493744565605084,7.981739648117582,3.9605444471471856,5.554475527338582
2026-01-18 20:50:40.048,22.362866929581287,11.262758425971242,5.49382353954752,7.981739648117582,3.95896496829846,5.556291928014616
2026-01-18 20:50:41.073,22.362866929581287,11.276964704109105,5.493744565605084,7.982766309369254,3.9590439422408963,5.558898068115013
2026-01-18 20:50:42.098,22.355571395752918,11.27222927806315,5.493744565605084,7.982055543887327,3.9585700985862786,5.5643472701431165
2026-01-18 20:50:43.129,22.362866929581287,11.27222927806315,5.494297383202138,7.9822134917722,3.9584911246438423,5.564584191970425
2026-01-18 20:50:44.157,22.362866929581287,11.264336901319894,5.494218409259702,7.9818975960024545,3.9579383070467884,5.569006732746857
2026-01-18 20:50:45.186,22.355571395752918,11.25407681155366,5.494060461374829,7.983003231196562,3.958649072528715,5.568769810919548
2026-01-18 20:50:46.214,22.355571395752918,11.268283089691522,5.4941394353172655,7.980949908693219,3.958412150701406,5.572007742559435
2026-01-18 20:50:47.241,22.362866929581287,11.301431072013202,5.494929174741628,7.98284528331169,3.9580172809892247,5.575798491796377
2026-01-18 20:50:48.266,22.362866929581287,11.244605959461751,5.494929174741628,7.980870934750783,3.9580172809892247,5.578957449493828
2026-01-18 20:50:49.293,22.355571395752918,11.25960147527394,5.494297383202138,7.982687335426817,3.9591229161833326,5.578957449493828
2026-01-18 20:50:50.319,22.362866929581287,11.241449008764448,5.495087122626501,7.9822134917722,3.9593598380106414,5.582590250845897
2026-01-18 20:50:51.345,22.362866929581287,11.296695645967247,5.495166096568937,7.9810288826356555,3.9591229161833326,5.583616912097568
2026-01-18 20:50:52.372,22.355571395752918,11.29432793294427,5.495403018396246,7.981581700232709,3.9590439422408963,5.586144078255529
2026-01-18 20:50:53.401,22.362866929581287,11.291960219921293,5.495087122626501,7.981660674175146,3.960070603492568,5.59080354085927
2026-01-18 20:50:54.424,22.362866929581287,11.28880326922399,5.495166096568937,7.982529387541945,3.9588859943560237,5.590724566916833
2026-01-18 20:50:55.452,22.362866929581287,11.268283089691522,5.49532404445381,7.983792970620925,3.9593598380106414,5.593962498556721
2026-01-18 20:50:56.482,22.362866929581287,11.262758425971242,5.49532404445381,7.981502726290273,3.9588859943560237,5.597200430196608
2026-01-18 20:50:57.510,22.362866929581287,11.24855214783338,5.495403018396246,7.982529387541945,3.958096254931661,5.598937856930206
2026-01-18 20:50:58.539,22.355571395752918,11.238292058067145,5.495718914165991,7.9818975960024545,3.961492134456421,5.601386049145731
2026-01-18 20:50:59.564,22.362866929581287,11.265915376668545,5.496113783878172,7.982608361484381,3.959280864068205,5.603676293476383
2026-01-18 20:51:00.593,22.370162463409542,11.27775394178343,5.496508653590354,7.982371439657072,3.959280864068205,5.609204469446922
2026-01-18 20:51:01.621,22.355571395752918,11.256444524576636,5.496903523302535,7.982766309369254,3.9581752288740972,5.6098362609864125
2026-01-18 20:51:02.650,22.370162463409542,11.284067843178036,5.4959558359933,7.982608361484381,3.9588859943560237,5.611731635604883
2026-01-18 20:51:03.677,22.362866929581287,11.264336901319894,5.495876862050864,7.982687335426817,3.958096254931661,5.614495723590153
2026-01-18 20:51:04.703,22.362866929581287,11.258022999925288,5.4964296796479175,7.981739648117582,3.961571108398857,5.618286472827094
2026-01-18 20:51:05.729,22.362866929581287,11.261969188296916,5.497061471187408,7.9824504135995085,3.958728046471151,5.619944925618256
2026-01-18 20:51:06.759,22.362866929581287,11.26670461434287,5.497061471187408,7.9822134917722,3.9577013852194796,5.621682352351854
2026-01-18 20:51:07.789,22.362866929581287,11.265915376668545,5.496350705705481,7.982687335426817,3.9588859943560237,5.623972596682506
2026-01-18 20:51:08.815,22.370162463409542,11.29432793294427,5.497377366957153,7.982608361484381,3.957859333104352,5.627605398034575
2026-01-18 20:51:09.847,22.370162463409542,11.268283089691522,5.49658762753279,7.981423752347837,3.9584911246438423,5.629184876883301
2026-01-18 20:51:10.874,22.362866929581287,11.25565528690231,5.497772236669334,7.981581700232709,3.958096254931661,5.634397157084095
2026-01-18 20:51:11.901,22.370162463409542,11.23197815667254,5.497772236669334,7.981581700232709,3.9580172809892247,5.636134583817693
2026-01-18 20:51:12.929,22.362866929581287,11.23197815667254,5.497140445129844,7.980949908693219,3.9613341865715483,5.637556114781546
2026-01-18 20:51:13.960,22.370162463409542,11.25960147527394,5.497535314842025,7.982766309369254,3.9588859943560237,5.641820707673105
2026-01-18 20:51:14.986,22.370162463409542,11.286435556201013,5.498009158496643,7.983161179081435,3.960070603492568,5.641267890076051
2026-01-18 20:51:16.010,22.370162463409542,11.290381744572642,5.4978512106117705,7.981739648117582,3.9588070204135875,5.644821717485684
2026-01-18 20:51:17.041,22.370162463409542,11.300641834338876,5.497535314842025,7.981265804462964,3.957780359161916,5.647506831528517
2026-01-18 20:51:18.066,22.370162463409542,11.247762910159054,5.498167106381516,7.98284528331169,3.9585700985862786,5.649718101916733
2026-01-18 20:51:19.097,22.370162463409542,11.264336901319894,5.497930184554207,7.982055543887327,3.957859333104352,5.653903720865856
2026-01-18 20:51:20.127,22.370162463409542,11.252498336205008,5.49871992397857,7.982924257254126,3.9613341865715483,5.654061668750728
2026-01-18 20:51:21.155,22.37745799723791,11.279332417132082,5.498246080323952,7.982292465714636,3.9579383070467884,5.65698370462087
2026-01-18 20:51:22.183,22.362866929581287,11.235135107369842,5.498246080323952,7.982687335426817,3.9581752288740972,5.659431896836395
2026-01-18 20:51:23.209,22.370162463409542,11.276175466434779,5.498798897921006,7.982608361484381,3.959201890125769,5.6621170108792285
2026-01-18 20:51:24.236,22.362866929581287,11.279332417132082,5.4984040282088245,7.98410886639067,3.958412150701406,5.6644072552098805
2026-01-18 20:51:25.264,22.362866929581287,11.245395197136077,5.49871992397857,7.982687335426817,3.9588859943560237,5.667329291080023
2026-01-18 20:51:26.295,22.370162463409542,11.257233762250962,5.498798897921006,7.981739648117582,3.958096254931661,5.668908769928748
2026-01-18 20:51:27.319,22.370162463409542,11.258812237599614,5.498798897921006,7.983003231196562,3.95896496829846,5.672620545223253
2026-01-18 20:51:28.350,22.362866929581287,11.239870533415797,5.498877871863442,7.982055543887327,3.9585700985862786,5.67459489378416
2026-01-18 20:51:29.378,22.370162463409542,11.278543179457756,5.499430689460496,7.983556048793616,3.9610182908018032,5.677280007826994
2026-01-18 20:51:30.408,22.370162463409542,11.281700130155059,5.499193767633187,7.981581700232709,3.959280864068205,5.681544600718553
2026-01-18 20:51:31.436,22.362866929581287,11.25013062318203,5.500220428884859,7.9822134917722,3.959280864068205,5.682334340142916
2026-01-18 20:51:32.467,22.370162463409542,11.269072327365848,5.500299402827295,7.982529387541945,3.958649072528715,5.6862830372647295
2026-01-18 20:51:33.498,22.370162463409542,11.276175466434779,5.500378376769731,7.981818622060018,3.9593598380106414,5.688020463998328
2026-01-18 20:51:34.530,22.362866929581287,11.26512613899422,5.500457350712168,7.9822134917722,3.9579383070467884,5.689284047077308
2026-01-18 20:51:35.561,22.370162463409542,11.246973672484728,5.500220428884859,7.981739648117582,3.959517785895514,5.692443004774759
2026-01-18 20:51:36.592,22.37745799723791,11.302220309687527,5.49998350705755,7.981423752347837,3.9588859943560237,5.694654275162975
2026-01-18 20:51:37.618,22.370162463409542,11.264336901319894,5.500220428884859,7.982292465714636,3.9595967598379502,5.6971024673785
2026-01-18 20:51:38.645,22.37745799723791,11.258022999925288,5.500536324654604,7.9824504135995085,3.9593598380106414,5.699708607478897
2026-01-18 20:51:39.672,22.370162463409542,11.26512613899422,5.500378376769731,7.981976569944891,3.958649072528715,5.702235773636858
2026-01-18 20:51:40.698,22.370162463409542,11.268283089691522,5.501326064078967,7.9822134917722,3.9582542028165335,5.705157809507
2026-01-18 20:51:41.724,22.370162463409542,11.273807753411802,5.501326064078967,7.982608361484381,3.9584911246438423,5.707132158067907
2026-01-18 20:51:42.751,22.370162463409542,11.265915376668545,5.500931194366785,7.983556048793616,3.9584911246438423,5.7104490636502305
2026-01-18 20:51:43.776,22.370162463409542,11.246973672484728,5.500852220424349,7.982134517829763,3.95833317675897,5.71258136009601
2026-01-18 20:51:44.804,22.370162463409542,11.252498336205008,5.5012470901365305,7.981107856578092,3.9593598380106414,5.716293135390515
2026-01-18 20:51:45.833,22.362866929581287,11.229610443649563,5.501957855618457,7.983556048793616,3.9588070204135875,5.71874132760604
2026-01-18 20:51:46.860,22.37745799723791,11.261969188296916,5.501010168309222,7.982529387541945,3.9582542028165335,5.720241832512329
2026-01-18 20:51:47.887,22.370162463409542,11.267493852017196,5.501641959848712,7.982687335426817,3.9613341865715483,5.724901295116069
2026-01-18 20:51:48.916,22.370162463409542,11.242238246438774,5.501562985906276,7.982134517829763,3.9595967598379502,5.725691034540432
2026-01-18 20:51:49.948,22.370162463409542,11.280121654806408,5.502352725330638,7.981107856578092,3.959201890125769,5.7280602528135205
2026-01-18 20:51:50.976,22.37745799723791,11.28880326922399,5.501957855618457,7.982055543887327,3.9584911246438423,5.729639731662246
2026-01-18 20:51:52.003,22.370162463409542,11.279332417132082,5.501878881676021,7.981818622060018,3.958096254931661,5.732087923877771
2026-01-18 20:51:53.027,22.362866929581287,11.271440040388825,5.501799907733584,7.9824504135995085,3.9596757337803865,5.736194568884457
2026-01-18 20:51:54.057,22.370162463409542,11.295906408292922,5.5021158035033295,7.982687335426817,3.9595967598379502,5.737695073790746
2026-01-18 20:51:55.082,22.370162463409542,11.273018515737476,5.502431699273075,7.981976569944891,3.9591229161833326,5.740064292063835
2026-01-18 20:51:56.109,22.37745799723791,11.275386228760453,5.502905542927692,7.981186830520528,3.958649072528715,5.74377606735834
2026-01-18 20:51:57.134,22.370162463409542,11.239081295741471,5.5021158035033295,7.981344778405401,3.958728046471151,5.745513494091938
2026-01-18 20:51:58.163,22.37745799723791,11.291960219921293,5.5026686211003835,7.982687335426817,3.9584911246438423,5.747882712365026
2026-01-18 20:51:59.190,22.37745799723791,11.25565528690231,5.502905542927692,7.981660674175146,3.9603075253198767,5.7513575658322225
2026-01-18 20:52:00.218,22.37745799723791,11.269861565040173,5.50274759504282,7.983635022736053,3.9602285513774405,5.7527790967960755
2026-01-18 20:52:01.248,22.370162463409542,11.2706508027145,5.503063490812565,7.98284528331169,3.959517785895514,5.755464210838909
2026-01-18 20:52:02.274,22.370162463409542,11.243816721787425,5.503142464755001,7.9833191269663075,3.959754707722823,5.757754455169561
2026-01-18 20:52:03.300,22.37745799723791,11.2706508027145,5.503695282352055,7.9810288826356555,3.958649072528715,5.762413917773301
2026-01-18 20:52:04.324,22.37745799723791,11.245395197136077,5.503616308409619,7.981660674175146,3.9585700985862786,5.762966735370355
2026-01-18 20:52:05.351,22.37745799723791,11.267493852017196,5.5035373344671825,7.980634012923474,3.958728046471151,5.7655728754707525
2026-01-18 20:52:06.375,22.37745799723791,11.27222927806315,5.503774256294491,7.982608361484381,3.9619659781110386,5.768257989513586
2026-01-18 20:52:07.400,22.37745799723791,11.239870533415797,5.503695282352055,7.98071298686591,3.959517785895514,5.770469259901802
2026-01-18 20:52:08.426,22.37745799723791,11.254866049227985,5.5035373344671825,7.981423752347837,3.9596757337803865,5.7749707746206695
2026-01-18 20:52:09.452,22.37745799723791,11.2430274841131,5.504248099949109,7.9833191269663075,3.95896496829846,5.776629227411831
2026-01-18 20:52:10.480,22.384753531066167,11.271440040388825,5.504485021776418,7.982134517829763,3.9594388119530777,5.778840497800047
2026-01-18 20:52:11.511,22.37745799723791,11.26670461434287,5.504406047833982,7.982371439657072,3.959517785895514,5.780419976648773
2026-01-18 20:52:12.540,22.384753531066167,11.269861565040173,5.504800917546163,7.982055543887327,3.958412150701406,5.782789194921861
2026-01-18 20:52:13.566,22.37745799723791,11.243816721787425,5.504721943603727,7.981186830520528,3.9593598380106414,5.7860271265617484
2026-01-18 20:52:14.596,22.384753531066167,11.261969188296916,5.504485021776418,7.9824504135995085,3.9599126556076953,5.7891860842592
2026-01-18 20:52:15.625,22.384753531066167,11.258022999925288,5.505116813315908,7.982766309369254,3.958649072528715,5.792108120129342
2026-01-18 20:52:16.652,22.384753531066167,11.287224793875339,5.505195787258344,7.98284528331169,3.9590439422408963,5.793687598978067
2026-01-18 20:52:17.676,22.384753531066167,11.26117995062259,5.504485021776418,7.980949908693219,3.9595967598379502,5.795582973596538
2026-01-18 20:52:18.703,22.384753531066167,11.280910892480733,5.505116813315908,7.98284528331169,3.9602285513774405,5.7982680876393715
2026-01-18 20:52:19.731,22.384753531066167,11.233556632021191,5.505116813315908,7.981818622060018,3.9588859943560237,5.80340139389773
2026-01-18 20:52:20.757,22.384753531066167,11.276175466434779,5.505748604855398,7.981186830520528,3.9593598380106414,5.803559341782602
2026-01-18 20:52:21.784,22.37745799723791,11.288014031549665,5.505985526682707,7.981344778405401,3.95896496829846,5.806007533998127
2026-01-18 20:52:22.809,22.384753531066167,11.2706508027145,5.505116813315908,7.982687335426817,3.9614131605139846,5.809087517753142
2026-01-18 20:52:23.840,22.384753531066167,11.257233762250962,5.505353735143217,7.981344778405401,3.9603075253198767,5.810903918429176
2026-01-18 20:52:24.869,22.384753531066167,11.245395197136077,5.505432709085653,7.981818622060018,3.95896496829846,5.812641345162774
2026-01-18 20:52:25.900,22.384753531066167,11.284857080852362,5.505906552740271,7.982134517829763,3.9622028999383474,5.815642354975353
2026-01-18 20:52:26.926,22.392049064894536,11.258812237599614,5.505827578797835,7.980634012923474,3.9593598380106414,5.819196182384985
2026-01-18 20:52:27.956,22.392049064894536,11.258812237599614,5.506222448510016,7.9822134917722,3.9613341865715483,5.8201438696942205
2026-01-18 20:52:28.987,22.384753531066167,11.265915376668545,5.506459370337325,7.9818975960024545,3.959833681665259,5.823381801334108
2026-01-18 20:52:30.015,22.384753531066167,11.25407681155366,5.506696292164634,7.982608361484381,3.958728046471151,5.825908967492069
2026-01-18 20:52:31.046,22.384753531066167,11.269072327365848,5.506222448510016,7.9824504135995085,3.9602285513774405,5.830489456153373
2026-01-18 20:52:32.073,22.392049064894536,11.273807753411802,5.506617318222197,7.982529387541945,3.9619659781110386,5.831674065289917
2026-01-18 20:52:33.101,22.384753531066167,11.238292058067145,5.507249109761688,7.9824504135995085,3.9590439422408963,5.834043283563005
2026-01-18 20:52:34.125,22.392049064894536,11.2706508027145,5.507012187934379,7.982924257254126,3.961492134456421,5.837676084915074
2026-01-18 20:52:35.153,22.384753531066167,11.2706508027145,5.5069332139919425,7.982371439657072,3.9614131605139846,5.838465824339437
2026-01-18 20:52:36.183,22.392049064894536,11.276175466434779,5.507170135819251,7.982608361484381,3.958728046471151,5.840914016554962
2026-01-18 20:52:37.210,22.392049064894536,11.268283089691522,5.507012187934379,7.981186830520528,3.9599126556076953,5.845573479158702
2026-01-18 20:52:38.236,22.392049064894536,11.241449008764448,5.507486031588996,7.983003231196562,3.959833681665259,5.846442192525501
2026-01-18 20:52:39.266,22.384753531066167,11.262758425971242,5.507091161876815,7.983398100908744,3.959517785895514,5.848969358683462
2026-01-18 20:52:40.295,22.392049064894536,11.282489367829385,5.507486031588996,7.982687335426817,3.959754707722823,5.8514175508989865
2026-01-18 20:52:41.323,22.392049064894536,11.260390712948265,5.50740705764656,7.981976569944891,3.960149577435004,5.85347087340233
2026-01-18 20:52:42.350,22.392049064894536,11.26117995062259,5.507565005531433,7.981976569944891,3.9588070204135875,5.856077013502727
2026-01-18 20:52:43.381,22.392049064894536,11.269861565040173,5.507880901301178,7.981660674175146,3.9603075253198767,5.858288283890943
2026-01-18 20:52:44.407,22.392049064894536,11.253287573879334,5.50803884918605,7.981818622060018,3.95896496829846,5.861684163415703
2026-01-18 20:52:45.433,22.392049064894536,11.265915376668545,5.507880901301178,7.981976569944891,3.9588070204135875,5.8633426162068645
2026-01-18 20:52:46.460,22.392049064894536,11.269861565040173,5.507959875243614,7.982924257254126,3.9596757337803865,5.866027730249698
2026-01-18 20:52:47.488,22.392049064894536,11.273018515737476,5.508117823128487,7.9822134917722,3.9588859943560237,5.8684759224652225
2026-01-18 20:52:48.515,22.392049064894536,11.23750282039282,5.508117823128487,7.982292465714636,3.95896496829846,5.873767176608453
2026-01-18 20:52:49.542,22.392049064894536,11.25960147527394,5.508433718898232,7.983635022736053,3.9604654732047493,5.876294342766414
2026-01-18 20:52:50.571,22.392049064894536,11.295906408292922,5.508196797070923,7.981186830520528,3.960149577435004,5.875978446996669
2026-01-18 20:52:51.597,22.39934459872285,11.261969188296916,5.508117823128487,7.9818975960024545,3.95896496829846,5.879611248348738
2026-01-18 20:52:52.624,22.392049064894536,11.269861565040173,5.508907562552849,7.983082205138999,3.9591229161833326,5.882138414506699
2026-01-18 20:52:53.654,22.39934459872285,11.269861565040173,5.509144484380158,7.981976569944891,3.9599126556076953,5.884428658837351
2026-01-18 20:52:54.685,22.39934459872285,11.28880326922399,5.508907562552849,7.982529387541945,3.95896496829846,5.8860871116285125
2026-01-18 20:52:55.715,22.392049064894536,11.254866049227985,5.509065510437722,7.982134517829763,3.9588859943560237,5.889561965095709
2026-01-18 20:52:56.741,22.392049064894536,11.27775394178343,5.508907562552849,7.982371439657072,3.960702395032058,5.892405027023415
2026-01-18 20:52:57.772,22.39934459872285,11.269861565040173,5.509697301977212,7.981660674175146,3.9618870041686023,5.894063479814577
2026-01-18 20:52:58.799,22.39934459872285,11.26117995062259,5.509302432265031,7.982608361484381,3.9602285513774405,5.8965906459725375
2026-01-18 20:52:59.828,22.39934459872285,11.240659771090122,5.510092171689394,7.9818975960024545,3.9622028999383474,5.899749603669989
2026-01-18 20:53:00.854,22.392049064894536,11.231188918998214,5.50953935409234,7.981976569944891,3.9588859943560237,5.901250108576278
2026-01-18 20:53:01.880,22.39934459872285,11.254866049227985,5.50953935409234,7.981581700232709,3.9603075253198767,5.905672649352709
2026-01-18 20:53:02.908,22.39934459872285,11.303009547361853,5.510250119574266,7.981423752347837,3.9616500823412935,5.906857258489254
2026-01-18 20:53:03.940,22.39934459872285,11.265915376668545,5.509934223804521,7.982134517829763,3.9590439422408963,5.909858268301832
2026-01-18 20:53:04.967,22.39934459872285,11.2706508027145,5.509934223804521,7.982608361484381,3.959833681665259,5.911911590805175
2026-01-18 20:53:05.993,22.39934459872285,11.263547663645568,5.510329093516702,7.982687335426817,3.9602285513774405,5.913806965423646
2026-01-18 20:53:07.021,22.392049064894536,11.26670461434287,5.510723963228884,7.98284528331169,3.9588070204135875,5.91712387100597
2026-01-18 20:53:08.046,22.40664013255116,11.26512613899422,5.510329093516702,7.981423752347837,3.9599916295501316,5.919098219566877
2026-01-18 20:53:09.071,22.40664013255116,11.24855214783338,5.510092171689394,7.98284528331169,3.9604654732047493,5.921388463897529
2026-01-18 20:53:10.100,22.39934459872285,11.297484883641573,5.510487041401575,7.983240153023871,3.95896496829846,5.92517921313447
2026-01-18 20:53:11.131,22.39934459872285,11.25565528690231,5.5111978068835015,7.982529387541945,3.95896496829846,5.9278643271773035
2026-01-18 20:53:12.161,22.39934459872285,11.261969188296916,5.510487041401575,7.981660674175146,3.9605444471471856,5.929364832083593
2026-01-18 20:53:13.187,22.39934459872285,11.253287573879334,5.511513702653247,7.981976569944891,3.9585700985862786,5.931418154586936
2026-01-18 20:53:14.215,22.40664013255116,11.2430274841131,5.510881911113756,7.981581700232709,3.9588070204135875,5.936314539017985
2026-01-18 20:53:15.243,22.39934459872285,11.26117995062259,5.5111978068835015,7.982608361484381,3.9624398217656562,5.938999653060819
2026-01-18 20:53:16.270,22.39934459872285,11.262758425971242,5.511592676595683,7.984029892448234,3.959517785895514,5.938525809406201
2026-01-18 20:53:17.296,22.39934459872285,11.24855214783338,5.511908572365428,7.981344778405401,3.9608603429169307,5.941131949506598
2026-01-18 20:53:18.323,22.40664013255116,11.245395197136077,5.5120665202503005,7.9833191269663075,3.9588070204135875,5.945949359995211
2026-01-18 20:53:19.354,22.40664013255116,11.285646318526688,5.5120665202503005,7.983398100908744,3.9590439422408963,5.94681807336201
2026-01-18 20:53:20.382,22.39934459872285,11.26117995062259,5.51143472871081,7.9818975960024545,3.9596757337803865,5.948713447980481
2026-01-18 20:53:21.412,22.40664013255116,11.280910892480733,5.511908572365428,7.9818975960024545,3.960149577435004,5.952188301447677
2026-01-18 20:53:22.442,22.39934459872285,11.27775394178343,5.511750624480555,7.981502726290273,3.9590439422408963,5.955268285202692
2026-01-18 20:53:23.470,22.40664013255116,11.265915376668545,5.512382416020046,7.983240153023871,3.9588070204135875,5.9563739203968
2026-01-18 20:53:24.495,22.40664013255116,11.230399681323888,5.5126193378473545,7.981660674175146,3.9603075253198767,5.958901086554761
2026-01-18 20:53:25.523,22.39934459872285,11.287224793875339,5.511829598422992,7.980949908693219,3.958649072528715,5.963244653388756
2026-01-18 20:53:26.551,22.40664013255116,11.278543179457756,5.512461389962482,7.982529387541945,3.960623421089622,5.963086705503883
2026-01-18 20:53:27.579,22.40664013255116,11.27775394178343,5.512145494192737,7.9818975960024545,3.959201890125769,5.967114376568134
2026-01-18 20:53:28.605,22.40664013255116,11.28880326922399,5.512224468135173,7.981976569944891,3.9590439422408963,5.969246673013913
2026-01-18 20:53:29.633,22.40664013255116,11.25013062318203,5.5129352336171,7.980949908693219,3.9603075253198767,5.970905125805075
2026-01-18 20:53:30.664,22.413935666379473,11.29985259666455,5.512698311789791,7.981186830520528,3.961492134456421,5.9739061356176535
2026-01-18 20:53:31.692,22.40664013255116,11.297484883641573,5.512777285732227,7.981265804462964,3.959833681665259,5.977144067257541
2026-01-18 20:53:32.723,22.40664013255116,11.289592506898316,5.513645999099026,7.982055543887327,3.960070603492568,5.980934816494482
2026-01-18 20:53:33.752,22.40664013255116,11.253287573879334,5.513014207559536,7.981581700232709,3.9602285513774405,5.9810137904369185
2026-01-18 20:53:34.783,22.413935666379473,11.256444524576636,5.5129352336171,7.982608361484381,3.9622818738807837,5.985041461501169
2026-01-18 20:53:35.811,22.40664013255116,11.271440040388825,5.513882920926335,7.983082205138999,3.960149577435004,5.987173757946948
2026-01-18 20:53:36.838,22.413935666379473,11.258812237599614,5.513172155444408,7.9818975960024545,3.959280864068205,5.98883221073811
2026-01-18 20:53:37.868,22.413935666379473,11.245395197136077,5.513330103329281,7.980791960808347,3.9585700985862786,5.990727585356581
2026-01-18 20:53:38.898,22.40664013255116,11.268283089691522,5.5134880512141535,7.981502726290273,3.9591229161833326,5.993728595169159
2026-01-18 20:53:39.929,22.40664013255116,11.247762910159054,5.513961894868771,7.9810288826356555,3.960070603492568,5.99625576132712
2026-01-18 20:53:40.954,22.413935666379473,11.288014031549665,5.514514712465825,7.983082205138999,3.9590439422408963,5.999414719024571
2026-01-18 20:53:41.980,22.413935666379473,11.280121654806408,5.513961894868771,7.982766309369254,3.96236084782322,6.001389067585478
2026-01-18 20:53:43.010,22.40664013255116,11.260390712948265,5.514435738523389,7.981660674175146,3.960149577435004,6.0037582858585665
2026-01-18 20:53:44.036,22.40664013255116,11.263547663645568,5.514672660350698,7.982766309369254,3.95896496829846,6.0071541653833265
2026-01-18 20:53:45.068,22.40664013255116,11.284857080852362,5.514672660350698,7.981502726290273,3.9599916295501316,6.0114187582748855
2026-01-18 20:53:46.097,22.413935666379473,11.297484883641573,5.514514712465825,7.981107856578092,3.9622028999383474,6.012050549814376
2026-01-18 20:53:47.124,22.413935666379473,11.246184434810402,5.515146504005315,7.982608361484381,3.962044952053475,6.014893611742082
2026-01-18 20:53:48.148,22.413935666379473,11.258022999925288,5.514514712465825,7.981502726290273,3.960386499262313,6.017025908187861
2026-01-18 20:53:49.176,22.413935666379473,11.260390712948265,5.515225477947752,7.981818622060018,3.9588070204135875,6.0213694750218565
2026-01-18 20:53:50.203,22.413935666379473,11.249341385507705,5.515699321602369,7.981976569944891,3.9584911246438423,6.022001266561347
2026-01-18 20:53:51.230,22.413935666379473,11.280910892480733,5.515225477947752,7.981107856578092,3.9624398217656562,6.024765354546616
2026-01-18 20:53:52.257,22.413935666379473,11.242238246438774,5.514988556120443,7.982055543887327,3.9599916295501316,6.026739703107523
2026-01-18 20:53:53.282,22.413935666379473,11.25565528690231,5.515778295544806,7.981502726290273,3.95896496829846,6.030372504459592
2026-01-18 20:53:54.313,22.40664013255116,11.258812237599614,5.516094191314551,7.982687335426817,3.9619659781110386,6.032346853020499
2026-01-18 20:53:55.342,22.413935666379473,11.258812237599614,5.515778295544806,7.982687335426817,3.9599916295501316,6.035268888890641
2026-01-18 20:53:56.369,22.413935666379473,11.256444524576636,5.5163311131418595,7.982371439657072,3.959280864068205,6.037875028991039
2026-01-18 20:53:57.394,22.40664013255116,11.260390712948265,5.515778295544806,7.9818975960024545,3.9590439422408963,6.039770403609509
2026-01-18 20:53:58.421,22.413935666379473,11.240659771090122,5.516173165256987,7.982608361484381,3.95896496829846,6.043087309191833
2026-01-18 20:53:59.449,22.413935666379473,11.258022999925288,5.5163311131418595,7.9822134917722,3.9591229161833326,6.047114980256083
2026-01-18 20:54:00.479,22.413935666379473,11.249341385507705,5.516252139199423,7.981502726290273,3.9590439422408963,6.047983693622882
2026-01-18 20:54:01.506,22.413935666379473,11.247762910159054,5.516252139199423,7.982134517829763,3.9624398217656562,6.052169312572005
2026-01-18 20:54:02.535,22.413935666379473,11.300641834338876,5.516489061026732,7.983161179081435,3.9602285513774405,6.052880078053931
2026-01-18 20:54:03.563,22.413935666379473,11.26670461434287,5.516252139199423,7.98284528331169,3.960386499262313,6.057223644887927
2026-01-18 20:54:04.591,22.413935666379473,11.301431072013202,5.5163311131418595,7.98071298686591,3.9591229161833326,6.057776462484981
2026-01-18 20:54:05.618,22.40664013255116,11.240659771090122,5.517278800451095,7.981818622060018,3.962597769650529,6.06054055047025
2026-01-18 20:54:06.676,22.413935666379473,11.231188918998214,5.517515722278404,7.982134517829763,3.9610972647442395,6.06267284691603
2026-01-18 20:54:07.706,22.413935666379473,11.269072327365848,5.517436748335967,7.981818622060018,3.959280864068205,6.065515908843736
2026-01-18 20:54:08.735,22.421231200207785,11.263547663645568,5.517436748335967,7.983082205138999,3.95896496829846,6.068990762310932
2026-01-18 20:54:09.766,22.413935666379473,11.29985259666455,5.517199826508659,7.982371439657072,3.9593598380106414,6.070017423562604
2026-01-18 20:54:10.797,22.413935666379473,11.300641834338876,5.51759469622084,7.981344778405401,3.9604654732047493,6.0734922770298
2026-01-18 20:54:11.824,22.413935666379473,11.285646318526688,5.517199826508659,7.981344778405401,3.9599916295501316,6.075308677705834
2026-01-18 20:54:12.855,22.413935666379473,11.263547663645568,5.517831618048149,7.981976569944891,3.959517785895514,6.0796522445398296
2026-01-18 20:54:13.881,22.413935666379473,11.261969188296916,5.517515722278404,7.983240153023871,3.9590439422408963,6.080047114252011
2026-01-18 20:54:14.911,22.413935666379473,11.29432793294427,5.517436748335967,7.9824504135995085,3.9622818738807837,6.083285045891898
2026-01-18 20:54:15.936,22.413935666379473,11.275386228760453,5.51822648776033,7.980791960808347,3.959201890125769,6.085180420510369
2026-01-18 20:54:16.966,22.421231200207785,11.310112686430784,5.518147513817894,7.9822134917722,3.9624398217656562,6.0901557788838545
2026-01-18 20:54:17.994,22.413935666379473,11.30537726038483,5.517673670163276,7.981581700232709,3.9599126556076953,6.089997830998982
2026-01-18 20:54:19.023,22.421231200207785,11.273018515737476,5.517910591990585,7.980949908693219,3.960386499262313,6.093393710523742
2026-01-18 20:54:20.052,22.421231200207785,11.263547663645568,5.518384435645203,7.982766309369254,3.9608603429169307,6.095052163314904
2026-01-18 20:54:21.079,22.413935666379473,11.26670461434287,5.518068539875458,7.981502726290273,3.959833681665259,6.097974199185046
2026-01-18 20:54:22.105,22.413935666379473,11.279332417132082,5.51822648776033,7.981660674175146,3.9593598380106414,6.100422391400571
2026-01-18 20:54:23.131,22.421231200207785,11.265915376668545,5.518463409587639,7.982371439657072,3.959517785895514,6.10468698429213
2026-01-18 20:54:24.160,22.413935666379473,11.308534211082133,5.518384435645203,7.981739648117582,3.9605444471471856,6.105634671601365
2026-01-18 20:54:25.187,22.413935666379473,11.304588022710504,5.51885827929982,7.982608361484381,3.9594388119530777,6.109267472953434
2026-01-18 20:54:26.217,22.413935666379473,11.246184434810402,5.5191741750695655,7.981502726290273,3.9608603429169307,6.110531056032414
2026-01-18 20:54:27.242,22.421231200207785,11.26117995062259,5.519411096896874,7.982608361484381,3.9603075253198767,6.112347456708449
2026-01-18 20:54:28.270,22.413935666379473,11.303009547361853,5.519963914493928,7.983082205138999,3.9605444471471856,6.116454101715135
2026-01-18 20:54:29.300,22.413935666379473,11.263547663645568,5.519884940551492,7.983082205138999,3.9599126556076953,6.117559736909243
2026-01-18 20:54:30.330,22.421231200207785,11.30537726038483,5.5191741750695655,7.9824504135995085,3.9633085351324553,6.121034590376439
2026-01-18 20:54:31.362,22.421231200207785,11.285646318526688,5.519884940551492,7.981660674175146,3.960702395032058,6.124351495958763
2026-01-18 20:54:32.386,22.421231200207785,11.273018515737476,5.520042888436365,7.981423752347837,3.960702395032058,6.126088922692361
2026-01-18 20:54:33.415,22.421231200207785,11.269861565040173,5.519569044781747,7.9838719445633615,3.961255212629112,6.128300193080577
2026-01-18 20:54:34.447,22.421231200207785,11.261969188296916,5.519648018724183,7.982529387541945,3.9608603429169307,6.1299586458717386
2026-01-18 20:54:35.477,22.421231200207785,11.247762910159054,5.519963914493928,7.9818975960024545,3.9610182908018032,6.1339073429935524
2026-01-18 20:54:36.508,22.428526734036154,11.304588022710504,5.520437758148546,7.983240153023871,3.959754707722823,6.135486821842278
2026-01-18 20:54:37.538,22.421231200207785,11.29985259666455,5.520200836321237,7.983003231196562,3.959754707722823,6.140067310503582
2026-01-18 20:54:38.564,22.421231200207785,11.240659771090122,5.520832627860727,7.982055543887327,3.9618870041686023,6.1404621802157635
2026-01-18 20:54:39.592,22.421231200207785,11.290381744572642,5.520753653918291,7.981502726290273,3.9607813689744944,6.143621137913215
2026-01-18 20:54:40.619,22.421231200207785,11.274596991086128,5.520911601803164,7.982766309369254,3.960939316859367,6.145911382243867
2026-01-18 20:54:41.645,22.428526734036154,11.258812237599614,5.520753653918291,7.981265804462964,3.9607813689744944,6.148043678689646
2026-01-18 20:54:42.674,22.428526734036154,11.304588022710504,5.520911601803164,7.981660674175146,3.962123925995911,6.1504128969627345
2026-01-18 20:54:43.707,22.428526734036154,11.26670461434287,5.521543393342654,7.982371439657072,3.961255212629112,6.152545193408514
2026-01-18 20:54:44.734,22.428526734036154,11.269861565040173,5.521464419400218,7.981581700232709,3.960149577435004,6.156967734184946
2026-01-18 20:54:45.761,22.428526734036154,11.269072327365848,5.521069549688036,7.981107856578092,3.960702395032058,6.159731822170215
2026-01-18 20:54:46.788,22.421231200207785,11.279332417132082,5.52162236728509,7.981739648117582,3.961176238686676,6.160442587652142
2026-01-18 20:54:47.816,22.428526734036154,11.271440040388825,5.52162236728509,7.982134517829763,3.9610182908018032,6.1637594932344655
2026-01-18 20:54:48.844,22.428526734036154,11.2430274841131,5.521701341227526,7.981581700232709,3.959517785895514,6.165970763622681
2026-01-18 20:54:49.873,22.428526734036154,11.239081295741471,5.52162236728509,7.981581700232709,3.961176238686676,6.168813825550387
2026-01-18 20:54:50.904,22.428526734036154,11.269072327365848,5.521543393342654,7.98347707485118,3.9610182908018032,6.170788174111294
2026-01-18 20:54:51.930,22.428526734036154,11.251709098530682,5.521543393342654,7.981976569944891,3.9596757337803865,6.17236765296002
2026-01-18 20:54:52.957,22.428526734036154,11.263547663645568,5.52225415882458,7.981818622060018,3.9637034048446367,6.174815845175544
2026-01-18 20:54:53.988,22.43582226786441,11.263547663645568,5.521859289112399,7.9810288826356555,3.959754707722823,6.177106089506196
2026-01-18 20:54:55.013,22.428526734036154,11.26117995062259,5.522491080651889,7.98284528331169,3.9637034048446367,6.18042299508852
2026-01-18 20:54:56.045,22.428526734036154,11.260390712948265,5.522175184882144,7.9810288826356555,3.9595967598379502,6.182002473937246
2026-01-18 20:54:57.070,22.428526734036154,11.2706508027145,5.522333132767017,7.98284528331169,3.9619659781110386,6.184924509807388
2026-01-18 20:54:58.100,22.428526734036154,11.258022999925288,5.522806976421634,7.982055543887327,3.962044952053475,6.188162441447275
2026-01-18 20:54:59.129,22.428526734036154,11.256444524576636,5.522964924306507,7.981581700232709,3.9608603429169307,6.190215763950619
2026-01-18 20:55:00.158,22.428526734036154,11.254866049227985,5.522885950364071,7.9822134917722,3.961255212629112,6.192348060396398
2026-01-18 20:55:01.185,22.43582226786441,11.279332417132082,5.522728002479198,7.982529387541945,3.9628346914778376,6.195349070208977
2026-01-18 20:55:02.215,22.43582226786441,11.23750282039282,5.523043898248943,7.982924257254126,3.961571108398857,6.198508027906428
2026-01-18 20:55:03.246,22.43582226786441,11.233556632021191,5.523043898248943,7.982687335426817,3.9608603429169307,6.201035194064389
2026-01-18 20:55:04.276,22.43582226786441,11.263547663645568,5.522649028536762,7.9818975960024545,3.9631505872475827,6.2041151778194035
2026-01-18 20:55:05.306,22.428526734036154,11.275386228760453,5.522964924306507,7.980791960808347,3.9630716133051465,6.205852604553002
2026-01-18 20:55:06.332,22.43582226786441,11.261969188296916,5.522728002479198,7.982292465714636,3.9607813689744944,6.207747979171472
2026-01-18 20:55:07.358,22.43582226786441,11.245395197136077,5.523675689788433,7.9818975960024545,3.960939316859367,6.210827962926487
2026-01-18 20:55:08.387,22.43582226786441,11.263547663645568,5.523912611615742,7.982371439657072,3.9633085351324553,6.212960259372267
2026-01-18 20:55:09.418,22.43582226786441,11.26670461434287,5.523675689788433,7.981423752347837,3.9608603429169307,6.214776660048301
2026-01-18 20:55:10.445,22.44311780169278,11.260390712948265,5.523833637673306,7.981660674175146,3.9608603429169307,6.217540748033571
2026-01-18 20:55:11.470,22.43582226786441,11.253287573879334,5.523833637673306,7.981818622060018,3.9625187957080925,6.221094575443203
2026-01-18 20:55:12.501,22.43582226786441,11.242238246438774,5.524070559500615,7.9833191269663075,3.9602285513774405,6.224964298622581
2026-01-18 20:55:13.528,22.43582226786441,11.23197815667254,5.524702351040105,7.983161179081435,3.9624398217656562,6.225122246507453
2026-01-18 20:55:14.560,22.43582226786441,11.24855214783338,5.523912611615742,7.982292465714636,3.960149577435004,6.229070943629267
2026-01-18 20:55:15.591,22.44311780169278,11.258022999925288,5.524623377097669,7.981976569944891,3.959754707722823,6.229939656996066
2026-01-18 20:55:16.617,22.44311780169278,11.245395197136077,5.524070559500615,7.981818622060018,3.9604654732047493,6.233572458348135
2026-01-18 20:55:17.647,22.44311780169278,11.261969188296916,5.524939272867414,7.983240153023871,3.9633085351324553,6.237600129412385
2026-01-18 20:55:18.674,22.44311780169278,11.253287573879334,5.525176194694723,7.981818622060018,3.960702395032058,6.237600129412385
2026-01-18 20:55:19.703,22.43582226786441,11.250919860856357,5.52501824680985,7.981660674175146,3.9607813689744944,6.2402062695127825
2026-01-18 20:55:20.733,22.43582226786441,11.253287573879334,5.5254131165220315,7.981581700232709,3.9596757337803865,6.245655471540886
2026-01-18 20:55:21.762,22.44311780169278,11.251709098530682,5.524939272867414,7.983161179081435,3.960070603492568,6.245971367310631
2026-01-18 20:55:22.787,22.44311780169278,11.236713582718494,5.525255168637159,7.981660674175146,3.9633085351324553,6.248893403180773
2026-01-18 20:55:23.813,22.43582226786441,11.25407681155366,5.525255168637159,7.982687335426817,3.9604654732047493,6.250630829914371
2026-01-18 20:55:24.844,22.44311780169278,11.282489367829385,5.526044908061522,7.9824504135995085,3.9599126556076953,6.253394917899641
2026-01-18 20:55:25.874,22.43582226786441,11.250919860856357,5.525176194694723,7.983082205138999,3.9630716133051465,6.256632849539528
2026-01-18 20:55:26.900,22.44311780169278,11.26512613899422,5.5262818298888305,7.9822134917722,3.9631505872475827,6.26042359877647
2026-01-18 20:55:27.930,22.44311780169278,11.234345869695517,5.525886960176649,7.982371439657072,3.9610182908018032,6.260818468488651
2026-01-18 20:55:28.961,22.44311780169278,11.243816721787425,5.526360803831267,7.9818975960024545,3.961255212629112,6.263898452243666
2026-01-18 20:55:29.985,22.44311780169278,11.291960219921293,5.525492090464468,7.982134517829763,3.9599126556076953,6.266267670516754
2026-01-18 20:55:31.012,22.44311780169278,11.260390712948265,5.5262818298888305,7.983003231196562,3.959754707722823,6.268163045135225
2026-01-18 20:55:32.041,22.450413335521034,11.258022999925288,5.526597725658576,7.982371439657072,3.960149577435004,6.271164054947803
2026-01-18 20:55:33.070,22.450413335521034,11.261969188296916,5.526676699601012,7.982134517829763,3.959833681665259,6.2743230126452545
2026-01-18 20:55:34.097,22.44311780169278,11.251709098530682,5.526123882003958,7.981818622060018,3.961255212629112,6.275665569666671
2026-01-18 20:55:35.125,22.44311780169278,11.25565528690231,5.526518751716139,7.982529387541945,3.9599916295501316,6.279140423133867
2026-01-18 20:55:36.152,22.44311780169278,11.26670461434287,5.527071569313193,7.983398100908744,3.9604654732047493,6.281035797752338
2026-01-18 20:55:37.178,22.450413335521034,11.261969188296916,5.527071569313193,7.981265804462964,3.9610182908018032,6.283641937852735
2026-01-18 20:55:38.204,22.450413335521034,11.25960147527394,5.527071569313193,7.981581700232709,3.9596757337803865,6.287432687089677
2026-01-18 20:55:39.229,22.450413335521034,11.276175466434779,5.527229517198066,7.98347707485118,3.9599126556076953,6.288459348341348
2026-01-18 20:55:40.256,22.450413335521034,11.27775394178343,5.527545412967811,7.982766309369254,3.959754707722823,6.291302410269054
2026-01-18 20:55:41.285,22.450413335521034,11.252498336205008,5.527071569313193,7.981186830520528,3.960702395032058,6.294382394024069
2026-01-18 20:55:42.312,22.450413335521034,11.243816721787425,5.52715054325563,7.982055543887327,3.9605444471471856,6.298962882685373
2026-01-18 20:55:43.342,22.450413335521034,11.256444524576636,5.527624386910247,7.982371439657072,3.961255212629112,6.299357752397555
2026-01-18 20:55:44.370,22.450413335521034,11.25407681155366,5.527387465082938,7.983003231196562,3.9610182908018032,6.302279788267697
2026-01-18 20:55:45.401,22.450413335521034,11.229610443649563,5.5277033608526835,7.981581700232709,3.9622818738807837,6.3061495114470745
2026-01-18 20:55:46.428,22.450413335521034,11.23197815667254,5.528335152392174,7.981344778405401,3.9637034048446367,6.308202833950418
2026-01-18 20:55:47.454,22.457708869349403,11.25565528690231,5.528177204507301,7.981976569944891,3.960070603492568,6.309150521259653
2026-01-18 20:55:48.481,22.450413335521034,11.258812237599614,5.52841412633461,7.982529387541945,3.9607813689744944,6.31112486982056
2026-01-18 20:55:49.512,22.450413335521034,11.26512613899422,5.527861308737556,7.983003231196562,3.960070603492568,6.31388895780583
2026-01-18 20:55:50.547,22.457708869349403,11.253287573879334,5.528335152392174,7.9824504135995085,3.960149577435004,6.316495097906227
2026-01-18 20:55:51.574,22.450413335521034,11.261969188296916,5.52841412633461,7.982134517829763,3.960386499262313,6.320285847143168
2026-01-18 20:55:52.601,22.450413335521034,11.256444524576636,5.5291248918165365,7.9822134917722,3.961176238686676,6.322970961186002
2026-01-18 20:55:53.626,22.46500440317766,11.276175466434779,5.528730022104355,7.981423752347837,3.961176238686676,6.323997622437673
2026-01-18 20:55:54.656,22.457708869349403,11.233556632021191,5.528808996046791,7.982134517829763,3.9633875090748916,6.327235554077561
2026-01-18 20:55:55.687,22.457708869349403,11.241449008764448,5.528572074219483,7.982608361484381,3.9605444471471856,6.329920668120394
2026-01-18 20:55:56.716,22.457708869349403,11.244605959461751,5.528808996046791,7.982292465714636,3.963782378787073,6.33150014696912
2026-01-18 20:55:57.746,22.46500440317766,11.221718066906305,5.528808996046791,7.982371439657072,3.9633875090748916,6.33489602649388
2026-01-18 20:55:58.775,22.457708869349403,11.261969188296916,5.529361813643845,7.982371439657072,3.961176238686676,6.336238583515296
2026-01-18 20:55:59.802,22.46500440317766,11.264336901319894,5.528808996046791,7.982055543887327,3.9602285513774405,6.339713436982493
2026-01-18 20:56:00.832,22.457708869349403,11.231188918998214,5.528730022104355,7.981581700232709,3.9616500823412935,6.3416877855433995
2026-01-18 20:56:01.856,22.457708869349403,11.262758425971242,5.529756683356027,7.982924257254126,3.9605444471471856,6.343978029874052
2026-01-18 20:56:02.881,22.46500440317766,11.295117170618596,5.528966943931664,7.9822134917722,3.9633875090748916,6.34634724814714
2026-01-18 20:56:03.910,22.46500440317766,11.264336901319894,5.529519761528718,7.981502726290273,3.963545456959764,6.349190310074846
2026-01-18 20:56:04.941,22.46500440317766,11.25565528690231,5.529914631240899,7.982924257254126,3.9608603429169307,6.3521913198874245
2026-01-18 20:56:05.968,22.46500440317766,11.25407681155366,5.529598735471154,7.982766309369254,3.960070603492568,6.353849772678586
2026-01-18 20:56:06.996,22.46500440317766,11.278543179457756,5.530388474895517,7.982055543887327,3.9610972647442395,6.358983078936944
2026-01-18 20:56:08.022,22.46500440317766,11.260390712948265,5.529914631240899,7.9818975960024545,3.9599916295501316,6.358588209224763
2026-01-18 20:56:09.047,22.457708869349403,11.256444524576636,5.530072579125772,7.982529387541945,3.960070603492568,6.360878453555415
2026-01-18 20:56:10.075,22.46500440317766,11.291170982246967,5.530625396722826,7.982292465714636,3.9605444471471856,6.363405619713376
2026-01-18 20:56:11.103,22.457708869349403,11.241449008764448,5.530388474895517,7.981818622060018,3.960702395032058,6.366959447123008
2026-01-18 20:56:12.127,22.46500440317766,11.228031968300911,5.530388474895517,7.982529387541945,3.9618870041686023,6.370276352705332
2026-01-18 20:56:13.152,22.46500440317766,11.288014031549665,5.530625396722826,7.982529387541945,3.961492134456421,6.370908144244822
2026-01-18 20:56:14.178,22.46500440317766,11.273807753411802,5.531020266435007,7.981739648117582,3.9610182908018032,6.374225049827146
2026-01-18 20:56:15.205,22.46500440317766,11.24855214783338,5.530783344607698,7.982134517829763,3.959833681665259,6.376752215985107
2026-01-18 20:56:16.233,22.46500440317766,11.258022999925288,5.531020266435007,7.982134517829763,3.9613341865715483,6.380069121567431
2026-01-18 20:56:17.263,22.472299937006028,11.262758425971242,5.531257188262316,7.982766309369254,3.9610182908018032,6.38156962647372
2026-01-18 20:56:18.289,22.46500440317766,11.231188918998214,5.531257188262316,7.98284528331169,3.9631505872475827,6.384728584171171
2026-01-18 20:56:19.319,22.46500440317766,11.273018515737476,5.531415136147189,7.9822134917722,3.9599916295501316,6.387334724271568
2026-01-18 20:56:20.349,22.472299937006028,11.249341385507705,5.531415136147189,7.981976569944891,3.9602285513774405,6.388598307350549
2026-01-18 20:56:21.378,22.472299937006028,11.242238246438774,5.531652057974497,7.982292465714636,3.9630716133051465,6.391362395335818
2026-01-18 20:56:22.405,22.46500440317766,11.265915376668545,5.532125901629115,7.982529387541945,3.960623421089622,6.396574675536613
2026-01-18 20:56:23.431,22.472299937006028,11.25960147527394,5.531494110089625,7.982529387541945,3.960939316859367,6.397127493133667
2026-01-18 20:56:24.463,22.472299937006028,11.284857080852362,5.532204875571551,7.982766309369254,3.9607813689744944,6.398627998039956
2026-01-18 20:56:25.493,22.472299937006028,11.26117995062259,5.531573084032061,7.982529387541945,3.9599916295501316,6.403287460643696
2026-01-18 20:56:26.520,22.472299937006028,11.264336901319894,5.532283849513988,7.982766309369254,3.959754707722823,6.403761304298314
2026-01-18 20:56:27.551,22.472299937006028,11.276964704109105,5.532125901629115,7.98284528331169,3.9596757337803865,6.405893600744093
2026-01-18 20:56:28.581,22.472299937006028,11.254866049227985,5.5319679537442425,7.982687335426817,3.9613341865715483,6.411342802772197
2026-01-18 20:56:29.608,22.472299937006028,11.269072327365848,5.532678719226169,7.982292465714636,3.960939316859367,6.412843307678486
2026-01-18 20:56:30.635,22.472299937006028,11.229610443649563,5.532678719226169,7.9833191269663075,3.9617290562837297,6.414264838642339
2026-01-18 20:56:31.662,22.472299937006028,11.290381744572642,5.532599745283733,7.98284528331169,3.9604654732047493,6.417186874512481
2026-01-18 20:56:32.690,22.472299937006028,11.306955735733482,5.532915641053478,7.9818975960024545,3.9599916295501316,6.419398144900697
2026-01-18 20:56:33.718,22.472299937006028,11.263547663645568,5.533310510765659,7.982529387541945,3.9628346914778376,6.422794024425457
2026-01-18 20:56:34.746,22.472299937006028,11.293538695269945,5.533468458650532,7.981265804462964,3.9595967598379502,6.424610425101491
2026-01-18 20:56:35.777,22.46500440317766,11.26117995062259,5.533547432592968,7.983161179081435,3.960623421089622,6.426900669432143
2026-01-18 20:56:36.808,22.472299937006028,11.295906408292922,5.533468458650532,7.982529387541945,3.960702395032058,6.430691418669085
2026-01-18 20:56:37.834,22.472299937006028,11.285646318526688,5.533547432592968,7.982608361484381,3.960623421089622,6.431876027805629
2026-01-18 20:56:38.861,22.472299937006028,11.257233762250962,5.534100250190022,7.981976569944891,3.959754707722823,6.434245246078717
2026-01-18 20:56:39.891,22.47959547083434,11.301431072013202,5.533547432592968,7.983161179081435,3.960939316859367,6.436693438294242
2026-01-18 20:56:40.918,22.472299937006028,11.23750282039282,5.533705380477841,7.982134517829763,3.9633085351324553,6.440721109358492
2026-01-18 20:56:41.942,22.472299937006028,11.274596991086128,5.534337172017331,7.9818975960024545,3.959833681665259,6.441905718495036
2026-01-18 20:56:42.968,22.47959547083434,11.298274121315899,5.533784354420277,7.981186830520528,3.960386499262313,6.44648620715634
2026-01-18 20:56:43.996,22.472299937006028,11.302220309687527,5.534179224132458,7.982134517829763,3.9596757337803865,6.446644155041213
2026-01-18 20:56:45.023,22.472299937006028,11.302220309687527,5.533784354420277,7.9818975960024545,3.9630716133051465,6.451224643702517
2026-01-18 20:56:46.057,22.472299937006028,11.2706508027145,5.534732041729512,7.981818622060018,3.961176238686676,6.452172331011752
2026-01-18 20:56:47.086,22.47959547083434,11.26512613899422,5.5339423023051495,7.982687335426817,3.9617290562837297,6.454541549284841
2026-01-18 20:56:48.114,22.472299937006028,11.261969188296916,5.534732041729512,7.981976569944891,3.960939316859367,6.456594871788184
2026-01-18 20:56:49.141,22.47959547083434,11.269861565040173,5.534889989614385,7.982055543887327,3.959517785895514,6.459753829485635
2026-01-18 20:56:50.168,22.47959547083434,11.271440040388825,5.534416145959767,7.982924257254126,3.9596757337803865,6.46409739631963
2026-01-18 20:56:51.195,22.47959547083434,11.249341385507705,5.53520588538413,7.982608361484381,3.960386499262313,6.463860474492321
2026-01-18 20:56:52.221,22.47959547083434,11.26670461434287,5.534732041729512,7.981107856578092,3.9605444471471856,6.4670194321897725
2026-01-18 20:56:53.247,22.47959547083434,11.240659771090122,5.534968963556821,7.982529387541945,3.960386499262313,6.4712840250813315
2026-01-18 20:56:54.273,22.472299937006028,11.246184434810402,5.535521781153875,7.98284528331169,3.9622028999383474,6.471126077196459
2026-01-18 20:56:55.305,22.472299937006028,11.265915376668545,5.535758702981184,7.983161179081435,3.959201890125769,6.475627591915327
2026-01-18 20:56:56.333,22.47959547083434,11.27775394178343,5.535916650866056,7.983003231196562,3.9593598380106414,6.478786549612778
2026-01-18 20:56:57.365,22.47959547083434,11.251709098530682,5.536074598750929,7.982134517829763,3.960386499262313,6.480681924231249
2026-01-18 20:56:58.395,22.472299937006028,11.239081295741471,5.5353638332690025,7.981581700232709,3.962676743592965,6.481392689713175
2026-01-18 20:56:59.424,22.47959547083434,11.250919860856357,5.5362325466358016,7.982134517829763,3.960070603492568,6.483998829813572
2026-01-18 20:57:00.451,22.472299937006028,11.26512613899422,5.536074598750929,7.982687335426817,3.9596757337803865,6.485894204432043
2026-01-18 20:57:01.477,22.47959547083434,11.267493852017196,5.535916650866056,7.982687335426817,3.962676743592965,6.489842901553857
2026-01-18 20:57:02.504,22.47959547083434,11.26670461434287,5.536390494520674,7.983556048793616,3.9616500823412935,6.4931598071361805
2026-01-18 20:57:03.535,22.47959547083434,11.276175466434779,5.536311520578238,7.981818622060018,3.9618870041686023,6.495844921179014
2026-01-18 20:57:04.565,22.472299937006028,11.276175466434779,5.5362325466358016,7.982134517829763,3.9604654732047493,6.496397738776068
2026-01-18 20:57:05.597,22.472299937006028,11.26512613899422,5.536311520578238,7.983240153023871,3.960386499262313,6.49931977464621
2026-01-18 20:57:06.627,22.47959547083434,11.250919860856357,5.536706390290419,7.981660674175146,3.9594388119530777,6.502399758401225
2026-01-18 20:57:07.658,22.47959547083434,11.235135107369842,5.537101260002601,7.9824504135995085,3.962676743592965,6.504926924559186
2026-01-18 20:57:08.682,22.472299937006028,11.258812237599614,5.537101260002601,7.9822134917722,3.9605444471471856,6.507533064659583
2026-01-18 20:57:09.709,22.47959547083434,11.276175466434779,5.536706390290419,7.984029892448234,3.959754707722823,6.509191517450745
2026-01-18 20:57:10.738,22.472299937006028,11.269861565040173,5.536390494520674,7.982055543887327,3.959280864068205,6.5116397096662695
2026-01-18 20:57:11.767,22.47959547083434,11.27222927806315,5.537022286060164,7.981186830520528,3.9594388119530777,6.513456110342304
2026-01-18 20:57:12.793,22.47959547083434,11.25960147527394,5.536943312117728,7.982371439657072,3.959517785895514,6.517009937751936
2026-01-18 20:57:13.820,22.472299937006028,11.25407681155366,5.53646946846311,7.982055543887327,3.9594388119530777,6.518826338427971
2026-01-18 20:57:14.848,22.472299937006028,11.262758425971242,5.537496129714782,7.982608361484381,3.9590439422408963,6.52095863487375
2026-01-18 20:57:15.875,22.472299937006028,11.269072327365848,5.537733051542091,7.982924257254126,3.959201890125769,6.523959644686329
2026-01-18 20:57:16.903,22.472299937006028,11.28880326922399,5.537575103657218,7.981581700232709,3.9594388119530777,6.527039628441344
2026-01-18 20:57:17.933,22.47959547083434,11.287224793875339,5.537496129714782,7.9822134917722,3.9591229161833326,6.528777055174942
2026-01-18 20:57:18.964,22.472299937006028,11.269861565040173,5.538048947311836,7.981739648117582,3.962597769650529,6.531225247390466
2026-01-18 20:57:19.996,22.47959547083434,11.241449008764448,5.538048947311836,7.982055543887327,3.9593598380106414,6.534226257203045
2026-01-18 20:57:21.025,22.472299937006028,11.261969188296916,5.538285869139145,7.9838719445633615,3.960386499262313,6.538727771921913
2026-01-18 20:57:22.054,22.46500440317766,11.273807753411802,5.538285869139145,7.981976569944891,3.9602285513774405,6.539596485288712
2026-01-18 20:57:23.084,22.472299937006028,11.24855214783338,5.538127921254272,7.982134517829763,3.960939316859367,6.541649807792055
2026-01-18 20:57:24.111,22.472299937006028,11.269072327365848,5.538680738851326,7.982292465714636,3.959517785895514,6.544176973950016
2026-01-18 20:57:25.140,22.47959547083434,11.280910892480733,5.538522790966454,7.981265804462964,3.9594388119530777,6.549073358381065
2026-01-18 20:57:26.169,22.472299937006028,11.273807753411802,5.539154582505944,7.9824504135995085,3.9590439422408963,6.549784123862992
2026-01-18 20:57:27.198,22.472299937006028,11.260390712948265,5.538838686736199,7.983950918505798,3.9603075253198767,6.554048716754551
2026-01-18 20:57:28.223,22.472299937006028,11.268283089691522,5.538996634621071,7.982134517829763,3.960623421089622,6.556023065315458
2026-01-18 20:57:29.251,22.472299937006028,11.258022999925288,5.53860176490889,7.982687335426817,3.9605444471471856,6.55681280473982
2026-01-18 20:57:30.282,22.472299937006028,11.25565528690231,5.538996634621071,7.981739648117582,3.9628346914778376,6.561314319458688
2026-01-18 20:57:31.310,22.46500440317766,11.243816721787425,5.539470478275689,7.981502726290273,3.9599126556076953,6.562577902537669
2026-01-18 20:57:32.341,22.472299937006028,11.271440040388825,5.539707400102998,7.981502726290273,3.960149577435004,6.563920459559085
2026-01-18 20:57:33.369,22.472299937006028,11.265915376668545,5.539154582505944,7.9824504135995085,3.9603075253198767,6.569290687644752
2026-01-18 20:57:34.399,22.472299937006028,11.26512613899422,5.53923355644838,7.981660674175146,3.9627557175354013,6.571265036205659
2026-01-18 20:57:35.429,22.472299937006028,11.30537726038483,5.539312530390816,7.982766309369254,3.962597769650529,6.571975801687586
2026-01-18 20:57:36.454,22.472299937006028,11.284067843178036,5.53923355644838,7.9818975960024545,3.961176238686676,6.574345019960674
2026-01-18 20:57:37.482,22.472299937006028,11.284067843178036,5.539944321930307,7.983161179081435,3.959201890125769,6.576714238233762
2026-01-18 20:57:38.509,22.472299937006028,11.235924345044168,5.540023295872743,7.983082205138999,3.96236084782322,6.579162430449287
2026-01-18 20:57:39.536,22.472299937006028,11.25013062318203,5.540260217700052,7.981265804462964,3.9594388119530777,6.5832690754559735
2026-01-18 20:57:40.560,22.46500440317766,11.26117995062259,5.53986534798787,7.982292465714636,3.960702395032058,6.585796241613934
2026-01-18 20:57:41.589,22.46500440317766,11.263547663645568,5.540418165584924,7.981581700232709,3.9605444471471856,6.588323407771895
2026-01-18 20:57:42.617,22.46500440317766,11.26670461434287,5.5401812437576154,7.982055543887327,3.960070603492568,6.591877235181528
2026-01-18 20:57:43.643,22.46500440317766,11.261969188296916,5.540497139527361,7.982134517829763,3.9603075253198767,6.592430052778582
2026-01-18 20:57:44.671,22.46500440317766,11.295117170618596,5.540734061354669,7.982529387541945,3.9604654732047493,6.597800280864249
2026-01-18 20:57:45.698,22.472299937006028,11.234345869695517,5.540813035297106,7.981502726290273,3.9594388119530777,6.5989059160583565
2026-01-18 20:57:46.727,22.46500440317766,11.288014031549665,5.541286878951723,7.981818622060018,3.960149577435004,6.600011551252464
2026-01-18 20:57:47.751,22.46500440317766,11.23197815667254,5.541523800779032,7.982134517829763,3.959833681665259,6.602459743467989
2026-01-18 20:57:48.779,22.46500440317766,11.264336901319894,5.5410499571244145,7.982687335426817,3.9603075253198767,6.60775099761122
2026-01-18 20:57:49.807,22.46500440317766,11.26117995062259,5.541523800779032,7.982608361484381,3.9599126556076953,6.608777658862891
2026-01-18 20:57:50.837,22.472299937006028,11.269072327365848,5.541207905009287,7.9818975960024545,3.960702395032058,6.611304825020852
2026-01-18 20:57:51.865,22.46500440317766,11.258812237599614,5.54136585289416,7.981976569944891,3.9599916295501316,6.613358147524195
2026-01-18 20:57:52.894,22.46500440317766,11.240659771090122,5.542155592318522,7.98284528331169,3.960702395032058,6.616833000991392
2026-01-18 20:57:53.920,22.46500440317766,11.261969188296916,5.541681748663905,7.982529387541945,3.9591229161833326,6.617780688300627
2026-01-18 20:57:54.947,22.46500440317766,11.26670461434287,5.541839696548777,7.982371439657072,3.9590439422408963,6.622282203019495
2026-01-18 20:57:55.974,22.457708869349403,11.258022999925288,5.542076618376086,7.982687335426817,3.9616500823412935,6.624098603695529
2026-01-18 20:57:57.001,22.46500440317766,11.258812237599614,5.541760722606341,7.981581700232709,3.959201890125769,6.624730395235019
2026-01-18 20:57:58.030,22.46500440317766,11.291170982246967,5.541760722606341,7.982529387541945,3.9591229161833326,6.627415509277853
2026-01-18 20:57:59.060,22.46500440317766,11.300641834338876,5.541760722606341,7.983003231196562,3.959201890125769,6.630811388802613
2026-01-18 20:58:00.089,22.46500440317766,11.23197815667254,5.542708409915576,7.982687335426817,3.960386499262313,6.633101633133265
2026-01-18 20:58:01.118,22.46500440317766,11.29432793294427,5.542392514145831,7.982134517829763,3.9591229161833326,6.635707773233662
2026-01-18 20:58:02.144,22.457708869349403,11.250919860856357,5.542787383858013,7.982292465714636,3.9602285513774405,6.63807699150675
2026-01-18 20:58:03.171,22.46500440317766,11.246973672484728,5.5424714880882675,7.9818975960024545,3.9599126556076953,6.639735444297912
2026-01-18 20:58:04.196,22.46500440317766,11.285646318526688,5.542945331742885,7.982371439657072,3.9604654732047493,6.6429733759378
2026-01-18 20:58:05.223,22.457708869349403,11.258812237599614,5.5424714880882675,7.9822134917722,3.960149577435004,6.644394906901653
2026-01-18 20:58:06.249,22.457708869349403,11.262758425971242,5.542945331742885,7.9824504135995085,3.9617290562837297,6.647395916714231
2026-01-18 20:58:07.277,22.46500440317766,11.297484883641573,5.543340201455067,7.982687335426817,3.9604654732047493,6.650791796238991
2026-01-18 20:58:08.303,22.46500440317766,11.28327860550371,5.543419175397503,7.982529387541945,3.959833681665259,6.6526081969150255
2026-01-18 20:58:09.329,22.46500440317766,11.262758425971242,5.543971992994557,7.982608361484381,3.9610182908018032,6.655846128554913
2026-01-18 20:58:10.358,22.46500440317766,11.26117995062259,5.543577123282375,7.982924257254126,3.9602285513774405,6.659952773561599
2026-01-18 20:58:11.387,22.46500440317766,11.267493852017196,5.543103279627758,7.983003231196562,3.960149577435004,6.661295330583016
2026-01-18 20:58:12.415,22.46500440317766,11.26670461434287,5.543498149339939,7.982924257254126,3.9593598380106414,6.663743522798541
2026-01-18 20:58:13.444,22.46500440317766,11.25960147527394,5.543735071167248,7.981502726290273,3.9622818738807837,6.667376324150609
2026-01-18 20:58:14.474,22.46500440317766,11.262758425971242,5.543577123282375,7.983556048793616,3.9595967598379502,6.670219386078315
2026-01-18 20:58:15.498,22.46500440317766,11.246973672484728,5.543971992994557,7.982924257254126,3.9625187957080925,6.669982464251007
2026-01-18 20:58:16.526,22.46500440317766,11.26117995062259,5.544366862706738,7.981818622060018,3.9604654732047493,6.673694239545512
2026-01-18 20:58:17.551,22.46500440317766,11.284067843178036,5.544603784534047,7.982529387541945,3.960623421089622,6.676300379645909
2026-01-18 20:58:18.578,22.472299937006028,11.260390712948265,5.544840706361356,7.981660674175146,3.960623421089622,6.679143441573615
2026-01-18 20:58:19.605,22.46500440317766,11.247762910159054,5.544682758476483,7.980870934750783,3.9590439422408963,6.680959842249649
2026-01-18 20:58:20.632,22.457708869349403,11.275386228760453,5.54476173241892,7.982371439657072,3.9605444471471856,6.683408034465174
2026-01-18 20:58:21.660,22.472299937006028,11.262758425971242,5.544366862706738,7.982687335426817,3.960149577435004,6.686093148508007
2026-01-18 20:58:22.689,22.46500440317766,11.238292058067145,5.544919680303792,7.9824504135995085,3.960386499262313,6.689094158320586
2026-01-18 20:58:23.717,22.46500440317766,11.284857080852362,5.544287888764302,7.982134517829763,3.959280864068205,6.690199793514694
2026-01-18 20:58:24.744,22.472299937006028,11.264336901319894,5.544603784534047,7.981976569944891,3.9594388119530777,6.69367464698189
2026-01-18 20:58:25.771,22.46500440317766,11.246184434810402,5.544840706361356,7.982608361484381,3.9616500823412935,6.697860265931013
2026-01-18 20:58:26.808,22.46500440317766,11.249341385507705,5.545077628188665,7.982766309369254,3.9605444471471856,6.698886927182684
2026-01-18 20:58:27.834,22.46500440317766,11.256444524576636,5.5453145500159735,7.982766309369254,3.9604654732047493,6.700624353916282
2026-01-18 20:58:28.862,22.46500440317766,11.257233762250962,5.545156602131101,7.9810288826356555,3.9595967598379502,6.703467415843988
2026-01-18 20:58:29.888,22.46500440317766,11.271440040388825,5.544998654246228,7.9818975960024545,3.96236084782322,6.705283816520023
2026-01-18 20:58:30.916,22.46500440317766,11.25013062318203,5.544840706361356,7.981660674175146,3.959280864068205,6.707495086908239
2026-01-18 20:58:31.944,22.472299937006028,11.25407681155366,5.54539352395841,7.981739648117582,3.960623421089622,6.711127888260307
2026-01-18 20:58:32.972,22.46500440317766,11.268283089691522,5.545472497900846,7.982687335426817,3.961255212629112,6.715234533266994
2026-01-18 20:58:34.002,22.472299937006028,11.257233762250962,5.545472497900846,7.9818975960024545,3.9599126556076953,6.71594529874892
2026-01-18 20:58:35.028,22.472299937006028,11.261969188296916,5.545788393670591,7.9818975960024545,3.9604654732047493,6.718393490964445
2026-01-18 20:58:36.054,22.472299937006028,11.243816721787425,5.5460253154979,7.982055543887327,3.960623421089622,6.721078605007278
2026-01-18 20:58:37.081,22.472299937006028,11.276175466434779,5.546183263382773,7.982134517829763,3.963545456959764,6.7242375627047295
2026-01-18 20:58:38.107,22.46500440317766,11.258022999925288,5.546183263382773,7.98284528331169,3.959754707722823,6.7256590936685825
2026-01-18 20:58:39.134,22.472299937006028,11.260390712948265,5.546420185210081,7.98284528331169,3.9633875090748916,6.728739077423597
2026-01-18 20:58:40.161,22.46500440317766,11.26117995062259,5.54665710703739,7.982055543887327,3.960386499262313,6.731819061178612
2026-01-18 20:58:41.192,22.472299937006028,11.28327860550371,5.546183263382773,7.983003231196562,3.963229561190019,6.732687774545411
2026-01-18 20:58:42.220,22.472299937006028,11.269072327365848,5.546578133094954,7.982134517829763,3.9607813689744944,6.736399549839916
2026-01-18 20:58:43.259,22.472299937006028,11.25565528690231,5.54665710703739,7.9810288826356555,3.959833681665259,6.738689794170568
2026-01-18 20:58:44.289,22.472299937006028,11.251709098530682,5.547762742231498,7.982055543887327,3.9596757337803865,6.741216960328529
2026-01-18 20:58:45.315,22.47959547083434,11.275386228760453,5.5472888985768805,7.982687335426817,3.9599126556076953,6.742954387062127
2026-01-18 20:58:46.341,22.47959547083434,11.258022999925288,5.5472888985768805,7.982134517829763,3.9599126556076953,6.746587188414196
2026-01-18 20:58:47.367,22.47959547083434,11.253287573879334,5.546973002807135,7.982529387541945,3.960070603492568,6.750062041881392
2026-01-18 20:58:48.394,22.472299937006028,11.258022999925288,5.547367872519317,7.983082205138999,3.9614131605139846,6.7512466510179365
2026-01-18 20:58:49.417,22.47959547083434,11.258022999925288,5.547209924634444,7.981818622060018,3.9599916295501316,6.753852791118334
2026-01-18 20:58:50.446,22.47959547083434,11.26117995062259,5.547051976749572,7.982687335426817,3.9610972647442395,6.755353296024623
2026-01-18 20:58:51.473,22.472299937006028,11.241449008764448,5.547841716173934,7.981660674175146,3.961176238686676,6.758038410067456
2026-01-18 20:58:52.501,22.472299937006028,11.251709098530682,5.547683768289062,7.981423752347837,3.96236084782322,6.762697872671197
2026-01-18 20:58:53.528,22.47959547083434,11.227242730626585,5.547920690116371,7.983161179081435,3.961255212629112,6.764435299404795
2026-01-18 20:58:54.554,22.47959547083434,11.264336901319894,5.547920690116371,7.982371439657072,3.960149577435004,6.765935804311084
2026-01-18 20:58:55.581,22.472299937006028,11.261969188296916,5.5481576119436795,7.982292465714636,3.9608603429169307,6.769963475375334
2026-01-18 20:58:56.608,22.47959547083434,11.2430274841131,5.5481576119436795,7.982924257254126,3.9607813689744944,6.77091116268457
2026-01-18 20:58:57.634,22.47959547083434,11.289592506898316,5.548394533770988,7.981423752347837,3.9599916295501316,6.774701911921511
2026-01-18 20:58:58.660,22.486891004662652,11.247762910159054,5.548473507713425,7.983556048793616,3.9599126556076953,6.7788085569281975
2026-01-18 20:58:59.686,22.47959547083434,11.25407681155366,5.54878940348317,7.981976569944891,3.961808030226166,6.780861879431541
2026-01-18 20:59:00.714,22.47959547083434,11.303798785036179,5.548631455598297,7.981502726290273,3.9610182908018032,6.7816516188559035
2026-01-18 20:59:01.743,22.47959547083434,11.223296542254957,5.54878940348317,7.9833191269663075,3.9602285513774405,6.783389045589502
2026-01-18 20:59:02.769,22.47959547083434,11.278543179457756,5.5487104295407335,7.981739648117582,3.960939316859367,6.785995185689899
2026-01-18 20:59:03.796,22.47959547083434,11.26512613899422,5.548631455598297,7.982529387541945,3.9596757337803865,6.790022856754149
2026-01-18 20:59:04.822,22.486891004662652,11.25013062318203,5.54878940348317,7.982134517829763,3.959754707722823,6.792392075027237
2026-01-18 20:59:05.847,22.486891004662652,11.25565528690231,5.549500168965096,7.983792970620925,3.9596757337803865,6.793260788394036
2026-01-18 20:59:06.875,22.486891004662652,11.227242730626585,5.549500168965096,7.982687335426817,3.9608603429169307,6.796182824264179
2026-01-18 20:59:07.903,22.47959547083434,11.25565528690231,5.549184273195351,7.982608361484381,3.9604654732047493,6.798394094652394
2026-01-18 20:59:08.930,22.494186538490965,11.288014031549665,5.549974012619714,7.980791960808347,3.960623421089622,6.8012371565801
2026-01-18 20:59:09.958,22.494186538490965,11.251709098530682,5.550210934447023,7.981739648117582,3.9633875090748916,6.80273766148639
2026-01-18 20:59:10.986,22.47959547083434,11.228031968300911,5.549737090792405,7.982134517829763,3.9596757337803865,6.807949941687184
2026-01-18 20:59:12.015,22.486891004662652,11.264336901319894,5.549658116849969,7.981344778405401,3.9613341865715483,6.809292498708601
2026-01-18 20:59:13.042,22.486891004662652,11.291960219921293,5.550289908389459,7.982687335426817,3.959833681665259,6.8106350557300175
2026-01-18 20:59:14.070,22.494186538490965,11.26117995062259,5.55005298656215,7.981581700232709,3.9595967598379502,6.813951961312341
2026-01-18 20:59:15.097,22.494186538490965,11.230399681323888,5.5501319605045865,7.982055543887327,3.9608603429169307,6.816084257758121
2026-01-18 20:59:16.123,22.494186538490965,11.256444524576636,5.550447856274332,7.981976569944891,3.960939316859367,6.818927319685827
2026-01-18 20:59:17.152,22.494186538490965,11.2706508027145,5.550210934447023,7.982292465714636,3.9604654732047493,6.82034885064968
2026-01-18 20:59:18.180,22.494186538490965,11.260390712948265,5.55005298656215,7.981186830520528,3.9602285513774405,6.82437652171393
2026-01-18 20:59:19.206,22.494186538490965,11.244605959461751,5.5510006738713855,7.982292465714636,3.9604654732047493,6.826429844217273
2026-01-18 20:59:20.233,22.494186538490965,11.287224793875339,5.550605804159204,7.982529387541945,3.9599916295501316,6.829272906144979
2026-01-18 20:59:21.261,22.494186538490965,11.273018515737476,5.550368882331895,7.982608361484381,3.9599126556076953,6.831642124418067
2026-01-18 20:59:22.287,22.494186538490965,11.254866049227985,5.55068477810164,7.981265804462964,3.9599916295501316,6.8339323687487195
2026-01-18 20:59:23.315,22.501482072319277,11.2430274841131,5.550526830216768,7.982924257254126,3.960149577435004,6.836143639136935
2026-01-18 20:59:24.344,22.501482072319277,11.252498336205008,5.550447856274332,7.9833191269663075,3.96299263936271,6.839539518661695
2026-01-18 20:59:25.372,22.501482072319277,11.26670461434287,5.551158621756258,7.981818622060018,3.9633875090748916,6.841118997510421
2026-01-18 20:59:26.399,22.501482072319277,11.26117995062259,5.5510006738713855,7.9824504135995085,3.9599126556076953,6.843962059438127
2026-01-18 20:59:27.425,22.501482072319277,11.253287573879334,5.551079647813822,7.981739648117582,3.960070603492568,6.846805121365833
2026-01-18 20:59:28.451,22.501482072319277,11.25960147527394,5.551474517526003,7.983082205138999,3.9599916295501316,6.850832792430083
2026-01-18 20:59:29.477,22.501482072319277,11.262758425971242,5.551237595698694,7.983082205138999,3.959754707722823,6.853359958588044
2026-01-18 20:59:30.506,22.501482072319277,11.265915376668545,5.5510006738713855,7.983556048793616,3.9630716133051465,6.8561240465733135
2026-01-18 20:59:31.536,22.501482072319277,11.258022999925288,5.551316569641131,7.983556048793616,3.960070603492568,6.8575455775371665
2026-01-18 20:59:32.564,22.501482072319277,11.24855214783338,5.552027335123057,7.983556048793616,3.9595967598379502,6.858572238788838
2026-01-18 20:59:33.590,22.494186538490965,11.26512613899422,5.55218528300793,7.983398100908744,3.960149577435004,6.861968118313598
2026-01-18 20:59:34.620,22.501482072319277,11.22645349295226,5.551632465410876,7.982608361484381,3.960702395032058,6.864021440816941
2026-01-18 20:59:35.650,22.508777606147646,11.258022999925288,5.5524222048352385,7.9833191269663075,3.9599916295501316,6.867733216111446
2026-01-18 20:59:36.680,22.494186538490965,11.25013062318203,5.552501178777675,7.9810288826356555,3.9599916295501316,6.86978653861479
2026-01-18 20:59:37.710,22.508777606147646,11.257233762250962,5.552659126662547,7.9824504135995085,3.960070603492568,6.872866522369804
2026-01-18 20:59:38.740,22.501482072319277,11.230399681323888,5.551948361180621,7.9822134917722,3.960623421089622,6.876341375837001
2026-01-18 20:59:39.767,22.501482072319277,11.244605959461751,5.553132970317165,7.98284528331169,3.9602285513774405,6.876104454009692
2026-01-18 20:59:40.795,22.508777606147646,11.299063358990225,5.552896048489856,7.982134517829763,3.960070603492568,6.881711603922668
2026-01-18 20:59:41.822,22.508777606147646,11.257233762250962,5.55281707454742,7.982134517829763,3.9595967598379502,6.882027499692413
2026-01-18 20:59:42.851,22.508777606147646,11.25565528690231,5.553132970317165,7.9818975960024545,3.959833681665259,6.884712613735246
2026-01-18 20:59:43.876,22.508777606147646,11.262758425971242,5.552580152720111,7.981502726290273,3.9605444471471856,6.886055170756663
2026-01-18 20:59:44.903,22.508777606147646,11.242238246438774,5.552659126662547,7.983161179081435,3.9595967598379502,6.888582336914624
2026-01-18 20:59:45.929,22.508777606147646,11.258022999925288,5.553211944259601,7.981107856578092,3.959754707722823,6.8913464248998935
2026-01-18 20:59:46.957,22.508777606147646,11.236713582718494,5.553211944259601,7.982371439657072,3.960623421089622,6.89608486144607
2026-01-18 20:59:47.985,22.5160731399759,11.252498336205008,5.553764761856655,7.98284528331169,3.9605444471471856,6.896874600870433
2026-01-18 20:59:49.014,22.508777606147646,11.274596991086128,5.554001683683964,7.982766309369254,3.960070603492568,6.898533053661595
2026-01-18 20:59:50.041,22.508777606147646,11.256444524576636,5.554001683683964,7.982924257254126,3.960386499262313,6.90161303741661
2026-01-18 20:59:51.069,22.508777606147646,11.257233762250962,5.553685787914219,7.981107856578092,3.959517785895514,6.904614047229188
2026-01-18 20:59:52.096,22.5160731399759,11.258022999925288,5.553922709741528,7.981976569944891,3.960702395032058,6.907773004926639
2026-01-18 20:59:53.125,22.508777606147646,11.25565528690231,5.55344886608691,7.981423752347837,3.9622028999383474,6.911326832336272
2026-01-18 20:59:54.152,22.508777606147646,11.256444524576636,5.5538437357990915,7.982371439657072,3.9596757337803865,6.911405806278708
2026-01-18 20:59:55.178,22.5160731399759,11.243816721787425,5.5543965533961455,7.981976569944891,3.9607813689744944,6.915196555515649
2026-01-18 20:59:56.202,22.5160731399759,11.261969188296916,5.5540806576264,7.9818975960024545,3.961176238686676,6.917249878018993
2026-01-18 20:59:57.232,22.5160731399759,11.25565528690231,5.554238605511273,7.9833191269663075,3.95896496829846,6.919382174464772
2026-01-18 20:59:58.260,22.5160731399759,11.243816721787425,5.554633475223454,7.983003231196562,3.9627557175354013,6.9220672885076056
2026-01-18 20:59:59.288,22.508777606147646,11.257233762250962,5.554633475223454,7.982687335426817,3.960149577435004,6.926805725053782
2026-01-18 21:00:00.315,22.5160731399759,11.233556632021191,5.555186292820508,7.9818975960024545,3.9603075253198767,6.928464177844944
2026-01-18 21:00:01.342,22.5160731399759,11.261969188296916,5.554870397050763,7.981107856578092,3.9614131605139846,6.9317021094848315
2026-01-18 21:00:02.368,22.508777606147646,11.25013062318203,5.554712449165891,7.9818975960024545,3.960623421089622,6.932491848909194
2026-01-18 21:00:03.396,22.5160731399759,11.228821205975237,5.555423214647817,7.9822134917722,3.959201890125769,6.936598493915881
2026-01-18 21:00:04.423,22.5160731399759,11.247762910159054,5.555107318878072,7.981107856578092,3.9594388119530777,6.936914389685626
2026-01-18 21:00:05.451,22.5160731399759,11.245395197136077,5.555344240705381,7.983240153023871,3.9622818738807837,6.939915399498204
2026-01-18 21:00:06.478,22.5160731399759,11.25565528690231,5.555186292820508,7.982371439657072,3.959280864068205,6.9425215395986015
2026-01-18 21:00:07.502,22.5160731399759,11.257233762250962,5.55558116253269,7.981818622060018,3.960386499262313,6.943785122677582
2026-01-18 21:00:08.529,22.5160731399759,11.246973672484728,5.555344240705381,7.982055543887327,3.959201890125769,6.946707158547724
2026-01-18 21:00:09.555,22.5160731399759,11.246184434810402,5.5558180843599985,7.982371439657072,3.959280864068205,6.948997402878376
2026-01-18 21:00:10.581,22.5160731399759,11.25960147527394,5.555344240705381,7.981739648117582,3.9605444471471856,6.9538937873094255
2026-01-18 21:00:11.607,22.52336867380427,11.299063358990225,5.5558180843599985,7.981739648117582,3.9603075253198767,6.956026083755205
2026-01-18 21:00:12.634,22.5160731399759,11.280910892480733,5.556133980129744,7.981976569944891,3.9593598380106414,6.956894797122004
2026-01-18 21:00:13.661,22.52336867380427,11.234345869695517,5.555897058302435,7.98284528331169,3.960386499262313,6.961633233668181
2026-01-18 21:00:14.689,22.5160731399759,11.25013062318203,5.555739110417562,7.982371439657072,3.960386499262313,6.962186051265235
2026-01-18 21:00:15.717,22.52336867380427,11.288014031549665,5.556765771669234,7.981660674175146,3.962676743592965,6.9643973216534505
2026-01-18 21:00:16.740,22.5160731399759,11.265915376668545,5.556133980129744,7.980949908693219,3.962676743592965,6.9666875659841025
2026-01-18 21:00:17.764,22.5160731399759,11.29432793294427,5.556055006187307,7.982055543887327,3.9627557175354013,6.970636263105916
2026-01-18 21:00:18.789,22.52336867380427,11.26512613899422,5.556291928014616,7.9818975960024545,3.959517785895514,6.972452663781951
2026-01-18 21:00:19.816,22.52336867380427,11.257233762250962,5.556133980129744,7.982766309369254,3.960070603492568,6.973874194745804
2026-01-18 21:00:20.846,22.5160731399759,11.292749457595619,5.556765771669234,7.982924257254126,3.9605444471471856,6.976243413018892
2026-01-18 21:00:21.874,22.5160731399759,11.234345869695517,5.557002693496543,7.98284528331169,3.9605444471471856,6.98137671927725
2026-01-18 21:00:22.901,22.530664207632526,11.24855214783338,5.557160641381415,7.982529387541945,3.9604654732047493,6.981613641104559
2026-01-18 21:00:23.933,22.52336867380427,11.249341385507705,5.55684474561167,7.983240153023871,3.9628346914778376,6.983982859377647
2026-01-18 21:00:24.960,22.52336867380427,11.284067843178036,5.55747653715116,7.9824504135995085,3.9602285513774405,6.987062843132662
2026-01-18 21:00:25.987,22.52336867380427,11.284067843178036,5.557713458978469,7.981423752347837,3.9605444471471856,6.99156435785153
2026-01-18 21:00:27.016,22.52336867380427,11.249341385507705,5.556765771669234,7.982608361484381,3.9610972647442395,6.992038201506148
2026-01-18 21:00:28.045,22.52336867380427,11.2430274841131,5.557555511093597,7.982766309369254,3.960070603492568,6.996618690167452
2026-01-18 21:00:29.076,22.52336867380427,11.269861565040173,5.557397563208724,7.980318117153729,3.960702395032058,6.999382778152722
2026-01-18 21:00:30.106,22.52336867380427,11.250919860856357,5.557634485036033,7.9824504135995085,3.9605444471471856,6.999145856325413
2026-01-18 21:00:31.137,22.52336867380427,11.271440040388825,5.558029354748214,7.982766309369254,3.959754707722823,7.004279162583771
2026-01-18 21:00:32.163,22.52336867380427,11.25013062318203,5.557555511093597,7.983713996678489,3.959201890125769,7.006095563259805
2026-01-18 21:00:33.193,22.52336867380427,11.261969188296916,5.557871406863342,7.9824504135995085,3.959517785895514,7.007122224511477
2026-01-18 21:00:34.221,22.530664207632526,11.258812237599614,5.558266276575523,7.982055543887327,3.960623421089622,7.009649390669438
2026-01-18 21:00:35.244,22.52336867380427,11.254866049227985,5.557713458978469,7.982924257254126,3.9610972647442395,7.013756035676124
2026-01-18 21:00:36.275,22.530664207632526,11.26117995062259,5.558345250517959,7.983003231196562,3.9594388119530777,7.014466801158051
2026-01-18 21:00:37.301,22.530664207632526,11.25407681155366,5.558503198402832,7.981976569944891,3.960386499262313,7.016678071546266
2026-01-18 21:00:38.332,22.52336867380427,11.256444524576636,5.558345250517959,7.982529387541945,3.960386499262313,7.019758055301281
2026-01-18 21:00:39.363,22.52336867380427,11.264336901319894,5.558266276575523,7.9810288826356555,3.9622028999383474,7.02212727357437
2026-01-18 21:00:40.392,22.52336867380427,11.267493852017196,5.5586611462877045,7.980791960808347,3.9608603429169307,7.024496491847458
2026-01-18 21:00:41.420,22.530664207632526,11.258022999925288,5.55897704205745,7.982766309369254,3.9628346914778376,7.02615494463862
2026-01-18 21:00:42.446,22.530664207632526,11.244605959461751,5.55897704205745,7.983003231196562,3.962044952053475,7.03018261570287
2026-01-18 21:00:43.476,22.530664207632526,11.251709098530682,5.559056015999886,7.981818622060018,3.9604654732047493,7.033815417054939
2026-01-18 21:00:44.503,22.530664207632526,11.232767394346865,5.558819094172577,7.983240153023871,3.9605444471471856,7.033973364939811
2026-01-18 21:00:45.529,22.530664207632526,11.275386228760453,5.5586611462877045,7.982687335426817,3.9593598380106414,7.038316931773807
2026-01-18 21:00:46.553,22.530664207632526,11.260390712948265,5.559134989942322,7.98347707485118,3.960939316859367,7.040054358507405
2026-01-18 21:00:47.581,22.530664207632526,11.263547663645568,5.559213963884758,7.983082205138999,3.9605444471471856,7.042739472550238
2026-01-18 21:00:48.607,22.530664207632526,11.227242730626585,5.559371911769631,7.981976569944891,3.959280864068205,7.045266638708199
2026-01-18 21:00:49.637,22.530664207632526,11.25565528690231,5.559292937827195,7.980870934750783,3.9594388119530777,7.049847127369503
2026-01-18 21:00:50.666,22.530664207632526,11.261969188296916,5.559924729366685,7.981976569944891,3.9599916295501316,7.050952762563611
2026-01-18 21:00:51.692,22.537959741460895,11.26117995062259,5.560398573021303,7.9818975960024545,3.960386499262313,7.052137371700155
2026-01-18 21:00:52.719,22.530664207632526,11.246973672484728,5.559845755424249,7.982371439657072,3.959754707722823,7.054980433627861
2026-01-18 21:00:53.747,22.530664207632526,11.25565528690231,5.560161651193994,7.982371439657072,3.9605444471471856,7.060034765943783
2026-01-18 21:00:54.776,22.530664207632526,11.262758425971242,5.559766781481812,7.982766309369254,3.9608603429169307,7.062088088447126
2026-01-18 21:00:55.807,22.530664207632526,11.257233762250962,5.560635494848611,7.982055543887327,3.9618870041686023,7.062956801813925
2026-01-18 21:00:56.834,22.537959741460895,11.254866049227985,5.5600826772515575,7.981660674175146,3.9603075253198767,7.067458316532793
2026-01-18 21:00:57.859,22.537959741460895,11.253287573879334,5.56087241667592,7.982292465714636,3.9602285513774405,7.0678531862449745
2026-01-18 21:00:58.888,22.537959741460895,11.239870533415797,5.56024062513643,7.982924257254126,3.962676743592965,7.0706962481726805
2026-01-18 21:00:59.915,22.530664207632526,11.25407681155366,5.561109338503229,7.981818622060018,3.9595967598379502,7.0735393101003865
2026-01-18 21:01:00.945,22.537959741460895,11.269861565040173,5.56087241667592,7.981660674175146,3.9605444471471856,7.076698267797838
2026-01-18 21:01:01.973,22.530664207632526,11.234345869695517,5.5609513906183565,7.983398100908744,3.959517785895514,7.077566981164637
2026-01-18 21:01:02.999,22.530664207632526,11.276175466434779,5.560556520906175,7.981423752347837,3.9593598380106414,7.080094147322598
2026-01-18 21:01:04.030,22.537959741460895,11.264336901319894,5.561346260330538,7.982371439657072,3.9610972647442395,7.0820684958835045
2026-01-18 21:01:05.057,22.530664207632526,11.23750282039282,5.5615042082154105,7.981660674175146,3.961571108398857,7.084674635983902
2026-01-18 21:01:06.083,22.537959741460895,11.252498336205008,5.5609513906183565,7.982608361484381,3.9614131605139846,7.087122828199426
2026-01-18 21:01:07.113,22.537959741460895,11.256444524576636,5.561978051870028,7.982371439657072,3.962044952053475,7.0897289682998235
2026-01-18 21:01:08.142,22.537959741460895,11.263547663645568,5.561188312445665,7.982371439657072,3.960386499262313,7.091466395033422
2026-01-18 21:01:09.175,22.537959741460895,11.254866049227985,5.562135999754901,7.98410886639067,3.9613341865715483,7.095336118212799
2026-01-18 21:01:10.205,22.530664207632526,11.228821205975237,5.561346260330538,7.981818622060018,3.9608603429169307,7.098968919564868
2026-01-18 21:01:11.235,22.537959741460895,11.26670461434287,5.561583182157847,7.9822134917722,3.962676743592965,7.101022242068211
2026-01-18 21:01:12.260,22.530664207632526,11.249341385507705,5.561583182157847,7.983713996678489,3.9588859943560237,7.102680694859373
2026-01-18 21:01:13.284,22.537959741460895,11.292749457595619,5.562135999754901,7.982371439657072,3.9599916295501316,7.10528683495977
2026-01-18 21:01:14.310,22.537959741460895,11.258022999925288,5.561978051870028,7.98284528331169,3.960386499262313,7.107814001117731
2026-01-18 21:01:15.336,22.530664207632526,11.24855214783338,5.561899077927592,7.981818622060018,3.9603075253198767,7.110341167275692
2026-01-18 21:01:16.367,22.537959741460895,11.240659771090122,5.562451895524646,7.983240153023871,3.959517785895514,7.113658072858016
2026-01-18 21:01:17.398,22.530664207632526,11.23750282039282,5.562609843409518,7.9824504135995085,3.959280864068205,7.117053952382776
2026-01-18 21:01:18.427,22.537959741460895,11.228031968300911,5.562767791294391,7.982687335426817,3.960386499262313,7.11823856151932
2026-01-18 21:01:19.458,22.537959741460895,11.26512613899422,5.562846765236827,7.983792970620925,3.9627557175354013,7.120370857965099
2026-01-18 21:01:20.484,22.537959741460895,11.285646318526688,5.5629257391792635,7.983556048793616,3.9604654732047493,7.124240581144477
2026-01-18 21:01:21.511,22.537959741460895,11.245395197136077,5.5630047131217,7.982529387541945,3.959833681665259,7.127162617014619
2026-01-18 21:01:22.538,22.537959741460895,11.220139591557654,5.5630047131217,7.9818975960024545,3.960702395032058,7.1286631219209085
2026-01-18 21:01:23.565,22.537959741460895,11.281700130155059,5.563320608891445,7.982371439657072,3.9602285513774405,7.131269262021306
2026-01-18 21:01:24.590,22.537959741460895,11.25013062318203,5.562767791294391,7.9833191269663075,3.961571108398857,7.134033350006575
2026-01-18 21:01:25.616,22.530664207632526,11.228821205975237,5.5629257391792635,7.983003231196562,3.9605444471471856,7.137666151358644
2026-01-18 21:01:26.642,22.530664207632526,11.26512613899422,5.563557530718754,7.981660674175146,3.9591229161833326,7.139719473861987
2026-01-18 21:01:27.669,22.530664207632526,11.258812237599614,5.563320608891445,7.980949908693219,3.96299263936271,7.143115353386747
2026-01-18 21:01:28.697,22.537959741460895,11.252498336205008,5.563399582833881,7.981265804462964,3.962044952053475,7.143352275214056
2026-01-18 21:01:29.724,22.537959741460895,11.239870533415797,5.563715478603626,7.982608361484381,3.959517785895514,7.146511232911507
2026-01-18 21:01:30.752,22.537959741460895,11.25960147527394,5.5637944525460625,7.982687335426817,3.9596757337803865,7.147616868105615
2026-01-18 21:01:31.779,22.537959741460895,11.260390712948265,5.563873426488499,7.981581700232709,3.9605444471471856,7.150223008206012
2026-01-18 21:01:32.805,22.545255275289207,11.239081295741471,5.5643472701431165,7.982055543887327,3.959517785895514,7.152750174363973
2026-01-18 21:01:33.835,22.530664207632526,11.256444524576636,5.563952400430935,7.981344778405401,3.959517785895514,7.154882470809753
2026-01-18 21:01:34.865,22.537959741460895,11.25960147527394,5.564584191970425,7.982292465714636,3.9595967598379502,7.157883480622331
2026-01-18 21:01:35.895,22.537959741460895,11.235135107369842,5.564505218027989,7.981739648117582,3.960702395032058,7.160094751010547
2026-01-18 21:01:36.920,22.537959741460895,11.247762910159054,5.564110348315808,7.982687335426817,3.960070603492568,7.161753203801709
2026-01-18 21:01:37.950,22.530664207632526,11.26117995062259,5.564584191970425,7.981976569944891,3.960939316859367,7.1670444579449395
2026-01-18 21:01:38.981,22.537959741460895,11.28880326922399,5.564189322258244,7.983082205138999,3.9602285513774405,7.167834197369302
2026-01-18 21:01:40.008,22.537959741460895,11.253287573879334,5.564821113797734,7.981423752347837,3.9610182908018032,7.1732833993974054
2026-01-18 21:01:41.038,22.530664207632526,11.26117995062259,5.564821113797734,7.982055543887327,3.9593598380106414,7.172493659973043
2026-01-18 21:01:42.066,22.530664207632526,11.249341385507705,5.565137009567479,7.982055543887327,3.9613341865715483,7.175415695843185
2026-01-18 21:01:43.095,22.537959741460895,11.260390712948265,5.565926748991842,7.981186830520528,3.9599126556076953,7.178258757770891
2026-01-18 21:01:44.127,22.530664207632526,11.243816721787425,5.565137009567479,7.982766309369254,3.9631505872475827,7.182049507007832
2026-01-18 21:01:45.154,22.530664207632526,11.265915376668545,5.5652159835099155,7.981186830520528,3.959833681665259,7.184023855568739
2026-01-18 21:01:46.180,22.530664207632526,11.239081295741471,5.565531879279661,7.981818622060018,3.962597769650529,7.184813594993102
2026-01-18 21:01:47.207,22.530664207632526,11.256444524576636,5.566163670819151,7.981739648117582,3.959754707722823,7.188999213942225
2026-01-18 21:01:48.235,22.537959741460895,11.245395197136077,5.565452905337224,7.98284528331169,3.9607813689744944,7.190657666733387
2026-01-18 21:01:49.262,22.530664207632526,11.261969188296916,5.565452905337224,7.981739648117582,3.9605444471471856,7.192316119524548
2026-01-18 21:01:50.292,22.537959741460895,11.252498336205008,5.5657688011069695,7.982608361484381,3.9594388119530777,7.195633025106872
2026-01-18 21:01:51.323,22.530664207632526,11.25960147527394,5.566005722934278,7.983161179081435,3.960070603492568,7.198949930689196
2026-01-18 21:01:52.352,22.530664207632526,11.243816721787425,5.56640059264646,7.981739648117582,3.9596757337803865,7.2017140186744655
2026-01-18 21:01:53.379,22.537959741460895,11.269861565040173,5.566479566588896,7.982608361484381,3.9595967598379502,7.203056575695882
2026-01-18 21:01:54.409,22.530664207632526,11.252498336205008,5.565847775049406,7.982529387541945,3.959517785895514,7.207716038299623
2026-01-18 21:01:55.436,22.530664207632526,11.23750282039282,5.566716488416205,7.981502726290273,3.960623421089622,7.2082688558966765
2026-01-18 21:01:56.465,22.530664207632526,11.254866049227985,5.566242644761587,7.983082205138999,3.959201890125769,7.210006282630275
2026-01-18 21:01:57.495,22.530664207632526,11.279332417132082,5.566242644761587,7.9822134917722,3.960070603492568,7.213481136097471
2026-01-18 21:01:58.525,22.530664207632526,11.241449008764448,5.56640059264646,7.9822134917722,3.9595967598379502,7.21561343254325
2026-01-18 21:01:59.555,22.530664207632526,11.265915376668545,5.56640059264646,7.98347707485118,3.9605444471471856,7.218930338125574
2026-01-18 21:02:00.585,22.530664207632526,11.25407681155366,5.566795462358641,7.982924257254126,3.9608603429169307,7.220904686686481
2026-01-18 21:02:01.630,22.530664207632526,11.25565528690231,5.567111358128386,7.983161179081435,3.9596757337803865,7.225959019002403
2026-01-18 21:02:02.661,22.530664207632526,11.257233762250962,5.56703238418595,7.981660674175146,3.962913665420274,7.226116966887275
2026-01-18 21:02:03.687,22.530664207632526,11.26117995062259,5.567111358128386,7.982292465714636,3.960623421089622,7.228328237275491
2026-01-18 21:02:04.711,22.530664207632526,11.244605959461751,5.56766417572544,7.981186830520528,3.9608603429169307,7.232276934397305
2026-01-18 21:02:05.738,22.52336867380427,11.257233762250962,5.56703238418595,7.982371439657072,3.9628346914778376,7.2344092308430845
2026-01-18 21:02:06.768,22.530664207632526,11.234345869695517,5.567427253898131,7.9818975960024545,3.960623421089622,7.237015370943482
2026-01-18 21:02:07.794,22.530664207632526,11.265915376668545,5.567743149667876,7.981660674175146,3.9596757337803865,7.239305615274134
2026-01-18 21:02:08.823,22.530664207632526,11.284067843178036,5.5680590454376215,7.982529387541945,3.9593598380106414,7.242227651144276
2026-01-18 21:02:09.852,22.52336867380427,11.280910892480733,5.5680590454376215,7.982055543887327,3.9604654732047493,7.245070713071982
2026-01-18 21:02:10.883,22.52336867380427,11.254866049227985,5.567743149667876,7.9822134917722,3.959517785895514,7.2486245404816145
2026-01-18 21:02:11.909,22.530664207632526,11.238292058067145,5.568216993322494,7.9824504135995085,3.9618870041686023,7.251704524236629
2026-01-18 21:02:12.940,22.537959741460895,11.26670461434287,5.56829596726493,7.982608361484381,3.960702395032058,7.252178367891247
2026-01-18 21:02:13.970,22.530664207632526,11.252498336205008,5.56829596726493,7.983713996678489,3.960623421089622,7.255495273473571
2026-01-18 21:02:15.001,22.530664207632526,11.257233762250962,5.56829596726493,7.9824504135995085,3.9604654732047493,7.256048091070625
2026-01-18 21:02:16.032,22.530664207632526,11.269861565040173,5.568927758804421,7.982608361484381,3.963229561190019,7.2599967881924385
2026-01-18 21:02:17.058,22.530664207632526,11.293538695269945,5.568374941207367,7.9822134917722,3.9603075253198767,7.2616552409836
2026-01-18 21:02:18.084,22.530664207632526,11.254866049227985,5.568453915149803,7.983003231196562,3.9593598380106414,7.263471641659635
2026-01-18 21:02:19.115,22.530664207632526,11.260390712948265,5.568848784861984,7.983082205138999,3.9594388119530777,7.2685259739755566
2026-01-18 21:02:20.141,22.530664207632526,11.263547663645568,5.5686118630346755,7.982608361484381,3.9604654732047493,7.269157765515047
2026-01-18 21:02:21.166,22.530664207632526,11.229610443649563,5.569006732746857,7.982766309369254,3.9622818738807837,7.271684931673008
2026-01-18 21:02:22.192,22.52336867380427,11.26117995062259,5.569243654574166,7.982529387541945,3.963229561190019,7.27460696754315
2026-01-18 21:02:23.221,22.530664207632526,11.265915376668545,5.569401602459038,7.982687335426817,3.962913665420274,7.277450029470856
2026-01-18 21:02:24.247,22.530664207632526,11.269861565040173,5.569559550343911,7.981660674175146,3.962676743592965,7.281319752650234
2026-01-18 21:02:25.273,22.530664207632526,11.256444524576636,5.5694805764014745,7.982055543887327,3.961176238686676,7.282504361786778
2026-01-18 21:02:26.303,22.530664207632526,11.227242730626585,5.569164680631729,7.9822134917722,3.9604654732047493,7.284478710347685
2026-01-18 21:02:27.326,22.530664207632526,11.253287573879334,5.5694805764014745,7.980397091096165,3.962913665420274,7.287242798332954
2026-01-18 21:02:28.353,22.530664207632526,11.242238246438774,5.569875446113656,7.983161179081435,3.9616500823412935,7.290559703915278
2026-01-18 21:02:29.384,22.530664207632526,11.261969188296916,5.570349289768274,7.981660674175146,3.962913665420274,7.291270469397205
2026-01-18 21:02:30.412,22.530664207632526,11.295117170618596,5.569954420056092,7.982134517829763,3.9627557175354013,7.296008905943381
2026-01-18 21:02:31.440,22.530664207632526,11.267493852017196,5.570191341883401,7.9824504135995085,3.9607813689744944,7.297588384792107
2026-01-18 21:02:32.466,22.530664207632526,11.263547663645568,5.570349289768274,7.982529387541945,3.96299263936271,7.301537081913921
2026-01-18 21:02:33.493,22.530664207632526,11.25013062318203,5.570744159480455,7.980791960808347,3.9599916295501316,7.3017740037412295
2026-01-18 21:02:34.524,22.530664207632526,11.263547663645568,5.570586211595582,7.982292465714636,3.962676743592965,7.304696039611372
2026-01-18 21:02:35.554,22.530664207632526,11.261969188296916,5.570586211595582,7.981976569944891,3.9599916295501316,7.307933971251259
2026-01-18 21:02:36.584,22.52336867380427,11.242238246438774,5.571139029192636,7.982292465714636,3.960623421089622,7.311171902891147
2026-01-18 21:02:37.610,22.52336867380427,11.278543179457756,5.570981081307764,7.981739648117582,3.9631505872475827,7.312356512027691
2026-01-18 21:02:38.637,22.530664207632526,11.227242730626585,5.570349289768274,7.982055543887327,3.9599916295501316,7.315752391552451
2026-01-18 21:02:39.664,22.530664207632526,11.295906408292922,5.570744159480455,7.981818622060018,3.961492134456421,7.316463157034377
2026-01-18 21:02:40.694,22.530664207632526,11.244605959461751,5.571139029192636,7.9822134917722,3.9602285513774405,7.319859036559137
2026-01-18 21:02:41.722,22.537959741460895,11.244605959461751,5.571218003135073,7.981739648117582,3.9614131605139846,7.322544150601971
2026-01-18 21:02:42.751,22.530664207632526,11.265915376668545,5.571770820732127,7.9818975960024545,3.960070603492568,7.325940030126731
2026-01-18 21:02:43.776,22.530664207632526,11.261969188296916,5.5714549249623815,7.982134517829763,3.961255212629112,7.329098987824182
2026-01-18 21:02:44.804,22.530664207632526,11.246973672484728,5.571139029192636,7.980634012923474,3.9610972647442395,7.328546170227128
2026-01-18 21:02:45.830,22.530664207632526,11.276964704109105,5.571218003135073,7.98284528331169,3.9607813689744944,7.332652815233814
2026-01-18 21:02:46.858,22.537959741460895,11.27222927806315,5.571849794674563,7.9822134917722,3.9617290562837297,7.336680486298064
2026-01-18 21:02:47.888,22.537959741460895,11.25013062318203,5.571375951019945,7.9818975960024545,3.959833681665259,7.337075356010246
2026-01-18 21:02:48.917,22.530664207632526,11.258812237599614,5.571533898904818,7.980555038981038,3.963782378787073,7.339128678513589
2026-01-18 21:02:49.942,22.530664207632526,11.262758425971242,5.5714549249623815,7.982292465714636,3.960149577435004,7.343946089002202
2026-01-18 21:02:50.970,22.530664207632526,11.262758425971242,5.571770820732127,7.982371439657072,3.9605444471471856,7.3455255678509275
2026-01-18 21:02:51.998,22.530664207632526,11.257233762250962,5.57169184678969,7.981502726290273,3.961176238686676,7.346473255160163
2026-01-18 21:02:53.027,22.530664207632526,11.264336901319894,5.572402612271617,7.981660674175146,3.9613341865715483,7.348842473433251
2026-01-18 21:02:54.053,22.537959741460895,11.258812237599614,5.571770820732127,7.981502726290273,3.961808030226166,7.354528597288663
2026-01-18 21:02:55.080,22.537959741460895,11.243816721787425,5.572165690444308,7.981186830520528,3.9613341865715483,7.354765519115972
2026-01-18 21:02:56.107,22.537959741460895,11.230399681323888,5.572481586214053,7.98071298686591,3.9610182908018032,7.356818841619315
2026-01-18 21:02:57.137,22.530664207632526,11.251709098530682,5.572165690444308,7.983398100908744,3.96299263936271,7.360451642971384
2026-01-18 21:02:58.164,22.530664207632526,11.224085779929283,5.5723236383291805,7.98284528331169,3.9613341865715483,7.362741887302036
2026-01-18 21:02:59.192,22.530664207632526,11.295117170618596,5.572481586214053,7.982924257254126,3.9625187957080925,7.36605879288436
2026-01-18 21:03:00.217,22.537959741460895,11.233556632021191,5.572402612271617,7.981186830520528,3.9624398217656562,7.3702444118334824
2026-01-18 21:03:01.246,22.537959741460895,11.265915376668545,5.573113377753543,7.982608361484381,3.962044952053475,7.36945467240912
2026-01-18 21:03:02.271,22.530664207632526,11.25407681155366,5.573271325638416,7.981423752347837,3.960386499262313,7.373008499818752
2026-01-18 21:03:03.299,22.537959741460895,11.254866049227985,5.572560560156489,7.982292465714636,3.9599126556076953,7.37687822299813
2026-01-18 21:03:04.326,22.537959741460895,11.260390712948265,5.573034403811107,7.981423752347837,3.961571108398857,7.377115144825439
2026-01-18 21:03:05.352,22.537959741460895,11.269072327365848,5.573271325638416,7.981581700232709,3.960070603492568,7.3796423109833995
2026-01-18 21:03:06.383,22.545255275289207,11.286435556201013,5.573429273523288,7.981581700232709,3.960702395032058,7.384617669356885
2026-01-18 21:03:07.412,22.537959741460895,11.221718066906305,5.573587221408161,7.9818975960024545,3.9617290562837297,7.385012539069066
2026-01-18 21:03:08.438,22.537959741460895,11.247762910159054,5.574061065062779,7.9818975960024545,3.961176238686676,7.387460731284591
2026-01-18 21:03:09.465,22.537959741460895,11.25407681155366,5.573903117177906,7.982055543887327,3.9633085351324553,7.38896123619088
2026-01-18 21:03:10.491,22.545255275289207,11.251709098530682,5.573587221408161,7.982766309369254,3.9599126556076953,7.3924360896580765
2026-01-18 21:03:11.517,22.545255275289207,11.261969188296916,5.573271325638416,7.981976569944891,3.961176238686676,7.394884281873601
2026-01-18 21:03:12.546,22.545255275289207,11.247762910159054,5.574771830544705,7.981581700232709,3.960070603492568,7.398990926880288
2026-01-18 21:03:13.576,22.545255275289207,11.264336901319894,5.574613882659833,7.9818975960024545,3.960070603492568,7.400175536016832
2026-01-18 21:03:14.603,22.545255275289207,11.265915376668545,5.574771830544705,7.981739648117582,3.963229561190019,7.402070910635302
2026-01-18 21:03:15.631,22.545255275289207,11.228821205975237,5.57445593477496,7.981976569944891,3.9614131605139846,7.404519102850827
2026-01-18 21:03:16.657,22.545255275289207,11.26117995062259,5.574376960832524,7.981976569944891,3.9614131605139846,7.409099591512131
2026-01-18 21:03:17.685,22.545255275289207,11.256444524576636,5.57445593477496,7.983161179081435,3.9607813689744944,7.409652409109185
2026-01-18 21:03:18.712,22.55255080911752,11.251709098530682,5.574850804487141,7.9822134917722,3.9610182908018032,7.4127323928642
2026-01-18 21:03:19.740,22.55255080911752,11.249341385507705,5.574771830544705,7.983003231196562,3.9605444471471856,7.4157334026767785
2026-01-18 21:03:20.770,22.545255275289207,11.223296542254957,5.575008752372014,7.981423752347837,3.961255212629112,7.417470829410377
2026-01-18 21:03:21.797,22.545255275289207,11.236713582718494,5.575324648141759,7.981581700232709,3.9599916295501316,7.422367213841426
2026-01-18 21:03:22.823,22.545255275289207,11.230399681323888,5.575245674199323,7.982766309369254,3.9637034048446367,7.422683109611171
2026-01-18 21:03:23.849,22.55255080911752,11.224085779929283,5.575403622084195,7.981660674175146,3.9599916295501316,7.424736432114514
2026-01-18 21:03:24.875,22.545255275289207,11.282489367829385,5.575008752372014,7.981739648117582,3.961492134456421,7.429632816545563
2026-01-18 21:03:25.903,22.55255080911752,11.280910892480733,5.575798491796377,7.9818975960024545,3.960386499262313,7.432081008761088
2026-01-18 21:03:26.929,22.55255080911752,11.235924345044168,5.57508772631445,7.981186830520528,3.960070603492568,7.432081008761088
2026-01-18 21:03:27.956,22.545255275289207,11.224085779929283,5.575482596026632,7.982924257254126,3.9610182908018032,7.434450227034176
2026-01-18 21:03:28.983,22.55255080911752,11.257233762250962,5.575482596026632,7.982687335426817,3.9610182908018032,7.4390307156954805
2026-01-18 21:03:30.011,22.55255080911752,11.236713582718494,5.575561569969068,7.981976569944891,3.9613341865715483,7.4418737776231865
2026-01-18 21:03:31.037,22.545255275289207,11.27775394178343,5.576035413623686,7.982055543887327,3.9599126556076953,7.442663517047549
2026-01-18 21:03:32.065,22.55255080911752,11.228031968300911,5.575877465738813,7.982766309369254,3.960070603492568,7.446454266284491
2026-01-18 21:03:33.092,22.55255080911752,11.225664255277934,5.577062074875357,7.981818622060018,3.960070603492568,7.447165031766417
2026-01-18 21:03:34.117,22.559846342945832,11.25565528690231,5.576430283335867,7.980002221383984,3.9607813689744944,7.450639885233613
2026-01-18 21:03:35.143,22.55255080911752,11.247762910159054,5.576114387566122,7.981265804462964,3.961492134456421,7.453167051391574
2026-01-18 21:03:36.170,22.55255080911752,11.25565528690231,5.5765882312207395,7.981107856578092,3.9633085351324553,7.45601011331928
2026-01-18 21:03:37.196,22.55255080911752,11.251709098530682,5.576351309393431,7.981739648117582,3.9605444471471856,7.459248044959168
2026-01-18 21:03:38.222,22.559846342945832,11.254866049227985,5.576430283335867,7.982371439657072,3.9602285513774405,7.4617752111171285
2026-01-18 21:03:39.249,22.55255080911752,11.234345869695517,5.576983100932921,7.981423752347837,3.960149577435004,7.463354689965854
2026-01-18 21:03:40.277,22.559846342945832,11.253287573879334,5.576904126990485,7.983635022736053,3.9619659781110386,7.4660398040086875
2026-01-18 21:03:41.301,22.55255080911752,11.2430274841131,5.577062074875357,7.981265804462964,3.961176238686676,7.468093126512031
2026-01-18 21:03:42.327,22.55255080911752,11.25565528690231,5.576983100932921,7.982371439657072,3.9610182908018032,7.4703043969002465
2026-01-18 21:03:43.353,22.559846342945832,11.251709098530682,5.577377970645102,7.982687335426817,3.9638613527295092,7.472673615173335
2026-01-18 21:03:44.380,22.559846342945832,11.245395197136077,5.577298996702666,7.9824504135995085,3.960149577435004,7.474490015849369
2026-01-18 21:03:45.405,22.559846342945832,11.236713582718494,5.576983100932921,7.981502726290273,3.9607813689744944,7.477096155949766
2026-01-18 21:03:46.434,22.567141876774144,11.224085779929283,5.577535918529975,7.9833191269663075,3.9639403266719455,7.4797812699926
2026-01-18 21:03:47.460,22.559846342945832,11.249341385507705,5.577693866414847,7.98284528331169,3.9617290562837297,7.482071514323252
2026-01-18 21:03:48.486,22.559846342945832,11.273807753411802,5.577930788242156,7.9818975960024545,3.9599916295501316,7.485546367790448
2026-01-18 21:03:49.514,22.567141876774144,11.246973672484728,5.577772840357284,7.981976569944891,3.961492134456421,7.488231481833282
2026-01-18 21:03:50.550,22.567141876774144,11.251709098530682,5.578246684011901,7.980239143211293,3.961255212629112,7.4902058303941885
2026-01-18 21:03:51.576,22.559846342945832,11.288014031549665,5.577693866414847,7.981739648117582,3.9638613527295092,7.49336478809164
2026-01-18 21:03:52.603,22.567141876774144,11.281700130155059,5.5780097621845925,7.982687335426817,3.9604654732047493,7.49526016271011
2026-01-18 21:03:53.630,22.567141876774144,11.258022999925288,5.578167710069465,7.982529387541945,3.963229561190019,7.4973134852134535
2026-01-18 21:03:54.656,22.559846342945832,11.232767394346865,5.578246684011901,7.983082205138999,3.961571108398857,7.500393468968468
2026-01-18 21:03:55.682,22.559846342945832,11.254866049227985,5.577930788242156,7.9824504135995085,3.961492134456421,7.505052931572209
2026-01-18 21:03:56.708,22.567141876774144,11.25407681155366,5.578325657954338,7.9822134917722,3.9625187957080925,7.506790358305807
2026-01-18 21:03:57.735,22.567141876774144,11.249341385507705,5.578878475551392,7.9818975960024545,3.961492134456421,7.5092385505213315
2026-01-18 21:03:58.762,22.567141876774144,11.253287573879334,5.578878475551392,7.981186830520528,3.9605444471471856,7.511291873024675
2026-01-18 21:03:59.789,22.567141876774144,11.258022999925288,5.578720527666519,7.982529387541945,3.961176238686676,7.514529804664562
2026-01-18 21:04:00.815,22.567141876774144,11.25960147527394,5.579194371321137,7.9810288826356555,3.9614131605139846,7.518004658131758
2026-01-18 21:04:01.843,22.567141876774144,11.274596991086128,5.5794312931484455,7.983792970620925,3.961255212629112,7.51839952784394
2026-01-18 21:04:02.872,22.567141876774144,11.25565528690231,5.578957449493828,7.981107856578092,3.961255212629112,7.521005667944337
2026-01-18 21:04:03.898,22.567141876774144,11.295906408292922,5.579194371321137,7.982924257254126,3.9602285513774405,7.5234538601598615
2026-01-18 21:04:04.924,22.574437410602457,11.265915376668545,5.578957449493828,7.983713996678489,3.9605444471471856,7.525902052375386
2026-01-18 21:04:05.951,22.567141876774144,11.236713582718494,5.579352319206009,7.981976569944891,3.962044952053475,7.528508192475783
2026-01-18 21:04:06.980,22.567141876774144,11.296695645967247,5.579668214975754,7.9810288826356555,3.960702395032058,7.531035358633744
2026-01-18 21:04:08.009,22.574437410602457,11.2430274841131,5.579668214975754,7.982055543887327,3.9604654732047493,7.5334045769068325
2026-01-18 21:04:09.039,22.574437410602457,11.257233762250962,5.579273345263573,7.982055543887327,3.9617290562837297,7.535615847295048
2026-01-18 21:04:10.067,22.567141876774144,11.241449008764448,5.579194371321137,7.981818622060018,3.960386499262313,7.537353274028646
2026-01-18 21:04:11.094,22.567141876774144,11.27222927806315,5.579905136803063,7.981818622060018,3.961255212629112,7.542960423941622
2026-01-18 21:04:12.124,22.574437410602457,11.242238246438774,5.5799841107454995,7.981818622060018,3.9605444471471856,7.543592215481112
2026-01-18 21:04:13.149,22.58173294443077,11.271440040388825,5.580300006515245,7.983240153023871,3.960149577435004,7.545250668272274
2026-01-18 21:04:14.178,22.574437410602457,11.246973672484728,5.580536928342553,7.98284528331169,3.9639403266719455,7.549278339336524
2026-01-18 21:04:15.205,22.58173294443077,11.257233762250962,5.580221032572808,7.982924257254126,3.961571108398857,7.5524372970339755
2026-01-18 21:04:16.234,22.574437410602457,11.262758425971242,5.580773850169862,7.981818622060018,3.9604654732047493,7.552990114631029
2026-01-18 21:04:17.264,22.574437410602457,11.234345869695517,5.58061590228499,7.981107856578092,3.9605444471471856,7.557412655407461
2026-01-18 21:04:18.294,22.574437410602457,11.25407681155366,5.580457954400117,7.981265804462964,3.963229561190019,7.5581234208893875
2026-01-18 21:04:19.320,22.58173294443077,11.27222927806315,5.58061590228499,7.982134517829763,3.9616500823412935,7.561124430701966
2026-01-18 21:04:20.348,22.58173294443077,11.289592506898316,5.581089745939607,7.981976569944891,3.960070603492568,7.563335701090182
2026-01-18 21:04:21.376,22.58173294443077,11.251709098530682,5.580931798054735,7.982766309369254,3.9607813689744944,7.56633671090276
2026-01-18 21:04:22.401,22.574437410602457,11.235924345044168,5.581089745939607,7.982134517829763,3.963229561190019,7.568232085521231
2026-01-18 21:04:23.427,22.574437410602457,11.287224793875339,5.581010771997171,7.981818622060018,3.9610182908018032,7.571312069276246
2026-01-18 21:04:24.461,22.58173294443077,11.258812237599614,5.581010771997171,7.98284528331169,3.9614131605139846,7.573602313606898
2026-01-18 21:04:25.489,22.574437410602457,11.258022999925288,5.581484615651789,7.982292465714636,3.9614131605139846,7.5771561410165305
2026-01-18 21:04:26.516,22.574437410602457,11.25407681155366,5.581563589594225,7.982924257254126,3.9625187957080925,7.578972541692565
2026-01-18 21:04:27.543,22.574437410602457,11.263547663645568,5.581168719882044,7.981818622060018,3.963782378787073,7.580315098713982
2026-01-18 21:04:28.569,22.574437410602457,11.25960147527394,5.58187948536397,7.983950918505798,3.9602285513774405,7.5828422648719425
2026-01-18 21:04:29.597,22.58173294443077,11.25013062318203,5.581484615651789,7.982687335426817,3.9605444471471856,7.586869935936193
2026-01-18 21:04:30.625,22.58173294443077,11.252498336205008,5.581326667766916,7.981265804462964,3.960386499262313,7.5885283887273545
2026-01-18 21:04:31.650,22.58173294443077,11.246184434810402,5.581800511421534,7.982608361484381,3.961808030226166,7.5913714506550605
2026-01-18 21:04:32.678,22.58173294443077,11.245395197136077,5.582116407191279,7.983003231196562,3.961808030226166,7.593819642870585
2026-01-18 21:04:33.704,22.58173294443077,11.240659771090122,5.581721537479098,7.981976569944891,3.9604654732047493,7.596583730855855
2026-01-18 21:04:34.730,22.58173294443077,11.258022999925288,5.5822743550761516,7.983161179081435,3.960623421089622,7.598637053359198
2026-01-18 21:04:35.756,22.58173294443077,11.260390712948265,5.58251127690346,7.9822134917722,3.9619659781110386,7.6021908807688305
2026-01-18 21:04:36.784,22.589028478259138,11.24855214783338,5.582037433248843,7.982055543887327,3.960386499262313,7.604481125099483
2026-01-18 21:04:37.811,22.58173294443077,11.257233762250962,5.582353329018588,7.982924257254126,3.961255212629112,7.605823682120899
2026-01-18 21:04:38.837,22.589028478259138,11.244605959461751,5.582432302961024,7.982292465714636,3.9616500823412935,7.6098513531851495
2026-01-18 21:04:39.863,22.589028478259138,11.246184434810402,5.583222042385387,7.983003231196562,3.960939316859367,7.610799040494385
2026-01-18 21:04:40.892,22.589028478259138,11.253287573879334,5.582985120558078,7.981344778405401,3.9613341865715483,7.6135631284796546
2026-01-18 21:04:41.918,22.589028478259138,11.258022999925288,5.583458964212696,7.982292465714636,3.9622028999383474,7.616722086177106
2026-01-18 21:04:42.943,22.589028478259138,11.284067843178036,5.582906146615642,7.981502726290273,3.962913665420274,7.618617460795576
2026-01-18 21:04:43.970,22.589028478259138,11.279332417132082,5.583222042385387,7.981581700232709,3.961808030226166,7.621460522723282
2026-01-18 21:04:44.998,22.589028478259138,11.24855214783338,5.583616912097568,7.982371439657072,3.962597769650529,7.624145636766116
2026-01-18 21:04:46.025,22.589028478259138,11.254866049227985,5.5828271726732055,7.982924257254126,3.9619659781110386,7.626435881096768
2026-01-18 21:04:47.050,22.589028478259138,11.23750282039282,5.583222042385387,7.9822134917722,3.961808030226166,7.62872612542742
2026-01-18 21:04:48.076,22.589028478259138,11.256444524576636,5.582906146615642,7.982924257254126,3.961255212629112,7.6345701971677045
2026-01-18 21:04:49.104,22.589028478259138,11.233556632021191,5.583616912097568,7.982529387541945,3.962123925995911,7.634807118995013
2026-01-18 21:04:50.130,22.589028478259138,11.250919860856357,5.583537938155132,7.982371439657072,3.960623421089622,7.637176337268102
2026-01-18 21:04:51.157,22.589028478259138,11.252498336205008,5.583537938155132,7.982608361484381,3.961492134456421,7.639624529483626
2026-01-18 21:04:52.189,22.589028478259138,11.25960147527394,5.5842487036370585,7.9824504135995085,3.9628346914778376,7.641282982274788
2026-01-18 21:04:53.215,22.596324012087393,11.249341385507705,5.5842487036370585,7.982608361484381,3.9618870041686023,7.644678861799548
2026-01-18 21:04:54.240,22.589028478259138,11.297484883641573,5.5842487036370585,7.981186830520528,3.9607813689744944,7.649338324403288
2026-01-18 21:04:55.266,22.596324012087393,11.239081295741471,5.583853833924877,7.981107856578092,3.960702395032058,7.649891142000342
2026-01-18 21:04:56.292,22.589028478259138,11.256444524576636,5.58401178180975,7.980949908693219,3.961255212629112,7.653681891237284
2026-01-18 21:04:57.319,22.589028478259138,11.281700130155059,5.584406651521931,7.981581700232709,3.962123925995911,7.654945474316264
2026-01-18 21:04:58.343,22.596324012087393,11.258022999925288,5.584406651521931,7.98347707485118,3.9639403266719455,7.656840848934735
2026-01-18 21:04:59.370,22.596324012087393,11.258022999925288,5.584722547291676,7.98284528331169,3.960149577435004,7.659210067207823
2026-01-18 21:05:00.398,22.596324012087393,11.243816721787425,5.584801521234112,7.98347707485118,3.960702395032058,7.661421337596039
2026-01-18 21:05:01.425,22.603619545915763,11.289592506898316,5.58527536488873,7.981739648117582,3.960386499262313,7.664343373466181
2026-01-18 21:05:02.448,22.596324012087393,11.25565528690231,5.584801521234112,7.9824504135995085,3.960386499262313,7.667660279048505
2026-01-18 21:05:03.473,22.596324012087393,11.246973672484728,5.584722547291676,7.983398100908744,3.963545456959764,7.670029497321593
2026-01-18 21:05:04.501,22.596324012087393,11.249341385507705,5.585038443061421,7.981186830520528,3.9613341865715483,7.673109481076608
2026-01-18 21:05:05.527,22.603619545915763,11.22645349295226,5.585591260658475,7.981107856578092,3.960386499262313,7.6749258817526425
2026-01-18 21:05:06.555,22.603619545915763,11.221718066906305,5.5851174170038576,7.98071298686591,3.960386499262313,7.677689969737912
2026-01-18 21:05:07.585,22.596324012087393,11.230399681323888,5.5851174170038576,7.982687335426817,3.9616500823412935,7.679348422529074
2026-01-18 21:05:08.613,22.596324012087393,11.252498336205008,5.58590715642822,7.983161179081435,3.9617290562837297,7.681638666859726
2026-01-18 21:05:09.640,22.603619545915763,11.258022999925288,5.585433312773603,7.982529387541945,3.960386499262313,7.685271468211795
2026-01-18 21:05:10.669,22.596324012087393,11.224085779929283,5.585354338831166,7.982292465714636,3.9610182908018032,7.687245816772702
2026-01-18 21:05:11.694,22.603619545915763,11.25407681155366,5.586144078255529,7.983556048793616,3.9603075253198767,7.689772982930663
2026-01-18 21:05:12.720,22.603619545915763,11.287224793875339,5.586144078255529,7.981581700232709,3.9610182908018032,7.6948273152465845
2026-01-18 21:05:13.746,22.596324012087393,11.26670461434287,5.585433312773603,7.981739648117582,3.960702395032058,7.694748341304148
2026-01-18 21:05:14.774,22.603619545915763,11.295117170618596,5.585986130370657,7.982687335426817,3.960149577435004,7.696722689865055
2026-01-18 21:05:15.800,22.603619545915763,11.239081295741471,5.585986130370657,7.9822134917722,3.9602285513774405,7.699012934195707
2026-01-18 21:05:16.827,22.610915079744018,11.25407681155366,5.586617921910147,7.981976569944891,3.9603075253198767,7.7013821524687955
2026-01-18 21:05:17.854,22.603619545915763,11.230399681323888,5.585828182485784,7.981265804462964,3.9628346914778376,7.704541110166247
2026-01-18 21:05:18.880,22.603619545915763,11.247762910159054,5.586459974025274,7.982134517829763,3.9616500823412935,7.706831354496899
2026-01-18 21:05:19.906,22.603619545915763,11.249341385507705,5.586302026140402,7.982134517829763,3.960939316859367,7.708331859403188
2026-01-18 21:05:20.934,22.596324012087393,11.229610443649563,5.586617921910147,7.981976569944891,3.9633875090748916,7.712438504409874
2026-01-18 21:05:21.960,22.603619545915763,11.254866049227985,5.587249713449637,7.9822134917722,3.962597769650529,7.71464977479809
2026-01-18 21:05:22.987,22.596324012087393,11.234345869695517,5.587170739507201,7.982134517829763,3.9603075253198767,7.717729758553105
2026-01-18 21:05:24.013,22.603619545915763,11.25013062318203,5.587565609219382,7.981818622060018,3.9604654732047493,7.720888716250556
2026-01-18 21:05:25.039,22.603619545915763,11.25565528690231,5.587249713449637,7.983556048793616,3.96236084782322,7.72420562183288
2026-01-18 21:05:26.068,22.603619545915763,11.246973672484728,5.5870917655647645,7.982529387541945,3.9599916295501316,7.724995361257243
2026-01-18 21:05:27.095,22.603619545915763,11.234345869695517,5.587881504989127,7.9810288826356555,3.960386499262313,7.7280753450122575
2026-01-18 21:05:28.122,22.603619545915763,11.274596991086128,5.587249713449637,7.981739648117582,3.9605444471471856,7.730444563285346
2026-01-18 21:05:29.148,22.610915079744018,11.27222927806315,5.587170739507201,7.983003231196562,3.9633875090748916,7.731866094249199
2026-01-18 21:05:30.174,22.603619545915763,11.235135107369842,5.587802531046691,7.981976569944891,3.9627557175354013,7.7351829998315225
2026-01-18 21:05:31.203,22.610915079744018,11.254866049227985,5.587960478931564,7.980949908693219,3.9625187957080925,7.737631192047047
2026-01-18 21:05:32.230,22.603619545915763,11.239870533415797,5.587723557104255,7.980634012923474,3.9614131605139846,7.740395280032317
2026-01-18 21:05:33.256,22.610915079744018,11.256444524576636,5.587881504989127,7.982055543887327,3.961808030226166,7.744975768693621
2026-01-18 21:05:34.284,22.610915079744018,11.225664255277934,5.587881504989127,7.982134517829763,3.9619659781110386,7.7465552475423465
2026-01-18 21:05:35.311,22.610915079744018,11.290381744572642,5.588039452874,7.982292465714636,3.9618870041686023,7.747818830621327
2026-01-18 21:05:36.338,22.610915079744018,11.253287573879334,5.588276374701309,7.982371439657072,3.9619659781110386,7.750661892549033
2026-01-18 21:05:37.368,22.610915079744018,11.228821205975237,5.588197400758872,7.982687335426817,3.961255212629112,7.751451631973396
2026-01-18 21:05:38.396,22.618210613572387,11.273807753411802,5.588355348643745,7.982687335426817,3.962044952053475,7.755163407267901
2026-01-18 21:05:39.422,22.603619545915763,11.241449008764448,5.5885132965286175,7.98284528331169,3.9638613527295092,7.758322364965352
2026-01-18 21:05:40.448,22.618210613572387,11.274596991086128,5.58867124441349,7.981976569944891,3.9610972647442395,7.76132337477793
2026-01-18 21:05:41.474,22.610915079744018,11.246184434810402,5.58867124441349,7.981423752347837,3.9614131605139846,7.762113114202293
2026-01-18 21:05:42.498,22.610915079744018,11.254866049227985,5.5885132965286175,7.983161179081435,3.960623421089622,7.7655879676694894
2026-01-18 21:05:43.524,22.610915079744018,11.253287573879334,5.588592270471054,7.980870934750783,3.9610182908018032,7.767167446518215
2026-01-18 21:05:44.552,22.610915079744018,11.239081295741471,5.58930303595298,7.982134517829763,3.9633875090748916,7.76961563873374
2026-01-18 21:05:45.586,22.618210613572387,11.268283089691522,5.589382009895417,7.980949908693219,3.961492134456421,7.771826909121955
2026-01-18 21:05:46.612,22.610915079744018,11.239870533415797,5.58930303595298,7.982924257254126,3.961571108398857,7.775380736531588
2026-01-18 21:05:47.642,22.610915079744018,11.253287573879334,5.588908166240799,7.982292465714636,3.960623421089622,7.777749954804676
2026-01-18 21:05:48.673,22.610915079744018,11.249341385507705,5.58930303595298,7.9822134917722,3.9616500823412935,7.779487381538274
2026-01-18 21:05:49.700,22.610915079744018,11.241449008764448,5.589224062010544,7.982608361484381,3.961571108398857,7.782883261063034
2026-01-18 21:05:50.728,22.618210613572387,11.258022999925288,5.589539957780289,7.981265804462964,3.961255212629112,7.783988896257142
2026-01-18 21:05:51.755,22.610915079744018,11.249341385507705,5.589539957780289,7.9818975960024545,3.9622028999383474,7.788016567321392
2026-01-18 21:05:52.785,22.610915079744018,11.240659771090122,5.5899348274924705,7.982687335426817,3.9625187957080925,7.789280150400373
2026-01-18 21:05:53.813,22.610915079744018,11.276175466434779,5.589697905665162,7.982608361484381,3.9605444471471856,7.79251808204026
2026-01-18 21:05:54.841,22.610915079744018,11.250919860856357,5.5899348274924705,7.981423752347837,3.9604654732047493,7.795361143967966
2026-01-18 21:05:55.869,22.618210613572387,11.22645349295226,5.590092775377343,7.982134517829763,3.9622028999383474,7.797098570701564
2026-01-18 21:05:56.895,22.6255061474007,11.229610443649563,5.589776879607598,7.981186830520528,3.960623421089622,7.801047267823378
2026-01-18 21:05:57.925,22.618210613572387,11.25013062318203,5.590408671147088,7.983161179081435,3.9613341865715483,7.801758033305305
2026-01-18 21:05:58.953,22.618210613572387,11.284067843178036,5.590250723262216,7.980949908693219,3.9610972647442395,7.804364173405702
2026-01-18 21:05:59.980,22.618210613572387,11.228821205975237,5.590329697204652,7.981976569944891,3.960386499262313,7.8082338965850795
2026-01-18 21:06:01.011,22.610915079744018,11.262758425971242,5.590171749319779,7.981660674175146,3.9614131605139846,7.8096554275489325
2026-01-18 21:06:02.037,22.618210613572387,11.25013062318203,5.59080354085927,7.981581700232709,3.962676743592965,7.8139200204404915
2026-01-18 21:06:03.064,22.618210613572387,11.25565528690231,5.59080354085927,7.9824504135995085,3.960702395032058,7.8153415514043445
2026-01-18 21:06:04.093,22.610915079744018,11.247762910159054,5.591040462686578,7.983398100908744,3.961571108398857,7.817789743619869
2026-01-18 21:06:05.127,22.618210613572387,11.258812237599614,5.59080354085927,7.982292465714636,3.962123925995911,7.819764092180776
2026-01-18 21:06:06.155,22.618210613572387,11.25565528690231,5.590645592974397,7.982924257254126,3.96236084782322,7.822844075935791
2026-01-18 21:06:07.181,22.618210613572387,11.260390712948265,5.590724566916833,7.982687335426817,3.9617290562837297,7.825529189978624
2026-01-18 21:06:08.208,22.618210613572387,11.229610443649563,5.591830202110941,7.982608361484381,3.9613341865715483,7.82710866882735
2026-01-18 21:06:09.237,22.6255061474007,11.250919860856357,5.590961488744142,7.982924257254126,3.9604654732047493,7.829793782870183
2026-01-18 21:06:10.265,22.618210613572387,11.23750282039282,5.591514306341196,7.981502726290273,3.9605444471471856,7.832873766625198
2026-01-18 21:06:11.293,22.618210613572387,11.267493852017196,5.5913563584563235,7.982766309369254,3.96299263936271,7.835716828552904
2026-01-18 21:06:12.322,22.618210613572387,11.254866049227985,5.59143533239876,7.982134517829763,3.961176238686676,7.838717838365483
2026-01-18 21:06:13.349,22.618210613572387,11.243816721787425,5.5919091760533775,7.982134517829763,3.9602285513774405,7.842113717890243
2026-01-18 21:06:14.377,22.618210613572387,11.256444524576636,5.591672254226069,7.98284528331169,3.960939316859367,7.842034743947806
2026-01-18 21:06:15.403,22.6255061474007,11.256444524576636,5.591830202110941,7.9810288826356555,3.960386499262313,7.847247024148601
2026-01-18 21:06:16.431,22.6255061474007,11.256444524576636,5.591593280283632,7.983635022736053,3.9610972647442395,7.847878815688091
2026-01-18 21:06:17.490,22.618210613572387,11.26117995062259,5.592461993650431,7.982055543887327,3.961176238686676,7.852064434637214
2026-01-18 21:06:18.518,22.6255061474007,11.230399681323888,5.592461993650431,7.982608361484381,3.9610182908018032,7.853012121946449
2026-01-18 21:06:19.546,22.618210613572387,11.2706508027145,5.591988149995814,7.982055543887327,3.961255212629112,7.854749548680047
2026-01-18 21:06:20.574,22.618210613572387,11.252498336205008,5.5919091760533775,7.983556048793616,3.959517785895514,7.857434662722881
2026-01-18 21:06:21.603,22.6255061474007,11.253287573879334,5.592146097880686,7.9818975960024545,3.9614131605139846,7.860514646477895
2026-01-18 21:06:22.627,22.618210613572387,11.27222927806315,5.593093785189922,7.9838719445633615,3.960070603492568,7.862488995038802
2026-01-18 21:06:23.657,22.618210613572387,11.254866049227985,5.592540967592868,7.982371439657072,3.960939316859367,7.864858213311891
2026-01-18 21:06:24.687,22.618210613572387,11.240659771090122,5.5927778894201765,7.9822134917722,3.9614131605139846,7.869201780145886
2026-01-18 21:06:25.715,22.6255061474007,11.236713582718494,5.592856863362613,7.982134517829763,3.960702395032058,7.869280754088322
2026-01-18 21:06:26.743,22.6255061474007,11.238292058067145,5.593093785189922,7.983240153023871,3.9605444471471856,7.873545346979881
2026-01-18 21:06:27.771,22.6255061474007,11.235924345044168,5.593014811247485,7.982766309369254,3.962913665420274,7.876467382850024
2026-01-18 21:06:28.799,22.6255061474007,11.292749457595619,5.5933307070172305,7.981739648117582,3.9610972647442395,7.8770202004470775
2026-01-18 21:06:29.826,22.6255061474007,11.260390712948265,5.593409680959667,7.9818975960024545,3.961492134456421,7.880179158144529
2026-01-18 21:06:30.853,22.6255061474007,11.26670461434287,5.593093785189922,7.981818622060018,3.960702395032058,7.8812847933386365
2026-01-18 21:06:31.881,22.63280168122901,11.25960147527394,5.593251733074794,7.982608361484381,3.960070603492568,7.8846806728633965
2026-01-18 21:06:32.909,22.6255061474007,11.25960147527394,5.593646602786976,7.982687335426817,3.9596757337803865,7.888787317870083
2026-01-18 21:06:33.935,22.6255061474007,11.239870533415797,5.593172759132358,7.981818622060018,3.960702395032058,7.889103213639828
2026-01-18 21:06:34.961,22.63280168122901,11.26512613899422,5.593725576729412,7.9833191269663075,3.9596757337803865,7.892341145279715
2026-01-18 21:06:35.987,22.6255061474007,11.292749457595619,5.593251733074794,7.9822134917722,3.9605444471471856,7.895026259322549
2026-01-18 21:06:37.013,22.6255061474007,11.288014031549665,5.594120446441593,7.981423752347837,3.959754707722823,7.8969216339410195
2026-01-18 21:06:38.039,22.618210613572387,11.252498336205008,5.593409680959667,7.981502726290273,3.9610182908018032,7.900001617696034
2026-01-18 21:06:39.070,22.6255061474007,11.225664255277934,5.594515316153775,7.98284528331169,3.9605444471471856,7.902528783853995
2026-01-18 21:06:40.097,22.618210613572387,11.249341385507705,5.594357368268902,7.982529387541945,3.9603075253198767,7.905924663378755
2026-01-18 21:06:41.125,22.6255061474007,11.22092882923198,5.593646602786976,7.982608361484381,3.9595967598379502,7.907346194342608
2026-01-18 21:06:42.152,22.6255061474007,11.2706508027145,5.593804550671848,7.982687335426817,3.9603075253198767,7.909557464730824
2026-01-18 21:06:43.178,22.6255061474007,11.26670461434287,5.594910185865956,7.982608361484381,3.9603075253198767,7.91303231819802
2026-01-18 21:06:44.205,22.618210613572387,11.253287573879334,5.59483121192352,7.982292465714636,3.9595967598379502,7.916112301953035
2026-01-18 21:06:45.228,22.6255061474007,11.246973672484728,5.594673264038647,7.982134517829763,3.9593598380106414,7.917612806859324
2026-01-18 21:06:46.257,22.618210613572387,11.273807753411802,5.59483121192352,7.981186830520528,3.9594388119530777,7.91982407724754
2026-01-18 21:06:47.286,22.618210613572387,11.224875017603608,5.594120446441593,7.982371439657072,3.9607813689744944,7.922509191290374
2026-01-18 21:06:48.313,22.6255061474007,11.223296542254957,5.594989159808392,7.9822134917722,3.9604654732047493,7.926773784181933
2026-01-18 21:06:49.341,22.6255061474007,11.287224793875339,5.595068133750829,7.983398100908744,3.9599126556076953,7.928116341203349
2026-01-18 21:06:50.367,22.6255061474007,11.224085779929283,5.59546300346301,7.9818975960024545,3.9605444471471856,7.930090689764256
2026-01-18 21:06:51.395,22.618210613572387,11.228821205975237,5.594989159808392,7.981581700232709,3.9607813689744944,7.932222986210036
2026-01-18 21:06:52.425,22.6255061474007,11.295117170618596,5.595068133750829,7.983161179081435,3.9631505872475827,7.93743526641083
2026-01-18 21:06:53.453,22.6255061474007,11.249341385507705,5.5956209513478825,7.98284528331169,3.959517785895514,7.9372773185259575
2026-01-18 21:06:54.481,22.618210613572387,11.260390712948265,5.595305055578137,7.9818975960024545,3.960070603492568,7.939962432568791
2026-01-18 21:06:55.508,22.6255061474007,11.284857080852362,5.595699925290319,7.981976569944891,3.959517785895514,7.942647546611624
2026-01-18 21:06:56.534,22.6255061474007,11.254866049227985,5.595305055578137,7.982529387541945,3.959280864068205,7.945174712769585
2026-01-18 21:06:57.564,22.6255061474007,11.25013062318203,5.595226081635701,7.983792970620925,3.960623421089622,7.94699111344562
2026-01-18 21:06:58.592,22.618210613572387,11.291960219921293,5.595778899232755,7.982134517829763,3.9605444471471856,7.949597253546017
2026-01-18 21:06:59.617,22.618210613572387,11.258812237599614,5.5956209513478825,7.983240153023871,3.960623421089622,7.954177742207321
2026-01-18 21:07:00.645,22.618210613572387,11.254866049227985,5.595857873175191,7.981581700232709,3.9603075253198767,7.956152090768228
2026-01-18 21:07:01.671,22.6255061474007,11.262758425971242,5.596331716829809,7.98284528331169,3.9595967598379502,7.958916178753498
2026-01-18 21:07:02.699,22.6255061474007,11.246973672484728,5.595936847117628,7.982687335426817,3.960623421089622,7.960495657602223
2026-01-18 21:07:03.728,22.618210613572387,11.234345869695517,5.596568638657118,7.981976569944891,3.960386499262313,7.962943849817748
2026-01-18 21:07:04.757,22.618210613572387,11.262758425971242,5.5961737689449365,7.982371439657072,3.9602285513774405,7.967050494824434
2026-01-18 21:07:05.785,22.6255061474007,11.291170982246967,5.596410690772245,7.982055543887327,3.9607813689744944,7.967919208191233
2026-01-18 21:07:06.812,22.618210613572387,11.246184434810402,5.596410690772245,7.983240153023871,3.9599916295501316,7.969340739155086
2026-01-18 21:07:07.844,22.618210613572387,11.273018515737476,5.596963508369299,7.982371439657072,3.960702395032058,7.9747899411831895
2026-01-18 21:07:08.874,22.618210613572387,11.285646318526688,5.596015821060064,7.983003231196562,3.962123925995911,7.9753427587802435
2026-01-18 21:07:09.903,22.618210613572387,11.2430274841131,5.59672658654199,7.982371439657072,3.960623421089622,7.97731710734115
2026-01-18 21:07:10.931,22.618210613572387,11.228821205975237,5.597200430196608,7.981818622060018,3.960149577435004,7.980949908693219
2026-01-18 21:07:11.969,22.618210613572387,11.258022999925288,5.596963508369299,7.981818622060018,3.960386499262313,7.983398100908744
2026-01-18 21:07:12.999,22.6255061474007,11.25960147527394,5.597358378081481,7.9824504135995085,3.960939316859367,7.986399110721322
2026-01-18 21:07:14.027,22.618210613572387,11.239081295741471,5.597121456254172,7.982608361484381,3.960623421089622,7.988373459282229
2026-01-18 21:07:15.056,22.618210613572387,11.258812237599614,5.597516325966353,7.981502726290273,3.9628346914778376,7.990110886015827
2026-01-18 21:07:16.083,22.618210613572387,11.275386228760453,5.597516325966353,7.982371439657072,3.960623421089622,7.992638052173788
2026-01-18 21:07:17.112,22.618210613572387,11.251709098530682,5.597753247793662,7.98071298686591,3.9608603429169307,7.995007270446877
2026-01-18 21:07:18.141,22.618210613572387,11.257233762250962,5.598069143563407,7.982292465714636,3.9633085351324553,8.00045647247498
2026-01-18 21:07:19.166,22.618210613572387,11.261969188296916,5.597674273851226,7.982371439657072,3.9596757337803865,8.001404159784215
2026-01-18 21:07:20.193,22.618210613572387,11.251709098530682,5.597674273851226,7.981818622060018,3.9594388119530777,8.002825690748068
2026-01-18 21:07:21.221,22.618210613572387,11.246973672484728,5.598306065390716,7.982371439657072,3.9594388119530777,8.006537466042573
2026-01-18 21:07:22.250,22.618210613572387,11.262758425971242,5.598385039333152,7.9833191269663075,3.963229561190019,8.008906684315662
2026-01-18 21:07:23.277,22.618210613572387,11.287224793875339,5.598621961160461,7.9824504135995085,3.9602285513774405,8.011117954703877
2026-01-18 21:07:24.301,22.618210613572387,11.263547663645568,5.59885888298777,7.981344778405401,3.9605444471471856,8.013329225092093
2026-01-18 21:07:25.330,22.618210613572387,11.241449008764448,5.598069143563407,7.982055543887327,3.960939316859367,8.016014339134927
2026-01-18 21:07:26.357,22.618210613572387,11.262758425971242,5.59885888298777,7.981502726290273,3.9602285513774405,8.018304583465579
2026-01-18 21:07:27.384,22.618210613572387,11.26117995062259,5.598542987218025,7.981976569944891,3.9628346914778376,8.020910723565976
2026-01-18 21:07:28.411,22.618210613572387,11.275386228760453,5.598306065390716,7.982371439657072,3.9599126556076953,8.025965055881898
2026-01-18 21:07:29.440,22.610915079744018,11.264336901319894,5.59822709144828,7.981423752347837,3.9596757337803865,8.026044029824334
2026-01-18 21:07:30.466,22.610915079744018,11.256444524576636,5.5984640132755885,7.9824504135995085,3.9599916295501316,8.029124013579349
2026-01-18 21:07:31.494,22.610915079744018,11.252498336205008,5.598779909045334,7.982687335426817,3.9613341865715483,8.032046049449491
2026-01-18 21:07:32.518,22.603619545915763,11.26670461434287,5.598700935102897,7.981502726290273,3.9633875090748916,8.033941424067962
2026-01-18 21:07:33.544,22.603619545915763,11.264336901319894,5.599648622412133,7.981423752347837,3.961808030226166,8.03757422542003
2026-01-18 21:07:34.571,22.610915079744018,11.235924345044168,5.598542987218025,7.983082205138999,3.9607813689744944,8.03883780849901
2026-01-18 21:07:35.595,22.610915079744018,11.239081295741471,5.599174778757515,7.982371439657072,3.960702395032058,8.041364974656972
2026-01-18 21:07:36.626,22.610915079744018,11.236713582718494,5.599727596354569,7.982608361484381,3.9599916295501316,8.043339323217879
2026-01-18 21:07:37.652,22.610915079744018,11.26117995062259,5.599095804815079,7.9822134917722,3.9617290562837297,8.047603916109438
2026-01-18 21:07:38.678,22.603619545915763,11.238292058067145,5.600043492124314,7.98284528331169,3.9608603429169307,8.0483936555338
2026-01-18 21:07:39.705,22.603619545915763,11.263547663645568,5.599806570297005,7.981660674175146,3.9607813689744944,8.05178953505856
2026-01-18 21:07:40.733,22.610915079744018,11.267493852017196,5.600043492124314,7.981976569944891,3.960070603492568,8.053369013907286
2026-01-18 21:07:41.766,22.610915079744018,11.276964704109105,5.600043492124314,7.981581700232709,3.960386499262313,8.055501310353065
2026-01-18 21:07:42.796,22.610915079744018,11.267493852017196,5.599964518181878,7.982055543887327,3.962044952053475,8.059055137762698
2026-01-18 21:07:43.825,22.610915079744018,11.263547663645568,5.600280413951623,7.981423752347837,3.960702395032058,8.061819225747968
2026-01-18 21:07:44.851,22.610915079744018,11.269072327365848,5.600280413951623,7.980949908693219,3.960149577435004,8.063635626424002
2026-01-18 21:07:45.880,22.610915079744018,11.267493852017196,5.600754257606241,7.981976569944891,3.960149577435004,8.064978183445419
2026-01-18 21:07:46.904,22.603619545915763,11.28880326922399,5.600517335778932,7.983398100908744,3.9603075253198767,8.07003251576134
2026-01-18 21:07:47.932,22.610915079744018,11.293538695269945,5.600517335778932,7.982924257254126,3.960939316859367,8.072559681919302
2026-01-18 21:07:48.962,22.610915079744018,11.25565528690231,5.600675283663804,7.981739648117582,3.9596757337803865,8.07303352557392
2026-01-18 21:07:50.000,22.610915079744018,11.27222927806315,5.600833231548677,7.98071298686591,3.961176238686676,8.076666326925988
2026-01-18 21:07:51.028,22.603619545915763,11.296695645967247,5.600912205491113,7.981660674175146,3.960070603492568,8.079351440968821
2026-01-18 21:07:52.055,22.603619545915763,11.265915376668545,5.600596309721368,7.981739648117582,3.9604654732047493,8.081404763472165
2026-01-18 21:07:53.083,22.610915079744018,11.239870533415797,5.601386049145731,7.981502726290273,3.9608603429169307,8.08298424232089
2026-01-18 21:07:54.111,22.603619545915763,11.26670461434287,5.60162297097304,7.982134517829763,3.961808030226166,8.08574833030616
2026-01-18 21:07:55.139,22.603619545915763,11.242238246438774,5.601149127318422,7.9822134917722,3.961176238686676,8.08851241829143
2026-01-18 21:07:56.167,22.610915079744018,11.243816721787425,5.601228101260858,7.981502726290273,3.962123925995911,8.092698037240552
2026-01-18 21:07:57.196,22.610915079744018,11.273807753411802,5.601149127318422,7.981581700232709,3.9633085351324553,8.092934959067861
2026-01-18 21:07:58.220,22.603619545915763,11.26512613899422,5.6013070752032945,7.982371439657072,3.9631505872475827,8.095225203398513
2026-01-18 21:07:59.248,22.603619545915763,11.254866049227985,5.601228101260858,7.982608361484381,3.960623421089622,8.098858004750582
2026-01-18 21:08:00.276,22.603619545915763,11.253287573879334,5.60162297097304,7.981818622060018,3.960386499262313,8.10335951946945
2026-01-18 21:08:01.304,22.603619545915763,11.24855214783338,5.601465023088167,7.981581700232709,3.9624398217656562,8.102964649757268
2026-01-18 21:08:02.331,22.603619545915763,11.239081295741471,5.601938866742785,7.981818622060018,3.9599126556076953,8.105649763800102
2026-01-18 21:08:03.357,22.603619545915763,11.257233762250962,5.602096814627657,7.982292465714636,3.962044952053475,8.111335887655514
2026-01-18 21:08:04.385,22.603619545915763,11.254866049227985,5.602017840685221,7.981344778405401,3.963545456959764,8.110625122173587
2026-01-18 21:08:05.416,22.603619545915763,11.280910892480733,5.601780918857912,7.98410886639067,3.9605444471471856,8.115837402374382
2026-01-18 21:08:06.444,22.603619545915763,11.25407681155366,5.602333736454966,7.980791960808347,3.9613341865715483,8.115205610834892
2026-01-18 21:08:07.471,22.603619545915763,11.25407681155366,5.602570658282275,7.981739648117582,3.960939316859367,8.119154307956705
2026-01-18 21:08:08.498,22.603619545915763,11.29985259666455,5.602570658282275,7.9818975960024545,3.9605444471471856,8.12160250017223
2026-01-18 21:08:09.524,22.610915079744018,11.287224793875339,5.602333736454966,7.981423752347837,3.9599126556076953,8.1243665881575
2026-01-18 21:08:10.552,22.603619545915763,11.257233762250962,5.603202449821765,7.982055543887327,3.960939316859367,8.12649888460328
2026-01-18 21:08:11.579,22.603619545915763,11.25407681155366,5.602491684339839,7.9818975960024545,3.9618870041686023,8.129420920473422
2026-01-18 21:08:12.606,22.603619545915763,11.25013062318203,5.602965527994456,7.982055543887327,3.9608603429169307,8.131632190861637
2026-01-18 21:08:13.634,22.603619545915763,11.26512613899422,5.603202449821765,7.983556048793616,3.960623421089622,8.134712174616652
2026-01-18 21:08:14.660,22.603619545915763,11.251709098530682,5.602649632224711,7.9810288826356555,3.9610182908018032,8.137634210486794
2026-01-18 21:08:15.687,22.603619545915763,11.25565528690231,5.603360397706638,7.9833191269663075,3.9631505872475827,8.138976767508211
2026-01-18 21:08:16.712,22.603619545915763,11.295117170618596,5.603360397706638,7.983003231196562,3.961808030226166,8.141503933666172
2026-01-18 21:08:17.744,22.603619545915763,11.282489367829385,5.6032814237642015,7.981739648117582,3.9596757337803865,8.145215708960677
2026-01-18 21:08:18.772,22.603619545915763,11.247762910159054,5.603755267418819,7.982371439657072,3.962913665420274,8.14750595329133
2026-01-18 21:08:19.799,22.596324012087393,11.250919860856357,5.603676293476383,7.981423752347837,3.961255212629112,8.149480301852236
2026-01-18 21:08:20.827,22.610915079744018,11.258812237599614,5.603439371649074,7.982766309369254,3.961176238686676,8.15216541589507
2026-01-18 21:08:21.853,22.603619545915763,11.257233762250962,5.60351834559151,7.983161179081435,3.962913665420274,8.154455660225722
2026-01-18 21:08:22.881,22.603619545915763,11.231188918998214,5.603202449821765,7.982134517829763,3.962044952053475,8.157140774268555
2026-01-18 21:08:23.907,22.610915079744018,11.252498336205008,5.6041501371310005,7.9818975960024545,3.9622818738807837,8.15935204465677
2026-01-18 21:08:24.934,22.610915079744018,11.258022999925288,5.603834241361255,7.982292465714636,3.9603075253198767,8.162274080526913
2026-01-18 21:08:25.959,22.610915079744018,11.23750282039282,5.604387058958309,7.982292465714636,3.960149577435004,8.164801246684874
2026-01-18 21:08:26.984,22.610915079744018,11.235924345044168,5.6041501371310005,7.982687335426817,3.9602285513774405,8.166222777648727
2026-01-18 21:08:28.011,22.603619545915763,11.278543179457756,5.604071163188564,7.982766309369254,3.9607813689744944,8.16890789169156
2026-01-18 21:08:29.037,22.603619545915763,11.239870533415797,5.604387058958309,7.982055543887327,3.9599126556076953,8.172619666986066
2026-01-18 21:08:30.063,22.603619545915763,11.242238246438774,5.604545006843182,7.982055543887327,3.9599126556076953,8.173567354295301
2026-01-18 21:08:31.089,22.610915079744018,11.238292058067145,5.6050188504978,7.981739648117582,3.9604654732047493,8.17720015564737
2026-01-18 21:08:32.117,22.603619545915763,11.258022999925288,5.604466032900746,7.9824504135995085,3.960386499262313,8.180675009114566
2026-01-18 21:08:33.145,22.603619545915763,11.28880326922399,5.6050188504978,7.9824504135995085,3.9594388119530777,8.181780644308674
2026-01-18 21:08:34.173,22.603619545915763,11.2430274841131,5.604545006843182,7.9824504135995085,3.9594388119530777,8.18462370623638
2026-01-18 21:08:35.201,22.610915079744018,11.238292058067145,5.605176798382672,7.983003231196562,3.9614131605139846,8.187466768164086
2026-01-18 21:08:36.230,22.603619545915763,11.243816721787425,5.604781928670491,7.981976569944891,3.960702395032058,8.190941621631282
2026-01-18 21:08:37.257,22.610915079744018,11.235924345044168,5.60565064203729,7.981581700232709,3.9628346914778376,8.193152892019498
2026-01-18 21:08:38.286,22.610915079744018,11.263547663645568,5.605887563864599,7.9810288826356555,3.9604654732047493,8.193705709616552
2026-01-18 21:08:39.312,22.603619545915763,11.262758425971242,5.6050188504978,7.9810288826356555,3.963229561190019,8.198681067990037
2026-01-18 21:08:40.340,22.603619545915763,11.246184434810402,5.6055716680948535,7.9822134917722,3.961492134456421,8.199865677126581
2026-01-18 21:08:41.366,22.596324012087393,11.242238246438774,5.605887563864599,7.981186830520528,3.961176238686676,8.20097131232069
2026-01-18 21:08:42.395,22.603619545915763,11.229610443649563,5.605413720209981,7.9824504135995085,3.959517785895514,8.203656426363523
2026-01-18 21:08:43.421,22.610915079744018,11.247762910159054,5.60565064203729,7.9824504135995085,3.9596757337803865,8.205867696751739
2026-01-18 21:08:44.450,22.603619545915763,11.235924345044168,5.60565064203729,7.981818622060018,3.960070603492568,8.20902665444919
2026-01-18 21:08:45.477,22.610915079744018,11.275386228760453,5.605729615979726,7.982371439657072,3.9614131605139846,8.212106638204205
2026-01-18 21:08:46.503,22.603619545915763,11.25407681155366,5.605808589922162,7.981423752347837,3.9627557175354013,8.21494970013191
2026-01-18 21:08:47.528,22.603619545915763,11.263547663645568,5.606519355404089,7.981739648117582,3.9605444471471856,8.2164502050382
2026-01-18 21:08:48.553,22.596324012087393,11.224875017603608,5.606045511749471,7.982371439657072,3.9631505872475827,8.222136328893612
2026-01-18 21:08:49.583,22.603619545915763,11.274596991086128,5.605966537807035,7.982134517829763,3.959833681665259,8.222136328893612
2026-01-18 21:08:50.616,22.603619545915763,11.241449008764448,5.606756277231398,7.982292465714636,3.9616500823412935,8.224347599281828
2026-01-18 21:08:51.646,22.603619545915763,11.254866049227985,5.606677303288961,7.98071298686591,3.9599916295501316,8.22663784361248
2026-01-18 21:08:52.673,22.603619545915763,11.220139591557654,5.606835251173834,7.982924257254126,3.9595967598379502,8.231613201985965
2026-01-18 21:08:53.703,22.603619545915763,11.271440040388825,5.607072173001143,7.983556048793616,3.9602285513774405,8.231455254101093
2026-01-18 21:08:54.730,22.610915079744018,11.2430274841131,5.60628243357678,7.981107856578092,3.9605444471471856,8.234535237856107
2026-01-18 21:08:55.760,22.603619545915763,11.231188918998214,5.606519355404089,7.982608361484381,3.959833681665259,8.23745727372625
2026-01-18 21:08:56.787,22.603619545915763,11.252498336205008,5.607151146943579,7.981107856578092,3.9594388119530777,8.240300335653956
2026-01-18 21:08:57.816,22.610915079744018,11.244605959461751,5.606756277231398,7.9818975960024545,3.962597769650529,8.241879814502681
2026-01-18 21:08:58.844,22.603619545915763,11.261969188296916,5.6069931990587065,7.982292465714636,3.959201890125769,8.246223381336677
2026-01-18 21:08:59.868,22.610915079744018,11.239870533415797,5.60691422511627,7.981739648117582,3.961808030226166,8.246697224991294
2026-01-18 21:09:00.896,22.603619545915763,11.261969188296916,5.607467042713324,7.981107856578092,3.960070603492568,8.2504090002858
2026-01-18 21:09:01.923,22.603619545915763,11.229610443649563,5.607782938483069,7.982529387541945,3.9594388119530777,8.251593609422343
2026-01-18 21:09:02.951,22.603619545915763,11.246973672484728,5.607388068770888,7.982529387541945,3.960939316859367,8.255542306544157
2026-01-18 21:09:03.977,22.610915079744018,11.25407681155366,5.608098834252814,7.98284528331169,3.9625187957080925,8.257121785392883
2026-01-18 21:09:05.003,22.603619545915763,11.264336901319894,5.607940886367942,7.982134517829763,3.959517785895514,8.25909613395379
2026-01-18 21:09:06.029,22.610915079744018,11.232767394346865,5.607703964540633,7.981344778405401,3.959280864068205,8.264466362039457
2026-01-18 21:09:07.057,22.610915079744018,11.239081295741471,5.607467042713324,7.981976569944891,3.960070603492568,8.26438738809702
2026-01-18 21:09:08.084,22.603619545915763,11.235924345044168,5.608493703964996,7.981976569944891,3.959280864068205,8.267230450024726
2026-01-18 21:09:09.112,22.618210613572387,11.242238246438774,5.607861912425506,7.983556048793616,3.9625187957080925,8.269125824643197
2026-01-18 21:09:10.138,22.603619545915763,11.224085779929283,5.607861912425506,7.982292465714636,3.9628346914778376,8.271495042916285
2026-01-18 21:09:11.166,22.610915079744018,11.247762910159054,5.608335756080123,7.9822134917722,3.959517785895514,8.273785287246938
2026-01-18 21:09:12.195,22.603619545915763,11.253287573879334,5.608256782137687,7.981344778405401,3.9624398217656562,8.277655010426315
2026-01-18 21:09:13.223,22.610915079744018,11.26512613899422,5.609125495504486,7.982292465714636,3.962123925995911,8.278523723793114
2026-01-18 21:09:14.251,22.610915079744018,11.261969188296916,5.608651651849868,7.980791960808347,3.9596757337803865,8.281919603317874
2026-01-18 21:09:15.277,22.610915079744018,11.241449008764448,5.6089675476196135,7.981976569944891,3.961571108398857,8.285868300439688
2026-01-18 21:09:16.304,22.610915079744018,11.257233762250962,5.608493703964996,7.982529387541945,3.961176238686676,8.28689496169136
2026-01-18 21:09:17.330,22.618210613572387,11.261969188296916,5.608493703964996,7.9818975960024545,3.9593598380106414,8.291396476410227
2026-01-18 21:09:18.356,22.618210613572387,11.250919860856357,5.609283443389359,7.981976569944891,3.9594388119530777,8.291791346122409
2026-01-18 21:09:19.382,22.618210613572387,11.280121654806408,5.609125495504486,7.981581700232709,3.962913665420274,8.295029277762296
2026-01-18 21:09:20.411,22.618210613572387,11.250919860856357,5.609204469446922,7.983003231196562,3.9599126556076953,8.296924652380767
2026-01-18 21:09:21.439,22.618210613572387,11.23750282039282,5.609204469446922,7.981818622060018,3.9596757337803865,8.299767714308473
2026-01-18 21:09:22.467,22.618210613572387,11.243816721787425,5.609599339159104,7.983556048793616,3.9593598380106414,8.30174206286938
2026-01-18 21:09:23.495,22.610915079744018,11.25960147527394,5.60967831310154,7.9810288826356555,3.9605444471471856,8.306559473357993
2026-01-18 21:09:24.522,22.618210613572387,11.301431072013202,5.609915234928849,7.981581700232709,3.9607813689744944,8.307191264897483
2026-01-18 21:09:25.548,22.618210613572387,11.271440040388825,5.610152156756158,7.9822134917722,3.959201890125769,8.310508170479807
2026-01-18 21:09:26.575,22.618210613572387,11.25565528690231,5.609599339159104,7.982055543887327,3.960939316859367,8.313430206349949
2026-01-18 21:09:27.605,22.610915079744018,11.264336901319894,5.609994208871285,7.982371439657072,3.9599916295501316,8.314851737313802
2026-01-18 21:09:28.635,22.610915079744018,11.256444524576636,5.610231130698594,7.982371439657072,3.9607813689744944,8.319432225975106
2026-01-18 21:09:29.662,22.618210613572387,11.268283089691522,5.609915234928849,7.981976569944891,3.960702395032058,8.320695809054087
2026-01-18 21:09:30.689,22.618210613572387,11.238292058067145,5.609994208871285,7.983240153023871,3.9614131605139846,8.322196313960376
2026-01-18 21:09:31.715,22.618210613572387,11.238292058067145,5.6103890785834665,7.981581700232709,3.960386499262313,8.3255132195427
2026-01-18 21:09:32.744,22.610915079744018,11.2430274841131,5.610862922238084,7.982134517829763,3.960702395032058,8.327092698391425
2026-01-18 21:09:33.770,22.618210613572387,11.2430274841131,5.610231130698594,7.983003231196562,3.9608603429169307,8.330567551858621
2026-01-18 21:09:34.797,22.618210613572387,11.264336901319894,5.609994208871285,7.982608361484381,3.9618870041686023,8.33206805676491
2026-01-18 21:09:35.828,22.618210613572387,11.243816721787425,5.611020870122957,7.9818975960024545,3.959754707722823,8.337754180620323
2026-01-18 21:09:36.858,22.618210613572387,11.257233762250962,5.6112577919502655,7.981976569944891,3.960070603492568,8.33759623273545
2026-01-18 21:09:37.888,22.618210613572387,11.238292058067145,5.610783948295648,7.982766309369254,3.959517785895514,8.340202372835847
2026-01-18 21:09:38.913,22.618210613572387,11.258812237599614,5.611099844065393,7.982292465714636,3.9596757337803865,8.344703887554715
2026-01-18 21:09:39.943,22.618210613572387,11.249341385507705,5.611099844065393,7.982371439657072,3.9628346914778376,8.34438799178497
2026-01-18 21:09:40.973,22.618210613572387,11.293538695269945,5.61094189618052,7.982055543887327,3.9608603429169307,8.34991616775551
2026-01-18 21:09:42.003,22.6255061474007,11.25565528690231,5.611415739835138,7.9818975960024545,3.960623421089622,8.3496792459282
2026-01-18 21:09:43.028,22.618210613572387,11.292749457595619,5.611099844065393,7.981423752347837,3.9605444471471856,8.35331204728027
2026-01-18 21:09:44.057,22.618210613572387,11.243816721787425,5.611415739835138,7.982134517829763,3.9630716133051465,8.35583921343823
2026-01-18 21:09:45.085,22.618210613572387,11.251709098530682,5.611889583489756,7.982924257254126,3.9605444471471856,8.357260744402083
2026-01-18 21:09:46.115,22.618210613572387,11.25565528690231,5.611336765892702,7.981818622060018,3.962123925995911,8.360182780272226
2026-01-18 21:09:47.143,22.618210613572387,11.24855214783338,5.611494713777574,7.9818975960024545,3.960939316859367,8.362315076718005
2026-01-18 21:09:48.170,22.6255061474007,11.260390712948265,5.612126505317065,7.9822134917722,3.9599126556076953,8.366500695667128
2026-01-18 21:09:49.195,22.618210613572387,11.2706508027145,5.611731635604883,7.983240153023871,3.9596757337803865,8.366974539321745
2026-01-18 21:09:50.220,22.6255061474007,11.232767394346865,5.612205479259501,7.981976569944891,3.96299263936271,8.369580679422143
2026-01-18 21:09:51.247,22.618210613572387,11.260390712948265,5.612363427144373,7.981739648117582,3.9593598380106414,8.373924246256138
2026-01-18 21:09:52.280,22.618210613572387,11.256444524576636,5.612205479259501,7.982371439657072,3.959833681665259,8.375108855392682
2026-01-18 21:09:53.307,22.618210613572387,11.25565528690231,5.612047531374628,7.981581700232709,3.9594388119530777,8.376767308183844
2026-01-18 21:09:54.333,22.618210613572387,11.258812237599614,5.612521375029246,7.9833191269663075,3.9602285513774405,8.380005239823731
2026-01-18 21:09:55.360,22.618210613572387,11.289592506898316,5.612521375029246,7.981581700232709,3.96299263936271,8.382611379924128
2026-01-18 21:09:56.387,22.618210613572387,11.282489367829385,5.612363427144373,7.983398100908744,3.9594388119530777,8.386086233391325
2026-01-18 21:09:57.417,22.6255061474007,11.26670461434287,5.612363427144373,7.982529387541945,3.9627557175354013,8.388218529837104
2026-01-18 21:09:58.447,22.618210613572387,11.275386228760453,5.612600348971682,7.983713996678489,3.9595967598379502,8.390745695995065
2026-01-18 21:09:59.476,22.610915079744018,11.231188918998214,5.613469062338481,7.983161179081435,3.961492134456421,8.393272862153026
2026-01-18 21:10:00.507,22.618210613572387,11.247762910159054,5.612837270798991,7.983003231196562,3.959280864068205,8.39508926282906
2026-01-18 21:10:01.539,22.6255061474007,11.231188918998214,5.6130741926263,7.980002221383984,3.960623421089622,8.397379507159712
2026-01-18 21:10:02.563,22.618210613572387,11.267493852017196,5.613627010223354,7.982134517829763,3.960939316859367,8.399511803605492
2026-01-18 21:10:03.590,22.618210613572387,11.273018515737476,5.612916244741427,7.982055543887327,3.9605444471471856,8.403302552842433
2026-01-18 21:10:04.615,22.618210613572387,11.26512613899422,5.61370598416579,7.982766309369254,3.959833681665259,8.406935354194502
2026-01-18 21:10:05.644,22.6255061474007,11.239081295741471,5.613627010223354,7.983161179081435,3.9622818738807837,8.40740919784912
2026-01-18 21:10:06.673,22.618210613572387,11.23750282039282,5.614021879935535,7.982134517829763,3.9608603429169307,8.409699442179772
2026-01-18 21:10:07.699,22.618210613572387,11.291960219921293,5.613627010223354,7.982134517829763,3.959833681665259,8.414279930841076
2026-01-18 21:10:08.728,22.618210613572387,11.249341385507705,5.613548036280918,7.981423752347837,3.9604654732047493,8.415227618150311
2026-01-18 21:10:09.758,22.6255061474007,11.26512613899422,5.614179827820408,7.981107856578092,3.9610972647442395,8.420518872293542
2026-01-18 21:10:10.788,22.6255061474007,11.292749457595619,5.614021879935535,7.981107856578092,3.96299263936271,8.419729132869179
2026-01-18 21:10:11.818,22.6255061474007,11.289592506898316,5.614179827820408,7.98284528331169,3.9631505872475827,8.422651168739321
2026-01-18 21:10:12.845,22.6255061474007,11.247762910159054,5.614021879935535,7.982055543887327,3.9627557175354013,8.426204996148954
2026-01-18 21:10:13.871,22.618210613572387,11.256444524576636,5.613942905993099,7.9824504135995085,3.960070603492568,8.428732162306915
2026-01-18 21:10:14.898,22.618210613572387,11.285646318526688,5.614416749647717,7.983082205138999,3.959754707722823,8.431417276349748
2026-01-18 21:10:15.928,22.618210613572387,11.267493852017196,5.614574697532589,7.982687335426817,3.9596757337803865,8.43307572914091
2026-01-18 21:10:16.958,22.6255061474007,11.263547663645568,5.615127515129643,7.981818622060018,3.959833681665259,8.435918791068616
2026-01-18 21:10:17.983,22.618210613572387,11.261969188296916,5.614969567244771,7.982055543887327,3.960070603492568,8.43797211357196
2026-01-18 21:10:19.010,22.6255061474007,11.261969188296916,5.614732645417462,7.982292465714636,3.962913665420274,8.441289019154283
2026-01-18 21:10:20.040,22.6255061474007,11.261969188296916,5.615048541187207,7.982687335426817,3.959833681665259,8.444684898679043
2026-01-18 21:10:21.070,22.6255061474007,11.295117170618596,5.615206489072079,7.982371439657072,3.9608603429169307,8.445316690218533
2026-01-18 21:10:22.098,22.6255061474007,11.230399681323888,5.615048541187207,7.9833191269663075,3.9610182908018032,8.448475647915984
2026-01-18 21:10:23.125,22.6255061474007,11.250919860856357,5.614969567244771,7.981344778405401,3.9596757337803865,8.45005512676471
2026-01-18 21:10:24.152,22.618210613572387,11.256444524576636,5.6155223848418245,7.983082205138999,3.9616500823412935,8.453766902059215
2026-01-18 21:10:25.180,22.6255061474007,11.251709098530682,5.614969567244771,7.9838719445633615,3.9607813689744944,8.455741250620122
2026-01-18 21:10:26.210,22.6255061474007,11.223296542254957,5.614969567244771,7.981344778405401,3.9622028999383474,8.46000584351168
2026-01-18 21:10:27.239,22.6255061474007,11.246973672484728,5.615206489072079,7.982766309369254,3.960070603492568,8.463243775151568
2026-01-18 21:10:28.269,22.6255061474007,11.245395197136077,5.615443410899388,7.982529387541945,3.959517785895514,8.462848905439387
2026-01-18 21:10:29.296,22.6255061474007,11.25407681155366,5.615680332726697,7.981107856578092,3.9607813689744944,8.466244784964147
2026-01-18 21:10:30.327,22.6255061474007,11.242238246438774,5.615364436956952,7.983082205138999,3.959833681665259,8.468850925064544
2026-01-18 21:10:31.356,22.618210613572387,11.268283089691522,5.6155223848418245,7.981423752347837,3.9605444471471856,8.473115517956103
2026-01-18 21:10:32.388,22.6255061474007,11.257233762250962,5.615680332726697,7.981107856578092,3.959833681665259,8.47382628343803
2026-01-18 21:10:33.419,22.6255061474007,11.244605959461751,5.615601358784261,7.982687335426817,3.9610182908018032,8.47635344959599
2026-01-18 21:10:34.444,22.6255061474007,11.269861565040173,5.615917254554006,7.9810288826356555,3.9608603429169307,8.479907277005623
2026-01-18 21:10:35.471,22.618210613572387,11.290381744572642,5.6155223848418245,7.983161179081435,3.9599916295501316,8.481723677681657
2026-01-18 21:10:36.497,22.618210613572387,11.23197815667254,5.616312124266187,7.982055543887327,3.962676743592965,8.485593400861035
2026-01-18 21:10:37.525,22.63280168122901,11.247762910159054,5.6160752024388785,7.981186830520528,3.960386499262313,8.485593400861035
2026-01-18 21:10:38.553,22.6255061474007,11.223296542254957,5.616549046093496,7.98284528331169,3.961571108398857,8.489068254328231
2026-01-18 21:10:39.581,22.6255061474007,11.217771878534677,5.615917254554006,7.983240153023871,3.9610972647442395,8.4918323423135
2026-01-18 21:10:40.612,22.6255061474007,11.25565528690231,5.6169439158056775,7.983161179081435,3.9604654732047493,8.493253873277354
2026-01-18 21:10:41.642,22.618210613572387,11.25013062318203,5.6160752024388785,7.981502726290273,3.960070603492568,8.497202570399168
2026-01-18 21:10:42.669,22.6255061474007,11.246184434810402,5.616628020035932,7.9818975960024545,3.9599126556076953,8.49822923165084
2026-01-18 21:10:43.695,22.6255061474007,11.257233762250962,5.617022889748114,7.9833191269663075,3.959833681665259,8.5007563978088
2026-01-18 21:10:44.724,22.6255061474007,11.22092882923198,5.616864941863241,7.981502726290273,3.9599916295501316,8.504231251275996
2026-01-18 21:10:45.751,22.6255061474007,11.253287573879334,5.617259811575423,7.981739648117582,3.961808030226166,8.50817994839781
2026-01-18 21:10:46.779,22.6255061474007,11.224085779929283,5.616706993978369,7.982687335426817,3.960386499262313,8.5096804533041
2026-01-18 21:10:47.806,22.6255061474007,11.2430274841131,5.616785967920805,7.982055543887327,3.9607813689744944,8.512681463116678
2026-01-18 21:10:48.832,22.6255061474007,11.23750282039282,5.61773365523004,7.982687335426817,3.960702395032058,8.514260941965404
2026-01-18 21:10:49.862,22.6255061474007,11.23197815667254,5.617417759460295,7.981818622060018,3.9610182908018032,8.516709134180928
2026-01-18 21:10:50.889,22.6255061474007,11.253287573879334,5.617812629172477,7.983003231196562,3.9596757337803865,8.519552196108634
2026-01-18 21:10:51.918,22.63280168122901,11.291170982246967,5.616785967920805,7.981739648117582,3.9624398217656562,8.522790127748522
2026-01-18 21:10:52.945,22.63280168122901,11.25565528690231,5.61773365523004,7.98284528331169,3.960623421089622,8.52326397140314
2026-01-18 21:10:53.973,22.63280168122901,11.241449008764448,5.617417759460295,7.981581700232709,3.960070603492568,8.528160355834189
2026-01-18 21:10:55.003,22.63280168122901,11.220139591557654,5.61773365523004,7.9818975960024545,3.960939316859367,8.528397277661497
2026-01-18 21:10:56.033,22.640097215057324,11.24855214783338,5.617812629172477,7.981186830520528,3.9631505872475827,8.530845469877022
2026-01-18 21:10:57.060,22.6255061474007,11.224875017603608,5.618286472827094,7.982134517829763,3.960070603492568,8.533767505747164
2026-01-18 21:10:58.087,22.63280168122901,11.28327860550371,5.618049550999785,7.98347707485118,3.960939316859367,8.536926463444615
2026-01-18 21:10:59.114,22.63280168122901,11.244605959461751,5.618049550999785,7.982529387541945,3.9603075253198767,8.539137733832831
2026-01-18 21:11:00.145,22.63280168122901,11.257233762250962,5.618523394654403,7.983082205138999,3.9610972647442395,8.54127003027861
2026-01-18 21:11:01.172,22.640097215057324,11.257233762250962,5.618602368596839,7.982529387541945,3.962597769650529,8.543639248551699
2026-01-18 21:11:02.202,22.63280168122901,11.235135107369842,5.618839290424148,7.981818622060018,3.960070603492568,8.546956154134023
2026-01-18 21:11:03.233,22.63280168122901,11.252498336205008,5.618286472827094,7.981423752347837,3.9599916295501316,8.54893050269493
2026-01-18 21:11:04.262,22.63280168122901,11.25013062318203,5.618207498884658,7.980791960808347,3.961255212629112,8.553510991356234
2026-01-18 21:11:05.291,22.6255061474007,11.253287573879334,5.618602368596839,7.982687335426817,3.9599916295501316,8.554695600492778
2026-01-18 21:11:06.321,22.63280168122901,11.261969188296916,5.618444420711967,7.9824504135995085,3.963466483017328,8.558012506075102
2026-01-18 21:11:07.351,22.640097215057324,11.25565528690231,5.619392108021202,7.982134517829763,3.9617290562837297,8.558723271557028
2026-01-18 21:11:08.380,22.640097215057324,11.273807753411802,5.618839290424148,7.982371439657072,3.9602285513774405,8.562040177139352
2026-01-18 21:11:09.410,22.640097215057324,11.217771878534677,5.6197869777333835,7.981739648117582,3.9633875090748916,8.564093499642695
2026-01-18 21:11:10.441,22.640097215057324,11.251709098530682,5.618997238309021,7.98284528331169,3.960070603492568,8.56717348339771
2026-01-18 21:11:11.465,22.640097215057324,11.228821205975237,5.619155186193893,7.981344778405401,3.9610182908018032,8.56843706647669
2026-01-18 21:11:12.492,22.63280168122901,11.251709098530682,5.61986595167582,7.982055543887327,3.963229561190019,8.573412424850176
2026-01-18 21:11:13.519,22.640097215057324,11.247762910159054,5.61986595167582,7.982371439657072,3.960149577435004,8.574360112159411
2026-01-18 21:11:14.545,22.63280168122901,11.232767394346865,5.619550055906075,7.982134517829763,3.9622818738807837,8.577913939569044
2026-01-18 21:11:15.574,22.640097215057324,11.220139591557654,5.619471081963638,7.9822134917722,3.9633085351324553,8.578387783223661
2026-01-18 21:11:16.602,22.640097215057324,11.268283089691522,5.619550055906075,7.981502726290273,3.960386499262313,8.583047245827402
2026-01-18 21:11:17.627,22.640097215057324,11.253287573879334,5.620102873503129,7.981976569944891,3.9604654732047493,8.583994933136637
2026-01-18 21:11:18.655,22.640097215057324,11.27222927806315,5.620023899560692,7.980949908693219,3.9604654732047493,8.585653385927799
2026-01-18 21:11:19.684,22.647392748885636,11.23750282039282,5.620181847445565,7.983082205138999,3.9602285513774405,8.590391822473975
2026-01-18 21:11:20.711,22.640097215057324,11.28327860550371,5.6203397953304375,7.982529387541945,3.9614131605139846,8.59133950978321
2026-01-18 21:11:21.741,22.640097215057324,11.24855214783338,5.6197869777333835,7.982608361484381,3.9617290562837297,8.594656415365534
2026-01-18 21:11:22.773,22.640097215057324,11.216193403186026,5.620813638985055,7.982134517829763,3.961492134456421,8.597420503350804
2026-01-18 21:11:23.800,22.647392748885636,11.269072327365848,5.62049774321531,7.981739648117582,3.9608603429169307,8.59836819066004
2026-01-18 21:11:24.824,22.640097215057324,11.257233762250962,5.620102873503129,7.9818975960024545,3.9603075253198767,8.602000992012108
2026-01-18 21:11:25.851,22.647392748885636,11.26117995062259,5.620734665042619,7.983161179081435,3.960386499262313,8.603343549033525
2026-01-18 21:11:26.882,22.640097215057324,11.257233762250962,5.620655691100183,7.9822134917722,3.9610972647442395,8.60642353278854
2026-01-18 21:11:27.924,22.647392748885636,11.242238246438774,5.620734665042619,7.982134517829763,3.960939316859367,8.609345568658682
2026-01-18 21:11:28.951,22.647392748885636,11.246184434810402,5.6203397953304375,7.981660674175146,3.960386499262313,8.611635812989334
2026-01-18 21:11:29.981,22.640097215057324,11.26670461434287,5.620655691100183,7.982055543887327,3.960070603492568,8.614399900974604
2026-01-18 21:11:31.013,22.640097215057324,11.251709098530682,5.621050560812364,7.982529387541945,3.9596757337803865,8.616374249535511
2026-01-18 21:11:32.040,22.647392748885636,11.25407681155366,5.621287482639673,7.9822134917722,3.9613341865715483,8.620243972714889
2026-01-18 21:11:33.070,22.647392748885636,11.220139591557654,5.620655691100183,7.981423752347837,3.960070603492568,8.621349607908996
2026-01-18 21:11:34.100,22.647392748885636,11.256444524576636,5.621050560812364,7.982687335426817,3.9602285513774405,8.623955748009394
2026-01-18 21:11:35.129,22.647392748885636,11.244605959461751,5.6217613262942905,7.982687335426817,3.960149577435004,8.6267988099371
2026-01-18 21:11:36.157,22.65468828271395,11.225664255277934,5.6217613262942905,7.9822134917722,3.960070603492568,8.628852132440443
2026-01-18 21:11:37.183,22.647392748885636,11.23750282039282,5.621366456582109,7.980397091096165,3.9610182908018032,8.632011090137894
2026-01-18 21:11:38.210,22.65468828271395,11.241449008764448,5.622156196006472,7.982924257254126,3.961255212629112,8.634459282353419
2026-01-18 21:11:39.236,22.65468828271395,11.241449008764448,5.6217613262942905,7.983161179081435,3.961176238686676,8.63674952668407
2026-01-18 21:11:40.261,22.65468828271395,11.239870533415797,5.622314143891344,7.983556048793616,3.960070603492568,8.639355666784468
2026-01-18 21:11:41.287,22.65468828271395,11.25565528690231,5.6226300396610895,7.98071298686591,3.9596757337803865,8.643146416021409
2026-01-18 21:11:42.314,22.65468828271395,11.24855214783338,5.622393117833781,7.981186830520528,3.9610972647442395,8.644252051215517
2026-01-18 21:11:43.345,22.65468828271395,11.242238246438774,5.622156196006472,7.982134517829763,3.9599916295501316,8.649148435646566
2026-01-18 21:11:44.373,22.647392748885636,11.241449008764448,5.622314143891344,7.9824504135995085,3.961808030226166,8.649622279301184
2026-01-18 21:11:45.399,22.65468828271395,11.28880326922399,5.623024909373271,7.982529387541945,3.963545456959764,8.651912523631836
2026-01-18 21:11:46.426,22.65468828271395,11.295906408292922,5.622709013603526,7.981107856578092,3.9618870041686023,8.654202767962488
2026-01-18 21:11:47.450,22.65468828271395,11.263547663645568,5.622709013603526,7.981581700232709,3.9604654732047493,8.657598647487248
2026-01-18 21:11:48.475,22.65468828271395,11.25013062318203,5.622866961488398,7.981976569944891,3.961255212629112,8.659651969990591
2026-01-18 21:11:49.503,22.66198381654226,11.246184434810402,5.622866961488398,7.982292465714636,3.9610182908018032,8.662179136148552
2026-01-18 21:11:50.531,22.65468828271395,11.219350353883328,5.622866961488398,7.981107856578092,3.9599916295501316,8.663995536824586
2026-01-18 21:11:51.557,22.65468828271395,11.253287573879334,5.623340805143016,7.982924257254126,3.9599126556076953,8.666522702982547
2026-01-18 21:11:52.582,22.66198381654226,11.243816721787425,5.623577726970325,7.982608361484381,3.962676743592965,8.66944473885269
2026-01-18 21:11:53.609,22.65468828271395,11.243816721787425,5.623024909373271,7.9810288826356555,3.961176238686676,8.671656009240905
2026-01-18 21:11:54.637,22.66198381654226,11.254866049227985,5.623103883315707,7.981976569944891,3.9638613527295092,8.674657019053484
2026-01-18 21:11:55.664,22.65468828271395,11.256444524576636,5.623577726970325,7.98071298686591,3.9603075253198767,8.677263159153881
2026-01-18 21:11:56.690,22.65468828271395,11.244605959461751,5.623340805143016,7.983003231196562,3.962913665420274,8.679316481657224
2026-01-18 21:11:57.716,22.65468828271395,11.246973672484728,5.623814648797634,7.9818975960024545,3.9638613527295092,8.683581074548783
2026-01-18 21:11:58.746,22.66198381654226,11.25407681155366,5.623656700912761,7.982766309369254,3.96299263936271,8.685397475224818
2026-01-18 21:11:59.773,22.66198381654226,11.23750282039282,5.623577726970325,7.9810288826356555,3.9602285513774405,8.688477458979833
2026-01-18 21:12:00.800,22.66198381654226,11.231188918998214,5.623972596682506,7.982292465714636,3.9599916295501316,8.690688729368048
2026-01-18 21:12:01.828,22.66198381654226,11.258022999925288,5.62452541427956,7.982529387541945,3.961176238686676,8.692268208216774
2026-01-18 21:12:02.857,22.65468828271395,11.271440040388825,5.6240515706249425,7.9824504135995085,3.9607813689744944,8.69511127014448
2026-01-18 21:12:03.886,22.66198381654226,11.2430274841131,5.624288492452251,7.982924257254126,3.9603075253198767,8.698980993323858
2026-01-18 21:12:04.915,22.66198381654226,11.250919860856357,5.624130544567379,7.981502726290273,3.9607813689744944,8.700165602460402
2026-01-18 21:12:05.944,22.66927935037063,11.247762910159054,5.625394127646359,7.982608361484381,3.9613341865715483,8.70253482073349
2026-01-18 21:12:06.973,22.66927935037063,11.227242730626585,5.6246043882219965,7.981818622060018,3.9603075253198767,8.706246596027995
2026-01-18 21:12:08.002,22.66198381654226,11.251709098530682,5.624762336106869,7.983161179081435,3.9624398217656562,8.708773762185956
2026-01-18 21:12:09.029,22.66198381654226,11.241449008764448,5.62452541427956,7.98284528331169,3.9608603429169307,8.710669136804427
2026-01-18 21:12:10.059,22.66198381654226,11.276175466434779,5.62515720581905,7.983003231196562,3.9596757337803865,8.714143990271623
2026-01-18 21:12:11.086,22.66198381654226,11.235924345044168,5.625078231876614,7.981581700232709,3.9607813689744944,8.716276286717402
2026-01-18 21:12:12.116,22.66927935037063,11.235135107369842,5.624683362164433,7.982134517829763,3.9599916295501316,8.718408583163182
2026-01-18 21:12:13.146,22.66927935037063,11.240659771090122,5.624762336106869,7.982292465714636,3.9599916295501316,8.720382931724089
2026-01-18 21:12:14.176,22.66198381654226,11.273807753411802,5.625552075531232,7.982529387541945,3.960623421089622,8.72227830634256
2026-01-18 21:12:15.201,22.66198381654226,11.288014031549665,5.6254731015887955,7.982529387541945,3.961176238686676,8.726227003464373
2026-01-18 21:12:16.227,22.66927935037063,11.235135107369842,5.625788997358541,7.9818975960024545,3.9595967598379502,8.727885456255535
2026-01-18 21:12:17.258,22.66927935037063,11.238292058067145,5.6260259191858495,7.982529387541945,3.960386499262313,8.729938778758878
2026-01-18 21:12:18.288,22.66927935037063,11.285646318526688,5.625710023416104,7.982371439657072,3.959833681665259,8.73183415337735
2026-01-18 21:12:19.319,22.66927935037063,11.24855214783338,5.625315153703923,7.983556048793616,3.96299263936271,8.734519267420183
2026-01-18 21:12:20.344,22.66927935037063,11.25565528690231,5.625552075531232,7.981660674175146,3.9608603429169307,8.738231042714688
2026-01-18 21:12:21.374,22.66927935037063,11.254866049227985,5.625631049473668,7.982055543887327,3.9593598380106414,8.739731547620977
2026-01-18 21:12:22.401,22.66927935037063,11.243816721787425,5.6260259191858495,7.9824504135995085,3.96236084782322,8.743206401088173
2026-01-18 21:12:23.431,22.66927935037063,11.264336901319894,5.626183867070722,7.981976569944891,3.9594388119530777,8.746918176382678
2026-01-18 21:12:24.461,22.66927935037063,11.256444524576636,5.6260259191858495,7.982608361484381,3.960149577435004,8.748260733404095
2026-01-18 21:12:25.492,22.66198381654226,11.264336901319894,5.625867971300977,7.983082205138999,3.961492134456421,8.750235081965002
2026-01-18 21:12:26.522,22.66198381654226,11.25565528690231,5.626183867070722,7.98284528331169,3.963229561190019,8.754973518511179
2026-01-18 21:12:27.553,22.66927935037063,11.267493852017196,5.626815658610212,7.9818975960024545,3.960623421089622,8.755763257935541
2026-01-18 21:12:28.582,22.66927935037063,11.239870533415797,5.626183867070722,7.9810288826356555,3.9608603429169307,8.75789555438132
2026-01-18 21:12:29.610,22.66927935037063,11.223296542254957,5.626104893128286,7.9818975960024545,3.9593598380106414,8.759632981114919
2026-01-18 21:12:30.639,22.66927935037063,11.245395197136077,5.626420788898031,7.9818975960024545,3.959754707722823,8.764371417661096
2026-01-18 21:12:31.663,22.66927935037063,11.273018515737476,5.626183867070722,7.981344778405401,3.9610972647442395,8.764845261315713
2026-01-18 21:12:32.691,22.66927935037063,11.258812237599614,5.62665771072534,7.982766309369254,3.9602285513774405,8.767925245070728
2026-01-18 21:12:33.717,22.66927935037063,11.288014031549665,5.626736684667776,7.981423752347837,3.9603075253198767,8.769425749977017
2026-01-18 21:12:34.747,22.66927935037063,11.232767394346865,5.626736684667776,7.981502726290273,3.959754707722823,8.773058551329086
2026-01-18 21:12:35.774,22.66927935037063,11.261969188296916,5.626578736782903,7.982529387541945,3.959280864068205,8.776454430853846
2026-01-18 21:12:36.805,22.66927935037063,11.261969188296916,5.626815658610212,7.982529387541945,3.9607813689744944,8.77763903999039
2026-01-18 21:12:37.835,22.66198381654226,11.293538695269945,5.6274474501497025,7.982055543887327,3.9595967598379502,8.780087232205915
2026-01-18 21:12:38.862,22.66927935037063,11.254866049227985,5.627052580437521,7.982529387541945,3.959201890125769,8.783009268076057
2026-01-18 21:12:39.888,22.66927935037063,11.262758425971242,5.627210528322394,7.982292465714636,3.961176238686676,8.78529951240671
2026-01-18 21:12:40.919,22.66927935037063,11.250919860856357,5.6268946325526485,7.982371439657072,3.959517785895514,8.787115913082744
2026-01-18 21:12:41.948,22.66927935037063,11.26512613899422,5.627368476207266,7.981739648117582,3.959280864068205,8.790748714434812
2026-01-18 21:12:42.972,22.66927935037063,11.25960147527394,5.627368476207266,7.982687335426817,3.9590439422408963,8.792644089053283
2026-01-18 21:12:43.998,22.66927935037063,11.306955735733482,5.627763345919448,7.9818975960024545,3.960149577435004,8.795013307326371
2026-01-18 21:12:45.026,22.66927935037063,11.239081295741471,5.628000267746756,7.982529387541945,3.9594388119530777,8.797461499541896
2026-01-18 21:12:46.052,22.66927935037063,11.25407681155366,5.627684371977011,7.982766309369254,3.960070603492568,8.801173274836401
2026-01-18 21:12:47.077,22.66927935037063,11.257233762250962,5.628079241689193,7.983398100908744,3.960149577435004,8.803779414936798
2026-01-18 21:12:48.106,22.66927935037063,11.284067843178036,5.627605398034575,7.982529387541945,3.962913665420274,8.804569154361161
2026-01-18 21:12:49.132,22.66927935037063,11.258812237599614,5.628474111401374,7.982924257254126,3.962123925995911,8.807254268403995
2026-01-18 21:12:50.159,22.676574884198885,11.28327860550371,5.6283161635165015,7.981660674175146,3.959517785895514,8.810255278216573
2026-01-18 21:12:51.191,22.676574884198885,11.234345869695517,5.628474111401374,7.982055543887327,3.9595967598379502,8.811834757065299
2026-01-18 21:12:52.220,22.676574884198885,11.228031968300911,5.628790007171119,7.981739648117582,3.9610972647442395,8.814598845050568
2026-01-18 21:12:53.251,22.66927935037063,11.265915376668545,5.628395137458938,7.981976569944891,3.9596757337803865,8.816652167553912
2026-01-18 21:12:54.277,22.66927935037063,11.257233762250962,5.628395137458938,7.983240153023871,3.9619659781110386,8.82178547381227
2026-01-18 21:12:55.306,22.676574884198885,11.293538695269945,5.629026928998428,7.9833191269663075,3.960386499262313,8.823207004776123
2026-01-18 21:12:56.333,22.676574884198885,11.263547663645568,5.628947955055992,7.981581700232709,3.9599916295501316,8.825734170934084
2026-01-18 21:12:57.360,22.676574884198885,11.246973672484728,5.629263850825737,7.981107856578092,3.9624398217656562,8.827234675840373
2026-01-18 21:12:58.386,22.66927935037063,11.262758425971242,5.629184876883301,7.9822134917722,3.959201890125769,8.829445946228589
2026-01-18 21:12:59.410,22.66198381654226,11.245395197136077,5.629026928998428,7.9822134917722,3.959833681665259,8.832841825753349
2026-01-18 21:13:00.437,22.66927935037063,11.242238246438774,5.629105902940864,7.982687335426817,3.960386499262313,8.83536899191131
2026-01-18 21:13:01.464,22.676574884198885,11.241449008764448,5.629421798710609,7.983713996678489,3.9625187957080925,8.838370001723888
2026-01-18 21:13:02.495,22.66927935037063,11.258022999925288,5.629579746595482,7.983161179081435,3.960149577435004,8.842397672788138
2026-01-18 21:13:03.526,22.66927935037063,11.257233762250962,5.629895642365227,7.982055543887327,3.9588070204135875,8.841765881248648
2026-01-18 21:13:04.555,22.66927935037063,11.235135107369842,5.629974616307663,7.981976569944891,3.959754707722823,8.844608943176354
2026-01-18 21:13:05.582,22.66927935037063,11.23197815667254,5.629579746595482,7.9804760650386015,3.9591229161833326,8.847136109334315
2026-01-18 21:13:06.618,22.66927935037063,11.2706508027145,5.629895642365227,7.983161179081435,3.95896496829846,8.851321728283438
2026-01-18 21:13:07.641,22.66927935037063,11.295117170618596,5.6297376944803545,7.983082205138999,3.9604654732047493,8.85274325924729
2026-01-18 21:13:08.676,22.66927935037063,11.261969188296916,5.629816668422791,7.981976569944891,3.962044952053475,8.854796581750634
2026-01-18 21:13:09.702,22.66927935037063,11.253287573879334,5.629895642365227,7.981581700232709,3.960149577435004,8.856849904253977
2026-01-18 21:13:10.730,22.66927935037063,11.234345869695517,5.629658720537918,7.9838719445633615,3.959754707722823,8.859456044354374
2026-01-18 21:13:11.757,22.66927935037063,11.24855214783338,5.6302905120774085,7.982608361484381,3.9590439422408963,8.862615002051825
2026-01-18 21:13:12.787,22.676574884198885,11.252498336205008,5.630764355732026,7.9824504135995085,3.9605444471471856,8.866405751288767
2026-01-18 21:13:13.819,22.676574884198885,11.244605959461751,5.629895642365227,7.981818622060018,3.9599126556076953,8.867353438598002
2026-01-18 21:13:14.849,22.676574884198885,11.244605959461751,5.630764355732026,7.981976569944891,3.959833681665259,8.869169839274036
2026-01-18 21:13:15.879,22.676574884198885,11.27222927806315,5.63068538178959,7.981581700232709,3.9594388119530777,8.871933927259306
2026-01-18 21:13:16.906,22.66927935037063,11.257233762250962,5.630211538134972,7.982608361484381,3.9596757337803865,8.875487754668939
2026-01-18 21:13:17.932,22.66927935037063,11.26117995062259,5.630843329674462,7.982292465714636,3.9588070204135875,8.876988259575228
2026-01-18 21:13:18.959,22.66927935037063,11.25407681155366,5.6311592254442076,7.9822134917722,3.9614131605139846,8.880384139099988
2026-01-18 21:13:19.985,22.66927935037063,11.258022999925288,5.630843329674462,7.981739648117582,3.960702395032058,8.88417488833693
2026-01-18 21:13:21.012,22.66927935037063,11.254866049227985,5.6311592254442076,7.9818975960024545,3.959517785895514,8.88456975804911
2026-01-18 21:13:22.040,22.66927935037063,11.253287573879334,5.631080251501771,7.981818622060018,3.9602285513774405,8.887254872091944
2026-01-18 21:13:23.067,22.66927935037063,11.273018515737476,5.631475121213953,7.982766309369254,3.9588070204135875,8.890334855846959
2026-01-18 21:13:24.094,22.66927935037063,11.228821205975237,5.631238199386644,7.983240153023871,3.9596757337803865,8.892940995947356
2026-01-18 21:13:25.123,22.66927935037063,11.249341385507705,5.630922303616899,7.982766309369254,3.958728046471151,8.89475739662339
2026-01-18 21:13:26.149,22.66927935037063,11.253287573879334,5.631001277559335,7.98347707485118,3.960623421089622,8.897126614896479
2026-01-18 21:13:27.188,22.66927935037063,11.229610443649563,5.63194896486857,7.9824504135995085,3.958728046471151,8.89902198951495
2026-01-18 21:13:28.217,22.66927935037063,11.232767394346865,5.631633069098825,7.982371439657072,3.958728046471151,8.904234269715744
2026-01-18 21:13:29.244,22.66198381654226,11.241449008764448,5.631869990926134,7.9818975960024545,3.9588070204135875,8.906919383758577
2026-01-18 21:13:30.274,22.66927935037063,11.250919860856357,5.631633069098825,7.983240153023871,3.95896496829846,8.907867071067813
2026-01-18 21:13:31.305,22.66927935037063,11.25407681155366,5.6317120430412615,7.9818975960024545,3.9599916295501316,8.910078341456028
2026-01-18 21:13:32.337,22.66198381654226,11.25407681155366,5.632264860638315,7.982529387541945,3.95896496829846,8.91173679424719
2026-01-18 21:13:33.370,22.66198381654226,11.256444524576636,5.631633069098825,7.98284528331169,3.9585700985862786,8.913948064635406
2026-01-18 21:13:34.401,22.66927935037063,11.25013062318203,5.63194896486857,7.9824504135995085,3.96236084782322,8.91726497021773
2026-01-18 21:13:35.427,22.66927935037063,11.223296542254957,5.632817678235369,7.982371439657072,3.9622028999383474,8.919871110318127
2026-01-18 21:13:36.458,22.66198381654226,11.251709098530682,5.632422808523188,7.983713996678489,3.9585700985862786,8.92318801590045
2026-01-18 21:13:37.486,22.66198381654226,11.23750282039282,5.632185886695879,7.982371439657072,3.9599126556076953,8.925162364461357
2026-01-18 21:13:38.510,22.66198381654226,11.25407681155366,5.632343834580752,7.980239143211293,3.9595967598379502,8.926110051770593
2026-01-18 21:13:39.537,22.66198381654226,11.24855214783338,5.6325807564080606,7.981581700232709,3.9595967598379502,8.929505931295353
2026-01-18 21:13:40.567,22.66198381654226,11.25960147527394,5.632896652177806,7.983240153023871,3.958728046471151,8.932427967165495
2026-01-18 21:13:41.598,22.66198381654226,11.258022999925288,5.632659730350497,7.981344778405401,3.9596757337803865,8.934955133323456
2026-01-18 21:13:42.628,22.66927935037063,11.239081295741471,5.633370495832423,7.982766309369254,3.959754707722823,8.937008455826799
2026-01-18 21:13:43.657,22.66927935037063,11.256444524576636,5.632343834580752,7.982766309369254,3.9617290562837297,8.940404335351559
2026-01-18 21:13:44.684,22.66198381654226,11.265915376668545,5.633370495832423,7.981186830520528,3.958728046471151,8.94293150150952
2026-01-18 21:13:45.711,22.66198381654226,11.273018515737476,5.632896652177806,7.982134517829763,3.959517785895514,8.946011485264535
2026-01-18 21:13:46.738,22.66198381654226,11.291170982246967,5.632896652177806,7.983003231196562,3.9588070204135875,8.949407364789295
2026-01-18 21:13:47.765,22.66198381654226,11.250919860856357,5.633212547947551,7.981502726290273,3.9599126556076953,8.950434026040966
2026-01-18 21:13:48.792,22.66198381654226,11.240659771090122,5.633528443717296,7.982292465714636,3.9599126556076953,8.952408374601873
2026-01-18 21:13:49.818,22.66198381654226,11.256444524576636,5.633686391602168,7.983635022736053,3.958728046471151,8.954224775277908
2026-01-18 21:13:50.849,22.65468828271395,11.247762910159054,5.633765365544605,7.9818975960024545,3.9596757337803865,8.956199123838815
2026-01-18 21:13:51.879,22.66198381654226,11.254866049227985,5.63344946977486,7.981502726290273,3.9618870041686023,8.95991089913332
2026-01-18 21:13:52.910,22.66198381654226,11.241449008764448,5.633370495832423,7.980634012923474,3.9602285513774405,8.961885247694227
2026-01-18 21:13:53.936,22.66198381654226,11.219350353883328,5.633844339487041,7.982292465714636,3.960939316859367,8.965597022988732
2026-01-18 21:13:54.962,22.65468828271395,11.247762910159054,5.633370495832423,7.981976569944891,3.9596757337803865,8.96646573635553
2026-01-18 21:13:55.990,22.66198381654226,11.25565528690231,5.634160235256786,7.98284528331169,3.959833681665259,8.968913928571055
2026-01-18 21:13:57.018,22.66198381654226,11.24855214783338,5.634318183141659,7.981818622060018,3.9599126556076953,8.97199391232607
2026-01-18 21:13:58.048,22.65468828271395,11.282489367829385,5.633844339487041,7.982134517829763,3.959517785895514,8.973731339059668
2026-01-18 21:13:59.079,22.65468828271395,11.276175466434779,5.633923313429477,7.983082205138999,3.960149577435004,8.9772851664693
2026-01-18 21:14:00.107,22.65468828271395,11.219350353883328,5.634476131026531,7.9833191269663075,3.9624398217656562,8.980444124166752
2026-01-18 21:14:01.133,22.647392748885636,11.246184434810402,5.634318183141659,7.983082205138999,3.9588070204135875,8.982260524842786
2026-01-18 21:14:02.159,22.647392748885636,11.247762910159054,5.635107922566021,7.982134517829763,3.959280864068205,8.984866664943183
2026-01-18 21:14:03.189,22.647392748885636,11.244605959461751,5.6345551049689675,7.981265804462964,3.959754707722823,8.987867674755762
2026-01-18 21:14:04.220,22.65468828271395,11.262758425971242,5.634476131026531,7.981818622060018,3.9588859943560237,8.990078945143978
2026-01-18 21:14:05.246,22.65468828271395,11.26117995062259,5.635107922566021,7.982766309369254,3.9588070204135875,8.992132267647321
2026-01-18 21:14:06.271,22.65468828271395,11.261969188296916,5.634871000738713,7.98284528331169,3.961255212629112,8.995923016884262
2026-01-18 21:14:07.299,22.65468828271395,11.238292058067145,5.63534484439333,7.982134517829763,3.960070603492568,8.998687104869532
2026-01-18 21:14:08.330,22.65468828271395,11.25013062318203,5.635265870450894,7.983161179081435,3.961176238686676,9.000345557660694
2026-01-18 21:14:09.356,22.65468828271395,11.251709098530682,5.635818688047948,7.981976569944891,3.9602285513774405,9.003109645645964
2026-01-18 21:14:10.385,22.647392748885636,11.228821205975237,5.635265870450894,7.982055543887327,3.9599916295501316,9.00595270757367
2026-01-18 21:14:11.416,22.647392748885636,11.216193403186026,5.635265870450894,7.981660674175146,3.95896496829846,9.009190639213557
2026-01-18 21:14:12.446,22.647392748885636,11.233556632021191,5.635502792278203,7.982371439657072,3.9594388119530777,9.010533196234974
2026-01-18 21:14:13.477,22.647392748885636,11.25960147527394,5.635265870450894,7.981976569944891,3.9588859943560237,9.012349596911008
2026-01-18 21:14:14.505,22.65468828271395,11.238292058067145,5.635660740163075,7.981107856578092,3.9591229161833326,9.015587528550896
2026-01-18 21:14:15.530,22.647392748885636,11.257233762250962,5.636134583817693,7.982529387541945,3.959833681665259,9.017324955284494
2026-01-18 21:14:16.557,22.647392748885636,11.261969188296916,5.6354238183357666,7.981186830520528,3.95896496829846,9.02079980875169
2026-01-18 21:14:17.584,22.647392748885636,11.249341385507705,5.636371505645002,7.981739648117582,3.9590439422408963,9.023800818564268
2026-01-18 21:14:18.612,22.647392748885636,11.261969188296916,5.636371505645002,7.981502726290273,3.959754707722823,9.025222349528121
2026-01-18 21:14:19.642,22.640097215057324,11.260390712948265,5.636055609875257,7.983082205138999,3.9591229161833326,9.027986437513391
2026-01-18 21:14:20.671,22.647392748885636,11.235924345044168,5.636134583817693,7.981581700232709,3.95896496829846,9.03011873395917
2026-01-18 21:14:21.699,22.647392748885636,11.257233762250962,5.636134583817693,7.982371439657072,3.9588859943560237,9.032487952232259
2026-01-18 21:14:22.727,22.647392748885636,11.238292058067145,5.6359766359328205,7.981265804462964,3.96236084782322,9.035962805699455
2026-01-18 21:14:23.755,22.647392748885636,11.256444524576636,5.636450479587438,7.98347707485118,3.9588859943560237,9.038174076087671
2026-01-18 21:14:24.782,22.640097215057324,11.247762910159054,5.636766375357183,7.982608361484381,3.96236084782322,9.040148424648578
2026-01-18 21:14:25.812,22.647392748885636,11.25960147527394,5.636055609875257,7.983398100908744,3.9602285513774405,9.042912512633848
2026-01-18 21:14:26.843,22.647392748885636,11.264336901319894,5.63684534929962,7.98284528331169,3.9608603429169307,9.045992496388862
2026-01-18 21:14:27.873,22.647392748885636,11.26512613899422,5.636608427472311,7.981739648117582,3.959754707722823,9.04796684494977
2026-01-18 21:14:28.898,22.647392748885636,11.243816721787425,5.637003297184492,7.982292465714636,3.962597769650529,9.050651958992603
2026-01-18 21:14:29.925,22.640097215057324,11.291170982246967,5.636371505645002,7.981976569944891,3.959280864068205,9.054995525826598
2026-01-18 21:14:30.952,22.640097215057324,11.229610443649563,5.637082271126928,7.981660674175146,3.960623421089622,9.056575004675324
2026-01-18 21:14:31.977,22.647392748885636,11.253287573879334,5.63684534929962,7.981660674175146,3.961808030226166,9.059891910257647
2026-01-18 21:14:33.003,22.647392748885636,11.25407681155366,5.63684534929962,7.982134517829763,3.9591229161833326,9.061471389106373
2026-01-18 21:14:34.029,22.647392748885636,11.244605959461751,5.637556114781546,7.983082205138999,3.960149577435004,9.063287789782407
2026-01-18 21:14:35.059,22.647392748885636,11.250919860856357,5.63684534929962,7.981502726290273,3.9625187957080925,9.065657008055496
2026-01-18 21:14:36.090,22.647392748885636,11.2430274841131,5.63747714083911,7.981581700232709,3.9595967598379502,9.069052887580256
2026-01-18 21:14:37.120,22.647392748885636,11.256444524576636,5.637161245069365,7.9824504135995085,3.9593598380106414,9.070948262198726
2026-01-18 21:14:38.146,22.640097215057324,11.27222927806315,5.637635088723982,7.981818622060018,3.9595967598379502,9.074028245953741
2026-01-18 21:14:39.177,22.647392748885636,11.235924345044168,5.63747714083911,7.981423752347837,3.9613341865715483,9.07576567268734
2026-01-18 21:14:40.205,22.640097215057324,11.258022999925288,5.638266880263473,7.982292465714636,3.961492134456421,9.07892463038479
2026-01-18 21:14:41.234,22.647392748885636,11.22645349295226,5.6379509844937274,7.982292465714636,3.959201890125769,9.081135900773006
2026-01-18 21:14:42.261,22.647392748885636,11.256444524576636,5.637635088723982,7.983003231196562,3.960070603492568,9.084136910585585
2026-01-18 21:14:43.291,22.65468828271395,11.258022999925288,5.637714062666419,7.980791960808347,3.9591229161833326,9.086743050685982
2026-01-18 21:14:44.318,22.647392748885636,11.241449008764448,5.637635088723982,7.980160169268856,3.959517785895514,9.088954321074198
2026-01-18 21:14:45.344,22.647392748885636,11.265915376668545,5.638345854205909,7.981818622060018,3.9599126556076953,9.090454825980487
2026-01-18 21:14:46.373,22.647392748885636,11.250919860856357,5.6381089323786,7.982292465714636,3.9607813689744944,9.093613783677938
2026-01-18 21:14:47.401,22.647392748885636,11.246973672484728,5.6381089323786,7.982608361484381,3.9599126556076953,9.095825054066154
2026-01-18 21:14:48.430,22.647392748885636,11.268283089691522,5.6388196978605265,7.981660674175146,3.9602285513774405,9.098826063878732
2026-01-18 21:14:49.456,22.647392748885636,11.235135107369842,5.638029958436164,7.982608361484381,3.9591229161833326,9.10206399551862
2026-01-18 21:14:50.486,22.647392748885636,11.2706508027145,5.6393725154575804,7.981107856578092,3.9605444471471856,9.105933718697997
2026-01-18 21:14:51.511,22.647392748885636,11.264336901319894,5.638424828148345,7.98347707485118,3.960623421089622,9.106249614467743
2026-01-18 21:14:52.543,22.647392748885636,11.239081295741471,5.638661749975654,7.981818622060018,3.959517785895514,9.110830103129047
2026-01-18 21:14:53.572,22.65468828271395,11.282489367829385,5.638345854205909,7.981581700232709,3.962913665420274,9.111224972841228
2026-01-18 21:14:54.599,22.647392748885636,11.253287573879334,5.639214567572708,7.982766309369254,3.9610182908018032,9.113199321402135
2026-01-18 21:14:55.627,22.65468828271395,11.25960147527394,5.63874072391809,7.981660674175146,3.959517785895514,9.116990070639076
2026-01-18 21:14:56.654,22.647392748885636,11.298274121315899,5.638898671802963,7.983240153023871,3.959517785895514,9.118964419199983
2026-01-18 21:14:57.685,22.647392748885636,11.280121654806408,5.639767385169762,7.981660674175146,3.9605444471471856,9.121412611415508
2026-01-18 21:14:58.712,22.65468828271395,11.291960219921293,5.639688411227326,7.9822134917722,3.960623421089622,9.124808490940268
2026-01-18 21:14:59.739,22.65468828271395,11.267493852017196,5.639530463342453,7.982529387541945,3.9596757337803865,9.127019761328484
2026-01-18 21:15:00.765,22.65468828271395,11.243816721787425,5.639530463342453,7.982608361484381,3.9596757337803865,9.129073083831827
2026-01-18 21:15:01.792,22.647392748885636,11.236713582718494,5.639846359112198,7.982055543887327,3.9595967598379502,9.133416650665822
2026-01-18 21:15:02.819,22.647392748885636,11.257233762250962,5.639056619687835,7.9822134917722,3.960149577435004,9.133811520378003
2026-01-18 21:15:03.846,22.647392748885636,11.250919860856357,5.639925333054634,7.982055543887327,3.960702395032058,9.13918174846367
2026-01-18 21:15:04.874,22.647392748885636,11.245395197136077,5.640004306997071,7.9833191269663075,3.9603075253198767,9.139892513945597
2026-01-18 21:15:05.901,22.65468828271395,11.243816721787425,5.639846359112198,7.982371439657072,3.960623421089622,9.143762237124974
2026-01-18 21:15:06.932,22.65468828271395,11.252498336205008,5.640399176709252,7.982608361484381,3.962123925995911,9.145894533570754
2026-01-18 21:15:07.961,22.65468828271395,11.246973672484728,5.639767385169762,7.981265804462964,3.960070603492568,9.149211439153078
2026-01-18 21:15:08.991,22.65468828271395,11.26512613899422,5.640636098536561,7.982371439657072,3.961176238686676,9.150317074347186