RealTimestamp,WGM701_Voltage (V),CVM211_Voltage (V),Baratron626D_1KT_Voltage (V),Baratron626D_1T_Voltage (V)
2025-10-07 15:56:22.732,5.53986534798787,7.981423752347837,4.662227925693514,6.5880864859445865
2025-10-07 15:56:22.944,5.540102269815179,7.981976569944891,4.664360222139294,6.587849564117278
2025-10-07 15:56:23.156,5.540734061354669,7.981976569944891,4.664360222139294,6.588718277484077
2025-10-07 15:56:23.368,5.539707400102998,7.981660674175146,4.662622795405696,6.587454694405096
2025-10-07 15:56:23.580,5.539944321930307,7.981265804462964,4.663254586945186,6.589034173253822
2025-10-07 15:56:23.792,5.540260217700052,7.981265804462964,4.662464847520823,6.588323407771895
2025-10-07 15:56:24.005,5.540102269815179,7.981581700232709,4.663412534830059,6.588718277484077
2025-10-07 15:56:24.217,5.540576113469797,7.981423752347837,4.662780743290568,6.59013980844793
2025-10-07 15:56:24.427,5.539154582505944,7.982292465714636,4.662622795405696,6.589034173253822
2025-10-07 15:56:24.639,5.540023295872743,7.981265804462964,4.662938691175441,6.590297756332802
2025-10-07 15:56:24.850,5.540576113469797,7.982371439657072,4.664913039736348,6.589350069023567
2025-10-07 15:56:25.063,5.541286878951723,7.9810288826356555,4.663333560887622,6.589271095081131
2025-10-07 15:56:25.275,5.541286878951723,7.9810288826356555,4.664676117909039,6.589902886620621
2025-10-07 15:56:25.486,5.541128931066851,7.981344778405401,4.662622795405696,6.59013980844793
2025-10-07 15:56:25.697,5.539944321930307,7.981186830520528,4.6625438214632595,6.59013980844793
2025-10-07 15:56:25.909,5.540102269815179,7.981739648117582,4.662938691175441,6.589350069023567
2025-10-07 15:56:26.124,5.5401812437576154,7.981976569944891,4.662385873578387,6.59140339152691
2025-10-07 15:56:26.335,5.539707400102998,7.98284528331169,4.6625438214632595,6.590218782390366
2025-10-07 15:56:26.545,5.539944321930307,7.982292465714636,4.662780743290568,6.591166469699601
2025-10-07 15:56:26.758,5.53986534798787,7.981502726290273,4.6639653524271125,6.591008521814729
2025-10-07 15:56:26.970,5.539786374045434,7.982529387541945,4.663333560887622,6.591087495757165
2025-10-07 15:56:27.184,5.539470478275689,7.981344778405401,4.662701769348132,6.591245443642038
2025-10-07 15:56:27.396,5.539786374045434,7.9822134917722,4.662701769348132,6.591640313354219
2025-10-07 15:56:27.606,5.539786374045434,7.981581700232709,4.662701769348132,6.592982870375636
2025-10-07 15:56:27.818,5.539786374045434,7.9818975960024545,4.664597143966603,6.5920351830664
2025-10-07 15:56:28.031,5.540970983181978,7.981186830520528,4.662780743290568,6.591956209123964
2025-10-07 15:56:28.242,5.540102269815179,7.9824504135995085,4.6630966390603135,6.594404401339489
2025-10-07 15:56:28.454,5.540339191642488,7.982292465714636,4.664755091851475,6.592824922490763
2025-10-07 15:56:28.665,5.540339191642488,7.982608361484381,4.663254586945186,6.594246453454616
2025-10-07 15:56:28.877,5.539944321930307,7.9824504135995085,4.662306899635951,6.593061844318072
2025-10-07 15:56:29.091,5.539786374045434,7.9822134917722,4.663728430599804,6.592982870375636
2025-10-07 15:56:29.304,5.540418165584924,7.9818975960024545,4.662622795405696,6.594088505569744
2025-10-07 15:56:29.517,5.540339191642488,7.981186830520528,4.663017665117877,6.593851583742435
2025-10-07 15:56:29.729,5.540734061354669,7.982529387541945,4.6625438214632595,6.595510036533597
2025-10-07 15:56:29.939,5.53923355644838,7.982371439657072,4.662701769348132,6.59416747951218
2025-10-07 15:56:30.154,5.5401812437576154,7.981423752347837,4.662859717233005,6.594088505569744
2025-10-07 15:56:30.366,5.540418165584924,7.9818975960024545,4.66317561300275,6.5946413231667975
2025-10-07 15:56:30.579,5.541286878951723,7.981739648117582,4.66317561300275,6.596378749900396
2025-10-07 15:56:30.790,5.5401812437576154,7.982292465714636,4.663333560887622,6.59479927105167
2025-10-07 15:56:31.002,5.540813035297106,7.982055543887327,4.663570482714931,6.59479927105167
2025-10-07 15:56:31.216,5.540418165584924,7.98347707485118,4.66443919608173,6.595746958360905
2025-10-07 15:56:31.427,5.5401812437576154,7.982371439657072,4.663728430599804,6.595825932303342
2025-10-07 15:56:31.638,5.540418165584924,7.982055543887327,4.663017665117877,6.595352088648724
2025-10-07 15:56:31.850,5.540102269815179,7.981818622060018,4.66380740454224,6.595825932303342
2025-10-07 15:56:32.064,5.5401812437576154,7.980949908693219,4.663017665117877,6.597168489324758
2025-10-07 15:56:32.277,5.540497139527361,7.9818975960024545,4.663333560887622,6.59693156749745
2025-10-07 15:56:32.488,5.540576113469797,7.981423752347837,4.665228935506093,6.597089515382322
2025-10-07 15:56:32.700,5.5401812437576154,7.982924257254126,4.665149961563657,6.596694645670141
2025-10-07 15:56:32.911,5.539470478275689,7.981739648117582,4.663333560887622,6.597168489324758
2025-10-07 15:56:33.122,5.540734061354669,7.981265804462964,4.6653868833909655,6.5966156717277045
2025-10-07 15:56:33.335,5.539944321930307,7.982134517829763,4.66317561300275,6.597642332979376
2025-10-07 15:56:33.547,5.5401812437576154,7.981818622060018,4.664992013678784,6.597721306921812
2025-10-07 15:56:33.758,5.541286878951723,7.982371439657072,4.663886378484676,6.597879254806685
2025-10-07 15:56:33.969,5.541128931066851,7.981976569944891,4.66317561300275,6.597879254806685
2025-10-07 15:56:34.183,5.5401812437576154,7.981739648117582,4.66380740454224,6.597721306921812
2025-10-07 15:56:34.394,5.541523800779032,7.9810288826356555,4.662938691175441,6.598274124518866
2025-10-07 15:56:34.606,5.5401812437576154,7.981423752347837,4.66317561300275,6.598511046346175
2025-10-07 15:56:34.817,5.540418165584924,7.981739648117582,4.663333560887622,6.599063863943229
2025-10-07 15:56:35.028,5.5401812437576154,7.981818622060018,4.66317561300275,6.598668994231048
2025-10-07 15:56:35.243,5.540102269815179,7.981660674175146,4.663412534830059,6.599063863943229
2025-10-07 15:56:35.454,5.540497139527361,7.981344778405401,4.663491508772495,6.600643342791955
2025-10-07 15:56:35.665,5.539944321930307,7.981107856578092,4.664202274254421,6.6008802646192635
2025-10-07 15:56:35.876,5.540813035297106,7.982292465714636,4.663649456657367,6.600248473079773
2025-10-07 15:56:36.090,5.5401812437576154,7.981660674175146,4.664044326369549,6.599774629425156
2025-10-07 15:56:36.302,5.540260217700052,7.982766309369254,4.663886378484676,6.600485394907082
2025-10-07 15:56:36.511,5.541681748663905,7.981976569944891,4.663254586945186,6.602064873755808
2025-10-07 15:56:36.723,5.540813035297106,7.981660674175146,4.663570482714931,6.600722316734391
2025-10-07 15:56:36.934,5.540102269815179,7.982608361484381,4.663491508772495,6.600801290676827
2025-10-07 15:56:37.148,5.540023295872743,7.982371439657072,4.6639653524271125,6.600564368849518
2025-10-07 15:56:37.360,5.540418165584924,7.982134517829763,4.6639653524271125,6.6017489779860625
2025-10-07 15:56:37.571,5.541286878951723,7.9822134917722,4.66317561300275,6.601985899813371
2025-10-07 15:56:37.783,5.53986534798787,7.981739648117582,4.66317561300275,6.60159103010119
2025-10-07 15:56:37.994,5.54136585289416,7.982292465714636,4.665228935506093,6.6023017955831165
2025-10-07 15:56:38.209,5.540023295872743,7.981107856578092,4.663254586945186,6.602064873755808
2025-10-07 15:56:38.421,5.540102269815179,7.98347707485118,4.665860727045583,6.6023017955831165
2025-10-07 15:56:38.631,5.540418165584924,7.983792970620925,4.663412534830059,6.601827951928499
2025-10-07 15:56:38.842,5.540497139527361,7.981502726290273,4.66380740454224,6.604513065971332
2025-10-07 15:56:39.053,5.540418165584924,7.982055543887327,4.663254586945186,6.602696665295298
2025-10-07 15:56:39.268,5.540339191642488,7.981423752347837,4.66443919608173,6.60435511808646
2025-10-07 15:56:39.479,5.541207905009287,7.981739648117582,4.663886378484676,6.603328456834788
2025-10-07 15:56:39.690,5.540970983181978,7.981581700232709,4.664360222139294,6.6037233265469695
2025-10-07 15:56:39.901,5.540576113469797,7.981818622060018,4.663728430599804,6.603802300489406
2025-10-07 15:56:40.114,5.540339191642488,7.981739648117582,4.664202274254421,6.603486404719661
2025-10-07 15:56:40.327,5.540576113469797,7.982134517829763,4.6639653524271125,6.604118196259151
2025-10-07 15:56:40.541,5.540339191642488,7.982371439657072,4.664360222139294,6.60435511808646
2025-10-07 15:56:40.752,5.540892009239542,7.9822134917722,4.663886378484676,6.604828961741077
2025-10-07 15:56:40.963,5.541839696548777,7.981502726290273,4.663333560887622,6.604434092028896
2025-10-07 15:56:41.177,5.5410499571244145,7.981265804462964,4.6659397009880195,6.604749987798641
2025-10-07 15:56:41.389,5.540813035297106,7.981660674175146,4.663491508772495,6.605065883568386
2025-10-07 15:56:41.601,5.5410499571244145,7.981818622060018,4.663649456657367,6.6051448575108225
2025-10-07 15:56:41.812,5.541839696548777,7.981502726290273,4.663570482714931,6.605539727223004
2025-10-07 15:56:42.023,5.541128931066851,7.983240153023871,4.663728430599804,6.605539727223004
2025-10-07 15:56:42.237,5.540497139527361,7.981265804462964,4.664676117909039,6.605539727223004
2025-10-07 15:56:42.449,5.541207905009287,7.980870934750783,4.663412534830059,6.607356127899038
2025-10-07 15:56:42.662,5.540339191642488,7.981186830520528,4.663649456657367,6.606171518762494
2025-10-07 15:56:42.873,5.54136585289416,7.982371439657072,4.665781753103147,6.607593049726347
2025-10-07 15:56:43.084,5.540339191642488,7.981581700232709,4.663570482714931,6.606408440589803
2025-10-07 15:56:43.300,5.541444826836596,7.9804760650386015,4.663333560887622,6.606882284244421
2025-10-07 15:56:43.512,5.540734061354669,7.982529387541945,4.664755091851475,6.606724336359548
2025-10-07 15:56:43.724,5.540734061354669,7.9822134917722,4.663412534830059,6.607119206071729
2025-10-07 15:56:43.936,5.540734061354669,7.981581700232709,4.6639653524271125,6.607277153956602
2025-10-07 15:56:44.148,5.540970983181978,7.981976569944891,4.663570482714931,6.609330476459945
2025-10-07 15:56:44.361,5.540655087412233,7.9824504135995085,4.66380740454224,6.607356127899038
2025-10-07 15:56:44.573,5.540734061354669,7.983161179081435,4.663886378484676,6.60775099761122
2025-10-07 15:56:44.784,5.540813035297106,7.981818622060018,4.665860727045583,6.60838278915071
2025-10-07 15:56:44.996,5.541286878951723,7.981186830520528,4.663254586945186,6.6094094504023815
2025-10-07 15:56:45.210,5.540892009239542,7.9824504135995085,4.663649456657367,6.609962267999435
2025-10-07 15:56:45.423,5.540655087412233,7.982292465714636,4.6653868833909655,6.60964637222969
2025-10-07 15:56:45.634,5.540418165584924,7.981423752347837,4.66443919608173,6.608698684920455
2025-10-07 15:56:45.845,5.541523800779032,7.981265804462964,4.663570482714931,6.609804320114563
2025-10-07 15:56:46.056,5.541128931066851,7.982608361484381,4.66443919608173,6.609251502517509
2025-10-07 15:56:46.271,5.541444826836596,7.982529387541945,4.665860727045583,6.611541746848161
2025-10-07 15:56:46.482,5.542076618376086,7.981502726290273,4.663728430599804,6.609330476459945
2025-10-07 15:56:46.694,5.540892009239542,7.9822134917722,4.664044326369549,6.609962267999435
2025-10-07 15:56:46.906,5.540813035297106,7.981739648117582,4.663728430599804,6.610594059538926
2025-10-07 15:56:47.117,5.540576113469797,7.981976569944891,4.663649456657367,6.610120215884308
2025-10-07 15:56:47.331,5.540892009239542,7.981739648117582,4.664044326369549,6.610752007423798
2025-10-07 15:56:47.542,5.541444826836596,7.982292465714636,4.665149961563657,6.610988929251107
2025-10-07 15:56:47.754,5.540892009239542,7.981739648117582,4.664044326369549,6.610752007423798
2025-10-07 15:56:47.965,5.541207905009287,7.981581700232709,4.6639653524271125,6.610752007423798
2025-10-07 15:56:48.176,5.540734061354669,7.982055543887327,4.666097648872892,6.61241046021496
2025-10-07 15:56:48.389,5.541286878951723,7.982529387541945,4.666492518585073,6.612331486272524
2025-10-07 15:56:48.602,5.540892009239542,7.981660674175146,4.663886378484676,6.611541746848161
2025-10-07 15:56:48.814,5.54136585289416,7.981976569944891,4.666729440412382,6.612173538387651
2025-10-07 15:56:49.025,5.540813035297106,7.982371439657072,4.663570482714931,6.612094564445215
2025-10-07 15:56:49.235,5.540892009239542,7.982371439657072,4.664123300311985,6.6122525123300875
2025-10-07 15:56:49.446,5.541128931066851,7.982134517829763,4.663728430599804,6.612094564445215
2025-10-07 15:56:49.659,5.540970983181978,7.981344778405401,4.663886378484676,6.612331486272524
2025-10-07 15:56:49.872,5.541128931066851,7.981818622060018,4.664202274254421,6.613437121466632
2025-10-07 15:56:50.084,5.541918670491214,7.9824504135995085,4.666097648872892,6.613200199639323
2025-10-07 15:56:50.297,5.540970983181978,7.980555038981038,4.6668084143548185,6.613279173581759
2025-10-07 15:56:50.510,5.540813035297106,7.982924257254126,4.663886378484676,6.614463782718303
2025-10-07 15:56:50.722,5.540497139527361,7.981818622060018,4.6639653524271125,6.613516095409068
2025-10-07 15:56:50.934,5.540892009239542,7.981502726290273,4.664755091851475,6.6145427566607395
2025-10-07 15:56:51.146,5.542313540203395,7.9833191269663075,4.663728430599804,6.614068913006122
2025-10-07 15:56:51.358,5.541523800779032,7.981344778405401,4.663886378484676,6.614621730603176
2025-10-07 15:56:51.568,5.540734061354669,7.981423752347837,4.665623805218274,6.61580633973972
2025-10-07 15:56:51.779,5.5410499571244145,7.981976569944891,4.666176622815328,6.6145427566607395
2025-10-07 15:56:51.993,5.540497139527361,7.980949908693219,4.664676117909039,6.6159642876245925
2025-10-07 15:56:52.205,5.5416027747214684,7.982292465714636,4.664676117909039,6.614463782718303
2025-10-07 15:56:52.418,5.5416027747214684,7.981344778405401,4.664202274254421,6.616911974933828
2025-10-07 15:56:52.629,5.540892009239542,7.980634012923474,4.663649456657367,6.615411470027539
2025-10-07 15:56:52.840,5.540813035297106,7.980634012923474,4.663886378484676,6.61580633973972
2025-10-07 15:56:53.053,5.542155592318522,7.980870934750783,4.6639653524271125,6.6165171052216465
2025-10-07 15:56:53.267,5.5410499571244145,7.981265804462964,4.666650466469946,6.61580633973972
2025-10-07 15:56:53.479,5.540970983181978,7.982371439657072,4.6645181700241665,6.615885313682156
2025-10-07 15:56:53.694,5.541128931066851,7.9818975960024545,4.664755091851475,6.616990948876264
2025-10-07 15:56:53.908,5.541523800779032,7.981423752347837,4.664202274254421,6.617622740415754
2025-10-07 15:56:54.119,5.54136585289416,7.980870934750783,4.664123300311985,6.616596079164083
2025-10-07 15:56:54.334,5.541207905009287,7.980949908693219,4.66443919608173,6.619044271379607
2025-10-07 15:56:54.545,5.54199764443365,7.982292465714636,4.666097648872892,6.617622740415754
2025-10-07 15:56:54.757,5.541207905009287,7.981660674175146,4.664913039736348,6.617701714358191
2025-10-07 15:56:54.969,5.542234566260959,7.981739648117582,4.6639653524271125,6.617780688300627
2025-10-07 15:56:55.181,5.540892009239542,7.982924257254126,4.664360222139294,6.618017610127936
2025-10-07 15:56:55.395,5.54136585289416,7.981344778405401,4.664360222139294,6.619439141091789
2025-10-07 15:56:55.606,5.541128931066851,7.980397091096165,4.664044326369549,6.617780688300627
2025-10-07 15:56:55.817,5.540892009239542,7.981818622060018,4.6645181700241665,6.618728375609862
2025-10-07 15:56:56.028,5.541444826836596,7.980870934750783,4.665623805218274,6.618728375609862
2025-10-07 15:56:56.240,5.542076618376086,7.982055543887327,4.664360222139294,6.618886323494735
2025-10-07 15:56:56.453,5.541207905009287,7.982687335426817,4.664755091851475,6.619676062919098
2025-10-07 15:56:56.665,5.540892009239542,7.981739648117582,4.666729440412382,6.619044271379607
2025-10-07 15:56:56.878,5.54136585289416,7.981976569944891,4.665149961563657,6.619912984746406
2025-10-07 15:56:57.090,5.54262943597314,7.982055543887327,4.664597143966603,6.621334515710259
2025-10-07 15:56:57.305,5.541444826836596,7.981502726290273,4.666097648872892,6.619281193206916
2025-10-07 15:56:57.517,5.542155592318522,7.981344778405401,4.667045336182127,6.620386828401024
2025-10-07 15:56:57.728,5.5416027747214684,7.982371439657072,4.664360222139294,6.619991958688843
2025-10-07 15:56:57.940,5.540576113469797,7.981818622060018,4.66507098762122,6.621413489652696
2025-10-07 15:56:58.151,5.541207905009287,7.981818622060018,4.66443919608173,6.621097593882951
2025-10-07 15:56:58.365,5.542392514145831,7.982608361484381,4.664676117909039,6.620939645998078
2025-10-07 15:56:58.577,5.541918670491214,7.981502726290273,4.66657149252751,6.622992968501421
2025-10-07 15:56:58.788,5.5410499571244145,7.982608361484381,4.664755091851475,6.621255541767823
2025-10-07 15:56:59.000,5.540655087412233,7.981581700232709,4.664597143966603,6.621808359364877
2025-10-07 15:56:59.211,5.54136585289416,7.981107856578092,4.6653868833909655,6.622756046674112
2025-10-07 15:56:59.425,5.541523800779032,7.9824504135995085,4.664360222139294,6.6230719424438576
2025-10-07 15:56:59.637,5.541207905009287,7.982371439657072,4.6639653524271125,6.62196630724975
2025-10-07 15:56:59.848,5.541444826836596,7.983398100908744,4.663570482714931,6.622282203019495
2025-10-07 15:57:00.059,5.541523800779032,7.982529387541945,4.664676117909039,6.622519124846804
2025-10-07 15:57:00.273,5.541681748663905,7.982134517829763,4.664202274254421,6.62259809878924
2025-10-07 15:57:00.484,5.54199764443365,7.981502726290273,4.664676117909039,6.623150916386294
2025-10-07 15:57:00.696,5.542708409915576,7.981265804462964,4.666729440412382,6.62322989032873
2025-10-07 15:57:00.908,5.541444826836596,7.981107856578092,4.665860727045583,6.624177577637965
2025-10-07 15:57:01.120,5.5424714880882675,7.982055543887327,4.664281248196858,6.623308864271166
2025-10-07 15:57:01.333,5.5416027747214684,7.981107856578092,4.664360222139294,6.624730395235019
2025-10-07 15:57:01.545,5.541681748663905,7.982134517829763,4.6645181700241665,6.625836030429127
2025-10-07 15:57:01.756,5.542155592318522,7.980949908693219,4.664597143966603,6.624967317062328
2025-10-07 15:57:01.969,5.54262943597314,7.981818622060018,4.665544831275838,6.625993978314
2025-10-07 15:57:02.181,5.54199764443365,7.981186830520528,4.664597143966603,6.624651421292583
2025-10-07 15:57:02.393,5.542076618376086,7.981107856578092,4.66443919608173,6.6244934734077106
2025-10-07 15:57:02.605,5.5416027747214684,7.98284528331169,4.6639653524271125,6.625757056486691
2025-10-07 15:57:02.818,5.541207905009287,7.981818622060018,4.663886378484676,6.626704743795926
2025-10-07 15:57:03.031,5.541523800779032,7.9804760650386015,4.665228935506093,6.625520134659382
2025-10-07 15:57:03.244,5.541918670491214,7.983003231196562,4.664992013678784,6.625757056486691
2025-10-07 15:57:03.457,5.541839696548777,7.983082205138999,4.664202274254421,6.625836030429127
2025-10-07 15:57:03.670,5.541523800779032,7.981660674175146,4.6659397009880195,6.626151926198872
2025-10-07 15:57:03.882,5.541207905009287,7.981186830520528,4.664281248196858,6.626230900141309
2025-10-07 15:57:04.094,5.5424714880882675,7.982687335426817,4.666255596757765,6.62725756139298
2025-10-07 15:57:04.306,5.541760722606341,7.980634012923474,4.664360222139294,6.6270206395656714
2025-10-07 15:57:04.518,5.542155592318522,7.9833191269663075,4.664755091851475,6.6284421705295244
2025-10-07 15:57:04.731,5.54199764443365,7.981344778405401,4.664992013678784,6.628679092356833
2025-10-07 15:57:04.943,5.542392514145831,7.981186830520528,4.6645181700241665,6.6270206395656714
2025-10-07 15:57:05.155,5.541523800779032,7.982371439657072,4.664281248196858,6.627415509277853
2025-10-07 15:57:05.368,5.541444826836596,7.981739648117582,4.664834065793912,6.627494483220289
2025-10-07 15:57:05.579,5.54136585289416,7.982924257254126,4.664202274254421,6.627810378990034
2025-10-07 15:57:05.792,5.541523800779032,7.981660674175146,4.666887388297255,6.6278893529324705
2025-10-07 15:57:06.003,5.541207905009287,7.981818622060018,4.665149961563657,6.628916014184142
2025-10-07 15:57:06.215,5.54262943597314,7.981818622060018,4.665228935506093,6.628679092356833
2025-10-07 15:57:06.427,5.541523800779032,7.9824504135995085,4.666413544642637,6.629231909953887
2025-10-07 15:57:06.639,5.542392514145831,7.981739648117582,4.665149961563657,6.629705753608505
2025-10-07 15:57:06.851,5.541128931066851,7.980239143211293,4.666097648872892,6.62938985783876
2025-10-07 15:57:07.065,5.541286878951723,7.981976569944891,4.664597143966603,6.629231909953887
2025-10-07 15:57:07.276,5.5416027747214684,7.981660674175146,4.66443919608173,6.629231909953887
2025-10-07 15:57:07.490,5.541444826836596,7.980870934750783,4.667282258009436,6.630179597263123
2025-10-07 15:57:07.701,5.542313540203395,7.981976569944891,4.664834065793912,6.629942675435814
2025-10-07 15:57:07.912,5.542787383858013,7.981423752347837,4.664913039736348,6.63002164937825
2025-10-07 15:57:08.122,5.541681748663905,7.982134517829763,4.6645181700241665,6.630416519090431
2025-10-07 15:57:08.336,5.5416027747214684,7.981186830520528,4.664913039736348,6.631995997939157
2025-10-07 15:57:08.548,5.54262943597314,7.9818975960024545,4.664992013678784,6.630337545147995
2025-10-07 15:57:08.759,5.541839696548777,7.980634012923474,4.665465857333402,6.632469841593775
2025-10-07 15:57:08.971,5.54199764443365,7.982055543887327,4.6673612319518725,6.631838050054284
2025-10-07 15:57:09.182,5.5424714880882675,7.981344778405401,4.665228935506093,6.630969336687485
2025-10-07 15:57:09.397,5.541207905009287,7.981581700232709,4.664360222139294,6.633259581018137
2025-10-07 15:57:09.608,5.542787383858013,7.981660674175146,4.664992013678784,6.631759076111848
2025-10-07 15:57:09.820,5.541681748663905,7.982055543887327,4.666887388297255,6.633496502845446
2025-10-07 15:57:10.032,5.54262943597314,7.9822134917722,4.666887388297255,6.631995997939157
2025-10-07 15:57:10.243,5.542392514145831,7.981344778405401,4.665307909448529,6.633970346500064
2025-10-07 15:57:10.456,5.541286878951723,7.982608361484381,4.664913039736348,6.632627789478647
2025-10-07 15:57:10.670,5.542392514145831,7.981976569944891,4.665860727045583,6.63468111198199
2025-10-07 15:57:10.882,5.541918670491214,7.982371439657072,4.66507098762122,6.633338554960574
2025-10-07 15:57:11.094,5.541839696548777,7.981976569944891,4.667519179836745,6.632864711305956
2025-10-07 15:57:11.304,5.541760722606341,7.9822134917722,4.665228935506093,6.63278573736352
2025-10-07 15:57:11.514,5.541839696548777,7.982134517829763,4.665149961563657,6.633338554960574
2025-10-07 15:57:11.723,5.54199764443365,7.983635022736053,4.664913039736348,6.633496502845446
2025-10-07 15:57:11.933,5.541918670491214,7.982766309369254,4.667282258009436,6.635707773233662
2025-10-07 15:57:12.143,5.542866357800449,7.981344778405401,4.66443919608173,6.6355498253487895
2025-10-07 15:57:12.352,5.541286878951723,7.981107856578092,4.667203284067,6.634602138039554
2025-10-07 15:57:12.562,5.541760722606341,7.981818622060018,4.666018674930456,6.635707773233662
2025-10-07 15:57:12.772,5.542234566260959,7.981739648117582,4.665544831275838,6.634444190154682
2025-10-07 15:57:12.982,5.541918670491214,7.982924257254126,4.666176622815328,6.635391877463917
2025-10-07 15:57:13.192,5.541681748663905,7.9822134917722,4.667756101664054,6.635233929579044
2025-10-07 15:57:13.402,5.541681748663905,7.982766309369254,4.6653868833909655,6.63468111198199
2025-10-07 15:57:13.612,5.541681748663905,7.981976569944891,4.66507098762122,6.635944695060971
2025-10-07 15:57:13.821,5.541444826836596,7.982687335426817,4.664992013678784,6.636102642945843
2025-10-07 15:57:14.031,5.542392514145831,7.982055543887327,4.66507098762122,6.635707773233662
2025-10-07 15:57:14.240,5.542155592318522,7.982134517829763,4.66507098762122,6.6369713563126425
2025-10-07 15:57:14.450,5.542155592318522,7.982529387541945,4.665228935506093,6.6364185387155885
2025-10-07 15:57:14.660,5.542550462030704,7.980791960808347,4.665544831275838,6.636260590830716
2025-10-07 15:57:14.869,5.541918670491214,7.981344778405401,4.66507098762122,6.637524173909696
2025-10-07 15:57:15.079,5.542155592318522,7.982608361484381,4.665307909448529,6.637129304197515
2025-10-07 15:57:15.289,5.542313540203395,7.982924257254126,4.6673612319518725,6.6369713563126425
2025-10-07 15:57:15.499,5.542234566260959,7.981818622060018,4.664992013678784,6.637208278139951
2025-10-07 15:57:15.708,5.542076618376086,7.981423752347837,4.667598153779181,6.6378400696794415
2025-10-07 15:57:15.918,5.5430243056853215,7.981502726290273,4.666492518585073,6.637682121794569
2025-10-07 15:57:16.127,5.541523800779032,7.9818975960024545,4.664992013678784,6.6383928872764955
2025-10-07 15:57:16.338,5.542234566260959,7.9824504135995085,4.667519179836745,6.638155965449187
2025-10-07 15:57:16.548,5.543103279627758,7.981186830520528,4.6645181700241665,6.639893392182785
2025-10-07 15:57:16.758,5.543103279627758,7.981186830520528,4.665228935506093,6.63807699150675
2025-10-07 15:57:16.972,5.542550462030704,7.980949908693219,4.666492518585073,6.638629809103804
2025-10-07 15:57:17.184,5.543182253570194,7.980949908693219,4.664913039736348,6.638866730931113
2025-10-07 15:57:17.395,5.5416027747214684,7.981423752347837,4.665623805218274,6.640367235837402
2025-10-07 15:57:17.604,5.541918670491214,7.982134517829763,4.665307909448529,6.639419548528167
2025-10-07 15:57:17.816,5.542787383858013,7.981344778405401,4.666492518585073,6.639893392182785
2025-10-07 15:57:18.029,5.541681748663905,7.980555038981038,4.667282258009436,6.6398144182403485
2025-10-07 15:57:18.242,5.54199764443365,7.982924257254126,4.6653868833909655,6.639340574585731
2025-10-07 15:57:18.452,5.541918670491214,7.980318117153729,4.6668084143548185,6.640367235837402
2025-10-07 15:57:18.662,5.541839696548777,7.981581700232709,4.665149961563657,6.641551844973947
2025-10-07 15:57:18.871,5.542392514145831,7.982608361484381,4.6653868833909655,6.640525183722275
2025-10-07 15:57:19.081,5.542787383858013,7.982766309369254,4.664992013678784,6.640525183722275
2025-10-07 15:57:19.290,5.542787383858013,7.982055543887327,4.665702779160711,6.640762105549584
2025-10-07 15:57:19.501,5.542787383858013,7.980949908693219,4.665149961563657,6.641393897089074
2025-10-07 15:57:19.710,5.543103279627758,7.981581700232709,4.6659397009880195,6.641551844973947
2025-10-07 15:57:19.920,5.54262943597314,7.981502726290273,4.667756101664054,6.6412359492042015
2025-10-07 15:57:20.130,5.542313540203395,7.981186830520528,4.667045336182127,6.641630818916383
2025-10-07 15:57:20.342,5.542076618376086,7.982766309369254,4.665228935506093,6.641709792858819
2025-10-07 15:57:20.553,5.54199764443365,7.981581700232709,4.665544831275838,6.6421046625710005
2025-10-07 15:57:20.764,5.542313540203395,7.981818622060018,4.665702779160711,6.6421046625710005
2025-10-07 15:57:20.974,5.542313540203395,7.982055543887327,4.667282258009436,6.643763115362162
2025-10-07 15:57:21.185,5.542076618376086,7.981423752347837,4.667993023491363,6.642894401995363
2025-10-07 15:57:21.395,5.542155592318522,7.981502726290273,4.665702779160711,6.643921063247035
2025-10-07 15:57:21.605,5.542076618376086,7.981265804462964,4.666097648872892,6.643131323822672
2025-10-07 15:57:21.818,5.542155592318522,7.982371439657072,4.66657149252751,6.643131323822672
2025-10-07 15:57:22.028,5.541681748663905,7.981581700232709,4.666650466469946,6.643921063247035
2025-10-07 15:57:22.240,5.541918670491214,7.9818975960024545,4.665465857333402,6.643210297765108
2025-10-07 15:57:22.451,5.542392514145831,7.981818622060018,4.665228935506093,6.644710802671398
2025-10-07 15:57:22.661,5.542076618376086,7.981502726290273,4.6653868833909655,6.645342594210888
2025-10-07 15:57:22.872,5.543340201455067,7.982292465714636,4.665465857333402,6.646290281520123
2025-10-07 15:57:23.083,5.542550462030704,7.981739648117582,4.6659397009880195,6.64423695901678
2025-10-07 15:57:23.294,5.542155592318522,7.981265804462964,4.666097648872892,6.645184646326015
2025-10-07 15:57:23.505,5.541918670491214,7.980791960808347,4.665544831275838,6.645263620268452
2025-10-07 15:57:23.718,5.542392514145831,7.982529387541945,4.665860727045583,6.645342594210888
2025-10-07 15:57:23.930,5.542313540203395,7.981107856578092,4.667203284067,6.645184646326015
2025-10-07 15:57:24.140,5.54262943597314,7.980634012923474,4.665544831275838,6.645342594210888
2025-10-07 15:57:24.351,5.542155592318522,7.981186830520528,4.667124310124564,6.646053359692814
2025-10-07 15:57:24.561,5.5424714880882675,7.980634012923474,4.6653868833909655,6.647553864599104
2025-10-07 15:57:24.770,5.541918670491214,7.981423752347837,4.665781753103147,6.646764125174741
2025-10-07 15:57:24.980,5.5430243056853215,7.980949908693219,4.668071997433799,6.646448229404996
2025-10-07 15:57:25.190,5.542076618376086,7.983240153023871,4.6659397009880195,6.646527203347432
2025-10-07 15:57:25.400,5.542392514145831,7.9824504135995085,4.665623805218274,6.6469220730596135
2025-10-07 15:57:25.610,5.542550462030704,7.982766309369254,4.665781753103147,6.646685151232305
2025-10-07 15:57:25.819,5.542313540203395,7.982608361484381,4.665702779160711,6.647474890656667
2025-10-07 15:57:26.029,5.543103279627758,7.982687335426817,4.66507098762122,6.647080020944486
2025-10-07 15:57:26.238,5.542550462030704,7.9818975960024545,4.665623805218274,6.647553864599104
2025-10-07 15:57:26.448,5.54262943597314,7.981739648117582,4.667124310124564,6.647711812483976
2025-10-07 15:57:26.658,5.544050966936993,7.981660674175146,4.665781753103147,6.647869760368849
2025-10-07 15:57:26.867,5.543656097224812,7.9810288826356555,4.666097648872892,6.648422577965903
2025-10-07 15:57:27.078,5.542550462030704,7.982292465714636,4.665702779160711,6.64826463008103
2025-10-07 15:57:27.287,5.54326122751263,7.981344778405401,4.665702779160711,6.649054369505393
2025-10-07 15:57:27.498,5.542708409915576,7.981818622060018,4.666176622815328,6.648738473735648
2025-10-07 15:57:27.710,5.542234566260959,7.981107856578092,4.665702779160711,6.649686161044883
2025-10-07 15:57:27.923,5.542787383858013,7.981423752347837,4.666413544642637,6.649054369505393
2025-10-07 15:57:28.133,5.543340201455067,7.981739648117582,4.665623805218274,6.649686161044883
2025-10-07 15:57:28.345,5.5424714880882675,7.980791960808347,4.666255596757765,6.649528213160011
2025-10-07 15:57:28.558,5.543577123282375,7.982371439657072,4.665307909448529,6.649449239217574
2025-10-07 15:57:28.771,5.543419175397503,7.9818975960024545,4.6673612319518725,6.650160004699501
2025-10-07 15:57:28.983,5.543340201455067,7.982134517829763,4.665544831275838,6.649844108929756
2025-10-07 15:57:29.193,5.542787383858013,7.982292465714636,4.6668084143548185,6.650791796238991
2025-10-07 15:57:29.404,5.543577123282375,7.981739648117582,4.6659397009880195,6.652371275087717
2025-10-07 15:57:29.616,5.543577123282375,7.981107856578092,4.667440205894309,6.651107692008736
2025-10-07 15:57:29.827,5.543498149339939,7.981265804462964,4.664913039736348,6.65166050960579
2025-10-07 15:57:30.037,5.5424714880882675,7.981423752347837,4.665860727045583,6.65166050960579
2025-10-07 15:57:30.247,5.5430243056853215,7.982766309369254,4.665702779160711,6.6511866659511725
2025-10-07 15:57:30.458,5.542866357800449,7.982608361484381,4.666018674930456,6.652213327202844
2025-10-07 15:57:30.668,5.543814045109684,7.9818975960024545,4.665307909448529,6.652134353260408
2025-10-07 15:57:30.877,5.542945331742885,7.981818622060018,4.665860727045583,6.651976405375535
2025-10-07 15:57:31.087,5.542945331742885,7.982055543887327,4.666018674930456,6.6520553793179715
2025-10-07 15:57:31.297,5.5424714880882675,7.982371439657072,4.666018674930456,6.653555884224261
2025-10-07 15:57:31.507,5.543182253570194,7.981186830520528,4.6653868833909655,6.652687170857462
2025-10-07 15:57:31.717,5.543419175397503,7.981186830520528,4.668545841088417,6.654740493360805
2025-10-07 15:57:31.926,5.542550462030704,7.981818622060018,4.6659397009880195,6.65442459759106
2025-10-07 15:57:32.136,5.543103279627758,7.982292465714636,4.66783507560649,6.652924092684771
2025-10-07 15:57:32.350,5.5424714880882675,7.982055543887327,4.666255596757765,6.653950753936442
2025-10-07 15:57:32.560,5.542313540203395,7.981423752347837,4.666097648872892,6.653239988454516
2025-10-07 15:57:32.770,5.542313540203395,7.983082205138999,4.6668084143548185,6.654108701821315
2025-10-07 15:57:32.980,5.543340201455067,7.982608361484381,4.665544831275838,6.654266649706187
2025-10-07 15:57:33.192,5.542234566260959,7.981818622060018,4.666097648872892,6.654819467303241
2025-10-07 15:57:33.403,5.542550462030704,7.981818622060018,4.668387893203544,6.65442459759106
2025-10-07 15:57:33.617,5.543656097224812,7.981660674175146,4.666650466469946,6.654819467303241
2025-10-07 15:57:33.831,5.542550462030704,7.9822134917722,4.666018674930456,6.65505638913055
2025-10-07 15:57:34.042,5.5424714880882675,7.981739648117582,4.666413544642637,6.654977415188114
2025-10-07 15:57:34.254,5.5430243056853215,7.981344778405401,4.6668084143548185,6.655530232785168
2025-10-07 15:57:34.464,5.5430243056853215,7.982529387541945,4.667045336182127,6.655767154612477
2025-10-07 15:57:34.676,5.542787383858013,7.981265804462964,4.666176622815328,6.655372284900295
2025-10-07 15:57:34.888,5.54326122751263,7.982371439657072,4.666176622815328,6.655925102497349
2025-10-07 15:57:35.100,5.542787383858013,7.981344778405401,4.666255596757765,6.655925102497349
2025-10-07 15:57:35.311,5.542708409915576,7.9833191269663075,4.666650466469946,6.656556894036839
2025-10-07 15:57:35.526,5.542945331742885,7.983082205138999,4.666413544642637,6.656477920094403
2025-10-07 15:57:35.739,5.543103279627758,7.982529387541945,4.666255596757765,6.656793815864148
2025-10-07 15:57:35.950,5.542787383858013,7.982371439657072,4.665623805218274,6.657267659518766
2025-10-07 15:57:36.161,5.543103279627758,7.981107856578092,4.66657149252751,6.656477920094403
2025-10-07 15:57:36.372,5.542787383858013,7.981265804462964,4.666650466469946,6.657662529230947
2025-10-07 15:57:36.585,5.544050966936993,7.981660674175146,4.666097648872892,6.657504581346075
2025-10-07 15:57:36.798,5.543103279627758,7.981344778405401,4.668387893203544,6.657583555288511
2025-10-07 15:57:37.009,5.542866357800449,7.981739648117582,4.666176622815328,6.6591630341372365
2025-10-07 15:57:37.220,5.542787383858013,7.982529387541945,4.668071997433799,6.658057398943129
2025-10-07 15:57:37.433,5.5430243056853215,7.981186830520528,4.666334570700201,6.659873799619163
2025-10-07 15:57:37.644,5.543577123282375,7.981660674175146,4.666492518585073,6.658610216540183
2025-10-07 15:57:37.857,5.543498149339939,7.982134517829763,4.666255596757765,6.659636877791854
2025-10-07 15:57:38.070,5.544603784534047,7.981344778405401,4.66657149252751,6.659320982022109
2025-10-07 15:57:38.282,5.543971992994557,7.982055543887327,4.666334570700201,6.6591630341372365
2025-10-07 15:57:38.494,5.543182253570194,7.981186830520528,4.666729440412382,6.6591630341372365
2025-10-07 15:57:38.707,5.543340201455067,7.982134517829763,4.665781753103147,6.660426617216217
2025-10-07 15:57:38.920,5.542945331742885,7.981818622060018,4.666492518585073,6.6597158517342905
2025-10-07 15:57:39.131,5.543814045109684,7.981186830520528,4.666413544642637,6.660426617216217
2025-10-07 15:57:39.342,5.542945331742885,7.982687335426817,4.6668084143548185,6.660189695388908
2025-10-07 15:57:39.558,5.54262943597314,7.981818622060018,4.665860727045583,6.661769174237634
2025-10-07 15:57:39.769,5.542945331742885,7.981581700232709,4.665702779160711,6.660505591158653
2025-10-07 15:57:39.981,5.543656097224812,7.982608361484381,4.666650466469946,6.660505591158653
2025-10-07 15:57:40.192,5.542708409915576,7.982371439657072,4.6659397009880195,6.6625589136619965
2025-10-07 15:57:40.402,5.542787383858013,7.981976569944891,4.666176622815328,6.662874809431742
2025-10-07 15:57:40.615,5.543498149339939,7.981265804462964,4.6687827629157255,6.661058408755707
2025-10-07 15:57:40.827,5.542708409915576,7.9833191269663075,4.668071997433799,6.662164043949815
2025-10-07 15:57:41.038,5.542708409915576,7.982292465714636,4.666255596757765,6.6620060960649425
2025-10-07 15:57:41.249,5.543735071167248,7.981265804462964,4.66657149252751,6.66184814818007
2025-10-07 15:57:41.463,5.542708409915576,7.982766309369254,4.666650466469946,6.662795835489305
2025-10-07 15:57:41.675,5.542550462030704,7.981739648117582,4.666887388297255,6.663664548856104
2025-10-07 15:57:41.886,5.543814045109684,7.981739648117582,4.666729440412382,6.663190705201487
2025-10-07 15:57:42.098,5.542787383858013,7.981265804462964,4.666018674930456,6.662400965777124
2025-10-07 15:57:42.309,5.5430243056853215,7.981502726290273,4.667993023491363,6.663032757316614
2025-10-07 15:57:42.524,5.5438930190521205,7.981739648117582,4.665781753103147,6.662795835489305
2025-10-07 15:57:42.735,5.543498149339939,7.982924257254126,4.666255596757765,6.663348653086359
2025-10-07 15:57:42.947,5.543103279627758,7.982766309369254,4.6673612319518725,6.664138392510722
2025-10-07 15:57:43.160,5.542945331742885,7.982292465714636,4.66783507560649,6.663901470683413
2025-10-07 15:57:43.372,5.543577123282375,7.981739648117582,4.666413544642637,6.664770184050212
2025-10-07 15:57:43.587,5.544366862706738,7.981265804462964,4.6659397009880195,6.664454288280467
2025-10-07 15:57:43.798,5.5430243056853215,7.981344778405401,4.666729440412382,6.664296340395595
2025-10-07 15:57:44.010,5.544050966936993,7.982924257254126,4.666255596757765,6.6648491579926485
2025-10-07 15:57:44.221,5.543656097224812,7.9818975960024545,4.666018674930456,6.664375314338031
2025-10-07 15:57:44.433,5.543182253570194,7.9818975960024545,4.66657149252751,6.6648491579926485
2025-10-07 15:57:44.647,5.542787383858013,7.981186830520528,4.666887388297255,6.6648491579926485
2025-10-07 15:57:44.859,5.543419175397503,7.981107856578092,4.66846686714598,6.666902480495992
2025-10-07 15:57:45.072,5.543971992994557,7.981344778405401,4.6668084143548185,6.66524402770483
2025-10-07 15:57:45.285,5.542866357800449,7.9810288826356555,4.666729440412382,6.666191715014065
2025-10-07 15:57:45.497,5.543103279627758,7.9810288826356555,4.666966362239691,6.665717871359448
2025-10-07 15:57:45.709,5.543103279627758,7.981976569944891,4.666255596757765,6.6682450375174085
2025-10-07 15:57:45.922,5.544287888764302,7.982134517829763,4.666492518585073,6.6662706889565015
2025-10-07 15:57:46.134,5.542945331742885,7.9822134917722,4.667045336182127,6.666112741071629
2025-10-07 15:57:46.346,5.543103279627758,7.982292465714636,4.666729440412382,6.666981454438428
2025-10-07 15:57:46.556,5.542866357800449,7.983082205138999,4.666492518585073,6.667060428380864
2025-10-07 15:57:46.768,5.543340201455067,7.981502726290273,4.668545841088417,6.6680081156901
2025-10-07 15:57:46.979,5.543103279627758,7.981581700232709,4.669335580512779,6.666981454438428
2025-10-07 15:57:47.192,5.543498149339939,7.981186830520528,4.666334570700201,6.6676922199203545
2025-10-07 15:57:47.403,5.54262943597314,7.981739648117582,4.668150971376235,6.669192724826644
2025-10-07 15:57:47.618,5.543419175397503,7.981186830520528,4.668071997433799,6.668166063574972
2025-10-07 15:57:47.829,5.543735071167248,7.981107856578092,4.666492518585073,6.66990349030857
2025-10-07 15:57:48.039,5.544208914821866,7.981739648117582,4.666097648872892,6.668166063574972
2025-10-07 15:57:48.251,5.544129940879429,7.981660674175146,4.66657149252751,6.669192724826644
2025-10-07 15:57:48.463,5.543182253570194,7.981660674175146,4.667756101664054,6.669508620596389
2025-10-07 15:57:48.676,5.543577123282375,7.9824504135995085,4.666018674930456,6.668402985402281
2025-10-07 15:57:48.887,5.54326122751263,7.982371439657072,4.667598153779181,6.670693229732933
2025-10-07 15:57:49.099,5.543182253570194,7.981660674175146,4.666018674930456,6.670140412135879
2025-10-07 15:57:49.310,5.543182253570194,7.980555038981038,4.666966362239691,6.671009125502678
2025-10-07 15:57:49.521,5.543419175397503,7.980555038981038,4.667045336182127,6.6696665684812615
2025-10-07 15:57:49.734,5.544129940879429,7.981502726290273,4.666334570700201,6.670140412135879
2025-10-07 15:57:49.946,5.543735071167248,7.982608361484381,4.667045336182127,6.670219386078315
2025-10-07 15:57:50.158,5.543419175397503,7.9822134917722,4.667045336182127,6.670298360020752
2025-10-07 15:57:50.370,5.544524810591611,7.9818975960024545,4.667045336182127,6.671009125502678
2025-10-07 15:57:50.584,5.543498149339939,7.981739648117582,4.668861736858162,6.670693229732933
2025-10-07 15:57:50.795,5.543656097224812,7.981739648117582,4.667045336182127,6.671246047329987
2025-10-07 15:57:51.006,5.544287888764302,7.981581700232709,4.669019684743034,6.671719890984605
2025-10-07 15:57:51.218,5.54326122751263,7.9810288826356555,4.667045336182127,6.671561943099732
2025-10-07 15:57:51.429,5.543656097224812,7.982055543887327,4.667282258009436,6.673615265603075
2025-10-07 15:57:51.644,5.543814045109684,7.982292465714636,4.667045336182127,6.671325021272423
2025-10-07 15:57:51.855,5.543182253570194,7.981186830520528,4.666729440412382,6.672114760696786
2025-10-07 15:57:52.067,5.543419175397503,7.9804760650386015,4.6673612319518725,6.671719890984605
2025-10-07 15:57:52.278,5.543735071167248,7.9824504135995085,4.667045336182127,6.674089109257693
2025-10-07 15:57:52.491,5.544050966936993,7.981502726290273,4.6687827629157255,6.672825526178713
2025-10-07 15:57:52.705,5.543814045109684,7.981107856578092,4.6668084143548185,6.674405005027438
2025-10-07 15:57:52.917,5.543735071167248,7.981344778405401,4.667124310124564,6.673062448006021
2025-10-07 15:57:53.128,5.544129940879429,7.982766309369254,4.667914049548926,6.674247057142566
2025-10-07 15:57:53.341,5.543656097224812,7.981739648117582,4.666176622815328,6.6733783437757666
2025-10-07 15:57:53.553,5.543735071167248,7.9824504135995085,4.667203284067,6.674957822624492
2025-10-07 15:57:53.766,5.543577123282375,7.981423752347837,4.666176622815328,6.673773213487948
2025-10-07 15:57:53.980,5.543182253570194,7.982055543887327,4.667519179836745,6.6759055099337274
2025-10-07 15:57:54.191,5.5438930190521205,7.981423752347837,4.668703788973289,6.675036796566928
2025-10-07 15:57:54.403,5.543735071167248,7.981818622060018,4.666966362239691,6.674247057142566
2025-10-07 15:57:54.614,5.544129940879429,7.981344778405401,4.668071997433799,6.675194744451801
2025-10-07 15:57:54.827,5.544366862706738,7.981344778405401,4.666887388297255,6.674562952912311
2025-10-07 15:57:55.039,5.543814045109684,7.981739648117582,4.6673612319518725,6.674878848682056
2025-10-07 15:57:55.250,5.5438930190521205,7.983556048793616,4.667677127721618,6.675747562048855
2025-10-07 15:57:55.463,5.544366862706738,7.98284528331169,4.666966362239691,6.675194744451801
2025-10-07 15:57:55.675,5.544840706361356,7.981107856578092,4.667756101664054,6.675984483876164
2025-10-07 15:57:55.888,5.543340201455067,7.981660674175146,4.666966362239691,6.677800884552198
2025-10-07 15:57:56.100,5.543498149339939,7.981107856578092,4.667282258009436,6.676379353588345
2025-10-07 15:57:56.312,5.543498149339939,7.983240153023871,4.667282258009436,6.676932171185399
2025-10-07 15:57:56.524,5.5438930190521205,7.981818622060018,4.667440205894309,6.676458327530781
2025-10-07 15:57:56.738,5.544129940879429,7.981660674175146,4.6673612319518725,6.677169093012708
2025-10-07 15:57:56.950,5.544603784534047,7.981660674175146,4.667124310124564,6.676932171185399
2025-10-07 15:57:57.161,5.544129940879429,7.981660674175146,4.666729440412382,6.677169093012708
2025-10-07 15:57:57.372,5.543735071167248,7.981107856578092,4.6673612319518725,6.67882754580387
2025-10-07 15:57:57.585,5.544129940879429,7.981502726290273,4.666492518585073,6.677248066955144
2025-10-07 15:57:57.800,5.543498149339939,7.980949908693219,4.669019684743034,6.677642936667326
2025-10-07 15:57:58.012,5.545709419728155,7.982924257254126,4.667519179836745,6.678353702149252
2025-10-07 15:57:58.223,5.544208914821866,7.981502726290273,4.668387893203544,6.677800884552198
2025-10-07 15:57:58.434,5.543577123282375,7.981739648117582,4.6682299453186715,6.678906519746306
2025-10-07 15:57:58.648,5.5438930190521205,7.981423752347837,4.666966362239691,6.677958832437071
2025-10-07 15:57:58.860,5.543656097224812,7.981423752347837,4.669493528397652,6.6787485718614334
2025-10-07 15:57:59.072,5.544682758476483,7.981186830520528,4.666887388297255,6.679064467631179
2025-10-07 15:57:59.283,5.545472497900846,7.980555038981038,4.667914049548926,6.67882754580387
2025-10-07 15:57:59.494,5.54539352395841,7.981423752347837,4.667598153779181,6.679775233113105
2025-10-07 15:57:59.709,5.543656097224812,7.982055543887327,4.667519179836745,6.679933180997978
2025-10-07 15:57:59.921,5.543971992994557,7.981581700232709,4.667677127721618,6.679696259170669
2025-10-07 15:58:00.132,5.543971992994557,7.983240153023871,4.667282258009436,6.6801701028252864
2025-10-07 15:58:00.345,5.543498149339939,7.981581700232709,4.667124310124564,6.680328050710159
2025-10-07 15:58:00.558,5.543814045109684,7.981423752347837,4.667756101664054,6.680880868307213
2025-10-07 15:58:00.769,5.544840706361356,7.9822134917722,4.669177632627907,6.680880868307213
2025-10-07 15:58:00.983,5.544682758476483,7.980555038981038,4.666887388297255,6.681749581674012
2025-10-07 15:58:01.194,5.544050966936993,7.982292465714636,4.667124310124564,6.683329060522738
2025-10-07 15:58:01.405,5.544129940879429,7.981502726290273,4.666887388297255,6.683565982350046
2025-10-07 15:58:01.614,5.543971992994557,7.981976569944891,4.666966362239691,6.6824603471559385
2025-10-07 15:58:01.828,5.544287888764302,7.9824504135995085,4.669493528397652,6.6815916337891395
2025-10-07 15:58:02.039,5.544208914821866,7.981818622060018,4.667282258009436,6.682065477443757
2025-10-07 15:58:02.251,5.544050966936993,7.9824504135995085,4.667598153779181,6.682618295040811
2025-10-07 15:58:02.463,5.543498149339939,7.981502726290273,4.667124310124564,6.682539321098375
2025-10-07 15:58:02.677,5.5453145500159735,7.981265804462964,4.667677127721618,6.682381373213502
2025-10-07 15:58:02.889,5.544840706361356,7.981976569944891,4.667914049548926,6.683171112637865
2025-10-07 15:58:03.102,5.544524810591611,7.981976569944891,4.668703788973289,6.68285521686812
2025-10-07 15:58:03.314,5.543971992994557,7.9822134917722,4.666887388297255,6.68348700840761
2025-10-07 15:58:03.525,5.544208914821866,7.983082205138999,4.668703788973289,6.684197773889537
2025-10-07 15:58:03.738,5.544998654246228,7.981502726290273,4.667282258009436,6.683565982350046
2025-10-07 15:58:03.950,5.544603784534047,7.980949908693219,4.6673612319518725,6.684276747831973
2025-10-07 15:58:04.163,5.544603784534047,7.981818622060018,4.667914049548926,6.6841187999471
2025-10-07 15:58:04.374,5.545156602131101,7.981423752347837,4.667598153779181,6.684039826004664
2025-10-07 15:58:04.586,5.544366862706738,7.982529387541945,4.6673612319518725,6.684750591486591
2025-10-07 15:58:04.798,5.544208914821866,7.98284528331169,4.667282258009436,6.684908539371463
2025-10-07 15:58:05.011,5.545551471843282,7.982529387541945,4.668387893203544,6.685145461198772
2025-10-07 15:58:05.223,5.543656097224812,7.981423752347837,4.667124310124564,6.685461356968517
2025-10-07 15:58:05.435,5.5444458366491745,7.981423752347837,4.6668084143548185,6.684829565429027
2025-10-07 15:58:05.647,5.544524810591611,7.982055543887327,4.666887388297255,6.6858562266806985
2025-10-07 15:58:05.860,5.543814045109684,7.982134517829763,4.666887388297255,6.6853034090836445
2025-10-07 15:58:06.072,5.5453145500159735,7.981739648117582,4.668071997433799,6.686172122450444
2025-10-07 15:58:06.283,5.544129940879429,7.981976569944891,4.669019684743034,6.686488018220189
2025-10-07 15:58:06.495,5.5438930190521205,7.981976569944891,4.667203284067,6.686488018220189
2025-10-07 15:58:06.706,5.5444458366491745,7.9824504135995085,4.667440205894309,6.686961861874806
2025-10-07 15:58:06.919,5.544129940879429,7.981660674175146,4.6668084143548185,6.6867249400474975
2025-10-07 15:58:07.132,5.544129940879429,7.982371439657072,4.667756101664054,6.688462366781096
2025-10-07 15:58:07.343,5.544050966936993,7.982924257254126,4.667519179836745,6.687119809759679
2025-10-07 15:58:07.554,5.545235576073537,7.981344778405401,4.667203284067,6.6867249400474975
2025-10-07 15:58:07.767,5.544603784534047,7.981581700232709,4.668150971376235,6.687830575241605
2025-10-07 15:58:07.979,5.544129940879429,7.98284528331169,4.667756101664054,6.687830575241605
2025-10-07 15:58:08.189,5.545156602131101,7.981344778405401,4.667124310124564,6.688304418896223
2025-10-07 15:58:08.401,5.5458673676130275,7.981581700232709,4.667677127721618,6.68901518437815
2025-10-07 15:58:08.614,5.544050966936993,7.983082205138999,4.669809424167397,6.688462366781096
2025-10-07 15:58:08.827,5.544129940879429,7.981107856578092,4.668940710800598,6.68901518437815
2025-10-07 15:58:09.038,5.544366862706738,7.982608361484381,4.667914049548926,6.688857236493277
2025-10-07 15:58:09.250,5.544287888764302,7.980949908693219,4.667282258009436,6.689489028032767
2025-10-07 15:58:09.463,5.5444458366491745,7.981502726290273,4.667440205894309,6.6886992886084045
2025-10-07 15:58:09.676,5.5438930190521205,7.982055543887327,4.668624815030853,6.690041845629821
2025-10-07 15:58:09.888,5.544208914821866,7.982608361484381,4.667519179836745,6.690357741399566
2025-10-07 15:58:10.100,5.5438930190521205,7.9824504135995085,4.666887388297255,6.689883897744949
2025-10-07 15:58:10.312,5.544208914821866,7.981423752347837,4.66783507560649,6.690199793514694
2025-10-07 15:58:10.524,5.544129940879429,7.981423752347837,4.669809424167397,6.69027876745713
2025-10-07 15:58:10.737,5.544287888764302,7.981107856578092,4.667598153779181,6.690436715342003
2025-10-07 15:58:10.949,5.5444458366491745,7.981502726290273,4.669256606570343,6.690831585054184
2025-10-07 15:58:11.161,5.5444458366491745,7.981344778405401,4.66783507560649,6.692016194190728
2025-10-07 15:58:11.372,5.544682758476483,7.981581700232709,4.668071997433799,6.691305428708802
2025-10-07 15:58:11.585,5.544998654246228,7.981423752347837,4.669809424167397,6.691937220248292
2025-10-07 15:58:11.795,5.544603784534047,7.981818622060018,4.668071997433799,6.692490037845346
2025-10-07 15:58:12.007,5.544919680303792,7.982529387541945,4.669335580512779,6.691384402651238
2025-10-07 15:58:12.218,5.544129940879429,7.981818622060018,4.667203284067,6.691700298420983
2025-10-07 15:58:12.429,5.544919680303792,7.9818975960024545,4.66783507560649,6.691937220248292
2025-10-07 15:58:12.644,5.544524810591611,7.9818975960024545,4.668150971376235,6.692569011787782
2025-10-07 15:58:12.855,5.544682758476483,7.9818975960024545,4.670046345994706,6.692174142075601
2025-10-07 15:58:13.068,5.545472497900846,7.981344778405401,4.66783507560649,6.692884907557527
2025-10-07 15:58:13.279,5.54476173241892,7.981186830520528,4.667677127721618,6.694622334291125
2025-10-07 15:58:13.490,5.544998654246228,7.981818622060018,4.669414554455216,6.69367464698189
2025-10-07 15:58:13.702,5.544840706361356,7.981502726290273,4.667677127721618,6.694622334291125
2025-10-07 15:58:13.916,5.5444458366491745,7.981581700232709,4.66783507560649,6.6938325948667625
2025-10-07 15:58:14.129,5.544287888764302,7.981107856578092,4.669493528397652,6.694464386406253
2025-10-07 15:58:14.342,5.544524810591611,7.981976569944891,4.667677127721618,6.693437725154581
2025-10-07 15:58:14.553,5.544524810591611,7.98284528331169,4.667598153779181,6.694227464578944
2025-10-07 15:58:14.768,5.545709419728155,7.981423752347837,4.667993023491363,6.6958069434276695
2025-10-07 15:58:14.980,5.544524810591611,7.982529387541945,4.668071997433799,6.695412073715488
2025-10-07 15:58:15.192,5.544208914821866,7.982134517829763,4.66783507560649,6.694780282175998
2025-10-07 15:58:15.404,5.544366862706738,7.981818622060018,4.667519179836745,6.69493823006087
2025-10-07 15:58:15.616,5.5444458366491745,7.981107856578092,4.668150971376235,6.6952541258306155
2025-10-07 15:58:15.830,5.545235576073537,7.982924257254126,4.668071997433799,6.695885917370106
2025-10-07 15:58:16.043,5.544524810591611,7.981976569944891,4.670283267822015,6.6952541258306155
2025-10-07 15:58:16.254,5.545551471843282,7.982292465714636,4.667598153779181,6.696043865254978
2025-10-07 15:58:16.466,5.544129940879429,7.981265804462964,4.668308919261108,6.6958069434276695
2025-10-07 15:58:16.677,5.544524810591611,7.981423752347837,4.669809424167397,6.696201813139851
2025-10-07 15:58:16.891,5.544129940879429,7.980949908693219,4.668940710800598,6.6966756567944685
2025-10-07 15:58:17.103,5.545156602131101,7.981739648117582,4.6682299453186715,6.696517708909596
2025-10-07 15:58:17.315,5.5453145500159735,7.982292465714636,4.669177632627907,6.696517708909596
2025-10-07 15:58:17.527,5.544287888764302,7.981423752347837,4.667914049548926,6.696517708909596
2025-10-07 15:58:17.738,5.544682758476483,7.982055543887327,4.667677127721618,6.697465396218831
2025-10-07 15:58:17.952,5.544524810591611,7.981344778405401,4.668071997433799,6.697307448333959
2025-10-07 15:58:18.164,5.544129940879429,7.983082205138999,4.667440205894309,6.698571031412939
2025-10-07 15:58:18.376,5.544603784534047,7.981739648117582,4.6702042938795785,6.698728979297812
2025-10-07 15:58:18.586,5.544366862706738,7.9822134917722,4.668940710800598,6.698886927182684
2025-10-07 15:58:18.801,5.544919680303792,7.983003231196562,4.668150971376235,6.698255135643194
2025-10-07 15:58:19.016,5.546183263382773,7.981976569944891,4.668308919261108,6.698018213815885
2025-10-07 15:58:19.228,5.544129940879429,7.981265804462964,4.669177632627907,6.6995187187221745
2025-10-07 15:58:19.440,5.544050966936993,7.9824504135995085,4.66783507560649,6.699992562376792
2025-10-07 15:58:19.651,5.544524810591611,7.980870934750783,4.667677127721618,6.700229484204101
2025-10-07 15:58:19.866,5.544287888764302,7.981818622060018,4.66783507560649,6.698728979297812
2025-10-07 15:58:20.078,5.544998654246228,7.981423752347837,4.66996737205227,6.6986500053553755
2025-10-07 15:58:20.290,5.54476173241892,7.980870934750783,4.668308919261108,6.701256145455773
2025-10-07 15:58:20.502,5.54476173241892,7.981739648117582,4.668387893203544,6.699360770837302
2025-10-07 15:58:20.713,5.545551471843282,7.980791960808347,4.668545841088417,6.701019223628464
2025-10-07 15:58:20.925,5.545235576073537,7.981265804462964,4.668150971376235,6.699755640549483
2025-10-07 15:58:21.137,5.544919680303792,7.982608361484381,4.668624815030853,6.700229484204101
2025-10-07 15:58:21.349,5.54476173241892,7.982924257254126,4.66783507560649,6.7000715363192285
2025-10-07 15:58:21.561,5.544840706361356,7.9822134917722,4.66846686714598,6.701335119398209
2025-10-07 15:58:21.773,5.544524810591611,7.981739648117582,4.668308919261108,6.701572041225518
2025-10-07 15:58:21.986,5.544682758476483,7.981502726290273,4.668308919261108,6.7010981975709
2025-10-07 15:58:22.199,5.5453145500159735,7.9810288826356555,4.668624815030853,6.701019223628464
2025-10-07 15:58:22.412,5.544682758476483,7.982608361484381,4.67059916359176,6.70323049401668
2025-10-07 15:58:22.623,5.54539352395841,7.981186830520528,4.667519179836745,6.701651015167954
2025-10-07 15:58:22.838,5.544840706361356,7.980634012923474,4.668308919261108,6.701651015167954
2025-10-07 15:58:23.050,5.544919680303792,7.982134517829763,4.6682299453186715,6.702677676419626
2025-10-07 15:58:23.262,5.544603784534047,7.98284528331169,4.669730450224961,6.703704337671297
2025-10-07 15:58:23.475,5.5460253154979,7.981107856578092,4.6682299453186715,6.702124858822572
2025-10-07 15:58:23.688,5.544919680303792,7.981581700232709,4.66846686714598,6.702519728534753
2025-10-07 15:58:23.902,5.54539352395841,7.9824504135995085,4.6687827629157255,6.702519728534753
2025-10-07 15:58:24.114,5.5458673676130275,7.981581700232709,4.668940710800598,6.704099207383479
2025-10-07 15:58:24.326,5.544524810591611,7.982924257254126,4.6687827629157255,6.70323049401668
2025-10-07 15:58:24.538,5.545630445785719,7.982055543887327,4.66846686714598,6.704652024980533
2025-10-07 15:58:24.750,5.545077628188665,7.982055543887327,4.6682299453186715,6.70386228555617
2025-10-07 15:58:24.965,5.545630445785719,7.9824504135995085,4.670757111476632,6.703704337671297
2025-10-07 15:58:25.181,5.545077628188665,7.981502726290273,4.66846686714598,6.704809972865405
2025-10-07 15:58:25.393,5.544603784534047,7.981660674175146,4.667993023491363,6.703704337671297
2025-10-07 15:58:25.607,5.5453145500159735,7.982055543887327,4.668150971376235,6.704573051038096
2025-10-07 15:58:25.821,5.544682758476483,7.981502726290273,4.670046345994706,6.705441764404895
2025-10-07 15:58:26.034,5.544603784534047,7.982134517829763,4.667756101664054,6.704652024980533
2025-10-07 15:58:26.245,5.544919680303792,7.981739648117582,4.6687827629157255,6.706468425656567
2025-10-07 15:58:26.456,5.544840706361356,7.980791960808347,4.667914049548926,6.705994582001949
2025-10-07 15:58:26.668,5.544603784534047,7.981265804462964,4.668940710800598,6.706231503829258
2025-10-07 15:58:26.882,5.545788393670591,7.98071298686591,4.670757111476632,6.705678686232204
2025-10-07 15:58:27.094,5.54539352395841,7.981660674175146,4.66846686714598,6.705678686232204
2025-10-07 15:58:27.305,5.544524810591611,7.981344778405401,4.6687827629157255,6.706310477771694
2025-10-07 15:58:27.517,5.545077628188665,7.9822134917722,4.66846686714598,6.705915608059513
2025-10-07 15:58:27.729,5.545156602131101,7.982371439657072,4.668703788973289,6.707021243253621
2025-10-07 15:58:27.944,5.5444458366491745,7.982134517829763,4.668624815030853,6.70725816508093
2025-10-07 15:58:28.155,5.544682758476483,7.983635022736053,4.668545841088417,6.706468425656567
2025-10-07 15:58:28.366,5.5453145500159735,7.9822134917722,4.668387893203544,6.70725816508093
2025-10-07 15:58:28.578,5.544682758476483,7.981265804462964,4.668387893203544,6.707732008735547
2025-10-07 15:58:28.790,5.544919680303792,7.983240153023871,4.668308919261108,6.707732008735547
2025-10-07 15:58:29.003,5.5453145500159735,7.981423752347837,4.669019684743034,6.708205852390165
2025-10-07 15:58:29.215,5.5458673676130275,7.98071298686591,4.668703788973289,6.707732008735547
2025-10-07 15:58:29.427,5.545156602131101,7.982292465714636,4.6687827629157255,6.708126878447729
2025-10-07 15:58:29.638,5.544129940879429,7.980397091096165,4.668071997433799,6.708442774217474
2025-10-07 15:58:29.853,5.54476173241892,7.981344778405401,4.668703788973289,6.7080479045052925
2025-10-07 15:58:30.066,5.545551471843282,7.981107856578092,4.668940710800598,6.7086007221023465
2025-10-07 15:58:30.277,5.545630445785719,7.981423752347837,4.67059916359176,6.708758669987219
2025-10-07 15:58:30.488,5.545630445785719,7.983161179081435,4.669019684743034,6.709232513641837
2025-10-07 15:58:30.700,5.544998654246228,7.9810288826356555,4.668703788973289,6.710969940375435
2025-10-07 15:58:30.912,5.5453145500159735,7.982687335426817,4.668624815030853,6.7108909664329985
2025-10-07 15:58:31.123,5.545235576073537,7.982055543887327,4.668861736858162,6.709390461526709
2025-10-07 15:58:31.334,5.544840706361356,7.981581700232709,4.668940710800598,6.710180200951072
2025-10-07 15:58:31.546,5.544998654246228,7.980949908693219,4.6687827629157255,6.7108909664329985
2025-10-07 15:58:31.757,5.544998654246228,7.981660674175146,4.668308919261108,6.710180200951072
2025-10-07 15:58:31.970,5.545472497900846,7.982134517829763,4.6702042938795785,6.710259174893508
2025-10-07 15:58:32.182,5.545551471843282,7.981344778405401,4.670283267822015,6.7108909664329985
2025-10-07 15:58:32.393,5.544919680303792,7.981739648117582,4.668624815030853,6.711048914317871
2025-10-07 15:58:32.606,5.54539352395841,7.982134517829763,4.6682299453186715,6.7108909664329985
2025-10-07 15:58:32.818,5.546183263382773,7.981344778405401,4.668624815030853,6.711759679799798
2025-10-07 15:58:33.032,5.54539352395841,7.981976569944891,4.668624815030853,6.711522757972489
2025-10-07 15:58:33.244,5.546578133094954,7.982529387541945,4.670757111476632,6.711206862202744
2025-10-07 15:58:33.455,5.545472497900846,7.982687335426817,4.669256606570343,6.711522757972489
2025-10-07 15:58:33.666,5.546104289440336,7.981976569944891,4.668387893203544,6.712075575569543
2025-10-07 15:58:33.878,5.5453145500159735,7.981739648117582,4.668308919261108,6.7128653149939055
2025-10-07 15:58:34.090,5.546341211267645,7.982371439657072,4.670915059361505,6.713576080475832
2025-10-07 15:58:34.301,5.546815054922263,7.982529387541945,4.669098658685471,6.714839663554812
2025-10-07 15:58:34.513,5.545709419728155,7.980634012923474,4.66846686714598,6.71531350720943
2025-10-07 15:58:34.724,5.546499159152518,7.981739648117582,4.669177632627907,6.712786341051469
2025-10-07 15:58:34.938,5.545077628188665,7.9818975960024545,4.669019684743034,6.713655054418268
2025-10-07 15:58:35.151,5.544919680303792,7.98284528331169,4.6687827629157255,6.713655054418268
2025-10-07 15:58:35.365,5.546183263382773,7.981265804462964,4.670994033303941,6.713813002303141
2025-10-07 15:58:35.576,5.545709419728155,7.982371439657072,4.668624815030853,6.714523767785067
2025-10-07 15:58:35.787,5.545630445785719,7.982055543887327,4.669256606570343,6.713655054418268
2025-10-07 15:58:36.003,5.546341211267645,7.982687335426817,4.669256606570343,6.71468171566994
2025-10-07 15:58:36.214,5.5458673676130275,7.981660674175146,4.669019684743034,6.7165770902884105
2025-10-07 15:58:36.426,5.544919680303792,7.981739648117582,4.670362241764451,6.713970950188013
2025-10-07 15:58:36.635,5.545946341555464,7.9822134917722,4.668703788973289,6.716340168461102
2025-10-07 15:58:36.845,5.544998654246228,7.980949908693219,4.670441215706887,6.714918637497249
2025-10-07 15:58:37.059,5.545472497900846,7.981739648117582,4.668703788973289,6.715787350864048
2025-10-07 15:58:37.270,5.545551471843282,7.983082205138999,4.669098658685471,6.7151555593245575
2025-10-07 15:58:37.481,5.545788393670591,7.982134517829763,4.669414554455216,6.716498116345974
2025-10-07 15:58:37.693,5.545630445785719,7.981739648117582,4.668940710800598,6.715866324806484
2025-10-07 15:58:37.907,5.545788393670591,7.981739648117582,4.669177632627907,6.716182220576229
2025-10-07 15:58:38.119,5.5453145500159735,7.981818622060018,4.669572502340088,6.716814012115719
2025-10-07 15:58:38.331,5.546104289440336,7.981186830520528,4.669019684743034,6.717050933943028
2025-10-07 15:58:38.542,5.545551471843282,7.982134517829763,4.669098658685471,6.717287855770337
2025-10-07 15:58:38.754,5.54665710703739,7.981423752347837,4.669098658685471,6.717682725482518
2025-10-07 15:58:38.969,5.545235576073537,7.981581700232709,4.668387893203544,6.716971960000592
2025-10-07 15:58:39.180,5.546104289440336,7.981423752347837,4.6716258248434315,6.719736047985862
2025-10-07 15:58:39.392,5.5458673676130275,7.9818975960024545,4.668861736858162,6.717050933943028
2025-10-07 15:58:39.603,5.546262237325209,7.980949908693219,4.671309929073686,6.7180775951947
2025-10-07 15:58:39.814,5.545630445785719,7.980949908693219,4.669414554455216,6.7180775951947
2025-10-07 15:58:40.029,5.5453145500159735,7.9818975960024545,4.66996737205227,6.717603751540082
2025-10-07 15:58:40.243,5.545709419728155,7.981660674175146,4.669493528397652,6.718393490964445
2025-10-07 15:58:40.454,5.545630445785719,7.981818622060018,4.669177632627907,6.718788360676626
2025-10-07 15:58:40.666,5.544840706361356,7.9810288826356555,4.669730450224961,6.718472464906881
2025-10-07 15:58:40.878,5.544998654246228,7.981581700232709,4.668703788973289,6.719578100100989
2025-10-07 15:58:41.090,5.546183263382773,7.981344778405401,4.668703788973289,6.719104256446371
2025-10-07 15:58:41.302,5.5460253154979,7.981976569944891,4.669177632627907,6.7199729698131705
2025-10-07 15:58:41.513,5.545551471843282,7.9810288826356555,4.669177632627907,6.720051943755607
2025-10-07 15:58:41.725,5.545551471843282,7.981660674175146,4.669335580512779,6.719815021928298
2025-10-07 15:58:41.941,5.545788393670591,7.982687335426817,4.6696514762825245,6.7208416831799696
2025-10-07 15:58:42.153,5.545472497900846,7.981739648117582,4.671309929073686,6.720288865582916
2025-10-07 15:58:42.365,5.545709419728155,7.981818622060018,4.671783772728304,6.720604761352661
2025-10-07 15:58:42.577,5.54539352395841,7.9822134917722,4.669177632627907,6.722184240201386
2025-10-07 15:58:42.788,5.545630445785719,7.981186830520528,4.669019684743034,6.720209891640479
2025-10-07 15:58:43.000,5.546420185210081,7.981107856578092,4.669177632627907,6.722026292316514
2025-10-07 15:58:43.213,5.545709419728155,7.981107856578092,4.6687827629157255,6.7208416831799696
2025-10-07 15:58:43.425,5.545946341555464,7.981265804462964,4.668545841088417,6.721710396546769
2025-10-07 15:58:43.636,5.545788393670591,7.982134517829763,4.669414554455216,6.721710396546769
2025-10-07 15:58:43.847,5.545472497900846,7.982529387541945,4.669730450224961,6.72210526625895
2025-10-07 15:58:44.062,5.54539352395841,7.981265804462964,4.6687827629157255,6.723605771165239
2025-10-07 15:58:44.275,5.546262237325209,7.981265804462964,4.668940710800598,6.723842692992548
2025-10-07 15:58:44.486,5.5453145500159735,7.982055543887327,4.669335580512779,6.722500135971131
2025-10-07 15:58:44.697,5.5458673676130275,7.980949908693219,4.6710730072463775,6.7236847451076756
2025-10-07 15:58:44.909,5.5453145500159735,7.9818975960024545,4.6687827629157255,6.723289875395494
2025-10-07 15:58:45.119,5.545709419728155,7.981502726290273,4.670046345994706,6.724790380301783
2025-10-07 15:58:45.332,5.545709419728155,7.982687335426817,4.669335580512779,6.723842692992548
2025-10-07 15:58:45.544,5.54665710703739,7.981581700232709,4.669098658685471,6.724711406359347
2025-10-07 15:58:45.756,5.5453145500159735,7.982371439657072,4.671388903016123,6.723842692992548
2025-10-07 15:58:45.969,5.547446846461753,7.981423752347837,4.669019684743034,6.7236847451076756
2025-10-07 15:58:46.181,5.545472497900846,7.982055543887327,4.669098658685471,6.724632432416911
2025-10-07 15:58:46.392,5.545156602131101,7.9818975960024545,4.6687827629157255,6.725817041553455
2025-10-07 15:58:46.604,5.545472497900846,7.983635022736053,4.668861736858162,6.725264223956401
2025-10-07 15:58:46.816,5.545551471843282,7.980949908693219,4.671388903016123,6.724632432416911
2025-10-07 15:58:47.029,5.5458673676130275,7.981660674175146,4.669019684743034,6.725264223956401
2025-10-07 15:58:47.241,5.545788393670591,7.981344778405401,4.669888398109833,6.725974989438328
2025-10-07 15:58:47.452,5.545156602131101,7.981265804462964,4.669335580512779,6.7256590936685825
2025-10-07 15:58:47.664,5.546815054922263,7.982371439657072,4.670520189649324,6.7261329373232
2025-10-07 15:58:47.875,5.5458673676130275,7.983082205138999,4.670678137534196,6.725896015495891
2025-10-07 15:58:48.088,5.545946341555464,7.982134517829763,4.669414554455216,6.726290885208073
2025-10-07 15:58:48.300,5.546815054922263,7.981423752347837,4.669493528397652,6.726369859150509
2025-10-07 15:58:48.511,5.547130950692008,7.981265804462964,4.67123095513125,6.726685754920254
2025-10-07 15:58:48.723,5.545788393670591,7.982687335426817,4.669414554455216,6.726685754920254
2025-10-07 15:58:48.938,5.545946341555464,7.9833191269663075,4.669019684743034,6.727396520402181
2025-10-07 15:58:49.149,5.5458673676130275,7.9818975960024545,4.669098658685471,6.727001650689999
2025-10-07 15:58:49.360,5.547051976749572,7.981423752347837,4.669493528397652,6.728028311941671
2025-10-07 15:58:49.572,5.546183263382773,7.981739648117582,4.669572502340088,6.727238572517308
2025-10-07 15:58:49.783,5.5458673676130275,7.981739648117582,4.669414554455216,6.7290549731933424
2025-10-07 15:58:49.997,5.546104289440336,7.981660674175146,4.671309929073686,6.729686764732833
2025-10-07 15:58:50.211,5.547051976749572,7.982055543887327,4.668545841088417,6.728186259826543
2025-10-07 15:58:50.426,5.5460253154979,7.981265804462964,4.668861736858162,6.727949337999235
2025-10-07 15:58:50.641,5.5460253154979,7.983003231196562,4.669414554455216,6.729449842905524
2025-10-07 15:58:50.855,5.546183263382773,7.981976569944891,4.670046345994706,6.7290549731933424
2025-10-07 15:58:51.070,5.545630445785719,7.981818622060018,4.669888398109833,6.729449842905524
2025-10-07 15:58:51.283,5.5460253154979,7.981660674175146,4.669177632627907,6.72889702530847
2025-10-07 15:58:51.498,5.545946341555464,7.9818975960024545,4.669019684743034,6.7299236865601415
2025-10-07 15:58:51.712,5.546341211267645,7.980870934750783,4.669335580512779,6.7313452175239945
2025-10-07 15:58:51.927,5.545946341555464,7.981976569944891,4.670125319937142,6.729765738675269
2025-10-07 15:58:52.139,5.546815054922263,7.982529387541945,4.669572502340088,6.730792399926941
2025-10-07 15:58:52.355,5.5458673676130275,7.981423752347837,4.669256606570343,6.729844712617705
2025-10-07 15:58:52.569,5.545788393670591,7.982292465714636,4.669572502340088,6.7299236865601415
2025-10-07 15:58:52.784,5.545946341555464,7.980870934750783,4.669335580512779,6.730950347811813
2025-10-07 15:58:52.999,5.5460253154979,7.981660674175146,4.669335580512779,6.7313452175239945
2025-10-07 15:58:53.213,5.547130950692008,7.982134517829763,4.670283267822015,6.731029321754249
2025-10-07 15:58:53.426,5.545235576073537,7.981502726290273,4.672336590325358,6.731424191466431
2025-10-07 15:58:53.639,5.545630445785719,7.980949908693219,4.670757111476632,6.7327667484878475
2025-10-07 15:58:53.852,5.545630445785719,7.9824504135995085,4.669335580512779,6.73166111329374
2025-10-07 15:58:54.065,5.545946341555464,7.981423752347837,4.669809424167397,6.732213930890794
2025-10-07 15:58:54.279,5.545946341555464,7.9818975960024545,4.669256606570343,6.733398540027338
2025-10-07 15:58:54.493,5.545709419728155,7.981739648117582,4.669493528397652,6.731819061178612
2025-10-07 15:58:54.706,5.5458673676130275,7.981344778405401,4.670125319937142,6.732055983005921
2025-10-07 15:58:54.921,5.545788393670591,7.980634012923474,4.670046345994706,6.734109305509264
2025-10-07 15:58:55.136,5.545788393670591,7.9822134917722,4.670678137534196,6.733161618200029
2025-10-07 15:58:55.351,5.547446846461753,7.981581700232709,4.669493528397652,6.732687774545411
2025-10-07 15:58:55.568,5.5460253154979,7.980634012923474,4.670046345994706,6.733635461854647
2025-10-07 15:58:55.782,5.545709419728155,7.982687335426817,4.670046345994706,6.734109305509264
2025-10-07 15:58:55.994,5.547051976749572,7.981502726290273,4.670994033303941,6.7350569928185
2025-10-07 15:58:56.209,5.546262237325209,7.981344778405401,4.671941720613177,6.733477513969774
2025-10-07 15:58:56.426,5.546183263382773,7.982134517829763,4.669098658685471,6.734267253394137
2025-10-07 15:58:56.637,5.546262237325209,7.981107856578092,4.669572502340088,6.735925706185299
2025-10-07 15:58:56.854,5.545946341555464,7.982371439657072,4.669098658685471,6.734109305509264
2025-10-07 15:58:57.072,5.545946341555464,7.982529387541945,4.669098658685471,6.735214940703372
2025-10-07 15:58:57.288,5.546578133094954,7.980949908693219,4.670994033303941,6.734346227336573
2025-10-07 15:58:57.501,5.547604794346626,7.981186830520528,4.670046345994706,6.735214940703372
2025-10-07 15:58:57.716,5.546578133094954,7.981186830520528,4.669019684743034,6.735846732242862
2025-10-07 15:58:57.930,5.546578133094954,7.9822134917722,4.669177632627907,6.7356098104155535
2025-10-07 15:58:58.147,5.546420185210081,7.982529387541945,4.672099668498049,6.735846732242862
2025-10-07 15:58:58.363,5.5467360809798265,7.981976569944891,4.669809424167397,6.736083654070171
2025-10-07 15:58:58.577,5.546262237325209,7.982924257254126,4.671783772728304,6.736557497724789
2025-10-07 15:58:58.794,5.5467360809798265,7.981581700232709,4.669888398109833,6.736873393494534
2025-10-07 15:58:59.010,5.548078638001243,7.981818622060018,4.669493528397652,6.736478523782353
2025-10-07 15:58:59.227,5.546578133094954,7.9824504135995085,4.66996737205227,6.736478523782353
2025-10-07 15:58:59.442,5.546341211267645,7.981344778405401,4.669572502340088,6.737426211091588
2025-10-07 15:58:59.658,5.546104289440336,7.982766309369254,4.669730450224961,6.737189289264279
2025-10-07 15:58:59.871,5.547209924634444,7.981502726290273,4.669888398109833,6.7370313413794065
2025-10-07 15:59:00.087,5.546420185210081,7.982055543887327,4.671704798785868,6.738058002631078
2025-10-07 15:59:00.303,5.545709419728155,7.980949908693219,4.672257616382922,6.739637481479804
2025-10-07 15:59:00.516,5.546815054922263,7.981502726290273,4.671783772728304,6.737821080803769
2025-10-07 15:59:00.728,5.546183263382773,7.981107856578092,4.669493528397652,6.737426211091588
2025-10-07 15:59:00.941,5.546104289440336,7.9822134917722,4.671309929073686,6.739321585710059
2025-10-07 15:59:01.157,5.546420185210081,7.981502726290273,4.669414554455216,6.738768768113005
2025-10-07 15:59:01.374,5.546578133094954,7.982608361484381,4.66996737205227,6.738215950515951
2025-10-07 15:59:01.587,5.546183263382773,7.9818975960024545,4.669493528397652,6.7390056899403135
2025-10-07 15:59:01.803,5.546104289440336,7.9824504135995085,4.669730450224961,6.740506194846603
2025-10-07 15:59:02.020,5.545946341555464,7.982055543887327,4.670362241764451,6.739400559652495
2025-10-07 15:59:02.236,5.546499159152518,7.981660674175146,4.670283267822015,6.7398744033071125
2025-10-07 15:59:02.448,5.546183263382773,7.980555038981038,4.66996737205227,6.739558507537367
2025-10-07 15:59:02.661,5.546815054922263,7.98071298686591,4.671546850900995,6.740585168789039
2025-10-07 15:59:02.873,5.54665710703739,7.982371439657072,4.6696514762825245,6.739558507537367
2025-10-07 15:59:03.085,5.546499159152518,7.981739648117582,4.669888398109833,6.740743116673912
2025-10-07 15:59:03.297,5.546973002807135,7.981976569944891,4.669730450224961,6.74098003850122
2025-10-07 15:59:03.509,5.547051976749572,7.981107856578092,4.669335580512779,6.740269273019294
2025-10-07 15:59:03.720,5.5467360809798265,7.981976569944891,4.670125319937142,6.741137986386093
2025-10-07 15:59:03.933,5.547130950692008,7.982529387541945,4.6696514762825245,6.741611830040711
2025-10-07 15:59:04.145,5.546894028864699,7.9818975960024545,4.670046345994706,6.741532856098274
2025-10-07 15:59:04.356,5.54665710703739,7.98284528331169,4.67123095513125,6.741374908213402
2025-10-07 15:59:04.568,5.547051976749572,7.980949908693219,4.669809424167397,6.741927725810456
2025-10-07 15:59:04.781,5.546815054922263,7.981186830520528,4.669888398109833,6.74248054340751
2025-10-07 15:59:04.992,5.5467360809798265,7.982371439657072,4.669809424167397,6.742085673695328
2025-10-07 15:59:05.203,5.547367872519317,7.9818975960024545,4.669888398109833,6.742796439177255
2025-10-07 15:59:05.414,5.546420185210081,7.982055543887327,4.66996737205227,6.743823100428926
2025-10-07 15:59:05.626,5.546341211267645,7.983003231196562,4.672336590325358,6.742638491292382
2025-10-07 15:59:05.838,5.5467360809798265,7.980634012923474,4.669493528397652,6.743033361004564
2025-10-07 15:59:06.050,5.545946341555464,7.982134517829763,4.670757111476632,6.745007709565471
2025-10-07 15:59:06.260,5.547209924634444,7.982766309369254,4.670441215706887,6.743902074371363
2025-10-07 15:59:06.473,5.546420185210081,7.982687335426817,4.67059916359176,6.743507204659181
2025-10-07 15:59:06.685,5.546262237325209,7.981660674175146,4.670441215706887,6.74374412648649
2025-10-07 15:59:06.902,5.546894028864699,7.982766309369254,4.6696514762825245,6.744612839853289
2025-10-07 15:59:07.113,5.547051976749572,7.981660674175146,4.670362241764451,6.743981048313799
2025-10-07 15:59:07.328,5.546973002807135,7.981423752347837,4.66996737205227,6.743902074371363
2025-10-07 15:59:07.543,5.546973002807135,7.981976569944891,4.670520189649324,6.746034370817142
2025-10-07 15:59:07.758,5.546973002807135,7.981502726290273,4.6702042938795785,6.744928735623034
2025-10-07 15:59:07.976,5.546578133094954,7.982134517829763,4.669572502340088,6.7455605271625245
2025-10-07 15:59:08.193,5.547446846461753,7.982134517829763,4.670915059361505,6.745323605335216
2025-10-07 15:59:08.409,5.546815054922263,7.981186830520528,4.669888398109833,6.745481553220088
2025-10-07 15:59:08.624,5.546499159152518,7.9822134917722,4.669809424167397,6.745244631392779
2025-10-07 15:59:08.842,5.547525820404189,7.980791960808347,4.672336590325358,6.745639501104961
2025-10-07 15:59:09.058,5.5467360809798265,7.9818975960024545,4.6702042938795785,6.746271292644451
2025-10-07 15:59:09.275,5.546420185210081,7.982055543887327,4.669809424167397,6.747613849665868
2025-10-07 15:59:09.493,5.54665710703739,7.982055543887327,4.672020694555613,6.74650821447176
2025-10-07 15:59:09.707,5.5467360809798265,7.98071298686591,4.670520189649324,6.746824110241505
2025-10-07 15:59:09.924,5.54665710703739,7.981739648117582,4.670283267822015,6.7469820581263775
2025-10-07 15:59:10.141,5.546262237325209,7.982055543887327,4.670757111476632,6.748166667262922
2025-10-07 15:59:10.355,5.546420185210081,7.981502726290273,4.669888398109833,6.747376927838559
2025-10-07 15:59:10.572,5.547051976749572,7.9818975960024545,4.6696514762825245,6.747376927838559
2025-10-07 15:59:10.789,5.547762742231498,7.981739648117582,4.6710730072463775,6.74714000601125
2025-10-07 15:59:11.005,5.547209924634444,7.981107856578092,4.6702042938795785,6.747850771493177
2025-10-07 15:59:11.222,5.546973002807135,7.981581700232709,4.6702042938795785,6.748719484859976
2025-10-07 15:59:11.436,5.546815054922263,7.982924257254126,4.66996737205227,6.749746146111647
2025-10-07 15:59:11.648,5.547130950692008,7.980397091096165,4.672099668498049,6.7484035890902305
2025-10-07 15:59:11.865,5.546815054922263,7.981976569944891,4.669809424167397,6.748719484859976
2025-10-07 15:59:12.082,5.5467360809798265,7.981660674175146,4.671309929073686,6.748877432744848
2025-10-07 15:59:12.299,5.546578133094954,7.982134517829763,4.6696514762825245,6.749667172169211
2025-10-07 15:59:12.513,5.547051976749572,7.981660674175146,4.669730450224961,6.7498251200540835
2025-10-07 15:59:12.726,5.547367872519317,7.982608361484381,4.670836085419069,6.749193328514593
2025-10-07 15:59:12.941,5.5467360809798265,7.982371439657072,4.670520189649324,6.751562546787682
2025-10-07 15:59:13.158,5.546262237325209,7.981344778405401,4.671388903016123,6.75053588553601
2025-10-07 15:59:13.374,5.546894028864699,7.981186830520528,4.6696514762825245,6.750298963708701
2025-10-07 15:59:13.587,5.546973002807135,7.981502726290273,4.6696514762825245,6.751878442557427
2025-10-07 15:59:13.803,5.546578133094954,7.981423752347837,4.672573512152667,6.752747155924226
2025-10-07 15:59:14.017,5.547209924634444,7.980949908693219,4.670283267822015,6.751404598902809
2025-10-07 15:59:14.233,5.546973002807135,7.981344778405401,4.6724945382102305,6.751088703133064
2025-10-07 15:59:14.449,5.5467360809798265,7.981107856578092,4.66996737205227,6.751562546787682
2025-10-07 15:59:14.665,5.5481576119436795,7.98284528331169,4.670125319937142,6.751562546787682
2025-10-07 15:59:14.879,5.5472888985768805,7.981344778405401,4.670283267822015,6.751641520730118
2025-10-07 15:59:15.093,5.5467360809798265,7.982924257254126,4.6702042938795785,6.751720494672554
2025-10-07 15:59:15.309,5.546973002807135,7.981739648117582,4.671151981188814,6.751957416499863
2025-10-07 15:59:15.524,5.548236585886116,7.981581700232709,4.670441215706887,6.752352286212044
2025-10-07 15:59:15.738,5.547051976749572,7.981660674175146,4.66996737205227,6.753457921406152
2025-10-07 15:59:15.951,5.547209924634444,7.981976569944891,4.66996737205227,6.754484582657824
2025-10-07 15:59:16.166,5.547999664058807,7.9818975960024545,4.6702042938795785,6.752984077751535
2025-10-07 15:59:16.380,5.5481576119436795,7.981739648117582,4.670757111476632,6.752984077751535
2025-10-07 15:59:16.594,5.547130950692008,7.982292465714636,4.670520189649324,6.753063051693971
2025-10-07 15:59:16.810,5.546973002807135,7.981976569944891,4.670362241764451,6.753694843233461
2025-10-07 15:59:17.024,5.546815054922263,7.981502726290273,4.669809424167397,6.753852791118334
2025-10-07 15:59:17.236,5.546578133094954,7.981423752347837,4.669888398109833,6.754010739003206
2025-10-07 15:59:17.450,5.546815054922263,7.980791960808347,4.671941720613177,6.755116374197314
2025-10-07 15:59:17.665,5.547762742231498,7.980870934750783,4.670441215706887,6.7546425305426965
2025-10-07 15:59:17.881,5.546894028864699,7.982134517829763,4.6702042938795785,6.755590217851932
2025-10-07 15:59:18.100,5.547051976749572,7.9824504135995085,4.672020694555613,6.755274322082187
2025-10-07 15:59:18.317,5.546420185210081,7.983161179081435,4.6710730072463775,6.75519534813975
2025-10-07 15:59:18.532,5.547367872519317,7.981502726290273,4.6702042938795785,6.757011748815785
2025-10-07 15:59:18.748,5.547367872519317,7.9822134917722,4.670046345994706,6.755037400254878
2025-10-07 15:59:18.965,5.547762742231498,7.981818622060018,4.6724945382102305,6.756143035448986
2025-10-07 15:59:19.181,5.547525820404189,7.982134517829763,4.670757111476632,6.756300983333858
2025-10-07 15:59:19.398,5.547525820404189,7.980555038981038,4.670046345994706,6.756458931218731
2025-10-07 15:59:19.612,5.547446846461753,7.982134517829763,4.670362241764451,6.756379957276295
2025-10-07 15:59:19.829,5.54665710703739,7.982134517829763,4.671309929073686,6.758433279779638
2025-10-07 15:59:20.045,5.547209924634444,7.981107856578092,4.670994033303941,6.75795943612502
2025-10-07 15:59:20.262,5.547209924634444,7.981581700232709,4.6710730072463775,6.757169696700657
2025-10-07 15:59:20.476,5.548078638001243,7.981818622060018,4.6702042938795785,6.757090722758221
2025-10-07 15:59:20.690,5.548315559828552,7.980634012923474,4.66996737205227,6.758986097376692
2025-10-07 15:59:20.908,5.546973002807135,7.982292465714636,4.66996737205227,6.7574855924704025
2025-10-07 15:59:21.125,5.546973002807135,7.980791960808347,4.67059916359176,6.757564566412839
2025-10-07 15:59:21.340,5.548236585886116,7.981186830520528,4.670362241764451,6.759223019204001
2025-10-07 15:59:21.554,5.5472888985768805,7.9824504135995085,4.670757111476632,6.757880462182584
2025-10-07 15:59:21.768,5.547367872519317,7.982529387541945,4.670046345994706,6.7583543058372015
2025-10-07 15:59:21.984,5.5472888985768805,7.980870934750783,4.671151981188814,6.758828149491819
2025-10-07 15:59:22.197,5.547525820404189,7.981107856578092,4.669730450224961,6.758433279779638
2025-10-07 15:59:22.409,5.546973002807135,7.981818622060018,4.670678137534196,6.759854810743491
2025-10-07 15:59:22.621,5.547209924634444,7.981739648117582,4.670441215706887,6.759538914973746
2025-10-07 15:59:22.833,5.547051976749572,7.981976569944891,4.672731460037539,6.759459941031309
2025-10-07 15:59:23.046,5.547446846461753,7.981739648117582,4.670441215706887,6.759617888916182
2025-10-07 15:59:23.258,5.547525820404189,7.981502726290273,4.672652486095103,6.760565576225417
2025-10-07 15:59:23.473,5.547525820404189,7.981660674175146,4.670757111476632,6.759696862858618
2025-10-07 15:59:23.688,5.547920690116371,7.981107856578092,4.670520189649324,6.760565576225417
2025-10-07 15:59:23.904,5.547525820404189,7.982055543887327,4.672020694555613,6.760881471995162
2025-10-07 15:59:24.118,5.547209924634444,7.981423752347837,4.671704798785868,6.76135531564978
2025-10-07 15:59:24.334,5.547051976749572,7.981186830520528,4.670915059361505,6.760881471995162
2025-10-07 15:59:24.548,5.5472888985768805,7.983950918505798,4.670678137534196,6.761276341707344
2025-10-07 15:59:24.764,5.547762742231498,7.981265804462964,4.670994033303941,6.76135531564978
2025-10-07 15:59:24.982,5.547604794346626,7.982371439657072,4.672020694555613,6.762224029016579
2025-10-07 15:59:25.198,5.547683768289062,7.981344778405401,4.669888398109833,6.763092742383378
2025-10-07 15:59:25.416,5.547051976749572,7.981344778405401,4.669809424167397,6.761434289592216
2025-10-07 15:59:25.630,5.547209924634444,7.9824504135995085,4.670915059361505,6.76198710718927
2025-10-07 15:59:25.846,5.546973002807135,7.981976569944891,4.670046345994706,6.762381976901452
2025-10-07 15:59:26.064,5.547367872519317,7.98071298686591,4.673126329749721,6.762539924786324
2025-10-07 15:59:26.282,5.547920690116371,7.983161179081435,4.671467876958559,6.763724533922868
2025-10-07 15:59:26.497,5.547525820404189,7.982371439657072,4.672336590325358,6.763013768440942
2025-10-07 15:59:26.711,5.548394533770988,7.981660674175146,4.672178642440485,6.763882481807741
2025-10-07 15:59:26.925,5.547683768289062,7.981818622060018,4.6702042938795785,6.7645932472896675
2025-10-07 15:59:27.141,5.547367872519317,7.98284528331169,4.67123095513125,6.763961455750177
2025-10-07 15:59:27.355,5.547604794346626,7.981818622060018,4.670362241764451,6.76411940363505
2025-10-07 15:59:27.568,5.547446846461753,7.98284528331169,4.670836085419069,6.765067090944285
2025-10-07 15:59:27.779,5.5487104295407335,7.981739648117582,4.6710730072463775,6.76475119517454
2025-10-07 15:59:27.993,5.547841716173934,7.9804760650386015,4.670362241764451,6.763803507865305
2025-10-07 15:59:28.210,5.547920690116371,7.98071298686591,4.672415564267794,6.764909143059413
2025-10-07 15:59:28.424,5.547762742231498,7.981423752347837,4.670915059361505,6.765540934598903
2025-10-07 15:59:28.639,5.547920690116371,7.982055543887327,4.670836085419069,6.766804517677883
2025-10-07 15:59:28.855,5.547130950692008,7.982134517829763,4.671309929073686,6.764988117001849
2025-10-07 15:59:29.072,5.547446846461753,7.983713996678489,4.672810433979976,6.767357335274937
2025-10-07 15:59:29.286,5.5481576119436795,7.9818975960024545,4.671309929073686,6.766330674023266
2025-10-07 15:59:29.499,5.547604794346626,7.983240153023871,4.670836085419069,6.767673231044682
2025-10-07 15:59:29.716,5.547604794346626,7.981502726290273,4.670757111476632,6.766093752195957
2025-10-07 15:59:29.933,5.547446846461753,7.981818622060018,4.670757111476632,6.766488621908138
2025-10-07 15:59:30.147,5.548631455598297,7.981660674175146,4.671546850900995,6.767120413447628
2025-10-07 15:59:30.364,5.547762742231498,7.981423752347837,4.672178642440485,6.767041439505192
2025-10-07 15:59:30.576,5.548394533770988,7.981739648117582,4.670915059361505,6.7681470746993
2025-10-07 15:59:30.793,5.547525820404189,7.982371439657072,4.670362241764451,6.766804517677883
2025-10-07 15:59:31.007,5.547604794346626,7.9818975960024545,4.670757111476632,6.768620918353918
2025-10-07 15:59:31.224,5.547920690116371,7.981739648117582,4.67186274667074,6.769173735950972
2025-10-07 15:59:31.438,5.548394533770988,7.980870934750783,4.670046345994706,6.767831178929555
2025-10-07 15:59:31.650,5.547130950692008,7.981976569944891,4.671546850900995,6.768068100756864
2025-10-07 15:59:31.864,5.5481576119436795,7.982687335426817,4.672336590325358,6.7688578401812265
2025-10-07 15:59:32.079,5.5472888985768805,7.981739648117582,4.670125319937142,6.769015788066099
2025-10-07 15:59:32.296,5.547762742231498,7.981423752347837,4.669888398109833,6.769805527490462
2025-10-07 15:59:32.513,5.548078638001243,7.981502726290273,4.670441215706887,6.768620918353918
2025-10-07 15:59:32.727,5.547604794346626,7.982055543887327,4.6710730072463775,6.768699892296354
2025-10-07 15:59:32.943,5.547683768289062,7.9818975960024545,4.671941720613177,6.769805527490462
2025-10-07 15:59:33.159,5.548315559828552,7.9822134917722,4.67059916359176,6.77091116268457
2025-10-07 15:59:33.375,5.548236585886116,7.981423752347837,4.670994033303941,6.76941065777828
2025-10-07 15:59:33.594,5.548552481655861,7.983240153023871,4.673521199461902,6.76941065777828
2025-10-07 15:59:33.810,5.547920690116371,7.982924257254126,4.6710730072463775,6.769805527490462
2025-10-07 15:59:34.026,5.5472888985768805,7.981581700232709,4.672652486095103,6.770674240857261
2025-10-07 15:59:34.244,5.547604794346626,7.9833191269663075,4.6716258248434315,6.771069110569442
2025-10-07 15:59:34.461,5.547920690116371,7.981818622060018,4.670362241764451,6.771069110569442
2025-10-07 15:59:34.673,5.548947351368042,7.981739648117582,4.672810433979976,6.770753214799697
2025-10-07 15:59:34.887,5.547920690116371,7.980870934750783,4.670994033303941,6.771306032396751
2025-10-07 15:59:35.099,5.548473507713425,7.981265804462964,4.670994033303941,6.772332693648423
2025-10-07 15:59:35.315,5.548078638001243,7.981739648117582,4.672889407922412,6.773043459130349
2025-10-07 15:59:35.530,5.547525820404189,7.981976569944891,4.6716258248434315,6.7711480845118786
2025-10-07 15:59:35.743,5.547841716173934,7.9818975960024545,4.67059916359176,6.771937823936241
2025-10-07 15:59:35.957,5.549105299252915,7.9822134917722,4.670441215706887,6.772253719705986
2025-10-07 15:59:36.171,5.547762742231498,7.981186830520528,4.670915059361505,6.773438328842531
2025-10-07 15:59:36.387,5.548552481655861,7.983003231196562,4.671309929073686,6.774070120382021
2025-10-07 15:59:36.601,5.548473507713425,7.982292465714636,4.671309929073686,6.7745439640366385
2025-10-07 15:59:36.815,5.548631455598297,7.981265804462964,4.671309929073686,6.772964485187913
2025-10-07 15:59:37.029,5.547920690116371,7.981581700232709,4.670836085419069,6.772885511245477
2025-10-07 15:59:37.240,5.5487104295407335,7.981186830520528,4.671309929073686,6.773675250669839
2025-10-07 15:59:37.453,5.547762742231498,7.981423752347837,4.670520189649324,6.773359354900094
2025-10-07 15:59:37.667,5.547920690116371,7.981739648117582,4.671309929073686,6.774859859806384
2025-10-07 15:59:37.883,5.547762742231498,7.981976569944891,4.671467876958559,6.774386016151766
2025-10-07 15:59:38.101,5.5481576119436795,7.9818975960024545,4.670994033303941,6.774780885863947
2025-10-07 15:59:38.316,5.547762742231498,7.9822134917722,4.671388903016123,6.774701911921511
2025-10-07 15:59:38.531,5.5481576119436795,7.981502726290273,4.67059916359176,6.774464990094202
2025-10-07 15:59:38.745,5.548078638001243,7.983082205138999,4.671467876958559,6.7745439640366385
2025-10-07 15:59:38.960,5.548236585886116,7.981344778405401,4.671388903016123,6.776992156252163
2025-10-07 15:59:39.170,5.548947351368042,7.983556048793616,4.670283267822015,6.77493883374882
2025-10-07 15:59:39.386,5.549184273195351,7.98284528331169,4.671151981188814,6.774622937979075
2025-10-07 15:59:39.603,5.547841716173934,7.982055543887327,4.672099668498049,6.777308052021908
2025-10-07 15:59:39.819,5.547999664058807,7.981265804462964,4.673205303692157,6.776123442885364
2025-10-07 15:59:40.036,5.5472888985768805,7.980791960808347,4.671151981188814,6.7759654950004915
2025-10-07 15:59:40.249,5.547762742231498,7.982608361484381,4.67059916359176,6.775807547115619
2025-10-07 15:59:40.463,5.547762742231498,7.982134517829763,4.671783772728304,6.776360364712673
2025-10-07 15:59:40.677,5.547841716173934,7.982529387541945,4.671151981188814,6.776439338655109
2025-10-07 15:59:40.894,5.548473507713425,7.981976569944891,4.671309929073686,6.776597286539982
2025-10-07 15:59:41.108,5.547762742231498,7.982766309369254,4.671151981188814,6.77833471327358
2025-10-07 15:59:41.326,5.548078638001243,7.981502726290273,4.671388903016123,6.777071130194599
2025-10-07 15:59:41.540,5.548473507713425,7.980555038981038,4.670915059361505,6.778097791446271
2025-10-07 15:59:41.753,5.548078638001243,7.981660674175146,4.67059916359176,6.777860869618962
2025-10-07 15:59:41.964,5.549263247137787,7.9822134917722,4.67123095513125,6.777544973849217
2025-10-07 15:59:42.176,5.547525820404189,7.9818975960024545,4.672257616382922,6.779756244237433
2025-10-07 15:59:42.390,5.548394533770988,7.981976569944891,4.673521199461902,6.777781895676526
2025-10-07 15:59:42.605,5.547999664058807,7.98071298686591,4.672020694555613,6.778413687216016
2025-10-07 15:59:42.821,5.547841716173934,7.982055543887327,4.672099668498049,6.778492661158452
2025-10-07 15:59:43.038,5.548552481655861,7.981502726290273,4.671151981188814,6.781177775201286
2025-10-07 15:59:43.256,5.547683768289062,7.981502726290273,4.672099668498049,6.779203426640379
2025-10-07 15:59:43.471,5.547683768289062,7.9810288826356555,4.670836085419069,6.779993166064742
2025-10-07 15:59:43.686,5.54878940348317,7.980160169268856,4.671309929073686,6.779124452697943
2025-10-07 15:59:43.901,5.54878940348317,7.981423752347837,4.6710730072463775,6.780545983661796
2025-10-07 15:59:44.117,5.549105299252915,7.981739648117582,4.671546850900995,6.78109880125885
2025-10-07 15:59:44.333,5.547762742231498,7.981107856578092,4.670915059361505,6.780072140007178
2025-10-07 15:59:44.548,5.548552481655861,7.981423752347837,4.670994033303941,6.779519322410124
2025-10-07 15:59:44.763,5.548947351368042,7.981265804462964,4.6710730072463775,6.782283410395394
2025-10-07 15:59:44.976,5.548552481655861,7.98071298686591,4.670994033303941,6.781809566740776
2025-10-07 15:59:45.192,5.547841716173934,7.982371439657072,4.670757111476632,6.780624957604232
2025-10-07 15:59:45.408,5.5481576119436795,7.982608361484381,4.671783772728304,6.7807829054891045
2025-10-07 15:59:45.622,5.547920690116371,7.980870934750783,4.671783772728304,6.781572644913467
2025-10-07 15:59:45.837,5.5481576119436795,7.981818622060018,4.671388903016123,6.781888540683212
2025-10-07 15:59:46.050,5.548394533770988,7.980634012923474,4.670678137534196,6.78299417587732
2025-10-07 15:59:46.267,5.549026325310479,7.982134517829763,4.671309929073686,6.781493670971031
2025-10-07 15:59:46.482,5.548315559828552,7.9818975960024545,4.67186274667074,6.782757254050011
2025-10-07 15:59:46.692,5.5487104295407335,7.981107856578092,4.670915059361505,6.782125462510521
2025-10-07 15:59:46.908,5.548394533770988,7.981344778405401,4.670836085419069,6.784020837128992
2025-10-07 15:59:47.123,5.548078638001243,7.981581700232709,4.6710730072463775,6.783152123762193
2025-10-07 15:59:47.334,5.548631455598297,7.981107856578092,4.671546850900995,6.783862889244119
2025-10-07 15:59:47.547,5.547604794346626,7.983003231196562,4.673679147346775,6.782915201934884
2025-10-07 15:59:47.762,5.5487104295407335,7.981265804462964,4.671388903016123,6.783468019531938
2025-10-07 15:59:47.978,5.547999664058807,7.981581700232709,4.6716258248434315,6.783468019531938
2025-10-07 15:59:48.190,5.548552481655861,7.981818622060018,4.6716258248434315,6.783310071647065
2025-10-07 15:59:48.402,5.547841716173934,7.983240153023871,4.671783772728304,6.785442368092845
2025-10-07 15:59:48.616,5.548315559828552,7.981502726290273,4.672178642440485,6.784336732898737
2025-10-07 15:59:48.831,5.548078638001243,7.982292465714636,4.673126329749721,6.784257758956301
2025-10-07 15:59:49.044,5.5487104295407335,7.981344778405401,4.6716258248434315,6.784968524438227
2025-10-07 15:59:49.261,5.548078638001243,7.981186830520528,4.673284277634593,6.784968524438227
2025-10-07 15:59:49.479,5.5487104295407335,7.9824504135995085,4.671941720613177,6.784731602610918
2025-10-07 15:59:49.689,5.548315559828552,7.981976569944891,4.672573512152667,6.785995185689899
2025-10-07 15:59:49.901,5.548947351368042,7.983082205138999,4.670678137534196,6.7864690293445165
2025-10-07 15:59:50.113,5.54878940348317,7.981581700232709,4.671704798785868,6.785837237805026
2025-10-07 15:59:50.324,5.5487104295407335,7.982134517829763,4.672020694555613,6.78639005540208
2025-10-07 15:59:50.536,5.548236585886116,7.9818975960024545,4.671704798785868,6.786074159632335
2025-10-07 15:59:50.747,5.548552481655861,7.9810288826356555,4.67123095513125,6.78639005540208
2025-10-07 15:59:50.958,5.548631455598297,7.982529387541945,4.671388903016123,6.787179794826443
2025-10-07 15:59:51.171,5.5487104295407335,7.981976569944891,4.672652486095103,6.786626977229389
2025-10-07 15:59:51.382,5.548947351368042,7.981581700232709,4.671309929073686,6.788127482135678
2025-10-07 15:59:51.595,5.549816064734841,7.981344778405401,4.672099668498049,6.786548003286953
2025-10-07 15:59:51.806,5.548473507713425,7.981818622060018,4.67186274667074,6.787653638481061
2025-10-07 15:59:52.017,5.548394533770988,7.982608361484381,4.672731460037539,6.786942872999134
2025-10-07 15:59:52.230,5.548315559828552,7.983082205138999,4.671467876958559,6.788048508193242
2025-10-07 15:59:52.445,5.548947351368042,7.981818622060018,4.673521199461902,6.788127482135678
2025-10-07 15:59:52.661,5.547841716173934,7.981344778405401,4.671309929073686,6.788127482135678
2025-10-07 15:59:52.875,5.548552481655861,7.981423752347837,4.6716258248434315,6.787811586365933
2025-10-07 15:59:53.092,5.548868377425606,7.981344778405401,4.67186274667074,6.788996195502477
2025-10-07 15:59:53.305,5.548315559828552,7.980634012923474,4.67186274667074,6.788996195502477
2025-10-07 15:59:53.521,5.548631455598297,7.9822134917722,4.671151981188814,6.788917221560041
2025-10-07 15:59:53.734,5.5481576119436795,7.982134517829763,4.67186274667074,6.789627987041968
2025-10-07 15:59:53.946,5.548868377425606,7.981818622060018,4.67123095513125,6.789075169444914
2025-10-07 15:59:54.161,5.5487104295407335,7.9804760650386015,4.671309929073686,6.790101830696585
2025-10-07 15:59:54.376,5.548394533770988,7.982608361484381,4.670915059361505,6.789075169444914
2025-10-07 15:59:54.593,5.549816064734841,7.981818622060018,4.671309929073686,6.789549013099531
2025-10-07 15:59:54.810,5.548315559828552,7.981344778405401,4.672257616382922,6.790101830696585
2025-10-07 15:59:55.026,5.5487104295407335,7.980870934750783,4.674152991001392,6.790891570120948
2025-10-07 15:59:55.242,5.549658116849969,7.981660674175146,4.672257616382922,6.791128491948257
2025-10-07 15:59:55.460,5.548631455598297,7.9818975960024545,4.673442225519466,6.791207465890693
2025-10-07 15:59:55.675,5.548473507713425,7.981502726290273,4.671467876958559,6.7907336222360755
2025-10-07 15:59:55.891,5.549184273195351,7.981976569944891,4.671151981188814,6.791523361660438
2025-10-07 15:59:56.107,5.548473507713425,7.981502726290273,4.671704798785868,6.790970544063384
2025-10-07 15:59:56.325,5.548552481655861,7.981344778405401,4.671941720613177,6.791681309545311
2025-10-07 15:59:56.541,5.548631455598297,7.9810288826356555,4.672178642440485,6.79255002291211
2025-10-07 15:59:56.756,5.548315559828552,7.981107856578092,4.671546850900995,6.792234127142365
2025-10-07 15:59:56.973,5.548394533770988,7.981423752347837,4.671467876958559,6.791997205315056
2025-10-07 15:59:57.190,5.548552481655861,7.9818975960024545,4.671309929073686,6.791997205315056
2025-10-07 15:59:57.401,5.548394533770988,7.981818622060018,4.672415564267794,6.7944453975305805
2025-10-07 15:59:57.617,5.548868377425606,7.981265804462964,4.672415564267794,6.792865918681855
2025-10-07 15:59:57.835,5.549026325310479,7.981581700232709,4.672336590325358,6.7930238665667275
2025-10-07 15:59:58.047,5.549342221080224,7.981344778405401,4.671704798785868,6.792944892624291
2025-10-07 15:59:58.263,5.549184273195351,7.982687335426817,4.672968381864848,6.793655658106218
2025-10-07 15:59:58.479,5.548236585886116,7.981739648117582,4.671467876958559,6.795156163012507
2025-10-07 15:59:58.696,5.549263247137787,7.981818622060018,4.672020694555613,6.795551032724688
2025-10-07 15:59:58.912,5.548473507713425,7.982134517829763,4.671309929073686,6.794129501760835
2025-10-07 15:59:59.128,5.5487104295407335,7.980949908693219,4.672336590325358,6.7944453975305805
2025-10-07 15:59:59.343,5.5487104295407335,7.9818975960024545,4.672415564267794,6.7958669284944335
2025-10-07 15:59:59.558,5.549026325310479,7.981107856578092,4.671704798785868,6.795077189070071
2025-10-07 15:59:59.772,5.5487104295407335,7.980870934750783,4.671941720613177,6.795235136954943
2025-10-07 15:59:59.988,5.548552481655861,7.981739648117582,4.671467876958559,6.79531411089738
2025-10-07 16:00:00.203,5.549816064734841,7.981186830520528,4.672652486095103,6.795472058782252
2025-10-07 16:00:00.417,5.550447856274332,7.982371439657072,4.67186274667074,6.79531411089738
2025-10-07 16:00:00.632,5.549105299252915,7.981186830520528,4.673600173404338,6.79657769397636
2025-10-07 16:00:00.844,5.549895038677278,7.981660674175146,4.672020694555613,6.797604355228032
2025-10-07 16:00:01.057,5.549974012619714,7.981186830520528,4.672336590325358,6.797367433400723
2025-10-07 16:00:01.272,5.549737090792405,7.980239143211293,4.673126329749721,6.796340772149051
2025-10-07 16:00:01.485,5.548552481655861,7.981739648117582,4.674231964943829,6.798315120709958
2025-10-07 16:00:01.696,5.5495791429075325,7.980397091096165,4.671783772728304,6.797051537630978
2025-10-07 16:00:01.912,5.55005298656215,7.982766309369254,4.671546850900995,6.797367433400723
2025-10-07 16:00:02.128,5.54942119502266,7.982608361484381,4.671546850900995,6.797446407343159
2025-10-07 16:00:02.339,5.548947351368042,7.981186830520528,4.67186274667074,6.798473068594831
2025-10-07 16:00:02.554,5.549263247137787,7.982134517829763,4.673126329749721,6.797446407343159
2025-10-07 16:00:02.768,5.548947351368042,7.9818975960024545,4.6724945382102305,6.7978412770553405
2025-10-07 16:00:02.979,5.548868377425606,7.982529387541945,4.671704798785868,6.798946912249448
2025-10-07 16:00:03.192,5.548473507713425,7.981660674175146,4.671704798785868,6.797525381285595
2025-10-07 16:00:03.405,5.548947351368042,7.982371439657072,4.674547860713574,6.7987099904221395
2025-10-07 16:00:03.620,5.549105299252915,7.9822134917722,4.673837095231647,6.799657677731375
2025-10-07 16:00:03.832,5.549658116849969,7.982055543887327,4.672573512152667,6.799025886191885
2025-10-07 16:00:04.046,5.55068477810164,7.983398100908744,4.672731460037539,6.798631016479703
2025-10-07 16:00:04.259,5.5495791429075325,7.981976569944891,4.672573512152667,6.79934178196163
2025-10-07 16:00:04.471,5.549816064734841,7.982371439657072,4.673600173404338,6.800921260810355
2025-10-07 16:00:04.684,5.549026325310479,7.982529387541945,4.672573512152667,6.799815625616247
2025-10-07 16:00:04.896,5.54878940348317,7.981423752347837,4.67399504311652,6.799420755904066
2025-10-07 16:00:05.108,5.549184273195351,7.981660674175146,4.674547860713574,6.799578703788939
2025-10-07 16:00:05.321,5.549974012619714,7.982134517829763,4.672415564267794,6.800763312925483
2025-10-07 16:00:05.534,5.549816064734841,7.981581700232709,4.67186274667074,6.79997357350112
2025-10-07 16:00:05.748,5.549974012619714,7.981186830520528,4.6716258248434315,6.800763312925483
2025-10-07 16:00:05.961,5.549658116849969,7.982529387541945,4.67186274667074,6.802500739659081
2025-10-07 16:00:06.172,5.549342221080224,7.983792970620925,4.672257616382922,6.801158182637664
2025-10-07 16:00:06.384,5.548868377425606,7.981265804462964,4.674310938886265,6.8015530523498455
2025-10-07 16:00:06.597,5.549105299252915,7.982134517829763,4.672257616382922,6.8012371565801
2025-10-07 16:00:06.809,5.549184273195351,7.9822134917722,4.672415564267794,6.801632026292282
2025-10-07 16:00:07.021,5.54878940348317,7.982371439657072,4.6724945382102305,6.80336945302588
2025-10-07 16:00:07.233,5.548947351368042,7.982055543887327,4.672257616382922,6.802421765716645
2025-10-07 16:00:07.445,5.549263247137787,7.981818622060018,4.672336590325358,6.801947922062027
2025-10-07 16:00:07.658,5.549658116849969,7.981818622060018,4.672573512152667,6.802026896004463
2025-10-07 16:00:07.871,5.549658116849969,7.981739648117582,4.672415564267794,6.803053557256135
2025-10-07 16:00:08.083,5.549342221080224,7.982608361484381,4.672415564267794,6.802421765716645
2025-10-07 16:00:08.294,5.549658116849969,7.981581700232709,4.672415564267794,6.80336945302588
2025-10-07 16:00:08.507,5.550842725986513,7.9810288826356555,4.674231964943829,6.802895609371262
2025-10-07 16:00:08.719,5.549895038677278,7.981502726290273,4.672968381864848,6.803448426968316
2025-10-07 16:00:08.931,5.549263247137787,7.9822134917722,4.672810433979976,6.804080218507806
2025-10-07 16:00:09.143,5.549342221080224,7.983003231196562,4.673600173404338,6.804712010047297
2025-10-07 16:00:09.355,5.549895038677278,7.981423752347837,4.672652486095103,6.804712010047297
2025-10-07 16:00:09.567,5.549184273195351,7.982766309369254,4.672336590325358,6.805738671298968
2025-10-07 16:00:09.779,5.549184273195351,7.981107856578092,4.672178642440485,6.80463303610486
2025-10-07 16:00:09.992,5.549500168965096,7.9822134917722,4.672178642440485,6.804238166392679
2025-10-07 16:00:10.201,5.549500168965096,7.981660674175146,4.672178642440485,6.804317140335115
2025-10-07 16:00:10.413,5.550921699928949,7.98284528331169,4.6724945382102305,6.8058176452414045
2025-10-07 16:00:10.624,5.550368882331895,7.980634012923474,4.672099668498049,6.804790983989733
2025-10-07 16:00:10.836,5.5495791429075325,7.980870934750783,4.672810433979976,6.807318150147694
2025-10-07 16:00:11.046,5.549737090792405,7.981186830520528,4.6724945382102305,6.807081228320385
2025-10-07 16:00:11.256,5.550210934447023,7.981502726290273,4.673205303692157,6.806607384665767
2025-10-07 16:00:11.468,5.549184273195351,7.982134517829763,4.672573512152667,6.807318150147694
2025-10-07 16:00:11.677,5.549895038677278,7.981107856578092,4.672336590325358,6.806449436780895
2025-10-07 16:00:11.888,5.549895038677278,7.982134517829763,4.673205303692157,6.806528410723331
2025-10-07 16:00:12.100,5.549184273195351,7.981107856578092,4.671941720613177,6.80613354101115
2025-10-07 16:00:12.312,5.549105299252915,7.980949908693219,4.672178642440485,6.8072391762052575
2025-10-07 16:00:12.523,5.548868377425606,7.982371439657072,4.672257616382922,6.806923280435512
2025-10-07 16:00:12.734,5.549342221080224,7.982687335426817,4.672178642440485,6.807476098032566
2025-10-07 16:00:12.946,5.549737090792405,7.982055543887327,4.67399504311652,6.807634045917439
2025-10-07 16:00:13.157,5.5501319605045865,7.9818975960024545,4.672573512152667,6.808581733226674
2025-10-07 16:00:13.370,5.549026325310479,7.980634012923474,4.672810433979976,6.808818655053983
2025-10-07 16:00:13.583,5.550842725986513,7.980555038981038,4.672889407922412,6.808818655053983
2025-10-07 16:00:13.795,5.549816064734841,7.982766309369254,4.674389912828701,6.8086607071691105
2025-10-07 16:00:14.006,5.548868377425606,7.980318117153729,4.673600173404338,6.808423785341802
2025-10-07 16:00:14.217,5.549658116849969,7.982292465714636,4.672415564267794,6.808818655053983
2025-10-07 16:00:14.428,5.548473507713425,7.981581700232709,4.672968381864848,6.8092135247661645
2025-10-07 16:00:14.640,5.548868377425606,7.981423752347837,4.673442225519466,6.80952942053591
2025-10-07 16:00:14.851,5.549342221080224,7.982608361484381,4.674152991001392,6.810950951499763
2025-10-07 16:00:15.063,5.54942119502266,7.981818622060018,4.672178642440485,6.810398133902709
2025-10-07 16:00:15.275,5.549184273195351,7.9810288826356555,4.67336325157703,6.809766342363218
2025-10-07 16:00:15.486,5.5495791429075325,7.98071298686591,4.6724945382102305,6.809687368420782
2025-10-07 16:00:15.697,5.55005298656215,7.982687335426817,4.672889407922412,6.811029925442199
2025-10-07 16:00:15.909,5.549737090792405,7.981344778405401,4.672257616382922,6.811740690924125
2025-10-07 16:00:16.120,5.549737090792405,7.981186830520528,4.672336590325358,6.810714029672454
2025-10-07 16:00:16.331,5.55005298656215,7.982924257254126,4.6724945382102305,6.810477107845145
2025-10-07 16:00:16.543,5.549737090792405,7.982529387541945,4.6724945382102305,6.811740690924125
2025-10-07 16:00:16.754,5.55005298656215,7.98071298686591,4.67462683465601,6.811740690924125
2025-10-07 16:00:16.965,5.549737090792405,7.981660674175146,4.672889407922412,6.81142479515438
2025-10-07 16:00:17.176,5.549263247137787,7.981660674175146,4.675100678310628,6.811819664866562
2025-10-07 16:00:17.387,5.549974012619714,7.9804760650386015,4.672178642440485,6.812767352175797
2025-10-07 16:00:17.599,5.549263247137787,7.981344778405401,4.672968381864848,6.813794013427469
2025-10-07 16:00:17.811,5.549263247137787,7.981739648117582,4.6724945382102305,6.811977612751434
2025-10-07 16:00:18.022,5.550447856274332,7.9833191269663075,4.673679147346775,6.812688378233361
2025-10-07 16:00:18.233,5.549974012619714,7.981502726290273,4.672336590325358,6.813872987369905
2025-10-07 16:00:18.444,5.5501319605045865,7.982371439657072,4.672573512152667,6.813636065542596
2025-10-07 16:00:18.654,5.5495791429075325,7.981423752347837,4.672652486095103,6.813399143715287
2025-10-07 16:00:18.866,5.549895038677278,7.981186830520528,4.672731460037539,6.812451456406052
2025-10-07 16:00:19.076,5.549737090792405,7.983082205138999,4.673521199461902,6.814978622564013
2025-10-07 16:00:19.288,5.5495791429075325,7.982529387541945,4.675021704368191,6.815136570448885
2025-10-07 16:00:19.501,5.549342221080224,7.982766309369254,4.672889407922412,6.813794013427469
2025-10-07 16:00:19.711,5.549500168965096,7.981581700232709,4.672810433979976,6.814030935254777
2025-10-07 16:00:19.923,5.55005298656215,7.9818975960024545,4.675416574080373,6.8157683619883755
2025-10-07 16:00:20.135,5.549816064734841,7.981423752347837,4.672968381864848,6.8157683619883755
2025-10-07 16:00:20.346,5.5495791429075325,7.981265804462964,4.672573512152667,6.815610414103503
2025-10-07 16:00:20.557,5.550210934447023,7.982687335426817,4.672810433979976,6.816084257758121
2025-10-07 16:00:20.768,5.54942119502266,7.983635022736053,4.672731460037539,6.8157683619883755
2025-10-07 16:00:20.979,5.548947351368042,7.981581700232709,4.674863756483319,6.817426814779537
2025-10-07 16:00:21.190,5.549974012619714,7.981818622060018,4.673679147346775,6.814662726794268
2025-10-07 16:00:21.401,5.550605804159204,7.982371439657072,4.672810433979976,6.816163231700557
2025-10-07 16:00:21.612,5.549658116849969,7.980791960808347,4.672810433979976,6.816005283815684
2025-10-07 16:00:21.825,5.549737090792405,7.98071298686591,4.672652486095103,6.815926309873248
2025-10-07 16:00:22.036,5.549658116849969,7.981107856578092,4.674152991001392,6.816873997182483
2025-10-07 16:00:22.248,5.549737090792405,7.981818622060018,4.6724945382102305,6.815847335930812
2025-10-07 16:00:22.459,5.54942119502266,7.9818975960024545,4.673284277634593,6.81695297112492
2025-10-07 16:00:22.669,5.549895038677278,7.982292465714636,4.673126329749721,6.8177427105492825
2025-10-07 16:00:22.881,5.55005298656215,7.9818975960024545,4.672889407922412,6.8171898929522285
2025-10-07 16:00:23.092,5.550289908389459,7.981818622060018,4.673126329749721,6.817110919009792
2025-10-07 16:00:23.303,5.5501319605045865,7.981423752347837,4.673205303692157,6.819243215455572
2025-10-07 16:00:23.515,5.549658116849969,7.983082205138999,4.673126329749721,6.8177427105492825
2025-10-07 16:00:23.726,5.551237595698694,7.982134517829763,4.6739160691740835,6.817663736606846
2025-10-07 16:00:23.938,5.5501319605045865,7.9818975960024545,4.672810433979976,6.818927319685827
2025-10-07 16:00:24.150,5.549500168965096,7.981818622060018,4.673442225519466,6.818295528146336
2025-10-07 16:00:24.361,5.549658116849969,7.9822134917722,4.6752586261955,6.818769371800954
2025-10-07 16:00:24.572,5.550605804159204,7.9810288826356555,4.673521199461902,6.818295528146336
2025-10-07 16:00:24.784,5.550921699928949,7.981818622060018,4.67336325157703,6.8182165542039
2025-10-07 16:00:24.995,5.549658116849969,7.982292465714636,4.673205303692157,6.8191642415131355
2025-10-07 16:00:25.207,5.550210934447023,7.982766309369254,4.6753376001379365,6.820901668246734
2025-10-07 16:00:25.418,5.5495791429075325,7.980791960808347,4.67462683465601,6.819559111225317
2025-10-07 16:00:25.631,5.550368882331895,7.981976569944891,4.672573512152667,6.819085267570699
2025-10-07 16:00:25.842,5.549658116849969,7.981739648117582,4.673284277634593,6.819953980937498
2025-10-07 16:00:26.054,5.55005298656215,7.981976569944891,4.6730473558072845,6.819875006995062
2025-10-07 16:00:26.265,5.550447856274332,7.983950918505798,4.674231964943829,6.820269876707243
2025-10-07 16:00:26.476,5.550210934447023,7.9810288826356555,4.673205303692157,6.821217564016479
2025-10-07 16:00:26.685,5.550210934447023,7.9824504135995085,4.673126329749721,6.820822694304297
2025-10-07 16:00:26.897,5.55068477810164,7.981818622060018,4.673284277634593,6.821217564016479
2025-10-07 16:00:27.108,5.550763752044077,7.981976569944891,4.673442225519466,6.82098064218917
2025-10-07 16:00:27.319,5.549737090792405,7.981818622060018,4.673521199461902,6.82161243372866
2025-10-07 16:00:27.531,5.54942119502266,7.981581700232709,4.673600173404338,6.8214544858437876
2025-10-07 16:00:27.742,5.551237595698694,7.980634012923474,4.672889407922412,6.823112938634949
2025-10-07 16:00:27.954,5.549895038677278,7.981502726290273,4.672968381864848,6.822086277383278
2025-10-07 16:00:28.166,5.5495791429075325,7.980791960808347,4.6730473558072845,6.82224422526815
2025-10-07 16:00:28.377,5.549895038677278,7.981976569944891,4.674074017058956,6.823665756232003
2025-10-07 16:00:28.588,5.549974012619714,7.982134517829763,4.673205303692157,6.822718068922768
2025-10-07 16:00:28.801,5.551158621756258,7.980555038981038,4.67399504311652,6.822323199210587
2025-10-07 16:00:29.013,5.550368882331895,7.981265804462964,4.672968381864848,6.825166261138293
2025-10-07 16:00:29.224,5.549737090792405,7.981976569944891,4.673442225519466,6.822560121037895
2025-10-07 16:00:29.436,5.549658116849969,7.981660674175146,4.674942730425755,6.823665756232003
2025-10-07 16:00:29.648,5.5501319605045865,7.981107856578092,4.6739160691740835,6.823033964692513
2025-10-07 16:00:29.859,5.549737090792405,7.982055543887327,4.674942730425755,6.824534469598802
2025-10-07 16:00:30.071,5.550289908389459,7.981107856578092,4.6730473558072845,6.825166261138293
2025-10-07 16:00:30.282,5.549974012619714,7.981660674175146,4.673758121289211,6.823902678059312
2025-10-07 16:00:30.494,5.551079647813822,7.981502726290273,4.673126329749721,6.824692417483675
2025-10-07 16:00:30.707,5.550763752044077,7.9824504135995085,4.673837095231647,6.824771391426111
2025-10-07 16:00:30.919,5.5510006738713855,7.981581700232709,4.67336325157703,6.825245235080729
2025-10-07 16:00:31.132,5.549816064734841,7.981344778405401,4.675495548022809,6.825245235080729
2025-10-07 16:00:31.344,5.55005298656215,7.981423752347837,4.673837095231647,6.824929339310984
2025-10-07 16:00:31.555,5.550763752044077,7.982371439657072,4.674863756483319,6.825324209023165
2025-10-07 16:00:31.766,5.551079647813822,7.981186830520528,4.674784782540883,6.825245235080729
2025-10-07 16:00:31.977,5.55005298656215,7.981423752347837,4.674231964943829,6.826034974505092
2025-10-07 16:00:32.190,5.550210934447023,7.982134517829763,4.673284277634593,6.827219583641636
2025-10-07 16:00:32.401,5.5501319605045865,7.981660674175146,4.672968381864848,6.825877026620219
2025-10-07 16:00:32.613,5.5495791429075325,7.982292465714636,4.673284277634593,6.828009323065999
2025-10-07 16:00:32.824,5.550289908389459,7.981739648117582,4.673521199461902,6.826666766044582
2025-10-07 16:00:33.033,5.5501319605045865,7.981107856578092,4.674310938886265,6.826903687871891
2025-10-07 16:00:33.243,5.550605804159204,7.981818622060018,4.672968381864848,6.826982661814327
2025-10-07 16:00:33.453,5.55005298656215,7.981344778405401,4.675021704368191,6.828957010375234
2025-10-07 16:00:33.663,5.550210934447023,7.981423752347837,4.673521199461902,6.827219583641636
2025-10-07 16:00:33.874,5.550526830216768,7.98071298686591,4.672968381864848,6.828088297008435
2025-10-07 16:00:34.084,5.550368882331895,7.981660674175146,4.67336325157703,6.827377531526508
2025-10-07 16:00:34.294,5.549895038677278,7.9818975960024545,4.6739160691740835,6.828799062490361
2025-10-07 16:00:34.504,5.551158621756258,7.981502726290273,4.672968381864848,6.828720088547925
2025-10-07 16:00:34.714,5.550210934447023,7.981581700232709,4.675811443792554,6.828799062490361
2025-10-07 16:00:34.924,5.550368882331895,7.981423752347837,4.673600173404338,6.8282462448933074
2025-10-07 16:00:35.134,5.551158621756258,7.9810288826356555,4.6739160691740835,6.82840419277818
2025-10-07 16:00:35.345,5.549658116849969,7.981739648117582,4.674784782540883,6.828720088547925
2025-10-07 16:00:35.555,5.549974012619714,7.9822134917722,4.6752586261955,6.829825723742033
2025-10-07 16:00:35.764,5.5501319605045865,7.982134517829763,4.673521199461902,6.828957010375234
2025-10-07 16:00:35.974,5.550210934447023,7.982529387541945,4.6753376001379365,6.830694437108832
2025-10-07 16:00:36.184,5.5510006738713855,7.982371439657072,4.675574521965245,6.830220593454214
2025-10-07 16:00:36.394,5.5501319605045865,7.981660674175146,4.6758904177349905,6.830141619511778
2025-10-07 16:00:36.603,5.550210934447023,7.982766309369254,4.67336325157703,6.830694437108832
2025-10-07 16:00:36.814,5.5501319605045865,7.980949908693219,4.67336325157703,6.832194942015121
2025-10-07 16:00:37.023,5.550368882331895,7.981739648117582,4.6739160691740835,6.830615463166396
2025-10-07 16:00:37.234,5.5501319605045865,7.982687335426817,4.67399504311652,6.8305364892239595
2025-10-07 16:00:37.444,5.549974012619714,7.982924257254126,4.673521199461902,6.830694437108832
2025-10-07 16:00:37.654,5.550763752044077,7.9822134917722,4.674389912828701,6.831247254705886
2025-10-07 16:00:37.864,5.550289908389459,7.981502726290273,4.674074017058956,6.831326228648322
2025-10-07 16:00:38.074,5.55005298656215,7.980949908693219,4.674074017058956,6.832036994130249
2025-10-07 16:00:38.284,5.551395543583567,7.981739648117582,4.6739160691740835,6.831879046245376
2025-10-07 16:00:38.494,5.549895038677278,7.981344778405401,4.673205303692157,6.831721098360504
2025-10-07 16:00:38.703,5.55005298656215,7.981344778405401,4.673521199461902,6.83243186384243
2025-10-07 16:00:38.913,5.55068477810164,7.981976569944891,4.673758121289211,6.8333795511516655
2025-10-07 16:00:39.123,5.550210934447023,7.9818975960024545,4.674152991001392,6.833537499036538
2025-10-07 16:00:39.333,5.551237595698694,7.981660674175146,4.673758121289211,6.833300577209229
2025-10-07 16:00:39.543,5.549895038677278,7.981265804462964,4.6739160691740835,6.8325108377848665
2025-10-07 16:00:39.752,5.549737090792405,7.981186830520528,4.675179652253064,6.833853394806283
2025-10-07 16:00:39.962,5.550605804159204,7.982292465714636,4.675416574080373,6.832984681439484
2025-10-07 16:00:40.172,5.549974012619714,7.981186830520528,4.673521199461902,6.833616472978974
2025-10-07 16:00:40.382,5.550368882331895,7.983240153023871,4.673600173404338,6.833853394806283
2025-10-07 16:00:40.592,5.549737090792405,7.9818975960024545,4.6730473558072845,6.834327238460901
2025-10-07 16:00:40.802,5.550763752044077,7.980949908693219,4.673521199461902,6.834090316633592
2025-10-07 16:00:41.015,5.55068477810164,7.981976569944891,4.675179652253064,6.834722108173082
2025-10-07 16:00:41.226,5.5501319605045865,7.982292465714636,4.674389912828701,6.834248264518465
2025-10-07 16:00:41.439,5.55005298656215,7.981660674175146,4.673600173404338,6.834959030000391
2025-10-07 16:00:41.653,5.550526830216768,7.982529387541945,4.6758904177349905,6.837012352503734
2025-10-07 16:00:41.863,5.550605804159204,7.981344778405401,4.673758121289211,6.8351959518277
2025-10-07 16:00:42.073,5.551158621756258,7.982371439657072,4.675969391677427,6.837486196158352
2025-10-07 16:00:42.284,5.5501319605045865,7.982055543887327,4.673758121289211,6.835590821539881
2025-10-07 16:00:42.495,5.550210934447023,7.981423752347837,4.674310938886265,6.837328248273479
2025-10-07 16:00:42.706,5.551316569641131,7.982292465714636,4.67399504311652,6.836617482791553
2025-10-07 16:00:42.916,5.5501319605045865,7.980949908693219,4.674152991001392,6.836854404618862
2025-10-07 16:00:43.126,5.550526830216768,7.981344778405401,4.674547860713574,6.835906717309626
2025-10-07 16:00:43.339,5.549816064734841,7.982608361484381,4.674705808598446,6.838275935582715
2025-10-07 16:00:43.549,5.549895038677278,7.981186830520528,4.674310938886265,6.836696456733989
2025-10-07 16:00:43.759,5.549895038677278,7.982371439657072,4.675416574080373,6.838749779237332
2025-10-07 16:00:43.969,5.5501319605045865,7.982134517829763,4.674310938886265,6.837565170100788
2025-10-07 16:00:44.179,5.549974012619714,7.9822134917722,4.674152991001392,6.837328248273479
2025-10-07 16:00:44.389,5.549974012619714,7.9804760650386015,4.673600173404338,6.837328248273479
2025-10-07 16:00:44.598,5.550921699928949,7.982134517829763,4.673521199461902,6.837881065870533
2025-10-07 16:00:44.809,5.550763752044077,7.981818622060018,4.674152991001392,6.8376441440432245
2025-10-07 16:00:45.018,5.550921699928949,7.9818975960024545,4.674784782540883,6.838670805294896
2025-10-07 16:00:45.228,5.5510006738713855,7.98071298686591,4.674074017058956,6.839381570776823
2025-10-07 16:00:45.439,5.551079647813822,7.982134517829763,4.674310938886265,6.838275935582715
2025-10-07 16:00:45.649,5.550921699928949,7.981660674175146,4.673521199461902,6.838275935582715
2025-10-07 16:00:45.859,5.551237595698694,7.981344778405401,4.674547860713574,6.839539518661695
2025-10-07 16:00:46.069,5.552027335123057,7.981660674175146,4.674389912828701,6.840329258086058
2025-10-07 16:00:46.279,5.550368882331895,7.982371439657072,4.676522209274481,6.83985541443144
2025-10-07 16:00:46.488,5.550763752044077,7.981265804462964,4.674389912828701,6.839460544719259
2025-10-07 16:00:46.699,5.550368882331895,7.981818622060018,4.674231964943829,6.83985541443144
2025-10-07 16:00:46.909,5.551237595698694,7.983556048793616,4.67399504311652,6.8410400235679845
2025-10-07 16:00:47.118,5.550368882331895,7.9810288826356555,4.675416574080373,6.8404872059709305
2025-10-07 16:00:47.328,5.550210934447023,7.980634012923474,4.674310938886265,6.840961049625548
2025-10-07 16:00:47.538,5.551395543583567,7.982134517829763,4.673758121289211,6.841276945395293
2025-10-07 16:00:47.751,5.550842725986513,7.982134517829763,4.676996052929098,6.842224632704529
2025-10-07 16:00:47.960,5.550921699928949,7.981265804462964,4.674074017058956,6.841197971452857
2025-10-07 16:00:48.170,5.550842725986513,7.981660674175146,4.674310938886265,6.841118997510421
2025-10-07 16:00:48.383,5.5510006738713855,7.981265804462964,4.673837095231647,6.841118997510421
2025-10-07 16:00:48.593,5.550763752044077,7.982292465714636,4.675969391677427,6.842145658762092
2025-10-07 16:00:48.804,5.550921699928949,7.982924257254126,4.674152991001392,6.841671815107475
2025-10-07 16:00:49.014,5.550447856274332,7.981423752347837,4.674310938886265,6.842066684819656
2025-10-07 16:00:49.225,5.55068477810164,7.9824504135995085,4.674863756483319,6.841829762992347
2025-10-07 16:00:49.435,5.550605804159204,7.981976569944891,4.673758121289211,6.8433302678986365
2025-10-07 16:00:49.647,5.550605804159204,7.981739648117582,4.6739160691740835,6.842856424244019
2025-10-07 16:00:49.857,5.550526830216768,7.981265804462964,4.675416574080373,6.843804111553254
2025-10-07 16:00:50.067,5.551237595698694,7.981739648117582,4.674074017058956,6.843172320013764
2025-10-07 16:00:50.278,5.551395543583567,7.981581700232709,4.674389912828701,6.843567189725945
2025-10-07 16:00:50.489,5.550526830216768,7.981265804462964,4.673600173404338,6.844830772804926
2025-10-07 16:00:50.700,5.550605804159204,7.9818975960024545,4.674389912828701,6.844198981265436
2025-10-07 16:00:50.910,5.550447856274332,7.981739648117582,4.674231964943829,6.843567189725945
2025-10-07 16:00:51.120,5.550763752044077,7.9824504135995085,4.6744688867711375,6.844593850977617
2025-10-07 16:00:51.330,5.5510006738713855,7.9822134917722,4.6744688867711375,6.844277955207872
2025-10-07 16:00:51.540,5.551948361180621,7.982055543887327,4.676601183216917,6.8461733298263425
2025-10-07 16:00:51.750,5.550842725986513,7.982134517829763,4.676680157159353,6.845462564344416
2025-10-07 16:00:51.959,5.550526830216768,7.981660674175146,4.674310938886265,6.845225642517107
2025-10-07 16:00:52.169,5.550921699928949,7.981265804462964,4.674152991001392,6.846410251653651
2025-10-07 16:00:52.379,5.551079647813822,7.9818975960024545,4.676206313504736,6.845857434056597
2025-10-07 16:00:52.588,5.550526830216768,7.981423752347837,4.6767591311017895,6.84601538194147
2025-10-07 16:00:52.798,5.5515534914684395,7.980949908693219,4.674784782540883,6.846094355883906
2025-10-07 16:00:53.008,5.55068477810164,7.981186830520528,4.674231964943829,6.845778460114161
2025-10-07 16:00:53.218,5.550842725986513,7.981502726290273,4.675100678310628,6.8461733298263425
2025-10-07 16:00:53.428,5.551474517526003,7.982687335426817,4.674310938886265,6.846252303768779
2025-10-07 16:00:53.637,5.550763752044077,7.982371439657072,4.674231964943829,6.848384600214558
2025-10-07 16:00:53.849,5.550842725986513,7.982687335426817,4.673679147346775,6.847121017135578
2025-10-07 16:00:54.058,5.550605804159204,7.981660674175146,4.674942730425755,6.847910756559941
2025-10-07 16:00:54.268,5.551474517526003,7.982134517829763,4.674152991001392,6.847357938962887
2025-10-07 16:00:54.478,5.551316569641131,7.981265804462964,4.676285287447172,6.848858443869176
2025-10-07 16:00:54.691,5.550605804159204,7.983161179081435,4.676522209274481,6.847673834732632
2025-10-07 16:00:54.901,5.551948361180621,7.982134517829763,4.676443235332044,6.847752808675068
2025-10-07 16:00:55.119,5.550605804159204,7.980870934750783,4.675969391677427,6.848305626272122
2025-10-07 16:00:55.331,5.551474517526003,7.981976569944891,4.673679147346775,6.848068704444813
2025-10-07 16:00:55.543,5.551158621756258,7.9822134917722,4.674231964943829,6.848858443869176
2025-10-07 16:00:55.755,5.551079647813822,7.981660674175146,4.676127339562299,6.84877946992674
2025-10-07 16:00:55.969,5.551158621756258,7.981265804462964,4.673758121289211,6.848621522041867
2025-10-07 16:00:56.180,5.5510006738713855,7.9822134917722,4.674705808598446,6.849174339638921
2025-10-07 16:00:56.394,5.55068477810164,7.981502726290273,4.676838105044226,6.849806131178411
2025-10-07 16:00:56.606,5.552343230892802,7.982134517829763,4.675021704368191,6.849490235408666
2025-10-07 16:00:56.818,5.551316569641131,7.982055543887327,4.67399504311652,6.850201000890593
2025-10-07 16:00:57.031,5.55068477810164,7.981976569944891,4.674942730425755,6.851069714257392
2025-10-07 16:00:57.242,5.55068477810164,7.981818622060018,4.676443235332044,6.849964079063284
2025-10-07 16:00:57.454,5.551474517526003,7.980870934750783,4.6739160691740835,6.8504379227179015
2025-10-07 16:00:57.666,5.550842725986513,7.98284528331169,4.674310938886265,6.851306636084701
2025-10-07 16:00:57.877,5.552106309065493,7.980870934750783,4.674705808598446,6.851385610027137
2025-10-07 16:00:58.089,5.550289908389459,7.981818622060018,4.674942730425755,6.850911766372519
2025-10-07 16:00:58.301,5.550842725986513,7.981976569944891,4.676443235332044,6.851780479739318
2025-10-07 16:00:58.512,5.551079647813822,7.981502726290273,4.674547860713574,6.851780479739318
2025-10-07 16:00:58.723,5.551237595698694,7.980791960808347,4.674389912828701,6.8509907403149555
2025-10-07 16:00:58.934,5.550763752044077,7.981739648117582,4.674547860713574,6.851701505796882
2025-10-07 16:00:59.147,5.551158621756258,7.982055543887327,4.674310938886265,6.851543557912009
2025-10-07 16:00:59.359,5.5510006738713855,7.981265804462964,4.676680157159353,6.852333297336372
2025-10-07 16:00:59.571,5.551237595698694,7.982371439657072,4.676048365619863,6.852254323393936
2025-10-07 16:00:59.782,5.551237595698694,7.982055543887327,4.675811443792554,6.8524122712788085
2025-10-07 16:00:59.994,5.550763752044077,7.982529387541945,4.674705808598446,6.853202010703171
2025-10-07 16:01:00.208,5.552264256950366,7.980949908693219,4.674074017058956,6.853202010703171
2025-10-07 16:01:00.421,5.551237595698694,7.983240153023871,4.6744688867711375,6.85557122897626
2025-10-07 16:01:00.634,5.550921699928949,7.982766309369254,4.674231964943829,6.85557122897626
2025-10-07 16:01:00.847,5.551395543583567,7.98284528331169,4.676443235332044,6.853044062818299
2025-10-07 16:01:01.058,5.551158621756258,7.9818975960024545,4.674942730425755,6.8538338022426615
2025-10-07 16:01:01.270,5.550842725986513,7.982371439657072,4.6739160691740835,6.8552553332065145
2025-10-07 16:01:01.482,5.551316569641131,7.982608361484381,4.674074017058956,6.855334307148951
2025-10-07 16:01:01.691,5.551237595698694,7.980318117153729,4.6753376001379365,6.854228671954843
2025-10-07 16:01:01.903,5.5510006738713855,7.981739648117582,4.6744688867711375,6.8561240465733135
2025-10-07 16:01:02.115,5.551948361180621,7.980870934750783,4.674705808598446,6.85620302051575
2025-10-07 16:01:02.328,5.551711439353312,7.981502726290273,4.674152991001392,6.856439942343059
2025-10-07 16:01:02.539,5.551711439353312,7.981739648117582,4.674389912828701,6.856045072630877
2025-10-07 16:01:02.752,5.55218528300793,7.983082205138999,4.673837095231647,6.855334307148951
2025-10-07 16:01:02.964,5.551948361180621,7.982134517829763,4.675021704368191,6.8552553332065145
2025-10-07 16:01:03.177,5.551395543583567,7.981976569944891,4.675179652253064,6.856755838112804
2025-10-07 16:01:03.386,5.551237595698694,7.982529387541945,4.6744688867711375,6.855808150803568
2025-10-07 16:01:03.599,5.551474517526003,7.982529387541945,4.674152991001392,6.85683481205524
2025-10-07 16:01:03.811,5.551079647813822,7.981502726290273,4.674863756483319,6.856439942343059
2025-10-07 16:01:04.023,5.551395543583567,7.981502726290273,4.675100678310628,6.856597890227931
2025-10-07 16:01:04.235,5.550605804159204,7.981423752347837,4.67462683465601,6.856913785997676
2025-10-07 16:01:04.446,5.550921699928949,7.982608361484381,4.675495548022809,6.856992759940113
2025-10-07 16:01:04.659,5.5515534914684395,7.981660674175146,4.674389912828701,6.858019421191784
2025-10-07 16:01:04.871,5.552027335123057,7.982055543887327,4.675179652253064,6.8575455775371665
2025-10-07 16:01:05.082,5.551237595698694,7.981423752347837,4.675021704368191,6.857782499364475
2025-10-07 16:01:05.294,5.55068477810164,7.981265804462964,4.674863756483319,6.85959890004051
2025-10-07 16:01:05.506,5.551474517526003,7.980949908693219,4.676917078986662,6.8580983951342205
2025-10-07 16:01:05.718,5.551711439353312,7.980949908693219,4.676443235332044,6.858888134558583
2025-10-07 16:01:05.930,5.551395543583567,7.980949908693219,4.67399504311652,6.858335316961529
2025-10-07 16:01:06.141,5.5515534914684395,7.981186830520528,4.674863756483319,6.859361978213201
2025-10-07 16:01:06.353,5.551079647813822,7.982687335426817,4.674705808598446,6.859283004270765
2025-10-07 16:01:06.565,5.5515534914684395,7.981818622060018,4.674784782540883,6.859283004270765
2025-10-07 16:01:06.777,5.551869387238185,7.983082205138999,4.674784782540883,6.861178378889235
2025-10-07 16:01:06.988,5.5515534914684395,7.981423752347837,4.674863756483319,6.859204030328328
2025-10-07 16:01:07.200,5.5510006738713855,7.982134517829763,4.674863756483319,6.86023069158
2025-10-07 16:01:07.412,5.551869387238185,7.981107856578092,4.674863756483319,6.859361978213201
2025-10-07 16:01:07.623,5.552106309065493,7.981660674175146,4.674389912828701,6.859993769752691
2025-10-07 16:01:07.835,5.551079647813822,7.981186830520528,4.674784782540883,6.8603886394648725
2025-10-07 16:01:08.046,5.5510006738713855,7.981186830520528,4.6744688867711375,6.860151717637564
2025-10-07 16:01:08.258,5.551474517526003,7.982766309369254,4.676285287447172,6.861178378889235
2025-10-07 16:01:08.470,5.551079647813822,7.981186830520528,4.674389912828701,6.860704535234618
2025-10-07 16:01:08.681,5.552580152720111,7.982292465714636,4.675179652253064,6.862441961968216
2025-10-07 16:01:08.893,5.552501178777675,7.981423752347837,4.675653495907682,6.861415300716544
2025-10-07 16:01:09.105,5.552501178777675,7.981818622060018,4.675416574080373,6.861968118313598
2025-10-07 16:01:09.317,5.5515534914684395,7.9818975960024545,4.674310938886265,6.861889144371162
2025-10-07 16:01:09.528,5.551395543583567,7.981660674175146,4.674863756483319,6.863073753507706
2025-10-07 16:01:09.738,5.551711439353312,7.982292465714636,4.677706818411025,6.8623629880257795
2025-10-07 16:01:09.949,5.551316569641131,7.9810288826356555,4.674863756483319,6.862284014083343
2025-10-07 16:01:10.160,5.551316569641131,7.980239143211293,4.676364261389608,6.862441961968216
2025-10-07 16:01:10.371,5.551237595698694,7.981818622060018,4.675179652253064,6.862520935910652
2025-10-07 16:01:10.582,5.551632465410876,7.9818975960024545,4.675179652253064,6.862599909853088
2025-10-07 16:01:10.794,5.5515534914684395,7.982687335426817,4.674863756483319,6.863468623219887
2025-10-07 16:01:11.005,5.550921699928949,7.981265804462964,4.675179652253064,6.862915805622833
2025-10-07 16:01:11.216,5.5515534914684395,7.982134517829763,4.674942730425755,6.864179388701814
2025-10-07 16:01:11.427,5.551948361180621,7.9824504135995085,4.674863756483319,6.8637845189896325
2025-10-07 16:01:11.638,5.551237595698694,7.982055543887327,4.67462683465601,6.86425836264425
2025-10-07 16:01:11.850,5.551869387238185,7.981344778405401,4.674942730425755,6.864179388701814
2025-10-07 16:01:12.061,5.551474517526003,7.98071298686591,4.67462683465601,6.865442971780794
2025-10-07 16:01:12.272,5.551395543583567,7.982055543887327,4.676838105044226,6.864574258413995
2025-10-07 16:01:12.484,5.5515534914684395,7.9824504135995085,4.674942730425755,6.864495284471559
2025-10-07 16:01:12.696,5.551711439353312,7.981739648117582,4.675179652253064,6.8652060499534855
2025-10-07 16:01:12.907,5.5515534914684395,7.981739648117582,4.674863756483319,6.86489015418374
2025-10-07 16:01:13.118,5.551711439353312,7.981344778405401,4.6752586261955,6.865127076011049
2025-10-07 16:01:13.330,5.551790413295748,7.98284528331169,4.674705808598446,6.865679893608103
2025-10-07 16:01:13.540,5.551079647813822,7.981739648117582,4.675021704368191,6.865995789377848
2025-10-07 16:01:13.753,5.551158621756258,7.981660674175146,4.674863756483319,6.866153737262721
2025-10-07 16:01:13.964,5.552264256950366,7.981660674175146,4.6752586261955,6.865363997838358
2025-10-07 16:01:14.175,5.551474517526003,7.982134517829763,4.675416574080373,6.866864502744647
2025-10-07 16:01:14.386,5.551632465410876,7.982134517829763,4.677469896583716,6.866469633032466
2025-10-07 16:01:14.597,5.5510006738713855,7.981581700232709,4.675021704368191,6.866469633032466
2025-10-07 16:01:14.809,5.551711439353312,7.982134517829763,4.676522209274481,6.8666275809173385
2025-10-07 16:01:15.020,5.551632465410876,7.981107856578092,4.675100678310628,6.866864502744647
2025-10-07 16:01:15.232,5.5524222048352385,7.981502726290273,4.674784782540883,6.867259372456829
2025-10-07 16:01:15.443,5.551711439353312,7.981265804462964,4.674863756483319,6.866864502744647
2025-10-07 16:01:15.654,5.552501178777675,7.98284528331169,4.6752586261955,6.869233721017736
2025-10-07 16:01:15.866,5.551711439353312,7.981660674175146,4.675574521965245,6.868128085823628
2025-10-07 16:01:16.077,5.5515534914684395,7.982055543887327,4.677469896583716,6.8680491118811915
2025-10-07 16:01:16.288,5.55218528300793,7.981739648117582,4.675574521965245,6.867891163996319
2025-10-07 16:01:16.499,5.5529750224322925,7.981976569944891,4.677232974756407,6.868996799190427
2025-10-07 16:01:16.710,5.551079647813822,7.981739648117582,4.676443235332044,6.868996799190427
2025-10-07 16:01:16.920,5.551395543583567,7.982292465714636,4.6753376001379365,6.869707564672353
2025-10-07 16:01:17.132,5.551948361180621,7.982529387541945,4.67462683465601,6.870497304096716
2025-10-07 16:01:17.343,5.551790413295748,7.981265804462964,4.674547860713574,6.870102434384535
2025-10-07 16:01:17.554,5.552738100604984,7.980949908693219,4.67462683465601,6.869233721017736
2025-10-07 16:01:17.765,5.552027335123057,7.981423752347837,4.6773119486988435,6.8694706428450445
2025-10-07 16:01:17.977,5.5515534914684395,7.981660674175146,4.674863756483319,6.869944486499662
2025-10-07 16:01:18.189,5.552659126662547,7.982529387541945,4.67462683465601,6.869707564672353
2025-10-07 16:01:18.401,5.551869387238185,7.981581700232709,4.675179652253064,6.870023460442098
2025-10-07 16:01:18.614,5.5524222048352385,7.981344778405401,4.675416574080373,6.870655251981589
2025-10-07 16:01:18.825,5.551632465410876,7.981107856578092,4.677706818411025,6.870655251981589
2025-10-07 16:01:19.036,5.552027335123057,7.9824504135995085,4.675416574080373,6.870734225924025
2025-10-07 16:01:19.247,5.55218528300793,7.980949908693219,4.675574521965245,6.870576278039152
2025-10-07 16:01:19.459,5.551474517526003,7.982608361484381,4.674705808598446,6.873103444197113
2025-10-07 16:01:19.671,5.551474517526003,7.9818975960024545,4.6753376001379365,6.871366017463515
2025-10-07 16:01:19.882,5.551869387238185,7.9833191269663075,4.6753376001379365,6.871997809003005
2025-10-07 16:01:20.093,5.552264256950366,7.981186830520528,4.674705808598446,6.8717608871756966
2025-10-07 16:01:20.304,5.552501178777675,7.981976569944891,4.675416574080373,6.872076782945442
2025-10-07 16:01:20.517,5.552106309065493,7.981818622060018,4.674705808598446,6.873893183621476
2025-10-07 16:01:20.730,5.553527840029346,7.982134517829763,4.675021704368191,6.8737352357366035
2025-10-07 16:01:20.941,5.55218528300793,7.98347707485118,4.675416574080373,6.8731824181395496
2025-10-07 16:01:21.153,5.551869387238185,7.982292465714636,4.676522209274481,6.874367027276094
2025-10-07 16:01:21.365,5.551711439353312,7.981502726290273,4.675179652253064,6.8737352357366035
2025-10-07 16:01:21.577,5.551869387238185,7.982292465714636,4.675495548022809,6.874367027276094
2025-10-07 16:01:21.788,5.552580152720111,7.982608361484381,4.675021704368191,6.873261392081986
2025-10-07 16:01:21.999,5.552027335123057,7.981107856578092,4.675495548022809,6.874051131506349
2025-10-07 16:01:22.211,5.55218528300793,7.983161179081435,4.675416574080373,6.873656261794167
2025-10-07 16:01:22.422,5.551948361180621,7.980949908693219,4.676048365619863,6.874367027276094
2025-10-07 16:01:22.634,5.55218528300793,7.981739648117582,4.675574521965245,6.874603949103403
2025-10-07 16:01:22.845,5.55218528300793,7.981739648117582,4.675495548022809,6.87444600121853
2025-10-07 16:01:23.056,5.55218528300793,7.980870934750783,4.674863756483319,6.876262401894564
2025-10-07 16:01:23.268,5.552027335123057,7.9810288826356555,4.6758904177349905,6.87444600121853
2025-10-07 16:01:23.479,5.552027335123057,7.9818975960024545,4.676917078986662,6.875472662470202
2025-10-07 16:01:23.691,5.552264256950366,7.982371439657072,4.677548870526152,6.8771311152613634
2025-10-07 16:01:23.901,5.551948361180621,7.9818975960024545,4.6767591311017895,6.875867532182383
2025-10-07 16:01:24.114,5.552264256950366,7.981976569944891,4.675732469850118,6.876104454009692
2025-10-07 16:01:24.324,5.552738100604984,7.9818975960024545,4.677785792353461,6.877447011031109
2025-10-07 16:01:24.535,5.552264256950366,7.980397091096165,4.675732469850118,6.8779998286281625
2025-10-07 16:01:24.746,5.552264256950366,7.980949908693219,4.675811443792554,6.8765782976643095
2025-10-07 16:01:24.957,5.552264256950366,7.98284528331169,4.675179652253064,6.8765782976643095
2025-10-07 16:01:25.168,5.551790413295748,7.9810288826356555,4.6758904177349905,6.876262401894564
2025-10-07 16:01:25.380,5.5524222048352385,7.982292465714636,4.676048365619863,6.877525984973545
2025-10-07 16:01:25.592,5.553053996374729,7.9810288826356555,4.675811443792554,6.876973167376491
2025-10-07 16:01:25.803,5.552106309065493,7.981107856578092,4.677785792353461,6.87784188074329
2025-10-07 16:01:26.014,5.553053996374729,7.981265804462964,4.675100678310628,6.879184437764707
2025-10-07 16:01:26.226,5.551632465410876,7.980949908693219,4.674942730425755,6.879263411707143
2025-10-07 16:01:26.437,5.553290918202038,7.982055543887327,4.674705808598446,6.878157776513035
2025-10-07 16:01:26.648,5.551632465410876,7.982055543887327,4.67739092264128,6.878236750455471
2025-10-07 16:01:26.859,5.552343230892802,7.982055543887327,4.675811443792554,6.879263411707143
2025-10-07 16:01:27.071,5.552106309065493,7.983240153023871,4.675574521965245,6.8794213595920155
2025-10-07 16:01:27.283,5.552264256950366,7.981502726290273,4.677864766295897,6.879026489879834
2025-10-07 16:01:27.495,5.551948361180621,7.981660674175146,4.675416574080373,6.879342385649579
2025-10-07 16:01:27.706,5.553132970317165,7.9818975960024545,4.675416574080373,6.8799741771890695
2025-10-07 16:01:27.917,5.552501178777675,7.9810288826356555,4.675732469850118,6.880369046901251
2025-10-07 16:01:28.128,5.553290918202038,7.982687335426817,4.675021704368191,6.880684942670996
2025-10-07 16:01:28.340,5.552738100604984,7.981344778405401,4.676127339562299,6.880369046901251
2025-10-07 16:01:28.551,5.552896048489856,7.982292465714636,4.675732469850118,6.88060596872856
2025-10-07 16:01:28.763,5.551948361180621,7.981739648117582,4.675969391677427,6.882343395462158
2025-10-07 16:01:28.973,5.5524222048352385,7.982134517829763,4.6758904177349905,6.880211099016378
2025-10-07 16:01:29.184,5.552580152720111,7.982371439657072,4.675574521965245,6.8808428905558685
2025-10-07 16:01:29.396,5.552896048489856,7.980634012923474,4.675495548022809,6.880448020843687
2025-10-07 16:01:29.608,5.551790413295748,7.982134517829763,4.675495548022809,6.881000838440741
2025-10-07 16:01:29.819,5.552659126662547,7.982529387541945,4.6753376001379365,6.882185447577285
2025-10-07 16:01:30.031,5.5524222048352385,7.981818622060018,4.677706818411025,6.881553656037795
2025-10-07 16:01:30.242,5.5524222048352385,7.9818975960024545,4.678101688123206,6.882185447577285
2025-10-07 16:01:30.454,5.552659126662547,7.981107856578092,4.6758904177349905,6.882738265174339
2025-10-07 16:01:30.666,5.552580152720111,7.983003231196562,4.675416574080373,6.881948525749976
2025-10-07 16:01:30.877,5.553369892144474,7.9822134917722,4.676127339562299,6.88250134334703
2025-10-07 16:01:31.089,5.553053996374729,7.983082205138999,4.675574521965245,6.882738265174339
2025-10-07 16:01:31.302,5.5529750224322925,7.9818975960024545,4.675574521965245,6.8828172391167755
2025-10-07 16:01:31.513,5.552343230892802,7.983003231196562,4.67739092264128,6.884080822195756
2025-10-07 16:01:31.725,5.552659126662547,7.981186830520528,4.675969391677427,6.882975187001648
2025-10-07 16:01:31.936,5.553132970317165,7.981186830520528,4.678101688123206,6.884396717965501
2025-10-07 16:01:32.147,5.552027335123057,7.983161179081435,4.677154000813971,6.883922874310883
2025-10-07 16:01:32.359,5.552659126662547,7.981739648117582,4.676285287447172,6.883922874310883
2025-10-07 16:01:32.571,5.552343230892802,7.982766309369254,4.677154000813971,6.884396717965501
2025-10-07 16:01:32.782,5.551790413295748,7.982134517829763,4.675732469850118,6.884396717965501
2025-10-07 16:01:32.994,5.553922709741528,7.981186830520528,4.676048365619863,6.88463363979281
2025-10-07 16:01:33.205,5.553685787914219,7.980791960808347,4.675653495907682,6.884554665850374
2025-10-07 16:01:33.417,5.551790413295748,7.982687335426817,4.676522209274481,6.885186457389864
2025-10-07 16:01:33.630,5.552343230892802,7.9818975960024545,4.6773119486988435,6.885502353159609
2025-10-07 16:01:33.841,5.552343230892802,7.981423752347837,4.677627844468589,6.885028509504991
2025-10-07 16:01:34.051,5.552027335123057,7.9818975960024545,4.676048365619863,6.886450040468844
2025-10-07 16:01:34.262,5.552343230892802,7.981107856578092,4.675811443792554,6.885739274986918
2025-10-07 16:01:34.474,5.553053996374729,7.981739648117582,4.675495548022809,6.886055170756663
2025-10-07 16:01:34.685,5.553527840029346,7.981739648117582,4.675653495907682,6.887476701720516
2025-10-07 16:01:34.897,5.552580152720111,7.9810288826356555,4.675495548022809,6.88802951931757
2025-10-07 16:01:35.108,5.552501178777675,7.980634012923474,4.677706818411025,6.886134144699099
2025-10-07 16:01:35.320,5.552343230892802,7.981186830520528,4.675811443792554,6.886844910181026
2025-10-07 16:01:35.533,5.552343230892802,7.981818622060018,4.675416574080373,6.887002858065898
2025-10-07 16:01:35.745,5.553290918202038,7.981739648117582,4.677154000813971,6.88739772777808
2025-10-07 16:01:35.958,5.552896048489856,7.981502726290273,4.67739092264128,6.889056180569241
2025-10-07 16:01:36.170,5.5524222048352385,7.98071298686591,4.675574521965245,6.889214128454114
2025-10-07 16:01:36.382,5.552738100604984,7.981660674175146,4.676206313504736,6.887634649605388
2025-10-07 16:01:36.593,5.552580152720111,7.980791960808347,4.6752586261955,6.889687972108732
2025-10-07 16:01:36.806,5.552580152720111,7.981344778405401,4.676048365619863,6.888108493260006
2025-10-07 16:01:37.016,5.552738100604984,7.982529387541945,4.675811443792554,6.888740284799496
2025-10-07 16:01:37.228,5.55281707454742,7.981502726290273,4.675574521965245,6.88866131085706
2025-10-07 16:01:37.439,5.552738100604984,7.981107856578092,4.675495548022809,6.888977206626805
2025-10-07 16:01:37.651,5.553211944259601,7.981423752347837,4.675732469850118,6.889766946051168
2025-10-07 16:01:37.862,5.5524222048352385,7.981265804462964,4.675653495907682,6.888898232684369
2025-10-07 16:01:38.073,5.552738100604984,7.980791960808347,4.675653495907682,6.8899248939360405
2025-10-07 16:01:38.284,5.552659126662547,7.981423752347837,4.6752586261955,6.889056180569241
2025-10-07 16:01:38.496,5.5524222048352385,7.981265804462964,4.676285287447172,6.8899248939360405
2025-10-07 16:01:38.707,5.552738100604984,7.982134517829763,4.675179652253064,6.890082841820913
2025-10-07 16:01:38.919,5.553053996374729,7.982134517829763,4.675732469850118,6.890398737590658
2025-10-07 16:01:39.129,5.553290918202038,7.981660674175146,4.677864766295897,6.891267450957457
2025-10-07 16:01:39.340,5.553053996374729,7.9824504135995085,4.676048365619863,6.890951555187712
2025-10-07 16:01:39.553,5.553527840029346,7.981739648117582,4.6752586261955,6.891978216439384
2025-10-07 16:01:39.764,5.553132970317165,7.981423752347837,4.675653495907682,6.891030529130148
2025-10-07 16:01:39.976,5.5529750224322925,7.981581700232709,4.677706818411025,6.893083851633492
2025-10-07 16:01:40.187,5.5529750224322925,7.981107856578092,4.6752586261955,6.89205719038182
2025-10-07 16:01:40.399,5.552501178777675,7.9824504135995085,4.675574521965245,6.893004877691055
2025-10-07 16:01:40.610,5.552896048489856,7.981186830520528,4.676048365619863,6.892136164324256
2025-10-07 16:01:40.822,5.55281707454742,7.981581700232709,4.678338609950515,6.892294112209129
2025-10-07 16:01:41.035,5.552896048489856,7.982529387541945,4.6752586261955,6.892531034036438
2025-10-07 16:01:41.245,5.552501178777675,7.9818975960024545,4.675811443792554,6.89268898192131
2025-10-07 16:01:41.457,5.552738100604984,7.982055543887327,4.676364261389608,6.892846929806183
2025-10-07 16:01:41.668,5.553606813971783,7.981976569944891,4.6758904177349905,6.892452060094001
2025-10-07 16:01:41.881,5.552580152720111,7.981265804462964,4.676364261389608,6.892846929806183
2025-10-07 16:01:42.092,5.553369892144474,7.980634012923474,4.6758904177349905,6.893557695288109
2025-10-07 16:01:42.304,5.552738100604984,7.9810288826356555,4.676285287447172,6.893004877691055
2025-10-07 16:01:42.516,5.5538437357990915,7.981660674175146,4.676443235332044,6.895137174136835
2025-10-07 16:01:42.727,5.553053996374729,7.981423752347837,4.675416574080373,6.894110512885163
2025-10-07 16:01:42.938,5.553053996374729,7.981344778405401,4.675653495907682,6.894347434712472
2025-10-07 16:01:43.150,5.552896048489856,7.981107856578092,4.676206313504736,6.893715643172982
2025-10-07 16:01:43.362,5.5540806576264,7.9818975960024545,4.675969391677427,6.894505382597345
2025-10-07 16:01:43.573,5.553211944259601,7.981423752347837,4.676206313504736,6.894900252309526
2025-10-07 16:01:43.785,5.55281707454742,7.980555038981038,4.675811443792554,6.894742304424653
2025-10-07 16:01:43.996,5.554554501281018,7.982529387541945,4.676443235332044,6.895532043849016
2025-10-07 16:01:44.207,5.553606813971783,7.981265804462964,4.675969391677427,6.895768965676325
2025-10-07 16:01:44.418,5.553211944259601,7.981186830520528,4.675574521965245,6.895847939618761
2025-10-07 16:01:44.630,5.552896048489856,7.981107856578092,4.676127339562299,6.8956110177914525
2025-10-07 16:01:44.841,5.55281707454742,7.9822134917722,4.67739092264128,6.897506392409923
2025-10-07 16:01:45.053,5.553527840029346,7.981660674175146,4.6753376001379365,6.896163835388506
2025-10-07 16:01:45.264,5.5524222048352385,7.980791960808347,4.676048365619863,6.89671665298556
2025-10-07 16:01:45.475,5.553211944259601,7.9822134917722,4.676048365619863,6.898138183949413
2025-10-07 16:01:45.688,5.554238605511273,7.982292465714636,4.676127339562299,6.89671665298556
2025-10-07 16:01:45.900,5.553290918202038,7.981265804462964,4.676048365619863,6.897427418467487
2025-10-07 16:01:46.111,5.553369892144474,7.981344778405401,4.676206313504736,6.897585366352359
2025-10-07 16:01:46.322,5.554475527338582,7.983161179081435,4.676996052929098,6.897269470582614
2025-10-07 16:01:46.532,5.552501178777675,7.981265804462964,4.6767591311017895,6.898533053661595
2025-10-07 16:01:46.742,5.553211944259601,7.981502726290273,4.676364261389608,6.897664340294796
2025-10-07 16:01:46.953,5.55281707454742,7.981107856578092,4.676206313504736,6.899243819143521
2025-10-07 16:01:47.164,5.5529750224322925,7.980949908693219,4.676364261389608,6.898612027604031
2025-10-07 16:01:47.375,5.552659126662547,7.982055543887327,4.6758904177349905,6.899006897316212
2025-10-07 16:01:47.587,5.552738100604984,7.981107856578092,4.6753376001379365,6.89884894943134
2025-10-07 16:01:47.798,5.552738100604984,7.9810288826356555,4.676048365619863,6.898927923373776
2025-10-07 16:01:48.009,5.5538437357990915,7.981818622060018,4.676364261389608,6.89884894943134
2025-10-07 16:01:48.220,5.55281707454742,7.981818622060018,4.676048365619863,6.899638688855703
2025-10-07 16:01:48.432,5.5529750224322925,7.981660674175146,4.676522209274481,6.899243819143521
2025-10-07 16:01:48.643,5.55281707454742,7.982134517829763,4.6758904177349905,6.899717662798139
2025-10-07 16:01:48.854,5.553527840029346,7.9818975960024545,4.676285287447172,6.899796636740575
2025-10-07 16:01:49.066,5.5529750224322925,7.9818975960024545,4.676206313504736,6.900033558567884
2025-10-07 16:01:49.278,5.55344886608691,7.982529387541945,4.676048365619863,6.900349454337629
2025-10-07 16:01:49.489,5.552738100604984,7.981739648117582,4.677548870526152,6.9007443240498105
2025-10-07 16:01:49.700,5.5538437357990915,7.981660674175146,4.676443235332044,6.901376115589301
2025-10-07 16:01:49.911,5.5538437357990915,7.9818975960024545,4.676996052929098,6.902323802898536
2025-10-07 16:01:50.122,5.553369892144474,7.981265804462964,4.678101688123206,6.901455089531737
2025-10-07 16:01:50.332,5.553211944259601,7.981186830520528,4.676838105044226,6.900665350107374
2025-10-07 16:01:50.543,5.553053996374729,7.983398100908744,4.676285287447172,6.901218167704428
2025-10-07 16:01:50.755,5.553685787914219,7.981265804462964,4.676601183216917,6.903192516265335
2025-10-07 16:01:50.967,5.55344886608691,7.980791960808347,4.675653495907682,6.903192516265335
2025-10-07 16:01:51.178,5.554238605511273,7.980949908693219,4.676680157159353,6.9021658550136635
2025-10-07 16:01:51.390,5.553685787914219,7.981660674175146,4.675811443792554,6.902560724725845
2025-10-07 16:01:51.601,5.553290918202038,7.982292465714636,4.676285287447172,6.902402776840972
2025-10-07 16:01:51.813,5.553132970317165,7.982371439657072,4.678259636008079,6.902560724725845
2025-10-07 16:01:52.025,5.554633475223454,7.982608361484381,4.676127339562299,6.9027186726107175
2025-10-07 16:01:52.238,5.553527840029346,7.982055543887327,4.676601183216917,6.903666359919953
2025-10-07 16:01:52.449,5.553132970317165,7.98284528331169,4.676048365619863,6.904693021171624
2025-10-07 16:01:52.661,5.553764761856655,7.981265804462964,4.676996052929098,6.905245838768678
2025-10-07 16:01:52.872,5.553527840029346,7.983240153023871,4.676838105044226,6.904614047229188
2025-10-07 16:01:53.083,5.55344886608691,7.981581700232709,4.6787334796626965,6.903429438092644
2025-10-07 16:01:53.295,5.55344886608691,7.983003231196562,4.676996052929098,6.904535073286752
2025-10-07 16:01:53.507,5.552896048489856,7.981502726290273,4.676443235332044,6.904535073286752
2025-10-07 16:01:53.718,5.553211944259601,7.983003231196562,4.677627844468589,6.904219177517007
2025-10-07 16:01:53.930,5.553290918202038,7.981739648117582,4.676048365619863,6.904929942998933
2025-10-07 16:01:54.141,5.552501178777675,7.981818622060018,4.676364261389608,6.905482760595987
2025-10-07 16:01:54.354,5.553369892144474,7.982529387541945,4.6781806620656425,6.904850969056497
2025-10-07 16:01:54.566,5.554001683683964,7.980397091096165,4.676838105044226,6.905166864826242
2025-10-07 16:01:54.777,5.554001683683964,7.981344778405401,4.676206313504736,6.905877630308169
2025-10-07 16:01:54.990,5.554001683683964,7.982055543887327,4.676364261389608,6.90564070848086
2025-10-07 16:01:55.201,5.554001683683964,7.981581700232709,4.676206313504736,6.907615057041767
2025-10-07 16:01:55.414,5.553922709741528,7.982529387541945,4.676443235332044,6.906351473962786
2025-10-07 16:01:55.625,5.553290918202038,7.981581700232709,4.679128349374878,6.906509421847659
2025-10-07 16:01:55.837,5.553764761856655,7.981976569944891,4.676917078986662,6.90627250002035
2025-10-07 16:01:56.049,5.553369892144474,7.982134517829763,4.6767591311017895,6.90690429155984
2025-10-07 16:01:56.259,5.55344886608691,7.980634012923474,4.678812453605133,6.906746343674968
2025-10-07 16:01:56.473,5.553290918202038,7.982766309369254,4.6767591311017895,6.907299161272022
2025-10-07 16:01:56.686,5.55344886608691,7.9810288826356555,4.677075026871535,6.907615057041767
2025-10-07 16:01:56.897,5.553527840029346,7.981739648117582,4.676127339562299,6.907457109156894
2025-10-07 16:01:57.109,5.554317579453709,7.981818622060018,4.676996052929098,6.908167874638821
2025-10-07 16:01:57.320,5.554001683683964,7.982292465714636,4.676443235332044,6.90753608309933
2025-10-07 16:01:57.532,5.553211944259601,7.981107856578092,4.676522209274481,6.9078519788690755
2025-10-07 16:01:57.743,5.554001683683964,7.981186830520528,4.676443235332044,6.908325822523693
2025-10-07 16:01:57.955,5.554633475223454,7.982292465714636,4.677627844468589,6.908957614063183
2025-10-07 16:01:58.167,5.553211944259601,7.982292465714636,4.678496557835388,6.909194535890492
2025-10-07 16:01:58.378,5.554238605511273,7.980870934750783,4.676443235332044,6.909352483775365
2025-10-07 16:01:58.590,5.553606813971783,7.983161179081435,4.676522209274481,6.9092735098329285
2025-10-07 16:01:58.801,5.553211944259601,7.981660674175146,4.676680157159353,6.909431457717801
2025-10-07 16:01:59.012,5.554159631568837,7.982134517829763,4.678338609950515,6.9092735098329285
2025-10-07 16:01:59.224,5.553527840029346,7.982371439657072,4.6787334796626965,6.909984275314855
2025-10-07 16:01:59.436,5.5538437357990915,7.982766309369254,4.6781806620656425,6.910063249257291
2025-10-07 16:01:59.647,5.554712449165891,7.982055543887327,4.678970401490005,6.9106950407967815
2025-10-07 16:01:59.861,5.553290918202038,7.982292465714636,4.676364261389608,6.910063249257291
2025-10-07 16:02:00.073,5.553290918202038,7.981186830520528,4.677627844468589,6.910537092911909
2025-10-07 16:02:00.286,5.55344886608691,7.980555038981038,4.676127339562299,6.91093196262409
2025-10-07 16:02:00.499,5.5540806576264,7.982529387541945,4.677075026871535,6.911168884451399
2025-10-07 16:02:00.711,5.554949370993199,7.981581700232709,4.676680157159353,6.912511441472816
2025-10-07 16:02:00.924,5.553764761856655,7.981186830520528,4.677864766295897,6.911563754163581
2025-10-07 16:02:01.135,5.554475527338582,7.982371439657072,4.677469896583716,6.913222206954742
2025-10-07 16:02:01.346,5.553369892144474,7.982292465714636,4.679049375432442,6.911484780221144
2025-10-07 16:02:01.558,5.553369892144474,7.982292465714636,4.6767591311017895,6.9121165717606345
2025-10-07 16:02:01.769,5.5529750224322925,7.981818622060018,4.676996052929098,6.912353493587943
2025-10-07 16:02:01.980,5.5538437357990915,7.981739648117582,4.676206313504736,6.912906311184997
2025-10-07 16:02:02.192,5.55344886608691,7.982529387541945,4.676443235332044,6.912827337242561
2025-10-07 16:02:02.405,5.553527840029346,7.981739648117582,4.676917078986662,6.913222206954742
2025-10-07 16:02:02.617,5.553211944259601,7.982766309369254,4.676680157159353,6.913775024551796
2025-10-07 16:02:02.829,5.553685787914219,7.980949908693219,4.676601183216917,6.912827337242561
2025-10-07 16:02:03.042,5.554317579453709,7.981976569944891,4.678101688123206,6.914485790033723
2025-10-07 16:02:03.253,5.553922709741528,7.981107856578092,4.676364261389608,6.9135381027244875
2025-10-07 16:02:03.466,5.5538437357990915,7.980555038981038,4.676443235332044,6.913775024551796
2025-10-07 16:02:03.679,5.5538437357990915,7.980870934750783,4.676996052929098,6.914880659745904
2025-10-07 16:02:03.891,5.5543965533961455,7.980555038981038,4.676206313504736,6.914248868206414
2025-10-07 16:02:04.103,5.554475527338582,7.981581700232709,4.677232974756407,6.915117581573213
2025-10-07 16:02:04.315,5.55281707454742,7.980949908693219,4.676048365619863,6.9140909203215415
2025-10-07 16:02:04.527,5.55344886608691,7.980949908693219,4.679049375432442,6.915038607630777
2025-10-07 16:02:04.740,5.5540806576264,7.981423752347837,4.676680157159353,6.915670399170267
2025-10-07 16:02:04.952,5.5538437357990915,7.982924257254126,4.677154000813971,6.9169339822492475
2025-10-07 16:02:05.164,5.553527840029346,7.981660674175146,4.6767591311017895,6.917012956191684
2025-10-07 16:02:05.377,5.554001683683964,7.981818622060018,4.676838105044226,6.915907320997576
2025-10-07 16:02:05.589,5.553685787914219,7.981739648117582,4.677075026871535,6.915749373112703
2025-10-07 16:02:05.801,5.554791423108327,7.983003231196562,4.678101688123206,6.91709193013412
2025-10-07 16:02:06.013,5.554159631568837,7.981660674175146,4.6767591311017895,6.915907320997576
2025-10-07 16:02:06.225,5.554554501281018,7.983635022736053,4.676601183216917,6.917249878018993
2025-10-07 16:02:06.437,5.553764761856655,7.981344778405401,4.679207323317314,6.917012956191684
2025-10-07 16:02:06.649,5.5540806576264,7.9822134917722,4.679365271202187,6.917328851961429
2025-10-07 16:02:06.863,5.5540806576264,7.981186830520528,4.676917078986662,6.917565773788738
2025-10-07 16:02:07.075,5.5540806576264,7.9818975960024545,4.678101688123206,6.916776034364375
2025-10-07 16:02:07.287,5.5538437357990915,7.981344778405401,4.676522209274481,6.9192242265798996
2025-10-07 16:02:07.498,5.553527840029346,7.9818975960024545,4.676838105044226,6.918829356867718
2025-10-07 16:02:07.709,5.5540806576264,7.981976569944891,4.676601183216917,6.917881669558483
2025-10-07 16:02:07.922,5.554554501281018,7.981581700232709,4.6767591311017895,6.918276539270664
2025-10-07 16:02:08.134,5.554001683683964,7.981186830520528,4.676206313504736,6.918513461097973
2025-10-07 16:02:08.346,5.555028344935636,7.981502726290273,4.677706818411025,6.918592435040409
2025-10-07 16:02:08.557,5.553764761856655,7.981423752347837,4.678891427547569,6.9192242265798996
2025-10-07 16:02:08.769,5.554712449165891,7.981265804462964,4.67739092264128,6.918592435040409
2025-10-07 16:02:08.981,5.554001683683964,7.981186830520528,4.679523219087059,6.919698070234517
2025-10-07 16:02:09.192,5.55558116253269,7.981186830520528,4.676838105044226,6.919382174464772
2025-10-07 16:02:09.404,5.554949370993199,7.9804760650386015,4.676364261389608,6.91985601811939
2025-10-07 16:02:09.616,5.553764761856655,7.981581700232709,4.677706818411025,6.920013966004262
2025-10-07 16:02:09.828,5.554554501281018,7.981976569944891,4.676680157159353,6.920329861774007
2025-10-07 16:02:10.040,5.554159631568837,7.980791960808347,4.678417583892951,6.9206457575437526
2025-10-07 16:02:10.251,5.553369892144474,7.982608361484381,4.677154000813971,6.920408835716444
2025-10-07 16:02:10.463,5.5538437357990915,7.981581700232709,4.676680157159353,6.921593444852988
2025-10-07 16:02:10.675,5.554870397050763,7.981344778405401,4.677154000813971,6.920961653313498
2025-10-07 16:02:10.887,5.554791423108327,7.9822134917722,4.677075026871535,6.92175139273786
2025-10-07 16:02:11.099,5.555344240705381,7.981660674175146,4.677232974756407,6.921830366680297
2025-10-07 16:02:11.311,5.553606813971783,7.981581700232709,4.676917078986662,6.921672418795424
2025-10-07 16:02:11.522,5.554317579453709,7.983082205138999,4.676996052929098,6.921830366680297
2025-10-07 16:02:11.734,5.554159631568837,7.980397091096165,4.679365271202187,6.922225236392478
2025-10-07 16:02:11.945,5.5540806576264,7.9833191269663075,4.676443235332044,6.922383184277351
2025-10-07 16:02:12.157,5.553764761856655,7.981423752347837,4.677627844468589,6.922699080047096
2025-10-07 16:02:12.368,5.5538437357990915,7.981186830520528,4.67739092264128,6.922462158219787
2025-10-07 16:02:12.580,5.554159631568837,7.981107856578092,4.676838105044226,6.922541132162223
2025-10-07 16:02:12.791,5.5538437357990915,7.981186830520528,4.677154000813971,6.9220672885076056
2025-10-07 16:02:13.002,5.554317579453709,7.9810288826356555,4.67739092264128,6.922541132162223
2025-10-07 16:02:13.214,5.5538437357990915,7.981976569944891,4.676680157159353,6.923962663126076
2025-10-07 16:02:13.426,5.553764761856655,7.9822134917722,4.677154000813971,6.923804715241204
2025-10-07 16:02:13.637,5.555186292820508,7.981976569944891,4.676917078986662,6.924199584953385
2025-10-07 16:02:13.848,5.554712449165891,7.981107856578092,4.677154000813971,6.924831376492875
2025-10-07 16:02:14.060,5.5543965533961455,7.980870934750783,4.677232974756407,6.924278558895821
2025-10-07 16:02:14.271,5.5543965533961455,7.982292465714636,4.676680157159353,6.9240416370685125
2025-10-07 16:02:14.483,5.555186292820508,7.981739648117582,4.677627844468589,6.9245944546655664
2025-10-07 16:02:14.694,5.5543965533961455,7.981186830520528,4.676917078986662,6.92451548072313
2025-10-07 16:02:14.906,5.554159631568837,7.9810288826356555,4.67739092264128,6.925226246205057
2025-10-07 16:02:15.118,5.554317579453709,7.981581700232709,4.677154000813971,6.925858037744547
2025-10-07 16:02:15.329,5.554712449165891,7.981739648117582,4.677785792353461,6.925305220147493
2025-10-07 16:02:15.540,5.5538437357990915,7.980870934750783,4.67739092264128,6.925542141974802
2025-10-07 16:02:15.751,5.5543965533961455,7.9824504135995085,4.677943740238334,6.925858037744547
2025-10-07 16:02:15.963,5.554791423108327,7.982055543887327,4.676680157159353,6.926094959571856
2025-10-07 16:02:16.175,5.554633475223454,7.981660674175146,4.678575531777824,6.926094959571856
2025-10-07 16:02:16.386,5.554238605511273,7.981344778405401,4.679207323317314,6.926331881399165
2025-10-07 16:02:16.598,5.554712449165891,7.981739648117582,4.679049375432442,6.928385203902508
2025-10-07 16:02:16.808,5.554870397050763,7.981818622060018,4.678417583892951,6.926805725053782
2025-10-07 16:02:17.019,5.554238605511273,7.982055543887327,4.679681166971932,6.927358542650836
2025-10-07 16:02:17.230,5.555107318878072,7.982766309369254,4.677075026871535,6.928148282075199
2025-10-07 16:02:17.441,5.5543965533961455,7.981660674175146,4.6773119486988435,6.927200594765964
2025-10-07 16:02:17.652,5.555028344935636,7.981818622060018,4.676996052929098,6.927358542650836
2025-10-07 16:02:17.864,5.554791423108327,7.981739648117582,4.677785792353461,6.928148282075199
2025-10-07 16:02:18.076,5.554791423108327,7.982134517829763,4.677154000813971,6.929885708808797
2025-10-07 16:02:18.288,5.554159631568837,7.981818622060018,4.677469896583716,6.929490839096616
2025-10-07 16:02:18.499,5.554317579453709,7.982529387541945,4.6787334796626965,6.928464177844944
2025-10-07 16:02:18.711,5.555739110417562,7.981581700232709,4.677785792353461,6.929332891211743
2025-10-07 16:02:18.922,5.554712449165891,7.982766309369254,4.676601183216917,6.929964682751233
2025-10-07 16:02:19.134,5.554633475223454,7.982292465714636,4.676996052929098,6.928938021499562
2025-10-07 16:02:19.345,5.554159631568837,7.981502726290273,4.67739092264128,6.929806734866361
2025-10-07 16:02:19.557,5.554633475223454,7.980791960808347,4.677154000813971,6.929174943326871
2025-10-07 16:02:19.768,5.554554501281018,7.981818622060018,4.677864766295897,6.93004365669367
2025-10-07 16:02:19.979,5.554633475223454,7.981186830520528,4.677706818411025,6.930596474290724
2025-10-07 16:02:20.192,5.554317579453709,7.982371439657072,4.676996052929098,6.9302805785209785
2025-10-07 16:02:20.401,5.554159631568837,7.9824504135995085,4.677706818411025,6.9302805785209785
2025-10-07 16:02:20.613,5.5543965533961455,7.981976569944891,4.676680157159353,6.932018005254577
2025-10-07 16:02:20.825,5.554475527338582,7.981344778405401,4.67739092264128,6.930754422175596
2025-10-07 16:02:21.036,5.555344240705381,7.981186830520528,4.676996052929098,6.930991344002905
2025-10-07 16:02:21.247,5.554001683683964,7.982292465714636,4.677943740238334,6.931623135542395
2025-10-07 16:02:21.459,5.554159631568837,7.982055543887327,4.677154000813971,6.9311492918877775
2025-10-07 16:02:21.672,5.554159631568837,7.982687335426817,4.677706818411025,6.9325708228516305
2025-10-07 16:02:21.883,5.5543965533961455,7.981581700232709,4.676996052929098,6.932491848909194
2025-10-07 16:02:22.094,5.554475527338582,7.982292465714636,4.677232974756407,6.932096979197013
2025-10-07 16:02:22.306,5.554554501281018,7.9822134917722,4.67865450572026,6.932807744678939
2025-10-07 16:02:22.518,5.554159631568837,7.982608361484381,4.67802271418077,6.933834405930611
2025-10-07 16:02:22.730,5.555107318878072,7.981344778405401,4.677627844468589,6.932491848909194
2025-10-07 16:02:22.941,5.554554501281018,7.981186830520528,4.6781806620656425,6.9325708228516305
2025-10-07 16:02:23.152,5.55558116253269,7.980791960808347,4.677232974756407,6.932886718621376
2025-10-07 16:02:23.364,5.554554501281018,7.981423752347837,4.677864766295897,6.9339923538154835
2025-10-07 16:02:23.573,5.554159631568837,7.981739648117582,4.677706818411025,6.933360562275993
2025-10-07 16:02:23.785,5.554633475223454,7.981265804462964,4.677864766295897,6.935097989009591
2025-10-07 16:02:23.996,5.5543965533961455,7.980318117153729,4.677785792353461,6.934308249585229
2025-10-07 16:02:24.208,5.554159631568837,7.981344778405401,4.678338609950515,6.933913379873047
2025-10-07 16:02:24.420,5.5540806576264,7.981107856578092,4.677232974756407,6.934150301700356
2025-10-07 16:02:24.631,5.554870397050763,7.981818622060018,4.6781806620656425,6.933913379873047
2025-10-07 16:02:24.842,5.555423214647817,7.981265804462964,4.677706818411025,6.934387223527665
2025-10-07 16:02:25.054,5.554554501281018,7.981186830520528,4.6773119486988435,6.935019015067155
2025-10-07 16:02:25.266,5.5543965533961455,7.982134517829763,4.67802271418077,6.935650806606645
2025-10-07 16:02:25.478,5.554475527338582,7.98284528331169,4.678970401490005,6.935097989009591
2025-10-07 16:02:25.689,5.5552652667629445,7.980949908693219,4.677627844468589,6.934782093239846
2025-10-07 16:02:25.901,5.554159631568837,7.980870934750783,4.678338609950515,6.935650806606645
2025-10-07 16:02:26.112,5.554633475223454,7.981660674175146,4.676917078986662,6.936361572088572
2025-10-07 16:02:26.324,5.555107318878072,7.982134517829763,4.677706818411025,6.936361572088572
2025-10-07 16:02:26.536,5.555344240705381,7.981739648117582,4.679681166971932,6.9359667023763905
2025-10-07 16:02:26.747,5.554712449165891,7.980949908693219,4.6781806620656425,6.938335920649479
2025-10-07 16:02:26.958,5.555028344935636,7.981423752347837,4.678259636008079,6.937546181225116
2025-10-07 16:02:27.170,5.555186292820508,7.981976569944891,4.677232974756407,6.936914389685626
2025-10-07 16:02:27.382,5.5552652667629445,7.980870934750783,4.677154000813971,6.9373882333402435
2025-10-07 16:02:27.594,5.554791423108327,7.981186830520528,4.678101688123206,6.937625155167552
2025-10-07 16:02:27.807,5.555186292820508,7.981344778405401,4.677469896583716,6.93746720728268
2025-10-07 16:02:28.019,5.555660136475126,7.9822134917722,4.678259636008079,6.9373882333402435
2025-10-07 16:02:28.230,5.555028344935636,7.981739648117582,4.6796021930294955,6.938177972764606
2025-10-07 16:02:28.442,5.554949370993199,7.98071298686591,4.6773119486988435,6.937941050937297
2025-10-07 16:02:28.653,5.555186292820508,7.9824504135995085,4.67739092264128,6.939283607958714
2025-10-07 16:02:28.864,5.554870397050763,7.981186830520528,4.677469896583716,6.939994373440641
2025-10-07 16:02:29.075,5.555423214647817,7.981739648117582,4.677627844468589,6.939204634016278
2025-10-07 16:02:29.286,5.556291928014616,7.982134517829763,4.677706818411025,6.9388097643040965
2025-10-07 16:02:29.499,5.555344240705381,7.9818975960024545,4.677627844468589,6.939204634016278
2025-10-07 16:02:29.710,5.554159631568837,7.981265804462964,4.680233984568986,6.939599503728459
2025-10-07 16:02:29.921,5.554633475223454,7.981739648117582,4.677943740238334,6.9396784776708955
2025-10-07 16:02:30.133,5.554791423108327,7.981502726290273,4.677864766295897,6.940310269210386
2025-10-07 16:02:30.344,5.554949370993199,7.9824504135995085,4.677232974756407,6.941336930462057
2025-10-07 16:02:30.555,5.555897058302435,7.982055543887327,4.6801550106265495,6.939836425555768
2025-10-07 16:02:30.768,5.554554501281018,7.982134517829763,4.680233984568986,6.940073347383077
2025-10-07 16:02:30.980,5.555028344935636,7.982134517829763,4.677864766295897,6.940784112865003
2025-10-07 16:02:31.191,5.554870397050763,7.981107856578092,4.677785792353461,6.940547191037695
2025-10-07 16:02:31.403,5.554633475223454,7.981739648117582,4.679760140914368,6.94149487834693
2025-10-07 16:02:31.615,5.554870397050763,7.982371439657072,4.677469896583716,6.941968722001548
2025-10-07 16:02:31.826,5.554712449165891,7.9818975960024545,4.6773119486988435,6.9425215395986015
2025-10-07 16:02:32.037,5.556528849841925,7.983792970620925,4.6773119486988435,6.94149487834693
2025-10-07 16:02:32.249,5.555186292820508,7.981423752347837,4.67802271418077,6.941731800174239
2025-10-07 16:02:32.460,5.554554501281018,7.981660674175146,4.678496557835388,6.942363591713729
2025-10-07 16:02:32.672,5.554712449165891,7.981739648117582,4.678259636008079,6.942047695943984
2025-10-07 16:02:32.882,5.554554501281018,7.983082205138999,4.678891427547569,6.942916409310783
2025-10-07 16:02:33.094,5.554791423108327,7.982529387541945,4.677943740238334,6.94275846142591
2025-10-07 16:02:33.306,5.555028344935636,7.9833191269663075,4.678575531777824,6.942995383253219
2025-10-07 16:02:33.517,5.554633475223454,7.981265804462964,4.678101688123206,6.943548200850273
2025-10-07 16:02:33.729,5.555186292820508,7.980555038981038,4.678812453605133,6.9430743571956555
2025-10-07 16:02:33.939,5.555028344935636,7.981660674175146,4.678101688123206,6.944022044504891
2025-10-07 16:02:34.151,5.5558180843599985,7.980949908693219,4.679997062741677,6.944969731814126
2025-10-07 16:02:34.362,5.554949370993199,7.981107856578092,4.678575531777824,6.943311279022964
2025-10-07 16:02:34.574,5.5558180843599985,7.981581700232709,4.678891427547569,6.943785122677582
2025-10-07 16:02:34.785,5.555739110417562,7.9822134917722,4.679523219087059,6.944416914217072
2025-10-07 16:02:34.998,5.555897058302435,7.981502726290273,4.677943740238334,6.944179992389763
2025-10-07 16:02:35.209,5.554870397050763,7.982529387541945,4.680628854281167,6.9444958881595085
2025-10-07 16:02:35.421,5.554633475223454,7.980791960808347,4.679523219087059,6.944653836044381
2025-10-07 16:02:35.633,5.5552652667629445,7.9818975960024545,4.680628854281167,6.945443575468744
2025-10-07 16:02:35.845,5.55558116253269,7.981186830520528,4.678101688123206,6.945680497296053
2025-10-07 16:02:36.057,5.554870397050763,7.981581700232709,4.679049375432442,6.945759471238489
2025-10-07 16:02:36.269,5.554712449165891,7.982608361484381,4.677706818411025,6.945601523353616
2025-10-07 16:02:36.481,5.555739110417562,7.983082205138999,4.678101688123206,6.947417924029651
2025-10-07 16:02:36.692,5.5552652667629445,7.981660674175146,4.678101688123206,6.9459174191233615
2025-10-07 16:02:36.904,5.555660136475126,7.981186830520528,4.680233984568986,6.9459174191233615
2025-10-07 16:02:37.115,5.55558116253269,7.980870934750783,4.67802271418077,6.947023054317469
2025-10-07 16:02:37.327,5.554949370993199,7.981818622060018,4.680628854281167,6.946944080375033
2025-10-07 16:02:37.539,5.556055006187307,7.9833191269663075,4.6781806620656425,6.947023054317469
2025-10-07 16:02:37.750,5.555186292820508,7.982608361484381,4.678496557835388,6.947181002202342
2025-10-07 16:02:37.961,5.555028344935636,7.980949908693219,4.679365271202187,6.94765484585696
2025-10-07 16:02:38.173,5.554949370993199,7.9822134917722,4.6781806620656425,6.947417924029651
2025-10-07 16:02:38.384,5.556449875899489,7.983003231196562,4.678338609950515,6.947970741626705
2025-10-07 16:02:38.595,5.5552652667629445,7.981265804462964,4.678417583892951,6.9482076634540135
2025-10-07 16:02:38.806,5.555344240705381,7.982292465714636,4.678259636008079,6.948365611338886
2025-10-07 16:02:39.018,5.554949370993199,7.9824504135995085,4.678338609950515,6.950024064130048
2025-10-07 16:02:39.229,5.555502188590253,7.9833191269663075,4.67928629725975,6.948365611338886
2025-10-07 16:02:39.440,5.555897058302435,7.981976569944891,4.67802271418077,6.949155350763249
2025-10-07 16:02:39.652,5.555423214647817,7.981344778405401,4.678101688123206,6.94891842893594
2025-10-07 16:02:39.863,5.555897058302435,7.981265804462964,4.678496557835388,6.949155350763249
2025-10-07 16:02:40.074,5.555107318878072,7.98284528331169,4.678496557835388,6.949471246532994
2025-10-07 16:02:40.285,5.555423214647817,7.9824504135995085,4.6781806620656425,6.94955022047543
2025-10-07 16:02:40.496,5.555107318878072,7.980634012923474,4.6781806620656425,6.9496291944178665
2025-10-07 16:02:40.708,5.554949370993199,7.9833191269663075,4.678101688123206,6.950497907784666
2025-10-07 16:02:40.919,5.5552652667629445,7.981107856578092,4.67802271418077,6.950024064130048
2025-10-07 16:02:41.131,5.555028344935636,7.9818975960024545,4.678338609950515,6.950813803554411
2025-10-07 16:02:41.342,5.5552652667629445,7.982608361484381,4.680470906396295,6.951919438748519
2025-10-07 16:02:41.554,5.555107318878072,7.9810288826356555,4.678259636008079,6.952709178172881
2025-10-07 16:02:41.763,5.555344240705381,7.981502726290273,4.679523219087059,6.951919438748519
2025-10-07 16:02:41.974,5.556133980129744,7.9818975960024545,4.6787334796626965,6.950971751439283
2025-10-07 16:02:42.186,5.554949370993199,7.981581700232709,4.678417583892951,6.951761490863646
2025-10-07 16:02:42.397,5.555423214647817,7.981581700232709,4.67802271418077,6.953183021827499
2025-10-07 16:02:42.608,5.55558116253269,7.981344778405401,4.678101688123206,6.952077386633391
2025-10-07 16:02:42.819,5.555423214647817,7.981107856578092,4.680391932453858,6.953498917597244
2025-10-07 16:02:43.030,5.555739110417562,7.981502726290273,4.6781806620656425,6.9524722563455725
2025-10-07 16:02:43.244,5.555344240705381,7.981107856578092,4.680391932453858,6.952235334518264
2025-10-07 16:02:43.455,5.5552652667629445,7.981739648117582,4.678259636008079,6.952867126057754
2025-10-07 16:02:43.667,5.555739110417562,7.980949908693219,4.678812453605133,6.95294610000019
2025-10-07 16:02:43.878,5.555423214647817,7.983082205138999,4.678575531777824,6.953419943654808
2025-10-07 16:02:44.089,5.555976032244871,7.982687335426817,4.6787334796626965,6.953183021827499
2025-10-07 16:02:44.300,5.555502188590253,7.981502726290273,4.6787334796626965,6.954209683079171
2025-10-07 16:02:44.513,5.554949370993199,7.981186830520528,4.679918088799241,6.95357789153968
2025-10-07 16:02:44.724,5.554791423108327,7.981581700232709,4.678338609950515,6.954051735194298
2025-10-07 16:02:44.936,5.555660136475126,7.9822134917722,4.678101688123206,6.954288657021607
2025-10-07 16:02:45.148,5.556133980129744,7.981818622060018,4.678496557835388,6.9544466049064795
2025-10-07 16:02:45.359,5.5558180843599985,7.981581700232709,4.678812453605133,6.954525578848916
2025-10-07 16:02:45.571,5.5558180843599985,7.983082205138999,4.6787334796626965,6.954683526733788
2025-10-07 16:02:45.781,5.555423214647817,7.981502726290273,4.679444245144623,6.954604552791352
2025-10-07 16:02:45.995,5.55558116253269,7.982055543887327,4.679523219087059,6.9567368492371315
2025-10-07 16:02:46.208,5.5558180843599985,7.981581700232709,4.678496557835388,6.955552240100587
2025-10-07 16:02:46.420,5.555423214647817,7.982766309369254,4.678891427547569,6.95571018798546
2025-10-07 16:02:46.632,5.5552652667629445,7.981423752347837,4.677943740238334,6.955157370388406
2025-10-07 16:02:46.844,5.555186292820508,7.981423752347837,4.678101688123206,6.955631214043024
2025-10-07 16:02:47.055,5.555107318878072,7.981581700232709,4.679365271202187,6.9558681358703325
2025-10-07 16:02:47.266,5.5558180843599985,7.9818975960024545,4.678338609950515,6.95634197952495
2025-10-07 16:02:47.478,5.55621295407218,7.981818622060018,4.677864766295897,6.957052745006877
2025-10-07 16:02:47.690,5.556291928014616,7.982134517829763,4.680944750050912,6.958316328085857
2025-10-07 16:02:47.901,5.55621295407218,7.980870934750783,4.678259636008079,6.95697377106444
2025-10-07 16:02:48.112,5.5552652667629445,7.983003231196562,4.678338609950515,6.957210692891749
2025-10-07 16:02:48.323,5.5558180843599985,7.982055543887327,4.678812453605133,6.95910606751022
2025-10-07 16:02:48.534,5.55621295407218,7.981976569944891,4.679049375432442,6.9587111977980385
2025-10-07 16:02:48.745,5.555028344935636,7.981739648117582,4.677864766295897,6.958000432316112
2025-10-07 16:02:48.956,5.555502188590253,7.982371439657072,4.677864766295897,6.958000432316112
2025-10-07 16:02:49.167,5.556449875899489,7.9818975960024545,4.678417583892951,6.95847427597073
2025-10-07 16:02:49.378,5.555186292820508,7.981107856578092,4.678101688123206,6.957921458373676
2025-10-07 16:02:49.590,5.555502188590253,7.98071298686591,4.67865450572026,6.958632223855602
2025-10-07 16:02:49.801,5.555423214647817,7.981818622060018,4.6781806620656425,6.959264015395092
2025-10-07 16:02:50.012,5.555423214647817,7.981423752347837,4.678101688123206,6.9587111977980385
2025-10-07 16:02:50.223,5.555344240705381,7.981107856578092,4.678575531777824,6.960685546358945
2025-10-07 16:02:50.435,5.555028344935636,7.980949908693219,4.678496557835388,6.959421963279965
2025-10-07 16:02:50.647,5.555423214647817,7.9822134917722,4.678891427547569,6.95973785904971
2025-10-07 16:02:50.858,5.555660136475126,7.981107856578092,4.679049375432442,6.960290676646764
2025-10-07 16:02:51.070,5.555423214647817,7.980791960808347,4.680233984568986,6.961159390013563
2025-10-07 16:02:51.282,5.556133980129744,7.98071298686591,4.678970401490005,6.960211702704328
2025-10-07 16:02:51.493,5.555660136475126,7.982055543887327,4.679839114856804,6.960448624531637
2025-10-07 16:02:51.704,5.555502188590253,7.980870934750783,4.6787334796626965,6.960685546358945
2025-10-07 16:02:51.920,5.554949370993199,7.981660674175146,4.678970401490005,6.9610014421286905
2025-10-07 16:02:52.133,5.555028344935636,7.9822134917722,4.678496557835388,6.960606572416509
2025-10-07 16:02:52.346,5.555028344935636,7.9822134917722,4.678891427547569,6.961949129437926
2025-10-07 16:02:52.558,5.555976032244871,7.982371439657072,4.678417583892951,6.961475285783308
2025-10-07 16:02:52.770,5.555186292820508,7.980397091096165,4.678812453605133,6.961712207610617
2025-10-07 16:02:52.981,5.55558116253269,7.982055543887327,4.678575531777824,6.961712207610617
2025-10-07 16:02:53.190,5.555186292820508,7.980555038981038,4.67865450572026,6.962107077322798
2025-10-07 16:02:53.402,5.555976032244871,7.9818975960024545,4.678496557835388,6.962028103380362
2025-10-07 16:02:53.614,5.5552652667629445,7.981423752347837,4.678575531777824,6.961949129437926
2025-10-07 16:02:53.824,5.555423214647817,7.981423752347837,4.678812453605133,6.962659894919852
2025-10-07 16:02:54.035,5.55684474561167,7.981265804462964,4.677943740238334,6.963370660401779
2025-10-07 16:02:54.246,5.556055006187307,7.981186830520528,4.678417583892951,6.96313373857447
2025-10-07 16:02:54.457,5.557002693496543,7.981423752347837,4.6787334796626965,6.963923477998833
2025-10-07 16:02:54.669,5.555976032244871,7.981976569944891,4.679049375432442,6.9652660350202495
2025-10-07 16:02:54.881,5.555897058302435,7.981581700232709,4.679365271202187,6.963686556171524
2025-10-07 16:02:55.092,5.55621295407218,7.9810288826356555,4.678812453605133,6.96313373857447
2025-10-07 16:02:55.303,5.556133980129744,7.981502726290273,4.679444245144623,6.964713217423196
2025-10-07 16:02:55.514,5.556607823784361,7.981265804462964,4.679997062741677,6.964476295595887
2025-10-07 16:02:55.725,5.555976032244871,7.9824504135995085,4.678496557835388,6.964792191365632
2025-10-07 16:02:55.937,5.556133980129744,7.983398100908744,4.6787334796626965,6.964950139250504
2025-10-07 16:02:56.148,5.556133980129744,7.981818622060018,4.679049375432442,6.965029113192941
2025-10-07 16:02:56.360,5.555423214647817,7.981976569944891,4.678496557835388,6.965108087135377
2025-10-07 16:02:56.573,5.555107318878072,7.9824504135995085,4.680944750050912,6.9652660350202495
2025-10-07 16:02:56.782,5.555660136475126,7.981107856578092,4.681339619763094,6.965187061077813
2025-10-07 16:02:56.993,5.556607823784361,7.981976569944891,4.679049375432442,6.96652961809923
2025-10-07 16:02:57.205,5.555660136475126,7.981818622060018,4.678417583892951,6.966213722329485
2025-10-07 16:02:57.415,5.556449875899489,7.9824504135995085,4.678575531777824,6.966213722329485
2025-10-07 16:02:57.627,5.556133980129744,7.981660674175146,4.678417583892951,6.966134748387049
2025-10-07 16:02:57.839,5.556055006187307,7.981265804462964,4.679049375432442,6.96716140963872
2025-10-07 16:02:58.049,5.556607823784361,7.981344778405401,4.679365271202187,6.966924487811411
2025-10-07 16:02:58.260,5.555502188590253,7.981581700232709,4.678417583892951,6.967477305408465
2025-10-07 16:02:58.471,5.556055006187307,7.981344778405401,4.679049375432442,6.967398331466029
2025-10-07 16:02:58.682,5.556765771669234,7.981660674175146,4.679207323317314,6.967082435696284
2025-10-07 16:02:58.895,5.556370901957052,7.981660674175146,4.6801550106265495,6.967319357523593
2025-10-07 16:02:59.106,5.555502188590253,7.982134517829763,4.678338609950515,6.968030123005519
2025-10-07 16:02:59.317,5.555344240705381,7.9824504135995085,4.678417583892951,6.96779320117821
2025-10-07 16:02:59.529,5.55684474561167,7.982055543887327,4.678417583892951,6.9700834455088625
2025-10-07 16:02:59.740,5.556765771669234,7.981660674175146,4.679365271202187,6.968188070890392
2025-10-07 16:02:59.952,5.55621295407218,7.981344778405401,4.680470906396295,6.968819862429882
2025-10-07 16:03:00.162,5.55558116253269,7.981344778405401,4.679207323317314,6.968424992717701
2025-10-07 16:03:00.375,5.556528849841925,7.9824504135995085,4.679128349374878,6.969451653969372
2025-10-07 16:03:00.588,5.55684474561167,7.9822134917722,4.678338609950515,6.970399341278608
2025-10-07 16:03:00.800,5.55558116253269,7.981660674175146,4.679128349374878,6.969056784257191
2025-10-07 16:03:01.014,5.556133980129744,7.982055543887327,4.679049375432442,6.969372680026936
2025-10-07 16:03:01.225,5.556449875899489,7.982371439657072,4.678812453605133,6.969688575796681
2025-10-07 16:03:01.436,5.556133980129744,7.980949908693219,4.678970401490005,6.970004471566426
2025-10-07 16:03:01.648,5.55621295407218,7.9824504135995085,4.6796021930294955,6.971662924357588
2025-10-07 16:03:01.859,5.557081667438979,7.981818622060018,4.6787334796626965,6.971583950415152
2025-10-07 16:03:02.071,5.556291928014616,7.981739648117582,4.680076036684113,6.970794210990789
2025-10-07 16:03:02.282,5.555976032244871,7.9822134917722,4.681260645820657,6.970399341278608
2025-10-07 16:03:02.494,5.556607823784361,7.981660674175146,4.679523219087059,6.9709521588756616
2025-10-07 16:03:02.706,5.557002693496543,7.981660674175146,4.679365271202187,6.971978820127333
2025-10-07 16:03:02.918,5.556607823784361,7.982292465714636,4.6787334796626965,6.971426002530279
2025-10-07 16:03:03.127,5.556449875899489,7.982055543887327,4.679760140914368,6.971268054645407
2025-10-07 16:03:03.338,5.555897058302435,7.981976569944891,4.678575531777824,6.973084455321441
2025-10-07 16:03:03.549,5.5572396153238515,7.981739648117582,4.679918088799241,6.97332137714875
2025-10-07 16:03:03.762,5.557397563208724,7.980791960808347,4.678812453605133,6.9723736898395146
2025-10-07 16:03:03.974,5.557397563208724,7.982134517829763,4.6810237239933485,6.9723736898395146
2025-10-07 16:03:04.186,5.556528849841925,7.981502726290273,4.6787334796626965,6.973163429263877
2025-10-07 16:03:04.397,5.556133980129744,7.981818622060018,4.678970401490005,6.974427012342858
2025-10-07 16:03:04.610,5.555739110417562,7.980949908693219,4.681181671878221,6.9729265074365685
2025-10-07 16:03:04.822,5.5558180843599985,7.9818975960024545,4.679128349374878,6.974190090515549
2025-10-07 16:03:05.034,5.555897058302435,7.981107856578092,4.679681166971932,6.973558298976059
2025-10-07 16:03:05.246,5.555897058302435,7.982055543887327,4.679128349374878,6.9749008559974754
2025-10-07 16:03:05.459,5.557555511093597,7.981502726290273,4.679760140914368,6.974427012342858
2025-10-07 16:03:05.671,5.556055006187307,7.980002221383984,4.679049375432442,6.973795220803368
2025-10-07 16:03:05.883,5.556133980129744,7.982924257254126,4.679049375432442,6.975137777824784
2025-10-07 16:03:06.094,5.55558116253269,7.981107856578092,4.6796021930294955,6.974190090515549
2025-10-07 16:03:06.307,5.557002693496543,7.981107856578092,4.679049375432442,6.975611621479402
2025-10-07 16:03:06.519,5.5572396153238515,7.982292465714636,4.6796021930294955,6.97458496022773
2025-10-07 16:03:06.731,5.5566867977267975,7.9824504135995085,4.67865450572026,6.975216751767221
2025-10-07 16:03:06.943,5.55558116253269,7.980870934750783,4.681497567647966,6.975532647536966
2025-10-07 16:03:07.153,5.55621295407218,7.981502726290273,4.680391932453858,6.975216751767221
2025-10-07 16:03:07.364,5.5566867977267975,7.9822134917722,4.679839114856804,6.9757695693642745
2025-10-07 16:03:07.579,5.555976032244871,7.983003231196562,4.67865450572026,6.975848543306711
2025-10-07 16:03:07.791,5.556291928014616,7.981581700232709,4.6787334796626965,6.976164439076456
2025-10-07 16:03:08.003,5.55621295407218,7.981186830520528,4.6796021930294955,6.976480334846201
2025-10-07 16:03:08.214,5.556291928014616,7.982766309369254,4.681102697935785,6.978138787637363
2025-10-07 16:03:08.426,5.55621295407218,7.983240153023871,4.678891427547569,6.978454683407108
2025-10-07 16:03:08.637,5.556133980129744,7.982687335426817,4.678259636008079,6.976559308788637
2025-10-07 16:03:08.848,5.557081667438979,7.981660674175146,4.680312958511422,6.976875204558382
2025-10-07 16:03:09.061,5.557634485036033,7.982134517829763,4.680628854281167,6.977585970040309
2025-10-07 16:03:09.272,5.55684474561167,7.981265804462964,4.679128349374878,6.978138787637363
2025-10-07 16:03:09.483,5.556370901957052,7.981344778405401,4.681260645820657,6.977822891867618
2025-10-07 16:03:09.696,5.5558180843599985,7.982766309369254,4.679128349374878,6.977822891867618
2025-10-07 16:03:09.909,5.557002693496543,7.982055543887327,4.679207323317314,6.978454683407108
2025-10-07 16:03:10.121,5.556765771669234,7.9818975960024545,4.679365271202187,6.978849553119289
2025-10-07 16:03:10.332,5.55621295407218,7.9824504135995085,4.679207323317314,6.978296735522235
2025-10-07 16:03:10.545,5.556133980129744,7.98071298686591,4.681971411302584,6.978770579176853
2025-10-07 16:03:10.761,5.5572396153238515,7.981265804462964,4.679681166971932,6.97948134465878
2025-10-07 16:03:10.973,5.557634485036033,7.981976569944891,4.679444245144623,6.979560318601216
2025-10-07 16:03:11.184,5.557713458978469,7.980791960808347,4.67928629725975,6.979402370716343
2025-10-07 16:03:11.395,5.556765771669234,7.982292465714636,4.67865450572026,6.979402370716343
2025-10-07 16:03:11.606,5.556133980129744,7.9822134917722,4.681892437360148,6.98137671927725
2025-10-07 16:03:11.818,5.5566867977267975,7.9824504135995085,4.682208333129893,6.980271084083142
2025-10-07 16:03:12.029,5.557002693496543,7.981581700232709,4.679049375432442,6.980350058025579
2025-10-07 16:03:12.240,5.556528849841925,7.981581700232709,4.679839114856804,6.98011313619827
2025-10-07 16:03:12.451,5.5572396153238515,7.983556048793616,4.679760140914368,6.980508005910451
2025-10-07 16:03:12.662,5.556055006187307,7.982529387541945,4.678891427547569,6.981139797449941
2025-10-07 16:03:12.874,5.55684474561167,7.982134517829763,4.6796021930294955,6.980665953795324
2025-10-07 16:03:13.085,5.5566867977267975,7.98284528331169,4.6796021930294955,6.982087484759177
2025-10-07 16:03:13.296,5.556291928014616,7.982371439657072,4.679128349374878,6.982482354471358
2025-10-07 16:03:13.507,5.557713458978469,7.981660674175146,4.680233984568986,6.983351067838157
2025-10-07 16:03:13.719,5.5566867977267975,7.981739648117582,4.679523219087059,6.982087484759177
2025-10-07 16:03:13.931,5.555976032244871,7.981265804462964,4.679523219087059,6.982087484759177
2025-10-07 16:03:14.141,5.55621295407218,7.98347707485118,4.679365271202187,6.983587989665466
2025-10-07 16:03:14.353,5.5566867977267975,7.98284528331169,4.6796021930294955,6.982561328413794
2025-10-07 16:03:14.564,5.557792432920905,7.981660674175146,4.682129359187456,6.982324406586486
2025-10-07 16:03:14.775,5.555976032244871,7.982924257254126,4.679760140914368,6.983351067838157
2025-10-07 16:03:14.986,5.55621295407218,7.980791960808347,4.679523219087059,6.98350901572303
2025-10-07 16:03:15.197,5.556607823784361,7.981107856578092,4.68078680216604,6.98350901572303
2025-10-07 16:03:15.408,5.556370901957052,7.981976569944891,4.679918088799241,6.98414080726252
2025-10-07 16:03:15.619,5.5566867977267975,7.982292465714636,4.6810237239933485,6.985799260053682
2025-10-07 16:03:15.830,5.55684474561167,7.981265804462964,4.679049375432442,6.983114146010848
2025-10-07 16:03:16.042,5.556607823784361,7.982055543887327,4.678970401490005,6.983666963607902
2025-10-07 16:03:16.253,5.556765771669234,7.980949908693219,4.681734489475275,6.984219781204956
2025-10-07 16:03:16.464,5.5566867977267975,7.982292465714636,4.678891427547569,6.985483364283937
2025-10-07 16:03:16.675,5.556133980129744,7.981186830520528,4.679523219087059,6.984456703032265
2025-10-07 16:03:16.887,5.556449875899489,7.9822134917722,4.679444245144623,6.986115155823427
2025-10-07 16:03:17.098,5.556923719554106,7.980870934750783,4.6796021930294955,6.9857202861112455
2025-10-07 16:03:17.309,5.557160641381415,7.983082205138999,4.679365271202187,6.985483364283937
2025-10-07 16:03:17.520,5.556370901957052,7.981976569944891,4.6796021930294955,6.9854043903415
2025-10-07 16:03:17.732,5.55684474561167,7.982055543887327,4.679523219087059,6.985799260053682
2025-10-07 16:03:17.943,5.557002693496543,7.982134517829763,4.679997062741677,6.9854043903415
2025-10-07 16:03:18.154,5.556133980129744,7.983161179081435,4.679760140914368,6.986983869190226
2025-10-07 16:03:18.366,5.557397563208724,7.982292465714636,4.679760140914368,6.985878233996118
2025-10-07 16:03:18.576,5.556449875899489,7.980634012923474,4.679365271202187,6.986983869190226
2025-10-07 16:03:18.787,5.556765771669234,7.98071298686591,4.680076036684113,6.9862731037082995
2025-10-07 16:03:18.999,5.558345250517959,7.983003231196562,4.6801550106265495,6.987062843132662
2025-10-07 16:03:19.209,5.55621295407218,7.981107856578092,4.680628854281167,6.9871418170750985
2025-10-07 16:03:19.420,5.556607823784361,7.981818622060018,4.679839114856804,6.987931556499461
2025-10-07 16:03:19.631,5.557318589266288,7.981581700232709,4.679523219087059,6.987457712844844
2025-10-07 16:03:19.842,5.556923719554106,7.981107856578092,4.679839114856804,6.986746947362917
2025-10-07 16:03:20.054,5.55621295407218,7.981265804462964,4.68078680216604,6.987931556499461
2025-10-07 16:03:20.265,5.556923719554106,7.981581700232709,4.681971411302584,6.987457712844844
2025-10-07 16:03:20.477,5.556765771669234,7.981186830520528,4.681102697935785,6.9885633480389515
2025-10-07 16:03:20.688,5.556449875899489,7.982529387541945,4.67928629725975,6.988405400154079
2025-10-07 16:03:20.900,5.556370901957052,7.981344778405401,4.681497567647966,6.990853592369604
2025-10-07 16:03:21.111,5.555976032244871,7.983240153023871,4.680312958511422,6.9891161656360055
2025-10-07 16:03:21.323,5.556607823784361,7.9824504135995085,4.679997062741677,6.988484374096515
2025-10-07 16:03:21.536,5.556923719554106,7.982529387541945,4.679839114856804,6.989590009290623
2025-10-07 16:03:21.748,5.556607823784361,7.981818622060018,4.6801550106265495,6.990616670542295
2025-10-07 16:03:21.961,5.557397563208724,7.983003231196562,4.680076036684113,6.989747957175496
2025-10-07 16:03:22.173,5.557160641381415,7.981107856578092,4.679128349374878,6.991327436024221
2025-10-07 16:03:22.384,5.557318589266288,7.98071298686591,4.679997062741677,6.989905905060368
2025-10-07 16:03:22.596,5.556370901957052,7.981660674175146,4.679760140914368,6.990379748714986
2025-10-07 16:03:22.807,5.557950380805778,7.981502726290273,4.680076036684113,6.990221800830113
2025-10-07 16:03:23.018,5.556449875899489,7.982055543887327,4.67928629725975,6.991485383909094
2025-10-07 16:03:23.231,5.557081667438979,7.980318117153729,4.6796021930294955,6.991011540254476
2025-10-07 16:03:23.442,5.556528849841925,7.981660674175146,4.680233984568986,6.992275123333457
2025-10-07 16:03:23.653,5.556765771669234,7.981739648117582,4.680549880338731,6.991090514196912
2025-10-07 16:03:23.864,5.556449875899489,7.981581700232709,4.679681166971932,6.9914064099666575
2025-10-07 16:03:24.076,5.556370901957052,7.981265804462964,4.680470906396295,6.991248462081785
2025-10-07 16:03:24.287,5.556607823784361,7.982292465714636,4.68205038524502,6.991722305736403
2025-10-07 16:03:24.498,5.558029354748214,7.982292465714636,4.679444245144623,6.992038201506148
2025-10-07 16:03:24.710,5.5572396153238515,7.981976569944891,4.680391932453858,6.993459732470001
2025-10-07 16:03:24.922,5.557002693496543,7.981818622060018,4.681971411302584,6.992433071218329
2025-10-07 16:03:25.134,5.557160641381415,7.9824504135995085,4.681813463417711,6.993933576124618
2025-10-07 16:03:25.344,5.5572396153238515,7.981581700232709,4.682761150726947,6.9928279409305105
2025-10-07 16:03:25.556,5.557160641381415,7.982292465714636,4.679760140914368,6.993459732470001
2025-10-07 16:03:25.767,5.556923719554106,7.981976569944891,4.680233984568986,6.992591019103202
2025-10-07 16:03:25.980,5.557160641381415,7.982924257254126,4.682366281014765,6.9933807585275645
2025-10-07 16:03:26.192,5.557002693496543,7.980870934750783,4.679523219087059,6.99369665429731
2025-10-07 16:03:26.404,5.558582172345268,7.983792970620925,4.679839114856804,6.993775628239746
2025-10-07 16:03:26.617,5.557397563208724,7.981660674175146,4.679760140914368,6.993854602182182
2025-10-07 16:03:26.829,5.557318589266288,7.981739648117582,4.6801550106265495,6.994486393721672
2025-10-07 16:03:27.041,5.557002693496543,7.9818975960024545,4.682366281014765,6.9943284458368
2025-10-07 16:03:27.252,5.557634485036033,7.982292465714636,4.679997062741677,6.9943284458368
2025-10-07 16:03:27.463,5.557555511093597,7.981818622060018,4.6824452549572015,6.996697664109888
2025-10-07 16:03:27.673,5.557397563208724,7.9822134917722,4.679760140914368,6.995039211318726
2025-10-07 16:03:27.885,5.558029354748214,7.981344778405401,4.680233984568986,6.99559202891578
2025-10-07 16:03:28.097,5.557002693496543,7.981265804462964,4.6796021930294955,6.995355107088471
2025-10-07 16:03:28.308,5.557318589266288,7.982134517829763,4.6801550106265495,6.996697664109888
2025-10-07 16:03:28.520,5.557397563208724,7.982134517829763,4.680233984568986,6.9962238204552705
2025-10-07 16:03:28.732,5.557318589266288,7.981818622060018,4.680233984568986,6.995355107088471
2025-10-07 16:03:28.944,5.5572396153238515,7.982055543887327,4.679918088799241,6.995828950743089
2025-10-07 16:03:29.154,5.55684474561167,7.9824504135995085,4.680312958511422,6.996065872570398
2025-10-07 16:03:29.365,5.5566867977267975,7.981502726290273,4.6801550106265495,6.997803299303996
2025-10-07 16:03:29.577,5.5572396153238515,7.982134517829763,4.679997062741677,6.996697664109888
2025-10-07 16:03:29.788,5.5566867977267975,7.981344778405401,4.679997062741677,6.996934585937197
2025-10-07 16:03:30.000,5.557081667438979,7.981818622060018,4.680076036684113,6.997408429591815
2025-10-07 16:03:30.212,5.557397563208724,7.982134517829763,4.679760140914368,6.997171507764506
2025-10-07 16:03:30.426,5.557081667438979,7.981976569944891,4.682208333129893,6.9985140647859225
2025-10-07 16:03:30.637,5.55621295407218,7.981186830520528,4.680549880338731,6.998198169016177
2025-10-07 16:03:30.849,5.556923719554106,7.981818622060018,4.680549880338731,6.9976453514191235
2025-10-07 16:03:31.060,5.557081667438979,7.981581700232709,4.679918088799241,6.998198169016177
2025-10-07 16:03:31.271,5.556370901957052,7.981423752347837,4.680549880338731,6.998593038728359
2025-10-07 16:03:31.482,5.5566867977267975,7.981739648117582,4.680628854281167,6.998277142958614
2025-10-07 16:03:31.694,5.5566867977267975,7.981344778405401,4.680391932453858,6.998435090843486
2025-10-07 16:03:31.905,5.556923719554106,7.9810288826356555,4.682524228899638,6.998750986613231
2025-10-07 16:03:32.117,5.557160641381415,7.980870934750783,4.680549880338731,6.999382778152722
2025-10-07 16:03:32.328,5.55747653715116,7.9810288826356555,4.681181671878221,6.999145856325413
2025-10-07 16:03:32.539,5.557081667438979,7.981581700232709,4.680470906396295,7.000014569692212
2025-10-07 16:03:32.751,5.557318589266288,7.9822134917722,4.680707828223603,7.000172517577084
2025-10-07 16:03:32.963,5.557397563208724,7.981502726290273,4.680233984568986,7.000014569692212
2025-10-07 16:03:33.175,5.558187302633087,7.9818975960024545,4.680391932453858,7.000093543634648
2025-10-07 16:03:33.386,5.557634485036033,7.982924257254126,4.681339619763094,7.000567387289266
2025-10-07 16:03:33.597,5.5572396153238515,7.981976569944891,4.681181671878221,7.002225840080428
2025-10-07 16:03:33.809,5.557160641381415,7.982687335426817,4.679918088799241,7.000883283059011
2025-10-07 16:03:34.019,5.557318589266288,7.982766309369254,4.6801550106265495,7.00112020488632
2025-10-07 16:03:34.230,5.558424224460396,7.981976569944891,4.682208333129893,7.00112020488632
2025-10-07 16:03:34.442,5.557397563208724,7.982292465714636,4.681734489475275,7.001199178828756
2025-10-07 16:03:34.653,5.5572396153238515,7.981660674175146,4.679997062741677,7.0019099443106825
2025-10-07 16:03:34.866,5.557081667438979,7.9824504135995085,4.680391932453858,7.001278152771192
2025-10-07 16:03:35.077,5.557081667438979,7.982292465714636,4.680233984568986,7.004042240756462
2025-10-07 16:03:35.290,5.557950380805778,7.982766309369254,4.679681166971932,7.00175199642581
2025-10-07 16:03:35.501,5.558029354748214,7.981739648117582,4.681102697935785,7.003726344986717
2025-10-07 16:03:35.713,5.557081667438979,7.981818622060018,4.679760140914368,7.004595058353516
2025-10-07 16:03:35.925,5.55684474561167,7.982608361484381,4.679918088799241,7.0027786576774815
2025-10-07 16:03:36.136,5.558424224460396,7.981423752347837,4.680391932453858,7.003726344986717
2025-10-07 16:03:36.348,5.557318589266288,7.98347707485118,4.682208333129893,7.002541735850173
2025-10-07 16:03:36.559,5.558582172345268,7.982608361484381,4.6810237239933485,7.003647371044281
2025-10-07 16:03:36.770,5.557397563208724,7.981581700232709,4.679839114856804,7.004042240756462
2025-10-07 16:03:36.982,5.557555511093597,7.981186830520528,4.681260645820657,7.003884292871589
2025-10-07 16:03:37.195,5.557713458978469,7.981186830520528,4.68205038524502,7.00451608441108
2025-10-07 16:03:37.407,5.557713458978469,7.982292465714636,4.680628854281167,7.003963266814026
2025-10-07 16:03:37.618,5.557555511093597,7.981502726290273,4.680865776108476,7.00514787595057
2025-10-07 16:03:37.829,5.557871406863342,7.982292465714636,4.682761150726947,7.006016589317369
2025-10-07 16:03:38.040,5.5572396153238515,7.981739648117582,4.680865776108476,7.006569406914423
2025-10-07 16:03:38.251,5.557792432920905,7.981502726290273,4.680549880338731,7.005226849893006
2025-10-07 16:03:38.463,5.557555511093597,7.982134517829763,4.68078680216604,7.006016589317369
2025-10-07 16:03:38.674,5.557160641381415,7.981265804462964,4.680707828223603,7.005858641432496
2025-10-07 16:03:38.885,5.557871406863342,7.982055543887327,4.681813463417711,7.00514787595057
2025-10-07 16:03:39.095,5.557871406863342,7.9818975960024545,4.682287307072329,7.005937615374933
2025-10-07 16:03:39.306,5.557555511093597,7.981344778405401,4.682919098611819,7.005858641432496
2025-10-07 16:03:39.518,5.557950380805778,7.981502726290273,4.680391932453858,7.0070432505690405
2025-10-07 16:03:39.730,5.557713458978469,7.981818622060018,4.680076036684113,7.0061745372022415
2025-10-07 16:03:39.941,5.557950380805778,7.982055543887327,4.681260645820657,7.006648380856859
2025-10-07 16:03:40.153,5.557555511093597,7.981265804462964,4.6810237239933485,7.007832989993403
2025-10-07 16:03:40.364,5.557792432920905,7.981107856578092,4.680391932453858,7.006964276626604
2025-10-07 16:03:40.576,5.557792432920905,7.981976569944891,4.683234994381564,7.007832989993403
2025-10-07 16:03:40.789,5.557634485036033,7.981107856578092,4.680470906396295,7.0075960681660945
2025-10-07 16:03:40.999,5.5572396153238515,7.982766309369254,4.680707828223603,7.007754016050967
2025-10-07 16:03:41.211,5.557792432920905,7.981660674175146,4.680628854281167,7.008622729417766
2025-10-07 16:03:41.422,5.557871406863342,7.982371439657072,4.68078680216604,7.008148885763148
2025-10-07 16:03:41.634,5.557713458978469,7.982529387541945,4.680233984568986,7.0084647815328935
2025-10-07 16:03:41.846,5.557634485036033,7.982134517829763,4.680944750050912,7.007990937878276
2025-10-07 16:03:42.058,5.557950380805778,7.983082205138999,4.680865776108476,7.00917554701482
2025-10-07 16:03:42.269,5.558424224460396,7.981423752347837,4.680312958511422,7.008780677302639
2025-10-07 16:03:42.480,5.5581083286906505,7.982134517829763,4.680944750050912,7.009728364611874
2025-10-07 16:03:42.691,5.558424224460396,7.981344778405401,4.6815765415904025,7.010991947690854
2025-10-07 16:03:42.902,5.557634485036033,7.98284528331169,4.68205038524502,7.009649390669438
2025-10-07 16:03:43.114,5.55747653715116,7.982608361484381,4.6810237239933485,7.009570416727001
2025-10-07 16:03:43.325,5.55747653715116,7.981976569944891,4.680076036684113,7.010044260381619
2025-10-07 16:03:43.537,5.558345250517959,7.981265804462964,4.681339619763094,7.012413478654707
2025-10-07 16:03:43.750,5.557318589266288,7.980791960808347,4.680707828223603,7.0113078434605995
2025-10-07 16:03:43.961,5.55747653715116,7.9824504135995085,4.681181671878221,7.010676051921109
2025-10-07 16:03:44.172,5.5572396153238515,7.982055543887327,4.683077046496692,7.011228869518163
2025-10-07 16:03:44.383,5.557792432920905,7.981818622060018,4.68141859370553,7.011228869518163
2025-10-07 16:03:44.595,5.558424224460396,7.981344778405401,4.681497567647966,7.011544765287908
2025-10-07 16:03:44.806,5.557713458978469,7.983240153023871,4.682287307072329,7.011070921633291
2025-10-07 16:03:45.017,5.558582172345268,7.9822134917722,4.680312958511422,7.0118606610576535
2025-10-07 16:03:45.229,5.557713458978469,7.981344778405401,4.680628854281167,7.013045270194198
2025-10-07 16:03:45.440,5.5586611462877045,7.980949908693219,4.680707828223603,7.012097582884962
2025-10-07 16:03:45.653,5.557792432920905,7.982766309369254,4.681971411302584,7.01320321807907
2025-10-07 16:03:45.864,5.557713458978469,7.982134517829763,4.68141859370553,7.0127293744244525
2025-10-07 16:03:46.075,5.557713458978469,7.981344778405401,4.682208333129893,7.012808348366889
2025-10-07 16:03:46.287,5.557555511093597,7.981581700232709,4.682129359187456,7.012887322309325
2025-10-07 16:03:46.498,5.5581083286906505,7.982371439657072,4.680391932453858,7.013992957503433
2025-10-07 16:03:46.710,5.557634485036033,7.982371439657072,4.680944750050912,7.013124244136634
2025-10-07 16:03:46.921,5.557713458978469,7.980791960808347,4.68141859370553,7.014229879330742
2025-10-07 16:03:47.133,5.55747653715116,7.981818622060018,4.680865776108476,7.013677061733688
2025-10-07 16:03:47.344,5.557713458978469,7.980791960808347,4.681734489475275,7.014071931445869
2025-10-07 16:03:47.556,5.557397563208724,7.9822134917722,4.680470906396295,7.014229879330742
2025-10-07 16:03:47.767,5.558424224460396,7.981502726290273,4.6810237239933485,7.014308853273178
2025-10-07 16:03:47.979,5.557792432920905,7.982371439657072,4.680470906396295,7.014308853273178
2025-10-07 16:03:48.191,5.558345250517959,7.981265804462964,4.683392942266437,7.015177566639977
2025-10-07 16:03:48.403,5.558424224460396,7.982055543887327,4.68205038524502,7.0155724363521585
2025-10-07 16:03:48.614,5.559056015999886,7.981739648117582,4.68141859370553,7.015414488467286
2025-10-07 16:03:48.826,5.558187302633087,7.980634012923474,4.681813463417711,7.014940644812668
2025-10-07 16:03:49.038,5.557634485036033,7.981581700232709,4.680944750050912,7.015809358179467
2025-10-07 16:03:49.249,5.558187302633087,7.982134517829763,4.681339619763094,7.015098592697541
2025-10-07 16:03:49.461,5.558029354748214,7.9810288826356555,4.680707828223603,7.01596730606434
2025-10-07 16:03:49.673,5.557950380805778,7.983950918505798,4.680944750050912,7.016836019431139
2025-10-07 16:03:49.886,5.5581083286906505,7.982055543887327,4.681102697935785,7.016204227891649
2025-10-07 16:03:50.097,5.559213963884758,7.981976569944891,4.68141859370553,7.017941654625247
2025-10-07 16:03:50.310,5.557634485036033,7.982134517829763,4.683471916208873,7.018336524337428
2025-10-07 16:03:50.522,5.558503198402832,7.981107856578092,4.6824452549572015,7.017388837028193
2025-10-07 16:03:50.734,5.557871406863342,7.981739648117582,4.683392942266437,7.0175467849130655
2025-10-07 16:03:50.946,5.557950380805778,7.981265804462964,4.681813463417711,7.016914993373575
2025-10-07 16:03:51.158,5.557871406863342,7.981107856578092,4.68141859370553,7.01723088914332
2025-10-07 16:03:51.370,5.558029354748214,7.983398100908744,4.681102697935785,7.019047289819355
2025-10-07 16:03:51.582,5.558424224460396,7.9818975960024545,4.682761150726947,7.019679081358845
2025-10-07 16:03:51.792,5.55897704205745,7.982055543887327,4.681181671878221,7.018494472222301
2025-10-07 16:03:52.004,5.557871406863342,7.981976569944891,4.681497567647966,7.0184154982798646
2025-10-07 16:03:52.216,5.5586611462877045,7.981976569944891,4.68078680216604,7.020310872898335
2025-10-07 16:03:52.428,5.558029354748214,7.982292465714636,4.681102697935785,7.01873139404961
2025-10-07 16:03:52.639,5.55747653715116,7.982055543887327,4.681260645820657,7.019126263761791
2025-10-07 16:03:52.851,5.557555511093597,7.982371439657072,4.6810237239933485,7.019047289819355
2025-10-07 16:03:53.063,5.558187302633087,7.981660674175146,4.683550890151309,7.019442159531536
2025-10-07 16:03:53.274,5.558187302633087,7.980555038981038,4.680944750050912,7.020073951071026
2025-10-07 16:03:53.486,5.557871406863342,7.982055543887327,4.682761150726947,7.019679081358845
2025-10-07 16:03:53.697,5.557792432920905,7.981739648117582,4.680628854281167,7.019916003186154
2025-10-07 16:03:53.909,5.5581083286906505,7.981818622060018,4.680944750050912,7.021890351747061
2025-10-07 16:03:54.120,5.557713458978469,7.982292465714636,4.683471916208873,7.020152925013463
2025-10-07 16:03:54.332,5.557950380805778,7.981502726290273,4.681260645820657,7.0226800911714236
2025-10-07 16:03:54.545,5.558345250517959,7.982134517829763,4.68141859370553,7.0212585602075706
2025-10-07 16:03:54.755,5.558187302633087,7.9824504135995085,4.680628854281167,7.021416508092443
2025-10-07 16:03:54.965,5.558266276575523,7.981976569944891,4.681813463417711,7.022206247516806
2025-10-07 16:03:55.175,5.557634485036033,7.981344778405401,4.683234994381564,7.0218113778046245
2025-10-07 16:03:55.385,5.558424224460396,7.981186830520528,4.680549880338731,7.021653429919752
2025-10-07 16:03:55.595,5.557871406863342,7.981739648117582,4.681497567647966,7.023943674250404
2025-10-07 16:03:55.804,5.557713458978469,7.982134517829763,4.6810237239933485,7.021732403862188
2025-10-07 16:03:56.013,5.558187302633087,7.981976569944891,4.681181671878221,7.02275906511386
2025-10-07 16:03:56.223,5.558898068115013,7.9804760650386015,4.68078680216604,7.022443169344115
2025-10-07 16:03:56.433,5.559134989942322,7.982292465714636,4.6810237239933485,7.02275906511386
2025-10-07 16:03:56.643,5.557713458978469,7.980870934750783,4.683392942266437,7.022995986941169
2025-10-07 16:03:56.852,5.558266276575523,7.981186830520528,4.68141859370553,7.024733413674767
2025-10-07 16:03:57.062,5.558345250517959,7.9818975960024545,4.683945759863491,7.0246544397323305
2025-10-07 16:03:57.273,5.558187302633087,7.980949908693219,4.680865776108476,7.023548804538223
2025-10-07 16:03:57.483,5.558187302633087,7.981739648117582,4.681655515532839,7.0246544397323305
2025-10-07 16:03:57.693,5.558187302633087,7.981502726290273,4.6824452549572015,7.02402264819284
2025-10-07 16:03:57.903,5.5586611462877045,7.981581700232709,4.681813463417711,7.024733413674767
2025-10-07 16:03:58.114,5.558582172345268,7.982292465714636,4.68078680216604,7.025049309444512
2025-10-07 16:03:58.324,5.557950380805778,7.981976569944891,4.683077046496692,7.024733413674767
2025-10-07 16:03:58.534,5.55897704205745,7.982292465714636,4.681339619763094,7.0252072573293844
2025-10-07 16:03:58.745,5.5581083286906505,7.981976569944891,4.680707828223603,7.024891361559639
2025-10-07 16:03:58.954,5.5581083286906505,7.982134517829763,4.682840124669383,7.025444179156693
2025-10-07 16:03:59.165,5.558345250517959,7.981423752347837,4.681260645820657,7.02552315309913
2025-10-07 16:03:59.375,5.558819094172577,7.981739648117582,4.681339619763094,7.026312892523492
2025-10-07 16:03:59.585,5.558740120230141,7.980555038981038,4.680865776108476,7.027181605890291
2025-10-07 16:03:59.795,5.559213963884758,7.981344778405401,4.683787811978618,7.026312892523492
2025-10-07 16:04:00.005,5.558345250517959,7.983082205138999,4.681971411302584,7.025918022811311
2025-10-07 16:04:00.215,5.558424224460396,7.981265804462964,4.681497567647966,7.0280503192570905
2025-10-07 16:04:00.425,5.558424224460396,7.983792970620925,4.68078680216604,7.026549814350801
2025-10-07 16:04:00.635,5.558266276575523,7.981265804462964,4.683156020439128,7.02678673617811
2025-10-07 16:04:00.845,5.5581083286906505,7.983398100908744,4.6810237239933485,7.0274185277176
2025-10-07 16:04:01.055,5.557950380805778,7.982055543887327,4.68141859370553,7.027576475602473
2025-10-07 16:04:01.265,5.558187302633087,7.981186830520528,4.682287307072329,7.027181605890291
2025-10-07 16:04:01.475,5.558266276575523,7.981186830520528,4.681497567647966,7.028129293199527
2025-10-07 16:04:01.685,5.558029354748214,7.981265804462964,4.681339619763094,7.028998006566326
2025-10-07 16:04:01.896,5.5581083286906505,7.9810288826356555,4.68141859370553,7.027971345314654
2025-10-07 16:04:02.106,5.558819094172577,7.981739648117582,4.681734489475275,7.029313902336071
2025-10-07 16:04:02.317,5.55897704205745,7.981265804462964,4.681102697935785,7.030261589645306
2025-10-07 16:04:02.527,5.559213963884758,7.980791960808347,4.683787811978618,7.029866719933125
2025-10-07 16:04:02.737,5.558819094172577,7.982134517829763,4.681813463417711,7.029866719933125
2025-10-07 16:04:02.948,5.5586611462877045,7.981818622060018,4.6838667859210545,7.028603136854144
2025-10-07 16:04:03.159,5.559134989942322,7.981660674175146,4.6810237239933485,7.0294718502209435
2025-10-07 16:04:03.369,5.559056015999886,7.982608361484381,4.681892437360148,7.028998006566326
2025-10-07 16:04:03.580,5.558582172345268,7.982134517829763,4.681813463417711,7.029866719933125
2025-10-07 16:04:03.790,5.558819094172577,7.981581700232709,4.681497567647966,7.029313902336071
2025-10-07 16:04:04.002,5.558819094172577,7.980949908693219,4.6815765415904025,7.03018261570287
2025-10-07 16:04:04.213,5.5595298596545035,7.981423752347837,4.682919098611819,7.030419537530179
2025-10-07 16:04:04.423,5.559924729366685,7.9818975960024545,4.681260645820657,7.029945693875561
2025-10-07 16:04:04.634,5.5586611462877045,7.981502726290273,4.681813463417711,7.031288250896978
2025-10-07 16:04:04.844,5.557713458978469,7.981660674175146,4.681892437360148,7.03081440724236
2025-10-07 16:04:05.054,5.558266276575523,7.982766309369254,4.6824452549572015,7.031051329069669
2025-10-07 16:04:05.264,5.559134989942322,7.9824504135995085,4.6810237239933485,7.031604146666723
2025-10-07 16:04:05.474,5.557792432920905,7.981818622060018,4.681813463417711,7.03294670368814
2025-10-07 16:04:05.683,5.5586611462877045,7.981581700232709,4.68141859370553,7.032077990321341
2025-10-07 16:04:05.894,5.558819094172577,7.98347707485118,4.682840124669383,7.03357849522763
2025-10-07 16:04:06.103,5.558503198402832,7.982529387541945,4.681497567647966,7.032393886091086
2025-10-07 16:04:06.313,5.558819094172577,7.982055543887327,4.6810237239933485,7.032393886091086
2025-10-07 16:04:06.524,5.5586611462877045,7.981818622060018,4.680865776108476,7.032077990321341
2025-10-07 16:04:06.733,5.559450885712067,7.9824504135995085,4.681181671878221,7.033341573400321
2025-10-07 16:04:06.943,5.558503198402832,7.981502726290273,4.681339619763094,7.03294670368814
2025-10-07 16:04:07.153,5.558266276575523,7.981581700232709,4.681260645820657,7.033104651573012
2025-10-07 16:04:07.362,5.558898068115013,7.980634012923474,4.683313968324001,7.03484207830661
2025-10-07 16:04:07.573,5.559292937827195,7.981581700232709,4.68141859370553,7.033420547342757
2025-10-07 16:04:07.783,5.558898068115013,7.981739648117582,4.681339619763094,7.0337364431125025
2025-10-07 16:04:07.993,5.558582172345268,7.9822134917722,4.6810237239933485,7.035236948018792
2025-10-07 16:04:08.204,5.5586611462877045,7.982055543887327,4.681260645820657,7.033262599457885
2025-10-07 16:04:08.414,5.559134989942322,7.982292465714636,4.68205038524502,7.036105661385591
2025-10-07 16:04:08.624,5.5586611462877045,7.982371439657072,4.684103707748363,7.035473869846101
2025-10-07 16:04:08.838,5.558345250517959,7.981739648117582,4.682919098611819,7.035394895903664
2025-10-07 16:04:09.049,5.558740120230141,7.981739648117582,4.681260645820657,7.034526182536865
2025-10-07 16:04:09.262,5.5581083286906505,7.9822134917722,4.6810237239933485,7.0346051564793015
2025-10-07 16:04:09.472,5.558819094172577,7.980239143211293,4.681655515532839,7.035552843788537
2025-10-07 16:04:09.685,5.558266276575523,7.9824504135995085,4.68141859370553,7.034921052249047
2025-10-07 16:04:09.899,5.559213963884758,7.981502726290273,4.681497567647966,7.035789765615846
2025-10-07 16:04:10.109,5.558819094172577,7.9824504135995085,4.681260645820657,7.035315921961228
2025-10-07 16:04:10.320,5.558187302633087,7.982529387541945,4.681339619763094,7.035789765615846
2025-10-07 16:04:10.530,5.5586611462877045,7.981344778405401,4.681813463417711,7.0351579740763555
2025-10-07 16:04:10.740,5.558819094172577,7.981423752347837,4.681892437360148,7.036816426867517
2025-10-07 16:04:10.950,5.558424224460396,7.982134517829763,4.681655515532839,7.036263609270463
2025-10-07 16:04:11.160,5.558582172345268,7.981976569944891,4.681260645820657,7.038711801485988
2025-10-07 16:04:11.370,5.558582172345268,7.9818975960024545,4.68205038524502,7.036421557155336
2025-10-07 16:04:11.580,5.558898068115013,7.980949908693219,4.682366281014765,7.03760616629188
2025-10-07 16:04:11.790,5.558740120230141,7.981502726290273,4.6824452549572015,7.0380010360040615
2025-10-07 16:04:12.000,5.559292937827195,7.980870934750783,4.681813463417711,7.037290270522135
2025-10-07 16:04:12.209,5.558740120230141,7.981502726290273,4.681655515532839,7.037211296579699
2025-10-07 16:04:12.419,5.559371911769631,7.981107856578092,4.6844196035181085,7.0380010360040615
2025-10-07 16:04:12.629,5.559056015999886,7.981344778405401,4.684024733805927,7.037922062061625
2025-10-07 16:04:12.843,5.55897704205745,7.982055543887327,4.684103707748363,7.0388697493708605
2025-10-07 16:04:13.054,5.558898068115013,7.9818975960024545,4.683550890151309,7.038553853601115
2025-10-07 16:04:13.263,5.559134989942322,7.981502726290273,4.6838667859210545,7.0388697493708605
2025-10-07 16:04:13.473,5.5586611462877045,7.982055543887327,4.682208333129893,7.039896410622532
2025-10-07 16:04:13.684,5.559134989942322,7.981818622060018,4.682129359187456,7.038632827543552
2025-10-07 16:04:13.897,5.55897704205745,7.982134517829763,4.682208333129893,7.039659488795223
2025-10-07 16:04:14.108,5.559056015999886,7.981818622060018,4.681813463417711,7.0402912803347135
2025-10-07 16:04:14.320,5.559134989942322,7.981502726290273,4.681813463417711,7.03973846273766
2025-10-07 16:04:14.531,5.55897704205745,7.982134517829763,4.681497567647966,7.039896410622532
2025-10-07 16:04:14.745,5.559056015999886,7.981739648117582,4.683708838036182,7.04100204581664
2025-10-07 16:04:14.955,5.559134989942322,7.982608361484381,4.684024733805927,7.040607176104459
2025-10-07 16:04:15.168,5.559450885712067,7.983556048793616,4.682129359187456,7.040133332449841
2025-10-07 16:04:15.378,5.558819094172577,7.9824504135995085,4.6824452549572015,7.041081019759076
2025-10-07 16:04:15.589,5.558740120230141,7.981581700232709,4.682366281014765,7.040449228219586
2025-10-07 16:04:15.800,5.559687807539376,7.981739648117582,4.68205038524502,7.041475889471258
2025-10-07 16:04:16.017,5.5595298596545035,7.9822134917722,4.682603202842074,7.0417128112985665
2025-10-07 16:04:16.227,5.558582172345268,7.981344778405401,4.683787811978618,7.042028707068312
2025-10-07 16:04:16.437,5.558819094172577,7.982134517829763,4.68268217678451,7.041949733125875
2025-10-07 16:04:16.648,5.559766781481812,7.9804760650386015,4.681971411302584,7.041870759183439
2025-10-07 16:04:16.858,5.559450885712067,7.982687335426817,4.6844196035181085,7.042739472550238
2025-10-07 16:04:17.068,5.560003703309121,7.982371439657072,4.682366281014765,7.0422656288956205
2025-10-07 16:04:17.280,5.559056015999886,7.980870934750783,4.684340629575672,7.042502550722929
2025-10-07 16:04:17.492,5.558582172345268,7.981423752347837,4.681655515532839,7.0431343422624195
2025-10-07 16:04:17.703,5.559450885712067,7.983082205138999,4.6824452549572015,7.042976394377547
2025-10-07 16:04:17.915,5.558819094172577,7.9824504135995085,4.681655515532839,7.042976394377547
2025-10-07 16:04:18.127,5.558819094172577,7.981423752347837,4.684577551402981,7.045187664765763
2025-10-07 16:04:18.339,5.559213963884758,7.982055543887327,4.682919098611819,7.046135352074998
2025-10-07 16:04:18.550,5.558424224460396,7.9818975960024545,4.6815765415904025,7.042976394377547
2025-10-07 16:04:18.761,5.559371911769631,7.981818622060018,4.68205038524502,7.043924081686782
2025-10-07 16:04:18.973,5.559056015999886,7.983161179081435,4.682129359187456,7.04502971688089
2025-10-07 16:04:19.185,5.5595298596545035,7.98071298686591,4.6815765415904025,7.044713821111145
2025-10-07 16:04:19.397,5.559292937827195,7.981344778405401,4.68268217678451,7.0465302217871795
2025-10-07 16:04:19.608,5.559687807539376,7.981344778405401,4.6824452549572015,7.044713821111145
2025-10-07 16:04:19.820,5.560398573021303,7.9818975960024545,4.6824452549572015,7.0451086908233265
2025-10-07 16:04:20.032,5.55960883359694,7.982766309369254,4.681734489475275,7.045503560535508
2025-10-07 16:04:20.243,5.559056015999886,7.982055543887327,4.682761150726947,7.045424586593072
2025-10-07 16:04:20.455,5.559213963884758,7.981107856578092,4.681655515532839,7.045898430247689
2025-10-07 16:04:20.667,5.55960883359694,7.9822134917722,4.6824452549572015,7.045819456305253
2025-10-07 16:04:20.878,5.559766781481812,7.983398100908744,4.68268217678451,7.048188674578341
2025-10-07 16:04:21.090,5.558819094172577,7.982292465714636,4.682129359187456,7.045898430247689
2025-10-07 16:04:21.302,5.559450885712067,7.981976569944891,4.682208333129893,7.046451247844743
2025-10-07 16:04:21.514,5.5595298596545035,7.982529387541945,4.682366281014765,7.04716201332667
2025-10-07 16:04:21.727,5.560161651193994,7.981423752347837,4.682366281014765,7.048583544290523
2025-10-07 16:04:21.939,5.559056015999886,7.981976569944891,4.684103707748363,7.04905738794514
2025-10-07 16:04:22.151,5.558740120230141,7.983240153023871,4.684656525345417,7.047477909096415
2025-10-07 16:04:22.363,5.560477546963739,7.982292465714636,4.682840124669383,7.047004065441797
2025-10-07 16:04:22.574,5.5595298596545035,7.9822134917722,4.6824452549572015,7.048267648520778
2025-10-07 16:04:22.786,5.5586611462877045,7.983398100908744,4.682761150726947,7.0473989351539785
2025-10-07 16:04:22.998,5.559213963884758,7.982292465714636,4.684340629575672,7.048741492175395
2025-10-07 16:04:23.209,5.5600826772515575,7.981739648117582,4.681655515532839,7.047556883038851
2025-10-07 16:04:23.421,5.559134989942322,7.981265804462964,4.6815765415904025,7.04905738794514
2025-10-07 16:04:23.634,5.559845755424249,7.982529387541945,4.68205038524502,7.050399944966557
2025-10-07 16:04:23.845,5.559687807539376,7.9822134917722,4.682603202842074,7.049215335830013
2025-10-07 16:04:24.055,5.558898068115013,7.980870934750783,4.683550890151309,7.048504570348086
2025-10-07 16:04:24.267,5.5595298596545035,7.9824504135995085,4.68268217678451,7.0507948146787385
2025-10-07 16:04:24.479,5.559134989942322,7.981818622060018,4.684103707748363,7.049531231599758
2025-10-07 16:04:24.690,5.559687807539376,7.981818622060018,4.682287307072329,7.049926101311939
2025-10-07 16:04:24.902,5.5609513906183565,7.981818622060018,4.684498577460545,7.049847127369503
2025-10-07 16:04:25.113,5.559687807539376,7.981344778405401,4.682129359187456,7.051110710448484
2025-10-07 16:04:25.325,5.559845755424249,7.981818622060018,4.682366281014765,7.050478918908993
2025-10-07 16:04:25.536,5.559450885712067,7.982134517829763,4.6829980725542555,7.050320971024121
2025-10-07 16:04:25.748,5.56087241667592,7.981423752347837,4.682603202842074,7.050320971024121
2025-10-07 16:04:25.961,5.559924729366685,7.981739648117582,4.682129359187456,7.050952762563611
2025-10-07 16:04:26.172,5.5595298596545035,7.981739648117582,4.681892437360148,7.051110710448484
2025-10-07 16:04:26.384,5.55897704205745,7.982134517829763,4.682366281014765,7.050715840736302
2025-10-07 16:04:26.595,5.559371911769631,7.981107856578092,4.68205038524502,7.051584554103101
2025-10-07 16:04:26.807,5.558740120230141,7.981739648117582,4.681892437360148,7.051900449872846
2025-10-07 16:04:27.017,5.559134989942322,7.981660674175146,4.68481447323029,7.051979423815283
2025-10-07 16:04:27.229,5.56087241667592,7.9822134917722,4.684656525345417,7.051426606218229
2025-10-07 16:04:27.440,5.559766781481812,7.980949908693219,4.682129359187456,7.05182147593041
2025-10-07 16:04:27.652,5.560556520906175,7.982134517829763,4.6841826816908,7.0524532674699
2025-10-07 16:04:27.863,5.559845755424249,7.9824504135995085,4.682287307072329,7.053006085066954
2025-10-07 16:04:28.074,5.559371911769631,7.981660674175146,4.68205038524502,7.052532241412337
2025-10-07 16:04:28.286,5.560319599078866,7.9810288826356555,4.682287307072329,7.0524532674699
2025-10-07 16:04:28.497,5.559766781481812,7.981344778405401,4.68268217678451,7.053558902664008
2025-10-07 16:04:28.709,5.559056015999886,7.981660674175146,4.684340629575672,7.053400954779136
2025-10-07 16:04:28.921,5.559766781481812,7.98071298686591,4.684261655633236,7.055533251224915
2025-10-07 16:04:29.133,5.5595298596545035,7.9818975960024545,4.682919098611819,7.055533251224915
2025-10-07 16:04:29.346,5.559766781481812,7.981502726290273,4.683471916208873,7.053795824491317
2025-10-07 16:04:29.557,5.559845755424249,7.980634012923474,4.684103707748363,7.05458556391568
2025-10-07 16:04:29.768,5.560714468791048,7.982766309369254,4.6829980725542555,7.054111720261062
2025-10-07 16:04:29.980,5.559845755424249,7.982608361484381,4.682603202842074,7.054822485742989
2025-10-07 16:04:30.191,5.5595298596545035,7.982766309369254,4.682761150726947,7.05458556391568
2025-10-07 16:04:30.404,5.560003703309121,7.982687335426817,4.683392942266437,7.054980433627861
2025-10-07 16:04:30.615,5.5595298596545035,7.981107856578092,4.682919098611819,7.055770173052224
2025-10-07 16:04:30.828,5.559213963884758,7.981344778405401,4.682524228899638,7.0564809385341505
2025-10-07 16:04:31.039,5.559292937827195,7.9824504135995085,4.682761150726947,7.056007094879533
2025-10-07 16:04:31.251,5.56024062513643,7.98284528331169,4.684656525345417,7.0559281209370965
2025-10-07 16:04:31.464,5.560477546963739,7.981423752347837,4.68481447323029,7.057270677958513
2025-10-07 16:04:31.675,5.560477546963739,7.981423752347837,4.682840124669383,7.056796834303896
2025-10-07 16:04:31.886,5.560161651193994,7.982134517829763,4.682366281014765,7.056007094879533
2025-10-07 16:04:32.097,5.559687807539376,7.9824504135995085,4.6841826816908,7.0564809385341505
2025-10-07 16:04:32.308,5.5600826772515575,7.9824504135995085,4.682603202842074,7.056875808246332
2025-10-07 16:04:32.520,5.559371911769631,7.980791960808347,4.682603202842074,7.0573496519009495
2025-10-07 16:04:32.731,5.560161651193994,7.982055543887327,4.684735499287854,7.057665547670695
2025-10-07 16:04:32.943,5.5600826772515575,7.981107856578092,4.682129359187456,7.057586573728258
2025-10-07 16:04:33.154,5.559924729366685,7.981107856578092,4.682287307072329,7.058297339210185
2025-10-07 16:04:33.365,5.560714468791048,7.981265804462964,4.68268217678451,7.0573496519009495
2025-10-07 16:04:33.576,5.560161651193994,7.981423752347837,4.684577551402981,7.0593240004618565
2025-10-07 16:04:33.788,5.559766781481812,7.981423752347837,4.682208333129893,7.058376313152621
2025-10-07 16:04:33.999,5.560161651193994,7.982608361484381,4.683156020439128,7.05924502651942
2025-10-07 16:04:34.210,5.561188312445665,7.981265804462964,4.682129359187456,7.058376313152621
2025-10-07 16:04:34.421,5.5595298596545035,7.981818622060018,4.683077046496692,7.058929130749675
2025-10-07 16:04:34.634,5.5600826772515575,7.982371439657072,4.68268217678451,7.060429635655964
2025-10-07 16:04:34.846,5.55960883359694,7.9824504135995085,4.682129359187456,7.05924502651942
2025-10-07 16:04:35.058,5.560003703309121,7.983082205138999,4.682287307072329,7.060271687771092
2025-10-07 16:04:35.269,5.560003703309121,7.9810288826356555,4.68268217678451,7.059481948346729
2025-10-07 16:04:35.480,5.559292937827195,7.981107856578092,4.682840124669383,7.059718870174038
2025-10-07 16:04:35.692,5.559292937827195,7.9822134917722,4.682366281014765,7.061456296907636
2025-10-07 16:04:35.904,5.560319599078866,7.981186830520528,4.683945759863491,7.061535270850072
2025-10-07 16:04:36.115,5.560319599078866,7.980791960808347,4.6829980725542555,7.060824505368146
2025-10-07 16:04:36.327,5.56087241667592,7.981502726290273,4.682919098611819,7.060982453253018
2025-10-07 16:04:36.538,5.560714468791048,7.9824504135995085,4.683313968324001,7.061219375080327
2025-10-07 16:04:36.750,5.5600826772515575,7.982134517829763,4.682603202842074,7.060982453253018
2025-10-07 16:04:36.964,5.560398573021303,7.981186830520528,4.684024733805927,7.0613773229652
2025-10-07 16:04:37.177,5.559371911769631,7.981739648117582,4.682761150726947,7.06200911450469
2025-10-07 16:04:37.390,5.560398573021303,7.982292465714636,4.6829980725542555,7.061535270850072
2025-10-07 16:04:37.602,5.56024062513643,7.981502726290273,4.682761150726947,7.063509619410979
2025-10-07 16:04:37.814,5.560319599078866,7.981581700232709,4.682208333129893,7.062561932101744
2025-10-07 16:04:38.025,5.561346260330538,7.981502726290273,4.6824452549572015,7.06264090604418
2025-10-07 16:04:38.237,5.560319599078866,7.982292465714636,4.682524228899638,7.062877827871489
2025-10-07 16:04:38.448,5.560556520906175,7.981344778405401,4.683077046496692,7.0630357757563615
2025-10-07 16:04:38.660,5.560635494848611,7.982055543887327,4.6844196035181085,7.063509619410979
2025-10-07 16:04:38.871,5.560003703309121,7.9804760650386015,4.682603202842074,7.063667567295852
2025-10-07 16:04:39.083,5.561188312445665,7.981660674175146,4.683313968324001,7.063825515180724
2025-10-07 16:04:39.294,5.559924729366685,7.981344778405401,4.682840124669383,7.063825515180724
2025-10-07 16:04:39.505,5.56087241667592,7.981344778405401,4.6829980725542555,7.064299358835342
2025-10-07 16:04:39.716,5.559687807539376,7.981502726290273,4.6829980725542555,7.064536280662651
2025-10-07 16:04:39.928,5.56024062513643,7.980002221383984,4.682840124669383,7.063667567295852
2025-10-07 16:04:40.138,5.560319599078866,7.982134517829763,4.683708838036182,7.064852176432396
2025-10-07 16:04:40.350,5.560319599078866,7.981660674175146,4.683471916208873,7.064299358835342
2025-10-07 16:04:40.561,5.559687807539376,7.981660674175146,4.684972421115162,7.065483967971886
2025-10-07 16:04:40.773,5.560556520906175,7.981581700232709,4.682840124669383,7.065483967971886
2025-10-07 16:04:40.985,5.560714468791048,7.981265804462964,4.683945759863491,7.06540499402945
2025-10-07 16:04:41.196,5.560556520906175,7.9818975960024545,4.682840124669383,7.0658788376840675
2025-10-07 16:04:41.407,5.559845755424249,7.98071298686591,4.682761150726947,7.065483967971886
2025-10-07 16:04:41.618,5.561346260330538,7.981818622060018,4.68268217678451,7.067537290475229
2025-10-07 16:04:41.828,5.560319599078866,7.982608361484381,4.6841826816908,7.065957811626504
2025-10-07 16:04:42.040,5.560161651193994,7.982134517829763,4.682603202842074,7.066905498935739
2025-10-07 16:04:42.251,5.560319599078866,7.982924257254126,4.684340629575672,7.0658788376840675
2025-10-07 16:04:42.462,5.561583182157847,7.980949908693219,4.683550890151309,7.066905498935739
2025-10-07 16:04:42.673,5.560161651193994,7.981739648117582,4.683313968324001,7.0673003686479205
2025-10-07 16:04:42.883,5.559766781481812,7.982687335426817,4.6829980725542555,7.067774212302538
2025-10-07 16:04:43.094,5.5609513906183565,7.981739648117582,4.683313968324001,7.067932160187411
2025-10-07 16:04:43.305,5.560793442733484,7.9822134917722,4.6852883168849075,7.066905498935739
2025-10-07 16:04:43.516,5.56024062513643,7.981502726290273,4.682840124669383,7.068248055957156
2025-10-07 16:04:43.727,5.560398573021303,7.982134517829763,4.683077046496692,7.067616264417666
2025-10-07 16:04:43.939,5.5600826772515575,7.981502726290273,4.685209342942471,7.069353691151264
2025-10-07 16:04:44.150,5.560161651193994,7.981818622060018,4.685051395057599,7.068011134129847
2025-10-07 16:04:44.362,5.561109338503229,7.981818622060018,4.685209342942471,7.069195743266391
2025-10-07 16:04:44.573,5.5609513906183565,7.981976569944891,4.682287307072329,7.0694326650937
2025-10-07 16:04:44.784,5.559845755424249,7.981265804462964,4.683392942266437,7.069195743266391
2025-10-07 16:04:44.996,5.560161651193994,7.981107856578092,4.6829980725542555,7.069195743266391
2025-10-07 16:04:45.207,5.56024062513643,7.98284528331169,4.682919098611819,7.069116769323955
2025-10-07 16:04:45.419,5.561741130042719,7.9818975960024545,4.682840124669383,7.069985482690754
2025-10-07 16:04:45.630,5.560319599078866,7.984187840333107,4.68481447323029,7.069590612978573
2025-10-07 16:04:45.842,5.560635494848611,7.981739648117582,4.684024733805927,7.070854196057553
2025-10-07 16:04:46.054,5.561188312445665,7.981660674175146,4.683234994381564,7.071328039712171
2025-10-07 16:04:46.266,5.561188312445665,7.981423752347837,4.6829980725542555,7.069748560863445
2025-10-07 16:04:46.477,5.560319599078866,7.981186830520528,4.684972421115162,7.071407013654607
2025-10-07 16:04:46.689,5.560398573021303,7.981265804462964,4.683234994381564,7.070380352402935
2025-10-07 16:04:46.901,5.560319599078866,7.981581700232709,4.683629864093746,7.071249065769734
2025-10-07 16:04:47.112,5.560161651193994,7.9822134917722,4.683313968324001,7.07219675307897
2025-10-07 16:04:47.324,5.560477546963739,7.982292465714636,4.68268217678451,7.071407013654607
2025-10-07 16:04:47.535,5.56087241667592,7.9818975960024545,4.683629864093746,7.073855205870132
2025-10-07 16:04:47.746,5.560714468791048,7.981581700232709,4.683234994381564,7.073065466445769
2025-10-07 16:04:47.957,5.560793442733484,7.9822134917722,4.684972421115162,7.073855205870132
2025-10-07 16:04:48.169,5.560161651193994,7.982371439657072,4.683945759863491,7.071801883366788
2025-10-07 16:04:48.380,5.561267286388102,7.981976569944891,4.685367290827344,7.072354700963842
2025-10-07 16:04:48.592,5.560635494848611,7.981739648117582,4.682840124669383,7.072749570676024
2025-10-07 16:04:48.803,5.560477546963739,7.981107856578092,4.684893447172726,7.073144440388205
2025-10-07 16:04:49.015,5.561267286388102,7.982687335426817,4.683629864093746,7.073223414330641
2025-10-07 16:04:49.226,5.560398573021303,7.981107856578092,4.683945759863491,7.0735393101003865
2025-10-07 16:04:49.437,5.561425234272974,7.9818975960024545,4.683629864093746,7.07346033615795
2025-10-07 16:04:49.648,5.5615042082154105,7.982134517829763,4.684103707748363,7.0735393101003865
2025-10-07 16:04:49.860,5.560477546963739,7.980949908693219,4.684893447172726,7.074013153755004
2025-10-07 16:04:50.071,5.560793442733484,7.982055543887327,4.6838667859210545,7.073934179812568
2025-10-07 16:04:50.282,5.560319599078866,7.982529387541945,4.683313968324001,7.075750580488602
2025-10-07 16:04:50.495,5.560793442733484,7.981581700232709,4.6829980725542555,7.074644945294494
2025-10-07 16:04:50.706,5.560319599078866,7.981818622060018,4.683787811978618,7.0749608410642395
2025-10-07 16:04:50.919,5.56087241667592,7.980791960808347,4.683077046496692,7.075197762891548
2025-10-07 16:04:51.130,5.560398573021303,7.982055543887327,4.682840124669383,7.0763823720280925
2025-10-07 16:04:51.341,5.561583182157847,7.9818975960024545,4.6829980725542555,7.0749608410642395
2025-10-07 16:04:51.553,5.560714468791048,7.981818622060018,4.683156020439128,7.077014163567583
2025-10-07 16:04:51.765,5.5609513906183565,7.982055543887327,4.683392942266437,7.0763823720280925
2025-10-07 16:04:51.977,5.560635494848611,7.981344778405401,4.682761150726947,7.075829554431039
2025-10-07 16:04:52.189,5.560714468791048,7.982134517829763,4.683550890151309,7.075908528373475
2025-10-07 16:04:52.400,5.560714468791048,7.981660674175146,4.682840124669383,7.0763823720280925
2025-10-07 16:04:52.612,5.560477546963739,7.9818975960024545,4.685604212654653,7.076540319912965
2025-10-07 16:04:52.822,5.560398573021303,7.981739648117582,4.684103707748363,7.077724929049509
2025-10-07 16:04:53.034,5.560556520906175,7.9810288826356555,4.684577551402981,7.077566981164637
2025-10-07 16:04:53.245,5.560398573021303,7.9818975960024545,4.683234994381564,7.077093137510019
2025-10-07 16:04:53.457,5.560556520906175,7.981739648117582,4.683156020439128,7.077961850876818
2025-10-07 16:04:53.668,5.5615042082154105,7.983003231196562,4.683392942266437,7.077645955107073
2025-10-07 16:04:53.880,5.560714468791048,7.983161179081435,4.683313968324001,7.0774880072222
2025-10-07 16:04:54.091,5.562135999754901,7.981660674175146,4.683077046496692,7.077724929049509
2025-10-07 16:04:54.303,5.560635494848611,7.981502726290273,4.683077046496692,7.077724929049509
2025-10-07 16:04:54.514,5.561109338503229,7.981107856578092,4.683156020439128,7.078751590301181
2025-10-07 16:04:54.726,5.560556520906175,7.981423752347837,4.684735499287854,7.07898851212849
2025-10-07 16:04:54.939,5.561109338503229,7.981265804462964,4.683629864093746,7.078830564243617
2025-10-07 16:04:55.153,5.561188312445665,7.981660674175146,4.683392942266437,7.078593642416308
2025-10-07 16:04:55.365,5.56087241667592,7.981581700232709,4.68481447323029,7.0797782515528525
2025-10-07 16:04:55.576,5.560635494848611,7.981265804462964,4.68544626476978,7.07898851212849
2025-10-07 16:04:55.788,5.560556520906175,7.9824504135995085,4.685683186597089,7.079383381840671
2025-10-07 16:04:56.001,5.561267286388102,7.982371439657072,4.683234994381564,7.079699277610416
2025-10-07 16:04:56.213,5.561030364560793,7.98071298686591,4.684340629575672,7.080489017034779
2025-10-07 16:04:56.425,5.5615042082154105,7.981660674175146,4.684656525345417,7.080094147322598
2025-10-07 16:04:56.635,5.560635494848611,7.981818622060018,4.683550890151309,7.0806469649196515
2025-10-07 16:04:56.844,5.560635494848611,7.982292465714636,4.683392942266437,7.080489017034779
2025-10-07 16:04:57.054,5.560477546963739,7.982055543887327,4.6844196035181085,7.0811997825167055
2025-10-07 16:04:57.266,5.561741130042719,7.982134517829763,4.6838667859210545,7.0811997825167055
2025-10-07 16:04:57.478,5.560319599078866,7.9822134917722,4.682919098611819,7.081278756459142
2025-10-07 16:04:57.689,5.560556520906175,7.984029892448234,4.683708838036182,7.080725938862088
2025-10-07 16:04:57.901,5.560635494848611,7.982134517829763,4.685762160539525,7.0820684958835045
2025-10-07 16:04:58.111,5.561030364560793,7.982766309369254,4.685999082366834,7.081357730401578
2025-10-07 16:04:58.323,5.561899077927592,7.982134517829763,4.683629864093746,7.082542339538122
2025-10-07 16:04:58.535,5.560477546963739,7.981265804462964,4.683550890151309,7.083569000789794
2025-10-07 16:04:58.746,5.560714468791048,7.981502726290273,4.683471916208873,7.083411052904921
2025-10-07 16:04:58.957,5.560635494848611,7.9818975960024545,4.683629864093746,7.0834900268473575
2025-10-07 16:04:59.169,5.560398573021303,7.981265804462964,4.683156020439128,7.081910547998632
2025-10-07 16:04:59.380,5.560714468791048,7.983003231196562,4.683787811978618,7.084595662041465
2025-10-07 16:04:59.592,5.5609513906183565,7.9818975960024545,4.683392942266437,7.084437714156593
2025-10-07 16:04:59.805,5.560635494848611,7.980949908693219,4.685604212654653,7.082858235307867
2025-10-07 16:05:00.017,5.561425234272974,7.981581700232709,4.683708838036182,7.0849115578112105
2025-10-07 16:05:00.230,5.560793442733484,7.982371439657072,4.683629864093746,7.083411052904921
2025-10-07 16:05:00.443,5.560398573021303,7.982292465714636,4.684024733805927,7.084437714156593
2025-10-07 16:05:00.655,5.561188312445665,7.981818622060018,4.683708838036182,7.085622323293137
2025-10-07 16:05:00.867,5.562135999754901,7.982134517829763,4.684972421115162,7.084753609926338
2025-10-07 16:05:01.079,5.560635494848611,7.981581700232709,4.683629864093746,7.085227453580956
2025-10-07 16:05:01.291,5.56024062513643,7.981423752347837,4.683234994381564,7.084516688099029
2025-10-07 16:05:01.502,5.560477546963739,7.982055543887327,4.683787811978618,7.085938219062882
2025-10-07 16:05:01.714,5.560714468791048,7.9810288826356555,4.683550890151309,7.087438723969171
2025-10-07 16:05:01.925,5.561030364560793,7.9818975960024545,4.683077046496692,7.0868859063721175
2025-10-07 16:05:02.137,5.560398573021303,7.982608361484381,4.684024733805927,7.085938219062882
2025-10-07 16:05:02.349,5.560635494848611,7.982766309369254,4.683077046496692,7.085306427523392
2025-10-07 16:05:02.562,5.561109338503229,7.98071298686591,4.683945759863491,7.086096166947755
2025-10-07 16:05:02.775,5.561346260330538,7.980555038981038,4.683787811978618,7.0863330887750635
2025-10-07 16:05:02.987,5.560556520906175,7.982529387541945,4.6829980725542555,7.08578027117801
2025-10-07 16:05:03.199,5.560714468791048,7.981502726290273,4.685525238712216,7.0868859063721175
2025-10-07 16:05:03.412,5.561109338503229,7.981818622060018,4.683392942266437,7.086570010602372
2025-10-07 16:05:03.623,5.5615042082154105,7.981818622060018,4.683945759863491,7.08704385425699
2025-10-07 16:05:03.836,5.561267286388102,7.981265804462964,4.6852883168849075,7.087833593681353
2025-10-07 16:05:04.047,5.560398573021303,7.98284528331169,4.683392942266437,7.087201802141863
2025-10-07 16:05:04.259,5.561662156100283,7.981976569944891,4.683787811978618,7.0877546197389165
2025-10-07 16:05:04.472,5.561030364560793,7.9818975960024545,4.683313968324001,7.088781280990588
2025-10-07 16:05:04.685,5.561188312445665,7.982766309369254,4.683156020439128,7.089413072530078
2025-10-07 16:05:04.898,5.561346260330538,7.981502726290273,4.6858411344819615,7.088386411278407
2025-10-07 16:05:05.110,5.562135999754901,7.982292465714636,4.683234994381564,7.088149489451098
2025-10-07 16:05:05.322,5.561109338503229,7.982529387541945,4.683945759863491,7.089413072530078
2025-10-07 16:05:05.533,5.5609513906183565,7.981739648117582,4.6838667859210545,7.089018202817897
2025-10-07 16:05:05.746,5.561030364560793,7.981502726290273,4.68481447323029,7.088623333105716
2025-10-07 16:05:05.959,5.560793442733484,7.9822134917722,4.683471916208873,7.089886916184696
2025-10-07 16:05:06.172,5.56087241667592,7.980870934750783,4.683234994381564,7.090360759839314
2025-10-07 16:05:06.385,5.561425234272974,7.983556048793616,4.683787811978618,7.0891761507027695
2025-10-07 16:05:06.598,5.561188312445665,7.980870934750783,4.683787811978618,7.089965890127132
2025-10-07 16:05:06.809,5.56087241667592,7.9824504135995085,4.686551899963888,7.089649994357387
2025-10-07 16:05:07.021,5.561188312445665,7.9822134917722,4.684103707748363,7.090360759839314
2025-10-07 16:05:07.233,5.56087241667592,7.981739648117582,4.683945759863491,7.090360759839314
2025-10-07 16:05:07.444,5.5615042082154105,7.981502726290273,4.683708838036182,7.090676655609059
2025-10-07 16:05:07.655,5.561188312445665,7.981976569944891,4.683708838036182,7.091466395033422
2025-10-07 16:05:07.868,5.560477546963739,7.981423752347837,4.686157030251707,7.0905976816666225
2025-10-07 16:05:08.080,5.561583182157847,7.981818622060018,4.684261655633236,7.091861264745603
2025-10-07 16:05:08.291,5.561899077927592,7.981344778405401,4.683629864093746,7.091308447148549
2025-10-07 16:05:08.502,5.56087241667592,7.981976569944891,4.683629864093746,7.091308447148549
2025-10-07 16:05:08.713,5.562135999754901,7.981976569944891,4.683471916208873,7.091861264745603
2025-10-07 16:05:08.925,5.5615042082154105,7.983713996678489,4.6838667859210545,7.0920192126304755
2025-10-07 16:05:09.136,5.561109338503229,7.981818622060018,4.683708838036182,7.092808952054838
2025-10-07 16:05:09.347,5.56087241667592,7.981265804462964,4.683708838036182,7.092414082342657
2025-10-07 16:05:09.559,5.5609513906183565,7.981660674175146,4.6852883168849075,7.0939935611913825
2025-10-07 16:05:09.770,5.560793442733484,7.9822134917722,4.683471916208873,7.091940238688039
2025-10-07 16:05:09.982,5.561346260330538,7.981186830520528,4.684340629575672,7.093519717536765
2025-10-07 16:05:10.193,5.561583182157847,7.9818975960024545,4.683787811978618,7.094704326673309
2025-10-07 16:05:10.406,5.561425234272974,7.9810288826356555,4.684024733805927,7.093361769651892
2025-10-07 16:05:10.617,5.5609513906183565,7.982766309369254,4.685209342942471,7.094783300615745
2025-10-07 16:05:10.830,5.5609513906183565,7.981344778405401,4.683629864093746,7.093519717536765
2025-10-07 16:05:11.044,5.561346260330538,7.981976569944891,4.683787811978618,7.093756639364074
2025-10-07 16:05:11.257,5.562057025812464,7.9824504135995085,4.683708838036182,7.094467404846
2025-10-07 16:05:11.470,5.561899077927592,7.982134517829763,4.6838667859210545,7.094625352730873
2025-10-07 16:05:11.683,5.560635494848611,7.980949908693219,4.683629864093746,7.094704326673309
2025-10-07 16:05:11.896,5.561425234272974,7.982134517829763,4.684577551402981,7.095494066097672
2025-10-07 16:05:12.110,5.5609513906183565,7.981739648117582,4.683550890151309,7.095336118212799
2025-10-07 16:05:12.323,5.5615042082154105,7.9833191269663075,4.684103707748363,7.09509919638549
2025-10-07 16:05:12.536,5.560714468791048,7.981107856578092,4.684340629575672,7.095809961867417
2025-10-07 16:05:12.749,5.561030364560793,7.981739648117582,4.684577551402981,7.095257144270363
2025-10-07 16:05:12.961,5.561109338503229,7.981818622060018,4.6844196035181085,7.095888935809853
2025-10-07 16:05:13.172,5.561425234272974,7.982529387541945,4.683471916208873,7.095888935809853
2025-10-07 16:05:13.383,5.5615042082154105,7.981739648117582,4.684261655633236,7.096204831579598
2025-10-07 16:05:13.595,5.561662156100283,7.981660674175146,4.6844196035181085,7.09659970129178
2025-10-07 16:05:13.807,5.5615042082154105,7.981818622060018,4.686157030251707,7.096204831579598
2025-10-07 16:05:14.018,5.561346260330538,7.982371439657072,4.6841826816908,7.097073544946397
2025-10-07 16:05:14.229,5.561188312445665,7.982134517829763,4.6867098478487605,7.098731997737559
2025-10-07 16:05:14.440,5.562451895524646,7.982608361484381,4.684024733805927,7.097389440716142
2025-10-07 16:05:14.652,5.561583182157847,7.9810288826356555,4.684024733805927,7.097389440716142
2025-10-07 16:05:14.863,5.562135999754901,7.982292465714636,4.685051395057599,7.099363789277049
2025-10-07 16:05:15.073,5.561662156100283,7.981818622060018,4.686236004194143,7.097626362543451
2025-10-07 16:05:15.285,5.561899077927592,7.981660674175146,4.684735499287854,7.097942258313196
2025-10-07 16:05:15.496,5.562767791294391,7.983240153023871,4.685525238712216,7.099442763219486
2025-10-07 16:05:15.706,5.561188312445665,7.9822134917722,4.684498577460545,7.098337128025378
2025-10-07 16:05:15.917,5.561583182157847,7.981344778405401,4.684340629575672,7.0996796850467945
2025-10-07 16:05:16.128,5.562530869467082,7.981660674175146,4.686788821791197,7.098889945622432
2025-10-07 16:05:16.340,5.562057025812464,7.980318117153729,4.684498577460545,7.100469424471157
2025-10-07 16:05:16.551,5.561346260330538,7.981976569944891,4.686630873906324,7.099205841392177
2025-10-07 16:05:16.763,5.561820103985156,7.981976569944891,4.6841826816908,7.099916606874103
2025-10-07 16:05:16.972,5.561030364560793,7.982529387541945,4.684103707748363,7.100074554758976
2025-10-07 16:05:17.183,5.562451895524646,7.980870934750783,4.684261655633236,7.099758658989231
2025-10-07 16:05:17.397,5.561346260330538,7.981976569944891,4.6838667859210545,7.1005483984135935
2025-10-07 16:05:17.609,5.561109338503229,7.981107856578092,4.684261655633236,7.101180189953084
2025-10-07 16:05:17.821,5.561346260330538,7.981186830520528,4.684103707748363,7.10125916389552
2025-10-07 16:05:18.033,5.561188312445665,7.9818975960024545,4.685920108424398,7.1005483984135935
2025-10-07 16:05:18.244,5.561109338503229,7.982134517829763,4.6841826816908,7.100390450528721
2025-10-07 16:05:18.455,5.562688817351955,7.983240153023871,4.684577551402981,7.101654033607701
2025-10-07 16:05:18.667,5.5609513906183565,7.982292465714636,4.685999082366834,7.101180189953084
2025-10-07 16:05:18.881,5.561899077927592,7.981186830520528,4.685209342942471,7.101575059665265
2025-10-07 16:05:19.093,5.561583182157847,7.983082205138999,4.684498577460545,7.100943268125775
2025-10-07 16:05:19.308,5.561583182157847,7.980634012923474,4.6841826816908,7.1011012160106475
2025-10-07 16:05:19.520,5.560793442733484,7.982134517829763,4.68481447323029,7.103075564571554
2025-10-07 16:05:19.732,5.5615042082154105,7.981581700232709,4.684656525345417,7.102680694859373
2025-10-07 16:05:19.945,5.562214973697337,7.981265804462964,4.685130369000035,7.101654033607701
2025-10-07 16:05:20.155,5.561741130042719,7.98071298686591,4.68757856121556,7.102364799089628
2025-10-07 16:05:20.367,5.5615042082154105,7.983161179081435,4.684340629575672,7.102443773032064
2025-10-07 16:05:20.579,5.562451895524646,7.981739648117582,4.684972421115162,7.104339147650535
2025-10-07 16:05:20.791,5.561425234272974,7.982608361484381,4.684498577460545,7.104891965247589
2025-10-07 16:05:21.003,5.561267286388102,7.9818975960024545,4.684972421115162,7.104181199765662
2025-10-07 16:05:21.214,5.561662156100283,7.9810288826356555,4.684340629575672,7.104339147650535
2025-10-07 16:05:21.426,5.561267286388102,7.981107856578092,4.684972421115162,7.103470434283736
2025-10-07 16:05:21.637,5.561583182157847,7.983082205138999,4.687420613330687,7.104497095535407
2025-10-07 16:05:21.848,5.562214973697337,7.982134517829763,4.684656525345417,7.105128887074898
2025-10-07 16:05:22.059,5.562609843409518,7.981581700232709,4.685920108424398,7.104260173708099
2025-10-07 16:05:22.271,5.5615042082154105,7.983240153023871,4.684498577460545,7.106392470153878
2025-10-07 16:05:22.483,5.561899077927592,7.982055543887327,4.684735499287854,7.104891965247589
2025-10-07 16:05:22.694,5.561662156100283,7.9810288826356555,4.685209342942471,7.105128887074898
2025-10-07 16:05:22.906,5.561109338503229,7.9818975960024545,4.6844196035181085,7.104576069477844
2025-10-07 16:05:23.117,5.561425234272974,7.981660674175146,4.6852883168849075,7.105523756787079
2025-10-07 16:05:23.328,5.561741130042719,7.9810288826356555,4.684261655633236,7.106471444096314
2025-10-07 16:05:23.541,5.561899077927592,7.98347707485118,4.684893447172726,7.106392470153878
2025-10-07 16:05:23.753,5.562135999754901,7.982371439657072,4.686472926021452,7.106866313808496
2025-10-07 16:05:23.964,5.561425234272974,7.982608361484381,4.6844196035181085,7.106076574384133
2025-10-07 16:05:24.175,5.562451895524646,7.982055543887327,4.6858411344819615,7.108524766599658
2025-10-07 16:05:24.386,5.5615042082154105,7.982055543887327,4.684972421115162,7.105681704671952
2025-10-07 16:05:24.598,5.561583182157847,7.981581700232709,4.684735499287854,7.106945287750932
2025-10-07 16:05:24.809,5.561899077927592,7.981423752347837,4.683629864093746,7.1067873398660595
2025-10-07 16:05:25.020,5.561425234272974,7.9824504135995085,4.68481447323029,7.106945287750932
2025-10-07 16:05:25.231,5.562609843409518,7.9818975960024545,4.684103707748363,7.109551427851329
2025-10-07 16:05:25.442,5.562214973697337,7.982687335426817,4.684340629575672,7.107735027175295
2025-10-07 16:05:25.654,5.562293947639773,7.980870934750783,4.685051395057599,7.10868271448453
2025-10-07 16:05:25.866,5.562688817351955,7.9810288826356555,4.685130369000035,7.107261183520677
2025-10-07 16:05:26.077,5.562451895524646,7.981818622060018,4.68544626476978,7.108919636311839
2025-10-07 16:05:26.288,5.562688817351955,7.981186830520528,4.684261655633236,7.108366818714785
2025-10-07 16:05:26.500,5.561425234272974,7.9822134917722,4.685051395057599,7.109156558139148
2025-10-07 16:05:26.713,5.562530869467082,7.9810288826356555,4.685209342942471,7.1090775841967115
2025-10-07 16:05:26.924,5.562530869467082,7.982055543887327,4.68481447323029,7.1096304017937655
2025-10-07 16:05:27.135,5.562293947639773,7.982055543887327,4.684972421115162,7.1096304017937655
2025-10-07 16:05:27.346,5.561662156100283,7.981344778405401,4.686551899963888,7.108998610254275
2025-10-07 16:05:27.557,5.561899077927592,7.981344778405401,4.687104717560942,7.110420141218128
2025-10-07 16:05:27.768,5.561425234272974,7.981660674175146,4.683629864093746,7.109393479966457
2025-10-07 16:05:27.980,5.5615042082154105,7.980555038981038,4.68607805630927,7.110420141218128
2025-10-07 16:05:28.191,5.561978051870028,7.981739648117582,4.683945759863491,7.110420141218128
2025-10-07 16:05:28.403,5.561662156100283,7.9818975960024545,4.68481447323029,7.111209880642491
2025-10-07 16:05:28.614,5.5615042082154105,7.980949908693219,4.687183691503378,7.111288854584927
2025-10-07 16:05:28.825,5.561899077927592,7.9818975960024545,4.685999082366834,7.1114468024698
2025-10-07 16:05:29.036,5.562057025812464,7.981660674175146,4.68544626476978,7.111604750354672
2025-10-07 16:05:29.248,5.561978051870028,7.981423752347837,4.684498577460545,7.110893984872746
2025-10-07 16:05:29.460,5.561899077927592,7.981107856578092,4.686314978136579,7.111999620066854
2025-10-07 16:05:29.672,5.561741130042719,7.9824504135995085,4.6852883168849075,7.11207859400929
2025-10-07 16:05:29.883,5.561741130042719,7.982055543887327,4.6872626654458145,7.1124734637214715
2025-10-07 16:05:30.094,5.562688817351955,7.981423752347837,4.684735499287854,7.11271038554878
2025-10-07 16:05:30.306,5.5623729215822095,7.982766309369254,4.685209342942471,7.113737046800452
2025-10-07 16:05:30.517,5.5629257391792635,7.981660674175146,4.685683186597089,7.112947307376089
2025-10-07 16:05:30.728,5.561899077927592,7.981502726290273,4.684735499287854,7.113105255260962
2025-10-07 16:05:30.940,5.562293947639773,7.981976569944891,4.684577551402981,7.113263203145834
2025-10-07 16:05:31.152,5.562057025812464,7.982687335426817,4.684735499287854,7.114052942570197
2025-10-07 16:05:31.364,5.562057025812464,7.982134517829763,4.684656525345417,7.113658072858016
2025-10-07 16:05:31.575,5.561425234272974,7.981423752347837,4.684656525345417,7.115079603821869
2025-10-07 16:05:31.786,5.561425234272974,7.982529387541945,4.6841826816908,7.113816020742888
2025-10-07 16:05:31.998,5.561899077927592,7.981502726290273,4.6852883168849075,7.114684734109687
2025-10-07 16:05:32.209,5.562214973697337,7.981186830520528,4.6867098478487605,7.11547447353405
2025-10-07 16:05:32.421,5.561583182157847,7.983082205138999,4.68544626476978,7.114447812282378
2025-10-07 16:05:32.632,5.562293947639773,7.982608361484381,4.684972421115162,7.114921655936996
2025-10-07 16:05:32.844,5.562135999754901,7.981107856578092,4.684577551402981,7.115079603821869
2025-10-07 16:05:33.054,5.561899077927592,7.9818975960024545,4.685130369000035,7.117132926325212
2025-10-07 16:05:33.265,5.561820103985156,7.981660674175146,4.684656525345417,7.115711395361359
2025-10-07 16:05:33.476,5.562609843409518,7.981660674175146,4.685130369000035,7.115790369303795
2025-10-07 16:05:33.688,5.561583182157847,7.981976569944891,4.68544626476978,7.116343186900849
2025-10-07 16:05:33.899,5.561820103985156,7.982529387541945,4.685683186597089,7.115948317188668
2025-10-07 16:05:34.111,5.561820103985156,7.982529387541945,4.68544626476978,7.116974978440339
2025-10-07 16:05:34.321,5.561741130042719,7.981502726290273,4.686788821791197,7.116264212958413
2025-10-07 16:05:34.533,5.561978051870028,7.981423752347837,4.685604212654653,7.117132926325212
2025-10-07 16:05:34.744,5.562451895524646,7.981423752347837,4.68481447323029,7.117053952382776
2025-10-07 16:05:34.955,5.562135999754901,7.98284528331169,4.684498577460545,7.118396509404192
2025-10-07 16:05:35.167,5.5629257391792635,7.981344778405401,4.684577551402981,7.117211900267648
2025-10-07 16:05:35.378,5.562135999754901,7.9810288826356555,4.685762160539525,7.117685743922266
2025-10-07 16:05:35.589,5.562214973697337,7.981265804462964,4.685604212654653,7.117922665749575
2025-10-07 16:05:35.801,5.561820103985156,7.981976569944891,4.684577551402981,7.118317535461756
2025-10-07 16:05:36.013,5.562293947639773,7.980555038981038,4.686157030251707,7.120370857965099
2025-10-07 16:05:36.223,5.563162661006572,7.98284528331169,4.684972421115162,7.117764717864702
2025-10-07 16:05:36.436,5.562293947639773,7.981502726290273,4.687341639388251,7.118633431231501
2025-10-07 16:05:36.647,5.561425234272974,7.982766309369254,4.6852883168849075,7.118791379116374
2025-10-07 16:05:36.856,5.562057025812464,7.981423752347837,4.687025743618506,7.119186248828555
2025-10-07 16:05:37.069,5.562451895524646,7.981581700232709,4.68544626476978,7.119344196713428
2025-10-07 16:05:37.280,5.562530869467082,7.981344778405401,4.685683186597089,7.119186248828555
2025-10-07 16:05:37.491,5.561583182157847,7.980791960808347,4.684498577460545,7.119739066425609
2025-10-07 16:05:37.702,5.562214973697337,7.981739648117582,4.684498577460545,7.118712405173937
2025-10-07 16:05:37.913,5.562057025812464,7.9804760650386015,4.6852883168849075,7.120291884022663
2025-10-07 16:05:38.126,5.563083687064136,7.9822134917722,4.684577551402981,7.121160597389462
2025-10-07 16:05:38.337,5.562846765236827,7.982687335426817,4.685367290827344,7.120686753734844
2025-10-07 16:05:38.548,5.562135999754901,7.981502726290273,4.685762160539525,7.120765727677281
2025-10-07 16:05:38.759,5.5629257391792635,7.980791960808347,4.68544626476978,7.120370857965099
2025-10-07 16:05:38.971,5.562609843409518,7.981344778405401,4.685051395057599,7.121555467101643
2025-10-07 16:05:39.182,5.562214973697337,7.981265804462964,4.685209342942471,7.121397519216771
2025-10-07 16:05:39.393,5.562609843409518,7.9818975960024545,4.6858411344819615,7.123450841720114
2025-10-07 16:05:39.604,5.5623729215822095,7.982134517829763,4.684735499287854,7.121476493159207
2025-10-07 16:05:39.815,5.562688817351955,7.981818622060018,4.685051395057599,7.1224241804684425
2025-10-07 16:05:40.026,5.5623729215822095,7.981186830520528,4.685051395057599,7.1229769980654964
2025-10-07 16:05:40.237,5.561978051870028,7.982134517829763,4.685130369000035,7.124161607202041
2025-10-07 16:05:40.448,5.5623729215822095,7.981502726290273,4.687025743618506,7.121950336813825
2025-10-07 16:05:40.660,5.562293947639773,7.981265804462964,4.685209342942471,7.122661102295751
2025-10-07 16:05:40.873,5.5629257391792635,7.981265804462964,4.684735499287854,7.123134945950369
2025-10-07 16:05:41.083,5.562767791294391,7.981107856578092,4.68481447323029,7.123450841720114
2025-10-07 16:05:41.295,5.562214973697337,7.98071298686591,4.684972421115162,7.12352981566255
2025-10-07 16:05:41.506,5.562609843409518,7.981423752347837,4.686472926021452,7.12289802412306
2025-10-07 16:05:41.717,5.562846765236827,7.980397091096165,4.687025743618506,7.1238457114322955
2025-10-07 16:05:41.928,5.562451895524646,7.981423752347837,4.684735499287854,7.12352981566255
2025-10-07 16:05:42.141,5.562530869467082,7.981818622060018,4.686393952079015,7.124319555086913
2025-10-07 16:05:42.355,5.562214973697337,7.982608361484381,4.686946769676069,7.124319555086913
2025-10-07 16:05:42.567,5.562609843409518,7.981344778405401,4.687341639388251,7.125109294511276
2025-10-07 16:05:42.779,5.562451895524646,7.982608361484381,4.685999082366834,7.124872372683967
2025-10-07 16:05:42.990,5.562451895524646,7.982134517829763,4.685604212654653,7.124635450856658
2025-10-07 16:05:43.201,5.562293947639773,7.982134517829763,4.687499587273123,7.124951346626403
2025-10-07 16:05:43.412,5.562609843409518,7.981976569944891,4.684735499287854,7.12566211210833
2025-10-07 16:05:43.624,5.5629257391792635,7.982055543887327,4.6867098478487605,7.124635450856658
2025-10-07 16:05:43.835,5.562135999754901,7.982055543887327,4.6852883168849075,7.126214929705384
2025-10-07 16:05:44.046,5.563399582833881,7.9810288826356555,4.685525238712216,7.125583138165894
2025-10-07 16:05:44.257,5.563083687064136,7.9818975960024545,4.685209342942471,7.126135955762948
2025-10-07 16:05:44.471,5.563162661006572,7.980791960808347,4.686472926021452,7.127794408554109
2025-10-07 16:05:44.682,5.563162661006572,7.981265804462964,4.685525238712216,7.126846721244874
2025-10-07 16:05:44.893,5.563873426488499,7.981423752347837,4.685999082366834,7.12692569518731
2025-10-07 16:05:45.104,5.563873426488499,7.981344778405401,4.686314978136579,7.127952356438982
2025-10-07 16:05:45.315,5.5630047131217,7.981660674175146,4.684893447172726,7.127715434611673
2025-10-07 16:05:45.527,5.562293947639773,7.9824504135995085,4.68757856121556,7.128742095863345
2025-10-07 16:05:45.738,5.563083687064136,7.981660674175146,4.68757856121556,7.127952356438982
2025-10-07 16:05:45.949,5.563320608891445,7.981660674175146,4.685367290827344,7.127636460669237
2025-10-07 16:05:46.159,5.562135999754901,7.982608361484381,4.685920108424398,7.1281103043238545
2025-10-07 16:05:46.371,5.563083687064136,7.981660674175146,4.688052404870177,7.127952356438982
2025-10-07 16:05:46.583,5.562767791294391,7.981818622060018,4.6858411344819615,7.12905799163309
2025-10-07 16:05:46.794,5.562688817351955,7.9810288826356555,4.687815483042868,7.130005678942325
2025-10-07 16:05:47.006,5.563320608891445,7.981423752347837,4.6858411344819615,7.128979017690654
2025-10-07 16:05:47.218,5.562530869467082,7.982529387541945,4.685130369000035,7.12968978317258
2025-10-07 16:05:47.430,5.564031374373371,7.983398100908744,4.685051395057599,7.128900043748217
2025-10-07 16:05:47.641,5.562609843409518,7.981739648117582,4.685762160539525,7.129926704999889
2025-10-07 16:05:47.853,5.563557530718754,7.981423752347837,4.685209342942471,7.129768757115016
2025-10-07 16:05:48.064,5.563478556776317,7.981344778405401,4.685762160539525,7.129215939517962
2025-10-07 16:05:48.275,5.563083687064136,7.982687335426817,4.685130369000035,7.130874392309124
2025-10-07 16:05:48.486,5.563320608891445,7.980397091096165,4.685525238712216,7.130874392309124
2025-10-07 16:05:48.698,5.563320608891445,7.9833191269663075,4.68607805630927,7.132059001445668
2025-10-07 16:05:48.909,5.56363650466119,7.9818975960024545,4.684735499287854,7.1300846528847615
2025-10-07 16:05:49.120,5.563320608891445,7.981818622060018,4.684972421115162,7.131348235963742
2025-10-07 16:05:49.331,5.563162661006572,7.981976569944891,4.684972421115162,7.1309533662515605
2025-10-07 16:05:49.542,5.5629257391792635,7.980555038981038,4.685367290827344,7.130874392309124
2025-10-07 16:05:49.754,5.563557530718754,7.982924257254126,4.68607805630927,7.132137975388105
2025-10-07 16:05:49.966,5.5623729215822095,7.982292465714636,4.685051395057599,7.1309533662515605
2025-10-07 16:05:50.177,5.563241634949009,7.981423752347837,4.685683186597089,7.132137975388105
2025-10-07 16:05:50.388,5.562057025812464,7.982529387541945,4.684972421115162,7.132216949330541
2025-10-07 16:05:50.600,5.562767791294391,7.983003231196562,4.6872626654458145,7.132059001445668
2025-10-07 16:05:50.812,5.562135999754901,7.981186830520528,4.684972421115162,7.133243610582213
2025-10-07 16:05:51.023,5.564189322258244,7.983003231196562,4.684893447172726,7.133954376064139
2025-10-07 16:05:51.234,5.562293947639773,7.9824504135995085,4.68757856121556,7.133243610582213
2025-10-07 16:05:51.445,5.5629257391792635,7.9810288826356555,4.685525238712216,7.133322584524649
2025-10-07 16:05:51.657,5.563478556776317,7.981186830520528,4.6858411344819615,7.133480532409521
2025-10-07 16:05:51.867,5.563083687064136,7.980870934750783,4.685683186597089,7.133480532409521
2025-10-07 16:05:52.078,5.5629257391792635,7.980949908693219,4.685920108424398,7.134586167603629
2025-10-07 16:05:52.290,5.563557530718754,7.982766309369254,4.685051395057599,7.133954376064139
2025-10-07 16:05:52.500,5.563873426488499,7.982608361484381,4.68544626476978,7.134191297891448
2025-10-07 16:05:52.712,5.563320608891445,7.981502726290273,4.684893447172726,7.134270271833884
2025-10-07 16:05:52.924,5.5629257391792635,7.981265804462964,4.6852883168849075,7.134586167603629
2025-10-07 16:05:53.135,5.563557530718754,7.9810288826356555,4.685604212654653,7.135928724625046
2025-10-07 16:05:53.346,5.562688817351955,7.9810288826356555,4.686946769676069,7.134270271833884
2025-10-07 16:05:53.557,5.5629257391792635,7.9818975960024545,4.685999082366834,7.135454880970428
2025-10-07 16:05:53.770,5.563399582833881,7.982292465714636,4.6872626654458145,7.136086672509919
2025-10-07 16:05:53.981,5.562846765236827,7.981739648117582,4.687736509100432,7.135375907027992
2025-10-07 16:05:54.193,5.563241634949009,7.981186830520528,4.685762160539525,7.136244620394791
2025-10-07 16:05:54.404,5.563083687064136,7.982766309369254,4.687183691503378,7.136165646452355
2025-10-07 16:05:54.615,5.562530869467082,7.982608361484381,4.688052404870177,7.138297942898134
2025-10-07 16:05:54.827,5.563083687064136,7.982529387541945,4.685525238712216,7.137587177416208
2025-10-07 16:05:55.038,5.563320608891445,7.981976569944891,4.685367290827344,7.136560516164536
2025-10-07 16:05:55.250,5.5630047131217,7.981739648117582,4.68607805630927,7.137034359819154
2025-10-07 16:05:55.461,5.562451895524646,7.9822134917722,4.685525238712216,7.1364815422221
2025-10-07 16:05:55.672,5.562767791294391,7.981660674175146,4.685999082366834,7.137508203473772
2025-10-07 16:05:55.884,5.562609843409518,7.9818975960024545,4.685604212654653,7.138218968955698
2025-10-07 16:05:56.095,5.563241634949009,7.982529387541945,4.685051395057599,7.137982047128389
2025-10-07 16:05:56.306,5.563083687064136,7.982292465714636,4.685130369000035,7.136955385876718
2025-10-07 16:05:56.517,5.563083687064136,7.981739648117582,4.685762160539525,7.1386138386678795
2025-10-07 16:05:56.728,5.5637944525460625,7.982055543887327,4.685209342942471,7.137824099243517
2025-10-07 16:05:56.939,5.563557530718754,7.980949908693219,4.68544626476978,7.138534864725443
2025-10-07 16:05:57.150,5.564110348315808,7.982371439657072,4.686393952079015,7.138455890783007
2025-10-07 16:05:57.362,5.5630047131217,7.982608361484381,4.685209342942471,7.13924563020737
2025-10-07 16:05:57.574,5.562846765236827,7.982292465714636,4.68757856121556,7.139324604149806
2025-10-07 16:05:57.785,5.56363650466119,7.982766309369254,4.685604212654653,7.1394825520346785
2025-10-07 16:05:57.996,5.563083687064136,7.982134517829763,4.686472926021452,7.139956395689296
2025-10-07 16:05:58.207,5.563162661006572,7.981581700232709,4.685209342942471,7.139403578092242
2025-10-07 16:05:58.420,5.5629257391792635,7.981265804462964,4.6852883168849075,7.1400353696317325
2025-10-07 16:05:58.631,5.563083687064136,7.981581700232709,4.687499587273123,7.141614848480458
2025-10-07 16:05:58.843,5.563241634949009,7.9822134917722,4.68544626476978,7.140114343574169
2025-10-07 16:05:59.055,5.563083687064136,7.982371439657072,4.685762160539525,7.141693822422894
2025-10-07 16:05:59.266,5.562688817351955,7.981976569944891,4.68607805630927,7.142009718192639
2025-10-07 16:05:59.478,5.563162661006572,7.981660674175146,4.686472926021452,7.14114100482584
2025-10-07 16:05:59.691,5.563162661006572,7.982687335426817,4.68757856121556,7.141219978768277
2025-10-07 16:05:59.903,5.563952400430935,7.981660674175146,4.68544626476978,7.141535874538022
2025-10-07 16:06:00.114,5.5629257391792635,7.981344778405401,4.6858411344819615,7.141614848480458
2025-10-07 16:06:00.329,5.563241634949009,7.982055543887327,4.688052404870177,7.141614848480458
2025-10-07 16:06:00.542,5.563478556776317,7.980949908693219,4.686551899963888,7.141930744250203
2025-10-07 16:06:00.754,5.562846765236827,7.982292465714636,4.685130369000035,7.142799457617002
2025-10-07 16:06:00.967,5.563162661006572,7.982924257254126,4.685130369000035,7.141614848480458
2025-10-07 16:06:01.179,5.563241634949009,7.9822134917722,4.687973430927741,7.142404587904821
2025-10-07 16:06:01.390,5.563478556776317,7.981739648117582,4.685367290827344,7.142720483674566
2025-10-07 16:06:01.601,5.563083687064136,7.981186830520528,4.685683186597089,7.143352275214056
2025-10-07 16:06:01.810,5.563399582833881,7.981818622060018,4.685367290827344,7.142799457617002
2025-10-07 16:06:02.022,5.563162661006572,7.982371439657072,4.685525238712216,7.143826118868674
2025-10-07 16:06:02.233,5.5629257391792635,7.981502726290273,4.68607805630927,7.144063040695983
2025-10-07 16:06:02.444,5.564031374373371,7.981581700232709,4.686236004194143,7.144615858293037
2025-10-07 16:06:02.657,5.563083687064136,7.9824504135995085,4.68544626476978,7.144378936465728
2025-10-07 16:06:02.869,5.563399582833881,7.982371439657072,4.685762160539525,7.144220988580855
2025-10-07 16:06:03.082,5.563162661006572,7.981581700232709,4.6852883168849075,7.144931754062782
2025-10-07 16:06:03.293,5.563083687064136,7.981818622060018,4.686630873906324,7.145089701947654
2025-10-07 16:06:03.505,5.563399582833881,7.981423752347837,4.687973430927741,7.144457910408164
2025-10-07 16:06:03.716,5.563320608891445,7.9824504135995085,4.686236004194143,7.145247649832527
2025-10-07 16:06:03.928,5.562767791294391,7.982371439657072,4.68757856121556,7.144773806177909
2025-10-07 16:06:04.140,5.564426244085553,7.981107856578092,4.6852883168849075,7.1457214934871445
2025-10-07 16:06:04.352,5.56363650466119,7.981739648117582,4.685762160539525,7.145800467429581
2025-10-07 16:06:04.564,5.563478556776317,7.982924257254126,4.686236004194143,7.145405597717399
2025-10-07 16:06:04.776,5.564189322258244,7.981976569944891,4.68544626476978,7.146116363199326
2025-10-07 16:06:04.989,5.563873426488499,7.982055543887327,4.684972421115162,7.14603738925689
2025-10-07 16:06:05.201,5.564505218027989,7.9833191269663075,4.685762160539525,7.1465902068539435
2025-10-07 16:06:05.413,5.564663165912862,7.981344778405401,4.685683186597089,7.146906102623689
2025-10-07 16:06:05.625,5.564584191970425,7.98284528331169,4.687894456985305,7.146195337141762
2025-10-07 16:06:05.836,5.563320608891445,7.981818622060018,4.686236004194143,7.149275320896777
2025-10-07 16:06:06.048,5.56363650466119,7.982055543887327,4.687183691503378,7.146985076566125
2025-10-07 16:06:06.260,5.563478556776317,7.982134517829763,4.68607805630927,7.148090711760233
2025-10-07 16:06:06.473,5.564505218027989,7.981818622060018,4.685683186597089,7.148327633587542
2025-10-07 16:06:06.684,5.564742139855298,7.9824504135995085,4.685999082366834,7.147537894163179
2025-10-07 16:06:06.894,5.563557530718754,7.981581700232709,4.686236004194143,7.1485645554148505
2025-10-07 16:06:07.105,5.56426829620068,7.982292465714636,4.687499587273123,7.148327633587542
2025-10-07 16:06:07.317,5.5637944525460625,7.9818975960024545,4.685999082366834,7.150223008206012
2025-10-07 16:06:07.527,5.564505218027989,7.982608361484381,4.687025743618506,7.148169685702669
2025-10-07 16:06:07.738,5.563320608891445,7.982134517829763,4.685367290827344,7.148959425127032
2025-10-07 16:06:07.950,5.563478556776317,7.981423752347837,4.686393952079015,7.149196346954341
2025-10-07 16:06:08.161,5.563241634949009,7.981581700232709,4.685920108424398,7.149512242724086
2025-10-07 16:06:08.372,5.563715478603626,7.982608361484381,4.6858411344819615,7.149591216666522
2025-10-07 16:06:08.583,5.563557530718754,7.981976569944891,4.685367290827344,7.1499860863787035
2025-10-07 16:06:08.794,5.5643472701431165,7.982924257254126,4.686393952079015,7.151486591284993
2025-10-07 16:06:09.005,5.563162661006572,7.981660674175146,4.685683186597089,7.149038399069468
2025-10-07 16:06:09.217,5.563557530718754,7.982055543887327,4.68607805630927,7.151012747630375
2025-10-07 16:06:09.428,5.563715478603626,7.9824504135995085,4.685683186597089,7.150223008206012
2025-10-07 16:06:09.639,5.5629257391792635,7.981502726290273,4.686393952079015,7.15069685186063
2025-10-07 16:06:09.851,5.563873426488499,7.981423752347837,4.6858411344819615,7.151012747630375
2025-10-07 16:06:10.062,5.563715478603626,7.9810288826356555,4.685683186597089,7.150617877918194
2025-10-07 16:06:10.273,5.563715478603626,7.981423752347837,4.686867795733633,7.151802487054738
2025-10-07 16:06:10.484,5.563478556776317,7.981660674175146,4.686393952079015,7.1514076173425565
2025-10-07 16:06:10.695,5.563478556776317,7.9818975960024545,4.686157030251707,7.152197356766919
2025-10-07 16:06:10.906,5.56363650466119,7.983635022736053,4.685999082366834,7.151723513112302
2025-10-07 16:06:11.117,5.563715478603626,7.982055543887327,4.685683186597089,7.152671200421537
2025-10-07 16:06:11.328,5.563715478603626,7.982292465714636,4.685683186597089,7.15196043493961
2025-10-07 16:06:11.539,5.563715478603626,7.981976569944891,4.687025743618506,7.152750174363973
2025-10-07 16:06:11.750,5.563399582833881,7.983082205138999,4.685525238712216,7.152118382824483
2025-10-07 16:06:11.961,5.564031374373371,7.982687335426817,4.686314978136579,7.153618887730772
2025-10-07 16:06:12.172,5.564426244085553,7.981107856578092,4.685999082366834,7.153381965903463
2025-10-07 16:06:12.383,5.563873426488499,7.981265804462964,4.686314978136579,7.154171705327826
2025-10-07 16:06:12.594,5.564189322258244,7.982292465714636,4.686472926021452,7.154487601097571
2025-10-07 16:06:12.806,5.563873426488499,7.982608361484381,4.685999082366834,7.154408627155135
2025-10-07 16:06:13.018,5.5637944525460625,7.9822134917722,4.687894456985305,7.1542506792702625
2025-10-07 16:06:13.229,5.56426829620068,7.983161179081435,4.686551899963888,7.153855809558081
2025-10-07 16:06:13.440,5.564426244085553,7.983082205138999,4.686314978136579,7.154566575040008
2025-10-07 16:06:13.650,5.564189322258244,7.981739648117582,4.685604212654653,7.1542506792702625
2025-10-07 16:06:13.861,5.5637944525460625,7.982371439657072,4.685999082366834,7.15472452292488
2025-10-07 16:06:14.072,5.563399582833881,7.982371439657072,4.686393952079015,7.155514262349243
2025-10-07 16:06:14.283,5.564189322258244,7.9822134917722,4.6858411344819615,7.154882470809753
2025-10-07 16:06:14.494,5.563715478603626,7.981423752347837,4.685683186597089,7.157330663025277
2025-10-07 16:06:14.706,5.563399582833881,7.981186830520528,4.686393952079015,7.15535631446437
2025-10-07 16:06:14.917,5.564031374373371,7.981502726290273,4.686393952079015,7.155751184176552
2025-10-07 16:06:15.129,5.5637944525460625,7.9824504135995085,4.685525238712216,7.156777845428223
2025-10-07 16:06:15.340,5.563952400430935,7.982055543887327,4.6858411344819615,7.156382975716042
2025-10-07 16:06:15.551,5.563715478603626,7.983713996678489,4.688289326697486,7.156461949658478
2025-10-07 16:06:15.762,5.564979061682607,7.981423752347837,4.686630873906324,7.156698871485787
2025-10-07 16:06:15.974,5.5637944525460625,7.982529387541945,4.68607805630927,7.156935793313096
2025-10-07 16:06:16.185,5.563557530718754,7.9824504135995085,4.686314978136579,7.156698871485787
2025-10-07 16:06:16.396,5.564584191970425,7.9824504135995085,4.6886841964096675,7.157251689082841
2025-10-07 16:06:16.610,5.563715478603626,7.982292465714636,4.685130369000035,7.157330663025277
2025-10-07 16:06:16.821,5.564110348315808,7.981186830520528,4.6858411344819615,7.158910141874003
2025-10-07 16:06:17.032,5.56426829620068,7.982055543887327,4.686157030251707,7.1579624545647675
2025-10-07 16:06:17.243,5.564742139855298,7.982608361484381,4.6881313788126135,7.1579624545647675
2025-10-07 16:06:17.454,5.563399582833881,7.981107856578092,4.685999082366834,7.159541933413493
2025-10-07 16:06:17.666,5.564031374373371,7.982687335426817,4.6867098478487605,7.158436298219385
2025-10-07 16:06:17.878,5.563557530718754,7.982292465714636,4.686946769676069,7.158989115816439
2025-10-07 16:06:18.090,5.563952400430935,7.983713996678489,4.686236004194143,7.158357324276949
2025-10-07 16:06:18.301,5.563557530718754,7.980870934750783,4.686788821791197,7.159068089758875
2025-10-07 16:06:18.512,5.563320608891445,7.982371439657072,4.686157030251707,7.159462959471057
2025-10-07 16:06:18.724,5.563715478603626,7.981818622060018,4.686630873906324,7.160568594665165
2025-10-07 16:06:18.935,5.5637944525460625,7.981660674175146,4.686236004194143,7.161911151686581
2025-10-07 16:06:19.149,5.564426244085553,7.981265804462964,4.685604212654653,7.160726542550037
2025-10-07 16:06:19.360,5.564189322258244,7.980634012923474,4.6872626654458145,7.16025269889542
2025-10-07 16:06:19.571,5.564979061682607,7.982055543887327,4.686236004194143,7.16025269889542
2025-10-07 16:06:19.784,5.564110348315808,7.981265804462964,4.686314978136579,7.160015777068111
2025-10-07 16:06:19.995,5.564189322258244,7.980791960808347,4.685920108424398,7.1608055164924735
2025-10-07 16:06:20.206,5.56426829620068,7.981818622060018,4.686867795733633,7.161832177744145
2025-10-07 16:06:20.417,5.564505218027989,7.982134517829763,4.688368300639922,7.1615162819744
2025-10-07 16:06:20.628,5.564031374373371,7.9822134917722,4.686630873906324,7.162858838995817
2025-10-07 16:06:20.845,5.563873426488499,7.981107856578092,4.686314978136579,7.1613583340895275
2025-10-07 16:06:21.056,5.56426829620068,7.982134517829763,4.686551899963888,7.162463969283635
2025-10-07 16:06:21.267,5.564031374373371,7.9822134917722,4.686472926021452,7.161042438319782
2025-10-07 16:06:21.478,5.564189322258244,7.981107856578092,4.686946769676069,7.162384995341199
2025-10-07 16:06:21.689,5.564031374373371,7.980791960808347,4.687815483042868,7.163095760823126
2025-10-07 16:06:21.898,5.564505218027989,7.982608361484381,4.688921118236976,7.1627798650533805
2025-10-07 16:06:22.111,5.564110348315808,7.981818622060018,4.6858411344819615,7.163964474189925
2025-10-07 16:06:22.323,5.56426829620068,7.9822134917722,4.686472926021452,7.162542943226072
2025-10-07 16:06:22.535,5.563557530718754,7.982055543887327,4.685999082366834,7.164675239671851
2025-10-07 16:06:22.746,5.564426244085553,7.981265804462964,4.687025743618506,7.163016786880689
2025-10-07 16:06:22.959,5.56426829620068,7.980949908693219,4.688526248524795,7.163411656592871
2025-10-07 16:06:23.168,5.564110348315808,7.982924257254126,4.687815483042868,7.163095760823126
2025-10-07 16:06:23.378,5.564110348315808,7.981818622060018,4.6886841964096675,7.1642013960172335
2025-10-07 16:06:23.588,5.563715478603626,7.982134517829763,4.686551899963888,7.163332682650434
2025-10-07 16:06:23.798,5.564426244085553,7.982766309369254,4.687104717560942,7.164359343902106
2025-10-07 16:06:24.007,5.564031374373371,7.982134517829763,4.68821035275505,7.1642013960172335
2025-10-07 16:06:24.217,5.564031374373371,7.9822134917722,4.686314978136579,7.1650701093840325
2025-10-07 16:06:24.426,5.564821113797734,7.981265804462964,4.685999082366834,7.165149083326469
2025-10-07 16:06:24.636,5.564110348315808,7.981739648117582,4.6867098478487605,7.167360353714685
2025-10-07 16:06:24.847,5.564031374373371,7.981818622060018,4.686472926021452,7.16491216149916
2025-10-07 16:06:25.059,5.564505218027989,7.982529387541945,4.686630873906324,7.165386005153778
2025-10-07 16:06:25.271,5.563873426488499,7.982529387541945,4.6858411344819615,7.166965484002503
2025-10-07 16:06:25.482,5.563478556776317,7.981660674175146,4.686867795733633,7.166807536117631
2025-10-07 16:06:25.695,5.56426829620068,7.981581700232709,4.689000092179413,7.1664916403478855
2025-10-07 16:06:25.905,5.563952400430935,7.982134517829763,4.686551899963888,7.16617574457814
2025-10-07 16:06:26.117,5.563715478603626,7.982134517829763,4.686630873906324,7.166965484002503
2025-10-07 16:06:26.328,5.565689827164533,7.982055543887327,4.686551899963888,7.165938822750832
2025-10-07 16:06:26.539,5.5643472701431165,7.982371439657072,4.68821035275505,7.166728562175194
2025-10-07 16:06:26.751,5.56426829620068,7.98284528331169,4.685762160539525,7.168229067081484
2025-10-07 16:06:26.963,5.564584191970425,7.981976569944891,4.688921118236976,7.167597275541993
2025-10-07 16:06:27.175,5.56426829620068,7.982134517829763,4.686157030251707,7.168781884678538
2025-10-07 16:06:27.385,5.564189322258244,7.981976569944891,4.686867795733633,7.167597275541993
2025-10-07 16:06:27.596,5.564426244085553,7.9824504135995085,4.686946769676069,7.167834197369302
2025-10-07 16:06:27.808,5.565610853222097,7.9810288826356555,4.686867795733633,7.167281379772248
2025-10-07 16:06:28.019,5.564663165912862,7.981502726290273,4.688052404870177,7.169966493815082
2025-10-07 16:06:28.230,5.564110348315808,7.981344778405401,4.685762160539525,7.16830804102392
2025-10-07 16:06:28.442,5.564426244085553,7.982371439657072,4.686551899963888,7.169097780448283
2025-10-07 16:06:28.653,5.565058035625043,7.980239143211293,4.686946769676069,7.169492650160464
2025-10-07 16:06:28.864,5.565452905337224,7.982371439657072,4.685762160539525,7.16893983256341
2025-10-07 16:06:29.075,5.564505218027989,7.982371439657072,4.686630873906324,7.170045467757518
2025-10-07 16:06:29.287,5.564426244085553,7.981739648117582,4.686157030251707,7.1693347022755916
2025-10-07 16:06:29.498,5.564505218027989,7.9818975960024545,4.686946769676069,7.171151102951626
2025-10-07 16:06:29.709,5.564584191970425,7.981502726290273,4.687736509100432,7.169255728333155
2025-10-07 16:06:29.920,5.5643472701431165,7.981265804462964,4.689000092179413,7.170598285354572
2025-10-07 16:06:30.132,5.563952400430935,7.980791960808347,4.685920108424398,7.1698875198726455
2025-10-07 16:06:30.342,5.564505218027989,7.981265804462964,4.686630873906324,7.170361363527263
2025-10-07 16:06:30.554,5.5643472701431165,7.9824504135995085,4.688526248524795,7.171388024778935
2025-10-07 16:06:30.765,5.564663165912862,7.982055543887327,4.686472926021452,7.170519311412136
2025-10-07 16:06:30.976,5.564426244085553,7.982134517829763,4.689158040064285,7.171151102951626
2025-10-07 16:06:31.188,5.564110348315808,7.981107856578092,4.686630873906324,7.172572633915479
2025-10-07 16:06:31.399,5.564742139855298,7.981976569944891,4.6872626654458145,7.1718618684335524
2025-10-07 16:06:31.610,5.564426244085553,7.980870934750783,4.686551899963888,7.173599295167151
2025-10-07 16:06:31.821,5.564663165912862,7.982371439657072,4.686867795733633,7.1718618684335524
2025-10-07 16:06:32.033,5.564189322258244,7.981660674175146,4.686630873906324,7.174625956418822
2025-10-07 16:06:32.244,5.564110348315808,7.981502726290273,4.687183691503378,7.17170392054868
2025-10-07 16:06:32.455,5.564821113797734,7.983082205138999,4.689079066121849,7.172651607857915
2025-10-07 16:06:32.666,5.564189322258244,7.982371439657072,4.686946769676069,7.172809555742788
2025-10-07 16:06:32.877,5.5643472701431165,7.982292465714636,4.686946769676069,7.172888529685224
2025-10-07 16:06:33.088,5.564742139855298,7.982292465714636,4.687657535157996,7.17296750362766
2025-10-07 16:06:33.299,5.5657688011069695,7.982292465714636,4.686393952079015,7.173757243052023
2025-10-07 16:06:33.510,5.56426829620068,7.9833191269663075,4.686630873906324,7.1732833993974054
2025-10-07 16:06:33.722,5.564584191970425,7.981818622060018,4.688605222467231,7.173362373339842
2025-10-07 16:06:33.933,5.565531879279661,7.9810288826356555,4.68607805630927,7.1741521127642045
2025-10-07 16:06:34.144,5.564505218027989,7.9824504135995085,4.68884214429454,7.1741521127642045
2025-10-07 16:06:34.356,5.564505218027989,7.981265804462964,4.687499587273123,7.17509980007344
2025-10-07 16:06:34.567,5.564505218027989,7.981502726290273,4.686788821791197,7.174389034591513
2025-10-07 16:06:34.779,5.564742139855298,7.981581700232709,4.686946769676069,7.1755736437280575
2025-10-07 16:06:34.990,5.5652159835099155,7.981660674175146,4.687025743618506,7.175020826131004
2025-10-07 16:06:35.201,5.565137009567479,7.982766309369254,4.689000092179413,7.1755736437280575
2025-10-07 16:06:35.413,5.565137009567479,7.981423752347837,4.687657535157996,7.175652617670494
2025-10-07 16:06:35.624,5.564663165912862,7.981976569944891,4.686788821791197,7.175810565555366
2025-10-07 16:06:35.835,5.56426829620068,7.982371439657072,4.686946769676069,7.176284409209984
2025-10-07 16:06:36.047,5.564979061682607,7.981739648117582,4.686551899963888,7.175652617670494
2025-10-07 16:06:36.259,5.564584191970425,7.982292465714636,4.686630873906324,7.176205435267548
2025-10-07 16:06:36.470,5.565373931394788,7.979923247441548,4.686867795733633,7.176205435267548
2025-10-07 16:06:36.681,5.564663165912862,7.981502726290273,4.687104717560942,7.176442357094857
2025-10-07 16:06:36.892,5.564821113797734,7.98071298686591,4.688605222467231,7.176837226807038
2025-10-07 16:06:37.104,5.565373931394788,7.982924257254126,4.686788821791197,7.176284409209984
2025-10-07 16:06:37.315,5.566084696876715,7.982766309369254,4.687025743618506,7.177784914116273
2025-10-07 16:06:37.526,5.5652159835099155,7.982055543887327,4.686393952079015,7.176916200749474
2025-10-07 16:06:37.738,5.564979061682607,7.982292465714636,4.68757856121556,7.177942862001146
2025-10-07 16:06:37.950,5.565452905337224,7.981976569944891,4.686867795733633,7.177390044404092
2025-10-07 16:06:38.161,5.564742139855298,7.981976569944891,4.6872626654458145,7.1784167056557635
2025-10-07 16:06:38.372,5.5657688011069695,7.980634012923474,4.687104717560942,7.178021835943582
2025-10-07 16:06:38.584,5.564426244085553,7.983082205138999,4.689394961891594,7.178100809886018
2025-10-07 16:06:38.795,5.564189322258244,7.98071298686591,4.689237014006721,7.178732601425509
2025-10-07 16:06:39.006,5.564663165912862,7.98284528331169,4.686946769676069,7.178653627483072
2025-10-07 16:06:39.218,5.564031374373371,7.98284528331169,4.687104717560942,7.180075158446925
2025-10-07 16:06:39.430,5.565137009567479,7.9818975960024545,4.6867098478487605,7.180785923928852
2025-10-07 16:06:39.641,5.564979061682607,7.981581700232709,4.689158040064285,7.180943871813724
2025-10-07 16:06:39.852,5.564821113797734,7.981818622060018,4.6872626654458145,7.1798382366196165
2025-10-07 16:06:40.064,5.564742139855298,7.982134517829763,4.687104717560942,7.179285419022563
2025-10-07 16:06:40.275,5.564742139855298,7.981107856578092,4.687183691503378,7.1803910542166705
2025-10-07 16:06:40.486,5.564189322258244,7.982371439657072,4.686946769676069,7.181575663353215
2025-10-07 16:06:40.697,5.56490008774017,7.98284528331169,4.687499587273123,7.180706949986416
2025-10-07 16:06:40.910,5.5652159835099155,7.981344778405401,4.6872626654458145,7.180549002101543
2025-10-07 16:06:41.121,5.565058035625043,7.982055543887327,4.686946769676069,7.180785923928852
2025-10-07 16:06:41.332,5.565137009567479,7.981581700232709,4.686946769676069,7.181496689410778
2025-10-07 16:06:41.543,5.564979061682607,7.982529387541945,4.687025743618506,7.181101819698597
2025-10-07 16:06:41.755,5.564742139855298,7.981739648117582,4.687420613330687,7.182918220374631
2025-10-07 16:06:41.966,5.5643472701431165,7.982608361484381,4.687025743618506,7.181180793641033
2025-10-07 16:06:42.178,5.564742139855298,7.982608361484381,4.687104717560942,7.182839246432195
2025-10-07 16:06:42.390,5.564821113797734,7.981107856578092,4.6867098478487605,7.1818125851805235
2025-10-07 16:06:42.601,5.565294957452352,7.981976569944891,4.687104717560942,7.182760272489759
2025-10-07 16:06:42.813,5.565610853222097,7.981423752347837,4.686867795733633,7.184023855568739
2025-10-07 16:06:43.024,5.564821113797734,7.981976569944891,4.686867795733633,7.184260777396048
2025-10-07 16:06:43.234,5.564584191970425,7.981265804462964,4.687025743618506,7.182839246432195
2025-10-07 16:06:43.445,5.564821113797734,7.981344778405401,4.687025743618506,7.184339751338484
2025-10-07 16:06:43.657,5.564979061682607,7.982134517829763,4.687025743618506,7.184813594993102
2025-10-07 16:06:43.868,5.565137009567479,7.981581700232709,4.6886841964096675,7.183076168259504
2025-10-07 16:06:44.079,5.565294957452352,7.981502726290273,4.687499587273123,7.183865907683867
2025-10-07 16:06:44.291,5.564505218027989,7.982055543887327,4.686314978136579,7.185208464705283
2025-10-07 16:06:44.502,5.565058035625043,7.981739648117582,4.686867795733633,7.183944881626303
2025-10-07 16:06:44.714,5.565373931394788,7.980870934750783,4.686788821791197,7.184181803453612
2025-10-07 16:06:44.925,5.566163670819151,7.982529387541945,4.6867098478487605,7.1855243604750285
2025-10-07 16:06:45.136,5.564979061682607,7.982055543887327,4.6886841964096675,7.185208464705283
2025-10-07 16:06:45.347,5.564821113797734,7.981423752347837,4.6872626654458145,7.185603334417465
2025-10-07 16:06:45.559,5.565452905337224,7.980555038981038,4.687183691503378,7.185603334417465
2025-10-07 16:06:45.772,5.565610853222097,7.9810288826356555,4.686551899963888,7.1860771780720825
2025-10-07 16:06:45.984,5.565137009567479,7.982371439657072,4.688526248524795,7.185840256244774
2025-10-07 16:06:46.197,5.5652159835099155,7.982608361484381,4.687183691503378,7.185998204129646
2025-10-07 16:06:46.408,5.566084696876715,7.9818975960024545,4.687025743618506,7.184813594993102
2025-10-07 16:06:46.620,5.56490008774017,7.981265804462964,4.687341639388251,7.187656656920808
2025-10-07 16:06:46.833,5.565373931394788,7.982766309369254,4.686788821791197,7.187972552690553
2025-10-07 16:06:47.046,5.565689827164533,7.9824504135995085,4.687341639388251,7.186156152014519
2025-10-07 16:06:47.259,5.565610853222097,7.982608361484381,4.686867795733633,7.187024865381318
2025-10-07 16:06:47.472,5.565689827164533,7.981265804462964,4.686867795733633,7.188525370287607
2025-10-07 16:06:47.684,5.564584191970425,7.981502726290273,4.686867795733633,7.187656656920808
2025-10-07 16:06:47.897,5.5652159835099155,7.981739648117582,4.687341639388251,7.187814604805681
2025-10-07 16:06:48.110,5.565452905337224,7.981660674175146,4.686314978136579,7.186708969611573
2025-10-07 16:06:48.322,5.565689827164533,7.980949908693219,4.687815483042868,7.187735630863244
2025-10-07 16:06:48.534,5.566005722934278,7.98347707485118,4.686630873906324,7.188130500575426
2025-10-07 16:06:48.745,5.564979061682607,7.982687335426817,4.687104717560942,7.188051526632989
2025-10-07 16:06:48.958,5.564979061682607,7.981186830520528,4.687815483042868,7.189236135769534
2025-10-07 16:06:49.170,5.56490008774017,7.980791960808347,4.686788821791197,7.187893578748117
2025-10-07 16:06:49.381,5.565373931394788,7.981581700232709,4.688052404870177,7.188999213942225
2025-10-07 16:06:49.593,5.566005722934278,7.982371439657072,4.68757856121556,7.188999213942225
2025-10-07 16:06:49.806,5.56490008774017,7.981660674175146,4.687657535157996,7.189157161827097
2025-10-07 16:06:50.018,5.565137009567479,7.981502726290273,4.687736509100432,7.189867927309024
2025-10-07 16:06:50.231,5.565294957452352,7.981581700232709,4.686946769676069,7.189078187884661
2025-10-07 16:06:50.443,5.565294957452352,7.981423752347837,4.687025743618506,7.189867927309024
2025-10-07 16:06:50.654,5.5652159835099155,7.9818975960024545,4.6895529097764665,7.190420744906078
2025-10-07 16:06:50.867,5.565531879279661,7.98284528331169,4.687499587273123,7.189157161827097
2025-10-07 16:06:51.078,5.565373931394788,7.982687335426817,4.687420613330687,7.192237145582112
2025-10-07 16:06:51.289,5.565610853222097,7.981186830520528,4.686867795733633,7.1897889533665875
2025-10-07 16:06:51.501,5.565926748991842,7.981581700232709,4.687657535157996,7.191052536445568
2025-10-07 16:06:51.715,5.566558540531332,7.981660674175146,4.687341639388251,7.191131510388004
2025-10-07 16:06:51.925,5.565294957452352,7.981344778405401,4.689079066121849,7.191131510388004
2025-10-07 16:06:52.137,5.565137009567479,7.981660674175146,4.687815483042868,7.19334278077622
2025-10-07 16:06:52.349,5.565452905337224,7.981976569944891,4.686867795733633,7.190973562503132
2025-10-07 16:06:52.560,5.564979061682607,7.982608361484381,4.687420613330687,7.192237145582112
2025-10-07 16:06:52.771,5.565137009567479,7.980949908693219,4.686946769676069,7.192237145582112
2025-10-07 16:06:52.982,5.565294957452352,7.983003231196562,4.687657535157996,7.192000223754803
2025-10-07 16:06:53.194,5.565926748991842,7.983161179081435,4.686946769676069,7.194211494143019
2025-10-07 16:06:53.405,5.566084696876715,7.980870934750783,4.688605222467231,7.19207919769724
2025-10-07 16:06:53.616,5.5657688011069695,7.982055543887327,4.6881313788126135,7.192947911064039
2025-10-07 16:06:53.828,5.565373931394788,7.980791960808347,4.688763170352104,7.192789963179166
2025-10-07 16:06:54.038,5.565926748991842,7.982292465714636,4.687973430927741,7.193105858948911
2025-10-07 16:06:54.250,5.565847775049406,7.9818975960024545,4.689237014006721,7.192868937121602
2025-10-07 16:06:54.462,5.565926748991842,7.982292465714636,4.687894456985305,7.193500728661093
2025-10-07 16:06:54.673,5.5657688011069695,7.9818975960024545,4.687341639388251,7.195317129337127
2025-10-07 16:06:54.884,5.565294957452352,7.9822134917722,4.687815483042868,7.19397457231571
2025-10-07 16:06:55.096,5.565373931394788,7.9818975960024545,4.687894456985305,7.1946063638552005
2025-10-07 16:06:55.307,5.565058035625043,7.981423752347837,4.688447274582359,7.193737650488401
2025-10-07 16:06:55.520,5.564979061682607,7.982766309369254,4.687657535157996,7.194685337797637
2025-10-07 16:06:55.731,5.5652159835099155,7.981186830520528,4.687341639388251,7.194685337797637
2025-10-07 16:06:55.942,5.5652159835099155,7.981502726290273,4.687815483042868,7.196422764531235
2025-10-07 16:06:56.153,5.565847775049406,7.981502726290273,4.68821035275505,7.195080207509818
2025-10-07 16:06:56.365,5.565926748991842,7.9822134917722,4.687025743618506,7.196422764531235
2025-10-07 16:06:56.577,5.565610853222097,7.982134517829763,4.688447274582359,7.195790972991745
2025-10-07 16:06:56.788,5.565137009567479,7.980791960808347,4.687420613330687,7.195790972991745
2025-10-07 16:06:56.999,5.565373931394788,7.98347707485118,4.688289326697486,7.195948920876617
2025-10-07 16:06:57.211,5.566163670819151,7.9822134917722,4.687420613330687,7.196422764531235
2025-10-07 16:06:57.422,5.565531879279661,7.980949908693219,4.687815483042868,7.196580712416107
2025-10-07 16:06:57.634,5.566953410243514,7.9824504135995085,4.68757856121556,7.1968966081858525
2025-10-07 16:06:57.845,5.565610853222097,7.9824504135995085,4.689000092179413,7.19673866030098
2025-10-07 16:06:58.057,5.566005722934278,7.981739648117582,4.687657535157996,7.197686347610215
2025-10-07 16:06:58.270,5.5657688011069695,7.981344778405401,4.68757856121556,7.197133530013161
2025-10-07 16:06:58.482,5.565847775049406,7.981186830520528,4.688052404870177,7.196975582128289
2025-10-07 16:06:58.693,5.566084696876715,7.981581700232709,4.6895529097764665,7.197686347610215
2025-10-07 16:06:58.905,5.565373931394788,7.982134517829763,4.6872626654458145,7.198713008861887
2025-10-07 16:06:59.117,5.5657688011069695,7.981581700232709,4.6881313788126135,7.198949930689196
2025-10-07 16:06:59.330,5.565610853222097,7.980870934750783,4.687499587273123,7.197765321552652
2025-10-07 16:06:59.541,5.5657688011069695,7.981818622060018,4.68757856121556,7.198634034919451
2025-10-07 16:06:59.752,5.566321618704023,7.982766309369254,4.687499587273123,7.198949930689196
2025-10-07 16:06:59.963,5.565926748991842,7.9822134917722,4.687420613330687,7.19950274828625
2025-10-07 16:07:00.174,5.565610853222097,7.981739648117582,4.687736509100432,7.19950274828625
2025-10-07 16:07:00.387,5.565926748991842,7.982134517829763,4.6881313788126135,7.1988709567467595
2025-10-07 16:07:00.599,5.565058035625043,7.982292465714636,4.687973430927741,7.199265826458941
2025-10-07 16:07:00.811,5.565926748991842,7.9822134917722,4.689631883718903,7.199265826458941
2025-10-07 16:07:01.023,5.5657688011069695,7.981818622060018,4.687894456985305,7.199897617998431
2025-10-07 16:07:01.234,5.565610853222097,7.981423752347837,4.688052404870177,7.2002924877106125
2025-10-07 16:07:01.445,5.5657688011069695,7.9810288826356555,4.687736509100432,7.2002924877106125
2025-10-07 16:07:01.656,5.565294957452352,7.981581700232709,4.687973430927741,7.200608383480358
2025-10-07 16:07:01.868,5.565137009567479,7.9824504135995085,4.687420613330687,7.200450435595485
2025-10-07 16:07:02.080,5.566084696876715,7.982529387541945,4.687657535157996,7.20139812290472
2025-10-07 16:07:02.293,5.564821113797734,7.981581700232709,4.688447274582359,7.20139812290472
2025-10-07 16:07:02.503,5.565926748991842,7.9818975960024545,4.689000092179413,7.202187862329083
2025-10-07 16:07:02.715,5.565689827164533,7.981739648117582,4.688526248524795,7.2031355496383185
2025-10-07 16:07:02.927,5.565373931394788,7.982529387541945,4.68757856121556,7.2011612010774115
2025-10-07 16:07:03.139,5.566084696876715,7.981818622060018,4.690184701315957,7.202740679926137
2025-10-07 16:07:03.351,5.5657688011069695,7.981581700232709,4.687420613330687,7.201792992616902
2025-10-07 16:07:03.564,5.566558540531332,7.981739648117582,4.689315987949158,7.202819653868573
2025-10-07 16:07:03.777,5.565531879279661,7.9824504135995085,4.687736509100432,7.202819653868573
2025-10-07 16:07:03.988,5.5657688011069695,7.982292465714636,4.690263675258393,7.202977601753446
2025-10-07 16:07:04.201,5.565610853222097,7.980949908693219,4.687973430927741,7.203214523580755
2025-10-07 16:07:04.412,5.565531879279661,7.9833191269663075,4.6872626654458145,7.203293497523191
2025-10-07 16:07:04.625,5.565926748991842,7.980949908693219,4.68757856121556,7.205030924256789
2025-10-07 16:07:04.837,5.566479566588896,7.982055543887327,4.689079066121849,7.204083236947554
2025-10-07 16:07:05.049,5.566005722934278,7.981423752347837,4.687420613330687,7.203214523580755
2025-10-07 16:07:05.261,5.566005722934278,7.981265804462964,4.687815483042868,7.204399132717299
2025-10-07 16:07:05.474,5.565847775049406,7.981502726290273,4.687736509100432,7.20416221088999
2025-10-07 16:07:05.687,5.565926748991842,7.981186830520528,4.6881313788126135,7.204320158774863
2025-10-07 16:07:05.899,5.566953410243514,7.981186830520528,4.6872626654458145,7.2045570806021715
2025-10-07 16:07:06.112,5.566321618704023,7.981976569944891,4.689947779488648,7.2045570806021715
2025-10-07 16:07:06.324,5.5657688011069695,7.980318117153729,4.689710857661339,7.205188872141662
2025-10-07 16:07:06.536,5.565531879279661,7.982687335426817,4.68757856121556,7.205741689738716
2025-10-07 16:07:06.748,5.566084696876715,7.9824504135995085,4.690421623143266,7.2054257939689705
2025-10-07 16:07:06.958,5.566558540531332,7.982055543887327,4.687815483042868,7.206057585508461
2025-10-07 16:07:07.172,5.565452905337224,7.9818975960024545,4.687973430927741,7.205583741853843
2025-10-07 16:07:07.383,5.565847775049406,7.981818622060018,4.68757856121556,7.206610403105515
2025-10-07 16:07:07.594,5.566242644761587,7.981502726290273,4.687894456985305,7.205820663681152
2025-10-07 16:07:07.806,5.565452905337224,7.9810288826356555,4.688052404870177,7.206610403105515
2025-10-07 16:07:08.017,5.5657688011069695,7.9810288826356555,4.687894456985305,7.207479116472314
2025-10-07 16:07:08.228,5.565452905337224,7.9818975960024545,4.68757856121556,7.20692629887526
2025-10-07 16:07:08.440,5.565847775049406,7.981976569944891,4.688368300639922,7.207479116472314
2025-10-07 16:07:08.651,5.565610853222097,7.982134517829763,4.687657535157996,7.208505777723985
2025-10-07 16:07:08.863,5.565610853222097,7.981739648117582,4.687894456985305,7.208347829839113
2025-10-07 16:07:09.074,5.56640059264646,7.9810288826356555,4.687657535157996,7.208110908011804
2025-10-07 16:07:09.286,5.56640059264646,7.981186830520528,4.6881313788126135,7.207716038299623
2025-10-07 16:07:09.498,5.566084696876715,7.981660674175146,4.690342649200829,7.208347829839113
2025-10-07 16:07:09.709,5.565926748991842,7.9818975960024545,4.687341639388251,7.20818988195424
2025-10-07 16:07:09.921,5.565452905337224,7.981660674175146,4.687815483042868,7.2088216734937305
2025-10-07 16:07:10.132,5.5657688011069695,7.982766309369254,4.687657535157996,7.2082688558966765
2025-10-07 16:07:10.343,5.5671903320708225,7.982371439657072,4.688289326697486,7.210638074169765
2025-10-07 16:07:10.555,5.565452905337224,7.982687335426817,4.687499587273123,7.209295517148348
2025-10-07 16:07:10.767,5.565531879279661,7.982766309369254,4.687894456985305,7.2088216734937305
2025-10-07 16:07:10.979,5.566005722934278,7.981423752347837,4.687973430927741,7.210085256572711
2025-10-07 16:07:11.191,5.565926748991842,7.983556048793616,4.688368300639922,7.208979621378603
2025-10-07 16:07:11.402,5.566084696876715,7.981502726290273,4.6881313788126135,7.210559100227329
2025-10-07 16:07:11.613,5.566242644761587,7.982924257254126,4.68757856121556,7.209927308687838
2025-10-07 16:07:11.825,5.566084696876715,7.980870934750783,4.688368300639922,7.21032217840002
2025-10-07 16:07:12.036,5.565452905337224,7.9822134917722,4.687736509100432,7.210874995997074
2025-10-07 16:07:12.248,5.566321618704023,7.9818975960024545,4.6881313788126135,7.212454474845799
2025-10-07 16:07:12.459,5.566953410243514,7.980555038981038,4.688052404870177,7.211743709363873
2025-10-07 16:07:12.671,5.5657688011069695,7.9818975960024545,4.687499587273123,7.210874995997074
2025-10-07 16:07:12.881,5.5657688011069695,7.982608361484381,4.688052404870177,7.212138579076054
2025-10-07 16:07:13.093,5.566005722934278,7.98071298686591,4.687894456985305,7.213560110039907
2025-10-07 16:07:13.304,5.566084696876715,7.9824504135995085,4.687973430927741,7.21221755301849
2025-10-07 16:07:13.514,5.565926748991842,7.98071298686591,4.688763170352104,7.211980631191182
2025-10-07 16:07:13.726,5.566084696876715,7.982608361484381,4.687420613330687,7.212928318500417
2025-10-07 16:07:13.937,5.566163670819151,7.9833191269663075,4.690026753431084,7.2125334487882355
2025-10-07 16:07:14.148,5.565531879279661,7.9822134917722,4.688052404870177,7.213323188212598
2025-10-07 16:07:14.360,5.566242644761587,7.983003231196562,4.68757856121556,7.214902667061324
2025-10-07 16:07:14.570,5.565452905337224,7.981660674175146,4.690816492855447,7.213560110039907
2025-10-07 16:07:14.782,5.566716488416205,7.981739648117582,4.687973430927741,7.215218562831069
2025-10-07 16:07:14.992,5.566242644761587,7.981502726290273,4.688052404870177,7.214586771291579
2025-10-07 16:07:15.203,5.566321618704023,7.98284528331169,4.688447274582359,7.215455484658378
2025-10-07 16:07:15.413,5.566084696876715,7.9822134917722,4.688447274582359,7.2145077973491425
2025-10-07 16:07:15.625,5.566558540531332,7.982608361484381,4.689394961891594,7.214270875521834
2025-10-07 16:07:15.836,5.566558540531332,7.982134517829763,4.687894456985305,7.214665745234015
2025-10-07 16:07:16.046,5.566084696876715,7.981739648117582,4.688447274582359,7.214902667061324
2025-10-07 16:07:16.257,5.566558540531332,7.980239143211293,4.688052404870177,7.214665745234015
2025-10-07 16:07:16.469,5.566874436301077,7.980870934750783,4.687183691503378,7.21561343254325
2025-10-07 16:07:16.680,5.566479566588896,7.981976569944891,4.688368300639922,7.2159293283129955
2025-10-07 16:07:16.889,5.566874436301077,7.9818975960024545,4.6881313788126135,7.215692406485687
2025-10-07 16:07:17.099,5.565926748991842,7.981976569944891,4.687499587273123,7.217429833219285
2025-10-07 16:07:17.309,5.566321618704023,7.981423752347837,4.6881313788126135,7.217587781104157
2025-10-07 16:07:17.519,5.5666375144737685,7.982055543887327,4.688052404870177,7.216166250140304
2025-10-07 16:07:17.728,5.566321618704023,7.982608361484381,4.687736509100432,7.216087276197868
2025-10-07 16:07:17.938,5.566242644761587,7.981976569944891,4.688368300639922,7.216561119852486
2025-10-07 16:07:18.148,5.56640059264646,7.981818622060018,4.690263675258393,7.218298546586084
2025-10-07 16:07:18.359,5.5666375144737685,7.981660674175146,4.688447274582359,7.216561119852486
2025-10-07 16:07:18.568,5.566242644761587,7.981581700232709,4.690579571028138,7.21774572898903
2025-10-07 16:07:18.778,5.566163670819151,7.981502726290273,4.6881313788126135,7.2173508592768485
2025-10-07 16:07:18.988,5.56640059264646,7.981818622060018,4.689079066121849,7.2187723902407015
2025-10-07 16:07:19.198,5.56703238418595,7.981344778405401,4.690026753431084,7.218140598701211
2025-10-07 16:07:19.408,5.566321618704023,7.981581700232709,4.68821035275505,7.218535468413393
2025-10-07 16:07:19.618,5.566953410243514,7.982529387541945,4.687894456985305,7.218614442355829
2025-10-07 16:07:19.828,5.565689827164533,7.982924257254126,4.688921118236976,7.218614442355829
2025-10-07 16:07:20.038,5.566558540531332,7.981423752347837,4.688052404870177,7.218298546586084
2025-10-07 16:07:20.248,5.566479566588896,7.9824504135995085,4.690342649200829,7.218693416298265
2025-10-07 16:07:20.458,5.5666375144737685,7.981818622060018,4.690263675258393,7.218851364183138
2025-10-07 16:07:20.668,5.566479566588896,7.982687335426817,4.689158040064285,7.2196411036075006
2025-10-07 16:07:20.880,5.566795462358641,7.982292465714636,4.68757856121556,7.221299556398662
2025-10-07 16:07:21.090,5.566321618704023,7.981186830520528,4.689237014006721,7.219878025434809
2025-10-07 16:07:21.299,5.566479566588896,7.980791960808347,4.6886841964096675,7.219562129665064
2025-10-07 16:07:21.509,5.566005722934278,7.982687335426817,4.688526248524795,7.2205098169743
2025-10-07 16:07:21.720,5.566242644761587,7.982292465714636,4.688368300639922,7.2205098169743
2025-10-07 16:07:21.932,5.566321618704023,7.9824504135995085,4.690184701315957,7.220114947262118
2025-10-07 16:07:22.144,5.566005722934278,7.981818622060018,4.688368300639922,7.219956999377246
2025-10-07 16:07:22.355,5.567822123610313,7.982134517829763,4.688447274582359,7.220904686686481
2025-10-07 16:07:22.566,5.5666375144737685,7.982292465714636,4.688052404870177,7.222800061304952
2025-10-07 16:07:22.776,5.566005722934278,7.98071298686591,4.6881313788126135,7.221378530341099
2025-10-07 16:07:22.987,5.56640059264646,7.981344778405401,4.68884214429454,7.221457504283535
2025-10-07 16:07:23.200,5.567427253898131,7.981107856578092,4.689789831603775,7.2221682697654614
2025-10-07 16:07:23.412,5.56640059264646,7.981423752347837,4.6901057273735205,7.2210626345713536
2025-10-07 16:07:23.624,5.566716488416205,7.981265804462964,4.68884214429454,7.222642113420079
2025-10-07 16:07:23.835,5.566321618704023,7.980634012923474,4.687815483042868,7.221694426110844
2025-10-07 16:07:24.048,5.56640059264646,7.980002221383984,4.689315987949158,7.222879035247388
2025-10-07 16:07:24.258,5.566795462358641,7.983713996678489,4.688526248524795,7.223273904959569
2025-10-07 16:07:24.471,5.566716488416205,7.982292465714636,4.6881313788126135,7.222958009189824
2025-10-07 16:07:24.681,5.566558540531332,7.983240153023871,4.688921118236976,7.2244585140961135
2025-10-07 16:07:24.893,5.566874436301077,7.983240153023871,4.688368300639922,7.222484165535207
2025-10-07 16:07:25.103,5.566321618704023,7.981344778405401,4.6881313788126135,7.225327227462913
2025-10-07 16:07:25.313,5.566953410243514,7.980634012923474,4.6886841964096675,7.223194931017133
2025-10-07 16:07:25.528,5.567822123610313,7.980949908693219,4.688526248524795,7.22390569649906
2025-10-07 16:07:25.738,5.566795462358641,7.981818622060018,4.690184701315957,7.224616461980986
2025-10-07 16:07:25.948,5.566874436301077,7.981581700232709,4.688605222467231,7.22390569649906
2025-10-07 16:07:26.158,5.5666375144737685,7.9810288826356555,4.688368300639922,7.2250113316931674
2025-10-07 16:07:26.368,5.566716488416205,7.981107856578092,4.688526248524795,7.223826722556623
2025-10-07 16:07:26.578,5.567822123610313,7.9824504135995085,4.689710857661339,7.224853383808295
2025-10-07 16:07:26.787,5.567822123610313,7.9822134917722,4.688526248524795,7.2264328626570205
2025-10-07 16:07:26.997,5.56640059264646,7.982134517829763,4.688368300639922,7.225090305635604
2025-10-07 16:07:27.207,5.567269306013259,7.981660674175146,4.68884214429454,7.225722097175094
2025-10-07 16:07:27.416,5.567506227840568,7.982687335426817,4.690658544970574,7.225248253520476
2025-10-07 16:07:27.626,5.56640059264646,7.982924257254126,4.689079066121849,7.227459523908692
2025-10-07 16:07:27.836,5.566242644761587,7.981818622060018,4.688289326697486,7.226274914772148
2025-10-07 16:07:28.046,5.567269306013259,7.982371439657072,4.688526248524795,7.226037992944839
2025-10-07 16:07:28.256,5.567269306013259,7.982529387541945,4.68821035275505,7.226195940829712
2025-10-07 16:07:28.467,5.56703238418595,7.981502726290273,4.6881313788126135,7.226195940829712
2025-10-07 16:07:28.676,5.567743149667876,7.9822134917722,4.687973430927741,7.226511836599457
2025-10-07 16:07:28.887,5.566716488416205,7.981976569944891,4.688289326697486,7.226827732369202
2025-10-07 16:07:29.096,5.56766417572544,7.982371439657072,4.690184701315957,7.226748758426766
2025-10-07 16:07:29.306,5.566716488416205,7.981186830520528,4.690421623143266,7.228012341505746
2025-10-07 16:07:29.516,5.566795462358641,7.981581700232709,4.688763170352104,7.22793336756331
2025-10-07 16:07:29.726,5.567822123610313,7.981818622060018,4.6881313788126135,7.227696445736001
2025-10-07 16:07:29.939,5.567980071495185,7.982687335426817,4.688526248524795,7.228486185160364
2025-10-07 16:07:30.151,5.566558540531332,7.982766309369254,4.688526248524795,7.22793336756331
2025-10-07 16:07:30.363,5.566795462358641,7.982055543887327,4.688605222467231,7.229039002757418
2025-10-07 16:07:30.575,5.567822123610313,7.981818622060018,4.689237014006721,7.228249263333055
2025-10-07 16:07:30.785,5.5666375144737685,7.9810288826356555,4.688605222467231,7.2287231069876725
2025-10-07 16:07:30.996,5.566558540531332,7.981739648117582,4.689000092179413,7.228960028814981
2025-10-07 16:07:31.206,5.566321618704023,7.980791960808347,4.689158040064285,7.231408221030506
2025-10-07 16:07:31.419,5.566084696876715,7.980949908693219,4.688763170352104,7.22919695064229
2025-10-07 16:07:31.630,5.566874436301077,7.982608361484381,4.6886841964096675,7.2292759245847265
2025-10-07 16:07:31.840,5.566795462358641,7.981107856578092,4.6886841964096675,7.230460533721271
2025-10-07 16:07:32.050,5.566558540531332,7.980949908693219,4.688605222467231,7.229591820354472
2025-10-07 16:07:32.261,5.5666375144737685,7.980634012923474,4.689868805546212,7.2306974555485795
2025-10-07 16:07:32.472,5.566795462358641,7.982292465714636,4.689079066121849,7.231487194972942
2025-10-07 16:07:32.682,5.567743149667876,7.981581700232709,4.690895466797883,7.230776429491016
2025-10-07 16:07:32.892,5.566558540531332,7.981265804462964,4.68884214429454,7.231882064685124
2025-10-07 16:07:33.103,5.566716488416205,7.9822134917722,4.688526248524795,7.232355908339741
2025-10-07 16:07:33.312,5.567585201783004,7.982687335426817,4.68884214429454,7.23259283016705
2025-10-07 16:07:33.522,5.567111358128386,7.981265804462964,4.68947393583403,7.2321189865124325
2025-10-07 16:07:33.732,5.566795462358641,7.983240153023871,4.688605222467231,7.231724116800251
2025-10-07 16:07:33.942,5.5671903320708225,7.982529387541945,4.691132388625192,7.2329876998792315
2025-10-07 16:07:34.151,5.567743149667876,7.980949908693219,4.690342649200829,7.231882064685124
2025-10-07 16:07:34.361,5.566874436301077,7.981581700232709,4.688605222467231,7.233461543533849
2025-10-07 16:07:34.571,5.567269306013259,7.980791960808347,4.691448284394937,7.232434882282178
2025-10-07 16:07:34.781,5.567427253898131,7.982766309369254,4.690658544970574,7.2329876998792315
2025-10-07 16:07:34.991,5.566716488416205,7.982134517829763,4.688368300639922,7.234172309015776
2025-10-07 16:07:35.201,5.566953410243514,7.980870934750783,4.6886841964096675,7.234567178727957
2025-10-07 16:07:35.411,5.56703238418595,7.982371439657072,4.689394961891594,7.2329876998792315
2025-10-07 16:07:35.620,5.56640059264646,7.982134517829763,4.690342649200829,7.233777439303594
2025-10-07 16:07:35.831,5.5666375144737685,7.981581700232709,4.688447274582359,7.233303595648977
2025-10-07 16:07:36.042,5.567427253898131,7.983082205138999,4.689079066121849,7.233935387188467
2025-10-07 16:07:36.254,5.56766417572544,7.981186830520528,4.688526248524795,7.234014361130903
2025-10-07 16:07:36.466,5.567111358128386,7.981976569944891,4.688921118236976,7.233935387188467
2025-10-07 16:07:36.676,5.567822123610313,7.981265804462964,4.688447274582359,7.234567178727957
2025-10-07 16:07:36.888,5.566163670819151,7.981344778405401,4.688526248524795,7.234883074497702
2025-10-07 16:07:37.099,5.56703238418595,7.981502726290273,4.68884214429454,7.234883074497702
2025-10-07 16:07:37.311,5.567111358128386,7.982766309369254,4.690658544970574,7.235119996325011
2025-10-07 16:07:37.522,5.56766417572544,7.981739648117582,4.6886841964096675,7.235593839979629
2025-10-07 16:07:37.734,5.567348279955695,7.981976569944891,4.688526248524795,7.235198970267447
2025-10-07 16:07:37.949,5.56766417572544,7.981976569944891,4.691448284394937,7.235514866037192
2025-10-07 16:07:38.160,5.567822123610313,7.982292465714636,4.690421623143266,7.237094344885918
2025-10-07 16:07:38.372,5.56703238418595,7.980949908693219,4.689237014006721,7.235909735749374
2025-10-07 16:07:38.585,5.567585201783004,7.9810288826356555,4.690500597085702,7.237331266713227
2025-10-07 16:07:38.794,5.567348279955695,7.980949908693219,4.689000092179413,7.235751787864501
2025-10-07 16:07:39.005,5.567111358128386,7.981976569944891,4.689710857661339,7.236699475173737
2025-10-07 16:07:39.216,5.566953410243514,7.982055543887327,4.688763170352104,7.236699475173737
2025-10-07 16:07:39.427,5.567506227840568,7.9818975960024545,4.691290336510065,7.237331266713227
2025-10-07 16:07:39.638,5.5671903320708225,7.981502726290273,4.689158040064285,7.2372522927707905
2025-10-07 16:07:39.850,5.566874436301077,7.9804760650386015,4.688763170352104,7.237489214598099
2025-10-07 16:07:40.061,5.566953410243514,7.982687335426817,4.68947393583403,7.239621511043879
2025-10-07 16:07:40.272,5.56766417572544,7.980239143211293,4.6895529097764665,7.237963058252717
2025-10-07 16:07:40.483,5.566953410243514,7.981976569944891,4.689710857661339,7.23812100613759
2025-10-07 16:07:40.694,5.566953410243514,7.980239143211293,4.68884214429454,7.238199980080026
2025-10-07 16:07:40.909,5.567269306013259,7.9810288826356555,4.691448284394937,7.238042032195153
2025-10-07 16:07:41.121,5.56766417572544,7.981344778405401,4.688447274582359,7.238436901907335
2025-10-07 16:07:41.332,5.567980071495185,7.9833191269663075,4.691764180164682,7.240411250468242
2025-10-07 16:07:41.543,5.567427253898131,7.9824504135995085,4.689237014006721,7.239621511043879
2025-10-07 16:07:41.754,5.567585201783004,7.981265804462964,4.689315987949158,7.240885094122859
2025-10-07 16:07:41.965,5.567269306013259,7.982134517829763,4.691290336510065,7.239858432871188
2025-10-07 16:07:42.176,5.567585201783004,7.981818622060018,4.691132388625192,7.23938458921657
2025-10-07 16:07:42.388,5.567348279955695,7.981502726290273,4.688526248524795,7.240727146237987
2025-10-07 16:07:42.599,5.566953410243514,7.9818975960024545,4.689394961891594,7.240332276525805
2025-10-07 16:07:42.811,5.5671903320708225,7.980949908693219,4.689000092179413,7.241674833547222
2025-10-07 16:07:43.024,5.5671903320708225,7.981818622060018,4.68884214429454,7.240885094122859
2025-10-07 16:07:43.236,5.567901097552749,7.981423752347837,4.689079066121849,7.242306625086712
2025-10-07 16:07:43.448,5.566716488416205,7.982529387541945,4.688921118236976,7.240964068065296
2025-10-07 16:07:43.658,5.567585201783004,7.981186830520528,4.688921118236976,7.241674833547222
2025-10-07 16:07:43.870,5.56703238418595,7.983240153023871,4.689710857661339,7.241358937777477
2025-10-07 16:07:44.083,5.56766417572544,7.982371439657072,4.689000092179413,7.2420697032594035
2025-10-07 16:07:44.296,5.567506227840568,7.981976569944891,4.688921118236976,7.241674833547222
2025-10-07 16:07:44.507,5.56829596726493,7.982529387541945,4.689710857661339,7.243728156050565
2025-10-07 16:07:44.718,5.567111358128386,7.981739648117582,4.68884214429454,7.242464572971585
2025-10-07 16:07:44.930,5.567980071495185,7.9818975960024545,4.68884214429454,7.244438921532492
2025-10-07 16:07:45.141,5.567348279955695,7.980634012923474,4.691132388625192,7.2429384166262025
2025-10-07 16:07:45.352,5.567585201783004,7.981739648117582,4.6886841964096675,7.244438921532492
2025-10-07 16:07:45.563,5.567427253898131,7.980160169268856,4.689000092179413,7.245070713071982
2025-10-07 16:07:45.774,5.568216993322494,7.98071298686591,4.688921118236976,7.2429384166262025
2025-10-07 16:07:45.985,5.56766417572544,7.981818622060018,4.689079066121849,7.243965077877874
2025-10-07 16:07:46.197,5.56766417572544,7.981660674175146,4.68947393583403,7.2434912342232565
2025-10-07 16:07:46.410,5.56703238418595,7.980870934750783,4.688921118236976,7.243807129993002
2025-10-07 16:07:46.621,5.56766417572544,7.981344778405401,4.689315987949158,7.2443599475900555
2025-10-07 16:07:46.832,5.5671903320708225,7.981739648117582,4.689079066121849,7.2443599475900555
2025-10-07 16:07:47.044,5.568138019380058,7.981502726290273,4.68947393583403,7.244754817302237
2025-10-07 16:07:47.255,5.567269306013259,7.982055543887327,4.690421623143266,7.244517895474928
2025-10-07 16:07:47.467,5.56766417572544,7.980870934750783,4.68947393583403,7.244675843359801
2025-10-07 16:07:47.678,5.567427253898131,7.981739648117582,4.689158040064285,7.244833791244673
2025-10-07 16:07:47.889,5.567348279955695,7.982134517829763,4.691843154107119,7.245623530669036
2025-10-07 16:07:48.102,5.567427253898131,7.981818622060018,4.689631883718903,7.24617634826609
2025-10-07 16:07:48.313,5.567585201783004,7.982134517829763,4.6915272583373735,7.246571217978271
2025-10-07 16:07:48.524,5.568532889092239,7.9818975960024545,4.689315987949158,7.247597879229943
2025-10-07 16:07:48.735,5.56766417572544,7.982134517829763,4.689315987949158,7.245939426438781
2025-10-07 16:07:48.946,5.568374941207367,7.981502726290273,4.690026753431084,7.246571217978271
2025-10-07 16:07:49.158,5.567901097552749,7.981423752347837,4.689079066121849,7.246413270093399
2025-10-07 16:07:49.369,5.567269306013259,7.982134517829763,4.691685206222246,7.246492244035835
2025-10-07 16:07:49.581,5.567585201783004,7.981502726290273,4.689315987949158,7.2472030095177615
2025-10-07 16:07:49.791,5.567111358128386,7.9822134917722,4.689315987949158,7.246887113748016
2025-10-07 16:07:50.002,5.567506227840568,7.98284528331169,4.689315987949158,7.2477558271148155
2025-10-07 16:07:50.215,5.567427253898131,7.981186830520528,4.688763170352104,7.2472030095177615
2025-10-07 16:07:50.426,5.567506227840568,7.981581700232709,4.689315987949158,7.247913774999688
2025-10-07 16:07:50.637,5.567427253898131,7.981739648117582,4.691290336510065,7.248071722884561
2025-10-07 16:07:50.849,5.567585201783004,7.982055543887327,4.689079066121849,7.247992748942124
2025-10-07 16:07:51.060,5.567743149667876,7.981818622060018,4.690263675258393,7.2486245404816145
2025-10-07 16:07:51.272,5.5671903320708225,7.981344778405401,4.69160623227981,7.248466592596742
2025-10-07 16:07:51.483,5.567980071495185,7.982608361484381,4.691843154107119,7.2500460714454675
2025-10-07 16:07:51.694,5.56703238418595,7.982055543887327,4.689394961891594,7.250440941157649
2025-10-07 16:07:51.905,5.568532889092239,7.981976569944891,4.690184701315957,7.249888123560595
2025-10-07 16:07:52.116,5.568216993322494,7.982371439657072,4.691448284394937,7.250756836927394
2025-10-07 16:07:52.327,5.567427253898131,7.982608361484381,4.689868805546212,7.249809149618159
2025-10-07 16:07:52.539,5.56766417572544,7.9822134917722,4.689315987949158,7.249967097503031
2025-10-07 16:07:52.750,5.567901097552749,7.982766309369254,4.689631883718903,7.2500460714454675
2025-10-07 16:07:52.961,5.568216993322494,7.980949908693219,4.690026753431084,7.2500460714454675
2025-10-07 16:07:53.173,5.567822123610313,7.983082205138999,4.689947779488648,7.2500460714454675
2025-10-07 16:07:53.383,5.567822123610313,7.983161179081435,4.689710857661339,7.251862472121502
2025-10-07 16:07:53.595,5.568453915149803,7.981581700232709,4.689315987949158,7.250440941157649
2025-10-07 16:07:53.806,5.56829596726493,7.982134517829763,4.692001101991991,7.250993758754703
2025-10-07 16:07:54.017,5.5686118630346755,7.983082205138999,4.689394961891594,7.252178367891247
2025-10-07 16:07:54.228,5.56766417572544,7.9810288826356555,4.689710857661339,7.251625550294193
2025-10-07 16:07:54.440,5.567901097552749,7.982055543887327,4.689868805546212,7.251704524236629
2025-10-07 16:07:54.650,5.567980071495185,7.9824504135995085,4.689789831603775,7.253284003085355
2025-10-07 16:07:54.862,5.568216993322494,7.982292465714636,4.690421623143266,7.252178367891247
2025-10-07 16:07:55.073,5.56829596726493,7.981976569944891,4.6901057273735205,7.252178367891247
2025-10-07 16:07:55.285,5.568532889092239,7.981502726290273,4.689315987949158,7.25296810731561
2025-10-07 16:07:55.496,5.569401602459038,7.982292465714636,4.69160623227981,7.2534419509702275
2025-10-07 16:07:55.707,5.567901097552749,7.981186830520528,4.689237014006721,7.252257341833683
2025-10-07 16:07:55.919,5.567585201783004,7.981976569944891,4.6895529097764665,7.253284003085355
2025-10-07 16:07:56.130,5.567822123610313,7.9818975960024545,4.690263675258393,7.2534419509702275
2025-10-07 16:07:56.341,5.568138019380058,7.982055543887327,4.689394961891594,7.254389638279463
2025-10-07 16:07:56.552,5.568138019380058,7.9818975960024545,4.68947393583403,7.25296810731561
2025-10-07 16:07:56.763,5.56829596726493,7.9810288826356555,4.692080075934427,7.254152716452154
2025-10-07 16:07:56.974,5.567901097552749,7.982292465714636,4.689315987949158,7.2535998988551
2025-10-07 16:07:57.186,5.567980071495185,7.982529387541945,4.690263675258393,7.253915794624845
2025-10-07 16:07:57.397,5.568453915149803,7.9818975960024545,4.689947779488648,7.253915794624845
2025-10-07 16:07:57.608,5.567743149667876,7.981739648117582,4.690658544970574,7.254073742509718
2025-10-07 16:07:57.819,5.56766417572544,7.981344778405401,4.689394961891594,7.255021429818953
2025-10-07 16:07:58.030,5.568769810919548,7.9824504135995085,4.690026753431084,7.255100403761389
2025-10-07 16:07:58.241,5.567427253898131,7.982134517829763,4.691764180164682,7.256916804437424
2025-10-07 16:07:58.453,5.569164680631729,7.980949908693219,4.689710857661339,7.256679882610115
2025-10-07 16:07:58.665,5.567743149667876,7.9824504135995085,4.689631883718903,7.255179377703826
2025-10-07 16:07:58.877,5.568532889092239,7.983635022736053,4.6915272583373735,7.2557321953008795
2025-10-07 16:07:59.089,5.567980071495185,7.980791960808347,4.6922380238193,7.255890143185752
2025-10-07 16:07:59.301,5.567743149667876,7.9818975960024545,4.689710857661339,7.257311674149605
2025-10-07 16:07:59.514,5.567269306013259,7.981976569944891,4.689631883718903,7.256127065013061
2025-10-07 16:07:59.725,5.56829596726493,7.9818975960024545,4.6901057273735205,7.257311674149605
2025-10-07 16:07:59.937,5.568848784861984,7.983556048793616,4.689394961891594,7.256679882610115
2025-10-07 16:08:00.150,5.56829596726493,7.981423752347837,4.689868805546212,7.25699577837986
2025-10-07 16:08:00.363,5.568453915149803,7.980870934750783,4.690342649200829,7.258022439631532
2025-10-07 16:08:00.576,5.568374941207367,7.982134517829763,4.689000092179413,7.257469622034478
2025-10-07 16:08:00.788,5.568532889092239,7.981502726290273,4.689710857661339,7.259207048768076
2025-10-07 16:08:01.000,5.568216993322494,7.982292465714636,4.690026753431084,7.258338335401277
2025-10-07 16:08:01.211,5.568848784861984,7.980634012923474,4.689000092179413,7.257864491746659
2025-10-07 16:08:01.423,5.567901097552749,7.980791960808347,4.689947779488648,7.258022439631532
2025-10-07 16:08:01.634,5.568769810919548,7.981265804462964,4.691211362567628,7.257785517804223
2025-10-07 16:08:01.845,5.5680590454376215,7.981344778405401,4.691369310452501,7.2591280748256395
2025-10-07 16:08:02.056,5.568216993322494,7.982292465714636,4.689789831603775,7.258891152998331
2025-10-07 16:08:02.268,5.567901097552749,7.98284528331169,4.689710857661339,7.260470631847056
2025-10-07 16:08:02.480,5.568927758804421,7.982055543887327,4.6895529097764665,7.259364996652948
2025-10-07 16:08:02.692,5.567743149667876,7.981660674175146,4.691132388625192,7.259286022710512
2025-10-07 16:08:02.903,5.567901097552749,7.982055543887327,4.689947779488648,7.2599967881924385
2025-10-07 16:08:03.116,5.568138019380058,7.980318117153729,4.691685206222246,7.259838840307566
2025-10-07 16:08:03.328,5.568927758804421,7.9822134917722,4.689789831603775,7.25975986636513
2025-10-07 16:08:03.539,5.568374941207367,7.981739648117582,4.6895529097764665,7.261181397328983
2025-10-07 16:08:03.751,5.568216993322494,7.982371439657072,4.689710857661339,7.2605496057894925
2025-10-07 16:08:03.963,5.568374941207367,7.983161179081435,4.6895529097764665,7.2605496057894925
2025-10-07 16:08:04.175,5.567901097552749,7.981107856578092,4.689710857661339,7.260707553674365
2025-10-07 16:08:04.388,5.567980071495185,7.98008119532642,4.689947779488648,7.262050110695782
2025-10-07 16:08:04.599,5.567822123610313,7.983082205138999,4.6895529097764665,7.262918824062581
2025-10-07 16:08:04.812,5.568532889092239,7.981344778405401,4.689315987949158,7.260944475501674
2025-10-07 16:08:05.024,5.568927758804421,7.982055543887327,4.6895529097764665,7.261497293098728
2025-10-07 16:08:05.236,5.567901097552749,7.982055543887327,4.689868805546212,7.26315574588989
2025-10-07 16:08:05.448,5.568374941207367,7.98071298686591,4.690421623143266,7.261576267041164
2025-10-07 16:08:05.660,5.568138019380058,7.982055543887327,4.690342649200829,7.262129084638218
2025-10-07 16:08:05.871,5.569085706689293,7.982055543887327,4.690026753431084,7.262366006465527
2025-10-07 16:08:06.083,5.568453915149803,7.9833191269663075,4.690263675258393,7.262760876177708
2025-10-07 16:08:06.295,5.56829596726493,7.9818975960024545,4.689789831603775,7.262523954350399
2025-10-07 16:08:06.507,5.568769810919548,7.981976569944891,4.691448284394937,7.263076771947453
2025-10-07 16:08:06.719,5.567980071495185,7.981344778405401,4.69286981535879,7.26315574588989
2025-10-07 16:08:06.929,5.568927758804421,7.980870934750783,4.691369310452501,7.263945485314252
2025-10-07 16:08:07.139,5.568453915149803,7.983082205138999,4.689394961891594,7.26378753742938
2025-10-07 16:08:07.351,5.568769810919548,7.982134517829763,4.689947779488648,7.263471641659635
2025-10-07 16:08:07.562,5.569875446113656,7.9822134917722,4.692632893531481,7.264577276853743
2025-10-07 16:08:07.774,5.569164680631729,7.981976569944891,4.690184701315957,7.263629589544507
2025-10-07 16:08:07.984,5.569085706689293,7.982055543887327,4.6901057273735205,7.264893172623488
2025-10-07 16:08:08.196,5.568769810919548,7.9818975960024545,4.690026753431084,7.26441932896887
2025-10-07 16:08:08.407,5.568216993322494,7.980791960808347,4.692553919589045,7.265209068393233
2025-10-07 16:08:08.618,5.568138019380058,7.982371439657072,4.691922128049555,7.265209068393233
2025-10-07 16:08:08.829,5.568848784861984,7.981423752347837,4.6922380238193,7.265524964162978
2025-10-07 16:08:09.041,5.567980071495185,7.981186830520528,4.690263675258393,7.265603938105414
2025-10-07 16:08:09.252,5.569164680631729,7.9818975960024545,4.689315987949158,7.265130094450797
2025-10-07 16:08:09.464,5.568532889092239,7.981660674175146,4.692080075934427,7.266314703587341
2025-10-07 16:08:09.675,5.569638524286347,7.981818622060018,4.689710857661339,7.265445990220542
2025-10-07 16:08:09.886,5.569559550343911,7.983003231196562,4.690658544970574,7.266472651472213
2025-10-07 16:08:10.097,5.567980071495185,7.981739648117582,4.689868805546212,7.266393677529777
2025-10-07 16:08:10.309,5.568532889092239,7.9818975960024545,4.690342649200829,7.268052130320939
2025-10-07 16:08:10.520,5.569164680631729,7.981660674175146,4.6901057273735205,7.267341364839012
2025-10-07 16:08:10.731,5.567901097552749,7.982134517829763,4.690421623143266,7.266946495126831
2025-10-07 16:08:10.945,5.5686118630346755,7.981186830520528,4.690421623143266,7.268920843687738
2025-10-07 16:08:11.156,5.5686118630346755,7.9810288826356555,4.6901057273735205,7.2671044430117036
2025-10-07 16:08:11.367,5.568374941207367,7.982924257254126,4.690658544970574,7.267341364839012
2025-10-07 16:08:11.578,5.568927758804421,7.979923247441548,4.690263675258393,7.268052130320939
2025-10-07 16:08:11.790,5.569085706689293,7.981344778405401,4.689947779488648,7.268683921860429
2025-10-07 16:08:12.003,5.568769810919548,7.9822134917722,4.690184701315957,7.268210078205811
2025-10-07 16:08:12.214,5.568769810919548,7.981344778405401,4.692553919589045,7.268210078205811
2025-10-07 16:08:12.425,5.568532889092239,7.982371439657072,4.690263675258393,7.268289052148248
2025-10-07 16:08:12.636,5.5686118630346755,7.982055543887327,4.689868805546212,7.268683921860429
2025-10-07 16:08:12.847,5.568374941207367,7.981502726290273,4.692080075934427,7.270658270421336
2025-10-07 16:08:13.060,5.568453915149803,7.981344778405401,4.690184701315957,7.269789557054537
2025-10-07 16:08:13.271,5.568532889092239,7.980634012923474,4.692001101991991,7.268841869745302
2025-10-07 16:08:13.483,5.569559550343911,7.982371439657072,4.689947779488648,7.270263400709155
2025-10-07 16:08:13.694,5.5686118630346755,7.981581700232709,4.690421623143266,7.269236739457483
2025-10-07 16:08:13.905,5.568216993322494,7.983003231196562,4.6909744407403196,7.270895192248645
2025-10-07 16:08:14.117,5.568532889092239,7.982371439657072,4.690421623143266,7.270263400709155
2025-10-07 16:08:14.329,5.567980071495185,7.981976569944891,4.690342649200829,7.270421348594027
2025-10-07 16:08:14.541,5.568927758804421,7.981186830520528,4.6901057273735205,7.271132114075954
2025-10-07 16:08:14.753,5.5680590454376215,7.981107856578092,4.689947779488648,7.270105452824282
2025-10-07 16:08:14.964,5.568927758804421,7.982608361484381,4.6901057273735205,7.270974166191081
2025-10-07 16:08:15.175,5.568453915149803,7.981502726290273,4.690579571028138,7.2710531401335174
2025-10-07 16:08:15.388,5.568848784861984,7.981186830520528,4.690421623143266,7.271605957730571
2025-10-07 16:08:15.599,5.568848784861984,7.98071298686591,4.690421623143266,7.2719218535003165
2025-10-07 16:08:15.810,5.5694805764014745,7.981107856578092,4.690579571028138,7.271605957730571
2025-10-07 16:08:16.021,5.568216993322494,7.982055543887327,4.691843154107119,7.271684931673008
2025-10-07 16:08:16.233,5.569559550343911,7.982055543887327,4.690816492855447,7.272158775327625
2025-10-07 16:08:16.444,5.568769810919548,7.981818622060018,4.690895466797883,7.272237749270062
2025-10-07 16:08:16.656,5.568927758804421,7.982371439657072,4.690500597085702,7.272237749270062
2025-10-07 16:08:16.868,5.569085706689293,7.98071298686591,4.690026753431084,7.273106462636861
2025-10-07 16:08:17.081,5.5694805764014745,7.982371439657072,4.690342649200829,7.274370045715841
2025-10-07 16:08:17.292,5.568690836977112,7.9824504135995085,4.690816492855447,7.2724746710973704
2025-10-07 16:08:17.505,5.570270315825837,7.981423752347837,4.690026753431084,7.273422358406606
2025-10-07 16:08:17.717,5.56829596726493,7.982292465714636,4.6929487893012265,7.2738962020612234
2025-10-07 16:08:17.929,5.568769810919548,7.981423752347837,4.690342649200829,7.273738254176351
2025-10-07 16:08:18.142,5.5694805764014745,7.9818975960024545,4.6909744407403196,7.275159785140204
2025-10-07 16:08:18.354,5.56829596726493,7.981344778405401,4.690421623143266,7.273580306291478
2025-10-07 16:08:18.566,5.568927758804421,7.98071298686591,4.693027763243663,7.273738254176351
2025-10-07 16:08:18.777,5.568690836977112,7.983003231196562,4.693106737186099,7.274527993600714
2025-10-07 16:08:18.989,5.5686118630346755,7.981423752347837,4.690421623143266,7.274922863312895
2025-10-07 16:08:19.200,5.568216993322494,7.981344778405401,4.690737518913011,7.2747649154280225
2025-10-07 16:08:19.412,5.568927758804421,7.983161179081435,4.690658544970574,7.275159785140204
2025-10-07 16:08:19.623,5.568769810919548,7.981265804462964,4.690342649200829,7.275396706967513
2025-10-07 16:08:19.834,5.569954420056092,7.981660674175146,4.691211362567628,7.275396706967513
2025-10-07 16:08:20.045,5.568532889092239,7.981107856578092,4.6929487893012265,7.27587055062213
2025-10-07 16:08:20.256,5.568848784861984,7.981739648117582,4.690579571028138,7.275475680909949
2025-10-07 16:08:20.468,5.568453915149803,7.983082205138999,4.692001101991991,7.277844899183037
2025-10-07 16:08:20.679,5.568848784861984,7.983082205138999,4.691685206222246,7.277134133701111
2025-10-07 16:08:20.891,5.568138019380058,7.981186830520528,4.692001101991991,7.276502342161621
2025-10-07 16:08:21.102,5.568769810919548,7.981581700232709,4.690816492855447,7.278081821010346
2025-10-07 16:08:21.314,5.569322628516602,7.981107856578092,4.691448284394937,7.276818237931366
2025-10-07 16:08:21.526,5.568848784861984,7.981976569944891,4.690895466797883,7.277055159758675
2025-10-07 16:08:21.737,5.56979647217122,7.9824504135995085,4.6901057273735205,7.277923873125474
2025-10-07 16:08:21.947,5.56979647217122,7.980949908693219,4.690737518913011,7.277213107643547
2025-10-07 16:08:22.159,5.568453915149803,7.980634012923474,4.690500597085702,7.2776079773557285
2025-10-07 16:08:22.370,5.56979647217122,7.982134517829763,4.690895466797883,7.278397716780091
2025-10-07 16:08:22.581,5.568769810919548,7.981502726290273,4.690816492855447,7.2781607949527825
2025-10-07 16:08:22.792,5.568927758804421,7.981739648117582,4.6909744407403196,7.278555664664964
2025-10-07 16:08:23.003,5.568769810919548,7.981265804462964,4.690816492855447,7.278792586492273
2025-10-07 16:08:23.214,5.5694805764014745,7.981423752347837,4.693264685070972,7.280214117456126
2025-10-07 16:08:23.425,5.5686118630346755,7.980318117153729,4.691369310452501,7.278871560434709
2025-10-07 16:08:23.636,5.568690836977112,7.981502726290273,4.690737518913011,7.278950534377145
2025-10-07 16:08:23.847,5.568927758804421,7.9824504135995085,4.691290336510065,7.27926643014689
2025-10-07 16:08:24.058,5.569006732746857,7.982924257254126,4.690421623143266,7.279819247743944
2025-10-07 16:08:24.269,5.568453915149803,7.9818975960024545,4.690579571028138,7.279345404089327
2025-10-07 16:08:24.482,5.568848784861984,7.980791960808347,4.691290336510065,7.2804510392834345
2025-10-07 16:08:24.693,5.569006732746857,7.980949908693219,4.690895466797883,7.280608987168307
2025-10-07 16:08:24.904,5.568769810919548,7.9824504135995085,4.690658544970574,7.2818725702472875
2025-10-07 16:08:25.116,5.5686118630346755,7.9824504135995085,4.691132388625192,7.280372065340998
2025-10-07 16:08:25.328,5.568848784861984,7.982134517829763,4.6909744407403196,7.281635648419979
2025-10-07 16:08:25.541,5.569875446113656,7.9822134917722,4.690421623143266,7.281714622362415
2025-10-07 16:08:25.751,5.568453915149803,7.981660674175146,4.692080075934427,7.281951544189724
2025-10-07 16:08:25.962,5.569401602459038,7.981502726290273,4.691290336510065,7.281477700535106
2025-10-07 16:08:26.174,5.568927758804421,7.982766309369254,4.693027763243663,7.281240778707797
2025-10-07 16:08:26.386,5.568690836977112,7.982687335426817,4.691922128049555,7.281951544189724
2025-10-07 16:08:26.598,5.569085706689293,7.982134517829763,4.693106737186099,7.282583335729214
2025-10-07 16:08:26.809,5.569006732746857,7.981739648117582,4.690500597085702,7.2818725702472875
2025-10-07 16:08:27.020,5.569638524286347,7.9833191269663075,4.691764180164682,7.283767944865758
2025-10-07 16:08:27.231,5.568848784861984,7.981581700232709,4.692001101991991,7.282820257556523
2025-10-07 16:08:27.442,5.568927758804421,7.981739648117582,4.690895466797883,7.282504361786778
2025-10-07 16:08:27.654,5.569006732746857,7.980555038981038,4.692080075934427,7.282741283614087
2025-10-07 16:08:27.865,5.569401602459038,7.981739648117582,4.692553919589045,7.283688970923322
2025-10-07 16:08:28.076,5.569401602459038,7.982529387541945,4.690895466797883,7.283531023038449
2025-10-07 16:08:28.288,5.5700333939985285,7.981344778405401,4.691843154107119,7.285347423714484
2025-10-07 16:08:28.499,5.568769810919548,7.981818622060018,4.690579571028138,7.284004866693067
2025-10-07 16:08:28.712,5.568927758804421,7.982134517829763,4.690816492855447,7.283767944865758
2025-10-07 16:08:28.925,5.569243654574166,7.981344778405401,4.693185711128535,7.28542639765692
2025-10-07 16:08:29.137,5.568848784861984,7.981818622060018,4.690737518913011,7.283767944865758
2025-10-07 16:08:29.348,5.56979647217122,7.980870934750783,4.690658544970574,7.284399736405248
2025-10-07 16:08:29.561,5.569006732746857,7.981344778405401,4.693185711128535,7.285110501887175
2025-10-07 16:08:29.772,5.568927758804421,7.983003231196562,4.690579571028138,7.284241788520376
2025-10-07 16:08:29.983,5.570112367940965,7.9818975960024545,4.691211362567628,7.285347423714484
2025-10-07 16:08:30.194,5.569954420056092,7.981739648117582,4.693343659013408,7.284952554002302
2025-10-07 16:08:30.405,5.568927758804421,7.980555038981038,4.6915272583373735,7.285979215253974
2025-10-07 16:08:30.617,5.569006732746857,7.982134517829763,4.690895466797883,7.285347423714484
2025-10-07 16:08:30.829,5.568769810919548,7.982292465714636,4.691132388625192,7.285900241311538
2025-10-07 16:08:31.040,5.5694805764014745,7.983082205138999,4.693343659013408,7.286453058908592
2025-10-07 16:08:31.252,5.568927758804421,7.981660674175146,4.690816492855447,7.285821267369101
2025-10-07 16:08:31.463,5.570507237653146,7.9818975960024545,4.693896476610462,7.287084850448082
2025-10-07 16:08:31.674,5.569559550343911,7.983713996678489,4.693185711128535,7.286374084966155
2025-10-07 16:08:31.885,5.5694805764014745,7.981976569944891,4.693027763243663,7.287242798332954
2025-10-07 16:08:32.096,5.569006732746857,7.981186830520528,4.691843154107119,7.287005876505646
2025-10-07 16:08:32.309,5.570112367940965,7.982529387541945,4.69160623227981,7.2866899807359005
2025-10-07 16:08:32.520,5.569243654574166,7.981739648117582,4.69286981535879,7.287795615930008
2025-10-07 16:08:32.731,5.569401602459038,7.981976569944891,4.691764180164682,7.287321772275391
2025-10-07 16:08:32.942,5.569322628516602,7.980949908693219,4.691290336510065,7.2881115116997535
2025-10-07 16:08:33.153,5.569085706689293,7.9824504135995085,4.691211362567628,7.2875586941026995
2025-10-07 16:08:33.364,5.5694805764014745,7.982766309369254,4.69160623227981,7.28882227718168
2025-10-07 16:08:33.576,5.569006732746857,7.9818975960024545,4.690658544970574,7.287953563814881
2025-10-07 16:08:33.787,5.5700333939985285,7.982134517829763,4.691448284394937,7.2895330426636065
2025-10-07 16:08:33.998,5.569401602459038,7.981976569944891,4.690500597085702,7.288743303239244
2025-10-07 16:08:34.210,5.569559550343911,7.9810288826356555,4.6922380238193,7.289690990548479
2025-10-07 16:08:34.421,5.569559550343911,7.981502726290273,4.692553919589045,7.289612016606043
2025-10-07 16:08:34.632,5.5694805764014745,7.981976569944891,4.6909744407403196,7.290796625742587
2025-10-07 16:08:34.843,5.56979647217122,7.980870934750783,4.6938175026680256,7.290322782087969
2025-10-07 16:08:35.054,5.569559550343911,7.981423752347837,4.6915272583373735,7.289217146893861
2025-10-07 16:08:35.265,5.569875446113656,7.982371439657072,4.691685206222246,7.290164834203097
2025-10-07 16:08:35.477,5.568927758804421,7.981423752347837,4.691211362567628,7.289690990548479
2025-10-07 16:08:35.688,5.569401602459038,7.981502726290273,4.691053414682756,7.290243808145533
2025-10-07 16:08:35.898,5.5700333939985285,7.981976569944891,4.69350160689828,7.290638677857714
2025-10-07 16:08:36.110,5.57042826371071,7.982766309369254,4.691369310452501,7.290559703915278
2025-10-07 16:08:36.320,5.569243654574166,7.981581700232709,4.690816492855447,7.292297130648876
2025-10-07 16:08:36.532,5.569559550343911,7.981344778405401,4.691132388625192,7.291270469397205
2025-10-07 16:08:36.743,5.569954420056092,7.982371439657072,4.691764180164682,7.291744313051822
2025-10-07 16:08:36.955,5.569164680631729,7.981265804462964,4.693738528725589,7.291507391224513
2025-10-07 16:08:37.167,5.570270315825837,7.983082205138999,4.691211362567628,7.29221815670644
2025-10-07 16:08:37.378,5.569322628516602,7.98071298686591,4.69350160689828,7.292770974303494
2025-10-07 16:08:37.591,5.570191341883401,7.981423752347837,4.691132388625192,7.2918232869942585
2025-10-07 16:08:37.802,5.569164680631729,7.9810288826356555,4.691764180164682,7.292928922188366
2025-10-07 16:08:38.013,5.568769810919548,7.981265804462964,4.690658544970574,7.292139182764004
2025-10-07 16:08:38.223,5.569559550343911,7.980870934750783,4.691685206222246,7.294508401037092
2025-10-07 16:08:38.435,5.57042826371071,7.981423752347837,4.691211362567628,7.292692000361058
2025-10-07 16:08:38.646,5.570191341883401,7.979686325614239,4.691132388625192,7.293639687670293
2025-10-07 16:08:38.857,5.569401602459038,7.981739648117582,4.690737518913011,7.293718661612729
2025-10-07 16:08:39.069,5.569164680631729,7.981660674175146,4.694291346322643,7.2937976355551655
2025-10-07 16:08:39.280,5.570349289768274,7.981344778405401,4.692553919589045,7.294192505267347
2025-10-07 16:08:39.492,5.569559550343911,7.980397091096165,4.6909744407403196,7.293955583440038
2025-10-07 16:08:39.704,5.569638524286347,7.981423752347837,4.691922128049555,7.294508401037092
2025-10-07 16:08:39.915,5.5694805764014745,7.981818622060018,4.691053414682756,7.294745322864401
2025-10-07 16:08:40.127,5.570270315825837,7.982292465714636,4.691448284394937,7.294745322864401
2025-10-07 16:08:40.339,5.569638524286347,7.981107856578092,4.693106737186099,7.295061218634146
2025-10-07 16:08:40.552,5.569875446113656,7.982608361484381,4.693106737186099,7.294903270749273
2025-10-07 16:08:40.763,5.570270315825837,7.982292465714636,4.691843154107119,7.295535062288764
2025-10-07 16:08:40.975,5.569638524286347,7.98347707485118,4.692001101991991,7.295377114403891
2025-10-07 16:08:41.186,5.569717498228783,7.9833191269663075,4.692159049876864,7.295771984116072
2025-10-07 16:08:41.397,5.569638524286347,7.981581700232709,4.690737518913011,7.295377114403891
2025-10-07 16:08:41.608,5.570744159480455,7.981581700232709,4.6923959717041726,7.296166853828254
2025-10-07 16:08:41.820,5.5694805764014745,7.984029892448234,4.692159049876864,7.296561723540435
2025-10-07 16:08:42.033,5.570981081307764,7.9818975960024545,4.6938175026680256,7.29687761931018
2025-10-07 16:08:42.245,5.569322628516602,7.981502726290273,4.691369310452501,7.297114541137489
2025-10-07 16:08:42.457,5.571139029192636,7.982292465714636,4.691448284394937,7.296719671425308
2025-10-07 16:08:42.670,5.570270315825837,7.981581700232709,4.691132388625192,7.2966406974828715
2025-10-07 16:08:42.881,5.569638524286347,7.982924257254126,4.692553919589045,7.2975094108496705
2025-10-07 16:08:43.093,5.569243654574166,7.981976569944891,4.6915272583373735,7.297193515079925
2025-10-07 16:08:43.305,5.569717498228783,7.98284528331169,4.691843154107119,7.299404785468141
2025-10-07 16:08:43.517,5.569954420056092,7.981976569944891,4.691843154107119,7.297351462964798
2025-10-07 16:08:43.730,5.569559550343911,7.981107856578092,4.691764180164682,7.298615046043778
2025-10-07 16:08:43.941,5.5709021073653275,7.982055543887327,4.691290336510065,7.298141202389161
2025-10-07 16:08:44.152,5.5700333939985285,7.9824504135995085,4.690895466797883,7.298694019986215
2025-10-07 16:08:44.363,5.570270315825837,7.9822134917722,4.691448284394937,7.2994837594105775
2025-10-07 16:08:44.574,5.5700333939985285,7.981739648117582,4.692001101991991,7.29837812421647
2025-10-07 16:08:44.785,5.569638524286347,7.981660674175146,4.691843154107119,7.299325811525705
2025-10-07 16:08:44.997,5.570112367940965,7.982371439657072,4.693659554783153,7.2989309418135235
2025-10-07 16:08:45.208,5.569401602459038,7.981818622060018,4.692316997761736,7.299562733353014
2025-10-07 16:08:45.419,5.570744159480455,7.981976569944891,4.692316997761736,7.2994837594105775
2025-10-07 16:08:45.630,5.570665185538019,7.983161179081435,4.691369310452501,7.299246837583269
2025-10-07 16:08:45.843,5.569875446113656,7.982608361484381,4.6923959717041726,7.300115550950068
2025-10-07 16:08:46.054,5.569954420056092,7.981818622060018,4.691843154107119,7.299957603065195
2025-10-07 16:08:46.266,5.5700333939985285,7.981976569944891,4.691685206222246,7.300431446719813
2025-10-07 16:08:46.476,5.570112367940965,7.980791960808347,4.69160623227981,7.300510420662249
2025-10-07 16:08:46.689,5.570191341883401,7.981107856578092,4.69160623227981,7.3003524727773765
2025-10-07 16:08:46.900,5.570507237653146,7.981739648117582,4.6922380238193,7.301616055856357
2025-10-07 16:08:47.112,5.5700333939985285,7.981186830520528,4.691448284394937,7.301142212201739
2025-10-07 16:08:47.323,5.5694805764014745,7.982608361484381,4.693343659013408,7.301537081913921
2025-10-07 16:08:47.534,5.570823133422891,7.982924257254126,4.6915272583373735,7.302958612877774
2025-10-07 16:08:47.745,5.571139029192636,7.982292465714636,4.692632893531481,7.302010925568538
2025-10-07 16:08:47.957,5.570112367940965,7.981423752347837,4.694449294207516,7.3017740037412295
2025-10-07 16:08:48.168,5.570112367940965,7.9822134917722,4.693580580840717,7.3023268213382835
2025-10-07 16:08:48.379,5.5694805764014745,7.981265804462964,4.693659554783153,7.302721691050465
2025-10-07 16:08:48.591,5.56979647217122,7.981739648117582,4.691369310452501,7.302089899510975
2025-10-07 16:08:48.802,5.570349289768274,7.981976569944891,4.692080075934427,7.303116560762646
2025-10-07 16:08:49.013,5.570191341883401,7.980870934750783,4.69286981535879,7.302642717108029
2025-10-07 16:08:49.224,5.570586211595582,7.98071298686591,4.694291346322643,7.3046170656689355
2025-10-07 16:08:49.436,5.5700333939985285,7.9810288826356555,4.691843154107119,7.302958612877774
2025-10-07 16:08:49.647,5.570665185538019,7.982134517829763,4.6929487893012265,7.3046170656689355
2025-10-07 16:08:49.858,5.570981081307764,7.9824504135995085,4.691369310452501,7.305406805093298
2025-10-07 16:08:50.070,5.569559550343911,7.980870934750783,4.69286981535879,7.304064248071882
2025-10-07 16:08:50.281,5.569875446113656,7.982055543887327,4.692474945646609,7.305959622690352
2025-10-07 16:08:50.493,5.570981081307764,7.981818622060018,4.691132388625192,7.3046170656689355
2025-10-07 16:08:50.704,5.5700333939985285,7.982292465714636,4.692001101991991,7.304932961438681
2025-10-07 16:08:50.915,5.569954420056092,7.9824504135995085,4.6915272583373735,7.304380143841627
2025-10-07 16:08:51.126,5.570270315825837,7.98347707485118,4.69160623227981,7.306196544517661
2025-10-07 16:08:51.337,5.570191341883401,7.980791960808347,4.691685206222246,7.304380143841627
2025-10-07 16:08:51.548,5.57042826371071,7.983398100908744,4.692159049876864,7.305327831150862
2025-10-07 16:08:51.759,5.569638524286347,7.982055543887327,4.694133398437771,7.305327831150862
2025-10-07 16:08:51.968,5.570112367940965,7.981107856578092,4.691764180164682,7.30706525788446
2025-10-07 16:08:52.180,5.5700333939985285,7.982529387541945,4.6915272583373735,7.3080129451936955
2025-10-07 16:08:52.392,5.5700333939985285,7.982608361484381,4.694054424495334,7.305722700863043
2025-10-07 16:08:52.603,5.570744159480455,7.981423752347837,4.691685206222246,7.306512440287406
2025-10-07 16:08:52.815,5.569875446113656,7.9818975960024545,4.692632893531481,7.306512440287406
2025-10-07 16:08:53.026,5.570191341883401,7.981818622060018,4.692080075934427,7.3065914142298425
2025-10-07 16:08:53.237,5.5710600552502,7.9818975960024545,4.694449294207516,7.306986283942024
2025-10-07 16:08:53.449,5.570349289768274,7.982371439657072,4.691764180164682,7.307223205769333
2025-10-07 16:08:53.660,5.570270315825837,7.9818975960024545,4.691369310452501,7.309355502215112
2025-10-07 16:08:53.872,5.570270315825837,7.981739648117582,4.692159049876864,7.307618075481514
2025-10-07 16:08:54.083,5.5709021073653275,7.980634012923474,4.692001101991991,7.308328840963441
2025-10-07 16:08:54.294,5.570270315825837,7.981976569944891,4.691290336510065,7.30769704942395
2025-10-07 16:08:54.505,5.570112367940965,7.981344778405401,4.692159049876864,7.308644736733186
2025-10-07 16:08:54.716,5.570507237653146,7.981581700232709,4.691448284394937,7.307854997308823
2025-10-07 16:08:54.927,5.571139029192636,7.9818975960024545,4.69350160689828,7.308328840963441
2025-10-07 16:08:55.138,5.571218003135073,7.982292465714636,4.694133398437771,7.308802684618058
2025-10-07 16:08:55.349,5.570665185538019,7.981265804462964,4.692553919589045,7.310619085294093
2025-10-07 16:08:55.561,5.5710600552502,7.981739648117582,4.691922128049555,7.311171902891147
2025-10-07 16:08:55.774,5.570349289768274,7.983635022736053,4.693975450552898,7.309118580387803
2025-10-07 16:08:55.984,5.570270315825837,7.982371439657072,4.692159049876864,7.309750371927294
2025-10-07 16:08:56.195,5.570349289768274,7.981344778405401,4.693580580840717,7.31046113740922
2025-10-07 16:08:56.406,5.569164680631729,7.981660674175146,4.6943703202650795,7.311329850776019
2025-10-07 16:08:56.618,5.569717498228783,7.981581700232709,4.692316997761736,7.310145241639475
2025-10-07 16:08:56.829,5.57042826371071,7.981265804462964,4.691922128049555,7.310540111351656
2025-10-07 16:08:57.040,5.571296977077509,7.982292465714636,4.691922128049555,7.311803694430637
2025-10-07 16:08:57.252,5.571533898904818,7.981265804462964,4.692080075934427,7.311961642315509
2025-10-07 16:08:57.464,5.570507237653146,7.982055543887327,4.694449294207516,7.311250876833583
2025-10-07 16:08:57.676,5.569954420056092,7.9804760650386015,4.691922128049555,7.311408824718455
2025-10-07 16:08:57.887,5.570744159480455,7.981344778405401,4.692316997761736,7.312514459912563
2025-10-07 16:08:58.098,5.570349289768274,7.982055543887327,4.692001101991991,7.311803694430637
2025-10-07 16:08:58.309,5.570665185538019,7.981818622060018,4.692711867473918,7.311882668373073
2025-10-07 16:08:58.521,5.570665185538019,7.982766309369254,4.6943703202650795,7.312751381739872
2025-10-07 16:08:58.732,5.570349289768274,7.981423752347837,4.691764180164682,7.313067277509617
2025-10-07 16:08:58.944,5.569875446113656,7.981581700232709,4.6923959717041726,7.3136990690491075
2025-10-07 16:08:59.157,5.570112367940965,7.981976569944891,4.691764180164682,7.31322522539449
2025-10-07 16:08:59.369,5.570112367940965,7.9818975960024545,4.692790841416354,7.3131462514520535
2025-10-07 16:08:59.580,5.570349289768274,7.981976569944891,4.692632893531481,7.312672407797436
2025-10-07 16:08:59.793,5.571612872847254,7.982371439657072,4.6929487893012265,7.313541121164235
2025-10-07 16:09:00.004,5.570823133422891,7.981976569944891,4.691843154107119,7.315041626070524
2025-10-07 16:09:00.215,5.570981081307764,7.981502726290273,4.692553919589045,7.314883678185652
2025-10-07 16:09:00.428,5.570744159480455,7.982687335426817,4.692474945646609,7.31385701693398
2025-10-07 16:09:00.641,5.570586211595582,7.982055543887327,4.691843154107119,7.3145677824159065
2025-10-07 16:09:00.853,5.570507237653146,7.981265804462964,4.692553919589045,7.314804704243215
2025-10-07 16:09:01.065,5.570586211595582,7.981502726290273,4.692553919589045,7.314804704243215
2025-10-07 16:09:01.276,5.570270315825837,7.981186830520528,4.6923959717041726,7.314251886646161
2025-10-07 16:09:01.487,5.570191341883401,7.982292465714636,4.693422632955844,7.314804704243215
2025-10-07 16:09:01.699,5.571928768616999,7.981660674175146,4.694528268149952,7.314804704243215
2025-10-07 16:09:01.911,5.570744159480455,7.981502726290273,4.694449294207516,7.316147261264632
2025-10-07 16:09:02.122,5.570823133422891,7.982292465714636,4.692632893531481,7.315831365494887
2025-10-07 16:09:02.333,5.571296977077509,7.981739648117582,4.6949231378621334,7.316068287322196
2025-10-07 16:09:02.545,5.570349289768274,7.980318117153729,4.692790841416354,7.316226235207068
2025-10-07 16:09:02.757,5.570665185538019,7.98347707485118,4.692080075934427,7.315910339437323
2025-10-07 16:09:02.968,5.570744159480455,7.9824504135995085,4.692790841416354,7.315831365494887
2025-10-07 16:09:03.179,5.570823133422891,7.982371439657072,4.692553919589045,7.316305209149505
2025-10-07 16:09:03.391,5.570507237653146,7.982134517829763,4.692159049876864,7.317094948573867
2025-10-07 16:09:03.603,5.5714549249623815,7.981265804462964,4.692790841416354,7.317489818286049
2025-10-07 16:09:03.815,5.5710600552502,7.981502726290273,4.6929487893012265,7.317568792228485
2025-10-07 16:09:04.027,5.570744159480455,7.981581700232709,4.6923959717041726,7.317805714055794
2025-10-07 16:09:04.239,5.570665185538019,7.982608361484381,4.694686216034825,7.318990323192338
2025-10-07 16:09:04.450,5.570981081307764,7.9833191269663075,4.694844163919697,7.318279557710412
2025-10-07 16:09:04.663,5.571296977077509,7.982687335426817,4.692790841416354,7.317805714055794
2025-10-07 16:09:04.876,5.570349289768274,7.981818622060018,4.692711867473918,7.319069297134774
2025-10-07 16:09:05.088,5.5710600552502,7.98284528331169,4.691764180164682,7.319464166846956
2025-10-07 16:09:05.300,5.570744159480455,7.981976569944891,4.6922380238193,7.318674427422593
2025-10-07 16:09:05.511,5.571612872847254,7.981976569944891,4.6923959717041726,7.319148271077211
2025-10-07 16:09:05.724,5.570507237653146,7.98071298686591,4.692711867473918,7.318674427422593
2025-10-07 16:09:05.936,5.570823133422891,7.983398100908744,4.6923959717041726,7.319227245019647
2025-10-07 16:09:06.147,5.570507237653146,7.981107856578092,4.6923959717041726,7.32001698444401
2025-10-07 16:09:06.359,5.570586211595582,7.982371439657072,4.692080075934427,7.3193851929045195
2025-10-07 16:09:06.571,5.5714549249623815,7.981818622060018,4.692001101991991,7.320095958386446
2025-10-07 16:09:06.783,5.570744159480455,7.981186830520528,4.693896476610462,7.32001698444401
2025-10-07 16:09:06.992,5.570507237653146,7.981502726290273,4.692080075934427,7.319859036559137
2025-10-07 16:09:07.204,5.570823133422891,7.981818622060018,4.69350160689828,7.320727749925936
2025-10-07 16:09:07.415,5.571218003135073,7.981502726290273,4.692711867473918,7.3206487759835
2025-10-07 16:09:07.627,5.570823133422891,7.981186830520528,4.69286981535879,7.3208067238683725
2025-10-07 16:09:07.838,5.571612872847254,7.982055543887327,4.692474945646609,7.32128056752299
2025-10-07 16:09:08.049,5.570507237653146,7.983003231196562,4.691843154107119,7.32128056752299
2025-10-07 16:09:08.261,5.571218003135073,7.981976569944891,4.6922380238193,7.322860046371716
2025-10-07 16:09:08.472,5.5710600552502,7.981581700232709,4.691685206222246,7.3213595414654264
2025-10-07 16:09:08.683,5.571612872847254,7.981818622060018,4.692080075934427,7.3236497857960785
2025-10-07 16:09:08.895,5.571218003135073,7.981265804462964,4.692790841416354,7.321833385120044
2025-10-07 16:09:09.106,5.571139029192636,7.98071298686591,4.695160059689442,7.322386202717098
2025-10-07 16:09:09.317,5.570823133422891,7.982766309369254,4.692553919589045,7.321991333004917
2025-10-07 16:09:09.528,5.5710600552502,7.981739648117582,4.693106737186099,7.322544150601971
2025-10-07 16:09:09.740,5.570507237653146,7.981581700232709,4.692080075934427,7.322386202717098
2025-10-07 16:09:09.951,5.571218003135073,7.981107856578092,4.695318007574315,7.3242026033931324
2025-10-07 16:09:10.161,5.571533898904818,7.981502726290273,4.6923959717041726,7.323807733680951
2025-10-07 16:09:10.373,5.570823133422891,7.981976569944891,4.693264685070972,7.323096968199025
2025-10-07 16:09:10.583,5.572007742559435,7.981265804462964,4.692474945646609,7.324597473105314
2025-10-07 16:09:10.794,5.571533898904818,7.981739648117582,4.692632893531481,7.3242026033931324
2025-10-07 16:09:11.006,5.571296977077509,7.982134517829763,4.6923959717041726,7.32467644704775
2025-10-07 16:09:11.217,5.5710600552502,7.981660674175146,4.6922380238193,7.3256241343569855
2025-10-07 16:09:11.428,5.572165690444308,7.982292465714636,4.695160059689442,7.325466186472113
2025-10-07 16:09:11.639,5.5709021073653275,7.981976569944891,4.692553919589045,7.324834394932623
2025-10-07 16:09:11.851,5.571375951019945,7.982292465714636,4.6923959717041726,7.326176951954039
2025-10-07 16:09:12.061,5.571533898904818,7.981502726290273,4.693185711128535,7.325387212529677
2025-10-07 16:09:12.273,5.571770820732127,7.981423752347837,4.694054424495334,7.32680874349353
2025-10-07 16:09:12.483,5.571375951019945,7.9810288826356555,4.69286981535879,7.325940030126731
2025-10-07 16:09:12.695,5.570586211595582,7.9822134917722,4.693027763243663,7.325150290702368
2025-10-07 16:09:12.907,5.570507237653146,7.983398100908744,4.692474945646609,7.326019004069167
2025-10-07 16:09:13.118,5.571218003135073,7.9818975960024545,4.692316997761736,7.3256241343569855
2025-10-07 16:09:13.330,5.570823133422891,7.981976569944891,4.692553919589045,7.327203613205711
2025-10-07 16:09:13.541,5.570270315825837,7.981739648117582,4.694844163919697,7.326334899838912
2025-10-07 16:09:13.754,5.570507237653146,7.981581700232709,4.693106737186099,7.3264928477237845
2025-10-07 16:09:13.965,5.571139029192636,7.981265804462964,4.6929487893012265,7.327598482917892
2025-10-07 16:09:14.176,5.570823133422891,7.981186830520528,4.692474945646609,7.326650795608657
2025-10-07 16:09:14.388,5.572402612271617,7.981502726290273,4.695318007574315,7.32744053503302
2025-10-07 16:09:14.599,5.5709021073653275,7.9824504135995085,4.6949231378621334,7.328783092054437
2025-10-07 16:09:14.811,5.570507237653146,7.982292465714636,4.69350160689828,7.32744053503302
2025-10-07 16:09:15.022,5.571218003135073,7.9822134917722,4.69286981535879,7.327756430802765
2025-10-07 16:09:15.233,5.570665185538019,7.982529387541945,4.692001101991991,7.327598482917892
2025-10-07 16:09:15.445,5.571612872847254,7.981739648117582,4.694449294207516,7.328862065996873
2025-10-07 16:09:15.656,5.570981081307764,7.981107856578092,4.693659554783153,7.328388222342255
2025-10-07 16:09:15.868,5.57169184678969,7.981739648117582,4.6929487893012265,7.329020013881745
2025-10-07 16:09:16.080,5.572007742559435,7.981186830520528,4.6938175026680256,7.328625144169564
2025-10-07 16:09:16.291,5.571375951019945,7.982055543887327,4.69563390334406,7.3293359096514905
2025-10-07 16:09:16.503,5.570981081307764,7.981423752347837,4.693264685070972,7.329177961766618
2025-10-07 16:09:16.714,5.571533898904818,7.980397091096165,4.692711867473918,7.329493857536363
2025-10-07 16:09:16.926,5.5714549249623815,7.981660674175146,4.692790841416354,7.330441544845598
2025-10-07 16:09:17.137,5.570586211595582,7.981660674175146,4.692553919589045,7.329256935709054
2025-10-07 16:09:17.348,5.571139029192636,7.981660674175146,4.694449294207516,7.330520518788035
2025-10-07 16:09:17.559,5.571296977077509,7.981660674175146,4.693422632955844,7.330283596960726
2025-10-07 16:09:17.771,5.572639534098926,7.9810288826356555,4.692632893531481,7.329809753306108
2025-10-07 16:09:17.982,5.572086716501872,7.98284528331169,4.692632893531481,7.332415893406505
2025-10-07 16:09:18.193,5.5709021073653275,7.982371439657072,4.692632893531481,7.33020462301829
2025-10-07 16:09:18.405,5.571533898904818,7.981265804462964,4.695554929401624,7.330994362442652
2025-10-07 16:09:18.616,5.5710600552502,7.98284528331169,4.695396981516751,7.331152310327525
2025-10-07 16:09:18.828,5.571770820732127,7.98410886639067,4.693264685070972,7.331784101867015
2025-10-07 16:09:19.039,5.571139029192636,7.982134517829763,4.695160059689442,7.333047684945996
2025-10-07 16:09:19.250,5.5714549249623815,7.981976569944891,4.693185711128535,7.331942049751888
2025-10-07 16:09:19.461,5.571612872847254,7.981423752347837,4.69350160689828,7.333284606773304
2025-10-07 16:09:19.672,5.571296977077509,7.982292465714636,4.693264685070972,7.332652815233814
2025-10-07 16:09:19.883,5.57169184678969,7.981581700232709,4.6957918512289325,7.334785111679594
2025-10-07 16:09:20.094,5.571296977077509,7.9818975960024545,4.693106737186099,7.332494867348942
2025-10-07 16:09:20.306,5.5714549249623815,7.9833191269663075,4.694686216034825,7.333363580715741
2025-10-07 16:09:20.517,5.571139029192636,7.982134517829763,4.693264685070972,7.3327317891762505
2025-10-07 16:09:20.729,5.570823133422891,7.981344778405401,4.693580580840717,7.333758450427922
2025-10-07 16:09:20.944,5.571375951019945,7.98284528331169,4.693264685070972,7.332968711003559
2025-10-07 16:09:21.155,5.570823133422891,7.981423752347837,4.693106737186099,7.333205632830868
2025-10-07 16:09:21.366,5.571533898904818,7.981739648117582,4.69286981535879,7.334469215909849
2025-10-07 16:09:21.578,5.571296977077509,7.980870934750783,4.693185711128535,7.3355748511039565
2025-10-07 16:09:21.790,5.5709021073653275,7.981344778405401,4.693580580840717,7.33423229408254
2025-10-07 16:09:22.001,5.5709021073653275,7.9822134917722,4.693738528725589,7.334706137737157
2025-10-07 16:09:22.213,5.571849794674563,7.982371439657072,4.69286981535879,7.335732798988829
2025-10-07 16:09:22.425,5.571218003135073,7.981660674175146,4.6929487893012265,7.33486408562203
2025-10-07 16:09:22.637,5.570823133422891,7.982608361484381,4.692553919589045,7.334785111679594
2025-10-07 16:09:22.848,5.571849794674563,7.982292465714636,4.6929487893012265,7.335653825046393
2025-10-07 16:09:23.059,5.572718508041362,7.981818622060018,4.692711867473918,7.335732798988829
2025-10-07 16:09:23.271,5.570981081307764,7.982292465714636,4.6929487893012265,7.336285616585883
2025-10-07 16:09:23.482,5.570744159480455,7.981739648117582,4.694291346322643,7.337707147549736
2025-10-07 16:09:23.694,5.571139029192636,7.981344778405401,4.695081085747006,7.336285616585883
2025-10-07 16:09:23.905,5.571139029192636,7.981581700232709,4.693106737186099,7.336601512355628
2025-10-07 16:09:24.116,5.573113377753543,7.980555038981038,4.693106737186099,7.3364435644707555
2025-10-07 16:09:24.327,5.5714549249623815,7.981344778405401,4.693106737186099,7.337233303895118
2025-10-07 16:09:24.539,5.571849794674563,7.981265804462964,4.694686216034825,7.336838434182937
2025-10-07 16:09:24.751,5.571218003135073,7.982134517829763,4.693106737186099,7.337075356010246
2025-10-07 16:09:24.962,5.571375951019945,7.981976569944891,4.693738528725589,7.337312277837555
2025-10-07 16:09:25.173,5.571849794674563,7.980397091096165,4.693343659013408,7.337075356010246
2025-10-07 16:09:25.385,5.571770820732127,7.981107856578092,4.69350160689828,7.338023043319481
2025-10-07 16:09:25.596,5.571375951019945,7.9822134917722,4.693343659013408,7.337786121492172
2025-10-07 16:09:25.807,5.571928768616999,7.982055543887327,4.693264685070972,7.338338939089226
2025-10-07 16:09:26.019,5.572481586214053,7.981502726290273,4.693264685070972,7.338496886974099
2025-10-07 16:09:26.230,5.571612872847254,7.981739648117582,4.695160059689442,7.338338939089226
2025-10-07 16:09:26.441,5.571612872847254,7.982134517829763,4.69563390334406,7.340313287650133
2025-10-07 16:09:26.653,5.571218003135073,7.981739648117582,4.693975450552898,7.338812782743844
2025-10-07 16:09:26.865,5.571612872847254,7.981186830520528,4.693659554783153,7.339365600340898
2025-10-07 16:09:27.076,5.571612872847254,7.982608361484381,4.6952390336318786,7.338575860916535
2025-10-07 16:09:27.287,5.571296977077509,7.980949908693219,4.693185711128535,7.339444574283334
2025-10-07 16:09:27.498,5.571770820732127,7.981976569944891,4.693185711128535,7.339997391880388
2025-10-07 16:09:27.709,5.571928768616999,7.981107856578092,4.6938175026680256,7.339760470053079
2025-10-07 16:09:27.922,5.571296977077509,7.982608361484381,4.693580580840717,7.340155339765261
2025-10-07 16:09:28.134,5.571139029192636,7.98071298686591,4.695160059689442,7.341497896786677
2025-10-07 16:09:28.346,5.572244664386744,7.981423752347837,4.693580580840717,7.340076365822824
2025-10-07 16:09:28.557,5.571849794674563,7.982766309369254,4.693580580840717,7.340471235535006
2025-10-07 16:09:28.770,5.571218003135073,7.981660674175146,4.693106737186099,7.3412609749593685
2025-10-07 16:09:28.982,5.571612872847254,7.981818622060018,4.693106737186099,7.342998401692967
2025-10-07 16:09:29.193,5.571533898904818,7.981818622060018,4.693264685070972,7.3412609749593685
2025-10-07 16:09:29.405,5.5723236383291805,7.981423752347837,4.69500211180457,7.341103027074496
2025-10-07 16:09:29.617,5.571612872847254,7.981502726290273,4.693185711128535,7.341734818613986
2025-10-07 16:09:29.829,5.571296977077509,7.981502726290273,4.6929487893012265,7.342050714383731
2025-10-07 16:09:30.040,5.571375951019945,7.982608361484381,4.69350160689828,7.341892766498859
2025-10-07 16:09:30.250,5.572165690444308,7.981660674175146,4.69286981535879,7.3421296883261675
2025-10-07 16:09:30.461,5.571375951019945,7.980791960808347,4.693580580840717,7.34291942775053
2025-10-07 16:09:30.672,5.571533898904818,7.9822134917722,4.69350160689828,7.343393271405148
2025-10-07 16:09:30.883,5.5714549249623815,7.9822134917722,4.693027763243663,7.343156349577839
2025-10-07 16:09:31.095,5.571533898904818,7.981423752347837,4.6938175026680256,7.342603531980785
2025-10-07 16:09:31.306,5.572718508041362,7.981423752347837,4.6943703202650795,7.343472245347584
2025-10-07 16:09:31.517,5.571849794674563,7.982371439657072,4.694054424495334,7.3449727502538735
2025-10-07 16:09:31.727,5.57169184678969,7.982292465714636,4.6929487893012265,7.344498906599256
2025-10-07 16:09:31.938,5.571296977077509,7.981581700232709,4.693422632955844,7.344183010829511
2025-10-07 16:09:32.149,5.571296977077509,7.981739648117582,4.693422632955844,7.344025062944638
2025-10-07 16:09:32.360,5.572007742559435,7.981107856578092,4.695949799113805,7.344183010829511
2025-10-07 16:09:32.571,5.572402612271617,7.980318117153729,4.695554929401624,7.345999411505545
2025-10-07 16:09:32.783,5.5710600552502,7.9810288826356555,4.693027763243663,7.345209672081182
2025-10-07 16:09:32.994,5.5710600552502,7.982371439657072,4.693659554783153,7.344735828426565
2025-10-07 16:09:33.206,5.572244664386744,7.981344778405401,4.695396981516751,7.345288646023619
2025-10-07 16:09:33.417,5.572402612271617,7.98284528331169,4.693106737186099,7.346789150929908
2025-10-07 16:09:33.628,5.5710600552502,7.981818622060018,4.693659554783153,7.345604541793364
2025-10-07 16:09:33.840,5.571533898904818,7.982371439657072,4.695160059689442,7.3455255678509275
2025-10-07 16:09:34.051,5.5714549249623815,7.981502726290273,4.693738528725589,7.3455255678509275
2025-10-07 16:09:34.263,5.5714549249623815,7.981186830520528,4.693896476610462,7.346631203045035
2025-10-07 16:09:34.474,5.571375951019945,7.982529387541945,4.695396981516751,7.346236333332854
2025-10-07 16:09:34.686,5.571770820732127,7.982055543887327,4.6943703202650795,7.3469470988147805
2025-10-07 16:09:34.897,5.571770820732127,7.982055543887327,4.694133398437771,7.346552229102599
2025-10-07 16:09:35.109,5.572402612271617,7.982687335426817,4.693659554783153,7.3469470988147805
2025-10-07 16:09:35.320,5.572560560156489,7.981818622060018,4.693343659013408,7.347026072757217
2025-10-07 16:09:35.530,5.571928768616999,7.981739648117582,4.693106737186099,7.347736838239143
2025-10-07 16:09:35.742,5.573271325638416,7.981581700232709,4.693106737186099,7.349474264972741
2025-10-07 16:09:35.954,5.57169184678969,7.982924257254126,4.693659554783153,7.3478158121815795
2025-10-07 16:09:36.166,5.571770820732127,7.981502726290273,4.693580580840717,7.347736838239143
2025-10-07 16:09:36.378,5.5714549249623815,7.981976569944891,4.696028773056241,7.347894786124016
2025-10-07 16:09:36.589,5.571375951019945,7.981423752347837,4.69350160689828,7.350106056512232
2025-10-07 16:09:36.801,5.571218003135073,7.982608361484381,4.693738528725589,7.348526577663506
2025-10-07 16:09:37.011,5.571770820732127,7.9822134917722,4.693264685070972,7.349395291030305
2025-10-07 16:09:37.224,5.57169184678969,7.9818975960024545,4.695396981516751,7.348763499490815
2025-10-07 16:09:37.435,5.572955429868671,7.980870934750783,4.69350160689828,7.349948108627359
2025-10-07 16:09:37.646,5.571770820732127,7.982055543887327,4.693343659013408,7.349316317087869
2025-10-07 16:09:37.859,5.571533898904818,7.981265804462964,4.693896476610462,7.349395291030305
2025-10-07 16:09:38.072,5.572797481983798,7.9824504135995085,4.693580580840717,7.351448613533648
2025-10-07 16:09:38.283,5.571533898904818,7.981581700232709,4.693738528725589,7.350816821994158
2025-10-07 16:09:38.494,5.572481586214053,7.981344778405401,4.694528268149952,7.349948108627359
2025-10-07 16:09:38.705,5.572086716501872,7.9822134917722,4.695081085747006,7.350737848051722
2025-10-07 16:09:38.916,5.571849794674563,7.982924257254126,4.69350160689828,7.350579900166849
2025-10-07 16:09:39.127,5.571770820732127,7.980791960808347,4.6943703202650795,7.351053743821467
2025-10-07 16:09:39.339,5.572007742559435,7.981423752347837,4.693580580840717,7.350737848051722
2025-10-07 16:09:39.551,5.571612872847254,7.981107856578092,4.693264685070972,7.3512116917063395
2025-10-07 16:09:39.763,5.571533898904818,7.982134517829763,4.693896476610462,7.35184348324583
2025-10-07 16:09:39.975,5.573113377753543,7.9804760650386015,4.693185711128535,7.35310706632481
2025-10-07 16:09:40.187,5.572639534098926,7.981581700232709,4.693580580840717,7.35310706632481
2025-10-07 16:09:40.400,5.572244664386744,7.981818622060018,4.6957918512289325,7.352317326900447
2025-10-07 16:09:40.613,5.572797481983798,7.982529387541945,4.693738528725589,7.353265014209683
2025-10-07 16:09:40.826,5.572086716501872,7.981502726290273,4.693896476610462,7.352554248727756
2025-10-07 16:09:41.038,5.572086716501872,7.981344778405401,4.693580580840717,7.352396300842884
2025-10-07 16:09:41.250,5.572165690444308,7.9818975960024545,4.696502616710859,7.3549234670008445
2025-10-07 16:09:41.462,5.572639534098926,7.983398100908744,4.695475955459187,7.353343988152119
2025-10-07 16:09:41.673,5.571770820732127,7.981502726290273,4.6957918512289325,7.354607571231099
2025-10-07 16:09:41.885,5.571770820732127,7.982687335426817,4.693106737186099,7.354765519115972
2025-10-07 16:09:42.096,5.571928768616999,7.981344778405401,4.693975450552898,7.353896805749173
2025-10-07 16:09:42.308,5.571928768616999,7.9822134917722,4.693738528725589,7.354212701518918
2025-10-07 16:09:42.520,5.571612872847254,7.9824504135995085,4.695949799113805,7.3537388578643
2025-10-07 16:09:42.731,5.571928768616999,7.9810288826356555,4.693580580840717,7.354133727576482
2025-10-07 16:09:42.943,5.5714549249623815,7.980870934750783,4.6963446688259864,7.355160388828153
2025-10-07 16:09:43.156,5.572560560156489,7.981186830520528,4.693659554783153,7.354686545173536
2025-10-07 16:09:43.366,5.57169184678969,7.981502726290273,4.693659554783153,7.355397310655462
2025-10-07 16:09:43.578,5.572560560156489,7.9818975960024545,4.693738528725589,7.356266024022261
2025-10-07 16:09:43.789,5.571533898904818,7.981581700232709,4.694449294207516,7.355634232482771
2025-10-07 16:09:44.001,5.57169184678969,7.981739648117582,4.693738528725589,7.35587115431008
2025-10-07 16:09:44.212,5.572481586214053,7.981660674175146,4.693738528725589,7.355792180367644
2025-10-07 16:09:44.423,5.571533898904818,7.981581700232709,4.693738528725589,7.358003450755859
2025-10-07 16:09:44.635,5.571296977077509,7.981423752347837,4.693738528725589,7.355950128252516
2025-10-07 16:09:44.845,5.571612872847254,7.981581700232709,4.694212372380207,7.35587115431008
2025-10-07 16:09:45.057,5.5728764559262345,7.9810288826356555,4.693659554783153,7.355713206425207
2025-10-07 16:09:45.268,5.571612872847254,7.982055543887327,4.694212372380207,7.356739867676879
2025-10-07 16:09:45.479,5.573350299580852,7.982134517829763,4.693896476610462,7.356187050079825
2025-10-07 16:09:45.690,5.572402612271617,7.982529387541945,4.693659554783153,7.356739867676879
2025-10-07 16:09:45.902,5.572086716501872,7.9818975960024545,4.694291346322643,7.358872164122658
2025-10-07 16:09:46.114,5.571849794674563,7.983713996678489,4.694212372380207,7.357608581043678
2025-10-07 16:09:46.326,5.572086716501872,7.982134517829763,4.696028773056241,7.357924476813423
2025-10-07 16:09:46.537,5.572165690444308,7.981581700232709,4.694291346322643,7.357529607101242
2025-10-07 16:09:46.748,5.572244664386744,7.981502726290273,4.696423642768423,7.357687554986114
2025-10-07 16:09:46.961,5.571928768616999,7.982292465714636,4.6957918512289325,7.35863524229535
2025-10-07 16:09:47.172,5.572481586214053,7.981265804462964,4.696660564595732,7.358714216237786
2025-10-07 16:09:47.383,5.571928768616999,7.981265804462964,4.694528268149952,7.3606095908562565
2025-10-07 16:09:47.594,5.572639534098926,7.980949908693219,4.693975450552898,7.3583193465256045
2025-10-07 16:09:47.805,5.572007742559435,7.982529387541945,4.693580580840717,7.358951138065095
2025-10-07 16:09:48.017,5.572007742559435,7.982371439657072,4.69350160689828,7.358951138065095
2025-10-07 16:09:48.228,5.572639534098926,7.981818622060018,4.695160059689442,7.359582929604585
2025-10-07 16:09:48.439,5.572244664386744,7.981976569944891,4.694133398437771,7.359503955662149
2025-10-07 16:09:48.650,5.571928768616999,7.982055543887327,4.693896476610462,7.3597408774894575
2025-10-07 16:09:48.861,5.57169184678969,7.9818975960024545,4.695475955459187,7.360293695086511
2025-10-07 16:09:49.072,5.572402612271617,7.981502726290273,4.693975450552898,7.361636252107928
2025-10-07 16:09:49.283,5.571849794674563,7.981739648117582,4.695949799113805,7.360688564798693
2025-10-07 16:09:49.494,5.572165690444308,7.981502726290273,4.694133398437771,7.361320356338183
2025-10-07 16:09:49.705,5.572402612271617,7.982371439657072,4.696186720941114,7.361083434510874
2025-10-07 16:09:49.917,5.573034403811107,7.9818975960024545,4.694844163919697,7.360846512683565
2025-10-07 16:09:50.128,5.572481586214053,7.982924257254126,4.695160059689442,7.361241382395747
2025-10-07 16:09:50.339,5.571770820732127,7.9810288826356555,4.694449294207516,7.361636252107928
2025-10-07 16:09:50.551,5.572560560156489,7.981344778405401,4.695396981516751,7.361952147877673
2025-10-07 16:09:50.762,5.572639534098926,7.982055543887327,4.695949799113805,7.362741887302036
2025-10-07 16:09:50.977,5.571849794674563,7.9810288826356555,4.694212372380207,7.3620311218201095
2025-10-07 16:09:51.189,5.572244664386744,7.981818622060018,4.694686216034825,7.364479314035634
2025-10-07 16:09:51.401,5.5723236383291805,7.982055543887327,4.694291346322643,7.362504965474727
2025-10-07 16:09:51.613,5.572718508041362,7.981265804462964,4.694212372380207,7.364637261920507
2025-10-07 16:09:51.825,5.5723236383291805,7.981423752347837,4.695318007574315,7.363847522496144
2025-10-07 16:09:52.034,5.572402612271617,7.981818622060018,4.693738528725589,7.362978809129345
2025-10-07 16:09:52.246,5.57169184678969,7.980870934750783,4.694291346322643,7.363531626726399
2025-10-07 16:09:52.458,5.572639534098926,7.981660674175146,4.693659554783153,7.363057783071781
2025-10-07 16:09:52.669,5.572244664386744,7.981976569944891,4.694133398437771,7.363847522496144
2025-10-07 16:09:52.883,5.572481586214053,7.980949908693219,4.6938175026680256,7.364795209805379
2025-10-07 16:09:53.095,5.57169184678969,7.981265804462964,4.693896476610462,7.364084444323453
2025-10-07 16:09:53.307,5.571612872847254,7.98071298686591,4.694449294207516,7.364479314035634
2025-10-07 16:09:53.519,5.572086716501872,7.983240153023871,4.6943703202650795,7.364400340093198
2025-10-07 16:09:53.731,5.571770820732127,7.981739648117582,4.694607242092388,7.365269053459997
2025-10-07 16:09:53.944,5.57319235169598,7.981502726290273,4.695081085747006,7.364953157690252
2025-10-07 16:09:54.156,5.571612872847254,7.981265804462964,4.696502616710859,7.366453662596541
2025-10-07 16:09:54.368,5.572718508041362,7.981581700232709,4.694686216034825,7.365900844999487
2025-10-07 16:09:54.581,5.572718508041362,7.982055543887327,4.695554929401624,7.365663923172178
2025-10-07 16:09:54.792,5.572244664386744,7.981818622060018,4.6938175026680256,7.365742897114615
2025-10-07 16:09:55.006,5.572718508041362,7.980949908693219,4.694133398437771,7.366611610481414
2025-10-07 16:09:55.218,5.572481586214053,7.982529387541945,4.6938175026680256,7.365979818941923
2025-10-07 16:09:55.430,5.572718508041362,7.981265804462964,4.693975450552898,7.366216740769232
2025-10-07 16:09:55.641,5.573350299580852,7.9818975960024545,4.694054424495334,7.36669058442385
2025-10-07 16:09:55.853,5.572007742559435,7.983713996678489,4.696818512480604,7.366532636538977
2025-10-07 16:09:56.065,5.5723236383291805,7.982371439657072,4.694449294207516,7.367875193560394
2025-10-07 16:09:56.278,5.5723236383291805,7.981186830520528,4.694291346322643,7.367085454136031
2025-10-07 16:09:56.494,5.571928768616999,7.981423752347837,4.694765189977261,7.3677172456755216
2025-10-07 16:09:56.705,5.572086716501872,7.9810288826356555,4.694844163919697,7.367796219617958
2025-10-07 16:09:56.918,5.572244664386744,7.9822134917722,4.693659554783153,7.36732237596334
2025-10-07 16:09:57.131,5.572955429868671,7.982055543887327,4.6957918512289325,7.368349037215012
2025-10-07 16:09:57.343,5.571849794674563,7.982292465714636,4.694449294207516,7.368506985099884
2025-10-07 16:09:57.555,5.572955429868671,7.983082205138999,4.694844163919697,7.3691387766393746
2025-10-07 16:09:57.766,5.5723236383291805,7.981186830520528,4.694765189977261,7.368822880869629
2025-10-07 16:09:57.978,5.572718508041362,7.9822134917722,4.694212372380207,7.369612620293992
2025-10-07 16:09:58.191,5.573034403811107,7.981581700232709,4.695081085747006,7.369375698466683
2025-10-07 16:09:58.404,5.5728764559262345,7.9824504135995085,4.694133398437771,7.369928516063737
2025-10-07 16:09:58.616,5.57319235169598,7.981976569944891,4.6949231378621334,7.369770568178865
2025-10-07 16:09:58.827,5.572560560156489,7.981265804462964,4.69689748642304,7.36945467240912
2025-10-07 16:09:59.039,5.572481586214053,7.981976569944891,4.694686216034825,7.369612620293992
2025-10-07 16:09:59.251,5.572402612271617,7.981976569944891,4.696818512480604,7.369849542121301
2025-10-07 16:09:59.463,5.573271325638416,7.981660674175146,4.694844163919697,7.371034151257845
2025-10-07 16:09:59.675,5.573666195350597,7.981818622060018,4.694765189977261,7.3702444118334824
2025-10-07 16:09:59.887,5.573034403811107,7.980949908693219,4.695396981516751,7.372297734336826
2025-10-07 16:10:00.099,5.572718508041362,7.98284528331169,4.694528268149952,7.372218760394389
2025-10-07 16:10:00.312,5.5728764559262345,7.982529387541945,4.694765189977261,7.371586968854899
2025-10-07 16:10:00.523,5.572007742559435,7.982608361484381,4.696423642768423,7.37135004702759
2025-10-07 16:10:00.732,5.572165690444308,7.981344778405401,4.697134408250349,7.371429020970027
2025-10-07 16:10:00.946,5.573034403811107,7.981976569944891,4.697292356135222,7.371271073085154
2025-10-07 16:10:01.158,5.572481586214053,7.98284528331169,4.694686216034825,7.371744916739772
2025-10-07 16:10:01.370,5.572639534098926,7.981581700232709,4.695081085747006,7.373561317415806
2025-10-07 16:10:01.582,5.572244664386744,7.982924257254126,4.695160059689442,7.372218760394389
2025-10-07 16:10:01.793,5.573034403811107,7.9818975960024545,4.694844163919697,7.372771577991443
2025-10-07 16:10:02.003,5.572797481983798,7.982529387541945,4.694212372380207,7.372218760394389
2025-10-07 16:10:02.215,5.572402612271617,7.981502726290273,4.697292356135222,7.37285055193388
2025-10-07 16:10:02.426,5.573587221408161,7.982924257254126,4.694449294207516,7.373245421646061
2025-10-07 16:10:02.637,5.5723236383291805,7.9822134917722,4.695554929401624,7.372692604049007
2025-10-07 16:10:02.850,5.573113377753543,7.982924257254126,4.695396981516751,7.374351056840169
2025-10-07 16:10:03.063,5.572797481983798,7.981976569944891,4.693975450552898,7.37474592655235
2025-10-07 16:10:03.276,5.5728764559262345,7.981581700232709,4.695160059689442,7.373719265300679
2025-10-07 16:10:03.489,5.572402612271617,7.982055543887327,4.695081085747006,7.375140796264532
2025-10-07 16:10:03.702,5.572639534098926,7.982371439657072,4.695081085747006,7.374824900494787
2025-10-07 16:10:03.914,5.573113377753543,7.9818975960024545,4.695475955459187,7.374666952609914
2025-10-07 16:10:04.127,5.5728764559262345,7.982134517829763,4.694449294207516,7.374666952609914
2025-10-07 16:10:04.339,5.572955429868671,7.9818975960024545,4.695318007574315,7.3745090047250415
2025-10-07 16:10:04.553,5.572639534098926,7.981660674175146,4.696581590653295,7.374666952609914
2025-10-07 16:10:04.766,5.5728764559262345,7.981502726290273,4.6952390336318786,7.375614639919149
2025-10-07 16:10:04.979,5.573113377753543,7.981739648117582,4.6949231378621334,7.374824900494787
2025-10-07 16:10:05.192,5.572560560156489,7.982608361484381,4.694528268149952,7.375614639919149
2025-10-07 16:10:05.406,5.5723236383291805,7.981818622060018,4.696502616710859,7.376009509631331
2025-10-07 16:10:05.619,5.572639534098926,7.982924257254126,4.695081085747006,7.375614639919149
2025-10-07 16:10:05.831,5.572481586214053,7.981265804462964,4.69500211180457,7.376957196940566
2025-10-07 16:10:06.044,5.573271325638416,7.983082205138999,4.697134408250349,7.376404379343512
2025-10-07 16:10:06.258,5.572797481983798,7.9824504135995085,4.695712877286496,7.376957196940566
2025-10-07 16:10:06.473,5.573429273523288,7.981186830520528,4.694844163919697,7.3767992490556935
2025-10-07 16:10:06.686,5.573666195350597,7.983082205138999,4.695396981516751,7.3767992490556935
2025-10-07 16:10:06.899,5.572955429868671,7.981107856578092,4.694449294207516,7.376957196940566
2025-10-07 16:10:07.112,5.573666195350597,7.981581700232709,4.695318007574315,7.377746936364929
2025-10-07 16:10:07.325,5.572639534098926,7.981660674175146,4.696818512480604,7.37751001453762
2025-10-07 16:10:07.537,5.572718508041362,7.980555038981038,4.69500211180457,7.377904884249801
2025-10-07 16:10:07.749,5.5742979868900875,7.981423752347837,4.695081085747006,7.377904884249801
2025-10-07 16:10:07.961,5.575245674199323,7.981660674175146,4.695160059689442,7.37814180607711
2025-10-07 16:10:08.174,5.5728764559262345,7.981976569944891,4.69563390334406,7.378615649731728
2025-10-07 16:10:08.387,5.573982091120342,7.982055543887327,4.694765189977261,7.378852571559037
2025-10-07 16:10:08.599,5.573034403811107,7.980949908693219,4.695712877286496,7.3787735976166005
2025-10-07 16:10:08.812,5.574613882659833,7.981660674175146,4.694686216034825,7.379326415213654
2025-10-07 16:10:09.024,5.573508247465725,7.981976569944891,4.694844163919697,7.379484363098527
2025-10-07 16:10:09.236,5.572639534098926,7.982529387541945,4.695318007574315,7.379563337040963
2025-10-07 16:10:09.448,5.572955429868671,7.981502726290273,4.697529277962531,7.381695633486743
2025-10-07 16:10:09.661,5.572560560156489,7.982055543887327,4.695081085747006,7.379800258868272
2025-10-07 16:10:09.872,5.572797481983798,7.981976569944891,4.694765189977261,7.38153768560187
2025-10-07 16:10:10.084,5.573113377753543,7.9818975960024545,4.6949231378621334,7.3810638419472525
2025-10-07 16:10:10.297,5.573271325638416,7.983240153023871,4.695160059689442,7.38090589406238
2025-10-07 16:10:10.509,5.573113377753543,7.980870934750783,4.697371330077658,7.38027410252289
2025-10-07 16:10:10.720,5.57319235169598,7.981818622060018,4.697608251904967,7.380984868004816
2025-10-07 16:10:10.932,5.57382414323547,7.9822134917722,4.694844163919697,7.38090589406238
2025-10-07 16:10:11.144,5.57319235169598,7.981581700232709,4.696976460365477,7.381221789832125
2025-10-07 16:10:11.356,5.573508247465725,7.9818975960024545,4.695081085747006,7.382564346853542
2025-10-07 16:10:11.568,5.572797481983798,7.9822134917722,4.695475955459187,7.381853581371615
2025-10-07 16:10:11.780,5.572797481983798,7.981423752347837,4.695160059689442,7.382406398968669
2025-10-07 16:10:11.990,5.573113377753543,7.981581700232709,4.696818512480604,7.38216947714136
2025-10-07 16:10:12.202,5.573587221408161,7.981976569944891,4.694844163919697,7.383196138393032
2025-10-07 16:10:12.414,5.572955429868671,7.981423752347837,4.696107746998678,7.383433060220341
2025-10-07 16:10:12.626,5.573034403811107,7.98284528331169,4.695475955459187,7.383354086277905
2025-10-07 16:10:12.837,5.574534908717396,7.982371439657072,4.6952390336318786,7.382248451083797
2025-10-07 16:10:13.049,5.5728764559262345,7.980397091096165,4.697055434307913,7.384854591184194
2025-10-07 16:10:13.261,5.573982091120342,7.982687335426817,4.69500211180457,7.383354086277905
2025-10-07 16:10:13.473,5.572718508041362,7.980949908693219,4.695870825171369,7.384775617241758
2025-10-07 16:10:13.685,5.572797481983798,7.982687335426817,4.694686216034825,7.383591008105213
2025-10-07 16:10:13.896,5.573034403811107,7.981344778405401,4.695160059689442,7.385170486953939
2025-10-07 16:10:14.108,5.573350299580852,7.981660674175146,4.695318007574315,7.3844597214720125
2025-10-07 16:10:14.320,5.572797481983798,7.981660674175146,4.694607242092388,7.383827929932522
2025-10-07 16:10:14.532,5.573034403811107,7.981344778405401,4.69563390334406,7.385012539069066
2025-10-07 16:10:14.745,5.5728764559262345,7.981739648117582,4.695081085747006,7.385249460896375
2025-10-07 16:10:14.958,5.573271325638416,7.981660674175146,4.694607242092388,7.385644330608557
2025-10-07 16:10:15.171,5.573271325638416,7.982924257254126,4.695712877286496,7.384775617241758
2025-10-07 16:10:15.383,5.573271325638416,7.981344778405401,4.6952390336318786,7.38556535666612
2025-10-07 16:10:15.595,5.573271325638416,7.980555038981038,4.695396981516751,7.384617669356885
2025-10-07 16:10:15.806,5.57382414323547,7.981344778405401,4.695475955459187,7.386276122148047
2025-10-07 16:10:16.019,5.572639534098926,7.982371439657072,4.695318007574315,7.385802278493429
2025-10-07 16:10:16.231,5.5737451692930335,7.983082205138999,4.695554929401624,7.386434070032919
2025-10-07 16:10:16.443,5.573508247465725,7.981818622060018,4.695712877286496,7.3858812524358655
2025-10-07 16:10:16.655,5.57382414323547,7.983161179081435,4.695160059689442,7.385723304550993
2025-10-07 16:10:16.867,5.57319235169598,7.982055543887327,4.695318007574315,7.387381757342155
2025-10-07 16:10:17.079,5.574061065062779,7.981186830520528,4.697292356135222,7.3867499658026645
2025-10-07 16:10:17.291,5.573508247465725,7.981186830520528,4.6957918512289325,7.386986887629973
2025-10-07 16:10:17.503,5.573113377753543,7.981423752347837,4.695081085747006,7.387934574939209
2025-10-07 16:10:17.715,5.573350299580852,7.981660674175146,4.695475955459187,7.386986887629973
2025-10-07 16:10:17.927,5.573034403811107,7.9818975960024545,4.696660564595732,7.3881714967665175
2025-10-07 16:10:18.138,5.573350299580852,7.983161179081435,4.69500211180457,7.3881714967665175
2025-10-07 16:10:18.349,5.5728764559262345,7.983003231196562,4.695475955459187,7.387934574939209
2025-10-07 16:10:18.562,5.5737451692930335,7.981502726290273,4.696502616710859,7.388645340421135
2025-10-07 16:10:18.773,5.573034403811107,7.981423752347837,4.696502616710859,7.387855600996772
2025-10-07 16:10:18.986,5.574376960832524,7.981818622060018,4.695318007574315,7.389514053787934
2025-10-07 16:10:19.198,5.573982091120342,7.982608361484381,4.69563390334406,7.388645340421135
2025-10-07 16:10:19.410,5.57319235169598,7.983082205138999,4.696818512480604,7.389987897442552
2025-10-07 16:10:19.621,5.573508247465725,7.981423752347837,4.6957918512289325,7.389040210133317
2025-10-07 16:10:19.833,5.573271325638416,7.981818622060018,4.695949799113805,7.388645340421135
2025-10-07 16:10:20.045,5.57319235169598,7.980634012923474,4.697134408250349,7.390777636866915
2025-10-07 16:10:20.258,5.573113377753543,7.981107856578092,4.697292356135222,7.389040210133317
2025-10-07 16:10:20.469,5.573429273523288,7.980870934750783,4.695712877286496,7.389514053787934
2025-10-07 16:10:20.681,5.57382414323547,7.9818975960024545,4.695396981516751,7.390224819269861
2025-10-07 16:10:20.892,5.5737451692930335,7.980949908693219,4.695712877286496,7.389750975615243
2025-10-07 16:10:21.104,5.573587221408161,7.981739648117582,4.695712877286496,7.390777636866915
2025-10-07 16:10:21.316,5.574850804487141,7.982766309369254,4.6963446688259864,7.390066871384988
2025-10-07 16:10:21.529,5.573271325638416,7.982134517829763,4.695712877286496,7.390540715039606
2025-10-07 16:10:21.741,5.57382414323547,7.983240153023871,4.695949799113805,7.390777636866915
2025-10-07 16:10:21.952,5.5728764559262345,7.983161179081435,4.6957918512289325,7.392830959370258
2025-10-07 16:10:22.164,5.573587221408161,7.9824504135995085,4.696028773056241,7.391804298118586
2025-10-07 16:10:22.377,5.57319235169598,7.9818975960024545,4.695554929401624,7.3915673762912775
2025-10-07 16:10:22.589,5.5737451692930335,7.982608361484381,4.697055434307913,7.391883272061023
2025-10-07 16:10:22.799,5.573271325638416,7.981818622060018,4.695712877286496,7.39172532417615
2025-10-07 16:10:23.011,5.573666195350597,7.982529387541945,4.6957918512289325,7.392278141773204
2025-10-07 16:10:23.224,5.574771830544705,7.9804760650386015,4.696028773056241,7.393620698794621
2025-10-07 16:10:23.435,5.573982091120342,7.982608361484381,4.69689748642304,7.394173516391675
2025-10-07 16:10:23.648,5.573903117177906,7.982292465714636,4.695712877286496,7.393778646679493
2025-10-07 16:10:23.859,5.573508247465725,7.983161179081435,4.695081085747006,7.3929889072551305
2025-10-07 16:10:24.071,5.573271325638416,7.981423752347837,4.69563390334406,7.393620698794621
2025-10-07 16:10:24.283,5.573666195350597,7.981423752347837,4.695081085747006,7.3929889072551305
2025-10-07 16:10:24.495,5.57382414323547,7.981818622060018,4.695396981516751,7.393778646679493
2025-10-07 16:10:24.707,5.573982091120342,7.981265804462964,4.695475955459187,7.394252490334111
2025-10-07 16:10:24.918,5.57319235169598,7.981581700232709,4.696739538538168,7.394015568506802
2025-10-07 16:10:25.130,5.57382414323547,7.981107856578092,4.6957918512289325,7.394331464276547
2025-10-07 16:10:25.342,5.573666195350597,7.982766309369254,4.695475955459187,7.3944104382189835
2025-10-07 16:10:25.554,5.574771830544705,7.981265804462964,4.696818512480604,7.39448941216142
2025-10-07 16:10:25.766,5.573982091120342,7.982608361484381,4.6957918512289325,7.394805307931165
2025-10-07 16:10:25.977,5.57382414323547,7.9818975960024545,4.695554929401624,7.39448941216142
2025-10-07 16:10:26.189,5.5737451692930335,7.981739648117582,4.695870825171369,7.395910943125273
2025-10-07 16:10:26.401,5.5737451692930335,7.981502726290273,4.697292356135222,7.396068891010145
2025-10-07 16:10:26.613,5.573508247465725,7.982687335426817,4.6957918512289325,7.3957529952404
2025-10-07 16:10:26.825,5.573587221408161,7.981660674175146,4.69626569488355,7.395910943125273
2025-10-07 16:10:27.037,5.57445593477496,7.981502726290273,4.697529277962531,7.396068891010145
2025-10-07 16:10:27.249,5.573587221408161,7.981265804462964,4.695396981516751,7.397648369858871
2025-10-07 16:10:27.460,5.573666195350597,7.981660674175146,4.695870825171369,7.396226838895018
2025-10-07 16:10:27.673,5.573666195350597,7.982292465714636,4.695712877286496,7.396858630434508
2025-10-07 16:10:27.885,5.5737451692930335,7.981581700232709,4.696976460365477,7.398280161398361
2025-10-07 16:10:28.098,5.574929778429578,7.981976569944891,4.697608251904967,7.39851708322567
2025-10-07 16:10:28.310,5.57445593477496,7.982924257254126,4.696107746998678,7.397648369858871
2025-10-07 16:10:28.523,5.5742979868900875,7.980634012923474,4.695712877286496,7.399227848707596
2025-10-07 16:10:28.734,5.573666195350597,7.981344778405401,4.696186720941114,7.39788529168618
2025-10-07 16:10:28.946,5.573903117177906,7.981818622060018,4.695554929401624,7.398043239571052
2025-10-07 16:10:29.158,5.573034403811107,7.981423752347837,4.696423642768423,7.3981222135134885
2025-10-07 16:10:29.371,5.5737451692930335,7.981502726290273,4.69626569488355,7.39851708322567
2025-10-07 16:10:29.583,5.573982091120342,7.9824504135995085,4.6957918512289325,7.398754005052979
2025-10-07 16:10:29.796,5.573271325638416,7.981976569944891,4.696423642768423,7.399227848707596
2025-10-07 16:10:30.007,5.573271325638416,7.980949908693219,4.695712877286496,7.399938614189523
2025-10-07 16:10:30.218,5.574219012947651,7.981660674175146,4.6952390336318786,7.398832978995415
2025-10-07 16:10:30.432,5.573903117177906,7.981976569944891,4.696423642768423,7.399622718419778
2025-10-07 16:10:30.644,5.573903117177906,7.982529387541945,4.695712877286496,7.399859640247087
2025-10-07 16:10:30.856,5.5742979868900875,7.981502726290273,4.695949799113805,7.399227848707596
2025-10-07 16:10:31.068,5.57319235169598,7.981186830520528,4.695949799113805,7.400254509959268
2025-10-07 16:10:31.279,5.573508247465725,7.981739648117582,4.6957918512289325,7.4000965620743955
2025-10-07 16:10:31.492,5.573587221408161,7.98284528331169,4.695318007574315,7.400175536016832
2025-10-07 16:10:31.704,5.57382414323547,7.981976569944891,4.697134408250349,7.400807327556322
2025-10-07 16:10:31.915,5.57382414323547,7.983082205138999,4.696818512480604,7.400491431786577
2025-10-07 16:10:32.128,5.574061065062779,7.980791960808347,4.698319017386893,7.401360145153376
2025-10-07 16:10:32.340,5.573982091120342,7.981502726290273,4.698003121617148,7.401044249383631
2025-10-07 16:10:32.555,5.575482596026632,7.982292465714636,4.696028773056241,7.401597066980685
2025-10-07 16:10:32.767,5.574692856602269,7.982292465714636,4.696739538538168,7.402070910635302
2025-10-07 16:10:32.979,5.574140039005215,7.981423752347837,4.696660564595732,7.401044249383631
2025-10-07 16:10:33.191,5.574219012947651,7.98071298686591,4.695554929401624,7.402149884577739
2025-10-07 16:10:33.403,5.574534908717396,7.983398100908744,4.695949799113805,7.402623728232356
2025-10-07 16:10:33.615,5.574061065062779,7.981660674175146,4.6952390336318786,7.403097571886974
2025-10-07 16:10:33.828,5.573508247465725,7.982687335426817,4.696423642768423,7.403018597944538
2025-10-07 16:10:34.040,5.574061065062779,7.982529387541945,4.697924147674712,7.402860650059665
2025-10-07 16:10:34.251,5.574219012947651,7.981818622060018,4.697608251904967,7.403097571886974
2025-10-07 16:10:34.463,5.573666195350597,7.9818975960024545,4.698161069502021,7.4029396240021015
2025-10-07 16:10:34.676,5.574219012947651,7.98284528331169,4.69626569488355,7.403018597944538
2025-10-07 16:10:34.890,5.574219012947651,7.982055543887327,4.69626569488355,7.404519102850827
2025-10-07 16:10:35.102,5.574140039005215,7.982292465714636,4.697924147674712,7.404045259196209
2025-10-07 16:10:35.313,5.573666195350597,7.981502726290273,4.69626569488355,7.403413467656719
2025-10-07 16:10:35.526,5.573903117177906,7.981502726290273,4.699108756811256,7.404203207081082
2025-10-07 16:10:35.738,5.574061065062779,7.982292465714636,4.695554929401624,7.404045259196209
2025-10-07 16:10:35.949,5.5742979868900875,7.983003231196562,4.697292356135222,7.405071920447881
2025-10-07 16:10:36.161,5.574061065062779,7.980791960808347,4.697371330077658,7.405071920447881
2025-10-07 16:10:36.373,5.574061065062779,7.982292465714636,4.696502616710859,7.404203207081082
2025-10-07 16:10:36.585,5.573903117177906,7.982371439657072,4.698713887099075,7.406888321123915
2025-10-07 16:10:36.798,5.573903117177906,7.982134517829763,4.69839799132933,7.405466790160062
2025-10-07 16:10:37.007,5.57382414323547,7.9818975960024545,4.698950808926384,7.40594063381468
2025-10-07 16:10:37.220,5.574534908717396,7.981502726290273,4.696502616710859,7.405624738044935
2025-10-07 16:10:37.432,5.574219012947651,7.981660674175146,4.696660564595732,7.40530884227519
2025-10-07 16:10:37.645,5.574140039005215,7.981502726290273,4.696660564595732,7.4066513992966065
2025-10-07 16:10:37.861,5.57382414323547,7.983240153023871,4.696028773056241,7.406019607757116
2025-10-07 16:10:38.072,5.573350299580852,7.981186830520528,4.695870825171369,7.406177555641989
2025-10-07 16:10:38.284,5.574613882659833,7.9824504135995085,4.698476965271766,7.407046269008788
2025-10-07 16:10:38.496,5.573587221408161,7.983082205138999,4.695475955459187,7.406256529584425
2025-10-07 16:10:38.707,5.574613882659833,7.981739648117582,4.698082095559585,7.408388826030205
2025-10-07 16:10:38.917,5.574376960832524,7.981660674175146,4.695712877286496,7.406730373239043
2025-10-07 16:10:39.127,5.573587221408161,7.981739648117582,4.696739538538168,7.407362164778533
2025-10-07 16:10:39.337,5.5737451692930335,7.982529387541945,4.69626569488355,7.407678060548278
2025-10-07 16:10:39.546,5.5737451692930335,7.982055543887327,4.696581590653295,7.409652409109185
2025-10-07 16:10:39.756,5.575561569969068,7.981423752347837,4.6977661997898394,7.408309852087768
2025-10-07 16:10:39.965,5.575403622084195,7.982292465714636,4.69626569488355,7.40870472179995
2025-10-07 16:10:40.177,5.5751667002568865,7.981976569944891,4.697845173732276,7.408467799972641
2025-10-07 16:10:40.387,5.57445593477496,7.982055543887327,4.696423642768423,7.410521122475984
2025-10-07 16:10:40.596,5.573982091120342,7.982055543887327,4.69626569488355,7.4086257478575135
2025-10-07 16:10:40.806,5.574061065062779,7.981660674175146,4.696028773056241,7.40933651333944
2025-10-07 16:10:41.016,5.574219012947651,7.981739648117582,4.695949799113805,7.408941643627259
2025-10-07 16:10:41.226,5.57445593477496,7.981818622060018,4.696107746998678,7.410205226706239
2025-10-07 16:10:41.436,5.574534908717396,7.981818622060018,4.6963446688259864,7.4094944612243125
2025-10-07 16:10:41.646,5.5742979868900875,7.9818975960024545,4.696581590653295,7.410284200648675
2025-10-07 16:10:41.856,5.57508772631445,7.981265804462964,4.696028773056241,7.4100472788213665
2025-10-07 16:10:42.065,5.574140039005215,7.981581700232709,4.696186720941114,7.411547783727656
2025-10-07 16:10:42.276,5.574376960832524,7.9818975960024545,4.6991877307536924,7.411152914015474
2025-10-07 16:10:42.486,5.574376960832524,7.982134517829763,4.696502616710859,7.411389835842783
2025-10-07 16:10:42.696,5.574219012947651,7.982292465714636,4.696186720941114,7.410126252763803
2025-10-07 16:10:42.905,5.5737451692930335,7.980397091096165,4.696660564595732,7.413522132288563
2025-10-07 16:10:43.115,5.574850804487141,7.983635022736053,4.697371330077658,7.410994966130602
2025-10-07 16:10:43.324,5.574140039005215,7.981344778405401,4.6972133821927855,7.411863679497401
2025-10-07 16:10:43.536,5.574692856602269,7.981581700232709,4.695712877286496,7.41210060132471
2025-10-07 16:10:43.746,5.574771830544705,7.981502726290273,4.696739538538168,7.413838028058308
2025-10-07 16:10:43.957,5.5751667002568865,7.982371439657072,4.697687225847403,7.4123375231520185
2025-10-07 16:10:44.168,5.574850804487141,7.981818622060018,4.696423642768423,7.4137590541158715
2025-10-07 16:10:44.381,5.573903117177906,7.983082205138999,4.696186720941114,7.4128903407490725
2025-10-07 16:10:44.595,5.574376960832524,7.982529387541945,4.69626569488355,7.41336418440369
2025-10-07 16:10:44.806,5.574061065062779,7.980791960808347,4.697055434307913,7.413601106230999
2025-10-07 16:10:45.016,5.57445593477496,7.981107856578092,4.69689748642304,7.413838028058308
2025-10-07 16:10:45.230,5.574140039005215,7.981581700232709,4.697134408250349,7.413601106230999
2025-10-07 16:10:45.443,5.5751667002568865,7.981502726290273,4.696502616710859,7.413680080173435
2025-10-07 16:10:45.657,5.574061065062779,7.982292465714636,4.69689748642304,7.4157334026767785
2025-10-07 16:10:45.868,5.574613882659833,7.981739648117582,4.696818512480604,7.413601106230999
2025-10-07 16:10:46.078,5.574534908717396,7.9824504135995085,4.696107746998678,7.414232897770489
2025-10-07 16:10:46.289,5.574692856602269,7.982292465714636,4.697055434307913,7.414153923828053
2025-10-07 16:10:46.503,5.574219012947651,7.981818622060018,4.698555939214202,7.414548793540234
2025-10-07 16:10:46.712,5.575008752372014,7.981423752347837,4.696581590653295,7.414548793540234
2025-10-07 16:10:46.921,5.575640543911504,7.982766309369254,4.696423642768423,7.415101611137288
2025-10-07 16:10:47.131,5.57445593477496,7.981423752347837,4.696660564595732,7.415101611137288
2025-10-07 16:10:47.341,5.573982091120342,7.982292465714636,4.6963446688259864,7.415575454791906
2025-10-07 16:10:47.550,5.573982091120342,7.981739648117582,4.696028773056241,7.41676006392845
2025-10-07 16:10:47.760,5.574534908717396,7.981660674175146,4.698555939214202,7.4157334026767785
2025-10-07 16:10:47.969,5.5757195178539405,7.983161179081435,4.698950808926384,7.415575454791906
2025-10-07 16:10:48.179,5.574219012947651,7.9818975960024545,4.69689748642304,7.416207246331396
2025-10-07 16:10:48.389,5.574771830544705,7.982134517829763,4.696976460365477,7.416444168158705
2025-10-07 16:10:48.598,5.574140039005215,7.981265804462964,4.696739538538168,7.41676006392845
2025-10-07 16:10:48.808,5.574376960832524,7.982687335426817,4.696423642768423,7.418418516719612
2025-10-07 16:10:49.018,5.574771830544705,7.981265804462964,4.696581590653295,7.417470829410377
2025-10-07 16:10:49.228,5.574613882659833,7.982766309369254,4.696660564595732,7.417707751237685
2025-10-07 16:10:49.438,5.573903117177906,7.981660674175146,4.69626569488355,7.419050308259102
2025-10-07 16:10:49.650,5.574219012947651,7.981423752347837,4.696581590653295,7.4171549336406315
2025-10-07 16:10:49.861,5.575245674199323,7.981344778405401,4.696660564595732,7.417786725180122
2025-10-07 16:10:50.073,5.574771830544705,7.981660674175146,4.696660564595732,7.418102620949867
2025-10-07 16:10:50.285,5.575640543911504,7.9818975960024545,4.696976460365477,7.420076969510774
2025-10-07 16:10:50.496,5.574692856602269,7.982292465714636,4.698871834983947,7.418813386431793
2025-10-07 16:10:50.706,5.574140039005215,7.98347707485118,4.69689748642304,7.420076969510774
2025-10-07 16:10:50.919,5.574929778429578,7.9822134917722,4.699424652581001,7.418813386431793
2025-10-07 16:10:51.130,5.576114387566122,7.982766309369254,4.69626569488355,7.4205508131653914
2025-10-07 16:10:51.341,5.574692856602269,7.982371439657072,4.69626569488355,7.419050308259102
2025-10-07 16:10:51.551,5.574534908717396,7.981818622060018,4.69689748642304,7.419287230086411
2025-10-07 16:10:51.761,5.574692856602269,7.981976569944891,4.697292356135222,7.419603125856156
2025-10-07 16:10:51.975,5.576114387566122,7.982371439657072,4.696660564595732,7.419919021625901
2025-10-07 16:10:52.185,5.575877465738813,7.9818975960024545,4.697924147674712,7.420471839222955
2025-10-07 16:10:52.395,5.57508772631445,7.9822134917722,4.696818512480604,7.421261578647318
2025-10-07 16:10:52.606,5.576114387566122,7.981423752347837,4.69689748642304,7.421577474417063
2025-10-07 16:10:52.816,5.57508772631445,7.981502726290273,4.696502616710859,7.421024656820009
2025-10-07 16:10:53.027,5.57445593477496,7.980555038981038,4.699424652581001,7.421340552589754
2025-10-07 16:10:53.236,5.574929778429578,7.982134517829763,4.697055434307913,7.421577474417063
2025-10-07 16:10:53.446,5.573903117177906,7.981660674175146,4.6963446688259864,7.421261578647318
2025-10-07 16:10:53.657,5.575798491796377,7.981660674175146,4.696502616710859,7.423472849035534
2025-10-07 16:10:53.867,5.574850804487141,7.981423752347837,4.69839799132933,7.422130292014117
2025-10-07 16:10:54.076,5.574613882659833,7.981502726290273,4.697134408250349,7.422446187783862
2025-10-07 16:10:54.286,5.574061065062779,7.981502726290273,4.697134408250349,7.422446187783862
2025-10-07 16:10:54.496,5.574929778429578,7.982766309369254,4.696423642768423,7.422130292014117
2025-10-07 16:10:54.706,5.574376960832524,7.9824504135995085,4.696581590653295,7.424499510287205
2025-10-07 16:10:54.915,5.574219012947651,7.983082205138999,4.696660564595732,7.422762083553607
2025-10-07 16:10:55.125,5.575561569969068,7.981581700232709,4.6972133821927855,7.423709770862843
2025-10-07 16:10:55.335,5.575008752372014,7.98071298686591,4.697450304020094,7.423235927208225
2025-10-07 16:10:55.545,5.575008752372014,7.981107856578092,4.697292356135222,7.423709770862843
2025-10-07 16:10:55.755,5.574929778429578,7.981186830520528,4.697608251904967,7.42355182297797
2025-10-07 16:10:55.967,5.575640543911504,7.9824504135995085,4.696976460365477,7.42418361451746
2025-10-07 16:10:56.177,5.576272335450994,7.981186830520528,4.697055434307913,7.423235927208225
2025-10-07 16:10:56.387,5.574850804487141,7.981107856578092,4.6986349131566385,7.424499510287205
2025-10-07 16:10:56.600,5.575245674199323,7.9822134917722,4.69626569488355,7.423946692690151
2025-10-07 16:10:56.811,5.574850804487141,7.981818622060018,4.697529277962531,7.424973353941823
2025-10-07 16:10:57.024,5.574850804487141,7.982371439657072,4.698555939214202,7.424894379999387
2025-10-07 16:10:57.234,5.5751667002568865,7.981423752347837,4.696581590653295,7.424657458172078
2025-10-07 16:10:57.447,5.57508772631445,7.981818622060018,4.696976460365477,7.425763093366186
2025-10-07 16:10:57.658,5.575403622084195,7.981423752347837,4.696660564595732,7.426868728560294
2025-10-07 16:10:57.870,5.575798491796377,7.982924257254126,4.698082095559585,7.4262369370208035
2025-10-07 16:10:58.083,5.574929778429578,7.981660674175146,4.696739538538168,7.426631806732985
2025-10-07 16:10:58.295,5.575798491796377,7.980397091096165,4.69626569488355,7.427500520099784
2025-10-07 16:10:58.509,5.574376960832524,7.982608361484381,4.697055434307913,7.428132311639274
2025-10-07 16:10:58.718,5.575008752372014,7.980870934750783,4.69902978286882,7.42631591096324
2025-10-07 16:10:58.928,5.575403622084195,7.981344778405401,4.699424652581001,7.426631806732985
2025-10-07 16:10:59.137,5.574929778429578,7.982371439657072,4.696818512480604,7.427184624330039
2025-10-07 16:10:59.347,5.575403622084195,7.9818975960024545,4.698161069502021,7.426868728560294
2025-10-07 16:10:59.556,5.574771830544705,7.9824504135995085,4.698871834983947,7.426552832790549
2025-10-07 16:10:59.766,5.574376960832524,7.981818622060018,4.699108756811256,7.428132311639274
2025-10-07 16:10:59.976,5.574771830544705,7.983003231196562,4.697055434307913,7.427737441927093
2025-10-07 16:11:00.188,5.5751667002568865,7.9810288826356555,4.697134408250349,7.428290259524147
2025-10-07 16:11:00.398,5.575008752372014,7.9824504135995085,4.696739538538168,7.42757949404222
2025-10-07 16:11:00.609,5.575798491796377,7.982055543887327,4.697450304020094,7.428606155293892
2025-10-07 16:11:00.822,5.5751667002568865,7.9818975960024545,4.697292356135222,7.428606155293892
2025-10-07 16:11:01.037,5.574850804487141,7.981344778405401,4.697055434307913,7.4299487123153085
2025-10-07 16:11:01.249,5.574613882659833,7.981976569944891,4.696818512480604,7.429001025006073
2025-10-07 16:11:01.461,5.575798491796377,7.981186830520528,4.698950808926384,7.428685129236328
2025-10-07 16:11:01.673,5.575403622084195,7.980791960808347,4.697134408250349,7.428843077121201
2025-10-07 16:11:01.885,5.574850804487141,7.983003231196562,4.697292356135222,7.430422555969926
2025-10-07 16:11:02.097,5.575956439681249,7.983792970620925,4.69689748642304,7.429790764430436
2025-10-07 16:11:02.309,5.57508772631445,7.981976569944891,4.6972133821927855,7.430106660200181
2025-10-07 16:11:02.521,5.574613882659833,7.980634012923474,4.699424652581001,7.430896399624544
2025-10-07 16:11:02.734,5.575008752372014,7.983003231196562,4.697450304020094,7.430264608085054
2025-10-07 16:11:02.946,5.574929778429578,7.981660674175146,4.698240043444457,7.432081008761088
2025-10-07 16:11:03.158,5.575245674199323,7.9824504135995085,4.69902978286882,7.432238956645961
2025-10-07 16:11:03.370,5.575640543911504,7.980949908693219,4.697055434307913,7.432238956645961
2025-10-07 16:11:03.583,5.575324648141759,7.981976569944891,4.697924147674712,7.4333445918400685
2025-10-07 16:11:03.794,5.57508772631445,7.981818622060018,4.697134408250349,7.4305015299123625
2025-10-07 16:11:04.007,5.575877465738813,7.981976569944891,4.6977661997898394,7.433818435494686
2025-10-07 16:11:04.219,5.576193361508558,7.9818975960024545,4.698871834983947,7.433423565782505
2025-10-07 16:11:04.431,5.5751667002568865,7.981739648117582,4.697529277962531,7.432159982703524
2025-10-07 16:11:04.644,5.5751667002568865,7.981581700232709,4.696739538538168,7.433897409437122
2025-10-07 16:11:04.857,5.576746179105612,7.981581700232709,4.6991877307536924,7.432159982703524
2025-10-07 16:11:05.070,5.57508772631445,7.9833191269663075,4.697055434307913,7.433028696070323
2025-10-07 16:11:05.282,5.575561569969068,7.982687335426817,4.697134408250349,7.432870748185451
2025-10-07 16:11:05.495,5.576193361508558,7.981739648117582,4.697292356135222,7.433028696070323
2025-10-07 16:11:05.708,5.574850804487141,7.9818975960024545,4.697134408250349,7.432949722127887
2025-10-07 16:11:05.921,5.575640543911504,7.9822134917722,4.696660564595732,7.433186643955196
2025-10-07 16:11:06.134,5.575245674199323,7.9822134917722,4.6977661997898394,7.43437125309174
2025-10-07 16:11:06.346,5.5751667002568865,7.982134517829763,4.697608251904967,7.434134331264431
2025-10-07 16:11:06.559,5.576035413623686,7.981502726290273,4.697055434307913,7.433502539724941
2025-10-07 16:11:06.772,5.575403622084195,7.9818975960024545,4.6972133821927855,7.434292279149304
2025-10-07 16:11:06.985,5.5751667002568865,7.9824504135995085,4.697134408250349,7.4347661228039215
2025-10-07 16:11:07.197,5.576272335450994,7.981344778405401,4.697134408250349,7.4342133052068675
2025-10-07 16:11:07.408,5.5757195178539405,7.982055543887327,4.699266704696129,7.4356348361707205
2025-10-07 16:11:07.621,5.575403622084195,7.982055543887327,4.696818512480604,7.436898419249701
2025-10-07 16:11:07.833,5.575877465738813,7.982371439657072,4.696976460365477,7.435082018573667
2025-10-07 16:11:08.045,5.575561569969068,7.982134517829763,4.6977661997898394,7.43713534107701
2025-10-07 16:11:08.257,5.5751667002568865,7.981502726290273,4.697687225847403,7.435239966458539
2025-10-07 16:11:08.470,5.575561569969068,7.982134517829763,4.6977661997898394,7.436345601652647
2025-10-07 16:11:08.682,5.57508772631445,7.98284528331169,4.697371330077658,7.435871757998029
2025-10-07 16:11:08.894,5.574929778429578,7.980791960808347,4.697450304020094,7.4361876537677745
2025-10-07 16:11:09.107,5.576430283335867,7.981107856578092,4.697450304020094,7.436345601652647
2025-10-07 16:11:09.318,5.575877465738813,7.981976569944891,4.698082095559585,7.436424575595083
2025-10-07 16:11:09.530,5.575245674199323,7.981660674175146,4.697134408250349,7.437293288961882
2025-10-07 16:11:09.742,5.5751667002568865,7.982134517829763,4.6991877307536924,7.437451236846755
2025-10-07 16:11:09.955,5.575798491796377,7.98347707485118,4.698082095559585,7.436977393192137
2025-10-07 16:11:10.167,5.576351309393431,7.981976569944891,4.698871834983947,7.4384778980984265
2025-10-07 16:11:10.378,5.576351309393431,7.983082205138999,4.697845173732276,7.4376091847316275
2025-10-07 16:11:10.590,5.575561569969068,7.982055543887327,4.6977661997898394,7.438951741753044
2025-10-07 16:11:10.801,5.575324648141759,7.981976569944891,4.69689748642304,7.438240976271118
2025-10-07 16:11:11.013,5.575403622084195,7.981976569944891,4.6972133821927855,7.438319950213554
2025-10-07 16:11:11.225,5.576035413623686,7.981976569944891,4.698161069502021,7.439425585407662
2025-10-07 16:11:11.436,5.575482596026632,7.982055543887327,4.697608251904967,7.439820455119843
2025-10-07 16:11:11.647,5.575877465738813,7.982687335426817,4.697924147674712,7.438872767810608
2025-10-07 16:11:11.859,5.575561569969068,7.981581700232709,4.697292356135222,7.440610194544206
2025-10-07 16:11:12.071,5.5751667002568865,7.980870934750783,4.697608251904967,7.440215324832025
2025-10-07 16:11:12.282,5.575798491796377,7.981344778405401,4.6972133821927855,7.439820455119843
2025-10-07 16:11:12.494,5.575561569969068,7.981660674175146,4.697055434307913,7.4398994290622795
2025-10-07 16:11:12.706,5.575877465738813,7.981502726290273,4.69839799132933,7.440215324832025
2025-10-07 16:11:12.918,5.5751667002568865,7.981739648117582,4.697529277962531,7.4398994290622795
2025-10-07 16:11:13.130,5.575324648141759,7.982055543887327,4.698003121617148,7.440057376947152
2025-10-07 16:11:13.341,5.57508772631445,7.981818622060018,4.698950808926384,7.4404522466593335
2025-10-07 16:11:13.553,5.575482596026632,7.980397091096165,4.697687225847403,7.44116301214126
2025-10-07 16:11:13.765,5.575324648141759,7.982371439657072,4.699424652581001,7.4413209600261325
2025-10-07 16:11:13.977,5.575482596026632,7.981660674175146,4.6972133821927855,7.441557881853441
2025-10-07 16:11:14.189,5.575245674199323,7.9822134917722,4.698240043444457,7.441636855795878
2025-10-07 16:11:14.400,5.575798491796377,7.983003231196562,4.6977661997898394,7.44179480368075
2025-10-07 16:11:14.612,5.576430283335867,7.982371439657072,4.697055434307913,7.441557881853441
2025-10-07 16:11:14.825,5.575640543911504,7.981976569944891,4.697292356135222,7.443374282529476
2025-10-07 16:11:15.037,5.575324648141759,7.981502726290273,4.6977661997898394,7.44242659522024
2025-10-07 16:11:15.249,5.576667205163176,7.9818975960024545,4.6977661997898394,7.442663517047549
2025-10-07 16:11:15.460,5.576114387566122,7.982371439657072,4.697292356135222,7.442663517047549
2025-10-07 16:11:15.672,5.575403622084195,7.9818975960024545,4.698240043444457,7.442821464932422
2025-10-07 16:11:15.885,5.576035413623686,7.9810288826356555,4.699898496235619,7.4447168395508925
2025-10-07 16:11:16.097,5.575561569969068,7.980239143211293,4.6972133821927855,7.442900438874858
2025-10-07 16:11:16.308,5.576351309393431,7.9824504135995085,4.698161069502021,7.443769152241657
2025-10-07 16:11:16.519,5.575403622084195,7.983240153023871,4.697292356135222,7.444637865608456
2025-10-07 16:11:16.732,5.576825153048048,7.982924257254126,4.69839799132933,7.444085048011402
2025-10-07 16:11:16.944,5.575403622084195,7.981581700232709,4.697055434307913,7.444242995896275
2025-10-07 16:11:17.156,5.5757195178539405,7.982608361484381,4.697371330077658,7.4441640219538385
2025-10-07 16:11:17.368,5.576351309393431,7.9822134917722,4.6986349131566385,7.44455889166602
2025-10-07 16:11:17.580,5.575324648141759,7.9804760650386015,4.697450304020094,7.444874787435765
2025-10-07 16:11:17.793,5.575482596026632,7.981581700232709,4.697134408250349,7.4447168395508925
2025-10-07 16:11:18.005,5.575324648141759,7.980870934750783,4.697608251904967,7.445111709263074
2025-10-07 16:11:18.216,5.576193361508558,7.9818975960024545,4.697687225847403,7.445269657147946
2025-10-07 16:11:18.428,5.576114387566122,7.982529387541945,4.697450304020094,7.445427605032819
2025-10-07 16:11:18.639,5.576193361508558,7.983161179081435,4.697845173732276,7.445664526860128
2025-10-07 16:11:18.850,5.575403622084195,7.982292465714636,4.697845173732276,7.445901448687437
2025-10-07 16:11:19.061,5.575403622084195,7.982055543887327,4.700451313832673,7.445901448687437
2025-10-07 16:11:19.273,5.575561569969068,7.982371439657072,4.6977661997898394,7.446612214169363
2025-10-07 16:11:19.483,5.5765882312207395,7.982371439657072,4.6977661997898394,7.446217344457182
2025-10-07 16:11:19.695,5.576114387566122,7.980555038981038,4.699503626523438,7.446691188111799
2025-10-07 16:11:19.906,5.575482596026632,7.983161179081435,4.697371330077658,7.447480927536162
2025-10-07 16:11:20.118,5.575956439681249,7.9804760650386015,4.697371330077658,7.447165031766417
2025-10-07 16:11:20.329,5.576035413623686,7.981107856578092,4.698871834983947,7.4475599014785985
2025-10-07 16:11:20.540,5.575561569969068,7.9818975960024545,4.697450304020094,7.447638875421035
2025-10-07 16:11:20.751,5.575640543911504,7.982529387541945,4.697608251904967,7.449297328212197
2025-10-07 16:11:20.963,5.576825153048048,7.982924257254126,4.697845173732276,7.448349640902961
2025-10-07 16:11:21.174,5.575640543911504,7.981423752347837,4.6986349131566385,7.447638875421035
2025-10-07 16:11:21.385,5.575956439681249,7.982055543887327,4.699108756811256,7.448270666960525
2025-10-07 16:11:21.596,5.576825153048048,7.9822134917722,4.698161069502021,7.450245015521432
2025-10-07 16:11:21.808,5.576035413623686,7.981818622060018,4.69839799132933,7.450245015521432
2025-10-07 16:11:22.020,5.575482596026632,7.981502726290273,4.698713887099075,7.448902458500015
2025-10-07 16:11:22.232,5.576193361508558,7.980949908693219,4.698319017386893,7.449692197924378
2025-10-07 16:11:22.445,5.575877465738813,7.9822134917722,4.697687225847403,7.450166041578996
2025-10-07 16:11:22.656,5.576114387566122,7.982134517829763,4.700135418062928,7.449771171866814
2025-10-07 16:11:22.867,5.5765882312207395,7.981423752347837,4.697608251904967,7.450008093694123
2025-10-07 16:11:23.079,5.576351309393431,7.983398100908744,4.697055434307913,7.450481937348741
2025-10-07 16:11:23.291,5.5757195178539405,7.981818622060018,4.698713887099075,7.449771171866814
2025-10-07 16:11:23.503,5.576272335450994,7.98284528331169,4.6986349131566385,7.450955781003358
2025-10-07 16:11:23.714,5.575877465738813,7.981739648117582,4.697845173732276,7.450560911291177
2025-10-07 16:11:23.925,5.575956439681249,7.983240153023871,4.698555939214202,7.45135065071554
2025-10-07 16:11:24.136,5.576114387566122,7.981265804462964,4.697924147674712,7.452298338024775
2025-10-07 16:11:24.348,5.576193361508558,7.982292465714636,4.701004131429727,7.45135065071554
2025-10-07 16:11:24.560,5.576509257278303,7.983082205138999,4.697292356135222,7.452456285909648
2025-10-07 16:11:24.771,5.576351309393431,7.981265804462964,4.7000564441204915,7.452140390139903
2025-10-07 16:11:24.983,5.576351309393431,7.9804760650386015,4.698161069502021,7.4532460253340105
2025-10-07 16:11:25.194,5.575640543911504,7.982608361484381,4.69839799132933,7.452772181679393
2025-10-07 16:11:25.405,5.576983100932921,7.982134517829763,4.697687225847403,7.4526932077369565
2025-10-07 16:11:25.616,5.576114387566122,7.981502726290273,4.697924147674712,7.45198244225503
2025-10-07 16:11:25.827,5.576983100932921,7.981976569944891,4.698082095559585,7.453719868988628
2025-10-07 16:11:26.039,5.576430283335867,7.981581700232709,4.697450304020094,7.452377311967211
2025-10-07 16:11:26.250,5.576193361508558,7.981344778405401,4.697529277962531,7.452930129564265
2025-10-07 16:11:26.461,5.575561569969068,7.981265804462964,4.698003121617148,7.453640895046192
2025-10-07 16:11:26.672,5.575798491796377,7.981976569944891,4.697924147674712,7.454035764758373
2025-10-07 16:11:26.884,5.575798491796377,7.982134517829763,4.699503626523438,7.453719868988628
2025-10-07 16:11:27.095,5.575956439681249,7.982529387541945,4.698240043444457,7.455220373894917
2025-10-07 16:11:27.305,5.576114387566122,7.983003231196562,4.697608251904967,7.454588582355427
2025-10-07 16:11:27.517,5.576114387566122,7.980949908693219,4.697134408250349,7.454588582355427
2025-10-07 16:11:27.728,5.576825153048048,7.982134517829763,4.698950808926384,7.454588582355427
2025-10-07 16:11:27.939,5.576114387566122,7.981581700232709,4.698555939214202,7.455062426010045
2025-10-07 16:11:28.150,5.5765882312207395,7.9818975960024545,4.6986349131566385,7.454509608412991
2025-10-07 16:11:28.361,5.575482596026632,7.9810288826356555,4.697845173732276,7.454983452067609
2025-10-07 16:11:28.572,5.575798491796377,7.981265804462964,4.700451313832673,7.455931139376844
2025-10-07 16:11:28.784,5.57722002276023,7.980791960808347,4.701004131429727,7.455694217549535
2025-10-07 16:11:28.995,5.576825153048048,7.981186830520528,4.698003121617148,7.456483956973898
2025-10-07 16:11:29.206,5.576114387566122,7.981502726290273,4.698476965271766,7.456247035146589
2025-10-07 16:11:29.418,5.575877465738813,7.98347707485118,4.699345678638565,7.456247035146589
2025-10-07 16:11:29.629,5.576825153048048,7.982292465714636,4.699740548350746,7.457115748513388
2025-10-07 16:11:29.840,5.575640543911504,7.980870934750783,4.697687225847403,7.45664190485877
2025-10-07 16:11:30.053,5.576272335450994,7.981265804462964,4.698319017386893,7.456247035146589
2025-10-07 16:11:30.264,5.576351309393431,7.980634012923474,4.698476965271766,7.457273696398261
2025-10-07 16:11:30.475,5.576351309393431,7.981976569944891,4.700530287775109,7.456878826686079
2025-10-07 16:11:30.686,5.576509257278303,7.981423752347837,4.698476965271766,7.4583793315923685
2025-10-07 16:11:30.898,5.577062074875357,7.981265804462964,4.698003121617148,7.457747540052878
2025-10-07 16:11:31.109,5.576035413623686,7.983003231196562,4.6991877307536924,7.457668566110442
2025-10-07 16:11:31.321,5.576509257278303,7.981976569944891,4.700530287775109,7.459090097074295
2025-10-07 16:11:31.532,5.576035413623686,7.981502726290273,4.698003121617148,7.458616253419677
2025-10-07 16:11:31.744,5.576351309393431,7.9804760650386015,4.698003121617148,7.458537279477241
2025-10-07 16:11:31.955,5.576272335450994,7.981581700232709,4.697608251904967,7.4583793315923685
2025-10-07 16:11:32.166,5.576272335450994,7.981423752347837,4.698476965271766,7.458537279477241
2025-10-07 16:11:32.379,5.576746179105612,7.982134517829763,4.697608251904967,7.460511628038148
2025-10-07 16:11:32.590,5.576114387566122,7.980634012923474,4.69839799132933,7.460906497750329
2025-10-07 16:11:32.802,5.57722002276023,7.982608361484381,4.69839799132933,7.4603536801532755
2025-10-07 16:11:33.013,5.577062074875357,7.980870934750783,4.698476965271766,7.45940599284404
2025-10-07 16:11:33.224,5.576509257278303,7.982055543887327,4.698871834983947,7.4612223935200745
2025-10-07 16:11:33.435,5.576746179105612,7.981581700232709,4.699503626523438,7.459484966786476
2025-10-07 16:11:33.647,5.576746179105612,7.981581700232709,4.698792861041511,7.460669575923021
2025-10-07 16:11:33.859,5.576904126990485,7.982608361484381,4.698476965271766,7.460195732268403
2025-10-07 16:11:34.070,5.575956439681249,7.981739648117582,4.699266704696129,7.461933159002001
2025-10-07 16:11:34.281,5.575956439681249,7.981739648117582,4.698082095559585,7.460985471692766
2025-10-07 16:11:34.491,5.576509257278303,7.983003231196562,4.700214392005364,7.46217008082931
2025-10-07 16:11:34.702,5.576193361508558,7.983082205138999,4.69839799132933,7.4612223935200745
2025-10-07 16:11:34.914,5.576667205163176,7.982608361484381,4.698950808926384,7.460590601980584
2025-10-07 16:11:35.125,5.577772840357284,7.982134517829763,4.697924147674712,7.462091106886874
2025-10-07 16:11:35.337,5.576509257278303,7.983240153023871,4.697924147674712,7.461380341404947
2025-10-07 16:11:35.548,5.577298996702666,7.982371439657072,4.6986349131566385,7.462485976599055
2025-10-07 16:11:35.760,5.5765882312207395,7.982134517829763,4.698792861041511,7.462012132944437
2025-10-07 16:11:35.971,5.576272335450994,7.981660674175146,4.700451313832673,7.4628018723688
2025-10-07 16:11:36.182,5.576114387566122,7.982529387541945,4.6977661997898394,7.4640654554477806
2025-10-07 16:11:36.394,5.576983100932921,7.9824504135995085,4.698871834983947,7.4626439244839275
2025-10-07 16:11:36.605,5.576114387566122,7.982924257254126,4.698319017386893,7.4631967420809815
2025-10-07 16:11:36.816,5.576351309393431,7.982055543887327,4.697845173732276,7.462880846311236
2025-10-07 16:11:37.027,5.576667205163176,7.981660674175146,4.698003121617148,7.463907507562908
2025-10-07 16:11:37.239,5.576272335450994,7.981502726290273,4.699977470178055,7.463749559678035
2025-10-07 16:11:37.450,5.576746179105612,7.9818975960024545,4.698319017386893,7.463907507562908
2025-10-07 16:11:37.662,5.576430283335867,7.982371439657072,4.700846183544854,7.46556596035407
2025-10-07 16:11:37.873,5.577614892472411,7.982292465714636,4.698792861041511,7.463828533620472
2025-10-07 16:11:38.085,5.577062074875357,7.9824504135995085,4.698161069502021,7.4646182730448345
2025-10-07 16:11:38.297,5.576667205163176,7.981423752347837,4.698240043444457,7.465092116699452
2025-10-07 16:11:38.508,5.576430283335867,7.982134517829763,4.698082095559585,7.465092116699452
2025-10-07 16:11:38.719,5.576509257278303,7.980791960808347,4.699740548350746,7.465171090641888
2025-10-07 16:11:38.931,5.5765882312207395,7.981818622060018,4.698319017386893,7.466434673720869
2025-10-07 16:11:39.141,5.576351309393431,7.981344778405401,4.69966157440831,7.465171090641888
2025-10-07 16:11:39.353,5.576430283335867,7.981976569944891,4.698871834983947,7.465802882181379
2025-10-07 16:11:39.563,5.577772840357284,7.9824504135995085,4.698161069502021,7.467303387087668
2025-10-07 16:11:39.774,5.576667205163176,7.9822134917722,4.6986349131566385,7.466118777951124
2025-10-07 16:11:39.986,5.577298996702666,7.981818622060018,4.7006092617175455,7.466355699778433
2025-10-07 16:11:40.197,5.577456944587539,7.980791960808347,4.697924147674712,7.466276725835996
2025-10-07 16:11:40.409,5.576667205163176,7.980949908693219,4.700688235659982,7.466750569490614
2025-10-07 16:11:40.620,5.576272335450994,7.981344778405401,4.700530287775109,7.466592621605741
2025-10-07 16:11:40.832,5.5765882312207395,7.981502726290273,4.700767209602418,7.467382361030104
2025-10-07 16:11:41.045,5.576114387566122,7.981739648117582,4.698240043444457,7.467856204684722
2025-10-07 16:11:41.256,5.576667205163176,7.980791960808347,4.697924147674712,7.468014152569594
2025-10-07 16:11:41.468,5.576825153048048,7.981186830520528,4.698792861041511,7.469751579303193
2025-10-07 16:11:41.679,5.576746179105612,7.982134517829763,4.6986349131566385,7.4674613349725405
2025-10-07 16:11:41.891,5.576825153048048,7.982292465714636,4.701004131429727,7.4694356835334474
2025-10-07 16:11:42.100,5.576351309393431,7.981818622060018,4.698476965271766,7.467619282857413
2025-10-07 16:11:42.311,5.576667205163176,7.981344778405401,4.69902978286882,7.469514657475884
2025-10-07 16:11:42.522,5.577693866414847,7.981976569944891,4.698161069502021,7.47022542295781
2025-10-07 16:11:42.733,5.576825153048048,7.981581700232709,4.6986349131566385,7.468803891993957
2025-10-07 16:11:42.945,5.577614892472411,7.9822134917722,4.6986349131566385,7.469119787763702
2025-10-07 16:11:43.156,5.576825153048048,7.9822134917722,4.7006092617175455,7.469040813821266
2025-10-07 16:11:43.368,5.577535918529975,7.981739648117582,4.6991877307536924,7.4694356835334474
2025-10-07 16:11:43.579,5.576351309393431,7.981265804462964,4.69839799132933,7.470778240554864
2025-10-07 16:11:43.790,5.576904126990485,7.982608361484381,4.698555939214202,7.4703043969002465
2025-10-07 16:11:44.002,5.577693866414847,7.981344778405401,4.698555939214202,7.47022542295781
2025-10-07 16:11:44.213,5.5765882312207395,7.981502726290273,4.700846183544854,7.47022542295781
2025-10-07 16:11:44.425,5.577930788242156,7.9822134917722,4.698319017386893,7.471489006036791
2025-10-07 16:11:44.637,5.5765882312207395,7.982055543887327,4.698476965271766,7.470383370842683
2025-10-07 16:11:44.848,5.576430283335867,7.983635022736053,4.699424652581001,7.4708572144973004
2025-10-07 16:11:45.060,5.577614892472411,7.981976569944891,4.698240043444457,7.472041823633845
2025-10-07 16:11:45.271,5.576904126990485,7.98071298686591,4.699108756811256,7.471331058151918
2025-10-07 16:11:45.483,5.576035413623686,7.9810288826356555,4.6991877307536924,7.471410032094354
2025-10-07 16:11:45.694,5.576509257278303,7.981423752347837,4.6991877307536924,7.473226432770389
2025-10-07 16:11:45.906,5.5765882312207395,7.981660674175146,4.699108756811256,7.47235771940359
2025-10-07 16:11:46.117,5.576825153048048,7.982134517829763,4.698871834983947,7.473463354597698
2025-10-07 16:11:46.329,5.5771410488177935,7.981423752347837,4.699345678638565,7.472120797576281
2025-10-07 16:11:46.540,5.577377970645102,7.981186830520528,4.698871834983947,7.4722787454611534
2025-10-07 16:11:46.751,5.576509257278303,7.983398100908744,4.699108756811256,7.472752589115771
2025-10-07 16:11:46.964,5.576193361508558,7.9818975960024545,4.700372339890237,7.474884885561551
2025-10-07 16:11:47.175,5.577377970645102,7.982134517829763,4.701399001141908,7.473305406712825
2025-10-07 16:11:47.386,5.577535918529975,7.9822134917722,4.69902978286882,7.473463354597698
2025-10-07 16:11:47.597,5.576667205163176,7.981502726290273,4.698871834983947,7.473542328540134
2025-10-07 16:11:47.809,5.577772840357284,7.982924257254126,4.7014779750843445,7.473542328540134
2025-10-07 16:11:48.021,5.57722002276023,7.981423752347837,4.698476965271766,7.47362130248257
2025-10-07 16:11:48.232,5.576114387566122,7.982292465714636,4.700767209602418,7.474174120079624
2025-10-07 16:11:48.444,5.577377970645102,7.9810288826356555,4.700767209602418,7.47425309402206
2025-10-07 16:11:48.656,5.576983100932921,7.982608361484381,4.698713887099075,7.474411041906933
2025-10-07 16:11:48.867,5.57785181429972,7.9818975960024545,4.701320027199472,7.474490015849369
2025-10-07 16:11:49.078,5.576825153048048,7.981660674175146,4.699108756811256,7.475674624985913
2025-10-07 16:11:49.290,5.576746179105612,7.981660674175146,4.700925157487291,7.474963859503987
2025-10-07 16:11:49.502,5.5771410488177935,7.983161179081435,4.698240043444457,7.475674624985913
2025-10-07 16:11:49.714,5.578404631896774,7.9810288826356555,4.698792861041511,7.476859234122458
2025-10-07 16:11:49.925,5.5771410488177935,7.981818622060018,4.698871834983947,7.47575359892835
2025-10-07 16:11:50.136,5.576983100932921,7.980634012923474,4.6991877307536924,7.475437703158605
2025-10-07 16:11:50.348,5.576983100932921,7.982292465714636,4.69902978286882,7.476069494698095
2025-10-07 16:11:50.560,5.5771410488177935,7.981739648117582,4.69902978286882,7.4765433383527125
2025-10-07 16:11:50.771,5.577377970645102,7.981739648117582,4.701241053257036,7.4765433383527125
2025-10-07 16:11:50.983,5.576351309393431,7.983713996678489,4.699503626523438,7.4774120517195115
2025-10-07 16:11:51.195,5.5765882312207395,7.984266814275543,4.701162079314599,7.477175129892203
2025-10-07 16:11:51.406,5.577062074875357,7.981818622060018,4.69902978286882,7.477254103834639
2025-10-07 16:11:51.618,5.576825153048048,7.981107856578092,4.6986349131566385,7.477333077777075
2025-10-07 16:11:51.830,5.576825153048048,7.9824504135995085,4.699819522293183,7.477096155949766
2025-10-07 16:11:52.039,5.576667205163176,7.980870934750783,4.69902978286882,7.4774120517195115
2025-10-07 16:11:52.251,5.576430283335867,7.983082205138999,4.699266704696129,7.4779648693165655
2025-10-07 16:11:52.463,5.576983100932921,7.983082205138999,4.69966157440831,7.479070504510673
2025-10-07 16:11:52.675,5.5771410488177935,7.980949908693219,4.6986349131566385,7.4779648693165655
2025-10-07 16:11:52.886,5.577377970645102,7.983082205138999,4.701004131429727,7.479939217877472
2025-10-07 16:11:53.097,5.5771410488177935,7.983161179081435,4.699108756811256,7.480728957301835
2025-10-07 16:11:53.309,5.577772840357284,7.98347707485118,4.6986349131566385,7.4793864002804185
2025-10-07 16:11:53.520,5.576904126990485,7.9810288826356555,4.698792861041511,7.479544348165291
2025-10-07 16:11:53.731,5.576983100932921,7.98284528331169,4.699582600465874,7.4793864002804185
2025-10-07 16:11:53.943,5.5765882312207395,7.981265804462964,4.699266704696129,7.4793864002804185
2025-10-07 16:11:54.155,5.577377970645102,7.9822134917722,4.698950808926384,7.479860243935036
2025-10-07 16:11:54.366,5.5771410488177935,7.982371439657072,4.699503626523438,7.480492035474526
2025-10-07 16:11:54.577,5.576983100932921,7.981344778405401,4.6991877307536924,7.480728957301835
2025-10-07 16:11:54.789,5.576746179105612,7.982608361484381,4.699424652581001,7.481281774898889
2025-10-07 16:11:55.001,5.578404631896774,7.9822134917722,4.699108756811256,7.480492035474526
2025-10-07 16:11:55.212,5.576904126990485,7.981107856578092,4.700925157487291,7.481360748841325
2025-10-07 16:11:55.424,5.57785181429972,7.981739648117582,4.698476965271766,7.48104485307158
2025-10-07 16:11:55.636,5.577693866414847,7.981818622060018,4.701241053257036,7.480965879129144
2025-10-07 16:11:55.847,5.576667205163176,7.9810288826356555,4.699424652581001,7.481834592495943
2025-10-07 16:11:56.059,5.578404631896774,7.981265804462964,4.69902978286882,7.48104485307158
2025-10-07 16:11:56.272,5.577456944587539,7.982055543887327,4.701083105372163,7.481755618553507
2025-10-07 16:11:56.483,5.576825153048048,7.980791960808347,4.69902978286882,7.483019201632487
2025-10-07 16:11:56.695,5.576825153048048,7.9824504135995085,4.699266704696129,7.481518696726198
2025-10-07 16:11:56.906,5.577377970645102,7.981186830520528,4.698476965271766,7.484598680481213
2025-10-07 16:11:57.118,5.577693866414847,7.981107856578092,4.701083105372163,7.484124836826595
2025-10-07 16:11:57.329,5.57722002276023,7.982608361484381,4.6991877307536924,7.483335097402232
2025-10-07 16:11:57.541,5.577772840357284,7.981344778405401,4.699345678638565,7.482703305862742
2025-10-07 16:11:57.751,5.577456944587539,7.981186830520528,4.698792861041511,7.483887914999286
2025-10-07 16:11:57.962,5.577614892472411,7.980634012923474,4.698871834983947,7.484677654423649
2025-10-07 16:11:58.174,5.577693866414847,7.980791960808347,4.698871834983947,7.485546367790448
2025-10-07 16:11:58.385,5.577772840357284,7.98071298686591,4.699108756811256,7.484835602308522
2025-10-07 16:11:58.596,5.578404631896774,7.9824504135995085,4.698555939214202,7.484124836826595
2025-10-07 16:11:58.808,5.57722002276023,7.981265804462964,4.69902978286882,7.486178159329938
2025-10-07 16:11:59.019,5.5780097621845925,7.981581700232709,4.698555939214202,7.485230472020703
2025-10-07 16:11:59.229,5.576983100932921,7.982055543887327,4.7000564441204915,7.485230472020703
2025-10-07 16:11:59.441,5.577693866414847,7.982766309369254,4.69902978286882,7.486178159329938
2025-10-07 16:11:59.655,5.577377970645102,7.982292465714636,4.699582600465874,7.484914576250958
2025-10-07 16:11:59.867,5.577062074875357,7.981581700232709,4.699266704696129,7.485625341732884
2025-10-07 16:12:00.079,5.577062074875357,7.9822134917722,4.69839799132933,7.4850725241358305
2025-10-07 16:12:00.292,5.577456944587539,7.981581700232709,4.6991877307536924,7.486809950869429
2025-10-07 16:12:00.504,5.577535918529975,7.980791960808347,4.6991877307536924,7.485704315675321
2025-10-07 16:12:00.716,5.577772840357284,7.982608361484381,4.6991877307536924,7.4859412375026295
2025-10-07 16:12:00.927,5.576825153048048,7.981818622060018,4.701635922969217,7.488073533948409
2025-10-07 16:12:01.139,5.578088736127029,7.9824504135995085,4.698950808926384,7.488073533948409
2025-10-07 16:12:01.351,5.577062074875357,7.981739648117582,4.7002933659478,7.487757638178664
2025-10-07 16:12:01.562,5.577693866414847,7.982055543887327,4.701635922969217,7.4873627684664825
2025-10-07 16:12:01.774,5.577614892472411,7.981818622060018,4.699740548350746,7.487678664236228
2025-10-07 16:12:01.986,5.578404631896774,7.98284528331169,4.701083105372163,7.487757638178664
2025-10-07 16:12:02.198,5.5771410488177935,7.981660674175146,4.6991877307536924,7.487520716351355
2025-10-07 16:12:02.410,5.578088736127029,7.9822134917722,4.7000564441204915,7.489810960682007
2025-10-07 16:12:02.623,5.577062074875357,7.982371439657072,4.699503626523438,7.489258143084953
2025-10-07 16:12:02.835,5.577456944587539,7.981502726290273,4.6991877307536924,7.487520716351355
2025-10-07 16:12:03.048,5.577930788242156,7.981502726290273,4.699345678638565,7.488942247315208
2025-10-07 16:12:03.259,5.5771410488177935,7.982055543887327,4.69902978286882,7.488152507890845
2025-10-07 16:12:03.471,5.577930788242156,7.982529387541945,4.6991877307536924,7.489416090969826
2025-10-07 16:12:03.683,5.577693866414847,7.980239143211293,4.699898496235619,7.489021221257644
2025-10-07 16:12:03.895,5.577535918529975,7.981344778405401,4.700925157487291,7.4893371170273895
2025-10-07 16:12:04.107,5.5765882312207395,7.981660674175146,4.699819522293183,7.490916595876115
2025-10-07 16:12:04.319,5.5765882312207395,7.981186830520528,4.699345678638565,7.489021221257644
2025-10-07 16:12:04.532,5.578246684011901,7.981581700232709,4.699740548350746,7.4902058303941885
2025-10-07 16:12:04.744,5.57785181429972,7.981344778405401,4.69966157440831,7.490126856451752
2025-10-07 16:12:04.957,5.576983100932921,7.982608361484381,4.699424652581001,7.489416090969826
2025-10-07 16:12:05.169,5.577535918529975,7.982529387541945,4.699819522293183,7.490837621933679
2025-10-07 16:12:05.381,5.577298996702666,7.981265804462964,4.699345678638565,7.490442752221497
2025-10-07 16:12:05.595,5.577062074875357,7.981344778405401,4.6991877307536924,7.4902058303941885
2025-10-07 16:12:05.807,5.578088736127029,7.981107856578092,4.699740548350746,7.492654022609713
2025-10-07 16:12:06.019,5.57722002276023,7.981265804462964,4.698950808926384,7.490284804336625
2025-10-07 16:12:06.228,5.577456944587539,7.9810288826356555,4.699740548350746,7.4930488923218945
2025-10-07 16:12:06.441,5.577693866414847,7.981818622060018,4.699345678638565,7.4916273613580415
2025-10-07 16:12:06.652,5.578088736127029,7.981344778405401,4.700214392005364,7.49336478809164
2025-10-07 16:12:06.863,5.577772840357284,7.982687335426817,4.699266704696129,7.491706335300478
2025-10-07 16:12:07.072,5.5785625797816465,7.9822134917722,4.699740548350746,7.4930488923218945
2025-10-07 16:12:07.283,5.577930788242156,7.981660674175146,4.699345678638565,7.492496074724841
2025-10-07 16:12:07.495,5.5785625797816465,7.982134517829763,4.699898496235619,7.494312475400875
2025-10-07 16:12:07.707,5.5785625797816465,7.9824504135995085,4.699503626523438,7.492732996552149
2025-10-07 16:12:07.918,5.577298996702666,7.9804760650386015,4.700135418062928,7.492417100782404
2025-10-07 16:12:08.129,5.577772840357284,7.982055543887327,4.699503626523438,7.4936017099189485
2025-10-07 16:12:08.341,5.578799501608955,7.981739648117582,4.701872844796526,7.493759657803821
2025-10-07 16:12:08.553,5.578246684011901,7.98284528331169,4.700767209602418,7.495418110594983
2025-10-07 16:12:08.764,5.577298996702666,7.982608361484381,4.699740548350746,7.493680683861385
2025-10-07 16:12:08.976,5.577456944587539,7.983713996678489,4.699740548350746,7.493522735976512
2025-10-07 16:12:09.187,5.576904126990485,7.9818975960024545,4.699898496235619,7.494944266940365
2025-10-07 16:12:09.399,5.576904126990485,7.981581700232709,4.699424652581001,7.493917605688694
2025-10-07 16:12:09.610,5.577535918529975,7.981976569944891,4.69966157440831,7.4944704232857475
2025-10-07 16:12:09.822,5.577377970645102,7.981344778405401,4.699108756811256,7.49462837117062
2025-10-07 16:12:10.034,5.5771410488177935,7.982055543887327,4.699503626523438,7.495734006364728
2025-10-07 16:12:10.246,5.577614892472411,7.980870934750783,4.69902978286882,7.495181188767674
2025-10-07 16:12:10.458,5.57848360583921,7.980949908693219,4.6991877307536924,7.496523745789091
2025-10-07 16:12:10.669,5.578088736127029,7.981581700232709,4.699740548350746,7.497076563386145
2025-10-07 16:12:10.880,5.577614892472411,7.981739648117582,4.699345678638565,7.495812980307164
2025-10-07 16:12:11.092,5.577693866414847,7.980791960808347,4.699424652581001,7.495970928192037
2025-10-07 16:12:11.303,5.57785181429972,7.981818622060018,4.69902978286882,7.496128876076909
2025-10-07 16:12:11.515,5.578799501608955,7.982766309369254,4.7000564441204915,7.496681693673963
2025-10-07 16:12:11.727,5.57785181429972,7.981976569944891,4.69966157440831,7.496839641558836
2025-10-07 16:12:11.939,5.578878475551392,7.980002221383984,4.700688235659982,7.496918615501272
2025-10-07 16:12:12.151,5.57785181429972,7.981423752347837,4.699503626523438,7.497945276752944
2025-10-07 16:12:12.362,5.577693866414847,7.982687335426817,4.700135418062928,7.497708354925635
2025-10-07 16:12:12.574,5.577930788242156,7.981660674175146,4.699503626523438,7.4973134852134535
2025-10-07 16:12:12.784,5.577535918529975,7.981344778405401,4.699424652581001,7.497787328868071
2025-10-07 16:12:12.995,5.577535918529975,7.9822134917722,4.69966157440831,7.49802425069538
2025-10-07 16:12:13.207,5.577535918529975,7.982292465714636,4.69966157440831,7.498813990119743
2025-10-07 16:12:13.419,5.577930788242156,7.981265804462964,4.699424652581001,7.498419120407561
2025-10-07 16:12:13.630,5.577693866414847,7.981423752347837,4.699898496235619,7.499366807716797
2025-10-07 16:12:13.841,5.577693866414847,7.981739648117582,4.69966157440831,7.5001565471411595
2025-10-07 16:12:14.053,5.5771410488177935,7.982134517829763,4.699977470178055,7.499445781659233
2025-10-07 16:12:14.264,5.578167710069465,7.982292465714636,4.69966157440831,7.498892964062179
2025-10-07 16:12:14.476,5.578167710069465,7.981818622060018,4.7000564441204915,7.499682703486542
2025-10-07 16:12:14.687,5.577772840357284,7.982608361484381,4.699266704696129,7.499366807716797
2025-10-07 16:12:14.899,5.579194371321137,7.982292465714636,4.702346688451144,7.501183208392831
2025-10-07 16:12:15.110,5.5791153973787,7.981423752347837,4.699266704696129,7.500946286565522
2025-10-07 16:12:15.322,5.577693866414847,7.981344778405401,4.69966157440831,7.501657052047449
2025-10-07 16:12:15.534,5.577693866414847,7.981976569944891,4.7002933659478,7.501657052047449
2025-10-07 16:12:15.745,5.57848360583921,7.981502726290273,4.699819522293183,7.501499104162576
2025-10-07 16:12:15.957,5.577535918529975,7.981423752347837,4.699582600465874,7.500077573198723
2025-10-07 16:12:16.169,5.5791153973787,7.981344778405401,4.69966157440831,7.500630390795777
2025-10-07 16:12:16.381,5.577614892472411,7.982529387541945,4.700372339890237,7.500946286565522
2025-10-07 16:12:16.593,5.578246684011901,7.981581700232709,4.700214392005364,7.500946286565522
2025-10-07 16:12:16.804,5.579352319206009,7.981818622060018,4.702267714508707,7.502209869644503
2025-10-07 16:12:17.015,5.5780097621845925,7.981739648117582,4.7002933659478,7.500946286565522
2025-10-07 16:12:17.227,5.57785181429972,7.981344778405401,4.701951818738962,7.501657052047449
2025-10-07 16:12:17.438,5.577298996702666,7.9818975960024545,4.7002933659478,7.502288843586939
2025-10-07 16:12:17.650,5.577535918529975,7.981976569944891,4.700214392005364,7.501893973874758
2025-10-07 16:12:17.862,5.578167710069465,7.9804760650386015,4.69966157440831,7.50205192175963
2025-10-07 16:12:18.073,5.577930788242156,7.981739648117582,4.701241053257036,7.50268371329912
2025-10-07 16:12:18.285,5.57785181429972,7.982134517829763,4.701162079314599,7.502920635126429
2025-10-07 16:12:18.497,5.579352319206009,7.981818622060018,4.699977470178055,7.502920635126429
2025-10-07 16:12:18.708,5.57848360583921,7.980870934750783,4.7000564441204915,7.503078583011302
2025-10-07 16:12:18.919,5.577535918529975,7.983161179081435,4.700372339890237,7.503157556953738
2025-10-07 16:12:19.131,5.577930788242156,7.981818622060018,4.699582600465874,7.505368827341954
2025-10-07 16:12:19.342,5.5780097621845925,7.981818622060018,4.702267714508707,7.503473452723483
2025-10-07 16:12:19.554,5.578167710069465,7.9810288826356555,4.700451313832673,7.505763697054135
2025-10-07 16:12:19.766,5.578167710069465,7.982608361484381,4.69966157440831,7.505131905514645
2025-10-07 16:12:19.977,5.578641553724083,7.980949908693219,4.7006092617175455,7.50418421820541
2025-10-07 16:12:20.188,5.578720527666519,7.981581700232709,4.7006092617175455,7.504658061860027
2025-10-07 16:12:20.399,5.578088736127029,7.9833191269663075,4.699266704696129,7.506158566766317
2025-10-07 16:12:20.611,5.577930788242156,7.981818622060018,4.699898496235619,7.50607959282388
2025-10-07 16:12:20.823,5.578088736127029,7.982292465714636,4.699582600465874,7.5058426709965715
2025-10-07 16:12:21.036,5.578246684011901,7.981581700232709,4.700135418062928,7.5044211400327185
2025-10-07 16:12:21.248,5.578404631896774,7.981976569944891,4.7000564441204915,7.506000618881444
2025-10-07 16:12:21.460,5.578167710069465,7.982687335426817,4.701083105372163,7.505131905514645
2025-10-07 16:12:21.671,5.578167710069465,7.98284528331169,4.699898496235619,7.506474462536062
2025-10-07 16:12:21.882,5.578088736127029,7.982055543887327,4.702188740566271,7.505763697054135
2025-10-07 16:12:22.092,5.578799501608955,7.981660674175146,4.7020307926813985,7.506790358305807
2025-10-07 16:12:22.303,5.578641553724083,7.982055543887327,4.701083105372163,7.506553436478498
2025-10-07 16:12:22.515,5.578641553724083,7.981739648117582,4.700767209602418,7.506790358305807
2025-10-07 16:12:22.727,5.578799501608955,7.9818975960024545,4.700372339890237,7.507185228017988
2025-10-07 16:12:22.939,5.578167710069465,7.981660674175146,4.69966157440831,7.506869332248243
2025-10-07 16:12:23.150,5.579589241033318,7.981502726290273,4.700925157487291,7.508290863212096
2025-10-07 16:12:23.361,5.57785181429972,7.981107856578092,4.7002933659478,7.509159576578895
2025-10-07 16:12:23.573,5.577693866414847,7.981344778405401,4.700372339890237,7.507422149845297
2025-10-07 16:12:23.784,5.578957449493828,7.9833191269663075,4.699898496235619,7.507895993499915
2025-10-07 16:12:23.996,5.578878475551392,7.9810288826356555,4.701635922969217,7.508053941384787
2025-10-07 16:12:24.207,5.5780097621845925,7.980949908693219,4.701083105372163,7.509001628694023
2025-10-07 16:12:24.419,5.578246684011901,7.982055543887327,4.699977470178055,7.510186237830567
2025-10-07 16:12:24.630,5.5780097621845925,7.981818622060018,4.69966157440831,7.509159576578895
2025-10-07 16:12:24.841,5.578404631896774,7.981581700232709,4.702583610278452,7.508290863212096
2025-10-07 16:12:25.053,5.579194371321137,7.982055543887327,4.7002933659478,7.509791368118385
2025-10-07 16:12:25.264,5.577772840357284,7.982924257254126,4.702662584220889,7.50947547234864
2025-10-07 16:12:25.474,5.577930788242156,7.981581700232709,4.701162079314599,7.511449820909547
2025-10-07 16:12:25.686,5.578641553724083,7.983556048793616,4.700451313832673,7.510344185715439
2025-10-07 16:12:25.897,5.5791153973787,7.982134517829763,4.700451313832673,7.509080602636459
2025-10-07 16:12:26.108,5.579589241033318,7.981265804462964,4.702267714508707,7.510344185715439
2025-10-07 16:12:26.321,5.578641553724083,7.981739648117582,4.7006092617175455,7.510028289945694
2025-10-07 16:12:26.532,5.578957449493828,7.9824504135995085,4.700451313832673,7.51097597725493
2025-10-07 16:12:26.743,5.579510267090882,7.9824504135995085,4.700451313832673,7.512002638506601
2025-10-07 16:12:26.955,5.578404631896774,7.9818975960024545,4.699898496235619,7.510897003312493
2025-10-07 16:12:27.166,5.578641553724083,7.982371439657072,4.7000564441204915,7.51223956033391
2025-10-07 16:12:27.378,5.57848360583921,7.981107856578092,4.700372339890237,7.511449820909547
2025-10-07 16:12:27.589,5.578325657954338,7.982055543887327,4.700688235659982,7.512634430046091
2025-10-07 16:12:27.801,5.579352319206009,7.981739648117582,4.701556949026781,7.511686742736856
2025-10-07 16:12:28.012,5.578957449493828,7.981739648117582,4.701162079314599,7.513345195528018
2025-10-07 16:12:28.224,5.579036423436264,7.981344778405401,4.699898496235619,7.512555456103655
2025-10-07 16:12:28.435,5.578641553724083,7.982687335426817,4.69966157440831,7.514055961009944
2025-10-07 16:12:28.647,5.578641553724083,7.980634012923474,4.700767209602418,7.5128713518734
2025-10-07 16:12:28.858,5.578325657954338,7.9810288826356555,4.701320027199472,7.513266221585582
2025-10-07 16:12:29.071,5.578325657954338,7.981660674175146,4.700214392005364,7.5129503258158365
2025-10-07 16:12:29.282,5.5791153973787,7.982371439657072,4.700214392005364,7.5128713518734
2025-10-07 16:12:29.494,5.578799501608955,7.9822134917722,4.700372339890237,7.514766726491871
2025-10-07 16:12:29.706,5.5791153973787,7.983161179081435,4.7002933659478,7.513898013125072
2025-10-07 16:12:29.917,5.578878475551392,7.981107856578092,4.700530287775109,7.514213908894817
2025-10-07 16:12:30.129,5.579273345263573,7.981818622060018,4.7000564441204915,7.514055961009944
2025-10-07 16:12:30.341,5.578878475551392,7.981502726290273,4.700767209602418,7.5143718567796896
2025-10-07 16:12:30.551,5.578799501608955,7.983556048793616,4.700530287775109,7.514608778606998
2025-10-07 16:12:30.764,5.578404631896774,7.981186830520528,4.7028995060481975,7.515477491973797
2025-10-07 16:12:30.976,5.578404631896774,7.981502726290273,4.700135418062928,7.516425179283033
2025-10-07 16:12:31.187,5.5780097621845925,7.9824504135995085,4.700688235659982,7.51500364831918
2025-10-07 16:12:31.399,5.578246684011901,7.982292465714636,4.703136427875506,7.51500364831918
2025-10-07 16:12:31.611,5.578641553724083,7.981344778405401,4.7006092617175455,7.515240570146489
2025-10-07 16:12:31.823,5.5780097621845925,7.981581700232709,4.700688235659982,7.516030309570851
2025-10-07 16:12:32.034,5.578167710069465,7.980555038981038,4.700372339890237,7.515398518031361
2025-10-07 16:12:32.245,5.579036423436264,7.981265804462964,4.700451313832673,7.515477491973797
2025-10-07 16:12:32.456,5.578641553724083,7.981265804462964,4.701083105372163,7.5163462053405965
2025-10-07 16:12:32.668,5.578325657954338,7.9822134917722,4.70242566239358,7.518478501786376
2025-10-07 16:12:32.879,5.578404631896774,7.9818975960024545,4.701320027199472,7.517056970822523
2025-10-07 16:12:33.091,5.577930788242156,7.980791960808347,4.7020307926813985,7.517135944764959
2025-10-07 16:12:33.302,5.578088736127029,7.981265804462964,4.701004131429727,7.518952345440994
2025-10-07 16:12:33.514,5.578641553724083,7.980555038981038,4.700135418062928,7.5172149187073956
2025-10-07 16:12:33.725,5.578088736127029,7.982292465714636,4.700451313832673,7.5177677363044495
2025-10-07 16:12:33.936,5.578641553724083,7.981976569944891,4.7006092617175455,7.517925684189322
2025-10-07 16:12:34.148,5.57848360583921,7.981344778405401,4.700451313832673,7.517846710246886
2025-10-07 16:12:34.359,5.578720527666519,7.981976569944891,4.700688235659982,7.518162606016631
2025-10-07 16:12:34.571,5.5785625797816465,7.981186830520528,4.700846183544854,7.517688762362013
2025-10-07 16:12:34.783,5.580063084687936,7.982134517829763,4.701320027199472,7.518478501786376
2025-10-07 16:12:34.994,5.578957449493828,7.98347707485118,4.701714896911653,7.517925684189322
2025-10-07 16:12:35.205,5.5785625797816465,7.9824504135995085,4.702583610278452,7.51903131938343
2025-10-07 16:12:35.417,5.578641553724083,7.981976569944891,4.701162079314599,7.518794397556121
2025-10-07 16:12:35.629,5.579036423436264,7.980791960808347,4.699819522293183,7.519268241210739
2025-10-07 16:12:35.840,5.579668214975754,7.9810288826356555,4.700688235659982,7.519505163038048
2025-10-07 16:12:36.052,5.578957449493828,7.9810288826356555,4.703373349702815,7.521558485541391
2025-10-07 16:12:36.263,5.578799501608955,7.981186830520528,4.7006092617175455,7.5197420848653564
2025-10-07 16:12:36.474,5.579510267090882,7.981502726290273,4.700688235659982,7.5191892672683025
2025-10-07 16:12:36.686,5.578720527666519,7.982608361484381,4.7006092617175455,7.520452850347283
2025-10-07 16:12:36.897,5.579668214975754,7.98284528331169,4.700451313832673,7.521479511598955
2025-10-07 16:12:37.108,5.579036423436264,7.981976569944891,4.7002933659478,7.520373876404847
2025-10-07 16:12:37.320,5.5785625797816465,7.982371439657072,4.700688235659982,7.521084641886773
2025-10-07 16:12:37.531,5.579510267090882,7.982292465714636,4.701162079314599,7.520847720059464
2025-10-07 16:12:37.743,5.578641553724083,7.981660674175146,4.700767209602418,7.521242589771646
2025-10-07 16:12:37.955,5.578720527666519,7.982529387541945,4.700530287775109,7.521479511598955
2025-10-07 16:12:38.166,5.578404631896774,7.982134517829763,4.700214392005364,7.522111303138445
2025-10-07 16:12:38.377,5.578641553724083,7.982529387541945,4.701320027199472,7.522348224965754
2025-10-07 16:12:38.589,5.579194371321137,7.981344778405401,4.700767209602418,7.522190277080881
2025-10-07 16:12:38.800,5.578720527666519,7.9822134917722,4.700688235659982,7.523927703814479
2025-10-07 16:12:39.011,5.578957449493828,7.98284528331169,4.700925157487291,7.522822068620371
2025-10-07 16:12:39.222,5.579036423436264,7.982134517829763,4.703531297587688,7.523848729872043
2025-10-07 16:12:39.434,5.579036423436264,7.982134517829763,4.7014779750843445,7.52369078198717
2025-10-07 16:12:39.646,5.578878475551392,7.981581700232709,4.70242566239358,7.522822068620371
2025-10-07 16:12:39.857,5.578799501608955,7.9818975960024545,4.701320027199472,7.524401547469097
2025-10-07 16:12:40.068,5.578878475551392,7.9824504135995085,4.700846183544854,7.523216938332553
2025-10-07 16:12:40.280,5.578957449493828,7.982924257254126,4.700688235659982,7.52305899044768
2025-10-07 16:12:40.491,5.579510267090882,7.982924257254126,4.700451313832673,7.5240066777569155
2025-10-07 16:12:40.703,5.578878475551392,7.981265804462964,4.7006092617175455,7.52369078198717
2025-10-07 16:12:40.915,5.578325657954338,7.981423752347837,4.703373349702815,7.525981026317822
2025-10-07 16:12:41.126,5.578720527666519,7.9810288826356555,4.70305745393307,7.525033339008587
2025-10-07 16:12:41.338,5.578799501608955,7.982766309369254,4.700451313832673,7.524559495353969
2025-10-07 16:12:41.550,5.579273345263573,7.982134517829763,4.703373349702815,7.526612817857313
2025-10-07 16:12:41.761,5.579036423436264,7.981581700232709,4.701320027199472,7.526060000260259
2025-10-07 16:12:41.970,5.578720527666519,7.982055543887327,4.700767209602418,7.526375896030004
2025-10-07 16:12:42.182,5.578404631896774,7.980239143211293,4.701162079314599,7.526375896030004
2025-10-07 16:12:42.393,5.578878475551392,7.982134517829763,4.701556949026781,7.527402557281675
2025-10-07 16:12:42.605,5.579510267090882,7.9822134917722,4.701004131429727,7.526138974202695
2025-10-07 16:12:42.816,5.578878475551392,7.982055543887327,4.703531297587688,7.525507182663205
2025-10-07 16:12:43.028,5.579589241033318,7.982371439657072,4.701399001141908,7.526375896030004
2025-10-07 16:12:43.240,5.578799501608955,7.981344778405401,4.7002933659478,7.526375896030004
2025-10-07 16:12:43.451,5.5794312931484455,7.980870934750783,4.701556949026781,7.527402557281675
2025-10-07 16:12:43.664,5.579036423436264,7.983240153023871,4.702662584220889,7.527244609396803
2025-10-07 16:12:43.875,5.580221032572808,7.9818975960024545,4.701951818738962,7.5268497396846215
2025-10-07 16:12:44.084,5.579510267090882,7.981265804462964,4.701241053257036,7.527244609396803
2025-10-07 16:12:44.296,5.578799501608955,7.982055543887327,4.701004131429727,7.527323583339239
2025-10-07 16:12:44.507,5.578641553724083,7.982529387541945,4.701635922969217,7.528508192475783
2025-10-07 16:12:44.719,5.578957449493828,7.983082205138999,4.7028995060481975,7.5277184530514205
2025-10-07 16:12:44.930,5.578957449493828,7.9818975960024545,4.700767209602418,7.529534853727455
2025-10-07 16:12:45.141,5.579194371321137,7.982766309369254,4.701241053257036,7.52858716641822
2025-10-07 16:12:45.353,5.578878475551392,7.982055543887327,4.703136427875506,7.528113322763602
2025-10-07 16:12:45.564,5.578720527666519,7.982055543887327,4.700846183544854,7.528903062187965
2025-10-07 16:12:45.776,5.578720527666519,7.98284528331169,4.701083105372163,7.530087671324509
2025-10-07 16:12:45.989,5.579273345263573,7.981107856578092,4.701241053257036,7.52921895795771
2025-10-07 16:12:46.201,5.5785625797816465,7.983240153023871,4.700925157487291,7.52858716641822
2025-10-07 16:12:46.411,5.578799501608955,7.981660674175146,4.7014779750843445,7.530087671324509
2025-10-07 16:12:46.623,5.5794312931484455,7.981581700232709,4.700767209602418,7.529376905842582
2025-10-07 16:12:46.834,5.578799501608955,7.980949908693219,4.700767209602418,7.5298507494972
2025-10-07 16:12:47.044,5.578325657954338,7.9822134917722,4.701556949026781,7.530956384691308
2025-10-07 16:12:47.255,5.579036423436264,7.981107856578092,4.700530287775109,7.531509202288362
2025-10-07 16:12:47.467,5.580221032572808,7.981739648117582,4.700767209602418,7.530640488921563
2025-10-07 16:12:47.678,5.578957449493828,7.982055543887327,4.701241053257036,7.530798436806435
2025-10-07 16:12:47.890,5.578799501608955,7.981265804462964,4.701714896911653,7.531430228345926
2025-10-07 16:12:48.101,5.578957449493828,7.982292465714636,4.7014779750843445,7.530956384691308
2025-10-07 16:12:48.313,5.579036423436264,7.982292465714636,4.703294375760379,7.532772785367342
2025-10-07 16:12:48.524,5.5791153973787,7.981739648117582,4.702188740566271,7.531272280461053
2025-10-07 16:12:48.735,5.580378980457681,7.982766309369254,4.701399001141908,7.531746124115671
2025-10-07 16:12:48.947,5.5791153973787,7.982292465714636,4.703531297587688,7.532456889597597
2025-10-07 16:12:49.158,5.578957449493828,7.981186830520528,4.701399001141908,7.531509202288362
2025-10-07 16:12:49.369,5.580142058630372,7.981581700232709,4.701241053257036,7.53261483748247
2025-10-07 16:12:49.581,5.578720527666519,7.9818975960024545,4.701241053257036,7.532456889597597
2025-10-07 16:12:49.793,5.579905136803063,7.982134517829763,4.701320027199472,7.53324662902196
2025-10-07 16:12:50.003,5.580221032572808,7.982292465714636,4.700530287775109,7.532851759309779
2025-10-07 16:12:50.214,5.579273345263573,7.981581700232709,4.701399001141908,7.533720472676578
2025-10-07 16:12:50.426,5.579668214975754,7.9822134917722,4.701241053257036,7.533641498734141
2025-10-07 16:12:50.638,5.578799501608955,7.981502726290273,4.701083105372163,7.534668159985813
2025-10-07 16:12:50.850,5.579352319206009,7.981581700232709,4.703531297587688,7.53387842056145
2025-10-07 16:12:51.063,5.579510267090882,7.983003231196562,4.700925157487291,7.5334045769068325
2025-10-07 16:12:51.274,5.580457954400117,7.9824504135995085,4.701714896911653,7.534194316331195
2025-10-07 16:12:51.486,5.580063084687936,7.982292465714636,4.701241053257036,7.534115342388759
2025-10-07 16:12:51.697,5.579668214975754,7.981502726290273,4.701320027199472,7.534115342388759
2025-10-07 16:12:51.909,5.580300006515245,7.982371439657072,4.701241053257036,7.535220977582867
2025-10-07 16:12:52.121,5.5791153973787,7.983556048793616,4.701320027199472,7.535694821237485
2025-10-07 16:12:52.332,5.5799841107454995,7.982687335426817,4.701320027199472,7.536958404316465
2025-10-07 16:12:52.543,5.5794312931484455,7.981660674175146,4.7034523236452515,7.534984055755558
2025-10-07 16:12:52.754,5.579510267090882,7.981502726290273,4.701399001141908,7.535773795179921
2025-10-07 16:12:52.966,5.5791153973787,7.982529387541945,4.703136427875506,7.536958404316465
2025-10-07 16:12:53.177,5.580221032572808,7.982371439657072,4.702109766623835,7.535220977582867
2025-10-07 16:12:53.388,5.580063084687936,7.981581700232709,4.701241053257036,7.536484560661847
2025-10-07 16:12:53.600,5.5794312931484455,7.980555038981038,4.701241053257036,7.538143013453009
2025-10-07 16:12:53.811,5.579194371321137,7.982608361484381,4.702741558163325,7.537116352201338
2025-10-07 16:12:54.022,5.579510267090882,7.981581700232709,4.703610271530124,7.537748143740828
2025-10-07 16:12:54.234,5.580457954400117,7.982292465714636,4.701399001141908,7.536958404316465
2025-10-07 16:12:54.446,5.5794312931484455,7.982055543887327,4.7006092617175455,7.537116352201338
2025-10-07 16:12:54.658,5.578957449493828,7.981186830520528,4.703531297587688,7.537037378258901
2025-10-07 16:12:54.869,5.579510267090882,7.981344778405401,4.701399001141908,7.538143013453009
2025-10-07 16:12:55.082,5.5799841107454995,7.982687335426817,4.701635922969217,7.536958404316465
2025-10-07 16:12:55.293,5.579589241033318,7.981976569944891,4.701399001141908,7.538537883165191
2025-10-07 16:12:55.504,5.579036423436264,7.982687335426817,4.70368924547256,7.539327622589553
2025-10-07 16:12:55.716,5.579905136803063,7.981739648117582,4.702583610278452,7.538300961337882
2025-10-07 16:12:55.927,5.579510267090882,7.981739648117582,4.701083105372163,7.538616857107627
2025-10-07 16:12:56.139,5.5794312931484455,7.9824504135995085,4.703926167299869,7.538774804992499
2025-10-07 16:12:56.352,5.579036423436264,7.981818622060018,4.7034523236452515,7.538695831050063
2025-10-07 16:12:56.563,5.579510267090882,7.980791960808347,4.701320027199472,7.538853778934936
2025-10-07 16:12:56.774,5.579668214975754,7.981423752347837,4.701951818738962,7.539327622589553
2025-10-07 16:12:56.986,5.5794312931484455,7.982371439657072,4.7028995060481975,7.539959414129044
2025-10-07 16:12:57.198,5.5794312931484455,7.981581700232709,4.7020307926813985,7.539327622589553
2025-10-07 16:12:57.409,5.579668214975754,7.98284528331169,4.701556949026781,7.540354283841225
2025-10-07 16:12:57.621,5.578878475551392,7.9810288826356555,4.7014779750843445,7.539722492301735
2025-10-07 16:12:57.833,5.579194371321137,7.981581700232709,4.703215401817943,7.540275309898789
2025-10-07 16:12:58.044,5.579352319206009,7.982134517829763,4.701714896911653,7.540828127495843
2025-10-07 16:12:58.255,5.578957449493828,7.981739648117582,4.701399001141908,7.542960423941622
2025-10-07 16:12:58.467,5.579273345263573,7.981818622060018,4.700925157487291,7.54130197115046
2025-10-07 16:12:58.679,5.580536928342553,7.9818975960024545,4.70368924547256,7.5405122317260975
2025-10-07 16:12:58.892,5.579589241033318,7.980870934750783,4.702109766623835,7.541222997208024
2025-10-07 16:12:59.103,5.579194371321137,7.981265804462964,4.702978479990634,7.541459919035333
2025-10-07 16:12:59.315,5.579668214975754,7.981344778405401,4.70242566239358,7.540907101438279
2025-10-07 16:12:59.526,5.579747188918191,7.981265804462964,4.701083105372163,7.542012736632387
2025-10-07 16:12:59.737,5.580142058630372,7.9818975960024545,4.701241053257036,7.54130197115046
2025-10-07 16:12:59.949,5.579352319206009,7.980949908693219,4.701872844796526,7.542723502114313
2025-10-07 16:13:00.160,5.5794312931484455,7.9818975960024545,4.701320027199472,7.542565554229441
2025-10-07 16:13:00.373,5.580142058630372,7.9822134917722,4.7014779750843445,7.543118371826495
2025-10-07 16:13:00.586,5.580773850169862,7.983161179081435,4.701320027199472,7.543829137308421
2025-10-07 16:13:00.797,5.579668214975754,7.982687335426817,4.70179387085409,7.543197345768931
2025-10-07 16:13:01.010,5.579747188918191,7.981660674175146,4.703531297587688,7.542881449999186
2025-10-07 16:13:01.221,5.579589241033318,7.982134517829763,4.7014779750843445,7.543197345768931
2025-10-07 16:13:01.432,5.579194371321137,7.984187840333107,4.702188740566271,7.543750163365985
2025-10-07 16:13:01.644,5.579510267090882,7.982924257254126,4.7014779750843445,7.543829137308421
2025-10-07 16:13:01.856,5.580063084687936,7.982292465714636,4.701320027199472,7.544381954905475
2025-10-07 16:13:02.067,5.580063084687936,7.982529387541945,4.701714896911653,7.544224007020603
2025-10-07 16:13:02.278,5.580142058630372,7.9818975960024545,4.701241053257036,7.543987085193294
2025-10-07 16:13:02.491,5.5799841107454995,7.982371439657072,4.701714896911653,7.545013746444965
2025-10-07 16:13:02.703,5.579589241033318,7.9818975960024545,4.703847193357433,7.545803485869328
2025-10-07 16:13:02.914,5.579905136803063,7.981581700232709,4.702504636336016,7.545408616157147
2025-10-07 16:13:03.125,5.579747188918191,7.981739648117582,4.701556949026781,7.544855798560093
2025-10-07 16:13:03.337,5.579668214975754,7.981976569944891,4.704400010954487,7.545250668272274
2025-10-07 16:13:03.549,5.580300006515245,7.981818622060018,4.701635922969217,7.545645537984456
2025-10-07 16:13:03.761,5.580536928342553,7.980791960808347,4.701635922969217,7.545487590099583
2025-10-07 16:13:03.973,5.579589241033318,7.981502726290273,4.701635922969217,7.546435277408818
2025-10-07 16:13:04.185,5.579747188918191,7.981739648117582,4.702978479990634,7.545803485869328
2025-10-07 16:13:04.397,5.579589241033318,7.981581700232709,4.704005141242305,7.54809373019998
2025-10-07 16:13:04.609,5.58061590228499,7.982055543887327,4.702504636336016,7.546672199236127
2025-10-07 16:13:04.822,5.5794312931484455,7.981107856578092,4.701241053257036,7.546356303466382
2025-10-07 16:13:05.033,5.5794312931484455,7.981186830520528,4.7020307926813985,7.5481727041424165
2025-10-07 16:13:05.245,5.580457954400117,7.983082205138999,4.701556949026781,7.546277329523946
2025-10-07 16:13:05.457,5.579668214975754,7.9818975960024545,4.702662584220889,7.546988095005872
2025-10-07 16:13:05.669,5.579905136803063,7.981739648117582,4.7014779750843445,7.54746193866049
2025-10-07 16:13:05.880,5.579668214975754,7.981423752347837,4.7034523236452515,7.548883469624343
2025-10-07 16:13:06.092,5.579589241033318,7.981581700232709,4.70179387085409,7.547540912602926
2025-10-07 16:13:06.304,5.580063084687936,7.981344778405401,4.701872844796526,7.547540912602926
2025-10-07 16:13:06.517,5.579036423436264,7.980239143211293,4.70242566239358,7.548488599912162
2025-10-07 16:13:06.729,5.579747188918191,7.9824504135995085,4.701556949026781,7.548883469624343
2025-10-07 16:13:06.940,5.58061590228499,7.981344778405401,4.701399001141908,7.5481727041424165
2025-10-07 16:13:07.150,5.579589241033318,7.982371439657072,4.702741558163325,7.549673209048706
2025-10-07 16:13:07.361,5.579273345263573,7.982292465714636,4.701872844796526,7.549120391451652
2025-10-07 16:13:07.574,5.579668214975754,7.982529387541945,4.7020307926813985,7.549989104818451
2025-10-07 16:13:07.785,5.580773850169862,7.9818975960024545,4.701951818738962,7.5495942351062695
2025-10-07 16:13:07.996,5.58061590228499,7.981423752347837,4.701951818738962,7.551094740012559
2025-10-07 16:13:08.207,5.580694876227426,7.981423752347837,4.701241053257036,7.550778844242814
2025-10-07 16:13:08.419,5.579826162860627,7.980870934750783,4.701004131429727,7.550305000588196
2025-10-07 16:13:08.631,5.580142058630372,7.982371439657072,4.702820532105761,7.550383974530632
2025-10-07 16:13:08.843,5.58061590228499,7.981818622060018,4.70242566239358,7.5504629484730685
2025-10-07 16:13:09.053,5.579905136803063,7.981186830520528,4.703215401817943,7.551568583667176
2025-10-07 16:13:09.265,5.580931798054735,7.982292465714636,4.704084115184742,7.550936792127686
2025-10-07 16:13:09.476,5.579747188918191,7.982924257254126,4.702109766623835,7.550936792127686
2025-10-07 16:13:09.689,5.579826162860627,7.982292465714636,4.701872844796526,7.551805505494485
2025-10-07 16:13:09.899,5.580300006515245,7.982371439657072,4.701635922969217,7.551410635782304
2025-10-07 16:13:10.111,5.580378980457681,7.982687335426817,4.702583610278452,7.552042427321794
2025-10-07 16:13:10.323,5.580457954400117,7.981581700232709,4.701556949026781,7.551410635782304
2025-10-07 16:13:10.537,5.580142058630372,7.9824504135995085,4.702346688451144,7.5524372970339755
2025-10-07 16:13:10.749,5.580457954400117,7.981186830520528,4.701951818738962,7.552042427321794
2025-10-07 16:13:10.961,5.580931798054735,7.981660674175146,4.704400010954487,7.551805505494485
2025-10-07 16:13:11.173,5.579589241033318,7.982371439657072,4.7014779750843445,7.554490619537319
2025-10-07 16:13:11.384,5.579747188918191,7.981976569944891,4.702267714508707,7.553463958285647
2025-10-07 16:13:11.595,5.580221032572808,7.9810288826356555,4.702741558163325,7.553384984343211
2025-10-07 16:13:11.807,5.5799841107454995,7.982371439657072,4.701399001141908,7.553542932228083
2025-10-07 16:13:12.018,5.579826162860627,7.983082205138999,4.701714896911653,7.554964463191936
2025-10-07 16:13:12.230,5.580142058630372,7.98284528331169,4.702741558163325,7.55425369771001
2025-10-07 16:13:12.441,5.579668214975754,7.981976569944891,4.70242566239358,7.553384984343211
2025-10-07 16:13:12.652,5.580221032572808,7.983003231196562,4.703294375760379,7.554174723767574
2025-10-07 16:13:12.863,5.580063084687936,7.981186830520528,4.7020307926813985,7.554095749825137
2025-10-07 16:13:13.076,5.580378980457681,7.981423752347837,4.701635922969217,7.5561490723284805
2025-10-07 16:13:13.287,5.579826162860627,7.981976569944891,4.704005141242305,7.555043437134373
2025-10-07 16:13:13.498,5.580142058630372,7.981581700232709,4.70179387085409,7.5548854892495
2025-10-07 16:13:13.710,5.5808528241122985,7.981502726290273,4.701951818738962,7.555833176558735
2025-10-07 16:13:13.921,5.580221032572808,7.982371439657072,4.70179387085409,7.555596254731427
2025-10-07 16:13:14.134,5.580221032572808,7.982529387541945,4.701556949026781,7.555359332904118
2025-10-07 16:13:14.346,5.580221032572808,7.981976569944891,4.702188740566271,7.556070098386044
2025-10-07 16:13:14.557,5.58061590228499,7.982292465714636,4.70305745393307,7.556228046270917
2025-10-07 16:13:14.769,5.579905136803063,7.9824504135995085,4.702109766623835,7.556464968098226
2025-10-07 16:13:14.980,5.580378980457681,7.9822134917722,4.70179387085409,7.555991124443608
2025-10-07 16:13:15.191,5.580457954400117,7.981186830520528,4.702346688451144,7.557096759637716
2025-10-07 16:13:15.403,5.5814056417093525,7.981265804462964,4.701556949026781,7.556938811752843
2025-10-07 16:13:15.615,5.5794312931484455,7.981265804462964,4.702820532105761,7.557254707522588
2025-10-07 16:13:15.826,5.581010771997171,7.9810288826356555,4.701556949026781,7.557096759637716
2025-10-07 16:13:16.038,5.580378980457681,7.981423752347837,4.7014779750843445,7.557807525119642
2025-10-07 16:13:16.251,5.5799841107454995,7.981976569944891,4.702267714508707,7.559465977910804
2025-10-07 16:13:16.463,5.580536928342553,7.981581700232709,4.702109766623835,7.558834186371314
2025-10-07 16:13:16.675,5.580378980457681,7.982134517829763,4.701714896911653,7.557807525119642
2025-10-07 16:13:16.886,5.580457954400117,7.981660674175146,4.701399001141908,7.558439316659133
2025-10-07 16:13:17.097,5.579905136803063,7.981818622060018,4.702504636336016,7.558834186371314
2025-10-07 16:13:17.309,5.580773850169862,7.981976569944891,4.702188740566271,7.560097769450294
2025-10-07 16:13:17.521,5.580536928342553,7.9824504135995085,4.7020307926813985,7.558518290601569
2025-10-07 16:13:17.733,5.580378980457681,7.982292465714636,4.701635922969217,7.559229056083495
2025-10-07 16:13:17.944,5.5799841107454995,7.981976569944891,4.703531297587688,7.559229056083495
2025-10-07 16:13:18.156,5.581168719882044,7.982292465714636,4.7043210370120505,7.560097769450294
2025-10-07 16:13:18.366,5.580378980457681,7.981107856578092,4.704557958839359,7.559623925795677
2025-10-07 16:13:18.578,5.579905136803063,7.981423752347837,4.7020307926813985,7.560729560989785
2025-10-07 16:13:18.789,5.580536928342553,7.9818975960024545,4.702820532105761,7.560808534932221
2025-10-07 16:13:19.001,5.580536928342553,7.981660674175146,4.702504636336016,7.559860847622986
2025-10-07 16:13:19.212,5.580378980457681,7.981739648117582,4.702820532105761,7.5609664828170935
2025-10-07 16:13:19.425,5.580142058630372,7.983398100908744,4.70242566239358,7.560334691277603
2025-10-07 16:13:19.636,5.580063084687936,7.982687335426817,4.702267714508707,7.560492639162476
2025-10-07 16:13:19.849,5.580536928342553,7.981739648117582,4.704636932781796,7.561124430701966
2025-10-07 16:13:20.061,5.581168719882044,7.981660674175146,4.704084115184742,7.562466987723383
2025-10-07 16:13:20.272,5.5808528241122985,7.982292465714636,4.701951818738962,7.561361352529275
2025-10-07 16:13:20.483,5.580457954400117,7.981739648117582,4.704715906724232,7.563019805320437
2025-10-07 16:13:20.695,5.580694876227426,7.981107856578092,4.704400010954487,7.561914170126329
2025-10-07 16:13:20.906,5.580931798054735,7.982371439657072,4.704794880666668,7.562782883493128
2025-10-07 16:13:21.119,5.580300006515245,7.981502726290273,4.702188740566271,7.562230065896074
2025-10-07 16:13:21.331,5.580457954400117,7.982055543887327,4.703215401817943,7.562782883493128
2025-10-07 16:13:21.542,5.5808528241122985,7.982134517829763,4.702267714508707,7.562072118011201
2025-10-07 16:13:21.754,5.581010771997171,7.981107856578092,4.704005141242305,7.563414675032618
2025-10-07 16:13:21.965,5.58061590228499,7.982134517829763,4.704636932781796,7.563098779262873
2025-10-07 16:13:22.178,5.581563589594225,7.981107856578092,4.703294375760379,7.563335701090182
2025-10-07 16:13:22.388,5.580221032572808,7.981344778405401,4.702188740566271,7.563651596859927
2025-10-07 16:13:22.599,5.580536928342553,7.9818975960024545,4.70242566239358,7.563098779262873
2025-10-07 16:13:22.811,5.58061590228499,7.981265804462964,4.702583610278452,7.5638095447447995
2025-10-07 16:13:23.022,5.581168719882044,7.981976569944891,4.70305745393307,7.5632567271477456
2025-10-07 16:13:23.234,5.58124769382448,7.981265804462964,4.70242566239358,7.564046466572108
2025-10-07 16:13:23.445,5.580457954400117,7.982134517829763,4.702188740566271,7.564362362341853
2025-10-07 16:13:23.654,5.579747188918191,7.982924257254126,4.702504636336016,7.564915179938907
2025-10-07 16:13:23.866,5.581168719882044,7.982292465714636,4.704084115184742,7.564836205996471
2025-10-07 16:13:24.077,5.580931798054735,7.983003231196562,4.704715906724232,7.564599284169162
2025-10-07 16:13:24.289,5.58124769382448,7.981581700232709,4.702662584220889,7.565546971478398
2025-10-07 16:13:24.501,5.580931798054735,7.9822134917722,4.702583610278452,7.565152101766216
2025-10-07 16:13:24.712,5.5808528241122985,7.982292465714636,4.702978479990634,7.56570491936327
2025-10-07 16:13:24.924,5.580457954400117,7.982766309369254,4.702267714508707,7.567047476384687
2025-10-07 16:13:25.136,5.580536928342553,7.980791960808347,4.702978479990634,7.566415684845197
2025-10-07 16:13:25.347,5.5814056417093525,7.981739648117582,4.70242566239358,7.566415684845197
2025-10-07 16:13:25.558,5.580457954400117,7.981107856578092,4.703136427875506,7.566257736960324
2025-10-07 16:13:25.769,5.580773850169862,7.98284528331169,4.702583610278452,7.566810554557378
2025-10-07 16:13:25.981,5.580378980457681,7.984029892448234,4.702583610278452,7.566889528499814
2025-10-07 16:13:26.193,5.580378980457681,7.982055543887327,4.702346688451144,7.567758241866613
2025-10-07 16:13:26.404,5.580457954400117,7.9818975960024545,4.7020307926813985,7.567205424269559
2025-10-07 16:13:26.616,5.580142058630372,7.981502726290273,4.702188740566271,7.567758241866613
2025-10-07 16:13:26.827,5.580457954400117,7.981976569944891,4.702346688451144,7.569416694657775
2025-10-07 16:13:27.039,5.580300006515245,7.982292465714636,4.702188740566271,7.567442346096868
2025-10-07 16:13:27.251,5.5808528241122985,7.982134517829763,4.70518975037885,7.567758241866613
2025-10-07 16:13:27.463,5.580931798054735,7.981107856578092,4.703215401817943,7.567995163693922
2025-10-07 16:13:27.674,5.58061590228499,7.9822134917722,4.703531297587688,7.570206434082138
2025-10-07 16:13:27.885,5.580536928342553,7.981423752347837,4.70305745393307,7.569890538312393
2025-10-07 16:13:28.096,5.58061590228499,7.981265804462964,4.705426672206158,7.569337720715339
2025-10-07 16:13:28.307,5.582353329018588,7.9818975960024545,4.7020307926813985,7.570759251679192
2025-10-07 16:13:28.519,5.581010771997171,7.980397091096165,4.702662584220889,7.569337720715339
2025-10-07 16:13:28.730,5.580378980457681,7.981739648117582,4.7034523236452515,7.569337720715339
2025-10-07 16:13:28.941,5.582116407191279,7.981186830520528,4.7028995060481975,7.5709171995640645
2025-10-07 16:13:29.153,5.581563589594225,7.9818975960024545,4.7028995060481975,7.570285408024574
2025-10-07 16:13:29.364,5.5814056417093525,7.981502726290273,4.702978479990634,7.56973259042752
2025-10-07 16:13:29.575,5.58124769382448,7.980949908693219,4.702583610278452,7.572101808700609
2025-10-07 16:13:29.787,5.581484615651789,7.983003231196562,4.703136427875506,7.571154121391373
2025-10-07 16:13:29.998,5.580931798054735,7.9824504135995085,4.702267714508707,7.570522329851883
2025-10-07 16:13:30.210,5.581010771997171,7.982055543887327,4.70242566239358,7.571391043218682
2025-10-07 16:13:30.421,5.580773850169862,7.983161179081435,4.702978479990634,7.571075147448937
2025-10-07 16:13:30.632,5.580694876227426,7.983082205138999,4.705110776436413,7.571548991103555
2025-10-07 16:13:30.843,5.581563589594225,7.983398100908744,4.702504636336016,7.571075147448937
2025-10-07 16:13:31.056,5.58124769382448,7.9824504135995085,4.702188740566271,7.5714700171611184
2025-10-07 16:13:31.267,5.58124769382448,7.981265804462964,4.702267714508707,7.572101808700609
2025-10-07 16:13:31.479,5.580694876227426,7.9810288826356555,4.702741558163325,7.5737602614917705
2025-10-07 16:13:31.690,5.580773850169862,7.982292465714636,4.703531297587688,7.572417704470354
2025-10-07 16:13:31.902,5.581010771997171,7.9824504135995085,4.705505646148595,7.573839235434207
2025-10-07 16:13:32.112,5.5814056417093525,7.982371439657072,4.703136427875506,7.57312846995228
2025-10-07 16:13:32.324,5.581089745939607,7.982292465714636,4.702820532105761,7.573049496009844
2025-10-07 16:13:32.535,5.58061590228499,7.981976569944891,4.703294375760379,7.572970522067408
2025-10-07 16:13:32.746,5.581721537479098,7.981739648117582,4.702188740566271,7.5728915481249715
2025-10-07 16:13:32.958,5.58124769382448,7.981502726290273,4.7028995060481975,7.5737602614917705
2025-10-07 16:13:33.170,5.581089745939607,7.981107856578092,4.705426672206158,7.574076157261516
2025-10-07 16:13:33.381,5.581168719882044,7.9824504135995085,4.70305745393307,7.574155131203952
2025-10-07 16:13:33.592,5.580536928342553,7.982055543887327,4.702583610278452,7.574076157261516
2025-10-07 16:13:33.803,5.580378980457681,7.981344778405401,4.703768219414997,7.574076157261516
2025-10-07 16:13:34.015,5.581168719882044,7.981502726290273,4.702978479990634,7.574471026973697
2025-10-07 16:13:34.227,5.580773850169862,7.981976569944891,4.702267714508707,7.574865896685878
2025-10-07 16:13:34.438,5.58124769382448,7.981344778405401,4.703294375760379,7.575971531879986
2025-10-07 16:13:34.649,5.5814056417093525,7.981265804462964,4.704715906724232,7.575339740340496
2025-10-07 16:13:34.860,5.580694876227426,7.982134517829763,4.703215401817943,7.575655636110241
2025-10-07 16:13:35.071,5.582116407191279,7.980870934750783,4.703136427875506,7.5751817924556235
2025-10-07 16:13:35.282,5.5808528241122985,7.981739648117582,4.705110776436413,7.57526076639806
2025-10-07 16:13:35.493,5.580773850169862,7.981265804462964,4.7028995060481975,7.576129479764859
2025-10-07 16:13:35.705,5.580536928342553,7.981265804462964,4.7034523236452515,7.576445375534604
2025-10-07 16:13:35.917,5.581563589594225,7.9822134917722,4.702583610278452,7.57652434947704
2025-10-07 16:13:36.127,5.5808528241122985,7.981186830520528,4.704478984896923,7.576919219189222
2025-10-07 16:13:36.340,5.580378980457681,7.981423752347837,4.702583610278452,7.576682297361913
2025-10-07 16:13:36.550,5.581721537479098,7.9818975960024545,4.702978479990634,7.577077167074094
2025-10-07 16:13:36.762,5.580931798054735,7.981818622060018,4.702662584220889,7.5771561410165305
2025-10-07 16:13:36.973,5.581168719882044,7.981502726290273,4.703215401817943,7.578972541692565
2025-10-07 16:13:37.185,5.58124769382448,7.981976569944891,4.70242566239358,7.577393062843839
2025-10-07 16:13:37.397,5.5808528241122985,7.981265804462964,4.70305745393307,7.578103828325766
2025-10-07 16:13:37.607,5.5808528241122985,7.983556048793616,4.703136427875506,7.578103828325766
2025-10-07 16:13:37.818,5.581642563536661,7.981107856578092,4.702583610278452,7.5780248543833295
2025-10-07 16:13:38.029,5.580931798054735,7.981976569944891,4.70368924547256,7.578814593807692
2025-10-07 16:13:38.241,5.581326667766916,7.9818975960024545,4.702820532105761,7.5785776719803835
2025-10-07 16:13:38.451,5.580773850169862,7.981976569944891,4.70305745393307,7.57928843746231
2025-10-07 16:13:38.662,5.581326667766916,7.981660674175146,4.703294375760379,7.578814593807692
2025-10-07 16:13:38.874,5.5814056417093525,7.981265804462964,4.70368924547256,7.580946890253472
2025-10-07 16:13:39.085,5.581089745939607,7.982371439657072,4.703373349702815,7.580394072656418
2025-10-07 16:13:39.297,5.581168719882044,7.981344778405401,4.7034523236452515,7.580788942368599
2025-10-07 16:13:39.507,5.5808528241122985,7.9833191269663075,4.702662584220889,7.581657655735398
2025-10-07 16:13:39.718,5.5814056417093525,7.9824504135995085,4.70242566239358,7.5799202290018
2025-10-07 16:13:39.930,5.5808528241122985,7.982924257254126,4.70305745393307,7.580709968426163
2025-10-07 16:13:40.141,5.58124769382448,7.981739648117582,4.7028995060481975,7.580473046598854
2025-10-07 16:13:40.353,5.5814056417093525,7.980870934750783,4.702662584220889,7.5808679163110355
2025-10-07 16:13:40.563,5.5808528241122985,7.981976569944891,4.7034523236452515,7.580946890253472
2025-10-07 16:13:40.774,5.5814056417093525,7.981502726290273,4.705505646148595,7.580946890253472
2025-10-07 16:13:40.985,5.5808528241122985,7.981265804462964,4.703136427875506,7.581025864195908
2025-10-07 16:13:41.197,5.580931798054735,7.983003231196562,4.702741558163325,7.581025864195908
2025-10-07 16:13:41.408,5.581168719882044,7.982371439657072,4.70305745393307,7.581894577562707
2025-10-07 16:13:41.619,5.581642563536661,7.9822134917722,4.702978479990634,7.581104838138344
2025-10-07 16:13:41.830,5.581168719882044,7.982292465714636,4.705031802493977,7.58268431698707
2025-10-07 16:13:42.041,5.581010771997171,7.982608361484381,4.704636932781796,7.5828422648719425
2025-10-07 16:13:42.253,5.581010771997171,7.981739648117582,4.705110776436413,7.583474056411433
2025-10-07 16:13:42.464,5.582590250845897,7.982292465714636,4.70305745393307,7.5837109782387415
2025-10-07 16:13:42.675,5.581010771997171,7.981660674175146,4.703294375760379,7.583553030353869
2025-10-07 16:13:42.886,5.581484615651789,7.981581700232709,4.705110776436413,7.583079186699251
2025-10-07 16:13:43.098,5.581800511421534,7.982608361484381,4.7043210370120505,7.583474056411433
2025-10-07 16:13:43.309,5.581168719882044,7.9824504135995085,4.7034523236452515,7.58544840497234
2025-10-07 16:13:43.520,5.580773850169862,7.982371439657072,4.704005141242305,7.583079186699251
2025-10-07 16:13:43.731,5.581642563536661,7.981739648117582,4.706532307400266,7.584184821893359
2025-10-07 16:13:43.942,5.581484615651789,7.982292465714636,4.705505646148595,7.5837109782387415
2025-10-07 16:13:44.153,5.581642563536661,7.981739648117582,4.704478984896923,7.584737639490413
2025-10-07 16:13:44.365,5.5822743550761516,7.9818975960024545,4.703926167299869,7.5842637958357955
2025-10-07 16:13:44.576,5.581484615651789,7.981423752347837,4.703610271530124,7.584974561317722
2025-10-07 16:13:44.787,5.581089745939607,7.982055543887327,4.702978479990634,7.5865540401664475
2025-10-07 16:13:44.998,5.581089745939607,7.982608361484381,4.703768219414997,7.584816613432849
2025-10-07 16:13:45.209,5.58124769382448,7.982371439657072,4.703373349702815,7.585843274684521
2025-10-07 16:13:45.421,5.5822743550761516,7.981818622060018,4.703136427875506,7.586396092281575
2025-10-07 16:13:45.632,5.581563589594225,7.981976569944891,4.703847193357433,7.587185831705938
2025-10-07 16:13:45.843,5.581484615651789,7.981502726290273,4.702978479990634,7.585369431029903
2025-10-07 16:13:46.054,5.5814056417093525,7.981660674175146,4.703136427875506,7.587501727475683
2025-10-07 16:13:46.266,5.581642563536661,7.98284528331169,4.703373349702815,7.586001222569394
2025-10-07 16:13:46.479,5.581721537479098,7.98347707485118,4.7034523236452515,7.586159170454266
2025-10-07 16:13:46.690,5.581563589594225,7.982292465714636,4.703768219414997,7.587185831705938
2025-10-07 16:13:46.902,5.581721537479098,7.980870934750783,4.703294375760379,7.586238144396702
2025-10-07 16:13:47.111,5.581721537479098,7.982134517829763,4.703294375760379,7.587580701418119
2025-10-07 16:13:47.323,5.580931798054735,7.981502726290273,4.7034523236452515,7.586869935936193
2025-10-07 16:13:47.536,5.581326667766916,7.982134517829763,4.703531297587688,7.589002232381972
2025-10-07 16:13:47.748,5.581563589594225,7.9818975960024545,4.704242063069614,7.588449414784918
2025-10-07 16:13:47.960,5.581484615651789,7.981976569944891,4.702978479990634,7.587580701418119
2025-10-07 16:13:48.172,5.581563589594225,7.981818622060018,4.704163089127178,7.588370440842482
2025-10-07 16:13:48.383,5.581484615651789,7.982371439657072,4.702741558163325,7.589712997863899
2025-10-07 16:13:48.595,5.581168719882044,7.982055543887327,4.704400010954487,7.5885283887273545
2025-10-07 16:13:48.806,5.5814056417093525,7.9824504135995085,4.705347698263722,7.588370440842482
2025-10-07 16:13:49.017,5.582353329018588,7.980791960808347,4.70518975037885,7.589318128151717
2025-10-07 16:13:49.229,5.581563589594225,7.981344778405401,4.703373349702815,7.58947607603659
2025-10-07 16:13:49.441,5.581326667766916,7.98284528331169,4.703610271530124,7.588923258439536
2025-10-07 16:13:49.652,5.581800511421534,7.982292465714636,4.704005141242305,7.5899499196912075
2025-10-07 16:13:49.864,5.581484615651789,7.981502726290273,4.70368924547256,7.590976580942879
2025-10-07 16:13:50.077,5.581484615651789,7.981739648117582,4.7043210370120505,7.59010786757608
2025-10-07 16:13:50.290,5.581010771997171,7.9824504135995085,4.703926167299869,7.59073965911557
2025-10-07 16:13:50.502,5.582432302961024,7.981265804462964,4.702820532105761,7.589712997863899
2025-10-07 16:13:50.714,5.581326667766916,7.982134517829763,4.703373349702815,7.590423763345825
2025-10-07 16:13:50.925,5.581642563536661,7.982529387541945,4.7028995060481975,7.591845294309678
2025-10-07 16:13:51.139,5.580931798054735,7.981818622060018,4.702978479990634,7.590423763345825
2025-10-07 16:13:51.352,5.581800511421534,7.982055543887327,4.704084115184742,7.591529398539933
2025-10-07 16:13:51.563,5.581484615651789,7.982134517829763,4.703610271530124,7.590976580942879
2025-10-07 16:13:51.774,5.581721537479098,7.982766309369254,4.703847193357433,7.592477085849168
2025-10-07 16:13:51.985,5.582195381133715,7.982766309369254,4.7057425679759035,7.591529398539933
2025-10-07 16:13:52.199,5.581642563536661,7.981344778405401,4.703136427875506,7.593266825273531
2025-10-07 16:13:52.410,5.581642563536661,7.982292465714636,4.703531297587688,7.5936616949857125
2025-10-07 16:13:52.621,5.583064094500514,7.9824504135995085,4.704005141242305,7.592398111906732
2025-10-07 16:13:52.833,5.5814056417093525,7.981660674175146,4.705900515860776,7.5922401640218595
2025-10-07 16:13:53.044,5.581563589594225,7.981502726290273,4.70368924547256,7.592556059791605
2025-10-07 16:13:53.255,5.5828271726732055,7.982371439657072,4.704794880666668,7.593819642870585
2025-10-07 16:13:53.466,5.582669224788333,7.9824504135995085,4.704005141242305,7.593029903446222
2025-10-07 16:13:53.678,5.581800511421534,7.9818975960024545,4.703531297587688,7.593740668928149
2025-10-07 16:13:53.889,5.581800511421534,7.981107856578092,4.705426672206158,7.59413553864033
2025-10-07 16:13:54.100,5.581484615651789,7.9824504135995085,4.704163089127178,7.594451434410075
2025-10-07 16:13:54.312,5.582195381133715,7.982292465714636,4.703610271530124,7.59413553864033
2025-10-07 16:13:54.523,5.58124769382448,7.981660674175146,4.704952828551541,7.593977590755458
2025-10-07 16:13:54.735,5.581800511421534,7.981423752347837,4.70368924547256,7.594688356237384
2025-10-07 16:13:54.946,5.58187948536397,7.981581700232709,4.7034523236452515,7.5942145125827665
2025-10-07 16:13:55.158,5.58124769382448,7.980634012923474,4.703215401817943,7.59476733017982
2025-10-07 16:13:55.370,5.582116407191279,7.981660674175146,4.7034523236452515,7.5950832259495655
2025-10-07 16:13:55.582,5.5822743550761516,7.98284528331169,4.703531297587688,7.59476733017982
2025-10-07 16:13:55.793,5.5814056417093525,7.980870934750783,4.703373349702815,7.595793991431492
2025-10-07 16:13:56.005,5.581958459306406,7.983003231196562,4.7034523236452515,7.596741678740727
2025-10-07 16:13:56.216,5.581800511421534,7.981976569944891,4.70368924547256,7.595715017489056
2025-10-07 16:13:56.429,5.582669224788333,7.981581700232709,4.703768219414997,7.5970575745104725
2025-10-07 16:13:56.641,5.582669224788333,7.981265804462964,4.705505646148595,7.596030913258801
2025-10-07 16:13:56.852,5.582590250845897,7.981502726290273,4.703847193357433,7.5968996266256
2025-10-07 16:13:57.063,5.581642563536661,7.981502726290273,4.703768219414997,7.596346809028546
2025-10-07 16:13:57.274,5.58187948536397,7.9822134917722,4.703926167299869,7.597215522395345
2025-10-07 16:13:57.485,5.582906146615642,7.982608361484381,4.70368924547256,7.596820652683164
2025-10-07 16:13:57.696,5.5814056417093525,7.982529387541945,4.703610271530124,7.597373470280218
2025-10-07 16:13:57.907,5.582037433248843,7.981581700232709,4.70582154191834,7.597136548452909
2025-10-07 16:13:58.119,5.581642563536661,7.980949908693219,4.704084115184742,7.599031923071379
2025-10-07 16:13:58.331,5.58124769382448,7.981186830520528,4.706058463745649,7.598242183647017
2025-10-07 16:13:58.542,5.582195381133715,7.981265804462964,4.703610271530124,7.5979262878772715
2025-10-07 16:13:58.753,5.582116407191279,7.981976569944891,4.705900515860776,7.598716027301634
2025-10-07 16:13:58.964,5.582195381133715,7.981265804462964,4.703926167299869,7.598242183647017
2025-10-07 16:13:59.176,5.582116407191279,7.9810288826356555,4.705268724321286,7.599189870956252
2025-10-07 16:13:59.387,5.581958459306406,7.982371439657072,4.703768219414997,7.600058584323051
2025-10-07 16:13:59.598,5.581721537479098,7.981186830520528,4.703926167299869,7.598952949128943
2025-10-07 16:13:59.811,5.583222042385387,7.9822134917722,4.703926167299869,7.59966371461087
2025-10-07 16:14:00.022,5.58187948536397,7.980870934750783,4.703847193357433,7.599426792783561
2025-10-07 16:14:00.235,5.5828271726732055,7.981344778405401,4.703136427875506,7.601085245574723
2025-10-07 16:14:00.445,5.583143068442951,7.981581700232709,4.705900515860776,7.601401141344468
2025-10-07 16:14:00.654,5.582353329018588,7.982687335426817,4.703531297587688,7.59966371461087
2025-10-07 16:14:00.864,5.582432302961024,7.9824504135995085,4.704005141242305,7.600374480092796
2025-10-07 16:14:01.075,5.582353329018588,7.983398100908744,4.705979489803212,7.600453454035232
2025-10-07 16:14:01.285,5.5828271726732055,7.981818622060018,4.705505646148595,7.600690375862541
