RealTimestamp,WGM701_Voltage (V),CVM211_Voltage (V),Baratron626D_1KT_Voltage (V),Baratron626D_1T_Voltage (V)
2025-10-07 18:17:49.038,5.98820041919862,8.094909307628768,5.017847588484074,10.120669905061732
2025-10-07 18:17:49.251,5.89208913125367,8.065294079215164,5.0365644128414715,10.120669905061732
2025-10-07 18:17:49.462,5.960796461173231,8.078640675486895,4.985626219970072,10.120669905061732
2025-10-07 18:17:49.676,5.981171738321791,8.09317188089517,5.0095553245282645,10.120669905061732
2025-10-07 18:17:49.889,5.910569033783759,8.02019995808405,4.97804472149619,10.120669905061732
2025-10-07 18:17:50.100,5.96040159146105,8.080772971932674,5.009792246355573,10.120669905061732
2025-10-07 18:17:50.312,5.929522779968465,8.0993318484052,5.047383842955242,10.120669905061732
2025-10-07 18:17:50.523,5.964350288582864,8.069321750279414,4.954194590880434,10.120669905061732
2025-10-07 18:17:50.737,5.9824353214007715,8.0904077929099,5.003948174615289,10.120669905061732
2025-10-07 18:17:50.948,5.923283838515999,8.022253280587393,4.948429493082585,10.120669905061732
2025-10-07 18:17:51.159,5.986620940349894,8.092382141470807,5.02598190455501,10.120669905061732
2025-10-07 18:17:51.370,5.882138414506699,8.036547564168359,5.004422018269906,10.120669905061732
2025-10-07 18:17:51.583,5.960717487230795,8.077140170580606,4.992023109307411,10.120669905061732
2025-10-07 18:17:51.795,5.996097813442248,8.11694303756849,5.035932621301981,10.120669905061732
2025-10-07 18:17:52.005,5.961191330885413,8.06008179901437,4.940847994608703,10.120669905061732
2025-10-07 18:17:52.215,5.980539946782301,8.088749340118738,5.008449689334157,10.120669905061732
2025-10-07 18:17:52.427,5.9412109234490345,8.024148655205863,4.942032603745247,10.120669905061732
2025-10-07 18:17:52.640,5.977775858797031,8.089065235888484,5.025508060900393,10.120669905061732
2025-10-07 18:17:52.851,5.884902502491968,8.062529991229894,5.025587034842829,10.120669905061732
2025-10-07 18:17:53.062,5.970747177920202,8.095225203398513,5.017136823002147,10.120669905061732
2025-10-07 18:17:53.273,5.965692845604281,8.11267844467693,5.047462816897678,10.120669905061732
2025-10-07 18:17:53.485,5.958190321072834,8.03165117973731,4.927343450452099,10.120669905061732
2025-10-07 18:17:53.700,5.962375940021957,8.076903248753297,5.008528663276593,10.120669905061732
2025-10-07 18:17:53.911,5.8980121769363905,8.080299128278057,5.041460797272521,10.120669905061732
2025-10-07 18:17:54.123,5.97801278062434,8.086617043672959,4.969831431482817,10.120669905061732
2025-10-07 18:17:54.334,5.98077686860961,8.115600480547073,5.048173582379604,10.120669905061732
2025-10-07 18:17:54.545,5.974853822926889,8.051947482943433,4.938083906623433,10.120669905061732
2025-10-07 18:17:54.760,5.958348268957707,8.077298118465478,5.007896871737103,10.120669905061732
2025-10-07 18:17:54.972,5.935050955939005,8.100200561771999,5.0450935986245895,10.120669905061732
2025-10-07 18:17:55.183,5.978091754566776,8.093645724549788,4.990206708631376,10.120669905061732
2025-10-07 18:17:55.394,5.967430272337879,8.102332858217778,5.027324461576427,10.120669905061732
2025-10-07 18:17:55.607,5.9468970473044465,8.01467178211351,4.9254480758336285,10.120669905061732
2025-10-07 18:17:55.821,5.976117406005869,8.097120578016984,5.0260608784974465,10.120669905061732
2025-10-07 18:17:56.032,5.90819981551067,8.078008883947405,5.023691660224358,10.120669905061732
2025-10-07 18:17:56.243,5.9591380083820695,8.07832477971715,4.9805718876541505,10.120669905061732
2025-10-07 18:17:56.456,5.999256771139699,8.105965659569847,5.020453728584471,10.120669905061732
2025-10-07 18:17:56.668,5.9173607928332785,8.01806766163827,4.97867651303568,10.120669905061732
2025-10-07 18:17:56.881,5.979908155242811,8.096330838592621,5.025666008785265,10.120669905061732
2025-10-07 18:17:57.092,5.918861297739568,8.08511653876667,5.0303254713890055,10.120669905061732
2025-10-07 18:17:57.303,5.960796461173231,8.081641685299473,4.991470291710357,10.120669905061732
2025-10-07 18:17:57.514,5.979671233415502,8.105333868030357,5.03214187206504,10.120669905061732
2025-10-07 18:17:57.728,5.924626395537416,8.022411228472265,4.957511496462757,10.120669905061732
2025-10-07 18:17:57.940,5.967430272337879,8.078008883947405,5.007344054140049,10.120669905061732
2025-10-07 18:17:58.151,5.882928153931061,8.0573177110291,5.02195423349076,10.120669905061732
2025-10-07 18:17:58.362,5.9568477640514175,8.083221164148199,5.002763565478745,10.120669905061732
2025-10-07 18:17:58.573,5.952662145102295,8.09380367243466,5.022191155318069,10.120669905061732
2025-10-07 18:17:58.788,5.928101249004612,8.024306603090736,4.94961410221913,10.120669905061732
2025-10-07 18:17:59.000,5.966403611086207,8.076666326925988,5.0052907316367055,10.120669905061732
2025-10-07 18:17:59.211,5.880322013830664,8.041917792254026,5.01389889136226,10.120669905061732
2025-10-07 18:17:59.422,5.972958448308418,8.098621082923273,5.023138842627304,10.120669905061732
2025-10-07 18:17:59.633,5.939473496715436,8.104386180721121,5.049595113343457,10.120669905061732
2025-10-07 18:17:59.845,5.958348268957707,8.047445968224565,4.9331085482499475,10.120669905061732
2025-10-07 18:18:00.057,5.989700924104909,8.096646734362366,5.01389889136226,10.120669905061732
2025-10-07 18:18:00.270,5.894932193181376,8.03820601695952,5.022428077145378,10.120669905061732
2025-10-07 18:18:00.482,5.958822112612324,8.080378102220493,5.001105112687583,10.120669905061732
2025-10-07 18:18:00.694,5.964113366755555,8.0984631350384,5.0251921651306475,10.120669905061732
2025-10-07 18:18:00.905,5.976117406005869,8.075639665674316,4.952062294434654,10.120669905061732
2025-10-07 18:18:01.117,5.999256771139699,8.105728737742538,5.020532702526907,10.120669905061732
2025-10-07 18:18:01.328,5.928101249004612,8.022806098184446,4.9544315127077425,10.120669905061732
2025-10-07 18:18:01.539,5.967904115992496,8.07769298817766,5.008607637219029,10.120669905061732
2025-10-07 18:18:01.753,5.925653056789088,8.084800642996925,5.026297800324755,10.120669905061732
2025-10-07 18:18:01.964,5.9747748489844525,8.093408802722479,4.979229330632734,10.120669905061732
2025-10-07 18:18:02.175,5.994913204305703,8.11670611574118,5.0374331262082706,10.120669905061732
2025-10-07 18:18:02.386,5.973590239847908,8.051868509000997,4.940769020666266,10.120669905061732
2025-10-07 18:18:02.597,5.978486624278958,8.085037564824233,5.001815878169509,10.120669905061732
2025-10-07 18:18:02.810,5.896511672030101,8.0412070267721,5.0189532236781815,10.120669905061732
2025-10-07 18:18:03.022,5.972168708884055,8.094514437916587,5.019427067332799,10.120669905061732
2025-10-07 18:18:03.234,5.986147096695277,8.111177939770641,5.035932621301981,10.120669905061732
2025-10-07 18:18:03.447,5.945712438167902,8.020436879911358,4.928686007473516,10.120669905061732
2025-10-07 18:18:03.659,5.97058923003533,8.07406018682559,5.003632278845544,10.120669905061732
2025-10-07 18:18:03.872,5.901487030403587,8.080378102220493,5.0456464162216434,10.120669905061732
2025-10-07 18:18:04.084,5.980618920724737,8.089933949255283,4.9604335323329,10.120669905061732
2025-10-07 18:18:04.297,5.980618920724737,8.089302157715792,5.005922523176196,10.120669905061732
2025-10-07 18:18:04.509,5.9051198317556555,8.02738658684575,5.000552295090529,10.120669905061732
2025-10-07 18:18:04.722,5.972958448308418,8.096646734362366,5.026692670036937,10.120669905061732
2025-10-07 18:18:04.934,5.961349278770285,8.099647744174945,5.028351122828099,10.120669905061732
2025-10-07 18:18:05.145,5.958743138669888,8.047919811879183,4.933187522192384,10.120669905061732
2025-10-07 18:18:05.358,5.994834230363267,8.099568770232509,5.018479380023564,10.120669905061732
2025-10-07 18:18:05.570,5.884428658837351,8.036073720513741,5.006791236542995,10.120669905061732
2025-10-07 18:18:05.782,5.954636493663202,8.078877597314204,5.003553304903107,10.120669905061732
2025-10-07 18:18:05.994,5.973116396193291,8.113073314389112,5.0422505366968835,10.120669905061732
2025-10-07 18:18:06.206,5.973511265905472,8.052500300540487,4.9459023269246245,10.120669905061732
2025-10-07 18:18:06.417,5.98204045168859,8.088591392233866,5.000631269032965,10.120669905061732
2025-10-07 18:18:06.630,5.895248088951121,8.029281961464221,5.01389889136226,10.120669905061732
2025-10-07 18:18:06.841,5.956452894339236,8.082194502896527,5.007265080197612,10.120669905061732
2025-10-07 18:18:07.055,5.9781707285092125,8.109993330634097,5.0394074747691775,10.120669905061732
2025-10-07 18:18:07.267,5.958585190785016,8.034020398010398,4.94005825518434,10.120669905061732
2025-10-07 18:18:07.479,5.973511265905472,8.079193493083949,5.001105112687583,10.120669905061732
2025-10-07 18:18:07.690,5.8837968672978604,8.027781456557932,5.003790226730416,10.120669905061732
2025-10-07 18:18:07.901,5.973037422250854,8.09467238580146,5.0251921651306475,10.120669905061732
2025-10-07 18:18:08.113,5.957558529533344,8.109835382749225,5.0499110091132025,10.120669905061732
2025-10-07 18:18:08.326,5.958348268957707,8.044444958411987,4.931450095458786,10.120669905061732
2025-10-07 18:18:08.539,5.991754246608252,8.08424782539987,5.017847588484074,10.120669905061732
2025-10-07 18:18:08.752,5.903303431079621,8.078087857889841,5.042566432466629,10.120669905061732
2025-10-07 18:18:08.962,5.960006721748869,8.080141180393184,5.002131773939254,10.120669905061732
2025-10-07 18:18:09.174,5.947528838843937,8.096014942822876,5.031825976295295,10.120669905061732
2025-10-07 18:18:09.384,5.9753276665815065,8.092855985125425,4.979466252460043,10.120669905061732
2025-10-07 18:18:09.595,5.978249702451649,8.101069275138798,5.019032197620618,10.120669905061732
2025-10-07 18:18:09.809,5.897538333281773,8.008748736430789,4.968883744173581,10.120669905061732
2025-10-07 18:18:10.022,5.973037422250854,8.097910317441347,5.023849608109231,10.120669905061732
2025-10-07 18:18:10.233,5.941289897391471,8.105175920145484,5.0555971329686145,10.120669905061732
2025-10-07 18:18:10.444,5.977696884854595,8.095541099168258,4.983888793236474,10.120669905061732
2025-10-07 18:18:10.656,5.994755256420831,8.096646734362366,5.008765585103902,10.120669905061732
2025-10-07 18:18:10.870,5.889009147498655,8.018778427120196,4.991312343825484,10.120669905061732
2025-10-07 18:18:11.082,5.974143057444962,8.095225203398513,5.026139852439883,10.120669905061732
2025-10-07 18:18:11.293,5.953530858469094,8.109124617267298,5.049279217573712,10.120669905061732
2025-10-07 18:18:11.505,5.9625338879068295,8.073744291055846,4.950403841643492,10.120669905061732
2025-10-07 18:18:11.716,5.97801278062434,8.088986261946047,5.010581985779936,10.120669905061732
2025-10-07 18:18:11.930,5.900460369151915,8.038679860614138,5.016268109635348,10.120669905061732
2025-10-07 18:18:12.142,5.9710630736899475,8.08977600137041,5.021559363778579,10.120669905061732
2025-10-07 18:18:12.353,5.9397893924851815,8.096962630132111,5.031273158698241,10.120669905061732
2025-10-07 18:18:12.564,5.97801278062434,8.094198542146842,4.982309314387749,10.120669905061732
2025-10-07 18:18:12.775,5.9886742628532375,8.108097956015627,5.033879298798638,10.120669905061732
2025-10-07 18:18:12.989,5.893668610102395,8.009459501912715,4.998104102875004,10.120669905061732
2025-10-07 18:18:13.202,5.953530858469094,8.08045707616293,5.005843549233759,10.120669905061732
2025-10-07 18:18:13.413,5.937972991809147,8.103833363124068,5.0507797224800015,10.120669905061732
2025-10-07 18:18:13.624,5.969246673013913,8.079746310681003,4.966751447727802,10.120669905061732
2025-10-07 18:18:13.838,5.979355337645757,8.084958590881797,5.0004733211480925,10.120669905061732
2025-10-07 18:18:14.050,5.905593675410273,8.0242276291483,4.996524624026279,10.120669905061732
2025-10-07 18:18:14.263,5.977696884854595,8.09719955195942,5.0138199174198235,10.120669905061732
2025-10-07 18:18:14.474,5.960638513288359,8.094909307628768,5.021638337721015,10.120669905061732
2025-10-07 18:18:14.687,5.943896037491868,8.021779436932775,4.940769020666266,10.120669905061732
2025-10-07 18:18:14.903,5.975169718696634,8.094593411859023,5.021638337721015,10.120669905061732
2025-10-07 18:18:15.114,5.976670223602923,8.115205610834892,5.042408484581756,10.120669905061732
2025-10-07 18:18:15.327,5.968930777244168,8.038916782441447,4.94282234316961,10.120669905061732
2025-10-07 18:18:15.538,5.979987129185247,8.088196522521685,5.002368695766563,10.120669905061732
2025-10-07 18:18:15.749,5.894458349526758,8.008195918833735,4.981835470733131,10.120669905061732
2025-10-07 18:18:15.964,5.978486624278958,8.092066245701062,4.974096024374376,10.120669905061732
2025-10-07 18:18:16.176,5.996966526809047,8.113626131986166,5.029693679849515,10.120669905061732
2025-10-07 18:18:16.388,5.935840695363368,8.022648150299574,4.92923882507057,10.120669905061732
2025-10-07 18:18:16.598,5.998861901427517,8.100516457541744,5.019348093390363,10.120669905061732
2025-10-07 18:18:16.811,5.896669619914974,8.070111489703777,5.039644396596486,10.120669905061732
2025-10-07 18:18:17.027,5.952820092987167,8.034336293780143,4.930897277861732,10.120669905061732
2025-10-07 18:18:17.236,5.978723546106266,8.09380367243466,5.013740943477387,10.120669905061732
2025-10-07 18:18:17.448,5.951319588080878,8.032046049449491,4.941163890378448,10.120669905061732
2025-10-07 18:18:17.659,5.976828171487796,8.081878607126782,5.0010261387451465,10.120669905061732
2025-10-07 18:18:17.870,5.888535303844037,8.016409208847108,5.010581985779936,10.120669905061732
2025-10-07 18:18:18.085,5.978723546106266,8.089460105600665,4.966277604073184,10.120669905061732
2025-10-07 18:18:18.296,5.994281412766213,8.116311246029,5.0379859438053245,10.120669905061732
2025-10-07 18:18:18.507,5.9667984807983885,8.040733183117482,4.940847994608703,10.120669905061732
2025-10-07 18:18:18.718,5.9881214452561835,8.088117548579248,5.001421008457328,10.120669905061732
2025-10-07 18:18:18.929,5.890509652404944,8.012223589897985,4.990601578343558,10.120669905061732
2025-10-07 18:18:19.143,5.977065093315105,8.096409812535057,5.009318402700956,10.120669905061732
2025-10-07 18:18:19.355,5.9625338879068295,8.100279535714435,5.031194184755805,10.120669905061732
2025-10-07 18:18:19.566,5.976433301775614,8.062056147575277,4.9450336135578254,10.120669905061732
2025-10-07 18:18:19.777,5.999730614794316,8.095699047053131,5.014846578671495,10.120669905061732
2025-10-07 18:18:19.991,5.884902502491968,8.052184404770742,5.017215796944583,10.120669905061732
2025-10-07 18:18:20.203,5.958901086554761,8.078561701544459,4.999762555666166,10.120669905061732
2025-10-07 18:18:20.415,5.978960467933575,8.116311246029,5.04975306122833,10.120669905061732
2025-10-07 18:18:20.626,5.962612861849266,8.058265398338335,4.939189541817541,10.120669905061732
2025-10-07 18:18:20.837,5.982514295343208,8.076745300868424,4.996445650083842,10.120669905061732
2025-10-07 18:18:21.052,5.902829587425003,8.077614014235223,5.043277197948555,10.120669905061732
2025-10-07 18:18:21.264,5.978486624278958,8.086143200018341,4.962013011181625,10.120669905061732
2025-10-07 18:18:21.477,5.984725565731424,8.092855985125425,5.007186106255176,10.120669905061732
2025-10-07 18:18:21.690,5.904093170503984,8.023832759436118,4.99226003113472,10.120669905061732
2025-10-07 18:18:21.901,5.977854832739467,8.087959600694376,5.019111171563054,10.120669905061732
2025-10-07 18:18:22.116,5.975722536293688,8.096725708304803,5.015399396268549,10.120669905061732
2025-10-07 18:18:22.328,5.929522779968465,8.016251260962235,4.929554720840315,10.120669905061732
2025-10-07 18:18:22.539,5.991201429011198,8.098226213211092,5.024007555994103,10.120669905061732
2025-10-07 18:18:22.750,5.892799896735596,8.015066651825691,4.981756496790695,10.120669905061732
2025-10-07 18:18:22.961,5.960638513288359,8.071296098840321,4.996524624026279,10.120669905061732
2025-10-07 18:18:23.175,5.990174767759527,8.1154425326622,5.040907979675467,10.120669905061732
2025-10-07 18:18:23.386,5.9767491975453595,8.05518541458332,4.94408592624859,10.120669905061732
2025-10-07 18:18:23.597,5.995466021902757,8.104702076490867,5.024244477821412,10.120669905061732
2025-10-07 18:18:23.808,5.934498138341951,8.020989697508412,4.955616121844287,10.120669905061732
2025-10-07 18:18:24.023,5.955347259145128,8.078561701544459,5.003790226730416,10.120669905061732
2025-10-07 18:18:24.235,5.962849783676575,8.098779030808146,5.0251921651306475,10.120669905061732
2025-10-07 18:18:24.446,5.975485614466379,8.0564489976623,4.94408592624859,10.120669905061732
2025-10-07 18:18:24.657,5.978881493991139,8.093882646377097,5.009318402700956,10.120669905061732
2025-10-07 18:18:24.869,5.896669619914974,8.008827710373225,4.988074412185597,10.120669905061732
2025-10-07 18:18:25.083,5.97588048417856,8.094198542146842,5.0081337935644115,10.120669905061732
2025-10-07 18:18:25.295,5.989385028335164,8.118127646705034,5.044935650739717,10.120669905061732
2025-10-07 18:18:25.506,5.959453904151815,8.044444958411987,4.9345300792138005,10.120669905061732
2025-10-07 18:18:25.718,5.9966506310393015,8.109993330634097,5.024402425706285,10.120669905061732
2025-10-07 18:18:25.929,5.91838745408495,8.01933124471725,4.972832441295395,10.120669905061732
2025-10-07 18:18:26.140,5.968141037819805,8.073349421343664,5.007659949909794,10.120669905061732
2025-10-07 18:18:26.352,5.886166085570949,8.06284588699964,5.021559363778579,10.120669905061732
2025-10-07 18:18:26.563,5.976117406005869,8.097436473786729,5.019663989160108,10.120669905061732
2025-10-07 18:18:26.775,5.983146086882698,8.11607432420169,5.038696709287251,10.120669905061732
2025-10-07 18:18:26.988,5.920282828703421,8.011591798358495,4.932239834883148,10.120669905061732
2025-10-07 18:18:27.200,5.983540956594879,8.091513428104008,5.028824966482716,10.120669905061732
2025-10-07 18:18:27.412,5.897854229051518,8.066162792581963,5.035379803704927,10.120669905061732
2025-10-07 18:18:27.625,5.961823122424903,8.07216481220712,4.951035633182983,10.120669905061732
2025-10-07 18:18:27.838,5.9980721620031545,8.10272772792996,5.018321432138691,10.120669905061732
2025-10-07 18:18:28.050,5.88592916374364,8.014908703940819,4.990601578343558,10.120669905061732
2025-10-07 18:18:28.262,5.958506216842579,8.084089877514998,5.007502002024921,10.120669905061732
2025-10-07 18:18:28.473,5.946265255764956,8.105728737742538,5.051806383731673,10.120669905061732
2025-10-07 18:18:28.685,5.9611123569429765,8.07619248327137,4.956010991556468,10.120669905061732
2025-10-07 18:18:28.897,5.981961477746154,8.084326799342307,4.997156415565769,10.120669905061732
2025-10-07 18:18:29.112,5.8965906459725375,8.069558672106723,5.036248517071726,10.120669905061732
2025-10-07 18:18:29.323,5.977223041199977,8.092855985125425,5.0105030118375,10.120669905061732
2025-10-07 18:18:29.537,5.982277373515899,8.098384161095964,5.012951204053024,10.120669905061732
2025-10-07 18:18:29.749,5.920993594185347,8.020436879911358,4.965329916763949,10.120669905061732
2025-10-07 18:18:29.962,5.97524869263907,8.100832353311489,5.027798305231045,10.120669905061732
2025-10-07 18:18:30.174,5.935603773536059,8.090486766852337,5.026692670036937,10.120669905061732
2025-10-07 18:18:30.385,5.96040159146105,8.075955561444061,4.953404851456071,10.120669905061732
2025-10-07 18:18:30.597,6.0028895724917675,8.11015127851897,5.026850617921809,10.120669905061732
2025-10-07 18:18:30.809,5.9230469166886905,8.017119974329034,4.946297196636806,10.120669905061732
2025-10-07 18:18:31.021,5.967272324453006,8.06687355806389,5.00031537326322,10.120669905061732
2025-10-07 18:18:31.234,5.953057014814476,8.106676425051774,5.052912018925781,10.120669905061732
2025-10-07 18:18:31.445,5.978249702451649,8.08724883521245,4.96382941185766,10.120669905061732
2025-10-07 18:18:31.657,5.997440370463664,8.106360529282028,5.023296790512177,10.120669905061732
2025-10-07 18:18:31.870,5.905909571180018,8.022016358760084,4.991865161422538,10.120669905061732
2025-10-07 18:18:32.081,5.978486624278958,8.085432434536415,5.01516247444124,10.120669905061732
2025-10-07 18:18:32.296,5.994755256420831,8.11417894958322,5.031904950237731,10.120669905061732
2025-10-07 18:18:32.508,5.930391493335264,8.017593817983652,4.927343450452099,10.120669905061732
2025-10-07 18:18:32.719,5.989069132565419,8.097515447729165,5.027640357346172,10.120669905061732
2025-10-07 18:18:32.931,5.900381395209479,8.033467580413344,5.014056839247132,10.120669905061732
2025-10-07 18:18:33.143,5.956531868281672,8.082431424723836,5.00773892385223,10.120669905061732
2025-10-07 18:18:33.354,5.940342210082235,8.096488786477494,5.030404445331442,10.120669905061732
2025-10-07 18:18:33.566,5.977538936969722,8.084089877514998,4.95893302742661,10.120669905061732
2025-10-07 18:18:33.777,5.987489653716693,8.09719955195942,5.019111171563054,10.120669905061732
2025-10-07 18:18:33.988,5.922967942746254,8.010486163164387,4.93389828767431,10.120669905061732
2025-10-07 18:18:34.203,5.971615891287001,8.091355480219136,5.021006546181525,10.120669905061732
2025-10-07 18:18:34.416,5.99159629872338,8.116627141798745,5.040750031790594,10.120669905061732
2025-10-07 18:18:34.627,5.960085695691305,8.046182385145585,4.936267505947399,10.120669905061732
2025-10-07 18:18:34.838,5.980303024954992,8.094277516089278,5.013109151937897,10.120669905061732
2025-10-07 18:18:35.049,5.92517921313447,8.020989697508412,4.969673483597944,10.120669905061732
2025-10-07 18:18:35.262,5.954636493663202,8.080299128278057,5.007186106255176,10.120669905061732
2025-10-07 18:18:35.474,5.943264245952378,8.094514437916587,5.0280352270583535,10.120669905061732
2025-10-07 18:18:35.685,5.977459963027286,8.095778020995567,4.9834149495818565,10.120669905061732
2025-10-07 18:18:35.895,5.967746168107624,8.115758428431946,5.05378073229258,10.120669905061732
2025-10-07 18:18:36.104,5.976670223602923,8.097278525901856,5.005922523176196,10.120669905061732
2025-10-07 18:18:36.314,5.946739099419574,8.11141486159795,5.055439185083742,10.120669905061732
2025-10-07 18:18:36.523,5.959216982324506,8.084958590881797,5.00773892385223,10.120669905061732
2025-10-07 18:18:36.732,5.887666590477238,8.060950512381169,5.021164494066397,10.120669905061732
2025-10-07 18:18:36.942,5.976117406005869,8.097357499844293,5.024876269360902,10.120669905061732
2025-10-07 18:18:37.151,5.888772225671346,8.037021407822976,5.0038692006728525,10.120669905061732
2025-10-07 18:18:37.361,5.967746168107624,8.076350431156243,5.006554314715686,10.120669905061732
2025-10-07 18:18:37.570,5.90693623243169,8.021779436932775,4.987284672761234,10.120669905061732
2025-10-07 18:18:37.780,5.990490663529272,8.100832353311489,5.026534722152064,10.120669905061732
2025-10-07 18:18:37.990,5.899986525497297,8.013329225092093,4.953404851456071,10.120669905061732
2025-10-07 18:18:38.200,5.9761963799483055,8.082115528954091,5.0033163830757985,10.120669905061732
2025-10-07 18:18:38.409,5.923836656113053,8.022964046069319,4.95830123588712,10.120669905061732
2025-10-07 18:18:38.619,5.997519344406101,8.104386180721121,5.019111171563054,10.120669905061732
2025-10-07 18:18:38.828,5.9383678615213285,8.021937384817647,4.931529069401222,10.120669905061732
2025-10-07 18:18:39.038,5.994518334593522,8.109361539094607,5.031904950237731,10.120669905061732
2025-10-07 18:18:39.247,5.9733533180205995,8.061740251805531,4.9501669198161835,10.120669905061732
2025-10-07 18:18:39.457,5.979513285530629,8.101543118793415,5.020058858872289,10.120669905061732
2025-10-07 18:18:39.666,5.961823122424903,8.06940072422185,4.947165910003605,10.120669905061732
2025-10-07 18:18:39.876,5.992465012090179,8.118285594589906,5.0456464162216434,10.120669905061732
2025-10-07 18:18:40.086,5.980224051012556,8.096251864650185,4.983099053812111,10.120669905061732
2025-10-07 18:18:40.295,5.968693855416859,8.112994340446676,5.051253566134619,10.120669905061732
2025-10-07 18:18:40.505,5.978091754566776,8.098384161095964,4.989732864976759,10.120669905061732
2025-10-07 18:18:40.715,5.949819083174589,8.099884666002254,5.031115210813368,10.120669905061732
2025-10-07 18:18:40.924,5.962849783676575,8.083300138090635,4.991312343825484,10.120669905061732
2025-10-07 18:18:41.134,5.946423203649829,8.106518477166901,5.051253566134619,10.120669905061732
2025-10-07 18:18:41.344,5.976907145430232,8.088907288003611,5.00434304432747,10.120669905061732
2025-10-07 18:18:41.554,5.918940271682004,8.08172065924191,5.029535731964643,10.120669905061732
2025-10-07 18:18:41.763,5.973511265905472,8.098779030808146,5.029614705907079,10.120669905061732
2025-10-07 18:18:41.973,5.902039848000641,8.082826294436018,5.045014624682153,10.120669905061732
2025-10-07 18:18:42.182,5.959216982324506,8.082431424723836,5.010187116067755,10.120669905061732
2025-10-07 18:18:42.392,5.8852183982617134,8.038600886671702,5.005843549233759,10.120669905061732
2025-10-07 18:18:42.601,5.981487634091536,8.09380367243466,5.026218826382319,10.120669905061732
2025-10-07 18:18:42.811,5.8973803853969,8.035362955031815,5.008765585103902,10.120669905061732
2025-10-07 18:18:43.020,5.972168708884055,8.078245805774714,5.0038692006728525,10.120669905061732
2025-10-07 18:18:43.230,5.908594685222852,8.01656715673198,4.96509299493664,10.120669905061732
2025-10-07 18:18:43.440,5.990411689586836,8.100516457541744,5.0260608784974465,10.120669905061732
2025-10-07 18:18:43.650,5.900539343094351,8.010723084991696,4.956721757038395,10.120669905061732
2025-10-07 18:18:43.862,5.966640532913516,8.077298118465478,5.005843549233759,10.120669905061732
2025-10-07 18:18:44.073,5.9159392618694255,8.093250854837606,5.050226904882948,10.120669905061732
2025-10-07 18:18:44.285,5.979197389760884,8.094830333686332,4.987047750933925,10.120669905061732
2025-10-07 18:18:44.498,5.995544995845194,8.109914356691661,5.0294567580222065,10.120669905061732
2025-10-07 18:18:44.708,5.968141037819805,8.044760854181732,4.942190551630119,10.120669905061732
2025-10-07 18:18:44.919,5.981645581976409,8.08827549646412,5.002210747881691,10.120669905061732
2025-10-07 18:18:45.129,5.91838745408495,8.017277922213907,4.938478776335614,10.120669905061732
2025-10-07 18:18:45.339,5.9943603867086495,8.106834372936646,5.025508060900393,10.120669905061732
2025-10-07 18:18:45.550,5.898249098763699,8.012618459610167,4.957511496462757,10.120669905061732
2025-10-07 18:18:45.760,5.974932796869325,8.079667336738567,5.002684591536308,10.120669905061732
2025-10-07 18:18:45.971,5.906462388777072,8.023043020011755,4.977965747553753,10.120669905061732
2025-10-07 18:18:46.181,5.983540956594879,8.091434454161572,5.027324461576427,10.120669905061732
2025-10-07 18:18:46.392,5.883480971528115,8.0412070267721,5.011292751261863,10.120669905061732
2025-10-07 18:18:46.605,5.968614881474423,8.084405773284743,4.985310324200327,10.120669905061732
2025-10-07 18:18:46.817,5.996571657096865,8.117258933338235,5.03680133466878,10.120669905061732
2025-10-07 18:18:47.027,5.9611123569429765,8.049420316785472,4.936267505947399,10.120669905061732
2025-10-07 18:18:47.239,5.978328676394085,8.085195512709106,5.00371125278798,10.120669905061732
2025-10-07 18:18:47.450,5.918229506200078,8.026044029824334,4.962644802721115,10.120669905061732
2025-10-07 18:18:47.659,5.996413709211993,8.105570789857666,5.020453728584471,10.120669905061732
2025-10-07 18:18:47.869,5.9292858581411565,8.019884062314304,4.930186512379805,10.120669905061732
2025-10-07 18:18:48.078,5.9838568523646245,8.100437483599308,5.020453728584471,10.120669905061732
2025-10-07 18:18:48.287,5.973590239847908,8.05668591948961,4.94408592624859,10.120669905061732
2025-10-07 18:18:48.498,5.9814086601491,8.089933949255283,5.011687620974044,10.120669905061732
2025-10-07 18:18:48.708,5.969167699071477,8.045313671778786,4.942585421342301,10.120669905061732
2025-10-07 18:18:48.917,5.984330696019242,8.104465154663558,5.019269119447927,10.120669905061732
2025-10-07 18:18:49.127,5.959848773863996,8.048946473130854,4.937846984796124,10.120669905061732
2025-10-07 18:18:49.337,5.996808578924174,8.120654812862995,5.040355162078413,10.120669905061732
2025-10-07 18:18:49.546,5.978486624278958,8.093250854837606,4.973938076489503,10.120669905061732
2025-10-07 18:18:49.755,5.955584180972437,8.097357499844293,5.0289039404251525,10.120669905061732
2025-10-07 18:18:49.964,5.961902096367339,8.082273476838964,5.0010261387451465,10.120669905061732
2025-10-07 18:18:50.173,5.920598724473166,8.092777011182989,5.050068956998075,10.120669905061732
2025-10-07 18:18:50.383,5.97058923003533,8.098147239268656,5.028982914367589,10.120669905061732
2025-10-07 18:18:50.594,5.9143597830207,8.082431424723836,5.028272148885662,10.120669905061732
2025-10-07 18:18:50.804,5.9747748489844525,8.086617043672959,5.008844559046338,10.120669905061732
2025-10-07 18:18:51.014,5.947844734613682,8.10272772792996,5.048252556322041,10.120669905061732
2025-10-07 18:18:51.225,5.975564588408815,8.092698037240552,4.999762555666166,10.120669905061732
2025-10-07 18:18:51.437,5.996966526809047,8.102569780045087,5.026297800324755,10.120669905061732
2025-10-07 18:18:51.649,5.918308480142514,8.013566146919402,4.933424444019693,10.120669905061732
2025-10-07 18:18:51.859,5.97461690109958,8.08851241829143,5.005053809809397,10.120669905061732
2025-10-07 18:18:52.070,5.921704359667274,8.023516863666373,4.9635135160879145,10.120669905061732
2025-10-07 18:18:52.286,5.963086705503883,8.078482727602022,4.958222261944684,10.120669905061732
2025-10-07 18:18:52.498,5.980855842552046,8.090486766852337,5.006870210485431,10.120669905061732
2025-10-07 18:18:52.711,5.899749603669989,8.028966065694476,5.0052907316367055,10.120669905061732
2025-10-07 18:18:52.923,5.957084685878726,8.075876587501625,4.999525633838857,10.120669905061732
2025-10-07 18:18:53.136,5.979197389760884,8.115916376316818,5.044066937372918,10.120669905061732
2025-10-07 18:18:53.346,5.979671233415502,8.09593596888044,4.9842836629486555,10.120669905061732
2025-10-07 18:18:53.556,5.9719317870567465,8.099647744174945,5.023454738397049,10.120669905061732
2025-10-07 18:18:53.766,5.971773839171874,8.092145219643498,4.98270418409993,10.120669905061732
2025-10-07 18:18:53.976,5.9747748489844525,8.114415871410529,5.049832035170766,10.120669905061732
2025-10-07 18:18:54.185,5.960006721748869,8.082510398666273,4.985626219970072,10.120669905061732
2025-10-07 18:18:54.395,5.937578122096966,8.09467238580146,5.032852637546966,10.120669905061732
2025-10-07 18:18:54.604,5.977538936969722,8.10146414485098,5.025666008785265,10.120669905061732
2025-10-07 18:18:54.813,5.904645988101038,8.080536050105366,5.041618745157393,10.120669905061732
2025-10-07 18:18:55.023,5.958032373187962,8.083300138090635,5.0075809759673575,10.120669905061732
2025-10-07 18:18:55.232,5.883401997585679,8.044444958411987,5.010266090010191,10.120669905061732
2025-10-07 18:18:55.442,5.981961477746154,8.090960610506954,5.026692670036937,10.120669905061732
2025-10-07 18:18:55.651,5.888219408074292,8.019094322889941,4.988943125552396,10.120669905061732
2025-10-07 18:18:55.861,5.965771819546717,8.078087857889841,5.007817897794666,10.120669905061732
2025-10-07 18:18:56.071,5.90480393598591,8.024069681263427,4.988390307955342,10.120669905061732
2025-10-07 18:18:56.280,5.992622959975051,8.100911327253925,5.022664998972687,10.120669905061732
2025-10-07 18:18:56.490,5.906383414834636,8.01127590258875,4.939979281241904,10.120669905061732
2025-10-07 18:18:56.699,5.980618920724737,8.087406783097322,5.0004733211480925,10.120669905061732
2025-10-07 18:18:56.909,5.95084574442626,8.030545544543202,4.938557750278051,10.120669905061732
2025-10-07 18:18:57.118,5.980618920724737,8.096330838592621,5.014451708959314,10.120669905061732
2025-10-07 18:18:57.329,5.945633464225466,8.03015067483102,4.942901317112046,10.120669905061732
2025-10-07 18:18:57.538,6.0014680415279145,8.108571799670244,5.025508060900393,10.120669905061732
2025-10-07 18:18:57.753,5.893036818562905,8.071138150955449,5.021875259548324,10.120669905061732
2025-10-07 18:18:57.964,5.974537927157144,8.096488786477494,5.019900910987417,10.120669905061732
2025-10-07 18:18:58.176,5.977775858797031,8.109361539094607,5.045962311991389,10.120669905061732
2025-10-07 18:18:58.388,5.952741119044731,8.021305593278157,4.927817294106717,10.120669905061732
2025-10-07 18:18:58.601,5.9662456632013345,8.071375072782757,5.005211757694269,10.120669905061732
2025-10-07 18:18:58.813,5.898407046648572,8.07406018682559,5.041618745157393,10.120669905061732
2025-10-07 18:18:59.026,5.965140028007227,8.075007874134826,4.95490535636236,10.120669905061732
2025-10-07 18:18:59.237,5.976512275718051,8.095856994938003,5.017136823002147,10.120669905061732
2025-10-07 18:18:59.450,5.911832616862739,8.017830739810961,4.979387278517606,10.120669905061732
2025-10-07 18:18:59.666,5.980303024954992,8.091829323873753,4.972200649755905,10.120669905061732
2025-10-07 18:18:59.878,5.9980721620031545,8.11291536650424,5.032694689662094,10.120669905061732
2025-10-07 18:19:00.091,5.897933202993954,8.011512824416059,4.971805780043724,10.120669905061732
2025-10-07 18:19:00.304,5.957953399245525,8.082115528954091,5.000631269032965,10.120669905061732
2025-10-07 18:19:00.516,5.975801510236124,8.113231262273985,5.045488468336771,10.120669905061732
2025-10-07 18:19:00.728,5.965297975892099,8.03820601695952,4.940137229126776,10.120669905061732
2025-10-07 18:19:00.942,5.965850793489153,8.07745606635035,5.005685601348887,10.120669905061732
2025-10-07 18:19:01.154,5.929443806026029,8.097752369556474,5.048015634494732,10.120669905061732
2025-10-07 18:19:01.366,5.963244653388756,8.066162792581963,4.941558760090629,10.120669905061732
2025-10-07 18:19:01.579,5.978723546106266,8.103201571584577,5.029061888310025,10.120669905061732
2025-10-07 18:19:01.788,5.971694865229438,8.048946473130854,4.942111577687683,10.120669905061732
2025-10-07 18:19:01.999,5.98267224322808,8.08487961693936,4.998262050759877,10.120669905061732
2025-10-07 18:19:02.212,5.881032779312591,8.035283981089378,5.009397376643392,10.120669905061732
2025-10-07 18:19:02.424,5.975485614466379,8.092855985125425,5.010739933664809,10.120669905061732
2025-10-07 18:19:02.636,5.98543633121335,8.111098965828205,5.039328500826741,10.120669905061732
2025-10-07 18:19:02.848,5.949345239519971,8.022964046069319,4.929080877185697,10.120669905061732
2025-10-07 18:19:03.060,5.991043481126326,8.092145219643498,5.021006546181525,10.120669905061732
2025-10-07 18:19:03.272,5.894853219238939,8.060871538438732,5.033958272741074,10.120669905061732
2025-10-07 18:19:03.485,5.963086705503883,8.076745300868424,4.973701154662194,10.120669905061732
2025-10-07 18:19:03.696,5.9648241322374815,8.097436473786729,5.027798305231045,10.120669905061732
2025-10-07 18:19:03.907,5.9761963799483055,8.044523932354423,4.9402162030692125,10.120669905061732
2025-10-07 18:19:04.119,5.990174767759527,8.084326799342307,5.001342034514892,10.120669905061732
2025-10-07 18:19:04.332,5.884428658837351,8.03907473032632,5.009476350585828,10.120669905061732
2025-10-07 18:19:04.544,5.972089734941619,8.093250854837606,5.019427067332799,10.120669905061732
2025-10-07 18:19:04.755,5.967430272337879,8.114257923525656,5.048331530264477,10.120669905061732
2025-10-07 18:19:04.968,5.96166517454003,8.042944453505697,4.932081886998276,10.120669905061732
2025-10-07 18:19:05.179,5.9790394418760116,8.084089877514998,5.001815878169509,10.120669905061732
2025-10-07 18:19:05.391,5.904014196561548,8.024701472802917,5.0015789563422,10.120669905061732
2025-10-07 18:19:05.603,5.955584180972437,8.0742971086529,5.002605617593872,10.120669905061732
2025-10-07 18:19:05.816,5.9739061356176535,8.113784079871039,5.0456464162216434,10.120669905061732
2025-10-07 18:19:06.027,5.961270304827849,8.04989416044009,4.934135209501619,10.120669905061732
2025-10-07 18:19:06.239,5.979118415818448,8.087722678867067,5.003553304903107,10.120669905061732
2025-10-07 18:19:06.452,5.895406036835993,8.053526961792159,5.027324461576427,10.120669905061732
2025-10-07 18:19:06.664,5.974143057444962,8.094593411859023,5.023849608109231,10.120669905061732
2025-10-07 18:19:06.875,5.955268285202692,8.097357499844293,5.025508060900393,10.120669905061732
2025-10-07 18:19:07.087,5.974301005329835,8.08298424232089,4.961381219642135,10.120669905061732
2025-10-07 18:19:07.296,5.977459963027286,8.110467174288715,5.043908989488045,10.120669905061732
2025-10-07 18:19:07.508,5.954320597893457,8.03101938819782,4.9297126687251875,10.120669905061732
2025-10-07 18:19:07.720,5.974932796869325,8.076113509328934,4.998814868356931,10.120669905061732
2025-10-07 18:19:07.933,5.906225466949763,8.081878607126782,5.043277197948555,10.120669905061732
2025-10-07 18:19:08.146,5.978802520048703,8.090091897140155,4.9677781089794735,10.120669905061732
2025-10-07 18:19:08.358,5.980224051012556,8.096804682247239,5.0146886307866225,10.120669905061732
2025-10-07 18:19:08.569,5.950134978944334,8.026359925594079,4.9396633854721586,10.120669905061732
2025-10-07 18:19:08.781,5.98756862765913,8.092066245701062,5.025113191188211,10.120669905061732
2025-10-07 18:19:08.992,5.882454310276444,8.02825530021255,5.0024476697089995,10.120669905061732
2025-10-07 18:19:09.204,5.9562949464543635,8.077140170580606,5.000868190860274,10.120669905061732
2025-10-07 18:19:09.416,5.9824353214007715,8.115758428431946,5.043356171890991,10.120669905061732
2025-10-07 18:19:09.627,5.965140028007227,8.04310240139057,4.93200291305584,10.120669905061732
2025-10-07 18:19:09.840,5.993254751514542,8.09783134349891,5.022428077145378,10.120669905061732
2025-10-07 18:19:10.051,5.892799896735596,8.018541505292887,4.99226003113472,10.120669905061732
2025-10-07 18:19:10.264,5.955821102799746,8.076034535386498,5.002684591536308,10.120669905061732
2025-10-07 18:19:10.477,5.993728595169159,8.115126636892455,5.04019721419354,10.120669905061732
2025-10-07 18:19:10.688,5.972721526481109,8.046103411203148,4.939742359414595,10.120669905061732
2025-10-07 18:19:10.900,5.975722536293688,8.080615024047802,5.001342034514892,10.120669905061732
2025-10-07 18:19:11.113,5.881743544794517,8.04649828091533,5.020216806757162,10.120669905061732
2025-10-07 18:19:11.325,5.975011770811761,8.095856994938003,5.0180845103113825,10.120669905061732
2025-10-07 18:19:11.537,5.976670223602923,8.08511653876667,5.005685601348887,10.120669905061732
2025-10-07 18:19:11.752,5.884270710952478,8.02738658684575,5.0015789563422,10.120669905061732
2025-10-07 18:19:11.963,5.975801510236124,8.091592402046444,5.021638337721015,10.120669905061732
2025-10-07 18:19:12.176,5.980539946782301,8.113705105928602,5.04296130217881,10.120669905061732
2025-10-07 18:19:12.387,5.96166517454003,8.057791554683718,4.9382418545083056,10.120669905061732
2025-10-07 18:19:12.599,5.99562396978763,8.09996363994469,5.018242458196255,10.120669905061732
2025-10-07 18:19:12.812,5.9008552388640965,8.033862450125525,5.0109768554921175,10.120669905061732
2025-10-07 18:19:13.023,5.976828171487796,8.092777011182989,5.027166513691554,10.120669905061732
2025-10-07 18:19:13.234,5.919808985048803,8.093961620319533,5.0479366605522955,10.120669905061732
2025-10-07 18:19:13.445,5.963718497043374,8.077929910004968,4.976623190532337,10.120669905061732
2025-10-07 18:19:13.660,5.9909645071838895,8.096962630132111,5.020769624354216,10.120669905061732
2025-10-07 18:19:13.871,5.899038838188062,8.008274892776171,4.957353548577885,10.120669905061732
2025-10-07 18:19:14.082,5.97801278062434,8.085511408478851,5.023059868684868,10.120669905061732
2025-10-07 18:19:14.292,5.896274750202792,8.052342352655614,5.030167523504133,10.120669905061732
2025-10-07 18:19:14.504,5.959216982324506,8.081483737414601,5.001815878169509,10.120669905061732
2025-10-07 18:19:14.714,5.908989554935033,8.075639665674316,5.027087539749118,10.120669905061732
2025-10-07 18:19:14.927,5.978091754566776,8.094040594261969,4.981045731308768,10.120669905061732
2025-10-07 18:19:15.137,5.986147096695277,8.11354715804373,5.037038256496089,10.120669905061732
2025-10-07 18:19:15.349,5.9477657606712455,8.020042010199177,4.928528059588643,10.120669905061732
2025-10-07 18:19:15.561,5.988042471313747,8.088828314061175,5.023533712339486,10.120669905061732
2025-10-07 18:19:15.774,5.9143597830207,8.08851241829143,5.04975306122833,10.120669905061732
2025-10-07 18:19:15.985,5.96103338300054,8.080141180393184,4.987758516415852,10.120669905061732
2025-10-07 18:19:16.198,5.978960467933575,8.093250854837606,5.012003516743789,10.120669905061732
2025-10-07 18:19:16.409,5.964745158295045,8.041128052829663,4.941400812205757,10.120669905061732
2025-10-07 18:19:16.621,5.981171738321791,8.082431424723836,5.006001497118632,10.120669905061732
2025-10-07 18:19:16.831,5.901881900115768,8.00661643998501,4.961302245699699,10.120669905061732
2025-10-07 18:19:17.043,5.970668203977766,8.096804682247239,5.02471832147603,10.120669905061732
2025-10-07 18:19:17.254,5.925416134961779,8.095778020995567,5.04635718170357,10.120669905061732
2025-10-07 18:19:17.465,5.962296966079521,8.072085838264684,4.966277604073184,10.120669905061732
2025-10-07 18:19:17.679,5.98417274813437,8.09103958444939,5.001499982399764,10.120669905061732
2025-10-07 18:19:17.891,5.907252128201435,8.019252270774814,4.990048760746504,10.120669905061732
2025-10-07 18:19:18.102,5.965850793489153,8.079430414911258,5.008844559046338,10.120669905061732
2025-10-07 18:19:18.313,5.898486020591008,8.065294079215164,5.034748012165437,10.120669905061732
2025-10-07 18:19:18.524,5.960085695691305,8.074455056537772,5.002921513363617,10.120669905061732
2025-10-07 18:19:18.737,5.9761963799483055,8.09806826532622,5.019663989160108,10.120669905061732
2025-10-07 18:19:18.949,5.952899066929604,8.026517873478952,4.941005942493575,10.120669905061732
2025-10-07 18:19:19.160,5.992701933917488,8.099726718117381,5.022901920799995,10.120669905061732
2025-10-07 18:19:19.371,5.894537323469194,8.010486163164387,4.972753467352959,10.120669905061732
2025-10-07 18:19:19.583,5.956215972511927,8.071454046725194,5.012793256168152,10.120669905061732
2025-10-07 18:19:19.797,5.9923860381477425,8.1154425326622,5.041776693042266,10.120669905061732
2025-10-07 18:19:20.008,5.960085695691305,8.040101391577991,4.933661365847001,10.120669905061732
2025-10-07 18:19:20.220,5.97801278062434,8.083458085975508,5.000631269032965,10.120669905061732
2025-10-07 18:19:20.432,5.897064489627155,8.045787515433403,5.026534722152064,10.120669905061732
2025-10-07 18:19:20.645,5.977065093315105,8.095225203398513,5.013030177995461,10.120669905061732
2025-10-07 18:19:20.856,5.95700571193629,8.095462125225822,5.024560373591157,10.120669905061732
2025-10-07 18:19:21.069,5.971536917344565,8.057554632856409,4.949061284622076,10.120669905061732
2025-10-07 18:19:21.277,5.991043481126326,8.116232272086563,5.042645406409065,10.120669905061732
2025-10-07 18:19:21.489,5.955979050684618,8.027702482615496,4.929554720840315,10.120669905061732
2025-10-07 18:19:21.700,5.979513285530629,8.082194502896527,5.000078451435911,10.120669905061732
2025-10-07 18:19:21.913,5.8973803853969,8.052737222367796,5.027245487633991,10.120669905061732
2025-10-07 18:19:22.125,5.975959458120997,8.086538069730523,5.002526643651436,10.120669905061732
2025-10-07 18:19:22.336,5.9710630736899475,8.115126636892455,5.0499110091132025,10.120669905061732
2025-10-07 18:19:22.547,5.9790394418760116,8.07682427481086,4.9530099817438895,10.120669905061732
2025-10-07 18:19:22.760,5.978486624278958,8.083142190205763,5.002368695766563,10.120669905061732
2025-10-07 18:19:22.972,5.899354733957807,8.037732173304903,5.017373744829456,10.120669905061732
2025-10-07 18:19:23.184,5.972800500423546,8.094909307628768,5.026297800324755,10.120669905061732
2025-10-07 18:19:23.395,5.920124880818548,8.085669356363724,5.030483419273878,10.120669905061732
2025-10-07 18:19:23.606,5.965455923776972,8.076745300868424,4.960275584448027,10.120669905061732
2025-10-07 18:19:23.819,5.995150126133012,8.07895657125664,5.013977865304696,10.120669905061732
2025-10-07 18:19:24.032,5.887429668649929,8.028571195982295,5.001184086630019,10.120669905061732
2025-10-07 18:19:24.244,5.955821102799746,8.07958836279613,5.007817897794666,10.120669905061732
2025-10-07 18:19:24.455,5.936314539017985,8.10122722302367,5.048963321803967,10.120669905061732
2025-10-07 18:19:24.666,5.978565598221394,8.079746310681003,4.955458173959414,10.120669905061732
2025-10-07 18:19:24.880,5.999177797197262,8.10588668562741,5.022191155318069,10.120669905061732
2025-10-07 18:19:25.091,5.908357763395543,8.011828720185804,4.963118646375733,10.120669905061732
2025-10-07 18:19:25.302,5.9639554188706825,8.076903248753297,5.008686611161465,10.120669905061732
2025-10-07 18:19:25.514,5.922257177264328,8.095225203398513,5.046673077473315,10.120669905061732
2025-10-07 18:19:25.726,5.97864457216383,8.07745606635035,4.966119656188312,10.120669905061732
2025-10-07 18:19:25.939,5.983067112940262,8.091987271758626,5.008449689334157,10.120669905061732
2025-10-07 18:19:26.150,5.922494099091637,8.01340819903453,4.934767001041109,10.120669905061732
2025-10-07 18:19:26.361,5.98543633121335,8.09064471473721,5.02535011301552,10.120669905061732
2025-10-07 18:19:26.572,5.887271720765057,8.024306603090736,5.000789216917838,10.120669905061732
2025-10-07 18:19:26.784,5.973827161675217,8.093250854837606,5.019663989160108,10.120669905061732
2025-10-07 18:19:26.999,5.986462992465022,8.095462125225822,5.01113480337699,10.120669905061732
2025-10-07 18:19:27.210,5.924863317364725,8.011749746243368,4.931450095458786,10.120669905061732
2025-10-07 18:19:27.421,5.989779898047345,8.097120578016984,5.022270129260505,10.120669905061732
2025-10-07 18:19:27.632,5.903382405022057,8.029992726946148,5.014135813189569,10.120669905061732
2025-10-07 18:19:27.846,5.961428252712722,8.077850936062532,4.96446120339715,10.120669905061732
2025-10-07 18:19:28.058,5.993333725456978,8.107624112361009,5.027561383403736,10.120669905061732
2025-10-07 18:19:28.269,5.967430272337879,8.036152694456177,4.9402162030692125,10.120669905061732
2025-10-07 18:19:28.481,5.976512275718051,8.076903248753297,5.002921513363617,10.120669905061732
2025-10-07 18:19:28.694,5.899038838188062,8.070980203070576,5.029140862252461,10.120669905061732
2025-10-07 18:19:28.909,5.9682200117622415,8.039153704268756,4.937846984796124,10.120669905061732
2025-10-07 18:19:29.120,5.9957819176725025,8.094593411859023,5.011687620974044,10.120669905061732
2025-10-07 18:19:29.332,5.892484000965851,8.010486163164387,4.97804472149619,10.120669905061732
2025-10-07 18:19:29.543,5.978407650336521,8.09103958444939,5.025508060900393,10.120669905061732
2025-10-07 18:19:29.754,5.911279799265685,8.09064471473721,5.047699738724987,10.120669905061732
2025-10-07 18:19:29.968,5.962612861849266,8.050131082267399,4.935635714407908,10.120669905061732
2025-10-07 18:19:30.179,5.9810137904369185,8.09530417734095,5.010187116067755,10.120669905061732
2025-10-07 18:19:30.392,5.901013186748969,8.032993736758726,5.009318402700956,10.120669905061732
2025-10-07 18:19:30.603,5.958585190785016,8.076903248753297,5.007896871737103,10.120669905061732
2025-10-07 18:19:30.815,5.9378150439242745,8.100516457541744,5.04635718170357,10.120669905061732
2025-10-07 18:19:31.028,5.959374930209378,8.038995756383883,4.934214183444055,10.120669905061732
2025-10-07 18:19:31.238,5.97738098908485,8.093566750607351,5.012793256168152,10.120669905061732
2025-10-07 18:19:31.450,5.945633464225466,8.02462249886048,4.94471771778808,10.120669905061732
2025-10-07 18:19:31.662,5.9844096699616784,8.089460105600665,5.028588044655407,10.120669905061732
2025-10-07 18:19:31.874,5.895406036835993,8.068453036912615,5.024955243303339,10.120669905061732
2025-10-07 18:19:32.086,5.9639554188706825,8.081641685299473,4.975359607453356,10.120669905061732
2025-10-07 18:19:32.297,5.991754246608252,8.113784079871039,5.037591074093143,10.120669905061732
2025-10-07 18:19:32.510,5.9321289200688625,8.01380306874671,4.929317799013006,10.120669905061732
2025-10-07 18:19:32.722,5.96845693358955,8.077535040292787,5.00773892385223,10.120669905061732
2025-10-07 18:19:32.933,5.899828577612425,8.051236717461506,5.030088549561697,10.120669905061732
2025-10-07 18:19:33.145,5.975169718696634,8.094909307628768,5.025902930612574,10.120669905061732
2025-10-07 18:19:33.356,5.939868366427618,8.098542108980837,5.037354152265834,10.120669905061732
2025-10-07 18:19:33.566,5.977538936969722,8.092145219643498,4.979861122172224,10.120669905061732
2025-10-07 18:19:33.778,5.995387047960321,8.100674405426616,5.027087539749118,10.120669905061732
2025-10-07 18:19:33.993,5.88529737220415,8.025570186169716,5.001815878169509,10.120669905061732
2025-10-07 18:19:34.204,5.958427242900143,8.077535040292787,5.0061594450035045,10.120669905061732
2025-10-07 18:19:34.417,5.989700924104909,8.112836392561803,5.03340545514402,10.120669905061732
2025-10-07 18:19:34.630,5.9193351413941855,8.014197938458892,4.939505437587286,10.120669905061732
2025-10-07 18:19:34.843,5.978091754566776,8.092145219643498,5.025744982727701,10.120669905061732
2025-10-07 18:19:35.055,5.923520760343308,8.084326799342307,5.02937778407977,10.120669905061732
2025-10-07 18:19:35.265,5.963323627331192,8.079509388853694,4.987442620646107,10.120669905061732
2025-10-07 18:19:35.479,5.998151135945591,8.108334877842935,5.03151008052555,10.120669905061732
2025-10-07 18:19:35.691,5.920835646300475,8.021700462990339,4.964856073109331,10.120669905061732
2025-10-07 18:19:35.902,5.966482585028643,8.07556069173188,5.006396366830813,10.120669905061732
2025-10-07 18:19:36.115,5.9059885451224545,8.081009893759983,5.038064917747761,10.120669905061732
2025-10-07 18:19:36.325,5.977933806681904,8.094119568204405,5.0146886307866225,10.120669905061732
2025-10-07 18:19:36.537,5.973432291963036,8.094830333686332,5.020769624354216,10.120669905061732
2025-10-07 18:19:36.749,5.960322617518614,8.033151684643599,4.931213173631477,10.120669905061732
2025-10-07 18:19:36.960,5.996176787384684,8.094909307628768,5.015557344153422,10.120669905061732
2025-10-07 18:19:37.173,5.897617307224209,8.055738232180374,5.033800324856202,10.120669905061732
2025-10-07 18:19:37.384,5.976591249660487,8.091355480219136,5.020295780699598,10.120669905061732
2025-10-07 18:19:37.598,5.980145077070119,8.099647744174945,5.021006546181525,10.120669905061732
2025-10-07 18:19:37.810,5.936156591133113,8.006695413927446,4.93326649613482,10.120669905061732
2025-10-07 18:19:38.024,5.976038432063433,8.096014942822876,5.022901920799995,10.120669905061732
2025-10-07 18:19:38.237,5.986541966407458,8.112836392561803,5.046594103530879,10.120669905061732
2025-10-07 18:19:38.448,5.96040159146105,8.04776186399431,4.936504427774707,10.120669905061732
2025-10-07 18:19:38.659,5.997045500751483,8.107308216591264,5.023612686281922,10.120669905061732
2025-10-07 18:19:38.871,5.921704359667274,8.01743587009878,4.973780128604631,10.120669905061732
2025-10-07 18:19:39.083,5.967351298395442,8.090960610506954,5.022822946857559,10.120669905061732
2025-10-07 18:19:39.295,5.920045906876112,8.089697027427974,5.048173582379604,10.120669905061732
2025-10-07 18:19:39.505,5.960085695691305,8.08108886770242,4.999288712011548,10.120669905061732
2025-10-07 18:19:39.717,5.965692845604281,8.09996363994469,5.028430096770535,10.120669905061732
2025-10-07 18:19:39.928,5.975406640523943,8.030545544543202,4.937610062968815,10.120669905061732
2025-10-07 18:19:40.141,5.993886543054032,8.091434454161572,5.021243468008834,10.120669905061732
2025-10-07 18:19:40.353,5.884033789125169,8.030940414255383,5.002131773939254,10.120669905061732
2025-10-07 18:19:40.564,5.96995743849584,8.094514437916587,5.025587034842829,10.120669905061732
2025-10-07 18:19:40.776,5.969483594841222,8.110941017943333,5.04635718170357,10.120669905061732
2025-10-07 18:19:40.987,5.964508236467736,8.059607955359752,4.936899297486889,10.120669905061732
2025-10-07 18:19:41.201,5.980224051012556,8.08385295568769,5.00371125278798,10.120669905061732
2025-10-07 18:19:41.412,5.899670629727552,8.025965055881898,5.010187116067755,10.120669905061732
2025-10-07 18:19:41.624,5.968614881474423,8.08701191338514,5.0138199174198235,10.120669905061732
2025-10-07 18:19:41.836,5.956926737993854,8.077219144523042,5.010266090010191,10.120669905061732
2025-10-07 18:19:42.051,5.9369463305574754,8.02359583760881,4.952536138089272,10.120669905061732
2025-10-07 18:19:42.262,5.983461982652443,8.087801652809503,5.027719331288608,10.120669905061732
2025-10-07 18:19:42.474,5.8903517045200715,8.065531001042473,5.023375764454613,10.120669905061732
2025-10-07 18:19:42.685,5.961902096367339,8.079904258565875,5.006238418945941,10.120669905061732
2025-10-07 18:19:42.898,5.995466021902757,8.107703086303445,5.031431106583113,10.120669905061732
2025-10-07 18:19:43.112,5.893431688275086,8.01001231950977,4.976860112359645,10.120669905061732
2025-10-07 18:19:43.323,5.975485614466379,8.09467238580146,5.025902930612574,10.120669905061732
2025-10-07 18:19:43.534,5.898328072706136,8.068689958739924,5.024244477821412,10.120669905061732
2025-10-07 18:19:43.745,5.961270304827849,8.079351440968821,5.005764575291323,10.120669905061732
2025-10-07 18:19:43.956,5.964903106179918,8.111493835540386,5.0442248852577904,10.120669905061732
2025-10-07 18:19:44.171,5.934656086226823,8.021226619335721,4.9487453888523305,10.120669905061732
2025-10-07 18:19:44.383,5.963718497043374,8.079825284623439,5.008054819621975,10.120669905061732
2025-10-07 18:19:44.595,5.935761721420931,8.095856994938003,5.049516139401021,10.120669905061732
2025-10-07 18:19:44.807,5.979829181300374,8.094514437916587,4.980808809481459,10.120669905061732
2025-10-07 18:19:45.019,5.98606812275284,8.0823524507814,4.999209738069112,10.120669905061732
2025-10-07 18:19:45.233,5.887666590477238,8.016646130674417,4.991233369883048,10.120669905061732
2025-10-07 18:19:45.444,5.973195370135727,8.091829323873753,5.022822946857559,10.120669905061732
2025-10-07 18:19:45.656,5.937420174212093,8.096488786477494,5.0345900642805645,10.120669905061732
2025-10-07 18:19:45.867,5.964271314640428,8.071454046725194,4.951825372607345,10.120669905061732
2025-10-07 18:19:46.079,5.997282422578792,8.109835382749225,5.037512100150707,10.120669905061732
2025-10-07 18:19:46.289,5.975564588408815,8.058897189877825,4.946692066348987,10.120669905061732
2025-10-07 18:19:46.501,5.983146086882698,8.086143200018341,5.001263060572455,10.120669905061732
2025-10-07 18:19:46.711,5.904251118388856,8.008985658258098,4.952852033859017,10.120669905061732
2025-10-07 18:19:46.922,5.98077686860961,8.089697027427974,5.025113191188211,10.120669905061732
2025-10-07 18:19:47.134,5.891852209426361,8.061029486323605,5.0251921651306475,10.120669905061732
2025-10-07 18:19:47.347,5.9619810703097755,8.076982222695733,4.961618141469444,10.120669905061732
2025-10-07 18:19:47.558,5.984014800249497,8.100200561771999,5.0166629793475295,10.120669905061732
2025-10-07 18:19:47.769,5.9605595393459225,8.03567885080156,4.932081886998276,10.120669905061732
2025-10-07 18:19:47.980,5.995150126133012,8.092066245701062,5.019900910987417,10.120669905061732
2025-10-07 18:19:48.195,5.924626395537416,8.09443546397415,5.051727409789237,10.120669905061732
2025-10-07 18:19:48.406,5.963007731561447,8.08511653876667,4.995103093062426,10.120669905061732
2025-10-07 18:19:48.617,5.97461690109958,8.104149258893813,5.0351428818776185,10.120669905061732
2025-10-07 18:19:48.828,5.978565598221394,8.060950512381169,4.949851024046438,10.120669905061732
2025-10-07 18:19:49.041,5.977065093315105,8.06197717363284,4.999209738069112,10.120669905061732
2025-10-07 18:19:49.256,5.926758691983196,8.088433444348993,5.029535731964643,10.120669905061732
2025-10-07 18:19:49.469,5.974932796869325,8.045076749951477,4.942190551630119,10.120669905061732
2025-10-07 18:19:49.681,5.996413709211993,8.103912337066504,5.016347083577784,10.120669905061732
2025-10-07 18:19:49.892,5.896669619914974,8.009538475855152,4.970147327252562,10.120669905061732
2025-10-07 18:19:50.105,5.972089734941619,8.092382141470807,5.023138842627304,10.120669905061732
2025-10-07 18:19:50.317,5.986857862177203,8.114731767180274,5.044461807085099,10.120669905061732
2025-10-07 18:19:50.530,5.964587210410173,8.037890121189776,4.943770030478845,10.120669905061732
2025-10-07 18:19:50.741,5.9983880577729,8.102411832160215,5.018163484253819,10.120669905061732
2025-10-07 18:19:50.952,5.896985515684719,8.00977539768246,4.973227311007577,10.120669905061732
2025-10-07 18:19:51.165,5.976828171487796,8.095778020995567,5.021480389836142,10.120669905061732
2025-10-07 18:19:51.377,5.969167699071477,8.111888705252568,5.048568452091786,10.120669905061732
2025-10-07 18:19:51.588,5.9747748489844525,8.077140170580606,4.959090975311483,10.120669905061732
2025-10-07 18:19:51.799,6.002731624606895,8.115205610834892,5.035221855820055,10.120669905061732
2025-10-07 18:19:52.011,5.916018235811862,8.006458492100137,4.966751447727802,10.120669905061732
2025-10-07 18:19:52.225,5.959374930209378,8.080299128278057,5.002210747881691,10.120669905061732
2025-10-07 18:19:52.438,5.992622959975051,8.113626131986166,5.039091578999432,10.120669905061732
2025-10-07 18:19:52.651,5.910569033783759,8.010802058934132,4.9521412683770905,10.120669905061732
2025-10-07 18:19:52.863,5.969878464553403,8.07619248327137,5.0090025069312105,10.120669905061732
2025-10-07 18:19:53.075,5.93473506016926,8.096251864650185,5.0450935986245895,10.120669905061732
2025-10-07 18:19:53.288,5.977775858797031,8.08361603386038,4.963276594260606,10.120669905061732
2025-10-07 18:19:53.499,5.98756862765913,8.094988281571204,5.010266090010191,10.120669905061732
2025-10-07 18:19:53.712,5.902355743770386,8.01001231950977,4.964698125224459,10.120669905061732
2025-10-07 18:19:53.923,5.981329686206664,8.088591392233866,5.025113191188211,10.120669905061732
2025-10-07 18:19:54.136,5.942948350182633,8.088907288003611,5.0266136960945005,10.120669905061732
2025-10-07 18:19:54.350,5.940500157967108,8.01996303625674,4.9297126687251875,10.120669905061732
2025-10-07 18:19:54.561,5.994834230363267,8.096962630132111,5.0260608784974465,10.120669905061732
2025-10-07 18:19:54.772,5.904645988101038,8.023832759436118,5.000868190860274,10.120669905061732
2025-10-07 18:19:54.985,5.957479555590908,8.077140170580606,5.003474330960671,10.120669905061732
2025-10-07 18:19:55.198,5.991912194493125,8.118522516417215,5.044856676797281,10.120669905061732
2025-10-07 18:19:55.409,5.976354327833178,8.046656228800202,4.9402162030692125,10.120669905061732
2025-10-07 18:19:55.620,5.982356347458335,8.089854975312846,5.006554314715686,10.120669905061732
2025-10-07 18:19:55.832,5.915544392157244,8.021937384817647,4.975438581395792,10.120669905061732
2025-10-07 18:19:56.043,5.9690887251290405,8.07303352557392,5.0067122626005585,10.120669905061732
2025-10-07 18:19:56.255,5.902197795885513,8.079509388853694,5.031115210813368,10.120669905061732
2025-10-07 18:19:56.467,5.980539946782301,8.091829323873753,4.974569868028993,10.120669905061732
2025-10-07 18:19:56.679,5.995150126133012,8.105807711684974,5.023059868684868,10.120669905061732
2025-10-07 18:19:56.890,5.950056005001898,8.024385577033172,4.929554720840315,10.120669905061732
2025-10-07 18:19:57.101,5.99901984931239,8.100832353311489,5.020611676469343,10.120669905061732
2025-10-07 18:19:57.313,5.899275760015371,8.042312661966207,5.024323451763848,10.120669905061732
2025-10-07 18:19:57.525,5.959611852036687,8.075955561444061,5.001421008457328,10.120669905061732
2025-10-07 18:19:57.738,5.9696415427260945,8.102411832160215,5.028824966482716,10.120669905061732
2025-10-07 18:19:57.949,5.975959458120997,8.048551603418673,4.9430592649969185,10.120669905061732
2025-10-07 18:19:58.161,5.9747748489844525,8.066478688351708,5.003237409133362,10.120669905061732
2025-10-07 18:19:58.376,5.943659115664559,8.089618053485538,5.02937778407977,10.120669905061732
2025-10-07 18:19:58.588,5.976670223602923,8.079351440968821,4.957353548577885,10.120669905061732
2025-10-07 18:19:58.800,6.0023367548947135,8.105570789857666,5.025034217245775,10.120669905061732
2025-10-07 18:19:59.012,5.90354035290693,8.010723084991696,4.952220242319527,10.120669905061732
2025-10-07 18:19:59.224,5.979671233415502,8.089302157715792,5.020295780699598,10.120669905061732
2025-10-07 18:19:59.438,5.983619930537316,8.117416881223107,5.046199233818697,10.120669905061732
2025-10-07 18:19:59.649,5.966087715316462,8.051394665346379,4.93666237565958,10.120669905061732
2025-10-07 18:19:59.860,5.981803529861281,8.088038574636812,5.007186106255176,10.120669905061732
2025-10-07 18:20:00.071,5.907252128201435,8.01127590258875,4.95553714790185,10.120669905061732
2025-10-07 18:20:00.285,5.9582692950152705,8.076982222695733,5.007502002024921,10.120669905061732
2025-10-07 18:20:00.497,5.972168708884055,8.11267844467693,5.047778712667423,10.120669905061732
2025-10-07 18:20:00.709,5.974222031387399,8.040022417635555,4.934688027098673,10.120669905061732
2025-10-07 18:20:00.922,5.978328676394085,8.078008883947405,5.004658940097215,10.120669905061732
2025-10-07 18:20:01.134,5.897617307224209,8.053211066022413,5.026929591864246,10.120669905061732
2025-10-07 18:20:01.344,5.979750207357938,8.089933949255283,5.029140862252461,10.120669905061732
2025-10-07 18:20:01.556,5.9173607928332785,8.084405773284743,5.0337213509137655,10.120669905061732
2025-10-07 18:20:01.767,5.963639523100937,8.080536050105366,4.985073402373018,10.120669905061732
2025-10-07 18:20:01.978,5.993649621226723,8.117100985453362,5.043987963430482,10.120669905061732
2025-10-07 18:20:02.190,5.955189311260256,8.026596847421388,4.929791642667624,10.120669905061732
2025-10-07 18:20:02.401,5.977223041199977,8.076666326925988,5.003948174615289,10.120669905061732
2025-10-07 18:20:02.613,5.905672649352709,8.029676831176403,5.006554314715686,10.120669905061732
2025-10-07 18:20:02.824,5.978723546106266,8.095225203398513,5.027245487633991,10.120669905061732
2025-10-07 18:20:03.034,5.896511672030101,8.052579274482923,5.032931611489403,10.120669905061732
2025-10-07 18:20:03.245,5.975643562351252,8.097278525901856,5.024323451763848,10.120669905061732
2025-10-07 18:20:03.456,5.938604783348637,8.092145219643498,5.031352132640677,10.120669905061732
2025-10-07 18:20:03.668,5.979829181300374,8.084010903572562,4.964303255512277,10.120669905061732
2025-10-07 18:20:03.880,6.004548025282929,8.112362548907186,5.030167523504133,10.120669905061732
2025-10-07 18:20:04.092,5.894379375584322,8.009064632200534,4.979861122172224,10.120669905061732
2025-10-07 18:20:04.305,5.976117406005869,8.09380367243466,5.02069065041178,10.120669905061732
2025-10-07 18:20:04.516,5.934419164399515,8.086301147903214,5.032220846007476,10.120669905061732
2025-10-07 18:20:04.729,5.965297975892099,8.043181375333006,4.933582391904565,10.120669905061732
2025-10-07 18:20:04.942,5.993333725456978,8.091987271758626,5.023928582051667,10.120669905061732
2025-10-07 18:20:05.154,5.8866399292255664,8.049420316785472,5.016031187808039,10.120669905061732
2025-10-07 18:20:05.366,5.962770809734138,8.079351440968821,5.0024476697089995,10.120669905061732
2025-10-07 18:20:05.578,5.99159629872338,8.118285594589906,5.035932621301981,10.120669905061732
2025-10-07 18:20:05.790,5.970905125805075,8.037100381765413,4.942032603745247,10.120669905061732
2025-10-07 18:20:06.003,5.9724846046538005,8.078008883947405,5.0090025069312105,10.120669905061732
2025-10-07 18:20:06.215,5.893589636159959,8.07279660374661,5.037591074093143,10.120669905061732
2025-10-07 18:20:06.426,5.976670223602923,8.092303167528371,5.016741953289966,10.120669905061732
2025-10-07 18:20:06.638,5.979118415818448,8.09806826532622,5.017689640599201,10.120669905061732
2025-10-07 18:20:06.851,5.937499148154529,8.01340819903453,4.9316870172860945,10.120669905061732
2025-10-07 18:20:07.063,5.987726575544002,8.09103958444939,5.027798305231045,10.120669905061732
2025-10-07 18:20:07.275,5.903382405022057,8.072480707976865,5.045488468336771,10.120669905061732
2025-10-07 18:20:07.487,5.966640532913516,8.079272467026385,4.97464884197143,10.120669905061732
2025-10-07 18:20:07.699,5.999256771139699,8.111098965828205,5.035458777647364,10.120669905061732
2025-10-07 18:20:07.912,5.918703349854695,8.0233589157815,4.978281643323498,10.120669905061732
2025-10-07 18:20:08.124,5.95976979992156,8.075955561444061,5.007817897794666,10.120669905061732
2025-10-07 18:20:08.337,5.954952389432947,8.099726718117381,5.033642376971329,10.120669905061732
2025-10-07 18:20:08.549,5.961270304827849,8.041917792254026,4.935477766523036,10.120669905061732
2025-10-07 18:20:08.761,5.982514295343208,8.08448474722718,5.004658940097215,10.120669905061732
2025-10-07 18:20:08.973,5.904330092331293,8.028334274154986,5.009397376643392,10.120669905061732
2025-10-07 18:20:09.185,5.959295956266942,8.080378102220493,5.006949184427867,10.120669905061732
2025-10-07 18:20:09.396,5.916255157639171,8.079904258565875,5.0294567580222065,10.120669905061732
2025-10-07 18:20:09.607,5.980934816494482,8.092461115413244,4.9981830768174405,10.120669905061732
2025-10-07 18:20:09.818,5.994834230363267,8.11417894958322,5.0379859438053245,10.120669905061732
2025-10-07 18:20:10.031,5.936867356615039,8.015619469422745,4.9297126687251875,10.120669905061732
2025-10-07 18:20:10.243,5.967904115992496,8.076903248753297,5.016584005405093,10.120669905061732
2025-10-07 18:20:10.454,5.902039848000641,8.065057157387855,5.0379859438053245,10.120669905061732
2025-10-07 18:20:10.666,5.9619810703097755,8.078245805774714,5.001184086630019,10.120669905061732
2025-10-07 18:20:10.879,5.980855842552046,8.10185901456316,5.02408652993654,10.120669905061732
2025-10-07 18:20:11.090,5.971694865229438,8.050052108324962,4.949219232506948,10.120669905061732
2025-10-07 18:20:11.300,5.9994936929670075,8.109124617267298,5.031273158698241,10.120669905061732
2025-10-07 18:20:11.511,5.927074587752941,8.01317127720722,4.933345470077256,10.120669905061732
2025-10-07 18:20:11.723,5.979434311588193,8.082826294436018,5.025508060900393,10.120669905061732
2025-10-07 18:20:11.936,5.945159620570848,8.105412841972793,5.051964331616546,10.120669905061732
2025-10-07 18:20:12.148,5.964666184352609,8.074376082595336,4.961776089354316,10.120669905061732
2025-10-07 18:20:12.360,5.983540956594879,8.094277516089278,5.0095553245282645,10.120669905061732
2025-10-07 18:20:12.571,5.940816053736853,8.016962026444162,4.929001903243261,10.120669905061732
2025-10-07 18:20:12.783,5.969483594841222,8.072322760091993,5.006791236542995,10.120669905061732
2025-10-07 18:20:12.996,5.93323455526297,8.0984631350384,5.050147930940511,10.120669905061732
2025-10-07 18:20:13.209,5.978091754566776,8.061740251805531,4.942111577687683,10.120669905061732
2025-10-07 18:20:13.422,5.979908155242811,8.079193493083949,5.002368695766563,10.120669905061732
2025-10-07 18:20:13.633,5.9059885451224545,8.024306603090736,5.001499982399764,10.120669905061732
2025-10-07 18:20:13.845,5.979118415818448,8.09506725551364,5.025271139073084,10.120669905061732
2025-10-07 18:20:14.057,5.9548734154905105,8.098858004750582,5.0360115952444175,10.120669905061732
2025-10-07 18:20:14.271,5.920914620242911,8.01253948566773,4.934688027098673,10.120669905061732
2025-10-07 18:20:14.484,5.982830191112953,8.092303167528371,5.030167523504133,10.120669905061732
2025-10-07 18:20:14.695,5.9017239522308955,8.073744291055846,5.028272148885662,10.120669905061732
2025-10-07 18:20:14.908,5.963086705503883,8.07090122912814,4.938083906623433,10.120669905061732
2025-10-07 18:20:15.121,6.000362406333807,8.099252874462763,5.021559363778579,10.120669905061732
2025-10-07 18:20:15.334,5.899354733957807,8.04160189648428,5.021717311663451,10.120669905061732
2025-10-07 18:20:15.545,5.97801278062434,8.095146229456077,5.025744982727701,10.120669905061732
2025-10-07 18:20:15.758,5.9719317870567465,8.103754389181631,5.028272148885662,10.120669905061732
2025-10-07 18:20:15.970,5.95700571193629,8.028176326270113,4.930739329976859,10.120669905061732
2025-10-07 18:20:16.182,5.992780907859924,8.09530417734095,5.025034217245775,10.120669905061732
2025-10-07 18:20:16.394,5.90077626492166,8.054395675158958,5.029219836194898,10.120669905061732
2025-10-07 18:20:16.605,5.961586200597594,8.079667336738567,5.0095553245282645,10.120669905061732
2025-10-07 18:20:16.817,5.95976979992156,8.109993330634097,5.049516139401021,10.120669905061732
2025-10-07 18:20:17.029,5.964508236467736,8.060239746899242,4.940295177011649,10.120669905061732
2025-10-07 18:20:17.241,5.98267224322808,8.092382141470807,5.015004526556368,10.120669905061732
2025-10-07 18:20:17.454,5.901487030403587,8.031888101564618,5.016820927232402,10.120669905061732
2025-10-07 18:20:17.664,5.963560549158501,8.08045707616293,5.010897881549681,10.120669905061732
2025-10-07 18:20:17.876,5.924705369479852,8.081878607126782,5.025429086957956,10.120669905061732
2025-10-07 18:20:18.089,5.978723546106266,8.064267417963492,4.951114607125419,10.120669905061732
2025-10-07 18:20:18.301,6.001310093643042,8.104938998318175,5.022033207433196,10.120669905061732
2025-10-07 18:20:18.513,5.897854229051518,8.00788002306399,4.966040682245875,10.120669905061732
2025-10-07 18:20:18.723,5.98267224322808,8.089854975312846,5.028509070712971,10.120669905061732
2025-10-07 18:20:18.935,5.907252128201435,8.079904258565875,5.043356171890991,10.120669905061732
2025-10-07 18:20:19.147,5.9639554188706825,8.07895657125664,4.99628770219897,10.120669905061732
2025-10-07 18:20:19.359,5.976433301775614,8.101543118793415,5.024797295418466,10.120669905061732
2025-10-07 18:20:19.570,5.978565598221394,8.048472629476237,4.94408592624859,10.120669905061732
2025-10-07 18:20:19.782,5.993096803629669,8.093487776664915,5.009318402700956,10.120669905061732
2025-10-07 18:20:19.993,5.890272730577635,8.015461521537873,4.991233369883048,10.120669905061732
2025-10-07 18:20:20.205,5.972168708884055,8.093961620319533,5.029851627734388,10.120669905061732
2025-10-07 18:20:20.417,5.9644292625253,8.108334877842935,5.046199233818697,10.120669905061732
2025-10-07 18:20:20.628,5.965771819546717,8.072480707976865,4.956879704923267,10.120669905061732
2025-10-07 18:20:20.839,5.9829881389978254,8.0993318484052,5.009239428758519,10.120669905061732
2025-10-07 18:20:21.052,5.922494099091637,8.012697433552603,4.936346479889835,10.120669905061732
2025-10-07 18:20:21.261,5.982909165055389,8.084405773284743,5.00094716480271,10.120669905061732
2025-10-07 18:20:21.474,5.900539343094351,8.04183881831159,5.028193174943226,10.120669905061732
2025-10-07 18:20:21.686,5.963718497043374,8.076508379041115,5.0015789563422,10.120669905061732
2025-10-07 18:20:21.899,5.984488643904115,8.098384161095964,5.018479380023564,10.120669905061732
2025-10-07 18:20:22.111,5.9412109234490345,8.02272712424201,4.951825372607345,10.120669905061732
2025-10-07 18:20:22.324,5.987173757946948,8.093724698492224,5.031983924180167,10.120669905061732
2025-10-07 18:20:22.536,5.896432698087665,8.069874567876468,5.028193174943226,10.120669905061732
2025-10-07 18:20:22.747,5.962691835791702,8.084563721169616,5.006001497118632,10.120669905061732
2025-10-07 18:20:22.959,5.9980721620031545,8.118127646705034,5.042882328236374,10.120669905061732
2025-10-07 18:20:23.171,5.947607812786373,8.021147645393285,4.931844965170967,10.120669905061732
2025-10-07 18:20:23.384,5.968298985704678,8.076508379041115,5.006870210485431,10.120669905061732
2025-10-07 18:20:23.596,5.927627405349995,8.09593596888044,5.051569461904364,10.120669905061732
2025-10-07 18:20:23.807,5.9829881389978254,8.092145219643498,4.970463223022307,10.120669905061732
2025-10-07 18:20:24.020,5.983304034767571,8.092777011182989,5.015636318095858,10.120669905061732
2025-10-07 18:20:24.231,5.955505207030001,8.02888709175204,4.942664395284737,10.120669905061732
2025-10-07 18:20:24.444,5.983067112940262,8.092066245701062,5.028982914367589,10.120669905061732
2025-10-07 18:20:24.655,5.887903512304547,8.05984487718706,5.024560373591157,10.120669905061732
2025-10-07 18:20:24.867,5.965534897719408,8.079983232508312,4.9996046077812935,10.120669905061732
2025-10-07 18:20:25.078,5.982356347458335,8.112836392561803,5.050305878825384,10.120669905061732
2025-10-07 18:20:25.289,5.9653769498345355,8.045076749951477,4.934924948925982,10.120669905061732
2025-10-07 18:20:25.502,5.998309083830463,8.095620073110695,5.027719331288608,10.120669905061732
2025-10-07 18:20:25.713,5.896353724145229,8.018304583465579,4.995734884601916,10.120669905061732
2025-10-07 18:20:25.925,5.958901086554761,8.077614014235223,5.0038692006728525,10.120669905061732
2025-10-07 18:20:26.138,5.979671233415502,8.116785089683617,5.053227914695526,10.120669905061732
2025-10-07 18:20:26.349,5.981961477746154,8.082273476838964,4.9572745746354485,10.120669905061732
2025-10-07 18:20:26.561,5.98267224322808,8.086774991557832,5.007028158370304,10.120669905061732
2025-10-07 18:20:26.772,5.918308480142514,8.007564127294245,4.95024589375862,10.120669905061732
2025-10-07 18:20:26.985,5.977144067257541,8.092855985125425,5.026455748209628,10.120669905061732
2025-10-07 18:20:27.197,5.931655076414245,8.090960610506954,5.031904950237731,10.120669905061732
2025-10-07 18:20:27.409,5.966719506855952,8.07642940509868,4.9549843303047965,10.120669905061732
2025-10-07 18:20:27.621,6.000678302103552,8.110625122173587,5.030720341101187,10.120669905061732
2025-10-07 18:20:27.832,5.9307073891050095,8.021779436932775,4.95766944434763,10.120669905061732
2025-10-07 18:20:28.044,5.985673253040659,8.089933949255283,5.03000957561926,10.120669905061732
2025-10-07 18:20:28.256,5.91712387100597,8.079983232508312,5.030088549561697,10.120669905061732
2025-10-07 18:20:28.468,5.965850793489153,8.076745300868424,4.964856073109331,10.120669905061732
2025-10-07 18:20:28.679,5.9980721620031545,8.11417894958322,5.037196204380962,10.120669905061732
2025-10-07 18:20:28.892,5.940737079794417,8.024069681263427,4.944559769903208,10.120669905061732
2025-10-07 18:20:29.103,5.968930777244168,8.07366531711341,5.010818907607245,10.120669905061732
2025-10-07 18:20:29.315,5.891062470001998,8.057633606798845,5.0294567580222065,10.120669905061732
2025-10-07 18:20:29.527,5.962612861849266,8.076666326925988,4.9953400148897344,10.120669905061732
2025-10-07 18:20:29.739,5.975801510236124,8.098779030808146,5.023296790512177,10.120669905061732
2025-10-07 18:20:29.950,5.97185281311431,8.03781114724734,4.9430592649969185,10.120669905061732
2025-10-07 18:20:30.162,5.98077686860961,8.083695007802817,5.003237409133362,10.120669905061732
2025-10-07 18:20:30.374,5.889088121441091,8.021937384817647,5.00031537326322,10.120669905061732
2025-10-07 18:20:30.585,5.97398510956009,8.092777011182989,5.0266136960945005,10.120669905061732
2025-10-07 18:20:30.797,5.9619810703097755,8.109993330634097,5.049832035170766,10.120669905061732
2025-10-07 18:20:31.009,5.963876444928246,8.06474126161811,4.94621822269437,10.120669905061732
2025-10-07 18:20:31.221,5.997124474693919,8.102569780045087,5.02408652993654,10.120669905061732
2025-10-07 18:20:31.433,5.91775566254546,8.019252270774814,4.979624200344915,10.120669905061732
2025-10-07 18:20:31.645,5.9648241322374815,8.081562711357037,5.013030177995461,10.120669905061732
2025-10-07 18:20:31.856,5.897538333281773,8.071138150955449,5.02598190455501,10.120669905061732
2025-10-07 18:20:32.067,5.980697894667173,8.093566750607351,5.005369705579142,10.120669905061732
2025-10-07 18:20:32.279,6.0037582858585665,8.110467174288715,5.0246393475335935,10.120669905061732
2025-10-07 18:20:32.493,5.897854229051518,8.00788002306399,4.970147327252562,10.120669905061732
2025-10-07 18:20:32.705,5.980539946782301,8.09443546397415,5.026850617921809,10.120669905061732
2025-10-07 18:20:32.917,5.940342210082235,8.101306196966107,5.055676106911051,10.120669905061732
2025-10-07 18:20:33.129,5.966640532913516,8.07279660374661,4.951035633182983,10.120669905061732
2025-10-07 18:20:33.340,5.985515305155786,8.091118558391827,5.010581985779936,10.120669905061732
2025-10-07 18:20:33.553,5.906067519064891,8.009538475855152,4.961381219642135,10.120669905061732
2025-10-07 18:20:33.764,5.965771819546717,8.07492890019239,5.005685601348887,10.120669905061732
2025-10-07 18:20:33.976,5.9235997342857445,8.093013933010297,5.0499110091132025,10.120669905061732
2025-10-07 18:20:34.189,5.967272324453006,8.071138150955449,4.950798711355674,10.120669905061732
2025-10-07 18:20:34.400,5.982198399573463,8.093882646377097,5.015083500498804,10.120669905061732
2025-10-07 18:20:34.612,5.941289897391471,8.024938394630226,4.949772050104002,10.120669905061732
2025-10-07 18:20:34.823,5.990332715644399,8.092303167528371,5.028351122828099,10.120669905061732
2025-10-07 18:20:35.035,5.884112763067606,8.049341342843036,5.019742963102544,10.120669905061732
2025-10-07 18:20:35.246,5.964350288582864,8.079509388853694,4.99415540575319,10.120669905061732
2025-10-07 18:20:35.460,5.998230109888027,8.111098965828205,5.0379859438053245,10.120669905061732
2025-10-07 18:20:35.672,5.918071558315205,8.009301554027843,4.941479786148193,10.120669905061732
2025-10-07 18:20:35.884,5.969720516668531,8.076034535386498,5.012003516743789,10.120669905061732
2025-10-07 18:20:36.096,5.9108059556110675,8.083221164148199,5.044461807085099,10.120669905061732
2025-10-07 18:20:36.306,5.978407650336521,8.093961620319533,5.021085520123961,10.120669905061732
2025-10-07 18:20:36.519,5.970115386380712,8.104070284951376,5.029061888310025,10.120669905061732
2025-10-07 18:20:36.730,5.977696884854595,8.051552613231252,4.942269525572556,10.120669905061732
2025-10-07 18:20:36.942,5.994281412766213,8.098226213211092,5.023138842627304,10.120669905061732
2025-10-07 18:20:37.154,5.891457339714179,8.020042010199177,4.994629249407808,10.120669905061732
2025-10-07 18:20:37.366,5.958032373187962,8.075876587501625,5.009792246355573,10.120669905061732
2025-10-07 18:20:37.579,5.993017829687233,8.11078307005846,5.036485438899035,10.120669905061732
2025-10-07 18:20:37.791,5.935445825651186,8.01743587009878,4.9325557306528935,10.120669905061732
2025-10-07 18:20:38.005,5.983304034767571,8.091592402046444,5.025666008785265,10.120669905061732
2025-10-07 18:20:38.217,5.935445825651186,8.094277516089278,5.035616725532236,10.120669905061732
2025-10-07 18:20:38.429,5.967904115992496,8.06008179901437,4.942111577687683,10.120669905061732
2025-10-07 18:20:38.642,5.998703953542645,8.100279535714435,5.0246393475335935,10.120669905061732
2025-10-07 18:20:38.855,5.898564994533444,8.054395675158958,5.030641367158751,10.120669905061732
2025-10-07 18:20:39.067,5.96040159146105,8.082510398666273,5.006396366830813,10.120669905061732
2025-10-07 18:20:39.279,5.974222031387399,8.104465154663558,5.037906969862888,10.120669905061732
2025-10-07 18:20:39.491,5.967509246280315,8.040101391577991,4.94471771778808,10.120669905061732
2025-10-07 18:20:39.704,5.974695875042016,8.07769298817766,5.008528663276593,10.120669905061732
2025-10-07 18:20:39.915,5.890114782692763,8.06134538209335,5.029693679849515,10.120669905061732
2025-10-07 18:20:40.127,5.982356347458335,8.094830333686332,5.007975845679539,10.120669905061732
2025-10-07 18:20:40.340,6.000678302103552,8.110862044000896,5.0266136960945005,10.120669905061732
2025-10-07 18:20:40.553,5.910174164071577,8.002035951323705,4.968567848403836,10.120669905061732
2025-10-07 18:20:40.766,5.973037422250854,8.094514437916587,5.026534722152064,10.120669905061732
2025-10-07 18:20:40.977,5.960954409058104,8.109124617267298,5.05101664430731,10.120669905061732
2025-10-07 18:20:41.190,5.978565598221394,8.06813714114287,4.955774069729159,10.120669905061732
2025-10-07 18:20:41.401,6.001073171815733,8.110625122173587,5.031115210813368,10.120669905061732
2025-10-07 18:20:41.612,5.926126900443705,8.013329225092093,4.936188532004962,10.120669905061732
2025-10-07 18:20:41.824,5.985357357270914,8.09167137598888,5.0280352270583535,10.120669905061732
2025-10-07 18:20:42.036,5.891615287599052,8.06410947007862,5.024797295418466,10.120669905061732
2025-10-07 18:20:42.248,5.976117406005869,8.08977600137041,4.9871267248763615,10.120669905061732
2025-10-07 18:20:42.460,6.001073171815733,8.110941017943333,5.037591074093143,10.120669905061732
2025-10-07 18:20:42.671,5.943580141722123,8.020357905968922,4.931450095458786,10.120669905061732
2025-10-07 18:20:42.882,5.982356347458335,8.08574833030616,5.0095553245282645,10.120669905061732
2025-10-07 18:20:43.094,5.904014196561548,8.037021407822976,5.018637327908436,10.120669905061732
2025-10-07 18:20:43.306,5.975169718696634,8.096409812535057,5.023296790512177,10.120669905061732
2025-10-07 18:20:43.518,5.955189311260256,8.095620073110695,5.0289039404251525,10.120669905061732
2025-10-07 18:20:43.730,5.976354327833178,8.045787515433403,4.945270535385134,10.120669905061732
2025-10-07 18:20:43.942,5.999177797197262,8.102332858217778,5.020848598296652,10.120669905061732
2025-10-07 18:20:44.154,5.892247079138542,8.020752775681103,5.003237409133362,10.120669905061732
2025-10-07 18:20:44.367,5.965692845604281,8.080930919817547,4.994076431810754,10.120669905061732
2025-10-07 18:20:44.579,5.989227080450291,8.112204601022313,5.045488468336771,10.120669905061732
2025-10-07 18:20:44.790,5.9634026012736285,8.036468590225923,4.935477766523036,10.120669905061732
2025-10-07 18:20:45.002,5.985357357270914,8.08701191338514,5.002052799996818,10.120669905061732
2025-10-07 18:20:45.214,5.899038838188062,8.03441526772258,5.02069065041178,10.120669905061732
2025-10-07 18:20:45.426,5.977302015142413,8.094988281571204,5.023928582051667,10.120669905061732
2025-10-07 18:20:45.638,5.962612861849266,8.0984631350384,5.0317470023528585,10.120669905061732
2025-10-07 18:20:45.851,5.9710630736899475,8.045471619663658,4.9430592649969185,10.120669905061732
2025-10-07 18:20:46.062,5.998703953542645,8.098384161095964,5.0217962856058875,10.120669905061732
2025-10-07 18:20:46.275,5.887903512304547,8.043418297160315,5.027640357346172,10.120669905061732
2025-10-07 18:20:46.488,5.979750207357938,8.091197532334263,5.000710242975401,10.120669905061732
2025-10-07 18:20:46.699,5.97864457216383,8.101701066678288,5.025744982727701,10.120669905061732
2025-10-07 18:20:46.911,5.955821102799746,8.026438899536515,4.93050240814955,10.120669905061732
2025-10-07 18:20:47.123,5.992622959975051,8.09593596888044,5.026376774267192,10.120669905061732
2025-10-07 18:20:47.336,5.900618317036788,8.064030496136184,5.0379859438053245,10.120669905061732
2025-10-07 18:20:47.549,5.980855842552046,8.08045707616293,4.9586961055993015,10.120669905061732
2025-10-07 18:20:47.761,5.987963497371311,8.088591392233866,5.0047379140396515,10.120669905061732
2025-10-07 18:20:47.973,5.915307470329935,8.012302563840421,4.942585421342301,10.120669905061732
2025-10-07 18:20:48.185,5.985594279098223,8.090170871082591,5.025902930612574,10.120669905061732
2025-10-07 18:20:48.397,5.935603773536059,8.101701066678288,5.054254575947198,10.120669905061732
2025-10-07 18:20:48.609,5.983304034767571,8.082668346551145,4.958854053484174,10.120669905061732
2025-10-07 18:20:48.821,5.984567617846551,8.092303167528371,5.012082490686225,10.120669905061732
2025-10-07 18:20:49.032,5.932918659493225,8.015145625768128,4.935556740465472,10.120669905061732
2025-10-07 18:20:49.244,5.988516314968365,8.087564730982194,5.02598190455501,10.120669905061732
2025-10-07 18:20:49.457,5.938841705175946,8.102174910332906,5.0536227844077075,10.120669905061732
2025-10-07 18:20:49.668,5.965929767431589,8.076271457213807,4.964066333684968,10.120669905061732
2025-10-07 18:20:49.880,5.987884523428875,8.106439503224465,5.03151008052555,10.120669905061732
2025-10-07 18:20:50.091,5.961902096367339,8.03101938819782,4.942427473457428,10.120669905061732
2025-10-07 18:20:50.305,5.963639523100937,8.08385295568769,5.023612686281922,10.120669905061732
2025-10-07 18:20:50.518,5.971773839171874,8.113468184101293,5.048173582379604,10.120669905061732
2025-10-07 18:20:50.730,5.961270304827849,8.022648150299574,4.9297126687251875,10.120669905061732
2025-10-07 18:20:50.943,5.978407650336521,8.076587352983552,5.005764575291323,10.120669905061732
2025-10-07 18:20:51.155,5.9017239522308955,8.040101391577991,5.020216806757162,10.120669905061732
2025-10-07 18:20:51.364,5.9852783833284775,8.088986261946047,5.028193174943226,10.120669905061732
2025-10-07 18:20:51.576,5.899275760015371,8.071611994610066,5.026850617921809,10.120669905061732
2025-10-07 18:20:51.788,5.979829181300374,8.09064471473721,4.9842836629486555,10.120669905061732
2025-10-07 18:20:52.000,6.003521364031258,8.115363558719764,5.038380813517506,10.120669905061732
2025-10-07 18:20:52.212,5.934577112284387,8.018304583465579,4.934924948925982,10.120669905061732
2025-10-07 18:20:52.423,5.982356347458335,8.083537059917944,5.006554314715686,10.120669905061732
2025-10-07 18:20:52.635,5.902513691655258,8.045708541490967,5.028667018597844,10.120669905061732
2025-10-07 18:20:52.847,5.964745158295045,8.082115528954091,5.007975845679539,10.120669905061732
2025-10-07 18:20:53.058,5.948476526153172,8.092855985125425,5.028193174943226,10.120669905061732
2025-10-07 18:20:53.271,5.976433301775614,8.048472629476237,4.944638743845644,10.120669905061732
2025-10-07 18:20:53.483,5.99625576132712,8.092698037240552,5.0237706341667945,10.120669905061732
2025-10-07 18:20:53.695,5.884902502491968,8.033862450125525,5.010818907607245,10.120669905061732
2025-10-07 18:20:53.907,5.964587210410173,8.079983232508312,5.012003516743789,10.120669905061732
2025-10-07 18:20:54.119,5.982356347458335,8.111888705252568,5.050542800652693,10.120669905061732
2025-10-07 18:20:54.331,5.962770809734138,8.041443948599408,4.9368203235444525,10.120669905061732
2025-10-07 18:20:54.543,5.996097813442248,8.09656776041993,5.027719331288608,10.120669905061732
2025-10-07 18:20:54.756,5.886876851052875,8.049420316785472,5.023138842627304,10.120669905061732
2025-10-07 18:20:54.967,5.964350288582864,8.073270447401228,4.989180047379705,10.120669905061732
2025-10-07 18:20:55.179,5.985357357270914,8.113705105928602,5.049200243631276,10.120669905061732
2025-10-07 18:20:55.391,5.977854832739467,8.04989416044009,4.944401822018335,10.120669905061732
2025-10-07 18:20:55.601,5.986226070637713,8.078008883947405,4.999209738069112,10.120669905061732
2025-10-07 18:20:55.813,5.911279799265685,8.020436879911358,4.981677522848258,10.120669905061732
2025-10-07 18:20:56.025,5.98756862765913,8.093724698492224,5.027087539749118,10.120669905061732
2025-10-07 18:20:56.237,5.904488040216165,8.075165822019699,5.0317470023528585,10.120669905061732
2025-10-07 18:20:56.450,5.964903106179918,8.046893150627511,4.936346479889835,10.120669905061732
2025-10-07 18:20:56.663,5.994834230363267,8.097673395614038,5.023533712339486,10.120669905061732
2025-10-07 18:20:56.874,5.907015206374126,8.026517873478952,4.996840519796024,10.120669905061732
2025-10-07 18:20:57.085,5.962928757619011,8.076350431156243,5.008686611161465,10.120669905061732
2025-10-07 18:20:57.297,5.948160630383427,8.10549181591523,5.052043305558982,10.120669905061732
2025-10-07 18:20:57.509,5.982356347458335,8.082905268378454,4.961855063296753,10.120669905061732
2025-10-07 18:20:57.721,5.985910174867968,8.095462125225822,5.014767604729059,10.120669905061732
2025-10-07 18:20:57.933,5.917518740718151,8.008827710373225,4.946771040291424,10.120669905061732
2025-10-07 18:20:58.144,5.989306054392728,8.08851241829143,5.029930601676824,10.120669905061732
2025-10-07 18:20:58.357,5.911358773208121,8.078087857889841,5.031352132640677,10.120669905061732
2025-10-07 18:20:58.569,5.967114376568134,8.077140170580606,4.955458173959414,10.120669905061732
2025-10-07 18:20:58.781,5.989858871989782,8.098384161095964,5.0166629793475295,10.120669905061732
2025-10-07 18:20:58.992,5.930944310932318,8.012381537782858,4.934056235559183,10.120669905061732
2025-10-07 18:20:59.203,5.991991168435561,8.09506725551364,5.027403435518863,10.120669905061732
2025-10-07 18:20:59.415,5.899749603669989,8.047288020339693,5.025902930612574,10.120669905061732
2025-10-07 18:20:59.627,5.96379747098581,8.079272467026385,5.0081337935644115,10.120669905061732
2025-10-07 18:20:59.838,5.945870386052775,8.094751359743896,5.039091578999432,10.120669905061732
2025-10-07 18:21:00.050,5.9824353214007715,8.075402743847008,4.95364177328338,10.120669905061732
2025-10-07 18:21:00.262,5.983698904479752,8.091355480219136,5.008449689334157,10.120669905061732
2025-10-07 18:21:00.474,5.8960378283754835,8.014276912401328,4.988785177667523,10.120669905061732
2025-10-07 18:21:00.687,5.977854832739467,8.09719955195942,5.02874599254028,10.120669905061732
2025-10-07 18:21:00.899,5.984330696019242,8.115995350259254,5.048884347861531,10.120669905061732
2025-10-07 18:21:01.110,5.981961477746154,8.084800642996925,4.966277604073184,10.120669905061732
2025-10-07 18:21:01.319,5.973511265905472,8.099726718117381,5.028430096770535,10.120669905061732
2025-10-07 18:21:01.531,5.962612861849266,8.035283981089378,4.93326649613482,10.120669905061732
2025-10-07 18:21:01.742,6.0009152239308605,8.103280545527014,5.0232178165697405,10.120669905061732
2025-10-07 18:21:01.954,5.911042877438376,8.02059482779623,4.998341024702313,10.120669905061732
2025-10-07 18:21:02.165,5.968851803301732,8.07745606635035,5.009318402700956,10.120669905061732
2025-10-07 18:21:02.377,5.906146493007327,8.075165822019699,5.0337213509137655,10.120669905061732
2025-10-07 18:21:02.590,5.9844096699616784,8.083931929630126,4.962486854836243,10.120669905061732
2025-10-07 18:21:02.802,5.987331705831821,8.089697027427974,5.013661969534951,10.120669905061732
2025-10-07 18:21:03.014,5.91372799148121,8.023911733378554,5.002921513363617,10.120669905061732
2025-10-07 18:21:03.227,5.9625338879068295,8.076982222695733,5.004106122500161,10.120669905061732
2025-10-07 18:21:03.439,5.969325646956349,8.100516457541744,5.030483419273878,10.120669905061732
2025-10-07 18:21:03.650,5.979908155242811,8.06474126161811,4.9515094768376,10.120669905061732
2025-10-07 18:21:03.862,6.001941885182532,8.108255903900499,5.027798305231045,10.120669905061732
2025-10-07 18:21:04.074,5.897301411454464,8.011117954703877,4.977018060244518,10.120669905061732
2025-10-07 18:21:04.285,5.978565598221394,8.088354470406557,5.027640357346172,10.120669905061732
2025-10-07 18:21:04.497,5.924863317364725,8.091197532334263,5.051648435846801,10.120669905061732
2025-10-07 18:21:04.709,5.964745158295045,8.073270447401228,4.958380209829556,10.120669905061732
2025-10-07 18:21:04.921,5.986936836119639,8.09719955195942,5.0123983864559705,10.120669905061732
2025-10-07 18:21:05.134,5.918861297739568,8.023516863666373,4.97464884197143,10.120669905061732
2025-10-07 18:21:05.345,5.983777878422188,8.085827304248596,5.015715292038294,10.120669905061732
2025-10-07 18:21:05.557,5.905909571180018,8.073902238940718,5.029535731964643,10.120669905061732
2025-10-07 18:21:05.769,5.9810137904369185,8.090565740794773,4.974727815913866,10.120669905061732
2025-10-07 18:21:05.981,6.0037582858585665,8.111493835540386,5.034826986107873,10.120669905061732
2025-10-07 18:21:06.192,5.942237584700706,8.016646130674417,4.9316870172860945,10.120669905061732
2025-10-07 18:21:06.404,5.977854832739467,8.07769298817766,5.010660959722372,10.120669905061732
2025-10-07 18:21:06.617,5.911516721092994,8.08385295568769,5.048726399976658,10.120669905061732
2025-10-07 18:21:06.829,5.964982080122354,8.078403753659586,4.959959688678282,10.120669905061732
2025-10-07 18:21:07.041,5.984567617846551,8.095620073110695,5.015478370210985,10.120669905061732
2025-10-07 18:21:07.252,5.952267275390113,8.02272712424201,4.9331085482499475,10.120669905061732
2025-10-07 18:21:07.464,5.976828171487796,8.075797613559189,5.007502002024921,10.120669905061732
2025-10-07 18:21:07.676,5.900697290979224,8.069558672106723,5.0442248852577904,10.120669905061732
2025-10-07 18:21:07.888,5.982514295343208,8.095620073110695,5.009318402700956,10.120669905061732
2025-10-07 18:21:08.100,5.977933806681904,8.095699047053131,5.024560373591157,10.120669905061732
2025-10-07 18:21:08.311,5.960717487230795,8.044287010527114,4.942664395284737,10.120669905061732
2025-10-07 18:21:08.523,6.000836249988424,8.100753379369053,5.024402425706285,10.120669905061732
2025-10-07 18:21:08.734,5.894458349526758,8.010565137106823,4.98333597563942,10.120669905061732
2025-10-07 18:21:08.946,5.962849783676575,8.07706119663817,5.008449689334157,10.120669905061732
2025-10-07 18:21:09.160,5.996176787384684,8.10951948697948,5.035221855820055,10.120669905061732
2025-10-07 18:21:09.375,5.902197795885513,8.043339323217879,5.0195060412752355,10.120669905061732
2025-10-07 18:21:09.587,5.9611123569429765,8.081009893759983,5.00773892385223,10.120669905061732
2025-10-07 18:21:09.798,5.9619810703097755,8.109598460921916,5.052596123156036,10.120669905061732
2025-10-07 18:21:10.010,5.980618920724737,8.08298424232089,4.963987359742532,10.120669905061732
2025-10-07 18:21:10.224,5.979829181300374,8.07769298817766,5.003632278845544,10.120669905061732
2025-10-07 18:21:10.435,5.884112763067606,8.038284990901957,5.013030177995461,10.120669905061732
2025-10-07 18:21:10.647,5.981645581976409,8.09870005686571,5.028430096770535,10.120669905061732
2025-10-07 18:21:10.858,5.928969962371411,8.084958590881797,5.033326481201584,10.120669905061732
2025-10-07 18:21:11.069,5.966324637143771,8.07216481220712,4.9492982064493845,10.120669905061732
2025-10-07 18:21:11.284,5.971615891287001,8.073112499516355,5.0105030118375,10.120669905061732
2025-10-07 18:21:11.496,5.89058862634738,8.057870528626154,5.026929591864246,10.120669905061732
2025-10-07 18:21:11.707,5.979434311588193,8.095778020995567,5.024244477821412,10.120669905061732
2025-10-07 18:21:11.919,5.972089734941619,8.114889715065146,5.055281237198869,10.120669905061732
2025-10-07 18:21:12.131,5.958427242900143,8.016962026444162,4.929633694782751,10.120669905061732
2025-10-07 18:21:12.347,5.979434311588193,8.092934959067861,5.018005536368946,10.120669905061732
2025-10-07 18:21:12.559,5.966324637143771,8.10865077361268,5.055439185083742,10.120669905061732
2025-10-07 18:21:12.770,5.96719335051057,8.074770952307517,4.954352538765306,10.120669905061732
2025-10-07 18:21:12.981,5.985594279098223,8.096646734362366,5.016741953289966,10.120669905061732
2025-10-07 18:21:13.192,5.9548734154905105,8.019647140486995,4.9492982064493845,10.120669905061732
2025-10-07 18:21:13.407,5.979987129185247,8.086064226075905,5.011529673089171,10.120669905061732
2025-10-07 18:21:13.618,5.924863317364725,8.085906278191032,5.033326481201584,10.120669905061732
2025-10-07 18:21:13.829,5.98417274813437,8.096093916765312,4.99691949373846,10.120669905061732
2025-10-07 18:21:14.041,6.000678302103552,8.106281555339592,5.03214187206504,10.120669905061732
2025-10-07 18:21:14.254,5.92115154207022,8.023437889723937,4.976149346877719,10.120669905061732
2025-10-07 18:21:14.466,5.980855842552046,8.088354470406557,5.027245487633991,10.120669905061732
2025-10-07 18:21:14.677,5.912622356287102,8.081167841644856,5.031825976295295,10.120669905061732
2025-10-07 18:21:14.889,5.9838568523646245,8.092855985125425,4.986652881221744,10.120669905061732
2025-10-07 18:21:15.101,6.000362406333807,8.099647744174945,5.02132244195127,10.120669905061732
2025-10-07 18:21:15.315,5.893273740390214,8.015145625768128,4.993049770559082,10.120669905061732
2025-10-07 18:21:15.526,5.982356347458335,8.09317188089517,5.034195194568383,10.120669905061732
2025-10-07 18:21:15.739,5.950529848656515,8.09719955195942,5.034748012165437,10.120669905061732
2025-10-07 18:21:15.949,5.967114376568134,8.076508379041115,4.973780128604631,10.120669905061732
2025-10-07 18:21:16.161,5.999888562679189,8.118127646705034,5.046041285933825,10.120669905061732
2025-10-07 18:21:16.371,5.978486624278958,8.041049078887227,4.935477766523036,10.120669905061732
2025-10-07 18:21:16.583,5.985910174867968,8.086064226075905,5.004816887982088,10.120669905061732
2025-10-07 18:21:16.794,5.908673659165288,8.021858410875211,4.995103093062426,10.120669905061732
2025-10-07 18:21:17.005,5.986384018522585,8.09317188089517,5.027403435518863,10.120669905061732
2025-10-07 18:21:17.216,5.891536313656616,8.058897189877825,5.031036236870932,10.120669905061732
2025-10-07 18:21:17.429,5.96995743849584,8.073507369228537,4.949140258564512,10.120669905061732
2025-10-07 18:21:17.644,5.991675272665816,8.094593411859023,5.027719331288608,10.120669905061732
2025-10-07 18:21:17.856,5.888140434131856,8.042944453505697,5.016268109635348,10.120669905061732
2025-10-07 18:21:18.069,5.963639523100937,8.079983232508312,4.980966757366332,10.120669905061732
2025-10-07 18:21:18.280,5.997124474693919,8.110546148231151,5.034037246683511,10.120669905061732
2025-10-07 18:21:18.495,5.9059885451224545,8.026675821363824,5.0095553245282645,10.120669905061732
2025-10-07 18:21:18.706,5.965140028007227,8.07895657125664,5.0095553245282645,10.120669905061732
2025-10-07 18:21:18.917,5.920914620242911,8.087801652809503,5.050463826710256,10.120669905061732
2025-10-07 18:21:19.130,5.984330696019242,8.090723688679645,4.970147327252562,10.120669905061732
2025-10-07 18:21:19.342,5.985752226983095,8.08724883521245,5.012240438571098,10.120669905061732
2025-10-07 18:21:19.553,5.916176183696734,8.011433850473622,4.947007962118732,10.120669905061732
2025-10-07 18:21:19.766,5.967351298395442,8.074455056537772,5.008291741449284,10.120669905061732
2025-10-07 18:21:19.978,5.920677698415602,8.086538069730523,5.034037246683511,10.120669905061732
2025-10-07 18:21:20.190,5.982909165055389,8.076982222695733,4.956879704923267,10.120669905061732
2025-10-07 18:21:20.403,6.001310093643042,8.097436473786729,5.0104240378950635,10.120669905061732
2025-10-07 18:21:20.614,5.898801916360753,8.008590788545916,4.975517555338229,10.120669905061732
2025-10-07 18:21:20.826,5.975722536293688,8.094040594261969,5.026929591864246,10.120669905061732
2025-10-07 18:21:21.038,5.957874425303089,8.10801898207319,5.049832035170766,10.120669905061732
2025-10-07 18:21:21.251,5.965219001949663,8.028966065694476,4.932871626422639,10.120669905061732
2025-10-07 18:21:21.463,5.983383008710007,8.081325789529728,5.002210747881691,10.120669905061732
2025-10-07 18:21:21.675,5.90290856136744,8.032756814931417,5.021085520123961,10.120669905061732
2025-10-07 18:21:21.887,5.961428252712722,8.083142190205763,5.009239428758519,10.120669905061732
2025-10-07 18:21:22.098,5.921546411782401,8.083300138090635,5.032062898122604,10.120669905061732
2025-10-07 18:21:22.309,5.982909165055389,8.086696017615395,4.970542196964743,10.120669905061732
2025-10-07 18:21:22.523,6.001547015470351,8.096883656189675,5.01919014550549,10.120669905061732
2025-10-07 18:21:22.735,5.890509652404944,8.015540495480309,4.992970796616646,10.120669905061732
2025-10-07 18:21:22.947,5.977459963027286,8.099173900520327,5.03000957561926,10.120669905061732
2025-10-07 18:21:23.156,5.901881900115768,8.049657238612781,5.025034217245775,10.120669905061732
2025-10-07 18:21:23.366,5.971299995517256,8.078640675486895,5.009792246355573,10.120669905061732
2025-10-07 18:21:23.577,5.89058862634738,8.06410947007862,5.028824966482716,10.120669905061732
2025-10-07 18:21:23.786,5.981092764379355,8.097041604074548,5.034195194568383,10.120669905061732
2025-10-07 18:21:23.996,5.887666590477238,8.038758834556575,5.008923532988774,10.120669905061732
2025-10-07 18:21:24.206,5.983698904479752,8.093882646377097,5.029693679849515,10.120669905061732
2025-10-07 18:21:24.416,5.905040857813219,8.034257319837707,5.0138199174198235,10.120669905061732
2025-10-07 18:21:24.625,5.972642552538673,8.075086848077262,5.009950194240446,10.120669905061732
2025-10-07 18:21:24.834,5.901250108576278,8.005510804790902,4.983730845351602,10.120669905061732
2025-10-07 18:21:25.046,5.9824353214007715,8.094198542146842,5.0294567580222065,10.120669905061732
2025-10-07 18:21:25.257,5.901487030403587,8.071296098840321,5.027877279173481,10.120669905061732
2025-10-07 18:21:25.470,5.964903106179918,8.046814176685075,4.934688027098673,10.120669905061732
2025-10-07 18:21:25.685,5.990411689586836,8.083931929630126,5.027324461576427,10.120669905061732
2025-10-07 18:21:25.898,5.932918659493225,8.098858004750582,5.053859706235016,10.120669905061732
2025-10-07 18:21:26.110,5.98267224322808,8.087959600694376,4.96912066600089,10.120669905061732
2025-10-07 18:21:26.321,5.989700924104909,8.099647744174945,5.0175316927143285,10.120669905061732
2025-10-07 18:21:26.533,5.941368871333907,8.017277922213907,4.934214183444055,10.120669905061732
2025-10-07 18:21:26.745,5.988911184680546,8.090486766852337,5.0294567580222065,10.120669905061732
2025-10-07 18:21:26.958,5.928338170831921,8.095462125225822,5.0522012534438545,10.120669905061732
2025-10-07 18:21:27.170,5.965297975892099,8.07832477971715,4.960907375987517,10.120669905061732
2025-10-07 18:21:27.381,5.9829881389978254,8.10185901456316,5.030957262928496,10.120669905061732
2025-10-07 18:21:27.592,5.975801510236124,8.019173296832378,4.941716707975502,10.120669905061732
2025-10-07 18:21:27.805,5.972721526481109,8.076113509328934,5.010581985779936,10.120669905061732
2025-10-07 18:21:28.018,5.93876273123351,8.087327809154885,5.033879298798638,10.120669905061732
2025-10-07 18:21:28.230,5.966956428683261,8.074139160768027,4.955774069729159,10.120669905061732
2025-10-07 18:21:28.441,5.984567617846551,8.099726718117381,5.020611676469343,10.120669905061732
2025-10-07 18:21:28.651,5.98204045168859,8.050841847749325,4.9450336135578254,10.120669905061732
2025-10-07 18:21:28.863,5.999098823254826,8.099015952635455,5.0223491032029415,10.120669905061732
2025-10-07 18:21:29.075,5.890430678462508,8.019726114429432,4.993286692386391,10.120669905061732
2025-10-07 18:21:29.286,5.973827161675217,8.090881636564518,5.030720341101187,10.120669905061732
2025-10-07 18:21:29.498,5.946739099419574,8.100674405426616,5.045567442279207,10.120669905061732
2025-10-07 18:21:29.713,5.940816053736853,8.018936375005069,4.9331085482499475,10.120669905061732
2025-10-07 18:21:29.924,5.980934816494482,8.080378102220493,5.006870210485431,10.120669905061732
2025-10-07 18:21:30.136,5.901566004346023,8.040575235232609,5.027403435518863,10.120669905061732
2025-10-07 18:21:30.349,5.983540956594879,8.090723688679645,5.002131773939254,10.120669905061732
2025-10-07 18:21:30.560,5.9753276665815065,8.090012923197719,5.019821937044981,10.120669905061732
2025-10-07 18:21:30.773,5.946107307880084,8.02549121222728,4.953720747225816,10.120669905061732
2025-10-07 18:21:30.987,5.9767491975453595,8.09719955195942,5.028982914367589,10.120669905061732
2025-10-07 18:21:31.199,5.939078627003255,8.089618053485538,5.033484429086457,10.120669905061732
2025-10-07 18:21:31.410,5.969167699071477,8.054000805446776,4.946297196636806,10.120669905061732
2025-10-07 18:21:31.622,6.002573676722022,8.106281555339592,5.024797295418466,10.120669905061732
2025-10-07 18:21:31.837,5.891299391829307,8.06071359055386,5.029772653791952,10.120669905061732
2025-10-07 18:21:32.048,5.963481575216065,8.08827549646412,5.014372735016877,10.120669905061732
2025-10-07 18:21:32.258,5.9093844246472145,8.076666326925988,5.031589054467986,10.120669905061732
2025-10-07 18:21:32.470,5.966403611086207,8.069716619991596,4.952457164146836,10.120669905061732
2025-10-07 18:21:32.682,6.006048530189219,8.116469193913872,5.035853647359545,10.120669905061732
2025-10-07 18:21:32.894,5.939078627003255,8.025886081939461,4.947165910003605,10.120669905061732
2025-10-07 18:21:33.105,5.9696415427260945,8.077614014235223,5.012319412513534,10.120669905061732
2025-10-07 18:21:33.317,5.9003024212670425,8.06963764604916,5.042408484581756,10.120669905061732
2025-10-07 18:21:33.530,5.982356347458335,8.093645724549788,4.9899697868040676,10.120669905061732
2025-10-07 18:21:33.741,5.982514295343208,8.099252874462763,5.019663989160108,10.120669905061732
2025-10-07 18:21:33.953,5.9355247995936224,8.012618459610167,4.936978271429325,10.120669905061732
2025-10-07 18:21:34.165,5.98883221073811,8.090486766852337,5.028509070712971,10.120669905061732
2025-10-07 18:21:34.377,5.9108059556110675,8.081878607126782,5.040592083905722,10.120669905061732
2025-10-07 18:21:34.589,5.964113366755555,8.07003251576134,4.959327897138792,10.120669905061732
2025-10-07 18:21:34.803,6.003995207685875,8.105649763800102,5.026139852439883,10.120669905061732
2025-10-07 18:21:35.014,5.928022275062176,8.022490202414701,4.960749428102645,10.120669905061732
2025-10-07 18:21:35.225,5.9781707285092125,8.078087857889841,5.011529673089171,10.120669905061732
2025-10-07 18:21:35.436,5.888535303844037,8.03101938819782,5.009081480873647,10.120669905061732
2025-10-07 18:21:35.647,5.976275353890742,8.089065235888484,5.014925552613931,10.120669905061732
2025-10-07 18:21:35.862,5.990490663529272,8.096093916765312,5.018479380023564,10.120669905061732
2025-10-07 18:21:36.073,5.945001672685976,8.018857401062633,4.934135209501619,10.120669905061732
2025-10-07 18:21:36.285,5.99499217824814,8.09593596888044,5.028272148885662,10.120669905061732
2025-10-07 18:21:36.497,5.88719274682262,8.045550593606094,5.02408652993654,10.120669905061732
2025-10-07 18:21:36.710,5.985673253040659,8.088117548579248,4.9706211709071795,10.120669905061732
2025-10-07 18:21:36.922,5.999177797197262,8.106913346879082,5.033958272741074,10.120669905061732
2025-10-07 18:21:37.134,5.922099229379455,8.014355886343765,4.938162880565869,10.120669905061732
2025-10-07 18:21:37.345,5.980697894667173,8.084089877514998,5.020058858872289,10.120669905061732
2025-10-07 18:21:37.557,5.9017239522308955,8.075481717789444,5.046831025358188,10.120669905061732
2025-10-07 18:21:37.770,5.967351298395442,8.078008883947405,4.964619151282022,10.120669905061732
2025-10-07 18:21:37.982,5.98417274813437,8.09593596888044,5.019663989160108,10.120669905061732
2025-10-07 18:21:38.193,5.96656155897108,8.023437889723937,4.94069004672383,10.120669905061732
2025-10-07 18:21:38.404,6.001310093643042,8.100200561771999,5.023849608109231,10.120669905061732
2025-10-07 18:21:38.615,5.890509652404944,8.020042010199177,5.005448679521578,10.120669905061732
2025-10-07 18:21:38.830,5.983067112940262,8.083379112033072,4.966751447727802,10.120669905061732
2025-10-07 18:21:39.042,6.003521364031258,8.111809731310132,5.032220846007476,10.120669905061732
2025-10-07 18:21:39.253,5.9511616401960055,8.025728134054589,4.946376170579242,10.120669905061732
2025-10-07 18:21:39.466,5.980934816494482,8.092777011182989,5.029772653791952,10.120669905061732
2025-10-07 18:21:39.678,5.909226476762342,8.071927890379811,5.022428077145378,10.120669905061732
2025-10-07 18:21:39.892,5.978486624278958,8.052342352655614,4.9478766754855315,10.120669905061732
2025-10-07 18:21:40.103,6.003837259801003,8.09996363994469,5.0209275722390885,10.120669905061732
2025-10-07 18:21:40.317,5.889009147498655,8.061424356035786,5.029061888310025,10.120669905061732
2025-10-07 18:21:40.530,5.9682200117622415,8.076034535386498,4.972200649755905,10.120669905061732
2025-10-07 18:21:40.741,5.978960467933575,8.09443546397415,5.022743972915123,10.120669905061732
2025-10-07 18:21:40.954,5.914438756963136,8.010881032876568,4.947639753658223,10.120669905061732
2025-10-07 18:21:41.165,5.990016819874654,8.09467238580146,5.030957262928496,10.120669905061732
2025-10-07 18:21:41.374,5.92115154207022,8.015777417307618,4.968172978691655,10.120669905061732
2025-10-07 18:21:41.586,5.970668203977766,8.080378102220493,5.01389889136226,10.120669905061732
2025-10-07 18:21:41.798,5.919098219566877,8.086538069730523,5.051648435846801,10.120669905061732
2025-10-07 18:21:42.010,5.980381998897428,8.093961620319533,4.987837490358288,10.120669905061732
2025-10-07 18:21:42.221,5.9838568523646245,8.099015952635455,5.0232178165697405,10.120669905061732
2025-10-07 18:21:42.432,5.963481575216065,8.040891131002354,4.936899297486889,10.120669905061732
2025-10-07 18:21:42.644,5.998546005657772,8.096804682247239,5.029851627734388,10.120669905061732
2025-10-07 18:21:42.856,5.891378365771743,8.02675479530626,5.005053809809397,10.120669905061732
2025-10-07 18:21:43.068,5.961349278770285,8.07832477971715,5.006870210485431,10.120669905061732
2025-10-07 18:21:43.280,5.986778888234767,8.115205610834892,5.04912126968884,10.120669905061732
2025-10-07 18:21:43.492,5.98267224322808,8.064899209502983,4.952931007801453,10.120669905061732
2025-10-07 18:21:43.703,5.986857862177203,8.080378102220493,5.0024476697089995,10.120669905061732
2025-10-07 18:21:43.917,5.898170124821263,8.068295089027743,5.044777702854844,10.120669905061732
2025-10-07 18:21:44.128,5.980381998897428,8.099726718117381,5.03151008052555,10.120669905061732
2025-10-07 18:21:44.339,5.9497401092321525,8.091987271758626,5.029140862252461,10.120669905061732
2025-10-07 18:21:44.552,5.964587210410173,8.046103411203148,4.9382418545083056,10.120669905061732
2025-10-07 18:21:44.764,6.004390077398057,8.103122597642141,5.022033207433196,10.120669905061732
2025-10-07 18:21:44.975,5.893826557987268,8.01190769412824,4.989022099494832,10.120669905061732
2025-10-07 18:21:45.188,5.979118415818448,8.097436473786729,5.031825976295295,10.120669905061732
2025-10-07 18:21:45.399,5.965534897719408,8.108255903900499,5.050700748537565,10.120669905061732
2025-10-07 18:21:45.611,5.9653769498345355,8.06813714114287,4.948429493082585,10.120669905061732
2025-10-07 18:21:45.824,6.0028895724917675,8.101306196966107,5.02069065041178,10.120669905061732
2025-10-07 18:21:46.035,5.916097209754298,8.01806766163827,4.9885482558402146,10.120669905061732
2025-10-07 18:21:46.247,5.9696415427260945,8.080536050105366,5.012477360398407,10.120669905061732
2025-10-07 18:21:46.459,5.930233545450392,8.087090887327577,5.034511090338128,10.120669905061732
2025-10-07 18:21:46.671,5.98204045168859,8.06963764604916,4.9530099817438895,10.120669905061732
2025-10-07 18:21:46.884,5.98883221073811,8.087406783097322,5.004658940097215,10.120669905061732
2025-10-07 18:21:47.095,5.897064489627155,8.011749746243368,4.983888793236474,10.120669905061732
2025-10-07 18:21:47.307,5.981171738321791,8.087801652809503,5.022822946857559,10.120669905061732
2025-10-07 18:21:47.520,5.973195370135727,8.114573819295401,5.05654482027785,10.120669905061732
2025-10-07 18:21:47.730,5.968930777244168,8.064504339790801,4.946771040291424,10.120669905061732
2025-10-07 18:21:47.943,5.986384018522585,8.084010903572562,5.010897881549681,10.120669905061732
2025-10-07 18:21:48.156,5.905751623295146,8.027228638960878,5.007502002024921,10.120669905061732
2025-10-07 18:21:48.366,5.970273334265585,8.077298118465478,5.008844559046338,10.120669905061732
2025-10-07 18:21:48.578,5.894774245296503,8.063398704596693,5.029219836194898,10.120669905061732
2025-10-07 18:21:48.789,5.9795922594730655,8.0984631350384,5.018874249735745,10.120669905061732
2025-10-07 18:21:49.000,5.985910174867968,8.113152288331548,5.04572539016408,10.120669905061732
2025-10-07 18:21:49.211,5.981487634091536,8.07026943758865,4.95553714790185,10.120669905061732
2025-10-07 18:21:49.423,6.004784947110238,8.115047662950019,5.036485438899035,10.120669905061732
2025-10-07 18:21:49.633,5.942948350182633,8.0161722870198,4.931923939113403,10.120669905061732
2025-10-07 18:21:49.847,5.968851803301732,8.089460105600665,5.022033207433196,10.120669905061732
2025-10-07 18:21:50.062,6.000520354218679,8.11228357496475,5.0422505366968835,10.120669905061732
2025-10-07 18:21:50.273,5.952504197217422,8.027702482615496,4.935003922868418,10.120669905061732
2025-10-07 18:21:50.484,5.987410679774257,8.088038574636812,5.005448679521578,10.120669905061732
2025-10-07 18:21:50.695,5.909621346474523,8.02083174962354,5.002289721824127,10.120669905061732
2025-10-07 18:21:50.909,5.983383008710007,8.098936978693018,5.016584005405093,10.120669905061732
2025-10-07 18:21:51.121,5.974222031387399,8.102569780045087,5.032931611489403,10.120669905061732
2025-10-07 18:21:51.331,5.9810137904369185,8.092145219643498,4.975043711683611,10.120669905061732
2025-10-07 18:21:51.542,6.003521364031258,8.114415871410529,5.03830183957507,10.120669905061732
2025-10-07 18:21:51.754,5.937420174212093,8.008116944891299,4.942980291054482,10.120669905061732
2025-10-07 18:21:51.967,5.965692845604281,8.078166831832277,5.009160454816083,10.120669905061732
2025-10-07 18:21:52.179,5.9520303535628045,8.103833363124068,5.051648435846801,10.120669905061732
2025-10-07 18:21:52.390,5.968535907531987,8.080299128278057,4.969989379367689,10.120669905061732
2025-10-07 18:21:52.601,5.98417274813437,8.097910317441347,5.019663989160108,10.120669905061732
2025-10-07 18:21:52.814,5.935129929881441,8.01996303625674,4.959169949253919,10.120669905061732
2025-10-07 18:21:53.027,5.984093774191933,8.094751359743896,5.029140862252461,10.120669905061732
2025-10-07 18:21:53.239,5.960243643576177,8.10249080610265,5.04975306122833,10.120669905061732
2025-10-07 18:21:53.451,5.984093774191933,8.091355480219136,4.975675503223101,10.120669905061732
2025-10-07 18:21:53.662,5.986620940349894,8.09467238580146,5.014846578671495,10.120669905061732
2025-10-07 18:21:53.873,5.940342210082235,8.01040718922195,4.941479786148193,10.120669905061732
2025-10-07 18:21:54.087,5.985041461501169,8.092619063298116,5.029219836194898,10.120669905061732
2025-10-07 18:21:54.298,5.911437747150558,8.078087857889841,5.037275178323398,10.120669905061732
2025-10-07 18:21:54.511,5.970194360323148,8.076903248753297,4.956484835211086,10.120669905061732
2025-10-07 18:21:54.724,5.998940875369954,8.097989291383783,5.023691660224358,10.120669905061732
2025-10-07 18:21:54.937,5.903777274734239,8.068847906624796,5.042724380351501,10.120669905061732
2025-10-07 18:21:55.150,5.966166689258898,8.077929910004968,4.9791503566902975,10.120669905061732
2025-10-07 18:21:55.362,6.002968546434204,8.109440513037043,5.035616725532236,10.120669905061732
2025-10-07 18:21:55.573,5.958664164727452,8.03038759665833,4.945191561442698,10.120669905061732
2025-10-07 18:21:55.785,5.98077686860961,8.075639665674316,5.007028158370304,10.120669905061732
2025-10-07 18:21:55.999,5.922652046976509,8.081483737414601,5.03340545514402,10.120669905061732
2025-10-07 18:21:56.212,5.982514295343208,8.068847906624796,4.954352538765306,10.120669905061732
2025-10-07 18:21:56.423,5.989858871989782,8.07366531711341,5.001263060572455,10.120669905061732
2025-10-07 18:21:56.635,5.905593675410273,8.011749746243368,4.956721757038395,10.120669905061732
2025-10-07 18:21:56.846,5.993096803629669,8.082668346551145,5.022428077145378,10.120669905061732
2025-10-07 18:21:57.060,5.982830191112953,8.11354715804373,5.051174592192183,10.120669905061732
2025-10-07 18:21:57.272,5.983461982652443,8.062529991229894,4.950956659240546,10.120669905061732
2025-10-07 18:21:57.483,5.987726575544002,8.092934959067861,5.0152414483836765,10.120669905061732
2025-10-07 18:21:57.693,5.976038432063433,8.050052108324962,4.949140258564512,10.120669905061732
2025-10-07 18:21:57.902,6.000757276045988,8.118680464302088,5.046831025358188,10.120669905061732
2025-10-07 18:21:58.112,5.968535907531987,8.064425365848365,4.948192571255277,10.120669905061732
2025-10-07 18:21:58.321,5.993570647284287,8.11757482910798,5.046120259876261,10.120669905061732
2025-10-07 18:21:58.531,5.986778888234767,8.0984631350384,4.99075952622843,10.120669905061732
2025-10-07 18:21:58.740,5.9483185782682995,8.092934959067861,5.032931611489403,10.120669905061732
2025-10-07 18:21:58.950,5.967746168107624,8.08298424232089,4.9891010734372685,10.120669905061732
2025-10-07 18:21:59.160,5.963244653388756,8.111888705252568,5.0578873772992665,10.120669905061732
2025-10-07 18:21:59.369,5.980381998897428,8.09719955195942,5.0161101617504755,10.120669905061732
2025-10-07 18:21:59.580,5.944290907204049,8.094751359743896,5.0351428818776185,10.120669905061732
2025-10-07 18:21:59.789,5.967509246280315,8.08361603386038,5.0180845103113825,10.120669905061732
2025-10-07 18:22:00.000,5.972879474365982,8.112520496792058,5.0536227844077075,10.120669905061732
2025-10-07 18:22:00.210,5.9667984807983885,8.082510398666273,5.000236399320784,10.120669905061732
2025-10-07 18:22:00.419,5.938604783348637,8.095146229456077,5.039170552941869,10.120669905061732
2025-10-07 18:22:00.629,5.980934816494482,8.103517467354322,5.0308782889860595,10.120669905061732
2025-10-07 18:22:00.839,5.928022275062176,8.096093916765312,5.0541756020047615,10.120669905061732
2025-10-07 18:22:01.047,5.9662456632013345,8.081483737414601,5.011924542801353,10.120669905061732
2025-10-07 18:22:01.257,5.889167095383527,8.040575235232609,5.0146886307866225,10.120669905061732
2025-10-07 18:22:01.467,5.988990158622983,8.091750349931317,5.02811420100079,10.120669905061732
2025-10-07 18:22:01.677,5.8894829911532725,8.026044029824334,5.00371125278798,10.120669905061732
2025-10-07 18:22:01.886,5.989306054392728,8.09064471473721,5.031825976295295,10.120669905061732
2025-10-07 18:22:02.096,5.91096390349594,8.022016358760084,4.999288712011548,10.120669905061732
2025-10-07 18:22:02.306,5.979671233415502,8.082747320493581,5.0095553245282645,10.120669905061732
2025-10-07 18:22:02.515,5.927706379292431,8.02272712424201,4.960354558390463,10.120669905061732
2025-10-07 18:22:02.728,5.978486624278958,8.089854975312846,5.02598190455501,10.120669905061732
2025-10-07 18:22:02.942,5.983146086882698,8.099015952635455,5.019269119447927,10.120669905061732
2025-10-07 18:22:03.152,5.964903106179918,8.05052595197958,4.940926968551139,10.120669905061732
2025-10-07 18:22:03.362,5.997677292290973,8.114494845352965,5.042882328236374,10.120669905061732
2025-10-07 18:22:03.574,5.9563739203968,8.03141425791,4.9416377340330655,10.120669905061732
2025-10-07 18:22:03.786,5.972642552538673,8.073902238940718,5.013740943477387,10.120669905061732
2025-10-07 18:22:03.999,5.932049946126426,8.096962630132111,5.0541756020047615,10.120669905061732
2025-10-07 18:22:04.209,5.980855842552046,8.096409812535057,5.023612686281922,10.120669905061732
2025-10-07 18:22:04.419,5.938288887578892,8.08851241829143,5.035300829762491,10.120669905061732
2025-10-07 18:22:04.633,5.965219001949663,8.049657238612781,4.942585421342301,10.120669905061732
2025-10-07 18:22:04.842,6.002731624606895,8.106281555339592,5.0289039404251525,10.120669905061732
2025-10-07 18:22:05.056,5.898801916360753,8.012855381437475,4.982309314387749,10.120669905061732
2025-10-07 18:22:05.269,5.964034392813119,8.081562711357037,5.010029168182882,10.120669905061732
2025-10-07 18:22:05.478,5.927627405349995,8.090328818967464,5.0550443153715605,10.120669905061732
2025-10-07 18:22:05.692,5.983777878422188,8.080141180393184,4.963039672433297,10.120669905061732
2025-10-07 18:22:05.902,6.000362406333807,8.118443542474779,5.043435145833428,10.120669905061732
2025-10-07 18:22:06.111,5.984330696019242,8.09380367243466,4.977807799668881,10.120669905061732
2025-10-07 18:22:06.322,5.983067112940262,8.102411832160215,5.028667018597844,10.120669905061732
2025-10-07 18:22:06.531,5.96506105406479,8.07556069173188,4.96106532387239,10.120669905061732
2025-10-07 18:22:06.741,5.977459963027286,8.116548167856308,5.056228924508105,10.120669905061732
2025-10-07 18:22:06.950,5.984093774191933,8.088670366176302,4.985863141797381,10.120669905061732
2025-10-07 18:22:07.160,5.956610842224109,8.095462125225822,5.0317470023528585,10.120669905061732
2025-10-07 18:22:07.370,5.983383008710007,8.095225203398513,5.010660959722372,10.120669905061732
2025-10-07 18:22:07.579,5.943659115664559,8.099015952635455,5.05378073229258,10.120669905061732
2025-10-07 18:22:07.794,5.946739099419574,8.021858410875211,4.932160860940712,10.120669905061732
2025-10-07 18:22:08.004,5.987963497371311,8.09103958444939,5.007817897794666,10.120669905061732
2025-10-07 18:22:08.214,5.9483185782682995,8.028097352327677,4.9464551445216784,10.120669905061732
2025-10-07 18:22:08.424,5.999572666909444,8.102253884275342,5.016584005405093,10.120669905061732
2025-10-07 18:22:08.637,5.890035808750326,8.040812157059918,5.017215796944583,10.120669905061732
2025-10-07 18:22:08.850,5.983146086882698,8.0993318484052,5.016031187808039,10.120669905061732
2025-10-07 18:22:09.060,5.958901086554761,8.10928256515217,5.056781742105159,10.120669905061732
2025-10-07 18:22:09.269,5.967035402625697,8.079983232508312,5.000236399320784,10.120669905061732
2025-10-07 18:22:09.480,5.955900076742182,8.095778020995567,5.032062898122604,10.120669905061732
2025-10-07 18:22:09.693,5.978091754566776,8.044523932354423,4.945823352982188,10.120669905061732
2025-10-07 18:22:09.905,5.983540956594879,8.08385295568769,5.009792246355573,10.120669905061732
2025-10-07 18:22:10.117,5.900065499439734,8.043497271102751,5.022112181375633,10.120669905061732
2025-10-07 18:22:10.328,5.977065093315105,8.085195512709106,5.012240438571098,10.120669905061732
2025-10-07 18:22:10.539,5.926126900443705,8.083379112033072,5.033247507259148,10.120669905061732
2025-10-07 18:22:10.752,5.982277373515899,8.078482727602022,4.958854053484174,10.120669905061732
2025-10-07 18:22:10.964,6.0014680415279145,8.101701066678288,5.023454738397049,10.120669905061732
2025-10-07 18:22:11.174,5.926126900443705,8.015145625768128,4.936504427774707,10.120669905061732
2025-10-07 18:22:11.385,5.982198399573463,8.08298424232089,5.00371125278798,10.120669905061732
2025-10-07 18:22:11.598,5.917992584372769,8.086143200018341,5.049595113343457,10.120669905061732
2025-10-07 18:22:11.810,5.969720516668531,8.0823524507814,4.98886415160996,10.120669905061732
2025-10-07 18:22:12.020,5.946423203649829,8.091592402046444,5.033879298798638,10.120669905061732
2025-10-07 18:22:12.230,5.982356347458335,8.09506725551364,5.0223491032029415,10.120669905061732
2025-10-07 18:22:12.439,5.93536685170875,8.09783134349891,5.051727409789237,10.120669905061732
2025-10-07 18:22:12.649,5.976907145430232,8.096646734362366,5.0294567580222065,10.120669905061732
2025-10-07 18:22:12.858,5.90819981551067,8.076508379041115,5.0493581915161485,10.120669905061732
2025-10-07 18:22:13.068,5.960322617518614,8.078403753659586,5.010266090010191,10.120669905061732
2025-10-07 18:22:13.278,5.89674859385741,8.064504339790801,5.037354152265834,10.120669905061732
2025-10-07 18:22:13.487,5.987094784004512,8.096488786477494,5.031273158698241,10.120669905061732
2025-10-07 18:22:13.697,5.890035808750326,8.02675479530626,5.001736904227073,10.120669905061732
2025-10-07 18:22:13.907,5.969878464553403,8.07406018682559,5.008923532988774,10.120669905061732
2025-10-07 18:22:14.116,5.906620336661945,8.027544534730623,5.007817897794666,10.120669905061732
2025-10-07 18:22:14.326,5.973195370135727,8.079114519141513,5.011529673089171,10.120669905061732
2025-10-07 18:22:14.536,5.914043887250955,8.023043020011755,4.980887783423896,10.120669905061732
2025-10-07 18:22:14.745,5.996176787384684,8.094198542146842,5.028351122828099,10.120669905061732
2025-10-07 18:22:14.956,5.893905531929704,8.012697433552603,4.98673185516418,10.120669905061732
2025-10-07 18:22:15.168,5.96103338300054,8.075481717789444,5.002763565478745,10.120669905061732
2025-10-07 18:22:15.381,5.988911184680546,8.115521506604637,5.044935650739717,10.120669905061732
2025-10-07 18:22:15.591,5.968062063877369,8.069005854509669,4.951035633182983,10.120669905061732
2025-10-07 18:22:15.804,5.986778888234767,8.095225203398513,5.015004526556368,10.120669905061732
2025-10-07 18:22:16.015,5.9406581058519805,8.023832759436118,4.948666414909894,10.120669905061732
2025-10-07 18:22:16.226,5.994044490938904,8.09719955195942,5.029140862252461,10.120669905061732
2025-10-07 18:22:16.435,5.910569033783759,8.006853361812318,4.948508467025022,10.120669905061732
2025-10-07 18:22:16.646,5.977696884854595,8.080693997990238,5.011292751261863,10.120669905061732
2025-10-07 18:22:16.856,5.913964913308519,8.023043020011755,4.9885482558402146,10.120669905061732
2025-10-07 18:22:17.067,5.975406640523943,8.075323769904571,5.009318402700956,10.120669905061732
2025-10-07 18:22:17.278,5.8846655806646595,8.044918802066604,5.018874249735745,10.120669905061732
2025-10-07 18:22:17.488,5.978328676394085,8.09506725551364,5.031115210813368,10.120669905061732
2025-10-07 18:22:17.700,5.974222031387399,8.112599470734494,5.053543810465271,10.120669905061732
2025-10-07 18:22:17.911,5.966324637143771,8.078798623371767,4.9757544771655375,10.120669905061732
2025-10-07 18:22:18.120,5.945712438167902,8.095856994938003,5.037275178323398,10.120669905061732
2025-10-07 18:22:18.330,5.982593269285644,8.094119568204405,5.009634298470701,10.120669905061732
2025-10-07 18:22:18.540,5.948555500095608,8.094119568204405,5.0322998199499125,10.120669905061732
2025-10-07 18:22:18.750,5.982119425631026,8.09996363994469,5.027640357346172,10.120669905061732
2025-10-07 18:22:18.959,5.911042877438376,8.081878607126782,5.040986953617903,10.120669905061732
2025-10-07 18:22:19.169,5.964903106179918,8.076113509328934,5.005764575291323,10.120669905061732
2025-10-07 18:22:19.379,5.932523789781044,8.099647744174945,5.054728419601815,10.120669905061732
2025-10-07 18:22:19.590,5.985199409386041,8.093645724549788,4.992812848731774,10.120669905061732
2025-10-07 18:22:19.801,5.964350288582864,8.096646734362366,5.029298810137334,10.120669905061732
2025-10-07 18:22:20.012,5.964271314640428,8.046577254857766,4.93603058412009,10.120669905061732
2025-10-07 18:22:20.226,5.989937845932218,8.087485757039758,5.026455748209628,10.120669905061732
2025-10-07 18:22:20.438,5.894142453757013,8.064820235560546,5.029693679849515,10.120669905061732
2025-10-07 18:22:20.650,5.969325646956349,8.06963764604916,4.980492913711714,10.120669905061732
2025-10-07 18:22:20.861,5.983304034767571,8.107940008130754,5.044619754969972,10.120669905061732
2025-10-07 18:22:21.073,5.976986119372668,8.03078246637051,4.940769020666266,10.120669905061732
2025-10-07 18:22:21.288,5.978486624278958,8.090170871082591,5.027877279173481,10.120669905061732
2025-10-07 18:22:21.499,5.931734050356681,8.097673395614038,5.046120259876261,10.120669905061732
2025-10-07 18:22:21.711,5.966640532913516,8.07706119663817,4.976702164474773,10.120669905061732
2025-10-07 18:22:21.922,5.9881214452561835,8.11481074112271,5.048647426034222,10.120669905061732
2025-10-07 18:22:22.133,5.979197389760884,8.03354655435578,4.939979281241904,10.120669905061732
2025-10-07 18:22:22.348,5.963718497043374,8.077614014235223,5.010345063952627,10.120669905061732
2025-10-07 18:22:22.559,5.907015206374126,8.075007874134826,5.029219836194898,10.120669905061732
2025-10-07 18:22:22.772,5.96506105406479,8.065215105272728,4.949929997988875,10.120669905061732
2025-10-07 18:22:22.983,5.991122455068762,8.095856994938003,5.013504021650078,10.120669905061732
2025-10-07 18:22:23.197,5.9036983007918025,8.026675821363824,5.018716301850873,10.120669905061732
2025-10-07 18:22:23.410,5.968062063877369,8.079825284623439,4.998419998644749,10.120669905061732
2025-10-07 18:22:23.621,5.955347259145128,8.096488786477494,5.032378793892349,10.120669905061732
2025-10-07 18:22:23.832,5.98077686860961,8.080299128278057,4.963197620318169,10.120669905061732
2025-10-07 18:22:24.043,6.005337764707292,8.110704096116024,5.032694689662094,10.120669905061732
2025-10-07 18:22:24.256,5.8988808903031895,8.007090283639627,4.976623190532337,10.120669905061732
2025-10-07 18:22:24.469,5.976512275718051,8.092066245701062,5.02195423349076,10.120669905061732
2025-10-07 18:22:24.683,6.000836249988424,8.111967679195004,5.037670048035579,10.120669905061732
2025-10-07 18:22:24.895,5.927469457465122,8.010249241337078,4.935161870753291,10.120669905061732
2025-10-07 18:22:25.108,5.963323627331192,8.079983232508312,5.010897881549681,10.120669905061732
2025-10-07 18:22:25.321,5.978407650336521,8.109203591209734,5.048015634494732,10.120669905061732
2025-10-07 18:22:25.534,5.961823122424903,8.01001231950977,4.930107538437369,10.120669905061732
2025-10-07 18:22:25.748,5.964745158295045,8.074534030480208,5.010266090010191,10.120669905061732
2025-10-07 18:22:25.960,5.9611123569429765,8.107940008130754,5.049437165458585,10.120669905061732
2025-10-07 18:22:26.172,5.9795922594730655,8.059134111705134,4.950561789528365,10.120669905061732
2025-10-07 18:22:26.385,5.985673253040659,8.085827304248596,5.006396366830813,10.120669905061732
2025-10-07 18:22:26.596,5.89674859385741,8.01680407855929,4.997314363450641,10.120669905061732
2025-10-07 18:22:26.809,5.960796461173231,8.080693997990238,5.010266090010191,10.120669905061732
2025-10-07 18:22:27.021,5.964271314640428,8.10122722302367,5.041065927560339,10.120669905061732
2025-10-07 18:22:27.232,5.980934816494482,8.017277922213907,4.935240844695727,10.120669905061732
2025-10-07 18:22:27.446,5.97588048417856,8.074770952307517,5.006080471061068,10.120669905061732
2025-10-07 18:22:27.657,5.889561965095709,8.022569176357138,5.008212767506848,10.120669905061732
2025-10-07 18:22:27.869,5.981329686206664,8.095225203398513,5.0232178165697405,10.120669905061732
2025-10-07 18:22:28.081,5.972563578596237,8.10122722302367,5.04019721419354,10.120669905061732
2025-10-07 18:22:28.295,5.923678708228181,8.009854371624897,4.943138238939355,10.120669905061732
2025-10-07 18:22:28.507,5.9838568523646245,8.089381131658229,5.030641367158751,10.120669905061732
2025-10-07 18:22:28.718,5.899986525497297,8.070506359415958,5.043830015545609,10.120669905061732
2025-10-07 18:22:28.930,5.968298985704678,8.080378102220493,5.000157425378347,10.120669905061732
2025-10-07 18:22:29.141,5.973669213790345,8.083537059917944,5.0138199174198235,10.120669905061732
2025-10-07 18:22:29.356,5.917044897063533,8.019805088371868,4.991470291710357,10.120669905061732
2025-10-07 18:22:29.570,5.966640532913516,8.080772971932674,5.0047379140396515,10.120669905061732
2025-10-07 18:22:29.781,5.959059034439633,8.09530417734095,5.031036236870932,10.120669905061732
2025-10-07 18:22:29.992,5.98077686860961,8.070111489703777,4.956168939441341,10.120669905061732
2025-10-07 18:22:30.203,6.005416738649728,8.104544128605994,5.024402425706285,10.120669905061732
2025-10-07 18:22:30.418,5.885455320089022,8.04183881831159,5.020453728584471,10.120669905061732
2025-10-07 18:22:30.629,5.9710630736899475,8.093013933010297,5.0251921651306475,10.120669905061732
2025-10-07 18:22:30.840,5.964113366755555,8.106834372936646,5.050147930940511,10.120669905061732
2025-10-07 18:22:31.052,5.9662456632013345,8.054158753331649,4.94811359731284,10.120669905061732
2025-10-07 18:22:31.264,6.005890582304346,8.095225203398513,5.0195060412752355,10.120669905061732
2025-10-07 18:22:31.479,5.9008552388640965,8.07066430730083,5.029614705907079,10.120669905061732
2025-10-07 18:22:31.690,5.967114376568134,8.076113509328934,4.991233369883048,10.120669905061732
2025-10-07 18:22:31.902,5.988516314968365,8.11567945448951,5.051648435846801,10.120669905061732
2025-10-07 18:22:32.113,5.980618920724737,8.03907473032632,4.937531089026379,10.120669905061732
2025-10-07 18:22:32.328,5.962454913964393,8.079904258565875,5.010818907607245,10.120669905061732
2025-10-07 18:22:32.540,5.960875435115668,8.107466164476136,5.04912126968884,10.120669905061732
2025-10-07 18:22:32.752,5.982909165055389,8.087959600694376,4.975991398992846,10.120669905061732
2025-10-07 18:22:32.963,5.988595288910801,8.096251864650185,5.018874249735745,10.120669905061732
2025-10-07 18:22:33.174,5.947528838843937,8.010328215279515,4.946692066348987,10.120669905061732
2025-10-07 18:22:33.390,5.982514295343208,8.092934959067861,5.018795275793309,10.120669905061732
2025-10-07 18:22:33.602,5.977933806681904,8.096330838592621,5.026692670036937,10.120669905061732
2025-10-07 18:22:33.814,5.961270304827849,8.031967075507055,4.934372131328928,10.120669905061732
2025-10-07 18:22:34.025,6.004074181628312,8.100832353311489,5.0223491032029415,10.120669905061732
2025-10-07 18:22:34.237,5.900539343094351,8.055264388525757,5.035853647359545,10.120669905061732
2025-10-07 18:22:34.451,5.986384018522585,8.093882646377097,4.987284672761234,10.120669905061732
2025-10-07 18:22:34.662,5.975801510236124,8.101780040620724,5.032062898122604,10.120669905061732
2025-10-07 18:22:34.873,5.966640532913516,8.041996766196462,4.937452115083943,10.120669905061732
2025-10-07 18:22:35.085,6.004548025282929,8.102964649757268,5.024165503878976,10.120669905061732
2025-10-07 18:22:35.296,5.901250108576278,8.006695413927446,4.989416969207014,10.120669905061732
2025-10-07 18:22:35.511,5.983698904479752,8.089539079543101,4.980177017941969,10.120669905061732
2025-10-07 18:22:35.724,6.0057326344194735,8.111493835540386,5.032536741777221,10.120669905061732
2025-10-07 18:22:35.935,5.944843724801103,8.015066651825691,4.9311341996890405,10.120669905061732
2025-10-07 18:22:36.146,5.981329686206664,8.075165822019699,5.0161101617504755,10.120669905061732
2025-10-07 18:22:36.359,5.9102531380140135,8.078403753659586,5.044856676797281,10.120669905061732
2025-10-07 18:22:36.572,5.96506105406479,8.072322760091993,4.955142278189669,10.120669905061732
2025-10-07 18:22:36.784,5.987410679774257,8.090881636564518,5.009160454816083,10.120669905061732
2025-10-07 18:22:36.996,5.9122274865749205,8.020515853853794,4.994076431810754,10.120669905061732
2025-10-07 18:22:37.208,5.980224051012556,8.086853965500268,5.0209275722390885,10.120669905061732
2025-10-07 18:22:37.423,5.982909165055389,8.096725708304803,5.019900910987417,10.120669905061732
2025-10-07 18:22:37.636,5.92391563005549,8.020120984141613,4.970937066676925,10.120669905061732
2025-10-07 18:22:37.848,5.98267224322808,8.09530417734095,5.030483419273878,10.120669905061732
2025-10-07 18:22:38.060,5.929601753910902,8.081246815587292,5.029298810137334,10.120669905061732
2025-10-07 18:22:38.272,5.965771819546717,8.053605935734595,4.9410849164360116,10.120669905061732
2025-10-07 18:22:38.487,5.99222809026287,8.08574833030616,5.028509070712971,10.120669905061732
2025-10-07 18:22:38.699,5.908041867625798,8.074613004422645,5.03277366360453,10.120669905061732
2025-10-07 18:22:38.911,5.96782514205006,8.079272467026385,4.995576936717043,10.120669905061732
2025-10-07 18:22:39.122,5.997835240175846,8.115995350259254,5.045488468336771,10.120669905061732
2025-10-07 18:22:39.334,5.978723546106266,8.026833769248697,4.939584411529722,10.120669905061732
2025-10-07 18:22:39.549,5.979118415818448,8.095620073110695,5.029930601676824,10.120669905061732
2025-10-07 18:22:39.760,5.926126900443705,8.09190829781619,5.0541756020047615,10.120669905061732
2025-10-07 18:22:39.971,5.967509246280315,8.078403753659586,4.994313353638063,10.120669905061732
2025-10-07 18:22:40.182,5.980934816494482,8.115521506604637,5.052675097098472,10.120669905061732
2025-10-07 18:22:40.394,5.967983089934933,8.033230658586035,4.941795681917938,10.120669905061732
2025-10-07 18:22:40.607,5.972958448308418,8.075244795962135,5.011213777319426,10.120669905061732
2025-10-07 18:22:40.818,5.889640939038145,8.028176326270113,5.005685601348887,10.120669905061732
2025-10-07 18:22:41.029,5.979987129185247,8.092934959067861,5.027403435518863,10.120669905061732
2025-10-07 18:22:41.240,5.943264245952378,8.100990301196362,5.056702768162722,10.120669905061732
2025-10-07 18:22:41.451,5.98480453967386,8.094514437916587,5.00371125278798,10.120669905061732
2025-10-07 18:22:41.662,5.9814086601491,8.094988281571204,5.022980894742432,10.120669905061732
2025-10-07 18:22:41.874,5.9563739203968,8.029202987521785,4.935240844695727,10.120669905061732
2025-10-07 18:22:42.085,6.003284442203949,8.100200561771999,5.022743972915123,10.120669905061732
2025-10-07 18:22:42.297,5.913806965423646,8.019410218659687,5.00837071539172,10.120669905061732
2025-10-07 18:22:42.511,5.986147096695277,8.093329828780043,4.998893842299367,10.120669905061732
2025-10-07 18:22:42.722,5.980618920724737,8.099884666002254,5.0289039404251525,10.120669905061732
2025-10-07 18:22:42.933,5.964113366755555,8.048946473130854,4.939189541817541,10.120669905061732
2025-10-07 18:22:43.144,6.006917243556018,8.10928256515217,5.029614705907079,10.120669905061732
2025-10-07 18:22:43.355,5.9449226987435395,8.018620479235324,4.952615112031708,10.120669905061732
2025-10-07 18:22:43.568,5.9838568523646245,8.094119568204405,5.029140862252461,10.120669905061732
2025-10-07 18:22:43.780,5.956768790108981,8.104307206778685,5.054491497774507,10.120669905061732
2025-10-07 18:22:43.992,5.969167699071477,8.079904258565875,4.970384249079871,10.120669905061732
2025-10-07 18:22:44.203,5.983540956594879,8.097910317441347,5.021401415893706,10.120669905061732
2025-10-07 18:22:44.414,5.970826151862639,8.027860430500368,4.946771040291424,10.120669905061732
2025-10-07 18:22:44.628,5.967983089934933,8.078008883947405,5.0090025069312105,10.120669905061732
2025-10-07 18:22:44.840,5.911911590805175,8.075639665674316,5.033642376971329,10.120669905061732
2025-10-07 18:22:45.051,5.982830191112953,8.097278525901856,5.01516247444124,10.120669905061732
2025-10-07 18:22:45.263,5.997124474693919,8.10335951946945,5.032378793892349,10.120669905061732
2025-10-07 18:22:45.475,5.947528838843937,8.013487172976966,4.93263470459533,10.120669905061732
2025-10-07 18:22:45.687,5.989385028335164,8.085669356363724,5.024876269360902,10.120669905061732
2025-10-07 18:22:45.898,5.902829587425003,8.047445968224565,5.033089559374275,10.120669905061732
2025-10-07 18:22:46.108,5.965929767431589,8.075955561444061,5.012161464628662,10.120669905061732
2025-10-07 18:22:46.320,5.9273115095802495,8.083142190205763,5.030246497446569,10.120669905061732
2025-10-07 18:22:46.534,5.97398510956009,8.042707531678388,4.945112587500262,10.120669905061732
2025-10-07 18:22:46.746,6.00304752037664,8.101385170908543,5.023533712339486,10.120669905061732
2025-10-07 18:22:46.957,5.913254147826592,8.019410218659687,4.996840519796024,10.120669905061732
2025-10-07 18:22:47.169,5.9644292625253,8.079272467026385,5.010187116067755,10.120669905061732
2025-10-07 18:22:47.380,5.91562336609968,8.079983232508312,5.030088549561697,10.120669905061732
2025-10-07 18:22:47.594,5.9814086601491,8.052895170252668,4.946534118464115,10.120669905061732
2025-10-07 18:22:47.807,5.980618920724737,8.077535040292787,5.008686611161465,10.120669905061732
2025-10-07 18:22:48.018,5.907173154258999,8.075639665674316,5.047304869012805,10.120669905061732
2025-10-07 18:22:48.231,5.98480453967386,8.092145219643498,4.991233369883048,10.120669905061732
2025-10-07 18:22:48.443,5.98820041919862,8.091513428104008,5.012319412513534,10.120669905061732
2025-10-07 18:22:48.657,5.905277779640528,8.025096342515099,5.013425047707642,10.120669905061732
2025-10-07 18:22:48.869,5.981724555918845,8.095383151283386,5.032615715719658,10.120669905061732
2025-10-07 18:22:49.080,5.913491069653901,8.07642940509868,5.029298810137334,10.120669905061732
2025-10-07 18:22:49.290,5.965692845604281,8.079193493083949,5.002763565478745,10.120669905061732
2025-10-07 18:22:49.501,5.9761963799483055,8.114099975640784,5.052833044983345,10.120669905061732
2025-10-07 18:22:49.713,5.982830191112953,8.05881821593539,4.938083906623433,10.120669905061732
2025-10-07 18:22:49.926,5.984251722076806,8.084958590881797,5.0047379140396515,10.120669905061732
2025-10-07 18:22:50.136,5.918229506200078,8.020752775681103,4.989890812861631,10.120669905061732
2025-10-07 18:22:50.352,5.984725565731424,8.087327809154885,4.966751447727802,10.120669905061732
2025-10-07 18:22:50.564,6.003363416146385,8.108176929958063,5.035221855820055,10.120669905061732
2025-10-07 18:22:50.776,5.933471477090279,8.022174306644956,4.95830123588712,10.120669905061732
2025-10-07 18:22:50.987,5.975643562351252,8.076508379041115,5.01113480337699,10.120669905061732
2025-10-07 18:22:51.199,5.905356753582964,8.072559681919302,5.042882328236374,10.120669905061732
2025-10-07 18:22:51.411,5.981566608033972,8.091750349931317,5.006554314715686,10.120669905061732
2025-10-07 18:22:51.624,5.987015810062076,8.094198542146842,5.015636318095858,10.120669905061732
2025-10-07 18:22:51.835,5.943264245952378,8.020515853853794,4.934845974983546,10.120669905061732
2025-10-07 18:22:52.046,5.987173757946948,8.084958590881797,5.006396366830813,10.120669905061732
2025-10-07 18:22:52.257,5.902513691655258,8.008274892776171,4.970937066676925,10.120669905061732
2025-10-07 18:22:52.471,5.9858312009255314,8.086459095788086,4.980729835539023,10.120669905061732
2025-10-07 18:22:52.685,5.985673253040659,8.086932939442704,5.005843549233759,10.120669905061732
2025-10-07 18:22:52.897,5.8946162974116305,8.013645120861838,4.984204689006219,10.120669905061732
2025-10-07 18:22:53.108,5.984962487558732,8.088670366176302,5.030799315043623,10.120669905061732
2025-10-07 18:22:53.319,5.905356753582964,8.075165822019699,5.048647426034222,10.120669905061732
2025-10-07 18:22:53.529,5.965297975892099,8.067663297488252,4.989259021322141,10.120669905061732
2025-10-07 18:22:53.744,5.986620940349894,8.100674405426616,5.025666008785265,10.120669905061732
2025-10-07 18:22:53.957,5.910490059841322,8.024464550975608,5.014372735016877,10.120669905061732
2025-10-07 18:22:54.170,5.9634026012736285,8.080299128278057,5.008449689334157,10.120669905061732
2025-10-07 18:22:54.381,5.947844734613682,8.087406783097322,5.026376774267192,10.120669905061732
2025-10-07 18:22:54.596,5.945633464225466,8.023200967896628,4.950956659240546,10.120669905061732
2025-10-07 18:22:54.808,5.99349167334185,8.091434454161572,5.021480389836142,10.120669905061732
2025-10-07 18:22:55.019,5.886324033455821,8.042944453505697,5.017768614541637,10.120669905061732
2025-10-07 18:22:55.230,5.979750207357938,8.09530417734095,5.023533712339486,10.120669905061732
2025-10-07 18:22:55.443,5.99349167334185,8.09783134349891,5.033010585431839,10.120669905061732
2025-10-07 18:22:55.657,5.8946162974116305,8.01190769412824,4.99289182267421,10.120669905061732
2025-10-07 18:22:55.870,5.9605595393459225,8.081325789529728,5.012477360398407,10.120669905061732
2025-10-07 18:22:56.081,5.948160630383427,8.10249080610265,5.053306888637962,10.120669905061732
2025-10-07 18:22:56.292,5.97058923003533,8.078166831832277,4.969278613885763,10.120669905061732
2025-10-07 18:22:56.504,6.004390077398057,8.103280545527014,5.028824966482716,10.120669905061732
2025-10-07 18:22:56.718,5.892247079138542,8.026201977709206,5.010266090010191,10.120669905061732
2025-10-07 18:22:56.931,5.969404620898786,8.0823524507814,4.999920503551039,10.120669905061732
2025-10-07 18:22:57.142,5.986462992465022,8.11078307005846,5.050621774595129,10.120669905061732
2025-10-07 18:22:57.354,5.975406640523943,8.043655218987624,4.947165910003605,10.120669905061732
2025-10-07 18:22:57.566,5.987094784004512,8.074613004422645,4.99968358172373,10.120669905061732
2025-10-07 18:22:57.779,5.906699310604381,8.079509388853694,5.045962311991389,10.120669905061732
2025-10-07 18:22:57.991,5.9852783833284775,8.094593411859023,5.01792656242651,10.120669905061732
2025-10-07 18:22:58.202,5.953688806353966,8.09317188089517,5.034353142453256,10.120669905061732
2025-10-07 18:22:58.413,5.969167699071477,8.057238737086664,4.942348499514992,10.120669905061732
2025-10-07 18:22:58.627,5.993965516996468,8.089854975312846,5.031115210813368,10.120669905061732
2025-10-07 18:22:58.839,5.903382405022057,8.054395675158958,5.026534722152064,10.120669905061732
2025-10-07 18:22:59.050,5.966008741374026,8.07832477971715,5.006633288658122,10.120669905061732
2025-10-07 18:22:59.261,5.954952389432947,8.104544128605994,5.052990992868217,10.120669905061732
2025-10-07 18:22:59.473,5.984014800249497,8.059134111705134,4.946771040291424,10.120669905061732
2025-10-07 18:22:59.688,5.971457943402129,8.07556069173188,5.010818907607245,10.120669905061732
2025-10-07 18:22:59.900,5.915386444272372,8.07682427481086,5.030167523504133,10.120669905061732
2025-10-07 18:23:00.112,5.983146086882698,8.091513428104008,4.992970796616646,10.120669905061732
2025-10-07 18:23:00.324,5.9900957938170905,8.096883656189675,5.019742963102544,10.120669905061732
2025-10-07 18:23:00.536,5.948239604325863,8.026675821363824,4.9507197374132375,10.120669905061732
2025-10-07 18:23:00.747,5.9795922594730655,8.075244795962135,5.0109768554921175,10.120669905061732
2025-10-07 18:23:00.958,5.891299391829307,8.036863459938104,5.0123983864559705,10.120669905061732
2025-10-07 18:23:01.170,5.976512275718051,8.095146229456077,5.0331685333167115,10.120669905061732
2025-10-07 18:23:01.379,5.905514701467837,8.075955561444061,5.0499110091132025,10.120669905061732
2025-10-07 18:23:01.590,5.969167699071477,8.068689958739924,4.976702164474773,10.120669905061732
2025-10-07 18:23:01.805,5.988279393141056,8.097041604074548,5.023059868684868,10.120669905061732
2025-10-07 18:23:02.016,5.933076607378098,8.02399070732099,4.959643792908537,10.120669905061732
2025-10-07 18:23:02.227,5.976354327833178,8.07556069173188,5.010660959722372,10.120669905061732
2025-10-07 18:23:02.438,5.888851199613782,8.034889111377197,5.01919014550549,10.120669905061732
2025-10-07 18:23:02.652,5.984488643904115,8.088986261946047,4.976623190532337,10.120669905061732
2025-10-07 18:23:02.865,6.008101852692562,8.107545138418573,5.027877279173481,10.120669905061732
2025-10-07 18:23:03.076,5.91372799148121,8.009459501912715,4.950956659240546,10.120669905061732
2025-10-07 18:23:03.288,5.984883513616296,8.094198542146842,5.032852637546966,10.120669905061732
2025-10-07 18:23:03.499,5.905672649352709,8.07279660374661,5.044382833142663,10.120669905061732
2025-10-07 18:23:03.713,5.982593269285644,8.086617043672959,4.9663565780156205,10.120669905061732
2025-10-07 18:23:03.924,6.005653660477037,8.113310236216421,5.039012605056996,10.120669905061732
2025-10-07 18:23:04.135,5.952741119044731,8.024464550975608,4.933582391904565,10.120669905061732
2025-10-07 18:23:04.347,5.985752226983095,8.093013933010297,5.024244477821412,10.120669905061732
2025-10-07 18:23:04.558,5.890746574232253,8.028176326270113,5.006633288658122,10.120669905061732
2025-10-07 18:23:04.770,5.9648241322374815,8.076982222695733,5.017452718771892,10.120669905061732
2025-10-07 18:23:04.984,6.005416738649728,8.10928256515217,5.035932621301981,10.120669905061732
2025-10-07 18:23:05.196,5.917676688603024,8.011117954703877,4.949140258564512,10.120669905061732
2025-10-07 18:23:05.408,5.975643562351252,8.076034535386498,5.0109768554921175,10.120669905061732
2025-10-07 18:23:05.620,5.92794330111974,8.094040594261969,5.054807393544252,10.120669905061732
2025-10-07 18:23:05.831,5.984567617846551,8.094593411859023,5.003000487306053,10.120669905061732
2025-10-07 18:23:06.044,5.986384018522585,8.093408802722479,5.015320422326113,10.120669905061732
2025-10-07 18:23:06.256,5.943659115664559,8.031809127622182,4.951351528952728,10.120669905061732
2025-10-07 18:23:06.467,5.999967536621625,8.097594421671602,5.028588044655407,10.120669905061732
2025-10-07 18:23:06.678,5.891220417886871,8.026912743191133,5.009397376643392,10.120669905061732
2025-10-07 18:23:06.889,5.9634026012736285,8.06940072422185,5.004185096442598,10.120669905061732
2025-10-07 18:23:07.102,5.980381998897428,8.109203591209734,5.046436155646006,10.120669905061732
2025-10-07 18:23:07.315,5.962928757619011,8.030940414255383,4.936583401717144,10.120669905061732
2025-10-07 18:23:07.526,5.98480453967386,8.082668346551145,5.004816887982088,10.120669905061732
2025-10-07 18:23:07.737,5.914280809078264,8.01806766163827,4.996840519796024,10.120669905061732
2025-10-07 18:23:07.950,5.9804609728398646,8.092224193585935,5.025508060900393,10.120669905061732
2025-10-07 18:23:08.162,5.965692845604281,8.093408802722479,5.031115210813368,10.120669905061732
2025-10-07 18:23:08.372,5.9667984807983885,8.075797613559189,4.957906366174939,10.120669905061732
2025-10-07 18:23:08.585,6.004548025282929,8.111177939770641,5.032615715719658,10.120669905061732
2025-10-07 18:23:08.795,5.943264245952378,8.0161722870198,4.93389828767431,10.120669905061732
2025-10-07 18:23:09.007,5.9957819176725025,8.091513428104008,5.026218826382319,10.120669905061732
2025-10-07 18:23:09.219,5.890430678462508,8.047524942167001,5.018005536368946,10.120669905061732
2025-10-07 18:23:09.430,5.9634026012736285,8.080615024047802,5.00987122029801,10.120669905061732
2025-10-07 18:23:09.642,5.979197389760884,8.10951948697948,5.045014624682153,10.120669905061732
2025-10-07 18:23:09.856,5.951793431735496,8.028334274154986,4.948508467025022,10.120669905061732
2025-10-07 18:23:10.067,5.983225060825134,8.079114519141513,5.00773892385223,10.120669905061732
2025-10-07 18:23:10.279,5.897617307224209,8.069242776336978,5.04296130217881,10.120669905061732
2025-10-07 18:23:10.492,5.988279393141056,8.096330838592621,4.984046741121347,10.120669905061732
2025-10-07 18:23:10.704,5.984646591788987,8.08361603386038,5.012319412513534,10.120669905061732
2025-10-07 18:23:10.919,5.891615287599052,8.041917792254026,5.017768614541637,10.120669905061732
2025-10-07 18:23:11.131,5.980066103127683,8.093724698492224,5.027561383403736,10.120669905061732
2025-10-07 18:23:11.342,5.975011770811761,8.107466164476136,5.040986953617903,10.120669905061732
2025-10-07 18:23:11.553,5.968693855416859,8.050052108324962,4.9382418545083056,10.120669905061732
2025-10-07 18:23:11.768,5.987489653716693,8.092145219643498,5.0294567580222065,10.120669905061732
2025-10-07 18:23:11.980,5.909147502819906,8.078245805774714,5.0493581915161485,10.120669905061732
2025-10-07 18:23:12.191,5.967114376568134,8.081641685299473,5.006396366830813,10.120669905061732
2025-10-07 18:23:12.403,5.973511265905472,8.097989291383783,5.025271139073084,10.120669905061732
2025-10-07 18:23:12.614,5.980697894667173,8.051394665346379,4.947165910003605,10.120669905061732
2025-10-07 18:23:12.826,5.991201429011198,8.085827304248596,5.005606627406451,10.120669905061732
2025-10-07 18:23:13.038,5.908752633107724,8.03015067483102,5.014846578671495,10.120669905061732
2025-10-07 18:23:13.249,5.965455923776972,8.080141180393184,5.015557344153422,10.120669905061732
2025-10-07 18:23:13.460,5.9102531380140135,8.076903248753297,5.031431106583113,10.120669905061732
2025-10-07 18:23:13.671,5.9852783833284775,8.084642695112052,4.980492913711714,10.120669905061732
2025-10-07 18:23:13.886,6.006522373843836,8.106439503224465,5.027087539749118,10.120669905061732
2025-10-07 18:23:14.097,5.903224457137185,8.00977539768246,4.970937066676925,10.120669905061732
2025-10-07 18:23:14.309,5.976907145430232,8.090249845025028,5.030562393216314,10.120669905061732
2025-10-07 18:23:14.519,5.904882909928347,8.068058167200434,5.040750031790594,10.120669905061732
2025-10-07 18:23:14.731,5.967272324453006,8.068926880567233,4.9743329462016845,10.120669905061732
2025-10-07 18:23:14.946,5.988279393141056,8.08424782539987,5.002368695766563,10.120669905061732
2025-10-07 18:23:15.158,5.910648007726195,8.025017368572662,5.003790226730416,10.120669905061732
2025-10-07 18:23:15.369,5.983698904479752,8.092382141470807,5.020611676469343,10.120669905061732
2025-10-07 18:23:15.582,5.950292926829206,8.093013933010297,5.035221855820055,10.120669905061732
2025-10-07 18:23:15.793,5.985515305155786,8.076350431156243,4.955458173959414,10.120669905061732
2025-10-07 18:23:16.008,5.990806559299017,8.091829323873753,5.033642376971329,10.120669905061732
2025-10-07 18:23:16.219,5.906620336661945,8.046893150627511,5.030483419273878,10.120669905061732
2025-10-07 18:23:16.430,5.9804609728398646,8.095778020995567,5.030483419273878,10.120669905061732
2025-10-07 18:23:16.642,5.963718497043374,8.091829323873753,5.023928582051667,10.120669905061732
2025-10-07 18:23:16.856,5.937025304499912,8.019805088371868,4.954352538765306,10.120669905061732
2025-10-07 18:23:17.068,5.9915173247809435,8.092698037240552,5.031273158698241,10.120669905061732
2025-10-07 18:23:17.280,5.905040857813219,8.068453036912615,5.039723370538923,10.120669905061732
2025-10-07 18:23:17.492,5.981803529861281,8.093882646377097,5.009792246355573,10.120669905061732
2025-10-07 18:23:17.704,5.988437341025929,8.090091897140155,5.010660959722372,10.120669905061732
2025-10-07 18:23:17.918,5.892799896735596,8.02083174962354,5.000236399320784,10.120669905061732
2025-10-07 18:23:18.130,5.984251722076806,8.095778020995567,5.028824966482716,10.120669905061732
2025-10-07 18:23:18.341,5.9202038547609845,8.078640675486895,5.035063907935182,10.120669905061732
2025-10-07 18:23:18.554,5.969404620898786,8.061740251805531,4.947165910003605,10.120669905061732
2025-10-07 18:23:18.765,6.004469051340493,8.099805692059817,5.02471832147603,10.120669905061732
2025-10-07 18:23:18.980,5.920598724473166,8.088117548579248,5.0507797224800015,10.120669905061732
2025-10-07 18:23:19.191,5.967746168107624,8.081246815587292,5.005764575291323,10.120669905061732
2025-10-07 18:23:19.402,5.9520303535628045,8.0993318484052,5.046594103530879,10.120669905061732
2025-10-07 18:23:19.614,5.98606812275284,8.072638655861738,4.955774069729159,10.120669905061732
2025-10-07 18:23:19.826,5.987410679774257,8.085985252133469,5.010108142125318,10.120669905061732
2025-10-07 18:23:20.038,5.900697290979224,8.01040718922195,4.979387278517606,10.120669905061732
2025-10-07 18:23:20.249,5.985120435443605,8.093724698492224,5.033484429086457,10.120669905061732
2025-10-07 18:23:20.460,5.9116746689778665,8.085511408478851,5.049595113343457,10.120669905061732
2025-10-07 18:23:20.671,5.969483594841222,8.07682427481086,4.999367685953985,10.120669905061732
2025-10-07 18:23:20.885,6.002257780952277,8.111572809482823,5.037117230438525,10.120669905061732
2025-10-07 18:23:21.096,5.960085695691305,8.033072710701163,4.945665405097316,10.120669905061732
2025-10-07 18:23:21.307,5.994123464881341,8.093487776664915,5.024955243303339,10.120669905061732
2025-10-07 18:23:21.518,5.907331102143871,8.028176326270113,5.012240438571098,10.120669905061732
2025-10-07 18:23:21.730,5.966166689258898,8.064425365848365,4.996445650083842,10.120669905061732
2025-10-07 18:23:21.944,5.983304034767571,8.09506725551364,5.018637327908436,10.120669905061732
2025-10-07 18:23:22.156,5.964508236467736,8.031888101564618,4.946297196636806,10.120669905061732
2025-10-07 18:23:22.367,5.999967536621625,8.093408802722479,5.017136823002147,10.120669905061732
2025-10-07 18:23:22.578,5.90014447338217,8.012223589897985,4.977807799668881,10.120669905061732
2025-10-07 18:23:22.789,5.982514295343208,8.085590382421287,5.019742963102544,10.120669905061732
2025-10-07 18:23:23.005,6.010155175195905,8.114494845352965,5.037906969862888,10.120669905061732
2025-10-07 18:23:23.216,5.945791412110339,8.017119974329034,4.933582391904565,10.120669905061732
2025-10-07 18:23:23.427,5.982751217170517,8.085669356363724,5.00773892385223,10.120669905061732
2025-10-07 18:23:23.638,5.9143597830207,8.022411228472265,5.000394347205656,10.120669905061732
2025-10-07 18:23:23.850,5.966877454740825,8.068532010855051,5.000868190860274,10.120669905061732
2025-10-07 18:23:24.064,5.988911184680546,8.096093916765312,5.018005536368946,10.120669905061732
2025-10-07 18:23:24.276,5.9605595393459225,8.032440919161672,4.9459023269246245,10.120669905061732
2025-10-07 18:23:24.487,6.004626999225366,8.102253884275342,5.027166513691554,10.120669905061732
2025-10-07 18:23:24.698,5.894458349526758,8.014434860286201,5.000157425378347,10.120669905061732
2025-10-07 18:23:24.912,5.9829881389978254,8.095383151283386,5.011292751261863,10.120669905061732
2025-10-07 18:23:25.123,5.996018839499811,8.112994340446676,5.043514119775864,10.120669905061732
2025-10-07 18:23:25.335,5.967035402625697,8.044050088699805,4.941874655860374,10.120669905061732
2025-10-07 18:23:25.545,6.006285452016527,8.095778020995567,5.023296790512177,10.120669905061732
2025-10-07 18:23:25.755,5.958111347130398,8.023832759436118,4.93389828767431,10.120669905061732
2025-10-07 18:23:25.967,5.987331705831821,8.08172065924191,5.005843549233759,10.120669905061732
2025-10-07 18:23:26.179,5.905514701467837,8.035599876859123,5.010739933664809,10.120669905061732
2025-10-07 18:23:26.388,5.999809588736753,8.097989291383783,5.027561383403736,10.120669905061732
2025-10-07 18:23:26.598,5.898091150878827,8.014276912401328,4.986573907279308,10.120669905061732
2025-10-07 18:23:26.810,5.971536917344565,8.083379112033072,5.023454738397049,10.120669905061732
2025-10-07 18:23:27.023,5.994123464881341,8.111098965828205,5.042724380351501,10.120669905061732
2025-10-07 18:23:27.235,5.965140028007227,8.03441526772258,4.937610062968815,10.120669905061732
2025-10-07 18:23:27.446,5.9886742628532375,8.085827304248596,5.0047379140396515,10.120669905061732
2025-10-07 18:23:27.658,5.9145177309055725,8.024069681263427,4.981914444675567,10.120669905061732
2025-10-07 18:23:27.868,5.99625576132712,8.090723688679645,5.028982914367589,10.120669905061732
2025-10-07 18:23:28.080,5.896985515684719,8.062687939114767,5.026850617921809,10.120669905061732
2025-10-07 18:23:28.292,5.984014800249497,8.089460105600665,4.991865161422538,10.120669905061732
2025-10-07 18:23:28.505,6.009681331541287,8.113231262273985,5.034748012165437,10.120669905061732
2025-10-07 18:23:28.716,5.961191330885413,8.029913753003711,4.946534118464115,10.120669905061732
2025-10-07 18:23:28.927,5.996571657096865,8.082747320493581,5.027403435518863,10.120669905061732
2025-10-07 18:23:29.142,5.940342210082235,8.08788062675194,5.033484429086457,10.120669905061732
2025-10-07 18:23:29.353,5.982356347458335,8.08638012184565,4.968725796288709,10.120669905061732
2025-10-07 18:23:29.565,6.00983927942616,8.110941017943333,5.034353142453256,10.120669905061732
2025-10-07 18:23:29.777,5.9207566723580385,8.021147645393285,4.973701154662194,10.120669905061732
2025-10-07 18:23:29.989,5.991359376896071,8.090802662622082,5.029851627734388,10.120669905061732
2025-10-07 18:23:30.200,5.898249098763699,8.0662417665244,5.033642376971329,10.120669905061732
2025-10-07 18:23:30.414,5.971536917344565,8.07366531711341,4.953483825398507,10.120669905061732
2025-10-07 18:23:30.625,6.004548025282929,8.104544128605994,5.028272148885662,10.120669905061732
2025-10-07 18:23:30.837,5.924152551882798,8.023121993954192,4.9643822294547135,10.120669905061732
2025-10-07 18:23:31.048,5.977696884854595,8.075007874134826,5.010266090010191,10.120669905061732
2025-10-07 18:23:31.260,5.910174164071577,8.080615024047802,5.053306888637962,10.120669905061732
2025-10-07 18:23:31.472,5.986936836119639,8.097436473786729,5.008212767506848,10.120669905061732
2025-10-07 18:23:31.684,5.977775858797031,8.098384161095964,5.026376774267192,10.120669905061732
2025-10-07 18:23:31.895,5.967351298395442,8.047445968224565,4.942427473457428,10.120669905061732
2025-10-07 18:23:32.106,6.006364425958964,8.108255903900499,5.032378793892349,10.120669905061732
2025-10-07 18:23:32.318,5.909463398589651,8.011196928646314,4.967620161094601,10.120669905061732
2025-10-07 18:23:32.529,5.97122102157482,8.074534030480208,5.01453068290175,10.120669905061732
2025-10-07 18:23:32.740,5.9063044408922,8.061661277863095,5.0394074747691775,10.120669905061732
2025-10-07 18:23:32.951,5.983225060825134,8.089539079543101,5.01919014550549,10.120669905061732
2025-10-07 18:23:33.164,5.988516314968365,8.099884666002254,5.024560373591157,10.120669905061732
2025-10-07 18:23:33.375,5.963086705503883,8.03015067483102,4.934924948925982,10.120669905061732
2025-10-07 18:23:33.586,6.003442390088821,8.101069275138798,5.029614705907079,10.120669905061732
2025-10-07 18:23:33.799,5.894300401641885,8.03165117973731,5.012793256168152,10.120669905061732
2025-10-07 18:23:34.013,5.9858312009255314,8.08977600137041,4.971016040619361,10.120669905061732
2025-10-07 18:23:34.226,5.991991168435561,8.092855985125425,5.011213777319426,10.120669905061732
2025-10-07 18:23:34.437,5.929680727853338,8.011670772300931,4.939505437587286,10.120669905061732
2025-10-07 18:23:34.647,5.998546005657772,8.084405773284743,5.027324461576427,10.120669905061732
2025-10-07 18:23:34.860,5.917518740718151,8.083537059917944,5.0525171492136,10.120669905061732
2025-10-07 18:23:35.074,5.9710630736899475,8.047840837936747,4.939110567875105,10.120669905061732
2025-10-07 18:23:35.286,6.003284442203949,8.10185901456316,5.027719331288608,10.120669905061732
2025-10-07 18:23:35.498,5.922099229379455,8.02272712424201,4.982309314387749,10.120669905061732
2025-10-07 18:23:35.709,5.974458953214707,8.071296098840321,5.006791236542995,10.120669905061732
2025-10-07 18:23:35.921,5.9059885451224545,8.074849926249954,5.032536741777221,10.120669905061732
2025-10-07 18:23:36.135,5.98417274813437,8.052895170252668,4.945981300867061,10.120669905061732
2025-10-07 18:23:36.347,5.991675272665816,8.091750349931317,5.011687620974044,10.120669905061732
2025-10-07 18:23:36.558,5.904251118388856,8.007564127294245,4.976149346877719,10.120669905061732
2025-10-07 18:23:36.770,5.980145077070119,8.094040594261969,5.0317470023528585,10.120669905061732
2025-10-07 18:23:36.981,5.9463442297073925,8.10209593639047,5.052990992868217,10.120669905061732
2025-10-07 18:23:37.195,5.96379747098581,8.031256310025128,4.936504427774707,10.120669905061732
2025-10-07 18:23:37.406,5.989306054392728,8.090486766852337,5.0175316927143285,10.120669905061732
2025-10-07 18:23:37.618,5.925653056789088,8.020515853853794,4.977333956014263,10.120669905061732
2025-10-07 18:23:37.829,5.974143057444962,8.076982222695733,5.01516247444124,10.120669905061732
2025-10-07 18:23:38.041,5.916965923121097,8.079983232508312,5.035379803704927,10.120669905061732
2025-10-07 18:23:38.253,5.97122102157482,8.075797613559189,4.966435551958057,10.120669905061732
2025-10-07 18:23:38.464,5.98267224322808,8.098858004750582,5.02408652993654,10.120669905061732
2025-10-07 18:23:38.676,5.977302015142413,8.039864469750682,4.944638743845644,10.120669905061732
2025-10-07 18:23:38.887,6.000362406333807,8.088828314061175,5.024323451763848,10.120669905061732
2025-10-07 18:23:39.105,5.986857862177203,8.094830333686332,5.020611676469343,10.120669905061732
2025-10-07 18:23:39.316,5.954794441548074,8.030624518485638,4.946771040291424,10.120669905061732
2025-10-07 18:23:39.527,6.000125484506498,8.098384161095964,5.024955243303339,10.120669905061732
2025-10-07 18:23:39.738,5.898722942418317,8.009854371624897,4.981203679193641,10.120669905061732
2025-10-07 18:23:39.948,5.976512275718051,8.068926880567233,5.009160454816083,10.120669905061732
2025-10-07 18:23:40.162,5.965850793489153,8.102253884275342,5.049674087285894,10.120669905061732
2025-10-07 18:23:40.375,5.983461982652443,8.052737222367796,4.943691056536409,10.120669905061732
2025-10-07 18:23:40.585,5.990174767759527,8.090881636564518,5.009950194240446,10.120669905061732
2025-10-07 18:23:40.797,5.94279040229776,8.025175316457535,4.952852033859017,10.120669905061732
2025-10-07 18:23:41.008,5.995466021902757,8.087485757039758,5.029930601676824,10.120669905061732
2025-10-07 18:23:41.221,5.931891998241554,8.09467238580146,5.056781742105159,10.120669905061732
2025-10-07 18:23:41.432,5.983067112940262,8.099884666002254,5.026218826382319,10.120669905061732
2025-10-07 18:23:41.643,5.9619810703097755,8.097357499844293,5.034274168510819,10.120669905061732
2025-10-07 18:23:41.854,5.984567617846551,8.08511653876667,4.968804770231145,10.120669905061732
2025-10-07 18:23:42.065,6.004626999225366,8.112125627079877,5.037670048035579,10.120669905061732
2025-10-07 18:23:42.279,5.903935222619111,8.032203997334364,5.019427067332799,10.120669905061732
2025-10-07 18:23:42.490,5.9781707285092125,8.094751359743896,5.0308782889860595,10.120669905061732
2025-10-07 18:23:42.702,5.928654066601666,8.085353460593979,5.034195194568383,10.120669905061732
2025-10-07 18:23:42.912,5.969720516668531,8.073112499516355,4.970463223022307,10.120669905061732
2025-10-07 18:23:43.127,6.006917243556018,8.10272772792996,5.022428077145378,10.120669905061732
2025-10-07 18:23:43.338,5.91562336609968,8.022016358760084,4.991628239595229,10.120669905061732
2025-10-07 18:23:43.550,5.96845693358955,8.078166831832277,5.012951204053024,10.120669905061732
2025-10-07 18:23:43.760,5.907646997913616,8.072401734034429,5.043830015545609,10.120669905061732
2025-10-07 18:23:43.973,5.983698904479752,8.0742971086529,4.957116626750576,10.120669905061732
2025-10-07 18:23:44.186,5.991754246608252,8.09064471473721,5.00710713231274,10.120669905061732
2025-10-07 18:23:44.398,5.910569033783759,8.010960006819005,4.960828402045081,10.120669905061732
2025-10-07 18:23:44.609,5.99349167334185,8.092224193585935,5.030641367158751,10.120669905061732
2025-10-07 18:23:44.819,5.898170124821263,8.01806766163827,4.996682571911151,10.120669905061732
2025-10-07 18:23:45.031,5.964982080122354,8.072875577689047,5.006949184427867,10.120669905061732
2025-10-07 18:23:45.244,5.99965164085188,8.11417894958322,5.04296130217881,10.120669905061732
2025-10-07 18:23:45.456,5.971378969459693,8.036863459938104,4.946060274809497,10.120669905061732
2025-10-07 18:23:45.667,5.989385028335164,8.088038574636812,5.00837071539172,10.120669905061732
2025-10-07 18:23:45.878,5.91838745408495,8.013329225092093,4.950798711355674,10.120669905061732
2025-10-07 18:23:46.089,5.987410679774257,8.086696017615395,5.033247507259148,10.120669905061732
2025-10-07 18:23:46.303,5.964508236467736,8.095225203398513,5.032536741777221,10.120669905061732
2025-10-07 18:23:46.515,5.9858312009255314,8.071059177013012,4.959090975311483,10.120669905061732
2025-10-07 18:23:46.725,5.990569637471708,8.09719955195942,5.01792656242651,10.120669905061732
2025-10-07 18:23:46.937,5.9355247995936224,8.008985658258098,4.943770030478845,10.120669905061732
2025-10-07 18:23:47.151,5.983383008710007,8.094830333686332,5.0274824094612995,10.120669905061732
2025-10-07 18:23:47.364,5.997835240175846,8.114889715065146,5.04975306122833,10.120669905061732
2025-10-07 18:23:47.575,5.967351298395442,8.05542233641063,4.943296186824227,10.120669905061732
2025-10-07 18:23:47.786,6.0080228787501255,8.108255903900499,5.026692670036937,10.120669905061732
2025-10-07 18:23:47.998,5.918466428027386,8.018620479235324,5.013977865304696,10.120669905061732
2025-10-07 18:23:48.211,5.968772829359295,8.084405773284743,5.0104240378950635,10.120669905061732
2025-10-07 18:23:48.423,5.951714457793059,8.092777011182989,5.035300829762491,10.120669905061732
2025-10-07 18:23:48.634,5.986147096695277,8.085590382421287,4.966751447727802,10.120669905061732
2025-10-07 18:23:48.845,6.005100842879983,8.1073871905337,5.023849608109231,10.120669905061732
2025-10-07 18:23:49.056,5.957084685878726,8.012855381437475,4.940847994608703,10.120669905061732
2025-10-07 18:23:49.269,5.990016819874654,8.092934959067861,5.030641367158751,10.120669905061732
2025-10-07 18:23:49.481,5.929759701795774,8.0912765062767,5.056228924508105,10.120669905061732
2025-10-07 18:23:49.692,5.966166689258898,8.08022015433562,5.004027148557725,10.120669905061732
2025-10-07 18:23:49.904,5.986305044580149,8.098936978693018,5.022428077145378,10.120669905061732
2025-10-07 18:23:50.115,5.9790394418760116,8.029597857233966,4.945270535385134,10.120669905061732
2025-10-07 18:23:50.330,5.9710630736899475,8.074770952307517,5.005606627406451,10.120669905061732
2025-10-07 18:23:50.543,5.950292926829206,8.096014942822876,5.037749021978016,10.120669905061732
2025-10-07 18:23:50.754,5.971773839171874,8.07026943758865,4.952299216261963,10.120669905061732
2025-10-07 18:23:50.966,5.98883221073811,8.096883656189675,5.018716301850873,10.120669905061732
2025-10-07 18:23:51.178,5.9221782033218915,8.020436879911358,4.986494933336871,10.120669905061732
2025-10-07 18:23:51.391,5.979197389760884,8.094751359743896,5.032852637546966,10.120669905061732
2025-10-07 18:23:51.602,5.946502177592265,8.094514437916587,5.037354152265834,10.120669905061732
2025-10-07 18:23:51.813,5.9824353214007715,8.08977600137041,4.97930830457517,10.120669905061732
2025-10-07 18:23:52.025,6.002178807009841,8.107782060245881,5.033010585431839,10.120669905061732
2025-10-07 18:23:52.240,5.890746574232253,8.032519893104109,5.012714282225716,10.120669905061732
2025-10-07 18:23:52.451,5.965455923776972,8.0823524507814,5.014767604729059,10.120669905061732
2025-10-07 18:23:52.663,5.980303024954992,8.109361539094607,5.050147930940511,10.120669905061732
2025-10-07 18:23:52.875,5.98417274813437,8.071138150955449,4.952299216261963,10.120669905061732
2025-10-07 18:23:53.087,5.9909645071838895,8.087327809154885,5.005685601348887,10.120669905061732
2025-10-07 18:23:53.298,5.925258187076906,8.020278932026486,4.975833451107974,10.120669905061732
2025-10-07 18:23:53.511,5.982909165055389,8.096804682247239,5.033089559374275,10.120669905061732
2025-10-07 18:23:53.722,5.941052975564162,8.098542108980837,5.051727409789237,10.120669905061732
2025-10-07 18:23:53.933,5.986936836119639,8.092461115413244,4.995892832486788,10.120669905061732
2025-10-07 18:23:54.145,5.995702943730066,8.094593411859023,5.0123983864559705,10.120669905061732
2025-10-07 18:23:54.358,5.93260276372348,8.021779436932775,4.964698125224459,10.120669905061732
2025-10-07 18:23:54.569,5.991675272665816,8.090012923197719,5.032931611489403,10.120669905061732
2025-10-07 18:23:54.781,5.9063044408922,8.070743281243267,5.031352132640677,10.120669905061732
2025-10-07 18:23:54.993,5.985041461501169,8.093724698492224,4.9939184839258814,10.120669905061732
2025-10-07 18:23:55.205,5.9909645071838895,8.092855985125425,5.013030177995461,10.120669905061732
2025-10-07 18:23:55.417,5.939078627003255,8.01593536519249,4.9382418545083056,10.120669905061732
2025-10-07 18:23:55.629,5.995939865557375,8.093487776664915,5.030957262928496,10.120669905061732
2025-10-07 18:23:55.841,5.906620336661945,8.062687939114767,5.029693679849515,10.120669905061732
2025-10-07 18:23:56.053,5.9696415427260945,8.080615024047802,4.996524624026279,10.120669905061732
2025-10-07 18:23:56.264,5.9909645071838895,8.112994340446676,5.048884347861531,10.120669905061732
2025-10-07 18:23:56.477,5.959374930209378,8.031177336082692,4.947955649427968,10.120669905061732
2025-10-07 18:23:56.689,5.974301005329835,8.073902238940718,5.009634298470701,10.120669905061732
2025-10-07 18:23:56.901,5.901329082518714,8.069005854509669,5.034353142453256,10.120669905061732
2025-10-07 18:23:57.112,5.984251722076806,8.100042613887126,5.0266136960945005,10.120669905061732
2025-10-07 18:23:57.323,5.946739099419574,8.0904077929099,5.031904950237731,10.120669905061732
2025-10-07 18:23:57.534,5.970115386380712,8.064583313733237,4.951114607125419,10.120669905061732
2025-10-07 18:23:57.746,6.010550044908086,8.105649763800102,5.029219836194898,10.120669905061732
2025-10-07 18:23:57.959,5.912148512632484,8.025965055881898,5.010818907607245,10.120669905061732
2025-10-07 18:23:58.170,5.967351298395442,8.074218134710463,5.010108142125318,10.120669905061732
2025-10-07 18:23:58.384,5.9866999142923305,8.105412841972793,5.0422505366968835,10.120669905061732
2025-10-07 18:23:58.596,5.978960467933575,8.042075740138898,4.948192571255277,10.120669905061732
2025-10-07 18:23:58.808,5.9881214452561835,8.084958590881797,5.005606627406451,10.120669905061732
2025-10-07 18:23:59.019,5.899749603669989,8.009933345567333,4.983809819294038,10.120669905061732
2025-10-07 18:23:59.230,5.972405630711364,8.074770952307517,5.009476350585828,10.120669905061732
2025-10-07 18:23:59.442,5.937104278442348,8.086932939442704,5.036722360726344,10.120669905061732
2025-10-07 18:23:59.654,5.9881214452561835,8.091355480219136,4.9757544771655375,10.120669905061732
2025-10-07 18:23:59.865,6.0064433999014,8.11481074112271,5.041539771214957,10.120669905061732
2025-10-07 18:24:00.077,5.9383678615213285,8.01380306874671,4.936346479889835,10.120669905061732
2025-10-07 18:24:00.289,5.9929388557447965,8.090249845025028,5.028667018597844,10.120669905061732
2025-10-07 18:24:00.501,5.907883919740925,8.067742271430689,5.049595113343457,10.120669905061732
2025-10-07 18:24:00.713,5.97524869263907,8.081325789529728,4.984125715063783,10.120669905061732
2025-10-07 18:24:00.925,5.98820041919862,8.096330838592621,5.023691660224358,10.120669905061732
2025-10-07 18:24:01.136,5.975406640523943,8.035915772628869,4.944638743845644,10.120669905061732
2025-10-07 18:24:01.350,5.967983089934933,8.075402743847008,5.011213777319426,10.120669905061732
2025-10-07 18:24:01.563,5.948555500095608,8.092934959067861,5.038538761402378,10.120669905061732
2025-10-07 18:24:01.774,5.9881214452561835,8.0912765062767,4.973306284950013,10.120669905061732
2025-10-07 18:24:01.985,6.003600337973694,8.113784079871039,5.043356171890991,10.120669905061732
2025-10-07 18:24:02.196,5.959059034439633,8.021305593278157,4.933187522192384,10.120669905061732
2025-10-07 18:24:02.409,5.9810137904369185,8.076271457213807,5.019032197620618,10.120669905061732
2025-10-07 18:24:02.620,5.90417214444642,8.058660268050517,5.039091578999432,10.120669905061732
2025-10-07 18:24:02.832,5.967746168107624,8.079904258565875,5.00987122029801,10.120669905061732
2025-10-07 18:24:03.043,5.942474506528015,8.091750349931317,5.04296130217881,10.120669905061732
2025-10-07 18:24:03.253,5.971615891287001,8.065846896812218,4.955616121844287,10.120669905061732
2025-10-07 18:24:03.467,5.991201429011198,8.08764370492463,5.0104240378950635,10.120669905061732
2025-10-07 18:24:03.679,5.911990564747612,8.03078246637051,5.019032197620618,10.120669905061732
2025-10-07 18:24:03.891,5.983146086882698,8.095856994938003,5.026850617921809,10.120669905061732
2025-10-07 18:24:04.102,5.934577112284387,8.088117548579248,5.037038256496089,10.120669905061732
2025-10-07 18:24:04.314,5.982277373515899,8.071138150955449,4.945586431154879,10.120669905061732
2025-10-07 18:24:04.528,5.998546005657772,8.096409812535057,5.027877279173481,10.120669905061732
2025-10-07 18:24:04.741,5.893589636159959,8.048314681591364,5.02069065041178,10.120669905061732
2025-10-07 18:24:04.953,5.968772829359295,8.079272467026385,4.991233369883048,10.120669905061732
2025-10-07 18:24:05.166,6.008417748462307,8.11291536650424,5.038696709287251,10.120669905061732
2025-10-07 18:24:05.377,5.969325646956349,8.029439909349094,4.938715698162923,10.120669905061732
2025-10-07 18:24:05.588,5.986305044580149,8.083537059917944,5.011450699146735,10.120669905061732
2025-10-07 18:24:05.801,5.907252128201435,8.055975154007683,5.039486448711614,10.120669905061732
2025-10-07 18:24:06.012,5.984567617846551,8.096646734362366,5.0217962856058875,10.120669905061732
2025-10-07 18:24:06.224,5.992307064205306,8.117732776992852,5.053464836522835,10.120669905061732
2025-10-07 18:24:06.433,5.989621950162473,8.093408802722479,4.997235389508205,10.120669905061732
2025-10-07 18:24:06.646,5.989148106507855,8.09870005686571,5.021638337721015,10.120669905061732
2025-10-07 18:24:06.857,5.948160630383427,8.025333264342407,4.947560779715786,10.120669905061732
2025-10-07 18:24:07.069,5.993254751514542,8.089381131658229,5.03214187206504,10.120669905061732
2025-10-07 18:24:07.281,5.89398450587214,8.056212075834992,5.026376774267192,10.120669905061732
2025-10-07 18:24:07.492,5.985357357270914,8.093487776664915,5.0217962856058875,10.120669905061732
2025-10-07 18:24:07.704,5.978091754566776,8.099884666002254,5.029061888310025,10.120669905061732
2025-10-07 18:24:07.916,5.950056005001898,8.018778427120196,4.932871626422639,10.120669905061732
2025-10-07 18:24:08.129,5.9983880577729,8.093487776664915,5.032062898122604,10.120669905061732
2025-10-07 18:24:08.340,5.909226476762342,8.052895170252668,5.027956253115917,10.120669905061732
2025-10-07 18:24:08.551,5.965613871661844,8.075797613559189,5.007975845679539,10.120669905061732
2025-10-07 18:24:08.764,5.987094784004512,8.1154425326622,5.051885357674109,10.120669905061732
2025-10-07 18:24:08.976,5.9814086601491,8.04523469783635,4.946297196636806,10.120669905061732
2025-10-07 18:24:09.188,5.985357357270914,8.084089877514998,5.009239428758519,10.120669905061732
2025-10-07 18:24:09.399,5.896195776260356,8.020357905968922,5.002763565478745,10.120669905061732
2025-10-07 18:24:09.612,5.979671233415502,8.095462125225822,5.030720341101187,10.120669905061732
2025-10-07 18:24:09.823,5.9568477640514175,8.094830333686332,5.035063907935182,10.120669905061732
2025-10-07 18:24:10.035,5.973116396193291,8.070743281243267,4.951746398664909,10.120669905061732
2025-10-07 18:24:10.246,6.004390077398057,8.106913346879082,5.034748012165437,10.120669905061732
2025-10-07 18:24:10.459,5.911279799265685,8.027781456557932,5.018558353966,10.120669905061732
2025-10-07 18:24:10.672,5.96845693358955,8.080615024047802,5.009239428758519,10.120669905061732
2025-10-07 18:24:10.884,5.969878464553403,8.108966669382426,5.049042295746403,10.120669905061732
2025-10-07 18:24:11.095,5.985910174867968,8.078798623371767,4.965645812533694,10.120669905061732
2025-10-07 18:24:11.306,5.994597308535958,8.070506359415958,4.995971806429225,10.120669905061732
2025-10-07 18:24:11.520,5.892405027023415,8.03883780849901,5.02195423349076,10.120669905061732
2025-10-07 18:24:11.732,5.971694865229438,8.0823524507814,5.007028158370304,10.120669905061732
2025-10-07 18:24:11.944,5.963244653388756,8.096172890707749,5.035774673417109,10.120669905061732
2025-10-07 18:24:12.155,5.98480453967386,8.082905268378454,4.967067343497547,10.120669905061732
2025-10-07 18:24:12.366,6.010392097023214,8.097594421671602,5.020137832814726,10.120669905061732
2025-10-07 18:24:12.580,5.895090141066248,8.019094322889941,5.006396366830813,10.120669905061732
2025-10-07 18:24:12.792,5.983067112940262,8.094040594261969,5.026455748209628,10.120669905061732
2025-10-07 18:24:13.005,5.993965516996468,8.116627141798745,5.052596123156036,10.120669905061732
2025-10-07 18:24:13.216,5.969562568783658,8.043339323217879,4.938478776335614,10.120669905061732
2025-10-07 18:24:13.427,5.990016819874654,8.072559681919302,5.003395357018235,10.120669905061732
2025-10-07 18:24:13.642,5.9420796368158335,8.09719955195942,5.052043305558982,10.120669905061732
2025-10-07 18:24:13.854,5.972563578596237,8.076666326925988,4.975517555338229,10.120669905061732
2025-10-07 18:24:14.065,5.988911184680546,8.0984631350384,5.024323451763848,10.120669905061732
2025-10-07 18:24:14.276,5.97801278062434,8.029992726946148,4.943217212881791,10.120669905061732
2025-10-07 18:24:14.492,5.982514295343208,8.09506725551364,5.0289039404251525,10.120669905061732
2025-10-07 18:24:14.703,5.95021395288677,8.09317188089517,5.038064917747761,10.120669905061732
2025-10-07 18:24:14.914,5.977144067257541,8.093329828780043,4.991312343825484,10.120669905061732
2025-10-07 18:24:15.126,6.008970566059361,8.114731767180274,5.039881318423795,10.120669905061732
2025-10-07 18:24:15.337,5.953057014814476,8.012302563840421,4.934845974983546,10.120669905061732
2025-10-07 18:24:15.550,5.976038432063433,8.075955561444061,5.012240438571098,10.120669905061732
2025-10-07 18:24:15.762,5.917281818890842,8.08487961693936,5.054096628062325,10.120669905061732
2025-10-07 18:24:15.973,5.96995743849584,8.083458085975508,5.003632278845544,10.120669905061732
2025-10-07 18:24:16.185,5.993254751514542,8.114652793237838,5.046436155646006,10.120669905061732
2025-10-07 18:24:16.396,5.9872527318893844,8.050999795634198,4.948429493082585,10.120669905061732
2025-10-07 18:24:16.610,5.980303024954992,8.077377092407914,5.011450699146735,10.120669905061732
2025-10-07 18:24:16.821,5.9059885451224545,8.047840837936747,5.035458777647364,10.120669905061732
2025-10-07 18:24:17.032,5.981329686206664,8.09530417734095,5.030799315043623,10.120669905061732
2025-10-07 18:24:17.244,5.960954409058104,8.093566750607351,5.031668028410422,10.120669905061732
2025-10-07 18:24:17.455,5.970194360323148,8.056370023719865,4.939110567875105,10.120669905061732
2025-10-07 18:24:17.668,6.003126494319076,8.095225203398513,5.02408652993654,10.120669905061732
2025-10-07 18:24:17.881,5.894458349526758,8.051710561116124,5.0274824094612995,10.120669905061732
2025-10-07 18:24:18.095,5.969562568783658,8.048788525245982,4.942348499514992,10.120669905061732
2025-10-07 18:24:18.308,6.007312113268199,8.101306196966107,5.026455748209628,10.120669905061732
2025-10-07 18:24:18.519,5.919177193509313,8.019726114429432,4.994708223350244,10.120669905061732
2025-10-07 18:24:18.733,5.986857862177203,8.098936978693018,5.026218826382319,10.120669905061732
2025-10-07 18:24:18.944,5.983383008710007,8.102648753987523,5.032062898122604,10.120669905061732
2025-10-07 18:24:19.156,5.96506105406479,8.039232678211192,4.9396633854721586,10.120669905061732
2025-10-07 18:24:19.368,6.007628009037944,8.094909307628768,5.022112181375633,10.120669905061732
2025-10-07 18:24:19.583,5.949503187404844,8.104228232836249,5.0541756020047615,10.120669905061732
2025-10-07 18:24:19.795,5.973827161675217,8.07279660374661,4.956563809153522,10.120669905061732
2025-10-07 18:24:20.006,5.9895429762200365,8.095462125225822,5.026376774267192,10.120669905061732
2025-10-07 18:24:20.218,5.922573073034073,8.008827710373225,4.9487453888523305,10.120669905061732
2025-10-07 18:24:20.431,5.967588220222751,8.076666326925988,5.016426057520221,10.120669905061732
2025-10-07 18:24:20.646,6.006996217498454,8.107545138418573,5.039881318423795,10.120669905061732
2025-10-07 18:24:20.859,5.9187823237971315,8.008827710373225,4.954747408477488,10.120669905061732
2025-10-07 18:24:21.070,5.97864457216383,8.072954551631483,5.0105030118375,10.120669905061732
2025-10-07 18:24:21.281,5.905909571180018,8.061266408150914,5.041776693042266,10.120669905061732
2025-10-07 18:24:21.492,5.983383008710007,8.091355480219136,5.024560373591157,10.120669905061732
2025-10-07 18:24:21.705,5.986305044580149,8.10209593639047,5.031904950237731,10.120669905061732
2025-10-07 18:24:21.915,5.9844096699616784,8.079746310681003,4.963039672433297,10.120669905061732
2025-10-07 18:24:22.126,6.010707992792959,8.097357499844293,5.025744982727701,10.120669905061732
2025-10-07 18:24:22.338,5.919730011106367,8.00322056046025,4.96785708292191,10.120669905061732
2025-10-07 18:24:22.552,5.968377959647114,8.079825284623439,5.0081337935644115,10.120669905061732
2025-10-07 18:24:22.764,5.988595288910801,8.116390219971436,5.05378073229258,10.120669905061732
2025-10-07 18:24:22.976,5.980618920724737,8.059607955359752,4.945428483270007,10.120669905061732
2025-10-07 18:24:23.187,5.991912194493125,8.089933949255283,5.01176659491648,10.120669905061732
2025-10-07 18:24:23.398,5.92920688419872,8.01593536519249,4.98333597563942,10.120669905061732
2025-10-07 18:24:23.614,5.9881214452561835,8.092619063298116,4.993049770559082,10.120669905061732
2025-10-07 18:24:23.825,5.988358367083492,8.100911327253925,5.025666008785265,10.120669905061732
2025-10-07 18:24:24.036,5.968535907531987,8.036784485995668,4.939347489702413,10.120669905061732
2025-10-07 18:24:24.248,5.990016819874654,8.08851241829143,5.011529673089171,10.120669905061732
2025-10-07 18:24:24.459,5.903303431079621,8.01127590258875,4.994629249407808,10.120669905061732
2025-10-07 18:24:24.674,5.987173757946948,8.097357499844293,4.996524624026279,10.120669905061732
2025-10-07 18:24:24.885,5.983225060825134,8.098384161095964,5.028193174943226,10.120669905061732
2025-10-07 18:24:25.096,5.969799490610967,8.045076749951477,4.940769020666266,10.120669905061732
2025-10-07 18:24:25.307,6.006048530189219,8.109835382749225,5.034116220625947,10.120669905061732
2025-10-07 18:24:25.518,5.938209913636456,8.01869945317776,4.965882734361003,10.120669905061732
2025-10-07 18:24:25.731,5.969483594841222,8.077929910004968,5.014767604729059,10.120669905061732
2025-10-07 18:24:25.942,5.915702340042117,8.083537059917944,5.043987963430482,10.120669905061732
2025-10-07 18:24:26.155,5.988042471313747,8.087801652809503,4.974964737741175,10.120669905061732
2025-10-07 18:24:26.367,5.994755256420831,8.096014942822876,5.016031187808039,10.120669905061732
2025-10-07 18:24:26.579,5.901250108576278,8.006695413927446,4.990601578343558,10.120669905061732
2025-10-07 18:24:26.792,5.982198399573463,8.093329828780043,5.026139852439883,10.120669905061732
2025-10-07 18:24:27.004,5.993096803629669,8.109361539094607,5.038380813517506,10.120669905061732
2025-10-07 18:24:27.216,5.969167699071477,8.04989416044009,4.943849004421281,10.120669905061732
2025-10-07 18:24:27.427,6.007943904807689,8.100200561771999,5.025271139073084,10.120669905061732
2025-10-07 18:24:27.642,5.907252128201435,8.074770952307517,5.047778712667423,10.120669905061732
2025-10-07 18:24:27.853,5.972010760999183,8.082194502896527,5.008686611161465,10.120669905061732
2025-10-07 18:24:28.064,5.951398562023314,8.092066245701062,5.037512100150707,10.120669905061732
2025-10-07 18:24:28.275,5.98883221073811,8.087090887327577,4.967541187152165,10.120669905061732
2025-10-07 18:24:28.486,5.990490663529272,8.088038574636812,5.010108142125318,10.120669905061732
2025-10-07 18:24:28.700,5.9079628936833615,8.039469600038501,5.027640357346172,10.120669905061732
2025-10-07 18:24:28.912,5.97058923003533,8.084089877514998,5.013030177995461,10.120669905061732
2025-10-07 18:24:29.124,5.947686786728809,8.090802662622082,5.03616954312929,10.120669905061732
2025-10-07 18:24:29.335,5.988595288910801,8.075323769904571,4.955063304247233,10.120669905061732
2025-10-07 18:24:29.548,6.000836249988424,8.092382141470807,5.031115210813368,10.120669905061732
2025-10-07 18:24:29.763,5.928022275062176,8.0823524507814,5.0355377515898,10.120669905061732
2025-10-07 18:24:29.974,5.9829881389978254,8.090328818967464,4.96446120339715,10.120669905061732
2025-10-07 18:24:30.188,6.006917243556018,8.094119568204405,5.02535011301552,10.120669905061732
2025-10-07 18:24:30.399,5.908515711280415,8.007643101236681,4.966514525900493,10.120669905061732
2025-10-07 18:24:30.611,5.969562568783658,8.080141180393184,5.012714282225716,10.120669905061732
2025-10-07 18:24:30.823,5.953530858469094,8.104307206778685,5.061678126536208,10.120669905061732
2025-10-07 18:24:31.034,5.988358367083492,8.08977600137041,4.979387278517606,10.120669905061732
2025-10-07 18:24:31.245,5.980618920724737,8.103517467354322,5.032852637546966,10.120669905061732
2025-10-07 18:24:31.455,5.988516314968365,8.084563721169616,4.969436561770635,10.120669905061732
2025-10-07 18:24:31.668,6.007864930865253,8.099568770232509,5.024323451763848,10.120669905061732
2025-10-07 18:24:31.880,5.911516721092994,8.024938394630226,5.006080471061068,10.120669905061732
2025-10-07 18:24:32.091,5.9915173247809435,8.09167137598888,5.034511090338128,10.120669905061732
2025-10-07 18:24:32.303,5.934577112284387,8.086617043672959,5.035379803704927,10.120669905061732
2025-10-07 18:24:32.514,5.987094784004512,8.093408802722479,5.000157425378347,10.120669905061732
2025-10-07 18:24:32.727,5.991043481126326,8.09380367243466,5.0146886307866225,10.120669905061732
2025-10-07 18:24:32.938,5.943738089606995,8.023437889723937,4.951272555010291,10.120669905061732
2025-10-07 18:24:33.150,5.992622959975051,8.09254008935568,5.0345900642805645,10.120669905061732
2025-10-07 18:24:33.363,5.9224151251492,8.082668346551145,5.037038256496089,10.120669905061732
2025-10-07 18:24:33.575,5.970747177920202,8.067268427776071,4.949851024046438,10.120669905061732
2025-10-07 18:24:33.790,5.99499217824814,8.087801652809503,5.032457767834785,10.120669905061732
2025-10-07 18:24:34.002,5.909937242244268,8.071611994610066,5.034353142453256,10.120669905061732
2025-10-07 18:24:34.213,5.97058923003533,8.081483737414601,5.010266090010191,10.120669905061732
2025-10-07 18:24:34.424,5.969167699071477,8.107782060245881,5.055755080853487,10.120669905061732
2025-10-07 18:24:34.636,5.986936836119639,8.062135121517713,4.9521412683770905,10.120669905061732
2025-10-07 18:24:34.849,5.985594279098223,8.081246815587292,5.012319412513534,10.120669905061732
2025-10-07 18:24:35.062,5.895563984720866,8.050762873806889,5.0232178165697405,10.120669905061732
2025-10-07 18:24:35.272,5.984330696019242,8.093250854837606,5.027719331288608,10.120669905061732
2025-10-07 18:24:35.484,5.9596908259791235,8.099173900520327,5.038143891690197,10.120669905061732
2025-10-07 18:24:35.695,5.973116396193291,8.068453036912615,4.9501669198161835,10.120669905061732
2025-10-07 18:24:35.908,6.0043111034556205,8.102885675814832,5.026771643979373,10.120669905061732
2025-10-07 18:24:36.120,5.913964913308519,8.025886081939461,5.003790226730416,10.120669905061732
2025-10-07 18:24:36.332,5.967430272337879,8.076350431156243,5.015399396268549,10.120669905061732
2025-10-07 18:24:36.543,5.940737079794417,8.0993318484052,5.051253566134619,10.120669905061732
2025-10-07 18:24:36.756,5.989385028335164,8.069084828452105,4.957511496462757,10.120669905061732
2025-10-07 18:24:36.969,5.995544995845194,8.094988281571204,5.026850617921809,10.120669905061732
2025-10-07 18:24:37.181,5.906067519064891,8.058502320165644,5.039091578999432,10.120669905061732
2025-10-07 18:24:37.393,5.968377959647114,8.081483737414601,5.0109768554921175,10.120669905061732
2025-10-07 18:24:37.604,5.96719335051057,8.090802662622082,5.021875259548324,10.120669905061732
2025-10-07 18:24:37.819,5.9216253857248375,8.019410218659687,4.992417979019592,10.120669905061732
2025-10-07 18:24:38.031,5.990253741701963,8.088670366176302,5.019900910987417,10.120669905061732
2025-10-07 18:24:38.243,5.905198805698092,8.073270447401228,5.035932621301981,10.120669905061732
2025-10-07 18:24:38.454,5.991438350838507,8.096014942822876,5.008528663276593,10.120669905061732
2025-10-07 18:24:38.666,6.00304752037664,8.11417894958322,5.047146921127933,10.120669905061732
2025-10-07 18:24:38.878,5.951951379620368,8.021779436932775,4.934135209501619,10.120669905061732
2025-10-07 18:24:39.090,5.979118415818448,8.065452027100037,5.009792246355573,10.120669905061732
2025-10-07 18:24:39.302,5.915307470329935,8.085827304248596,5.05101664430731,10.120669905061732
2025-10-07 18:24:39.515,5.974458953214707,8.078561701544459,4.964856073109331,10.120669905061732
2025-10-07 18:24:39.726,5.987884523428875,8.097436473786729,5.02471832147603,10.120669905061732
2025-10-07 18:24:39.938,5.953214962699349,8.028097352327677,4.949456154334257,10.120669905061732
2025-10-07 18:24:40.150,5.9957819176725025,8.089381131658229,5.031668028410422,10.120669905061732
2025-10-07 18:24:40.362,5.896195776260356,8.061503329978223,5.02874599254028,10.120669905061732
2025-10-07 18:24:40.575,5.9838568523646245,8.090012923197719,4.989180047379705,10.120669905061732
2025-10-07 18:24:40.786,5.999256771139699,8.116627141798745,5.048173582379604,10.120669905061732
2025-10-07 18:24:40.998,5.9548734154905105,8.027149665018442,4.9444807959607715,10.120669905061732
2025-10-07 18:24:41.209,5.997914214118282,8.099568770232509,5.0351428818776185,10.120669905061732
2025-10-07 18:24:41.419,5.911200825323249,8.00788002306399,4.965645812533694,10.120669905061732
2025-10-07 18:24:41.633,5.969325646956349,8.081483737414601,5.012240438571098,10.120669905061732
2025-10-07 18:24:41.844,5.958506216842579,8.108729747555117,5.058124299126575,10.120669905061732
2025-10-07 18:24:42.056,5.989858871989782,8.086301147903214,4.965171968879076,10.120669905061732
2025-10-07 18:24:42.267,5.991043481126326,8.092145219643498,5.0166629793475295,10.120669905061732
2025-10-07 18:24:42.479,5.942000662873397,8.02359583760881,4.958064314059811,10.120669905061732
2025-10-07 18:24:42.689,6.004390077398057,8.095225203398513,5.02598190455501,10.120669905061732
2025-10-07 18:24:42.900,5.898249098763699,8.011828720185804,4.9990517901842395,10.120669905061732
2025-10-07 18:24:43.113,5.973590239847908,8.079983232508312,4.99415540575319,10.120669905061732
2025-10-07 18:24:43.326,6.001389067585478,8.112599470734494,5.048015634494732,10.120669905061732
2025-10-07 18:24:43.538,5.970273334265585,8.030940414255383,4.936978271429325,10.120669905061732
2025-10-07 18:24:43.748,5.991043481126326,8.086696017615395,5.007817897794666,10.120669905061732
2025-10-07 18:24:43.960,5.909068528877469,8.034257319837707,5.022980894742432,10.120669905061732
2025-10-07 18:24:44.173,5.986936836119639,8.09656776041993,5.023375764454613,10.120669905061732
2025-10-07 18:24:44.386,5.9966506310393015,8.116785089683617,5.054017654119889,10.120669905061732
2025-10-07 18:24:44.597,5.9804609728398646,8.041522922541844,4.948587440967458,10.120669905061732
2025-10-07 18:24:44.809,5.987094784004512,8.083695007802817,5.008607637219029,10.120669905061732
2025-10-07 18:24:45.021,5.906778284546817,8.0564489976623,5.037117230438525,10.120669905061732
2025-10-07 18:24:45.235,5.972247682826492,8.074849926249954,4.973780128604631,10.120669905061732
2025-10-07 18:24:45.446,6.007549035095508,8.115521506604637,5.045014624682153,10.120669905061732
2025-10-07 18:24:45.658,5.946581151534701,8.023516863666373,4.955063304247233,10.120669905061732
2025-10-07 18:24:45.870,5.9776179109121585,8.073823264998282,5.014609656844186,10.120669905061732
2025-10-07 18:24:46.082,5.900934212806533,8.066399714409272,5.0289039404251525,10.120669905061732
2025-10-07 18:24:46.295,5.985910174867968,8.093092906952734,5.000789216917838,10.120669905061732
2025-10-07 18:24:46.506,5.989148106507855,8.101385170908543,5.028272148885662,10.120669905061732
2025-10-07 18:24:46.718,5.938841705175946,8.016251260962235,4.938083906623433,10.120669905061732
2025-10-07 18:24:46.929,5.998861901427517,8.095541099168258,5.0303254713890055,10.120669905061732
2025-10-07 18:24:47.142,5.9065413627195085,8.063161782769384,5.039723370538923,10.120669905061732
2025-10-07 18:24:47.354,5.969720516668531,8.079983232508312,4.996682571911151,10.120669905061732
2025-10-07 18:24:47.564,5.939315548830564,8.093724698492224,5.039881318423795,10.120669905061732
2025-10-07 18:24:47.775,5.989069132565419,8.086064226075905,4.967146317439983,10.120669905061732
2025-10-07 18:24:47.988,5.990648611414144,8.091513428104008,5.010345063952627,10.120669905061732
2025-10-07 18:24:48.201,5.89951268184268,8.016646130674417,4.992181057192283,10.120669905061732
2025-10-07 18:24:48.412,5.9810137904369185,8.095620073110695,5.030799315043623,10.120669905061732
2025-10-07 18:24:48.625,5.990727585356581,8.11607432420169,5.053385862580399,10.120669905061732
2025-10-07 18:24:48.836,5.969562568783658,8.052342352655614,4.9434541347091,10.120669905061732
2025-10-07 18:24:49.049,6.004863921052674,8.098858004750582,5.023928582051667,10.120669905061732
2025-10-07 18:24:49.261,5.908673659165288,8.029597857233966,5.01729477088702,10.120669905061732
2025-10-07 18:24:49.472,5.981645581976409,8.097357499844293,5.032615715719658,10.120669905061732
2025-10-07 18:24:49.684,5.964587210410173,8.105728737742538,5.0550443153715605,10.120669905061732
2025-10-07 18:24:49.895,5.9733533180205995,8.074376082595336,4.965566838591258,10.120669905061732
2025-10-07 18:24:50.108,5.991912194493125,8.092303167528371,5.010818907607245,10.120669905061732
2025-10-07 18:24:50.320,5.912938252056847,8.020989697508412,5.007896871737103,10.120669905061732
2025-10-07 18:24:50.532,5.98267224322808,8.078877597314204,5.009950194240446,10.120669905061732
2025-10-07 18:24:50.745,5.97122102157482,8.096014942822876,5.032062898122604,10.120669905061732
2025-10-07 18:24:50.956,5.986462992465022,8.069558672106723,4.95703765280814,10.120669905061732
2025-10-07 18:24:51.168,6.008812618174488,8.105570789857666,5.027719331288608,10.120669905061732
2025-10-07 18:24:51.380,5.900460369151915,8.009696423740024,4.984915454488146,10.120669905061732
2025-10-07 18:24:51.592,5.9676671941651875,8.079035545199076,5.0118455688589165,10.120669905061732
2025-10-07 18:24:51.804,5.948713447980481,8.09996363994469,5.058124299126575,10.120669905061732
2025-10-07 18:24:52.016,5.9739061356176535,8.068532010855051,4.9515094768376,10.120669905061732
2025-10-07 18:24:52.228,5.992701933917488,8.087801652809503,5.008765585103902,10.120669905061732
2025-10-07 18:24:52.441,5.908752633107724,8.036073720513741,5.021164494066397,10.120669905061732
2025-10-07 18:24:52.653,5.9858312009255314,8.095620073110695,5.029693679849515,10.120669905061732
2025-10-07 18:24:52.865,5.960717487230795,8.097594421671602,5.037038256496089,10.120669905061732
2025-10-07 18:24:53.077,5.984646591788987,8.060397694784115,4.951272555010291,10.120669905061732
2025-10-07 18:24:53.289,6.003995207685875,8.099805692059817,5.029535731964643,10.120669905061732
2025-10-07 18:24:53.500,5.905435727525401,8.010091293452206,4.972832441295395,10.120669905061732
2025-10-07 18:24:53.712,5.989858871989782,8.093013933010297,5.031036236870932,10.120669905061732
2025-10-07 18:24:53.921,5.89398450587214,8.021384567220593,5.004422018269906,10.120669905061732
2025-10-07 18:24:54.134,5.971299995517256,8.081167841644856,5.000710242975401,10.120669905061732
2025-10-07 18:24:54.346,5.99688755286661,8.111730757367695,5.043830015545609,10.120669905061732
2025-10-07 18:24:54.558,5.9747748489844525,8.039864469750682,4.948982310679639,10.120669905061732
2025-10-07 18:24:54.768,5.992465012090179,8.088117548579248,5.007659949909794,10.120669905061732
2025-10-07 18:24:54.981,5.910095190129141,8.022332254529829,5.010266090010191,10.120669905061732
2025-10-07 18:24:55.193,5.982514295343208,8.095146229456077,5.028982914367589,10.120669905061732
2025-10-07 18:24:55.405,5.973511265905472,8.094356490031714,5.029772653791952,10.120669905061732
2025-10-07 18:24:55.617,5.966324637143771,8.036863459938104,4.939979281241904,10.120669905061732
2025-10-07 18:24:55.828,6.008891592116925,8.10059543148418,5.022901920799995,10.120669905061732
2025-10-07 18:24:56.041,5.89674859385741,8.024543524918045,5.011371725204299,10.120669905061732
2025-10-07 18:24:56.254,5.9733533180205995,8.086301147903214,5.010345063952627,10.120669905061732
2025-10-07 18:24:56.464,5.956610842224109,8.10335951946945,5.056307898450541,10.120669905061732
2025-10-07 18:24:56.677,5.987015810062076,8.064346391905929,4.956247913383777,10.120669905061732
2025-10-07 18:24:56.888,6.00920748788667,8.105333868030357,5.0266136960945005,10.120669905061732
2025-10-07 18:24:57.100,5.921072568127784,8.019410218659687,4.9805718876541505,10.120669905061732
2025-10-07 18:24:57.312,5.970905125805075,8.078403753659586,5.012477360398407,10.120669905061732
2025-10-07 18:24:57.524,5.9653769498345355,8.105965659569847,5.056307898450541,10.120669905061732
2025-10-07 18:24:57.737,5.987331705831821,8.062766913057203,4.953325877513635,10.120669905061732
2025-10-07 18:24:57.948,6.0080228787501255,8.101622092735852,5.0260608784974465,10.120669905061732
2025-10-07 18:24:58.159,5.93473506016926,8.021068671450848,4.96509299493664,10.120669905061732
2025-10-07 18:24:58.372,5.969483594841222,8.07745606635035,5.009081480873647,10.120669905061732
2025-10-07 18:24:58.586,5.979118415818448,8.097041604074548,5.02811420100079,10.120669905061732
2025-10-07 18:24:58.798,5.973590239847908,8.035126033204506,4.944243874133463,10.120669905061732
2025-10-07 18:24:59.009,5.98606812275284,8.082115528954091,5.011055829434554,10.120669905061732
2025-10-07 18:24:59.221,5.8937475840448315,8.029281961464221,5.008449689334157,10.120669905061732
2025-10-07 18:24:59.432,5.985199409386041,8.093724698492224,5.0294567580222065,10.120669905061732
2025-10-07 18:24:59.644,5.949819083174589,8.103201571584577,5.054728419601815,10.120669905061732
2025-10-07 18:24:59.855,5.975090744754198,8.077771962120096,4.96572478647613,10.120669905061732
2025-10-07 18:25:00.068,5.990174767759527,8.09380367243466,5.024402425706285,10.120669905061732
2025-10-07 18:25:00.281,5.908910580992597,8.033941424067962,5.036880308611217,10.120669905061732
2025-10-07 18:25:00.495,5.972247682826492,8.073744291055846,4.9572745746354485,10.120669905061732
2025-10-07 18:25:00.709,5.985910174867968,8.082668346551145,5.007265080197612,10.120669905061732
2025-10-07 18:25:00.922,5.907015206374126,8.05455362304383,5.036722360726344,10.120669905061732
2025-10-07 18:25:01.135,5.9790394418760116,8.079035545199076,4.971726806101287,10.120669905061732
2025-10-07 18:25:01.347,5.994518334593522,8.093092906952734,5.0138199174198235,10.120669905061732
2025-10-07 18:25:01.561,5.909858268301832,8.027781456557932,5.018242458196255,10.120669905061732
2025-10-07 18:25:01.772,5.986384018522585,8.095146229456077,5.034826986107873,10.120669905061732
2025-10-07 18:25:01.984,5.954557519720765,8.096962630132111,5.0525171492136,10.120669905061732
2025-10-07 18:25:02.195,5.986226070637713,8.094514437916587,5.0095553245282645,10.120669905061732
2025-10-07 18:25:02.406,5.985989148810404,8.10185901456316,5.029140862252461,10.120669905061732
2025-10-07 18:25:02.618,5.94958216134728,8.020120984141613,4.936188532004962,10.120669905061732
2025-10-07 18:25:02.829,6.002494702779586,8.10486002437574,5.03151008052555,10.120669905061732
2025-10-07 18:25:03.039,5.937104278442348,8.014197938458892,4.943138238939355,10.120669905061732
2025-10-07 18:25:03.252,5.974379979272271,8.074613004422645,5.01389889136226,10.120669905061732
2025-10-07 18:25:03.464,5.9548734154905105,8.104307206778685,5.056228924508105,10.120669905061732
2025-10-07 18:25:03.677,5.986620940349894,8.062372043345022,4.954747408477488,10.120669905061732
2025-10-07 18:25:03.888,5.993175777572105,8.088038574636812,5.009713272413137,10.120669905061732
2025-10-07 18:25:04.103,5.914438756963136,8.07958836279613,5.053859706235016,10.120669905061732
2025-10-07 18:25:04.316,5.988595288910801,8.08298424232089,4.957748418290066,10.120669905061732
2025-10-07 18:25:04.527,5.993333725456978,8.092382141470807,5.017610666656765,10.120669905061732
2025-10-07 18:25:04.741,5.899196786072935,8.01277640749504,4.991549265652793,10.120669905061732
2025-10-07 18:25:04.952,5.989700924104909,8.090249845025028,5.029772653791952,10.120669905061732
2025-10-07 18:25:05.165,5.964508236467736,8.099884666002254,5.03830183957507,10.120669905061732
2025-10-07 18:25:05.378,5.9605595393459225,8.022253280587393,4.935319818638163,10.120669905061732
2025-10-07 18:25:05.591,5.998546005657772,8.091434454161572,5.030404445331442,10.120669905061732
2025-10-07 18:25:05.804,5.940974001621726,8.094593411859023,5.056149950565668,10.120669905061732
2025-10-07 18:25:06.016,5.973669213790345,8.072085838264684,4.954826382419924,10.120669905061732
2025-10-07 18:25:06.229,6.003521364031258,8.096883656189675,5.026534722152064,10.120669905061732
2025-10-07 18:25:06.443,5.896274750202792,8.05945000747488,5.026297800324755,10.120669905061732
2025-10-07 18:25:06.656,5.975801510236124,8.083063216263326,4.969910405425253,10.120669905061732
2025-10-07 18:25:06.868,6.010155175195905,8.103754389181631,5.024955243303339,10.120669905061732
2025-10-07 18:25:07.082,5.891062470001998,8.036863459938104,5.015083500498804,10.120669905061732
2025-10-07 18:25:07.295,5.973511265905472,8.075876587501625,4.971805780043724,10.120669905061732
2025-10-07 18:25:07.507,6.006206478074091,8.118127646705034,5.0428033542939374,10.120669905061732
2025-10-07 18:25:07.720,5.93876273123351,8.016251260962235,4.972358597640778,10.120669905061732
2025-10-07 18:25:07.932,5.967509246280315,8.076982222695733,5.00987122029801,10.120669905061732
2025-10-07 18:25:08.145,5.990806559299017,8.111572809482823,5.0525171492136,10.120669905061732
2025-10-07 18:25:08.359,5.9506088225989515,8.024069681263427,4.950324867701056,10.120669905061732
2025-10-07 18:25:08.572,5.970431282150457,8.074534030480208,5.014925552613931,10.120669905061732
2025-10-07 18:25:08.785,5.959611852036687,8.097910317441347,5.043830015545609,10.120669905061732
2025-10-07 18:25:08.998,5.980934816494482,8.042944453505697,4.94748180577335,10.120669905061732
2025-10-07 18:25:09.211,5.980145077070119,8.072559681919302,5.010581985779936,10.120669905061732
2025-10-07 18:25:09.423,5.905751623295146,8.073270447401228,5.033879298798638,10.120669905061732
2025-10-07 18:25:09.637,5.988516314968365,8.071296098840321,4.9564058612686495,10.120669905061732
2025-10-07 18:25:09.849,6.005100842879983,8.098779030808146,5.017057849059711,10.120669905061732
2025-10-07 18:25:10.061,5.8937475840448315,8.035757824743996,5.0132670998227695,10.120669905061732
2025-10-07 18:25:10.275,5.9852783833284775,8.093487776664915,5.009634298470701,10.120669905061732
2025-10-07 18:25:10.488,5.994834230363267,8.092461115413244,5.014372735016877,10.120669905061732
2025-10-07 18:25:10.700,5.92581100467396,8.023674811551246,4.97591242505041,10.120669905061732
2025-10-07 18:25:10.912,5.988042471313747,8.092145219643498,5.029219836194898,10.120669905061732
2025-10-07 18:25:11.126,5.97588048417856,8.097436473786729,5.028667018597844,10.120669905061732
2025-10-07 18:25:11.339,5.945159620570848,8.01253948566773,4.938399802393178,10.120669905061732
2025-10-07 18:25:11.552,5.988990158622983,8.093250854837606,5.033089559374275,10.120669905061732
2025-10-07 18:25:11.765,5.943896037491868,8.090091897140155,5.037749021978016,10.120669905061732
2025-10-07 18:25:11.976,5.9739061356176535,8.071848916437375,4.955458173959414,10.120669905061732
2025-10-07 18:25:12.189,6.00920748788667,8.102332858217778,5.028272148885662,10.120669905061732
2025-10-07 18:25:12.401,5.915465418214808,8.021937384817647,5.005922523176196,10.120669905061732
2025-10-07 18:25:12.613,5.968851803301732,8.076113509328934,5.007028158370304,10.120669905061732
2025-10-07 18:25:12.826,5.9900957938170905,8.114494845352965,5.05038485276782,10.120669905061732
2025-10-07 18:25:13.038,5.985515305155786,8.044523932354423,4.947639753658223,10.120669905061732
2025-10-07 18:25:13.250,6.001152145758169,8.094751359743896,5.031904950237731,10.120669905061732
2025-10-07 18:25:13.463,5.90970032041696,8.07216481220712,5.047778712667423,10.120669905061732
2025-10-07 18:25:13.675,5.970273334265585,8.076903248753297,4.972674493410523,10.120669905061732
2025-10-07 18:25:13.887,6.006680321728709,8.11204665313744,5.0435930937183,10.120669905061732
2025-10-07 18:25:14.099,5.969009751186604,8.030861440312947,4.954115616937997,10.120669905061732
2025-10-07 18:25:14.312,5.97524869263907,8.077850936062532,5.012319412513534,10.120669905061732
2025-10-07 18:25:14.525,5.958111347130398,8.092382141470807,5.036090569186854,10.120669905061732
2025-10-07 18:25:14.738,5.97122102157482,8.03567885080156,4.938162880565869,10.120669905061732
2025-10-07 18:25:14.949,5.9895429762200365,8.083221164148199,5.006238418945941,10.120669905061732
2025-10-07 18:25:15.162,5.90819981551067,8.051868509000997,5.038696709287251,10.120669905061732
2025-10-07 18:25:15.375,5.9761963799483055,8.079746310681003,4.995182067004862,10.120669905061732
2025-10-07 18:25:15.587,5.992780907859924,8.09593596888044,5.019585015217672,10.120669905061732
2025-10-07 18:25:15.800,5.928101249004612,8.018146635580706,4.974727815913866,10.120669905061732
2025-10-07 18:25:16.012,5.98883221073811,8.093408802722479,5.0308782889860595,10.120669905061732
2025-10-07 18:25:16.225,5.9619810703097755,8.09190829781619,5.034984933992746,10.120669905061732
2025-10-07 18:25:16.439,5.93876273123351,8.021226619335721,4.95364177328338,10.120669905061732
2025-10-07 18:25:16.652,5.989227080450291,8.089223183773356,5.032536741777221,10.120669905061732
2025-10-07 18:25:16.864,5.916886949178661,8.077377092407914,5.033247507259148,10.120669905061732
2025-10-07 18:25:17.075,5.974143057444962,8.076034535386498,4.98207239256044,10.120669905061732
2025-10-07 18:25:17.288,6.008970566059361,8.109914356691661,5.034748012165437,10.120669905061732
2025-10-07 18:25:17.501,5.920835646300475,8.012855381437475,4.97930830457517,10.120669905061732
2025-10-07 18:25:17.713,5.96719335051057,8.079904258565875,5.01176659491648,10.120669905061732
2025-10-07 18:25:17.925,5.97524869263907,8.107861034188318,5.051174592192183,10.120669905061732
2025-10-07 18:25:18.138,5.9804609728398646,8.042549583793516,4.948192571255277,10.120669905061732
2025-10-07 18:25:18.351,5.984725565731424,8.074613004422645,5.011371725204299,10.120669905061732
2025-10-07 18:25:18.563,5.8994337079002435,8.064267417963492,5.03616954312929,10.120669905061732
2025-10-07 18:25:18.775,5.974853822926889,8.077535040292787,4.983099053812111,10.120669905061732
2025-10-07 18:25:18.988,5.987805549486438,8.097120578016984,5.021480389836142,10.120669905061732
2025-10-07 18:25:19.199,5.949029343750226,8.026201977709206,4.956563809153522,10.120669905061732
2025-10-07 18:25:19.412,5.971299995517256,8.075481717789444,5.013740943477387,10.120669905061732
2025-10-07 18:25:19.624,5.92920688419872,8.084958590881797,5.03680133466878,10.120669905061732
2025-10-07 18:25:19.834,5.98543633121335,8.095146229456077,5.026850617921809,10.120669905061732
2025-10-07 18:25:20.047,6.001231119700606,8.11757482910798,5.053069966810654,10.120669905061732
2025-10-07 18:25:20.259,5.962849783676575,8.024148655205863,4.936741349602016,10.120669905061732
2025-10-07 18:25:20.470,5.99625576132712,8.0904077929099,5.02874599254028,10.120669905061732
2025-10-07 18:25:20.684,5.941368871333907,8.095225203398513,5.051964331616546,10.120669905061732
2025-10-07 18:25:20.897,5.9690887251290405,8.071690968552502,4.958617131656865,10.120669905061732
2025-10-07 18:25:21.108,5.992780907859924,8.101937988505597,5.028430096770535,10.120669905061732
2025-10-07 18:25:21.316,5.991438350838507,8.094751359743896,4.982230340445312,10.120669905061732
2025-10-07 18:25:21.526,5.981724555918845,8.113073314389112,5.0536227844077075,10.120669905061732
2025-10-07 18:25:21.735,5.974537927157144,8.080693997990238,4.994866171235117,10.120669905061732
2025-10-07 18:25:21.945,5.958111347130398,8.103675415239195,5.056781742105159,10.120669905061732
2025-10-07 18:25:22.154,5.985594279098223,8.096330838592621,5.032694689662094,10.120669905061732
2025-10-07 18:25:22.365,5.938288887578892,8.089460105600665,5.036643386783908,10.120669905061732
2025-10-07 18:25:22.576,5.974695875042016,8.079667336738567,4.980177017941969,10.120669905061732
2025-10-07 18:25:22.785,5.975011770811761,8.10951948697948,5.056307898450541,10.120669905061732
2025-10-07 18:25:22.995,5.973432291963036,8.073586343170973,4.988943125552396,10.120669905061732
2025-10-07 18:25:23.205,5.960717487230795,8.106834372936646,5.058598142781193,10.120669905061732
2025-10-07 18:25:23.415,5.985120435443605,8.09783134349891,5.0308782889860595,10.120669905061732
2025-10-07 18:25:23.624,5.929601753910902,8.084721669054488,5.036327491014163,10.120669905061732
2025-10-07 18:25:23.834,5.970668203977766,8.083773981745253,5.015715292038294,10.120669905061732
2025-10-07 18:25:24.044,5.942869376240196,8.096883656189675,5.051964331616546,10.120669905061732
2025-10-07 18:25:24.255,5.97588048417856,8.08172065924191,5.002921513363617,10.120669905061732
2025-10-07 18:25:24.465,5.954478545778329,8.097515447729165,5.040434136020849,10.120669905061732
2025-10-07 18:25:24.679,5.961902096367339,8.027544534730623,4.9450336135578254,10.120669905061732
2025-10-07 18:25:24.893,5.990411689586836,8.09806826532622,5.035853647359545,10.120669905061732
2025-10-07 18:25:25.103,5.91096390349594,8.05455362304383,5.03616954312929,10.120669905061732
2025-10-07 18:25:25.316,5.986305044580149,8.0904077929099,4.991312343825484,10.120669905061732
2025-10-07 18:25:25.527,5.9866999142923305,8.09870005686571,5.025508060900393,10.120669905061732
2025-10-07 18:25:25.739,5.951398562023314,8.025333264342407,4.954589460592615,10.120669905061732
2025-10-07 18:25:25.953,5.9858312009255314,8.081641685299473,5.022033207433196,10.120669905061732
2025-10-07 18:25:26.165,5.930786363047446,8.086696017615395,5.043435145833428,10.120669905061732
2025-10-07 18:25:26.375,5.971299995517256,8.082826294436018,5.006238418945941,10.120669905061732
2025-10-07 18:25:26.585,5.973274344078163,8.100674405426616,5.045251546509462,10.120669905061732
2025-10-07 18:25:26.799,5.958980060497197,8.026912743191133,4.937452115083943,10.120669905061732
2025-10-07 18:25:27.012,5.972879474365982,8.074139160768027,5.010739933664809,10.120669905061732
2025-10-07 18:25:27.223,5.898564994533444,8.060397694784115,5.030720341101187,10.120669905061732
2025-10-07 18:25:27.437,5.972326656768928,8.06324075671182,4.9487453888523305,10.120669905061732
2025-10-07 18:25:27.647,6.0043111034556205,8.109914356691661,5.041065927560339,10.120669905061732
2025-10-07 18:25:27.861,5.914912600617754,8.024148655205863,4.996998467680896,10.120669905061732
2025-10-07 18:25:28.071,5.9858312009255314,8.080299128278057,5.011608647031608,10.120669905061732
2025-10-07 18:25:28.281,5.909068528877469,8.009696423740024,4.965882734361003,10.120669905061732
2025-10-07 18:25:28.491,6.000678302103552,8.094988281571204,5.031589054467986,10.120669905061732
2025-10-07 18:25:28.700,5.916650027351352,8.014750756055946,4.948587440967458,10.120669905061732
2025-10-07 18:25:28.910,5.989621950162473,8.088907288003611,5.010818907607245,10.120669905061732
2025-10-07 18:25:29.120,5.958190321072834,8.032046049449491,4.949772050104002,10.120669905061732
2025-10-07 18:25:29.329,6.010313123080778,8.108966669382426,5.030957262928496,10.120669905061732
2025-10-07 18:25:29.539,5.942474506528015,8.01743587009878,4.935793662292781,10.120669905061732
2025-10-07 18:25:29.749,5.990727585356581,8.090170871082591,5.0161101617504755,10.120669905061732
2025-10-07 18:25:29.959,5.9733533180205995,8.043181375333006,4.95024589375862,10.120669905061732
2025-10-07 18:25:30.169,6.001625989412787,8.100279535714435,5.021717311663451,10.120669905061732
2025-10-07 18:25:30.378,5.968377959647114,8.04223368802377,4.941874655860374,10.120669905061732
2025-10-07 18:25:30.588,6.0071541653833265,8.116469193913872,5.045883338048952,10.120669905061732
2025-10-07 18:25:30.797,5.987410679774257,8.07303352557392,4.959327897138792,10.120669905061732
2025-10-07 18:25:31.011,5.985989148810404,8.08788062675194,5.012793256168152,10.120669905061732
2025-10-07 18:25:31.221,5.916176183696734,8.011670772300931,4.953483825398507,10.120669905061732
2025-10-07 18:25:31.434,5.9648241322374815,8.08045707616293,5.01516247444124,10.120669905061732
2025-10-07 18:25:31.646,5.961744148482467,8.09467238580146,5.035458777647364,10.120669905061732
2025-10-07 18:25:31.859,5.964192340697991,8.033388606470908,4.948350519140149,10.120669905061732
2025-10-07 18:25:32.072,5.9824353214007715,8.07832477971715,5.014135813189569,10.120669905061732
2025-10-07 18:25:32.282,5.895721932605738,8.022490202414701,5.00434304432747,10.120669905061732
2025-10-07 18:25:32.494,5.98480453967386,8.098858004750582,5.03340545514402,10.120669905061732
2025-10-07 18:25:32.705,5.938999653060819,8.097357499844293,5.054728419601815,10.120669905061732
2025-10-07 18:25:32.917,5.970036412438276,8.058186424395899,4.949693076161566,10.120669905061732
2025-10-07 18:25:33.128,5.9909645071838895,8.09719955195942,5.022033207433196,10.120669905061732
2025-10-07 18:25:33.340,5.931813024299117,8.018857401062633,4.972674493410523,10.120669905061732
2025-10-07 18:25:33.553,5.968772829359295,8.080141180393184,5.014372735016877,10.120669905061732
2025-10-07 18:25:33.763,5.895958854433047,8.057396684971536,5.0266136960945005,10.120669905061732
2025-10-07 18:25:33.974,5.9829881389978254,8.086853965500268,5.025034217245775,10.120669905061732
2025-10-07 18:25:34.185,5.937972991809147,8.096251864650185,5.056070976623232,10.120669905061732
2025-10-07 18:25:34.395,5.986462992465022,8.096409812535057,5.025271139073084,10.120669905061732
2025-10-07 18:25:34.607,5.992070142377997,8.111019991885769,5.041618745157393,10.120669905061732
2025-10-07 18:25:34.818,5.966166689258898,8.031335283967564,4.939584411529722,10.120669905061732
2025-10-07 18:25:35.033,5.985357357270914,8.093566750607351,5.033484429086457,10.120669905061732
2025-10-07 18:25:35.242,5.908594685222852,8.032361945219236,5.020216806757162,10.120669905061732
2025-10-07 18:25:35.452,5.976591249660487,8.07556069173188,5.016505031462657,10.120669905061732
2025-10-07 18:25:35.662,5.912859278114411,8.027228638960878,5.002763565478745,10.120669905061732
2025-10-07 18:25:35.872,5.981329686206664,8.078640675486895,5.012556334340843,10.120669905061732
2025-10-07 18:25:36.081,5.91838745408495,8.010881032876568,4.952062294434654,10.120669905061732
2025-10-07 18:25:36.290,6.007312113268199,8.105175920145484,5.026534722152064,10.120669905061732
2025-10-07 18:25:36.500,5.962928757619011,8.032125023391927,4.9478766754855315,10.120669905061732
2025-10-07 18:25:36.709,5.9915173247809435,8.090170871082591,5.0138199174198235,10.120669905061732
2025-10-07 18:25:36.920,5.952188301447677,8.03015067483102,4.947165910003605,10.120669905061732
2025-10-07 18:25:37.129,6.006838269613581,8.109203591209734,5.031589054467986,10.120669905061732
2025-10-07 18:25:37.340,5.926363822271014,8.01403999057402,4.940769020666266,10.120669905061732
2025-10-07 18:25:37.550,5.989621950162473,8.08574833030616,5.005369705579142,10.120669905061732
2025-10-07 18:25:37.760,5.959216982324506,8.01996303625674,4.9464551445216784,10.120669905061732
2025-10-07 18:25:37.970,6.006206478074091,8.102253884275342,5.03151008052555,10.120669905061732
2025-10-07 18:25:38.183,5.897143463569591,8.060318720841678,5.0280352270583535,10.120669905061732
2025-10-07 18:25:38.395,5.983777878422188,8.094119568204405,5.02408652993654,10.120669905061732
2025-10-07 18:25:38.606,5.973827161675217,8.112362548907186,5.055755080853487,10.120669905061732
2025-10-07 18:25:38.816,5.972800500423546,8.07619248327137,4.974964737741175,10.120669905061732
2025-10-07 18:25:39.027,5.979987129185247,8.09870005686571,5.030799315043623,10.120669905061732
2025-10-07 18:25:39.237,5.985910174867968,8.077535040292787,4.963671463972787,10.120669905061732
2025-10-07 18:25:39.450,6.00983927942616,8.105017972260612,5.029298810137334,10.120669905061732
2025-10-07 18:25:39.660,5.9363935129604215,8.013092303264784,4.936899297486889,10.120669905061732
2025-10-07 18:25:39.871,5.994834230363267,8.093013933010297,5.033484429086457,10.120669905061732
2025-10-07 18:25:40.082,5.896274750202792,8.019094322889941,5.000157425378347,10.120669905061732
2025-10-07 18:25:40.296,5.983304034767571,8.092777011182989,5.016347083577784,10.120669905061732
2025-10-07 18:25:40.506,5.976275353890742,8.110309226403842,5.050542800652693,10.120669905061732
2025-10-07 18:25:40.720,5.945633464225466,8.01593536519249,4.9436120825939724,10.120669905061732
2025-10-07 18:25:40.934,5.971142047632384,8.079035545199076,5.01113480337699,10.120669905061732
2025-10-07 18:25:41.144,5.919808985048803,8.08361603386038,5.050463826710256,10.120669905061732
2025-10-07 18:25:41.354,5.9844096699616784,8.094277516089278,5.024955243303339,10.120669905061732
2025-10-07 18:25:41.565,5.925258187076906,8.08574833030616,5.038617735344815,10.120669905061732
2025-10-07 18:25:41.778,5.98756862765913,8.074849926249954,4.959801740793409,10.120669905061732
2025-10-07 18:25:41.989,6.0080228787501255,8.110388200346279,5.037354152265834,10.120669905061732
2025-10-07 18:25:42.200,5.940816053736853,8.016646130674417,4.937452115083943,10.120669905061732
2025-10-07 18:25:42.409,5.992543986032615,8.09443546397415,5.016031187808039,10.120669905061732
2025-10-07 18:25:42.619,5.985752226983095,8.051868509000997,4.949851024046438,10.120669905061732
2025-10-07 18:25:42.829,6.008970566059361,8.106597451109337,5.025508060900393,10.120669905061732
2025-10-07 18:25:43.041,5.907094180316562,8.00851181460348,4.972990389180268,10.120669905061732
2025-10-07 18:25:43.253,5.985041461501169,8.092619063298116,5.030167523504133,10.120669905061732
2025-10-07 18:25:43.465,5.956215972511927,8.10462310254843,5.057492507587085,10.120669905061732
2025-10-07 18:25:43.677,5.98883221073811,8.070348411531086,4.956168939441341,10.120669905061732
2025-10-07 18:25:43.891,5.999730614794316,8.09467238580146,5.029930601676824,10.120669905061732
2025-10-07 18:25:44.103,5.908120841568234,8.065925870754654,5.041460797272521,10.120669905061732
2025-10-07 18:25:44.316,5.9844096699616784,8.0912765062767,4.988469281897778,10.120669905061732
2025-10-07 18:25:44.528,5.9938075691115955,8.096804682247239,5.019269119447927,10.120669905061732
2025-10-07 18:25:44.741,5.92983867573821,8.019884062314304,4.966198630130748,10.120669905061732
2025-10-07 18:25:44.953,5.987963497371311,8.09254008935568,5.029772653791952,10.120669905061732
2025-10-07 18:25:45.166,5.951793431735496,8.093724698492224,5.0402761881359766,10.120669905061732
2025-10-07 18:25:45.378,5.972563578596237,8.050289030152271,4.943217212881791,10.120669905061732
2025-10-07 18:25:45.590,6.004942894995111,8.098858004750582,5.0266136960945005,10.120669905061732
2025-10-07 18:25:45.802,5.901487030403587,8.012697433552603,4.989653891034322,10.120669905061732
2025-10-07 18:25:46.014,5.96719335051057,8.074770952307517,5.008765585103902,10.120669905061732
2025-10-07 18:25:46.227,5.990174767759527,8.115363558719764,5.052990992868217,10.120669905061732
2025-10-07 18:25:46.439,5.979987129185247,8.021621489047902,4.942269525572556,10.120669905061732
2025-10-07 18:25:46.654,5.9676671941651875,8.076666326925988,5.008291741449284,10.120669905061732
2025-10-07 18:25:46.866,5.982277373515899,8.10865077361268,5.04975306122833,10.120669905061732
2025-10-07 18:25:47.079,5.973511265905472,8.034099371952834,4.946297196636806,10.120669905061732
2025-10-07 18:25:47.291,5.9804609728398646,8.072638655861738,5.012477360398407,10.120669905061732
2025-10-07 18:25:47.504,5.9143597830207,8.073112499516355,5.031825976295295,10.120669905061732
2025-10-07 18:25:47.717,5.985357357270914,8.07303352557392,4.959880714735846,10.120669905061732
2025-10-07 18:25:47.931,5.993175777572105,8.081404763472165,5.007186106255176,10.120669905061732
2025-10-07 18:25:48.144,5.919256167451749,8.088907288003611,5.053701758350144,10.120669905061732
2025-10-07 18:25:48.357,5.97524869263907,8.042944453505697,4.941400812205757,10.120669905061732
2025-10-07 18:25:48.570,5.9938075691115955,8.088986261946047,5.008607637219029,10.120669905061732
2025-10-07 18:25:48.783,5.906225466949763,8.05052595197958,5.035853647359545,10.120669905061732
2025-10-07 18:25:48.995,5.986936836119639,8.092934959067861,5.016268109635348,10.120669905061732
2025-10-07 18:25:49.208,5.984014800249497,8.091829323873753,5.023296790512177,10.120669905061732
2025-10-07 18:25:49.420,5.951003692311133,8.020515853853794,4.946297196636806,10.120669905061732
2025-10-07 18:25:49.633,5.989700924104909,8.087801652809503,5.030957262928496,10.120669905061732
2025-10-07 18:25:49.845,5.934261216514642,8.08764370492463,5.037196204380962,10.120669905061732
2025-10-07 18:25:50.057,5.973274344078163,8.060950512381169,4.940137229126776,10.120669905061732
2025-10-07 18:25:50.271,6.001625989412787,8.09530417734095,5.026850617921809,10.120669905061732
2025-10-07 18:25:50.483,5.906067519064891,8.051947482943433,5.025113191188211,10.120669905061732
2025-10-07 18:25:50.696,5.974222031387399,8.08085194587511,4.977491903899136,10.120669905061732
2025-10-07 18:25:50.909,6.007628009037944,8.105570789857666,5.03277366360453,10.120669905061732
2025-10-07 18:25:51.121,5.92920688419872,8.021700462990339,4.974096024374376,10.120669905061732
2025-10-07 18:25:51.332,5.9795922594730655,8.073112499516355,5.012951204053024,10.120669905061732
2025-10-07 18:25:51.545,5.9287330405441026,8.084958590881797,5.044145911315354,10.120669905061732
2025-10-07 18:25:51.758,5.990885533241453,8.077298118465478,4.960196610505591,10.120669905061732
2025-10-07 18:25:51.969,5.989700924104909,8.087485757039758,5.012082490686225,10.120669905061732
2025-10-07 18:25:52.182,5.90480393598591,8.010091293452206,4.98270418409993,10.120669905061732
2025-10-07 18:25:52.394,5.9676671941651875,8.074770952307517,5.011213777319426,10.120669905061732
2025-10-07 18:25:52.606,5.962296966079521,8.093408802722479,5.031668028410422,10.120669905061732
2025-10-07 18:25:52.817,5.9915173247809435,8.084958590881797,4.967383239267292,10.120669905061732
2025-10-07 18:25:53.030,6.003995207685875,8.097752369556474,5.024323451763848,10.120669905061732
2025-10-07 18:25:53.243,5.893115792505341,8.03504705926207,5.014451708959314,10.120669905061732
2025-10-07 18:25:53.455,5.981250712264227,8.094514437916587,5.027798305231045,10.120669905061732
2025-10-07 18:25:53.667,5.9895429762200365,8.11078307005846,5.051253566134619,10.120669905061732
2025-10-07 18:25:53.878,5.969720516668531,8.055896180065247,4.947007962118732,10.120669905061732
2025-10-07 18:25:54.090,5.992070142377997,8.086932939442704,5.00647534077325,10.120669905061732
2025-10-07 18:25:54.302,5.9116746689778665,8.021700462990339,5.008291741449284,10.120669905061732
2025-10-07 18:25:54.514,5.97738098908485,8.083537059917944,5.014293761074441,10.120669905061732
2025-10-07 18:25:54.727,5.969246673013913,8.092382141470807,5.024560373591157,10.120669905061732
2025-10-07 18:25:54.940,5.9591380083820695,8.027781456557932,4.94811359731284,10.120669905061732
2025-10-07 18:25:55.153,5.994123464881341,8.090012923197719,5.033010585431839,10.120669905061732
2025-10-07 18:25:55.364,5.905514701467837,8.07279660374661,5.034669038223001,10.120669905061732
2025-10-07 18:25:55.577,5.974222031387399,8.074849926249954,4.973306284950013,10.120669905061732
2025-10-07 18:25:55.790,6.008259800577434,8.106597451109337,5.033089559374275,10.120669905061732
2025-10-07 18:25:56.003,5.8965906459725375,8.017277922213907,5.000394347205656,10.120669905061732
2025-10-07 18:25:56.215,5.967114376568134,8.078798623371767,5.009713272413137,10.120669905061732
2025-10-07 18:25:56.427,5.994044490938904,8.107782060245881,5.043040276121246,10.120669905061732
2025-10-07 18:25:56.641,5.91712387100597,8.008590788545916,4.958459183771993,10.120669905061732
2025-10-07 18:25:56.853,5.986936836119639,8.08977600137041,5.02937778407977,10.120669905061732
2025-10-07 18:25:57.066,5.974695875042016,8.10928256515217,5.046831025358188,10.120669905061732
2025-10-07 18:25:57.280,5.931655076414245,8.010565137106823,4.943138238939355,10.120669905061732
2025-10-07 18:25:57.492,5.995466021902757,8.089065235888484,5.030799315043623,10.120669905061732
2025-10-07 18:25:57.706,5.959927747806432,8.102174910332906,5.055518159026178,10.120669905061732
2025-10-07 18:25:57.919,5.972405630711364,8.039153704268756,4.938478776335614,10.120669905061732
2025-10-07 18:25:58.131,5.984330696019242,8.077535040292787,5.018795275793309,10.120669905061732
2025-10-07 18:25:58.345,5.924942291307161,8.088828314061175,5.050858696422438,10.120669905061732
2025-10-07 18:25:58.557,5.971694865229438,8.076271457213807,4.972595519468086,10.120669905061732
2025-10-07 18:25:58.767,5.967509246280315,8.096804682247239,5.035379803704927,10.120669905061732
2025-10-07 18:25:58.979,5.981250712264227,8.039785495808246,4.945744379039752,10.120669905061732
2025-10-07 18:25:59.192,5.99901984931239,8.094119568204405,5.032457767834785,10.120669905061732
2025-10-07 18:25:59.404,5.909068528877469,8.05921308564757,5.037670048035579,10.120669905061732
2025-10-07 18:25:59.616,5.971457943402129,8.078640675486895,4.993049770559082,10.120669905061732
2025-10-07 18:25:59.828,5.989700924104909,8.094593411859023,5.018321432138691,10.120669905061732
2025-10-07 18:26:00.041,5.940421184024672,8.020120984141613,4.9604335323329,10.120669905061732
2025-10-07 18:26:00.255,5.988042471313747,8.092619063298116,5.024244477821412,10.120669905061732
2025-10-07 18:26:00.467,5.965455923776972,8.086696017615395,5.023454738397049,10.120669905061732
2025-10-07 18:26:00.681,5.9383678615213285,8.019884062314304,4.958854053484174,10.120669905061732
2025-10-07 18:26:00.894,5.973590239847908,8.076745300868424,5.011292751261863,10.120669905061732
2025-10-07 18:26:01.108,6.00028343239137,8.11204665313744,5.045567442279207,10.120669905061732
2025-10-07 18:26:01.321,5.927706379292431,8.017593817983652,4.9791503566902975,10.120669905061732
2025-10-07 18:26:01.533,5.968693855416859,8.076745300868424,5.014056839247132,10.120669905061732
2025-10-07 18:26:01.746,5.9454755163405935,8.086696017615395,5.03214187206504,10.120669905061732
2025-10-07 18:26:01.958,5.986384018522585,8.068295089027743,4.958222261944684,10.120669905061732
2025-10-07 18:26:02.170,5.995150126133012,8.086064226075905,5.007186106255176,10.120669905061732
2025-10-07 18:26:02.382,5.897538333281773,8.01317127720722,4.9953400148897344,10.120669905061732
2025-10-07 18:26:02.594,5.986462992465022,8.096251864650185,5.0317470023528585,10.120669905061732
2025-10-07 18:26:02.806,5.968535907531987,8.105412841972793,5.054491497774507,10.120669905061732
2025-10-07 18:26:03.018,5.97122102157482,8.067900219315561,4.953720747225816,10.120669905061732
2025-10-07 18:26:03.230,5.995544995845194,8.097989291383783,5.027956253115917,10.120669905061732
2025-10-07 18:26:03.441,5.933629424975152,8.017751765868525,4.974253972259248,10.120669905061732
2025-10-07 18:26:03.654,5.971536917344565,8.08022015433562,5.013346073765206,10.120669905061732
2025-10-07 18:26:03.866,5.934340190457078,8.082115528954091,5.037512100150707,10.120669905061732
2025-10-07 18:26:04.079,5.988358367083492,8.055659258237938,4.951193581067855,10.120669905061732
2025-10-07 18:26:04.292,5.999572666909444,8.093408802722479,5.028982914367589,10.120669905061732
2025-10-07 18:26:04.503,5.90756802397118,8.0492623689006,5.032852637546966,10.120669905061732
2025-10-07 18:26:04.716,5.970115386380712,8.07769298817766,5.005448679521578,10.120669905061732
2025-10-07 18:26:04.928,6.002652650664459,8.114494845352965,5.044698728912408,10.120669905061732
2025-10-07 18:26:05.140,5.94152681921878,8.011354876531186,4.936425453832271,10.120669905061732
2025-10-07 18:26:05.353,5.975959458120997,8.074376082595336,5.013425047707642,10.120669905061732
2025-10-07 18:26:05.566,5.952741119044731,8.099410822347636,5.055281237198869,10.120669905061732
2025-10-07 18:26:05.779,5.987647601601566,8.052184404770742,4.949772050104002,10.120669905061732
2025-10-07 18:26:05.991,5.986226070637713,8.076903248753297,5.0081337935644115,10.120669905061732
2025-10-07 18:26:06.202,5.918229506200078,8.018620479235324,5.012082490686225,10.120669905061732
2025-10-07 18:26:06.415,5.987094784004512,8.093013933010297,5.0246393475335935,10.120669905061732
2025-10-07 18:26:06.628,5.98883221073811,8.095541099168258,5.021243468008834,10.120669905061732
2025-10-07 18:26:06.840,5.948002682498554,8.014434860286201,4.935635714407908,10.120669905061732
2025-10-07 18:26:07.053,5.990806559299017,8.089854975312846,5.03214187206504,10.120669905061732
2025-10-07 18:26:07.266,5.943896037491868,8.087564730982194,5.0355377515898,10.120669905061732
2025-10-07 18:26:07.478,5.970826151862639,8.060002825071933,4.946928988176296,10.120669905061732
2025-10-07 18:26:07.691,6.0094444097139785,8.100042613887126,5.028193174943226,10.120669905061732
2025-10-07 18:26:07.904,5.905040857813219,8.066952532006326,5.0422505366968835,10.120669905061732
2025-10-07 18:26:08.117,5.990411689586836,8.089381131658229,4.982783158042366,10.120669905061732
2025-10-07 18:26:08.330,5.997440370463664,8.09190829781619,5.0161101617504755,10.120669905061732
2025-10-07 18:26:08.542,5.912701330229538,8.00938052797028,4.961618141469444,10.120669905061732
2025-10-07 18:26:08.754,5.984251722076806,8.093329828780043,5.029219836194898,10.120669905061732
2025-10-07 18:26:08.967,5.991122455068762,8.107308216591264,5.047541790840114,10.120669905061732
2025-10-07 18:26:09.180,5.979908155242811,8.049736212555217,4.948587440967458,10.120669905061732
2025-10-07 18:26:09.390,6.009365435771542,8.109124617267298,5.032852637546966,10.120669905061732
2025-10-07 18:26:09.601,5.9264427962134505,8.00977539768246,4.957985340117375,10.120669905061732
2025-10-07 18:26:09.813,5.977223041199977,8.075639665674316,5.014372735016877,10.120669905061732
2025-10-07 18:26:10.025,5.917044897063533,8.079746310681003,5.048173582379604,10.120669905061732
2025-10-07 18:26:10.236,5.971142047632384,8.077219144523042,4.989811838919195,10.120669905061732
2025-10-07 18:26:10.448,5.984014800249497,8.095146229456077,5.024402425706285,10.120669905061732
2025-10-07 18:26:10.660,5.96103338300054,8.02762350867306,4.947797701543095,10.120669905061732
2025-10-07 18:26:10.872,6.000520354218679,8.092461115413244,5.029535731964643,10.120669905061732
2025-10-07 18:26:11.084,5.893510662217523,8.04776186399431,5.023296790512177,10.120669905061732
2025-10-07 18:26:11.297,5.984962487558732,8.09996363994469,5.029614705907079,10.120669905061732
2025-10-07 18:26:11.506,5.951240614138442,8.103754389181631,5.058519168838757,10.120669905061732
2025-10-07 18:26:11.719,5.969483594841222,8.039627547923374,4.940453124896521,10.120669905061732
2025-10-07 18:26:11.931,5.990648611414144,8.084800642996925,5.009160454816083,10.120669905061732
2025-10-07 18:26:12.143,5.913412095711465,8.028413248097422,5.014846578671495,10.120669905061732
2025-10-07 18:26:12.355,5.98204045168859,8.096725708304803,5.0266136960945005,10.120669905061732
2025-10-07 18:26:12.566,5.939157600945691,8.085195512709106,5.034274168510819,10.120669905061732
2025-10-07 18:26:12.780,5.9776179109121585,8.042312661966207,4.950008971931311,10.120669905061732
2025-10-07 18:26:12.992,6.004863921052674,8.094593411859023,5.027719331288608,10.120669905061732
2025-10-07 18:26:13.204,5.892799896735596,8.04097010494479,5.021875259548324,10.120669905061732
2025-10-07 18:26:13.416,5.987647601601566,8.091750349931317,5.022270129260505,10.120669905061732
2025-10-07 18:26:13.627,5.972247682826492,8.09443546397415,5.025744982727701,10.120669905061732
2025-10-07 18:26:13.840,5.964745158295045,8.027544534730623,4.93792595873856,10.120669905061732
2025-10-07 18:26:14.052,6.005969556246782,8.096488786477494,5.026297800324755,10.120669905061732
2025-10-07 18:26:14.263,5.894695271354067,8.031098362140256,5.012714282225716,10.120669905061732
2025-10-07 18:26:14.475,5.970036412438276,8.077219144523042,5.009081480873647,10.120669905061732
2025-10-07 18:26:14.687,5.976670223602923,8.11015127851897,5.058835064608502,10.120669905061732
2025-10-07 18:26:14.899,5.990569637471708,8.070585333358395,4.958380209829556,10.120669905061732
2025-10-07 18:26:15.111,5.991201429011198,8.08424782539987,5.008528663276593,10.120669905061732
2025-10-07 18:26:15.323,5.905040857813219,8.020436879911358,4.999446659896421,10.120669905061732
2025-10-07 18:26:15.533,5.994044490938904,8.089697027427974,5.031036236870932,10.120669905061732
2025-10-07 18:26:15.745,5.91499157456019,8.0742971086529,5.038380813517506,10.120669905061732
2025-10-07 18:26:15.958,5.974064083502526,8.058423346223208,4.945586431154879,10.120669905061732
2025-10-07 18:26:16.170,6.007391087210635,8.100200561771999,5.030562393216314,10.120669905061732
2025-10-07 18:26:16.382,5.925732030731524,8.021542515105466,4.982546236215057,10.120669905061732
2025-10-07 18:26:16.593,5.978565598221394,8.074455056537772,5.012003516743789,10.120669905061732
2025-10-07 18:26:16.806,5.946502177592265,8.100674405426616,5.056070976623232,10.120669905061732
2025-10-07 18:26:17.018,5.990411689586836,8.08298424232089,4.965329916763949,10.120669905061732
2025-10-07 18:26:17.231,5.9900957938170905,8.085906278191032,5.009160454816083,10.120669905061732
2025-10-07 18:26:17.443,5.90354035290693,8.009696423740024,4.981835470733131,10.120669905061732
2025-10-07 18:26:17.654,5.969878464553403,8.07366531711341,5.013346073765206,10.120669905061732
2025-10-07 18:26:17.867,5.962139018194648,8.093329828780043,5.034748012165437,10.120669905061732
2025-10-07 18:26:18.079,5.988279393141056,8.05921308564757,4.9549843303047965,10.120669905061732
2025-10-07 18:26:18.291,5.995702943730066,8.088196522521685,5.008528663276593,10.120669905061732
2025-10-07 18:26:18.502,5.907883919740925,8.008669762488353,4.97188475398616,10.120669905061732
2025-10-07 18:26:18.714,5.98543633121335,8.094119568204405,5.034511090338128,10.120669905061732
2025-10-07 18:26:18.926,5.962612861849266,8.10588668562741,5.055518159026178,10.120669905061732
2025-10-07 18:26:19.138,5.970668203977766,8.070506359415958,4.955458173959414,10.120669905061732
2025-10-07 18:26:19.350,5.994913204305703,8.090091897140155,5.016505031462657,10.120669905061732
2025-10-07 18:26:19.562,5.927469457465122,8.017672791926088,4.981282653136077,10.120669905061732
2025-10-07 18:26:19.774,5.9690887251290405,8.077140170580606,5.009950194240446,10.120669905061732
2025-10-07 18:26:19.986,5.946502177592265,8.088670366176302,5.035853647359545,10.120669905061732
2025-10-07 18:26:20.198,5.988358367083492,8.077298118465478,4.963750437915223,10.120669905061732
2025-10-07 18:26:20.411,6.010155175195905,8.106044633512283,5.03151008052555,10.120669905061732
2025-10-07 18:26:20.622,5.928812014486539,8.017830739810961,4.979071382747861,10.120669905061732
2025-10-07 18:26:20.833,5.982909165055389,8.076271457213807,5.014767604729059,10.120669905061732
2025-10-07 18:26:21.046,5.933313529205407,8.079667336738567,5.03214187206504,10.120669905061732
2025-10-07 18:26:21.258,5.989306054392728,8.081799633184346,4.96912066600089,10.120669905061732
2025-10-07 18:26:21.468,5.999414719024571,8.116153298144127,5.051964331616546,10.120669905061732
2025-10-07 18:26:21.679,5.987094784004512,8.069953541818904,4.9578273922325025,10.120669905061732
2025-10-07 18:26:21.891,6.005021868937547,8.099410822347636,5.026297800324755,10.120669905061732
2025-10-07 18:26:22.103,5.895563984720866,8.019805088371868,5.0010261387451465,10.120669905061732
2025-10-07 18:26:22.315,5.968693855416859,8.080299128278057,5.021480389836142,10.120669905061732
2025-10-07 18:26:22.527,5.978328676394085,8.109440513037043,5.054096628062325,10.120669905061732
2025-10-07 18:26:22.738,5.971142047632384,8.056843867374482,4.947797701543095,10.120669905061732
2025-10-07 18:26:22.951,5.992701933917488,8.081483737414601,5.0075809759673575,10.120669905061732
2025-10-07 18:26:23.165,5.911832616862739,8.077219144523042,5.050542800652693,10.120669905061732
2025-10-07 18:26:23.377,5.990727585356581,8.095778020995567,5.014214787132005,10.120669905061732
2025-10-07 18:26:23.588,5.972800500423546,8.093645724549788,5.029614705907079,10.120669905061732
2025-10-07 18:26:23.799,5.986857862177203,8.061029486323605,4.954668434535051,10.120669905061732
2025-10-07 18:26:24.012,6.005416738649728,8.093408802722479,5.026692670036937,10.120669905061732
2025-10-07 18:26:24.225,5.898407046648572,8.065452027100037,5.030641367158751,10.120669905061732
2025-10-07 18:26:24.437,5.972958448308418,8.07682427481086,4.9765442165899,10.120669905061732
2025-10-07 18:26:24.648,5.998703953542645,8.110625122173587,5.050463826710256,10.120669905061732
2025-10-07 18:26:24.861,5.958190321072834,8.018936375005069,4.939189541817541,10.120669905061732
2025-10-07 18:26:25.073,5.9818825038037176,8.072480707976865,5.013109151937897,10.120669905061732
2025-10-07 18:26:25.285,5.925732030731524,8.088354470406557,5.052833044983345,10.120669905061732
2025-10-07 18:26:25.497,5.989858871989782,8.090960610506954,4.997472311335514,10.120669905061732
2025-10-07 18:26:25.708,5.980224051012556,8.098621082923273,5.030088549561697,10.120669905061732
2025-10-07 18:26:25.920,5.977933806681904,8.036073720513741,4.947165910003605,10.120669905061732
2025-10-07 18:26:26.133,5.97588048417856,8.072401734034429,5.0132670998227695,10.120669905061732
2025-10-07 18:26:26.346,5.932049946126426,8.081246815587292,5.040039266308668,10.120669905061732
2025-10-07 18:26:26.557,5.988516314968365,8.090565740794773,4.993681562098573,10.120669905061732
2025-10-07 18:26:26.769,5.9915173247809435,8.097515447729165,5.024402425706285,10.120669905061732
2025-10-07 18:26:26.980,5.959848773863996,8.025886081939461,4.938557750278051,10.120669905061732
2025-10-07 18:26:27.192,6.003995207685875,8.098147239268656,5.030483419273878,10.120669905061732
2025-10-07 18:26:27.403,5.912069538690048,8.029281961464221,5.014372735016877,10.120669905061732
2025-10-07 18:26:27.614,5.972879474365982,8.075876587501625,5.013109151937897,10.120669905061732
2025-10-07 18:26:27.826,5.960480565403486,8.105570789857666,5.056860716047595,10.120669905061732
2025-10-07 18:26:28.038,5.98883221073811,8.079825284623439,4.966830421670238,10.120669905061732
2025-10-07 18:26:28.250,5.990490663529272,8.090723688679645,5.019979884929853,10.120669905061732
2025-10-07 18:26:28.462,5.927074587752941,8.011828720185804,4.9436120825939724,10.120669905061732
2025-10-07 18:26:28.673,5.997598318348537,8.087485757039758,5.029851627734388,10.120669905061732
2025-10-07 18:26:28.884,5.907725971856053,8.063398704596693,5.047541790840114,10.120669905061732
2025-10-07 18:26:29.097,5.973827161675217,8.075244795962135,4.973622180719758,10.120669905061732
2025-10-07 18:26:29.310,6.006364425958964,8.10612360745472,5.03490596005031,10.120669905061732
2025-10-07 18:26:29.520,5.974458953214707,8.036705512053231,4.9464551445216784,10.120669905061732
2025-10-07 18:26:29.731,5.992149116320434,8.085274486651542,5.006001497118632,10.120669905061732
2025-10-07 18:26:29.943,5.902513691655258,8.00938052797028,4.97930830457517,10.120669905061732
2025-10-07 18:26:30.155,5.973432291963036,8.076350431156243,5.011292751261863,10.120669905061732
2025-10-07 18:26:30.367,5.947528838843937,8.091750349931317,5.0402761881359766,10.120669905061732
2025-10-07 18:26:30.579,5.990016819874654,8.081562711357037,4.966040682245875,10.120669905061732
2025-10-07 18:26:30.791,5.996018839499811,8.08764370492463,5.011924542801353,10.120669905061732
2025-10-07 18:26:31.002,5.911990564747612,8.008748736430789,4.966672473785366,10.120669905061732
2025-10-07 18:26:31.214,5.993254751514542,8.09103958444939,5.03151008052555,10.120669905061732
2025-10-07 18:26:31.425,5.9088316070501605,8.055501310353065,5.040592083905722,10.120669905061732
2025-10-07 18:26:31.636,5.9690887251290405,8.078719649429331,5.009160454816083,10.120669905061732
2025-10-07 18:26:31.848,5.971694865229438,8.094751359743896,5.031589054467986,10.120669905061732
2025-10-07 18:26:32.059,5.987094784004512,8.060239746899242,4.9558530436715955,10.120669905061732
2025-10-07 18:26:32.271,5.995150126133012,8.08448474722718,5.006317392888377,10.120669905061732
2025-10-07 18:26:32.483,5.904093170503984,8.00448414353923,4.9976302592203865,10.120669905061732
2025-10-07 18:26:32.698,5.991043481126326,8.090881636564518,4.984520584775964,10.120669905061732
2025-10-07 18:26:32.909,6.00304752037664,8.111730757367695,5.046199233818697,10.120669905061732
2025-10-07 18:26:33.121,5.976354327833178,8.036863459938104,4.947007962118732,10.120669905061732
2025-10-07 18:26:33.332,5.988516314968365,8.080141180393184,5.0109768554921175,10.120669905061732
2025-10-07 18:26:33.543,5.8974593593393365,8.019410218659687,5.006949184427867,10.120669905061732
2025-10-07 18:26:33.757,5.989069132565419,8.089302157715792,5.002763565478745,10.120669905061732
2025-10-07 18:26:33.968,5.997440370463664,8.107071294763955,5.0428033542939374,10.120669905061732
2025-10-07 18:26:34.180,5.967746168107624,8.02801837838524,4.938636724220487,10.120669905061732
2025-10-07 18:26:34.392,6.003600337973694,8.092934959067861,5.029061888310025,10.120669905061732
2025-10-07 18:26:34.604,5.898328072706136,8.052895170252668,5.025823956670138,10.120669905061732
2025-10-07 18:26:34.819,5.9710630736899475,8.054079779389212,4.951193581067855,10.120669905061732
2025-10-07 18:26:35.030,6.011497732217322,8.10525489408792,5.029851627734388,10.120669905061732
2025-10-07 18:26:35.243,5.900934212806533,8.012855381437475,4.9919441353649745,10.120669905061732
2025-10-07 18:26:35.455,5.972563578596237,8.075797613559189,5.006238418945941,10.120669905061732
2025-10-07 18:26:35.668,5.98606812275284,8.113073314389112,5.055518159026178,10.120669905061732
2025-10-07 18:26:35.879,5.988753236795674,8.072401734034429,4.958854053484174,10.120669905061732
2025-10-07 18:26:36.090,5.994676282478395,8.093566750607351,5.016899901174838,10.120669905061732
2025-10-07 18:26:36.303,5.913491069653901,8.025017368572662,5.008607637219029,10.120669905061732
2025-10-07 18:26:36.515,5.986857862177203,8.093645724549788,5.029614705907079,10.120669905061732
2025-10-07 18:26:36.727,5.961586200597594,8.097910317441347,5.038064917747761,10.120669905061732
2025-10-07 18:26:36.939,5.975643562351252,8.07066430730083,4.9572745746354485,10.120669905061732
2025-10-07 18:26:37.150,6.008259800577434,8.110309226403842,5.041460797272521,10.120669905061732
2025-10-07 18:26:37.361,5.96166517454003,8.02549121222728,4.939821333357031,10.120669905061732
2025-10-07 18:26:37.572,5.987805549486438,8.07303352557392,5.007659949909794,10.120669905061732
2025-10-07 18:26:37.786,5.916729001293788,8.085274486651542,5.05378073229258,10.120669905061732
2025-10-07 18:26:37.997,5.989621950162473,8.09380367243466,5.021875259548324,10.120669905061732
2025-10-07 18:26:38.208,5.9739061356176535,8.093408802722479,5.035221855820055,10.120669905061732
2025-10-07 18:26:38.420,5.970984099747511,8.04247060985108,4.940611072781394,10.120669905061732
2025-10-07 18:26:38.632,5.991912194493125,8.066083818639527,5.005053809809397,10.120669905061732
2025-10-07 18:26:38.846,5.910095190129141,8.073349421343664,5.033089559374275,10.120669905061732
2025-10-07 18:26:39.057,5.990332715644399,8.094277516089278,5.004500992212343,10.120669905061732
2025-10-07 18:26:39.269,5.991280402953635,8.099884666002254,5.027087539749118,10.120669905061732
2025-10-07 18:26:39.481,5.963007731561447,8.019805088371868,4.939347489702413,10.120669905061732
2025-10-07 18:26:39.696,5.988042471313747,8.095462125225822,5.030641367158751,10.120669905061732
2025-10-07 18:26:39.908,5.979434311588193,8.109361539094607,5.055992002680796,10.120669905061732
2025-10-07 18:26:40.119,5.974064083502526,8.072638655861738,4.963355568203042,10.120669905061732
2025-10-07 18:26:40.328,5.985989148810404,8.111335887655514,5.051727409789237,10.120669905061732
2025-10-07 18:26:40.540,5.979118415818448,8.031967075507055,4.945191561442698,10.120669905061732
2025-10-07 18:26:40.754,5.977065093315105,8.07642940509868,5.016268109635348,10.120669905061732
2025-10-07 18:26:40.966,5.904409066273729,8.066162792581963,5.028824966482716,10.120669905061732
2025-10-07 18:26:41.176,5.986857862177203,8.093961620319533,5.030720341101187,10.120669905061732
2025-10-07 18:26:41.388,5.985673253040659,8.113626131986166,5.050068956998075,10.120669905061732
2025-10-07 18:26:41.600,5.968930777244168,8.017041000386598,4.936504427774707,10.120669905061732
2025-10-07 18:26:41.813,5.997361396521228,8.090012923197719,5.034274168510819,10.120669905061732
2025-10-07 18:26:42.024,5.909068528877469,8.041128052829663,5.028509070712971,10.120669905061732
2025-10-07 18:26:42.235,5.970194360323148,8.079983232508312,5.017136823002147,10.120669905061732
2025-10-07 18:26:42.447,5.952267275390113,8.090960610506954,5.035221855820055,10.120669905061732
2025-10-07 18:26:42.658,5.975011770811761,8.06687355806389,4.949377180391821,10.120669905061732
2025-10-07 18:26:42.872,5.993649621226723,8.085037564824233,5.007028158370304,10.120669905061732
2025-10-07 18:26:43.084,5.911279799265685,8.027544534730623,5.02132244195127,10.120669905061732
2025-10-07 18:26:43.295,5.971773839171874,8.082905268378454,5.017215796944583,10.120669905061732
2025-10-07 18:26:43.507,5.933313529205407,8.082589372608709,5.035379803704927,10.120669905061732
2025-10-07 18:26:43.718,5.9894640022776,8.087564730982194,4.978202669381062,10.120669905061732
2025-10-07 18:26:43.930,6.012366445584121,8.11567945448951,5.042487458524192,10.120669905061732
2025-10-07 18:26:44.141,5.963718497043374,8.025886081939461,4.9387946721053595,10.120669905061732
2025-10-07 18:26:44.352,5.988437341025929,8.082826294436018,5.016505031462657,10.120669905061732
2025-10-07 18:26:44.563,5.914912600617754,8.031493231852437,5.028272148885662,10.120669905061732
2025-10-07 18:26:44.778,5.972642552538673,8.075639665674316,4.974569868028993,10.120669905061732
2025-10-07 18:26:44.990,5.996018839499811,8.096646734362366,5.022507051087814,10.120669905061732
2025-10-07 18:26:45.201,5.9781707285092125,8.03844293878683,4.949456154334257,10.120669905061732
2025-10-07 18:26:45.412,6.008891592116925,8.101148249081234,5.030957262928496,10.120669905061732
2025-10-07 18:26:45.624,5.910648007726195,8.048156733706492,5.04572539016408,10.120669905061732
2025-10-07 18:26:45.838,5.977696884854595,8.07642940509868,4.9663565780156205,10.120669905061732
2025-10-07 18:26:46.050,5.991754246608252,8.094593411859023,5.024165503878976,10.120669905061732
2025-10-07 18:26:46.261,5.979118415818448,8.040259339462864,4.949061284622076,10.120669905061732
2025-10-07 18:26:46.475,5.989621950162473,8.092224193585935,5.032536741777221,10.120669905061732
2025-10-07 18:26:46.686,5.9045670141586015,8.069321750279414,5.035300829762491,10.120669905061732
2025-10-07 18:26:46.899,5.991043481126326,8.081562711357037,4.966277604073184,10.120669905061732
2025-10-07 18:26:47.110,5.993649621226723,8.097673395614038,5.022428077145378,10.120669905061732
2025-10-07 18:26:47.322,5.9468970473044465,8.020989697508412,4.947955649427968,10.120669905061732
2025-10-07 18:26:47.534,5.996018839499811,8.08788062675194,5.034748012165437,10.120669905061732
2025-10-07 18:26:47.745,5.8980121769363905,8.058660268050517,5.030562393216314,10.120669905061732
2025-10-07 18:26:47.959,5.973116396193291,8.057159763144227,4.949377180391821,10.120669905061732
2025-10-07 18:26:48.170,6.009918253368596,8.109993330634097,5.036248517071726,10.120669905061732
2025-10-07 18:26:48.382,5.9506088225989515,8.02762350867306,4.954510486650179,10.120669905061732
2025-10-07 18:26:48.593,5.9829881389978254,8.074139160768027,5.014609656844186,10.120669905061732
2025-10-07 18:26:48.806,5.933708398917588,8.090328818967464,5.05441252383207,10.120669905061732
2025-10-07 18:26:49.018,5.989069132565419,8.090960610506954,4.994550275465372,10.120669905061732
2025-10-07 18:26:49.230,5.99688755286661,8.09593596888044,5.019821937044981,10.120669905061732
2025-10-07 18:26:49.441,5.958427242900143,8.024938394630226,4.938399802393178,10.120669905061732
2025-10-07 18:26:49.653,6.00367931191613,8.087801652809503,5.030641367158751,10.120669905061732
2025-10-07 18:26:49.866,5.909226476762342,8.07090122912814,5.033247507259148,10.120669905061732
2025-10-07 18:26:50.078,5.9739061356176535,8.081009893759983,4.9819934186180035,10.120669905061732
2025-10-07 18:26:50.290,6.0114187582748855,8.107624112361009,5.033247507259148,10.120669905061732
2025-10-07 18:26:50.504,5.914122861193391,8.031730153679746,5.0189532236781815,10.120669905061732
2025-10-07 18:26:50.715,5.973669213790345,8.07090122912814,5.007659949909794,10.120669905061732
2025-10-07 18:26:50.929,6.003284442203949,8.113863053813475,5.047383842955242,10.120669905061732
2025-10-07 18:26:51.141,5.967983089934933,8.02675479530626,4.936583401717144,10.120669905061732
2025-10-07 18:26:51.353,5.994913204305703,8.096804682247239,5.029140862252461,10.120669905061732
2025-10-07 18:26:51.563,5.933708398917588,8.023516863666373,4.964224281569841,10.120669905061732
2025-10-07 18:26:51.774,5.9739061356176535,8.070111489703777,5.011055829434554,10.120669905061732
2025-10-07 18:26:51.989,5.9858312009255314,8.096409812535057,5.025113191188211,10.120669905061732
2025-10-07 18:26:52.200,5.9852783833284775,8.044208036584678,4.951430502895164,10.120669905061732
2025-10-07 18:26:52.411,6.010550044908086,8.106044633512283,5.032694689662094,10.120669905061732
2025-10-07 18:26:52.623,5.924705369479852,8.02019995808405,4.98673185516418,10.120669905061732
2025-10-07 18:26:52.835,5.972247682826492,8.068926880567233,5.010897881549681,10.120669905061732
2025-10-07 18:26:53.048,5.97058923003533,8.093092906952734,5.031352132640677,10.120669905061732
2025-10-07 18:26:53.260,5.987410679774257,8.053842857561904,4.954510486650179,10.120669905061732
2025-10-07 18:26:53.471,6.012682341353866,8.102964649757268,5.031036236870932,10.120669905061732
2025-10-07 18:26:53.684,5.908752633107724,8.03970652186581,5.040513109963285,10.120669905061732
2025-10-07 18:26:53.899,5.97524869263907,8.063793574308875,4.9515094768376,10.120669905061732
2025-10-07 18:26:54.111,5.996571657096865,8.091118558391827,5.0161101617504755,10.120669905061732
2025-10-07 18:26:54.323,5.932681737665916,8.022174306644956,4.9684888744614,10.120669905061732
2025-10-07 18:26:54.534,5.997361396521228,8.088986261946047,5.036880308611217,10.120669905061732
2025-10-07 18:26:54.745,5.89398450587214,8.050683899864453,5.025271139073084,10.120669905061732
2025-10-07 18:26:54.959,5.986462992465022,8.077298118465478,4.9658037604185665,10.120669905061732
2025-10-07 18:26:55.171,6.0156833511664445,8.111730757367695,5.036327491014163,10.120669905061732
2025-10-07 18:26:55.382,5.948555500095608,8.021542515105466,4.945586431154879,10.120669905061732
2025-10-07 18:26:55.593,6.001704963355223,8.09467238580146,5.030404445331442,10.120669905061732
2025-10-07 18:26:55.804,5.899749603669989,8.024780446745353,5.010739933664809,10.120669905061732
2025-10-07 18:26:56.019,5.974064083502526,8.071296098840321,4.960196610505591,10.120669905061732
2025-10-07 18:26:56.231,6.015367455396699,8.11141486159795,5.039802344481359,10.120669905061732
2025-10-07 18:26:56.442,5.956215972511927,8.025649160112152,4.950008971931311,10.120669905061732
2025-10-07 18:26:56.653,5.991122455068762,8.082826294436018,5.011529673089171,10.120669905061732
2025-10-07 18:26:56.864,5.9108059556110675,8.054869518813575,5.044619754969972,10.120669905061732
2025-10-07 18:26:57.078,5.990727585356581,8.092855985125425,4.989180047379705,10.120669905061732
2025-10-07 18:26:57.289,5.990174767759527,8.099252874462763,5.027166513691554,10.120669905061732
2025-10-07 18:26:57.501,5.966956428683261,8.032519893104109,4.940611072781394,10.120669905061732
2025-10-07 18:26:57.712,6.012208497699248,8.098779030808146,5.026929591864246,10.120669905061732
2025-10-07 18:26:57.926,5.918466428027386,8.079351440968821,5.040039266308668,10.120669905061732
2025-10-07 18:26:58.138,5.977775858797031,8.079035545199076,4.981756496790695,10.120669905061732
2025-10-07 18:26:58.349,5.9986249796002085,8.114336897468093,5.05591302873836,10.120669905061732
2025-10-07 18:26:58.560,5.986462992465022,8.077929910004968,4.966277604073184,10.120669905061732
2025-10-07 18:26:58.771,5.997756266233409,8.086222173960778,5.007186106255176,10.120669905061732
2025-10-07 18:26:58.985,5.893905531929704,8.04436598446955,5.033089559374275,10.120669905061732
2025-10-07 18:26:59.196,5.988437341025929,8.096093916765312,5.033484429086457,10.120669905061732
2025-10-07 18:26:59.407,5.939315548830564,8.085906278191032,5.040671057848158,10.120669905061732
2025-10-07 18:26:59.619,5.992149116320434,8.091592402046444,4.97994009611466,10.120669905061732
2025-10-07 18:26:59.830,5.993728595169159,8.090170871082591,5.014846578671495,10.120669905061732
2025-10-07 18:27:00.044,5.897143463569591,8.022490202414701,5.005369705579142,10.120669905061732
2025-10-07 18:27:00.257,5.986226070637713,8.091434454161572,5.027561383403736,10.120669905061732
2025-10-07 18:27:00.468,5.987884523428875,8.112125627079877,5.051727409789237,10.120669905061732
2025-10-07 18:27:00.682,5.926205874386142,8.009854371624897,4.948192571255277,10.120669905061732
2025-10-07 18:27:00.895,5.990727585356581,8.087485757039758,5.028824966482716,10.120669905061732
2025-10-07 18:27:01.109,5.991438350838507,8.112441522849622,5.055518159026178,10.120669905061732
2025-10-07 18:27:01.320,5.974458953214707,8.063793574308875,4.953167929628762,10.120669905061732
2025-10-07 18:27:01.529,5.985357357270914,8.100674405426616,5.034195194568383,10.120669905061732
2025-10-07 18:27:01.741,5.9852783833284775,8.03883780849901,4.948587440967458,10.120669905061732
2025-10-07 18:27:01.955,5.982356347458335,8.075718639616753,5.014293761074441,10.120669905061732
2025-10-07 18:27:02.167,5.912780304171974,8.074139160768027,5.03893363111456,10.120669905061732
2025-10-07 18:27:02.378,5.9929388557447965,8.096409812535057,5.006001497118632,10.120669905061732
2025-10-07 18:27:02.589,6.00304752037664,8.111177939770641,5.0450935986245895,10.120669905061732
2025-10-07 18:27:02.801,5.963481575216065,8.026044029824334,4.938557750278051,10.120669905061732
2025-10-07 18:27:03.014,5.981329686206664,8.071848916437375,5.019585015217672,10.120669905061732
2025-10-07 18:27:03.227,5.9525831711598585,8.105017972260612,5.062783761730316,10.120669905061732
2025-10-07 18:27:03.438,5.975643562351252,8.07556069173188,4.974174998316812,10.120669905061732
2025-10-07 18:27:03.650,6.007470061153072,8.113389210158857,5.048094608437168,10.120669905061732
2025-10-07 18:27:03.862,5.933392503147843,8.006537466042573,4.954589460592615,10.120669905061732
2025-10-07 18:27:04.075,5.969878464553403,8.078166831832277,5.015320422326113,10.120669905061732
2025-10-07 18:27:04.288,5.988595288910801,8.111888705252568,5.053464836522835,10.120669905061732
2025-10-07 18:27:04.500,5.988516314968365,8.067110479891198,4.960591480217772,10.120669905061732
2025-10-07 18:27:04.712,5.994597308535958,8.089933949255283,5.011371725204299,10.120669905061732
2025-10-07 18:27:04.922,5.955347259145128,8.028176326270113,4.948192571255277,10.120669905061732
2025-10-07 18:27:05.133,6.0037582858585665,8.093013933010297,5.029851627734388,10.120669905061732
2025-10-07 18:27:05.342,5.93260276372348,8.01253948566773,4.943691056536409,10.120669905061732
2025-10-07 18:27:05.554,5.982514295343208,8.074849926249954,5.014846578671495,10.120669905061732
2025-10-07 18:27:05.766,5.923283838515999,8.08448474722718,5.0578873772992665,10.120669905061732
2025-10-07 18:27:05.978,5.990806559299017,8.093724698492224,5.013582995592515,10.120669905061732
2025-10-07 18:27:06.189,5.985357357270914,8.099252874462763,5.034432116395692,10.120669905061732
2025-10-07 18:27:06.402,5.954162650008584,8.031177336082692,4.950956659240546,10.120669905061732
2025-10-07 18:27:06.614,6.000204458448934,8.088117548579248,5.031589054467986,10.120669905061732
2025-10-07 18:27:06.825,5.908594685222852,8.054711570928703,5.044066937372918,10.120669905061732
2025-10-07 18:27:07.038,5.9923860381477425,8.09506725551364,5.008528663276593,10.120669905061732
2025-10-07 18:27:07.250,5.9881214452561835,8.100674405426616,5.031983924180167,10.120669905061732
2025-10-07 18:27:07.461,5.982119425631026,8.048472629476237,4.9530099817438895,10.120669905061732
2025-10-07 18:27:07.672,6.0108659406778315,8.103122597642141,5.027166513691554,10.120669905061732
2025-10-07 18:27:07.883,5.912938252056847,8.013724094804275,4.999920503551039,10.120669905061732
2025-10-07 18:27:08.095,5.990569637471708,8.09467238580146,5.035063907935182,10.120669905061732
2025-10-07 18:27:08.309,5.972247682826492,8.09870005686571,5.037512100150707,10.120669905061732
2025-10-07 18:27:08.521,5.968298985704678,8.02549121222728,4.939742359414595,10.120669905061732
2025-10-07 18:27:08.734,6.001547015470351,8.092303167528371,5.033010585431839,10.120669905061732
2025-10-07 18:27:08.946,5.926521770155887,8.080930919817547,5.03956542265405,10.120669905061732
2025-10-07 18:27:09.158,5.974932796869325,8.078798623371767,4.977965747553753,10.120669905061732
2025-10-07 18:27:09.371,6.014419768087464,8.10612360745472,5.0345900642805645,10.120669905061732
2025-10-07 18:27:09.584,5.918940271682004,8.020278932026486,5.004106122500161,10.120669905061732
2025-10-07 18:27:09.796,5.970826151862639,8.076903248753297,5.010187116067755,10.120669905061732
2025-10-07 18:27:10.008,5.958506216842579,8.093566750607351,5.037038256496089,10.120669905061732
2025-10-07 18:27:10.220,5.993728595169159,8.077219144523042,4.962170959066498,10.120669905061732
2025-10-07 18:27:10.432,5.996334735269556,8.088117548579248,5.016820927232402,10.120669905061732
2025-10-07 18:27:10.643,5.913885939366082,8.00938052797028,4.968883744173581,10.120669905061732
2025-10-07 18:27:10.855,5.990648611414144,8.087406783097322,5.032931611489403,10.120669905061732
2025-10-07 18:27:11.069,6.001941885182532,8.115284584777328,5.052122279501418,10.120669905061732
2025-10-07 18:27:11.281,5.968614881474423,8.024938394630226,4.940295177011649,10.120669905061732
2025-10-07 18:27:11.493,6.005890582304346,8.099568770232509,5.028509070712971,10.120669905061732
2025-10-07 18:27:11.704,5.921941281494583,8.026833769248697,4.988785177667523,10.120669905061732
2025-10-07 18:27:11.913,5.986857862177203,8.074218134710463,5.010187116067755,10.120669905061732
2025-10-07 18:27:12.126,5.912938252056847,8.074455056537772,5.051727409789237,10.120669905061732
2025-10-07 18:27:12.337,5.97461690109958,8.078877597314204,5.005922523176196,10.120669905061732
2025-10-07 18:27:12.549,5.980066103127683,8.099884666002254,5.036090569186854,10.120669905061732
2025-10-07 18:27:12.761,5.986462992465022,8.04310240139057,4.95024589375862,10.120669905061732
2025-10-07 18:27:12.973,6.00707519144089,8.098384161095964,5.028588044655407,10.120669905061732
2025-10-07 18:27:13.185,5.89674859385741,8.035205007146942,5.019900910987417,10.120669905061732
2025-10-07 18:27:13.398,5.991122455068762,8.09593596888044,5.012793256168152,10.120669905061732
2025-10-07 18:27:13.610,6.008259800577434,8.114889715065146,5.049674087285894,10.120669905061732
2025-10-07 18:27:13.821,5.965219001949663,8.02399070732099,4.939821333357031,10.120669905061732
2025-10-07 18:27:14.032,5.993096803629669,8.076113509328934,5.007423028082485,10.120669905061732
2025-10-07 18:27:14.245,5.911990564747612,8.03883780849901,5.027640357346172,10.120669905061732
2025-10-07 18:27:14.457,5.973037422250854,8.079825284623439,5.012003516743789,10.120669905061732
2025-10-07 18:27:14.670,5.987173757946948,8.098226213211092,5.02874599254028,10.120669905061732
2025-10-07 18:27:14.881,5.990411689586836,8.046024437260712,4.953325877513635,10.120669905061732
2025-10-07 18:27:15.095,5.992465012090179,8.09317188089517,5.0322998199499125,10.120669905061732
2025-10-07 18:27:15.307,5.929522779968465,8.086617043672959,5.044777702854844,10.120669905061732
2025-10-07 18:27:15.518,5.976670223602923,8.08638012184565,5.011292751261863,10.120669905061732
2025-10-07 18:27:15.729,5.996729604981738,8.113073314389112,5.050542800652693,10.120669905061732
2025-10-07 18:27:15.940,5.972800500423546,8.010802058934132,4.934135209501619,10.120669905061732
2025-10-07 18:27:16.155,5.981724555918845,8.073191473458792,5.015952213865603,10.120669905061732
2025-10-07 18:27:16.368,5.939552470657873,8.087722678867067,5.038222865632633,10.120669905061732
2025-10-07 18:27:16.579,5.97801278062434,8.07556069173188,4.966119656188312,10.120669905061732
2025-10-07 18:27:16.791,6.006680321728709,8.112836392561803,5.044382833142663,10.120669905061732
2025-10-07 18:27:17.002,5.958664164727452,8.02083174962354,4.9606704541602085,10.120669905061732
2025-10-07 18:27:17.216,5.970905125805075,8.08022015433562,5.016584005405093,10.120669905061732
2025-10-07 18:27:17.429,5.982909165055389,8.111888705252568,5.057492507587085,10.120669905061732
2025-10-07 18:27:17.641,5.988279393141056,8.064030496136184,4.958064314059811,10.120669905061732
2025-10-07 18:27:17.851,5.999888562679189,8.094356490031714,5.018242458196255,10.120669905061732
2025-10-07 18:27:18.063,5.916255157639171,8.00322056046025,4.983572897466729,10.120669905061732
2025-10-07 18:27:18.280,5.9895429762200365,8.058028476511026,4.954352538765306,10.120669905061732
2025-10-07 18:27:18.493,5.994044490938904,8.081799633184346,5.00773892385223,10.120669905061732
2025-10-07 18:27:18.705,5.895327062893557,8.02699171713357,5.014451708959314,10.120669905061732
2025-10-07 18:27:18.917,5.9894640022776,8.098936978693018,5.035379803704927,10.120669905061732
2025-10-07 18:27:19.128,5.966640532913516,8.10185901456316,5.05101664430731,10.120669905061732
2025-10-07 18:27:19.342,5.9591380083820695,8.030071700888584,4.951272555010291,10.120669905061732
2025-10-07 18:27:19.554,5.9929388557447965,8.081009893759983,5.01113480337699,10.120669905061732
2025-10-07 18:27:19.765,5.895327062893557,8.02612300376677,5.00987122029801,10.120669905061732
2025-10-07 18:27:19.976,5.988753236795674,8.091513428104008,5.025902930612574,10.120669905061732
2025-10-07 18:27:20.191,6.010629018850523,8.111493835540386,5.041460797272521,10.120669905061732
2025-10-07 18:27:20.403,5.950766770483824,8.0242276291483,4.953088955686326,10.120669905061732
2025-10-07 18:27:20.614,5.998151135945591,8.090091897140155,5.036327491014163,10.120669905061732
2025-10-07 18:27:20.826,5.898091150878827,8.044129062642241,5.021006546181525,10.120669905061732
2025-10-07 18:27:21.037,5.972800500423546,8.071848916437375,5.014925552613931,10.120669905061732
2025-10-07 18:27:21.251,6.013945924432846,8.115916376316818,5.046752051415751,10.120669905061732
2025-10-07 18:27:21.464,5.912069538690048,8.007090283639627,4.973385258892449,10.120669905061732
2025-10-07 18:27:21.675,5.9824353214007715,8.075244795962135,5.016584005405093,10.120669905061732
2025-10-07 18:27:21.886,5.914201835135827,8.074613004422645,5.04975306122833,10.120669905061732
2025-10-07 18:27:22.097,5.988516314968365,8.091355480219136,5.021875259548324,10.120669905061732
2025-10-07 18:27:22.312,5.99688755286661,8.087722678867067,5.013582995592515,10.120669905061732
2025-10-07 18:27:22.523,5.9307073891050095,8.021068671450848,4.973306284950013,10.120669905061732
2025-10-07 18:27:22.734,6.003126494319076,8.089854975312846,5.032378793892349,10.120669905061732
2025-10-07 18:27:22.946,5.896195776260356,8.050368004094707,5.031589054467986,10.120669905061732
2025-10-07 18:27:23.157,5.970905125805075,8.080930919817547,5.012477360398407,10.120669905061732
2025-10-07 18:27:23.369,5.989779898047345,8.111493835540386,5.052122279501418,10.120669905061732
2025-10-07 18:27:23.581,5.978328676394085,8.04649828091533,4.945270535385134,10.120669905061732
2025-10-07 18:27:23.792,5.99688755286661,8.092382141470807,5.014293761074441,10.120669905061732
2025-10-07 18:27:24.004,5.925258187076906,8.017672791926088,5.0146886307866225,10.120669905061732
2025-10-07 18:27:24.217,5.985910174867968,8.095383151283386,5.035458777647364,10.120669905061732
2025-10-07 18:27:24.428,5.94681807336201,8.088828314061175,5.039091578999432,10.120669905061732
2025-10-07 18:27:24.640,5.989227080450291,8.074849926249954,4.963592490030351,10.120669905061732
2025-10-07 18:27:24.852,5.998309083830463,8.093566750607351,5.016347083577784,10.120669905061732
2025-10-07 18:27:25.063,5.920282828703421,8.004957987193848,4.975596529280665,10.120669905061732
2025-10-07 18:27:25.277,5.9895429762200365,8.093092906952734,5.030957262928496,10.120669905061732
2025-10-07 18:27:25.489,5.965219001949663,8.09719955195942,5.040671057848158,10.120669905061732
2025-10-07 18:27:25.701,5.975564588408815,8.050920821691761,4.945981300867061,10.120669905061732
2025-10-07 18:27:25.912,6.010155175195905,8.10146414485098,5.031431106583113,10.120669905061732
2025-10-07 18:27:26.124,5.921941281494583,8.02019995808405,5.008765585103902,10.120669905061732
2025-10-07 18:27:26.339,5.9739061356176535,8.079430414911258,4.98886415160996,10.120669905061732
2025-10-07 18:27:26.548,5.970431282150457,8.110388200346279,5.058914038550938,10.120669905061732
2025-10-07 18:27:26.760,5.9915173247809435,8.070111489703777,4.958775079541738,10.120669905061732
2025-10-07 18:27:26.972,5.995860891614939,8.090565740794773,5.018242458196255,10.120669905061732
2025-10-07 18:27:27.183,5.932760711608353,8.009222580085407,4.951667424722473,10.120669905061732
2025-10-07 18:27:27.397,5.985752226983095,8.095620073110695,5.033010585431839,10.120669905061732
2025-10-07 18:27:27.610,5.998467031715336,8.108413851785372,5.037749021978016,10.120669905061732
2025-10-07 18:27:27.821,5.975722536293688,8.044287010527114,4.945823352982188,10.120669905061732
2025-10-07 18:27:28.033,6.012761315296302,8.105175920145484,5.030483419273878,10.120669905061732
2025-10-07 18:27:28.244,5.925100239192034,8.015461521537873,5.016584005405093,10.120669905061732
2025-10-07 18:27:28.458,5.975801510236124,8.079904258565875,5.007659949909794,10.120669905061732
2025-10-07 18:27:28.670,5.982198399573463,8.096409812535057,5.035221855820055,10.120669905061732
2025-10-07 18:27:28.881,5.972800500423546,8.038916782441447,4.9425064473998646,10.120669905061732
2025-10-07 18:27:29.092,5.998151135945591,8.093092906952734,5.014609656844186,10.120669905061732
2025-10-07 18:27:29.303,5.952741119044731,8.023200967896628,4.959564818966101,10.120669905061732
2025-10-07 18:27:29.514,5.985594279098223,8.07706119663817,5.016899901174838,10.120669905061732
2025-10-07 18:27:29.727,5.899275760015371,8.057870528626154,5.029140862252461,10.120669905061732
2025-10-07 18:27:29.938,5.989385028335164,8.097673395614038,5.035221855820055,10.120669905061732
2025-10-07 18:27:30.148,5.9753276665815065,8.103517467354322,5.048410504206913,10.120669905061732
2025-10-07 18:27:30.364,5.917676688603024,8.009459501912715,4.963592490030351,10.120669905061732
2025-10-07 18:27:30.575,5.980381998897428,8.080930919817547,5.030088549561697,10.120669905061732
2025-10-07 18:27:30.787,5.925653056789088,8.08424782539987,5.060019673745046,10.120669905061732
2025-10-07 18:27:30.998,5.976670223602923,8.081246815587292,4.998972816241803,10.120669905061732
2025-10-07 18:27:31.210,5.98417274813437,8.087722678867067,5.022191155318069,10.120669905061732
2025-10-07 18:27:31.425,5.921230516012656,8.021858410875211,5.005527653464014,10.120669905061732
2025-10-07 18:27:31.636,5.986541966407458,8.092303167528371,5.035853647359545,10.120669905061732
2025-10-07 18:27:31.847,5.913175173884156,8.075718639616753,5.037354152265834,10.120669905061732
2025-10-07 18:27:32.060,5.993175777572105,8.088591392233866,4.977649851784008,10.120669905061732
2025-10-07 18:27:32.272,6.009365435771542,8.109598460921916,5.04019721419354,10.120669905061732
2025-10-07 18:27:32.483,5.964903106179918,8.030545544543202,4.952694085974144,10.120669905061732
2025-10-07 18:27:32.694,6.00920748788667,8.100042613887126,5.032220846007476,10.120669905061732
2025-10-07 18:27:32.905,5.902750613482567,8.010881032876568,5.000078451435911,10.120669905061732
2025-10-07 18:27:33.118,5.991991168435561,8.096251864650185,5.029061888310025,10.120669905061732
2025-10-07 18:27:33.329,5.973116396193291,8.088749340118738,5.027166513691554,10.120669905061732
2025-10-07 18:27:33.544,5.930233545450392,8.01656715673198,4.978834460920552,10.120669905061732
2025-10-07 18:27:33.756,5.989306054392728,8.093724698492224,5.034432116395692,10.120669905061732
2025-10-07 18:27:33.969,5.97122102157482,8.09530417734095,5.039012605056996,10.120669905061732
2025-10-07 18:27:34.182,5.972879474365982,8.036389616283486,4.9430592649969185,10.120669905061732
2025-10-07 18:27:34.393,6.0114187582748855,8.098384161095964,5.028430096770535,10.120669905061732
2025-10-07 18:27:34.606,5.911990564747612,8.051947482943433,5.029535731964643,10.120669905061732
2025-10-07 18:27:34.818,5.975485614466379,8.079983232508312,5.006949184427867,10.120669905061732
2025-10-07 18:27:35.030,5.99965164085188,8.1154425326622,5.050621774595129,10.120669905061732
2025-10-07 18:27:35.243,5.966956428683261,8.033704502240653,4.950561789528365,10.120669905061732
2025-10-07 18:27:35.454,5.983540956594879,8.072243786149556,5.015399396268549,10.120669905061732
2025-10-07 18:27:35.667,5.905593675410273,8.065531001042473,5.042171562754447,10.120669905061732
2025-10-07 18:27:35.880,5.99222809026287,8.08424782539987,4.969910405425253,10.120669905061732
2025-10-07 18:27:36.093,5.995860891614939,8.08045707616293,5.007975845679539,10.120669905061732
2025-10-07 18:27:36.305,5.896906541742283,8.021779436932775,5.01176659491648,10.120669905061732
2025-10-07 18:27:36.518,5.990569637471708,8.094277516089278,5.027324461576427,10.120669905061732
2025-10-07 18:27:36.730,5.9972034486363555,8.114021001698347,5.053069966810654,10.120669905061732
2025-10-07 18:27:36.941,5.9776179109121585,8.04713007245482,4.945586431154879,10.120669905061732
2025-10-07 18:27:37.153,6.00920748788667,8.098384161095964,5.031115210813368,10.120669905061732
2025-10-07 18:27:37.365,5.901250108576278,8.023200967896628,5.012161464628662,10.120669905061732
2025-10-07 18:27:37.579,5.991438350838507,8.092619063298116,4.9924969529620284,10.120669905061732
2025-10-07 18:27:37.791,6.010629018850523,8.115521506604637,5.0522012534438545,10.120669905061732
2025-10-07 18:27:38.002,5.967746168107624,8.028413248097422,4.941005942493575,10.120669905061732
2025-10-07 18:27:38.213,5.991833220550689,8.0904077929099,5.016741953289966,10.120669905061732
2025-10-07 18:27:38.426,5.911200825323249,8.04776186399431,5.033247507259148,10.120669905061732
2025-10-07 18:27:38.637,5.980145077070119,8.085353460593979,5.019821937044981,10.120669905061732
2025-10-07 18:27:38.848,5.938999653060819,8.088354470406557,5.041460797272521,10.120669905061732
2025-10-07 18:27:39.059,5.993570647284287,8.091355480219136,4.987758516415852,10.120669905061732
2025-10-07 18:27:39.271,6.010707992792959,8.105412841972793,5.034669038223001,10.120669905061732
2025-10-07 18:27:39.484,5.91562336609968,8.006537466042573,4.9765442165899,10.120669905061732
2025-10-07 18:27:39.698,5.975801510236124,8.081799633184346,5.015478370210985,10.120669905061732
2025-10-07 18:27:39.909,5.989858871989782,8.112836392561803,5.056860716047595,10.120669905061732
2025-10-07 18:27:40.121,5.9733533180205995,8.06134538209335,4.952615112031708,10.120669905061732
2025-10-07 18:27:40.332,5.99965164085188,8.093092906952734,5.015715292038294,10.120669905061732
2025-10-07 18:27:40.546,5.910726981668631,8.070585333358395,5.045804364106516,10.120669905061732
2025-10-07 18:27:40.759,5.994281412766213,8.096962630132111,5.022033207433196,10.120669905061732
2025-10-07 18:27:40.970,5.976433301775614,8.098147239268656,5.038775683229687,10.120669905061732
2025-10-07 18:27:41.180,5.990016819874654,8.079351440968821,4.966277604073184,10.120669905061732
2025-10-07 18:27:41.392,5.997124474693919,8.08361603386038,5.008686611161465,10.120669905061732
2025-10-07 18:27:41.606,5.911042877438376,8.033783476183089,5.02408652993654,10.120669905061732
2025-10-07 18:27:41.817,5.98756862765913,8.09783134349891,5.035458777647364,10.120669905061732
2025-10-07 18:27:42.029,5.962454913964393,8.09870005686571,5.044461807085099,10.120669905061732
2025-10-07 18:27:42.240,5.977854832739467,8.06260896517233,4.949377180391821,10.120669905061732
2025-10-07 18:27:42.454,6.003916233743439,8.095620073110695,5.031589054467986,10.120669905061732
2025-10-07 18:27:42.666,5.912148512632484,8.041759844369153,5.019348093390363,10.120669905061732
2025-10-07 18:27:42.876,5.974143057444962,8.078877597314204,5.018874249735745,10.120669905061732
2025-10-07 18:27:43.088,5.92983867573821,8.094277516089278,5.061994022305953,10.120669905061732
2025-10-07 18:27:43.299,5.994044490938904,8.084563721169616,4.987442620646107,10.120669905061732
2025-10-07 18:27:43.513,5.997835240175846,8.092303167528371,5.019979884929853,10.120669905061732
2025-10-07 18:27:43.724,5.914043887250955,8.008827710373225,4.978202669381062,10.120669905061732
2025-10-07 18:27:43.936,5.994676282478395,8.093961620319533,5.041460797272521,10.120669905061732
2025-10-07 18:27:44.146,5.902118821943077,8.02549121222728,5.008528663276593,10.120669905061732
2025-10-07 18:27:44.357,5.97398510956009,8.072638655861738,5.008528663276593,10.120669905061732
2025-10-07 18:27:44.571,6.006680321728709,8.116548167856308,5.050542800652693,10.120669905061732
2025-10-07 18:27:44.782,5.988911184680546,8.048314681591364,4.951904346549782,10.120669905061732
2025-10-07 18:27:44.993,6.0114187582748855,8.10272772792996,5.0345900642805645,10.120669905061732
2025-10-07 18:27:45.204,5.935050955939005,8.022490202414701,4.965014020994204,10.120669905061732
2025-10-07 18:27:45.415,5.986147096695277,8.070506359415958,5.011608647031608,10.120669905061732
2025-10-07 18:27:45.629,5.975959458120997,8.111335887655514,5.051569461904364,10.120669905061732
2025-10-07 18:27:45.843,5.942000662873397,8.013645120861838,4.94132183826332,10.120669905061732
2025-10-07 18:27:46.055,5.997440370463664,8.091434454161572,5.0355377515898,10.120669905061732
2025-10-07 18:27:46.267,5.9145177309055725,8.07066430730083,5.052043305558982,10.120669905061732
2025-10-07 18:27:46.478,5.9719317870567465,8.07366531711341,4.999525633838857,10.120669905061732
2025-10-07 18:27:46.691,5.994755256420831,8.095225203398513,5.024481399648721,10.120669905061732
2025-10-07 18:27:46.905,5.917518740718151,8.033467580413344,5.02069065041178,10.120669905061732
2025-10-07 18:27:47.117,5.974537927157144,8.078008883947405,5.018874249735745,10.120669905061732
2025-10-07 18:27:47.327,5.903856248676675,8.06750534960338,5.037275178323398,10.120669905061732
2025-10-07 18:27:47.542,5.9881214452561835,8.043260349275442,4.95087768529811,10.120669905061732
2025-10-07 18:27:47.755,6.001941885182532,8.093013933010297,5.037275178323398,10.120669905061732
2025-10-07 18:27:47.966,5.897301411454464,8.030545544543202,5.01453068290175,10.120669905061732
2025-10-07 18:27:48.178,5.985515305155786,8.096251864650185,5.033958272741074,10.120669905061732
2025-10-07 18:27:48.389,5.984488643904115,8.105333868030357,5.051964331616546,10.120669905061732
2025-10-07 18:27:48.601,5.975011770811761,8.044523932354423,4.945270535385134,10.120669905061732
2025-10-07 18:27:48.813,5.9980721620031545,8.089539079543101,5.011450699146735,10.120669905061732
2025-10-07 18:27:49.024,5.939868366427618,8.022253280587393,4.962802750605988,10.120669905061732
2025-10-07 18:27:49.236,5.991912194493125,8.089618053485538,5.023612686281922,10.120669905061732
2025-10-07 18:27:49.447,5.9093844246472145,8.067979193257997,5.033958272741074,10.120669905061732
2025-10-07 18:27:49.660,5.992465012090179,8.091829323873753,4.98270418409993,10.120669905061732
2025-10-07 18:27:49.872,5.997835240175846,8.094909307628768,5.018795275793309,10.120669905061732
2025-10-07 18:27:50.083,5.961744148482467,8.027307612903314,4.951667424722473,10.120669905061732
2025-10-07 18:27:50.294,6.007549035095508,8.102174910332906,5.0374331262082706,10.120669905061732
2025-10-07 18:27:50.506,5.899038838188062,8.035441928974251,5.021717311663451,10.120669905061732
2025-10-07 18:27:50.719,5.975485614466379,8.081562711357037,5.001736904227073,10.120669905061732
2025-10-07 18:27:50.931,6.006127504131655,8.113389210158857,5.0479366605522955,10.120669905061732
2025-10-07 18:27:51.141,5.9795922594730655,8.072717629804174,4.959012001369047,10.120669905061732
2025-10-07 18:27:51.352,5.996176787384684,8.103912337066504,5.033010585431839,10.120669905061732
2025-10-07 18:27:51.561,5.99222809026287,8.038521912729266,4.948982310679639,10.120669905061732
2025-10-07 18:27:51.775,6.007391087210635,8.093250854837606,5.033958272741074,10.120669905061732
2025-10-07 18:27:51.987,5.897854229051518,8.044287010527114,5.023928582051667,10.120669905061732
2025-10-07 18:27:52.198,5.974143057444962,8.079193493083949,5.009713272413137,10.120669905061732
2025-10-07 18:27:52.410,5.99285988180236,8.102885675814832,5.039881318423795,10.120669905061732
2025-10-07 18:27:52.625,5.900223447324606,8.019410218659687,5.008528663276593,10.120669905061732
2025-10-07 18:27:52.838,5.9733533180205995,8.08022015433562,5.014135813189569,10.120669905061732
2025-10-07 18:27:53.049,5.969799490610967,8.106834372936646,5.061441204708899,10.120669905061732
2025-10-07 18:27:53.260,5.991359376896071,8.091434454161572,4.98333597563942,10.120669905061732
2025-10-07 18:27:53.473,5.9986249796002085,8.081878607126782,5.007423028082485,10.120669905061732
2025-10-07 18:27:53.686,5.911121851380813,8.051868509000997,5.036248517071726,10.120669905061732
2025-10-07 18:27:53.898,5.991675272665816,8.096883656189675,5.033247507259148,10.120669905061732
2025-10-07 18:27:54.109,5.962296966079521,8.105649763800102,5.061441204708899,10.120669905061732
2025-10-07 18:27:54.320,5.993570647284287,8.096251864650185,4.997077441623333,10.120669905061732
2025-10-07 18:27:54.531,5.991438350838507,8.089302157715792,5.017847588484074,10.120669905061732
2025-10-07 18:27:54.744,5.918624375912259,8.011591798358495,4.962565828778679,10.120669905061732
2025-10-07 18:27:54.956,5.993096803629669,8.091434454161572,5.033958272741074,10.120669905061732
2025-10-07 18:27:55.168,5.9187823237971315,8.077377092407914,5.0450935986245895,10.120669905061732
2025-10-07 18:27:55.377,5.970984099747511,8.081404763472165,5.016820927232402,10.120669905061732
2025-10-07 18:27:55.588,5.939078627003255,8.095541099168258,5.058282247011448,10.120669905061732
2025-10-07 18:27:55.801,5.9923860381477425,8.086696017615395,4.972595519468086,10.120669905061732
2025-10-07 18:27:56.012,5.997677292290973,8.094909307628768,5.021480389836142,10.120669905061732
2025-10-07 18:27:56.223,5.952504197217422,8.019252270774814,4.9410849164360116,10.120669905061732
2025-10-07 18:27:56.435,6.000678302103552,8.078166831832277,5.027956253115917,10.120669905061732
2025-10-07 18:27:56.650,5.967430272337879,8.092224193585935,5.0388546571721236,10.120669905061732
2025-10-07 18:27:56.863,5.956768790108981,8.019884062314304,4.940847994608703,10.120669905061732
2025-10-07 18:27:57.075,5.99965164085188,8.091197532334263,5.03680133466878,10.120669905061732
2025-10-07 18:27:57.287,5.915781313984553,8.073349421343664,5.051964331616546,10.120669905061732
2025-10-07 18:27:57.500,5.991991168435561,8.087801652809503,4.970463223022307,10.120669905061732
2025-10-07 18:27:57.714,5.996176787384684,8.08448474722718,5.01113480337699,10.120669905061732
2025-10-07 18:27:57.926,5.899275760015371,8.027781456557932,5.012872230110588,10.120669905061732
2025-10-07 18:27:58.138,5.989858871989782,8.095778020995567,5.032220846007476,10.120669905061732
2025-10-07 18:27:58.349,5.952188301447677,8.10209593639047,5.065784771542894,10.120669905061732
2025-10-07 18:27:58.560,5.977302015142413,8.054948492756012,4.948034623370404,10.120669905061732
2025-10-07 18:27:58.776,5.981487634091536,8.075086848077262,5.0180845103113825,10.120669905061732
2025-10-07 18:27:58.989,5.966482585028643,8.105412841972793,5.058361220953884,10.120669905061732
2025-10-07 18:27:59.200,5.98204045168859,8.078877597314204,4.9684888744614,10.120669905061732
2025-10-07 18:27:59.411,5.993254751514542,8.099568770232509,5.03151008052555,10.120669905061732
2025-10-07 18:27:59.622,5.986147096695277,8.034494241665016,4.950798711355674,10.120669905061732
2025-10-07 18:27:59.836,6.000125484506498,8.090881636564518,5.037117230438525,10.120669905061732
2025-10-07 18:28:00.048,5.912938252056847,8.070980203070576,5.036643386783908,10.120669905061732
2025-10-07 18:28:00.261,5.978091754566776,8.064899209502983,4.958143288002248,10.120669905061732
2025-10-07 18:28:00.473,6.012445419526557,8.103596441296759,5.034669038223001,10.120669905061732
2025-10-07 18:28:00.684,5.935445825651186,8.01467178211351,4.9459023269246245,10.120669905061732
2025-10-07 18:28:00.896,5.985752226983095,8.075481717789444,5.016741953289966,10.120669905061732
2025-10-07 18:28:01.107,5.912701330229538,8.051473639288815,5.04232951063932,10.120669905061732
2025-10-07 18:28:01.317,5.987331705831821,8.101701066678288,5.042171562754447,10.120669905061732
2025-10-07 18:28:01.528,5.938209913636456,8.081641685299473,5.034669038223001,10.120669905061732
2025-10-07 18:28:01.742,5.98267224322808,8.039390626096065,4.950561789528365,10.120669905061732
2025-10-07 18:28:01.954,6.012919263181175,8.100437483599308,5.032694689662094,10.120669905061732
2025-10-07 18:28:02.166,5.898801916360753,8.022411228472265,5.0105030118375,10.120669905061732
2025-10-07 18:28:02.377,5.994834230363267,8.09783134349891,5.038380813517506,10.120669905061732
2025-10-07 18:28:02.588,5.910490059841322,8.069795593934032,5.032852637546966,10.120669905061732
2025-10-07 18:28:02.801,5.977144067257541,8.056527971604737,4.949219232506948,10.120669905061732
2025-10-07 18:28:03.013,6.015288481454263,8.091197532334263,5.02471832147603,10.120669905061732
2025-10-07 18:28:03.226,5.916965923121097,8.02825530021255,5.015320422326113,10.120669905061732
2025-10-07 18:28:03.437,5.976907145430232,8.082431424723836,5.018795275793309,10.120669905061732
2025-10-07 18:28:03.649,5.964508236467736,8.102569780045087,5.056781742105159,10.120669905061732
2025-10-07 18:28:03.863,5.988358367083492,8.04160189648428,4.951035633182983,10.120669905061732
2025-10-07 18:28:04.075,5.9881214452561835,8.079430414911258,5.016899901174838,10.120669905061732
2025-10-07 18:28:04.287,5.9017239522308955,8.05052595197958,5.027640357346172,10.120669905061732
2025-10-07 18:28:04.499,5.9900957938170905,8.0912765062767,5.024481399648721,10.120669905061732
2025-10-07 18:28:04.711,5.993728595169159,8.099568770232509,5.0294567580222065,10.120669905061732
2025-10-07 18:28:04.923,5.958032373187962,8.016093313077363,4.939742359414595,10.120669905061732
2025-10-07 18:28:05.135,6.004548025282929,8.09167137598888,5.035221855820055,10.120669905061732
2025-10-07 18:28:05.348,5.9230469166886905,8.084089877514998,5.058756090666066,10.120669905061732
2025-10-07 18:28:05.560,5.995387047960321,8.092145219643498,4.990443630458685,10.120669905061732
2025-10-07 18:28:05.771,5.998861901427517,8.098858004750582,5.028824966482716,10.120669905061732
2025-10-07 18:28:05.984,5.947054995189319,8.018462531350451,4.942980291054482,10.120669905061732
2025-10-07 18:28:06.195,6.004705973167802,8.09530417734095,5.034984933992746,10.120669905061732
2025-10-07 18:28:06.408,5.928654066601666,8.0904077929099,5.05994069980261,10.120669905061732
2025-10-07 18:28:06.621,5.993570647284287,8.079114519141513,4.967067343497547,10.120669905061732
2025-10-07 18:28:06.832,6.012919263181175,8.111098965828205,5.045409494394335,10.120669905061732
2025-10-07 18:28:07.044,5.9264427962134505,8.008827710373225,4.957511496462757,10.120669905061732
2025-10-07 18:28:07.257,5.976512275718051,8.07492890019239,5.025902930612574,10.120669905061732
2025-10-07 18:28:07.469,5.961270304827849,8.105096946203048,5.059624804032865,10.120669905061732
2025-10-07 18:28:07.681,5.97738098908485,8.070111489703777,4.961223271757262,10.120669905061732
2025-10-07 18:28:07.892,5.993254751514542,8.099726718117381,5.030246497446569,10.120669905061732
2025-10-07 18:28:08.103,5.975722536293688,8.029913753003711,4.948824362794767,10.120669905061732
2025-10-07 18:28:08.316,5.996097813442248,8.090170871082591,5.037749021978016,10.120669905061732
2025-10-07 18:28:08.527,5.900697290979224,8.044681880239295,5.0251921651306475,10.120669905061732
2025-10-07 18:28:08.739,5.987805549486438,8.091987271758626,5.029140862252461,10.120669905061732
2025-10-07 18:28:08.949,5.968298985704678,8.109835382749225,5.062941709615188,10.120669905061732
2025-10-07 18:28:09.161,5.9790394418760116,8.061029486323605,4.951114607125419,10.120669905061732
2025-10-07 18:28:09.373,5.997282422578792,8.089854975312846,5.018716301850873,10.120669905061732
2025-10-07 18:28:09.583,5.968614881474423,8.026438899536515,4.954826382419924,10.120669905061732
2025-10-07 18:28:09.798,5.98820041919862,8.092382141470807,5.029851627734388,10.120669905061732
2025-10-07 18:28:10.009,5.955821102799746,8.09530417734095,5.044461807085099,10.120669905061732
2025-10-07 18:28:10.221,5.99562396978763,8.080693997990238,4.968251952634091,10.120669905061732
2025-10-07 18:28:10.433,6.010313123080778,8.109993330634097,5.0456464162216434,10.120669905061732
2025-10-07 18:28:10.644,5.953925728181275,8.018936375005069,4.94132183826332,10.120669905061732
2025-10-07 18:28:10.856,5.997914214118282,8.090170871082591,5.038538761402378,10.120669905061732
2025-10-07 18:28:11.068,5.901092160691405,8.063082808826948,5.035379803704927,10.120669905061732
2025-10-07 18:28:11.279,5.9776179109121585,8.080693997990238,5.007659949909794,10.120669905061732
2025-10-07 18:28:11.490,5.9909645071838895,8.11291536650424,5.060019673745046,10.120669905061732
2025-10-07 18:28:11.701,5.984014800249497,8.027465560788187,4.93666237565958,10.120669905061732
2025-10-07 18:28:11.916,5.981092764379355,8.077929910004968,5.020848598296652,10.120669905061732
2025-10-07 18:28:12.129,5.956610842224109,8.102174910332906,5.0635735011546785,10.120669905061732
2025-10-07 18:28:12.342,5.991675272665816,8.071296098840321,4.963592490030351,10.120669905061732
2025-10-07 18:28:12.554,5.995939865557375,8.083537059917944,5.010187116067755,10.120669905061732
2025-10-07 18:28:12.765,5.906778284546817,8.037732173304903,5.0360115952444175,10.120669905061732
2025-10-07 18:28:12.980,5.9938075691115955,8.089460105600665,4.98736364670367,10.120669905061732
2025-10-07 18:28:13.192,5.99688755286661,8.098621082923273,5.027877279173481,10.120669905061732
2025-10-07 18:28:13.403,5.967430272337879,8.025965055881898,4.941716707975502,10.120669905061732
2025-10-07 18:28:13.615,6.010076201253469,8.092855985125425,5.034826986107873,10.120669905061732
2025-10-07 18:28:13.826,5.914438756963136,8.03354655435578,5.031352132640677,10.120669905061732
2025-10-07 18:28:14.039,5.977223041199977,8.076903248753297,5.00434304432747,10.120669905061732
2025-10-07 18:28:14.252,6.0137090026055375,8.115837402374382,5.048805373919095,10.120669905061732
2025-10-07 18:28:14.464,5.963086705503883,8.027939404442805,4.954036642995561,10.120669905061732
2025-10-07 18:28:14.675,5.986226070637713,8.076587352983552,5.017373744829456,10.120669905061732
2025-10-07 18:28:14.888,5.90140805646115,8.05921308564757,5.030720341101187,10.120669905061732
2025-10-07 18:28:15.099,5.976038432063433,8.079983232508312,5.00497483586696,10.120669905061732
2025-10-07 18:28:15.311,5.991754246608252,8.098936978693018,5.030483419273878,10.120669905061732
2025-10-07 18:28:15.524,5.965297975892099,8.03038759665833,4.95427356482287,10.120669905061732
2025-10-07 18:28:15.735,5.992149116320434,8.078166831832277,5.016741953289966,10.120669905061732
2025-10-07 18:28:15.947,5.897933202993954,8.044839828124168,5.025429086957956,10.120669905061732
2025-10-07 18:28:16.159,5.991122455068762,8.099726718117381,5.035932621301981,10.120669905061732
2025-10-07 18:28:16.370,5.972879474365982,8.11481074112271,5.066021693370203,10.120669905061732
2025-10-07 18:28:16.579,5.975722536293688,8.080930919817547,5.012793256168152,10.120669905061732
2025-10-07 18:28:16.790,5.984962487558732,8.096488786477494,5.03277366360453,10.120669905061732
2025-10-07 18:28:17.005,5.939473496715436,8.020515853853794,4.969357587828199,10.120669905061732
2025-10-07 18:28:17.216,5.984251722076806,8.076113509328934,5.021638337721015,10.120669905061732
2025-10-07 18:28:17.427,5.898486020591008,8.049657238612781,5.02937778407977,10.120669905061732
2025-10-07 18:28:17.639,5.99222809026287,8.095541099168258,5.032536741777221,10.120669905061732
2025-10-07 18:28:17.850,5.980618920724737,8.107624112361009,5.050463826710256,10.120669905061732
2025-10-07 18:28:18.064,5.973748187732781,8.031730153679746,4.951193581067855,10.120669905061732
2025-10-07 18:28:18.275,5.994044490938904,8.088986261946047,5.018479380023564,10.120669905061732
2025-10-07 18:28:18.485,5.9278643271773035,8.009617449797588,4.9558530436715955,10.120669905061732
2025-10-07 18:28:18.697,5.9994936929670075,8.090328818967464,5.034116220625947,10.120669905061732
2025-10-07 18:28:18.909,5.951714457793059,8.105570789857666,5.061757100478644,10.120669905061732
2025-10-07 18:28:19.122,5.9943603867086495,8.07682427481086,4.967620161094601,10.120669905061732
2025-10-07 18:28:19.333,6.011023888562704,8.111098965828205,5.044382833142663,10.120669905061732
2025-10-07 18:28:19.544,5.942000662873397,8.016409208847108,4.947797701543095,10.120669905061732
2025-10-07 18:28:19.756,5.98883221073811,8.076666326925988,5.015399396268549,10.120669905061732
2025-10-07 18:28:19.967,5.909621346474523,8.056370023719865,5.043119250063683,10.120669905061732
2025-10-07 18:28:20.179,5.976512275718051,8.080615024047802,5.015952213865603,10.120669905061732
2025-10-07 18:28:20.390,5.96103338300054,8.092934959067861,5.040039266308668,10.120669905061732
2025-10-07 18:28:20.601,5.994202438823777,8.08914420983092,4.975122685626047,10.120669905061732
2025-10-07 18:28:20.813,6.0171048821302975,8.103201571584577,5.030483419273878,10.120669905061732
2025-10-07 18:28:21.026,5.899670629727552,8.020120984141613,5.00497483586696,10.120669905061732
2025-10-07 18:28:21.238,5.986778888234767,8.094198542146842,5.031983924180167,10.120669905061732
2025-10-07 18:28:21.449,5.949819083174589,8.09806826532622,5.063020683557625,10.120669905061732
2025-10-07 18:28:21.661,5.978328676394085,8.079904258565875,4.977649851784008,10.120669905061732
2025-10-07 18:28:21.872,5.993333725456978,8.088907288003611,5.0152414483836765,10.120669905061732
2025-10-07 18:28:22.087,5.914596704848009,8.037653199362467,5.030483419273878,10.120669905061732
2025-10-07 18:28:22.299,5.990016819874654,8.093961620319533,5.028193174943226,10.120669905061732
2025-10-07 18:28:22.510,5.958743138669888,8.09656776041993,5.045330520451898,10.120669905061732
2025-10-07 18:28:22.720,5.995860891614939,8.090249845025028,4.986968776991489,10.120669905061732
2025-10-07 18:28:22.933,6.015525403281572,8.108571799670244,5.043751041603173,10.120669905061732
2025-10-07 18:28:23.146,5.9108059556110675,8.010486163164387,4.9814406010209495,10.120669905061732
2025-10-07 18:28:23.357,5.997045500751483,8.08914420983092,5.035853647359545,10.120669905061732
2025-10-07 18:28:23.569,5.916886949178661,8.07706119663817,5.042013614869575,10.120669905061732
2025-10-07 18:28:23.780,5.981092764379355,8.068610984797488,4.96169711541188,10.120669905061732
2025-10-07 18:28:23.995,6.008733644232052,8.094909307628768,5.032694689662094,10.120669905061732
2025-10-07 18:28:24.208,5.899038838188062,8.050604925922016,5.0331685333167115,10.120669905061732
2025-10-07 18:28:24.418,5.969799490610967,8.080772971932674,5.020137832814726,10.120669905061732
2025-10-07 18:28:24.629,5.960875435115668,8.105649763800102,5.061994022305953,10.120669905061732
2025-10-07 18:28:24.841,5.994202438823777,8.081641685299473,4.96785708292191,10.120669905061732
2025-10-07 18:28:25.054,6.000994197873297,8.086538069730523,5.013977865304696,10.120669905061732
2025-10-07 18:28:25.267,5.901960874058204,8.046182385145585,5.037512100150707,10.120669905061732
2025-10-07 18:28:25.478,5.991359376896071,8.096330838592621,5.036880308611217,10.120669905061732
2025-10-07 18:28:25.689,5.934577112284387,8.084958590881797,5.0402761881359766,10.120669905061732
2025-10-07 18:28:25.902,5.9776179109121585,8.058423346223208,4.949140258564512,10.120669905061732
2025-10-07 18:28:26.115,6.009602357598851,8.09467238580146,5.032220846007476,10.120669905061732
2025-10-07 18:28:26.327,5.910569033783759,8.039469600038501,5.026771643979373,10.120669905061732
2025-10-07 18:28:26.537,5.978091754566776,8.07895657125664,5.020216806757162,10.120669905061732
2025-10-07 18:28:26.749,5.931655076414245,8.08827549646412,5.0578873772992665,10.120669905061732
2025-10-07 18:28:26.961,5.994202438823777,8.067900219315561,4.959485845023664,10.120669905061732
2025-10-07 18:28:27.175,5.99625576132712,8.081325789529728,5.011924542801353,10.120669905061732
2025-10-07 18:28:27.387,5.90077626492166,8.025807107997025,5.013346073765206,10.120669905061732
2025-10-07 18:28:27.599,5.97801278062434,8.078166831832277,5.009239428758519,10.120669905061732
2025-10-07 18:28:27.811,5.976828171487796,8.096646734362366,5.034432116395692,10.120669905061732
2025-10-07 18:28:28.024,5.955505207030001,8.021068671450848,4.963908385800096,10.120669905061732
2025-10-07 18:28:28.237,5.985752226983095,8.077929910004968,5.021480389836142,10.120669905061732
2025-10-07 18:28:28.448,5.9003024212670425,8.049657238612781,5.0289039404251525,10.120669905061732
2025-10-07 18:28:28.660,5.991675272665816,8.094751359743896,5.0081337935644115,10.120669905061732
2025-10-07 18:28:28.873,6.014419768087464,8.114889715065146,5.047225895070369,10.120669905061732
2025-10-07 18:28:29.083,5.975564588408815,8.038048069074648,4.942032603745247,10.120669905061732
2025-10-07 18:28:29.294,5.995387047960321,8.090802662622082,5.023059868684868,10.120669905061732
2025-10-07 18:28:29.505,5.938683757291074,8.024306603090736,4.973859102547067,10.120669905061732
2025-10-07 18:28:29.716,5.985673253040659,8.071138150955449,5.015083500498804,10.120669905061732
2025-10-07 18:28:29.929,5.913806965423646,8.075639665674316,5.039249526884305,10.120669905061732
2025-10-07 18:28:30.143,5.985594279098223,8.043339323217879,4.954668434535051,10.120669905061732
2025-10-07 18:28:30.355,6.011734654044631,8.093724698492224,5.032457767834785,10.120669905061732
2025-10-07 18:28:30.568,5.898407046648572,8.052105430828306,5.031668028410422,10.120669905061732
2025-10-07 18:28:30.779,5.989700924104909,8.097910317441347,5.036327491014163,10.120669905061732
2025-10-07 18:28:30.991,5.993649621226723,8.111967679195004,5.054570471716943,10.120669905061732
2025-10-07 18:28:31.203,5.9895429762200365,8.05202645688587,4.956089965498904,10.120669905061732
2025-10-07 18:28:31.415,6.011260810390013,8.097910317441347,5.029614705907079,10.120669905061732
2025-10-07 18:28:31.626,5.914596704848009,8.010723084991696,4.976465242647464,10.120669905061732
2025-10-07 18:28:31.837,5.994123464881341,8.088354470406557,5.0337213509137655,10.120669905061732
2025-10-07 18:28:32.051,5.977459963027286,8.095778020995567,5.041223875445212,10.120669905061732
2025-10-07 18:28:32.262,5.975406640523943,8.05581720612281,4.955458173959414,10.120669905061732
2025-10-07 18:28:32.474,6.014735663857209,8.106044633512283,5.03214187206504,10.120669905061732
2025-10-07 18:28:32.686,5.907883919740925,8.010328215279515,4.987995438243161,10.120669905061732
2025-10-07 18:28:32.897,5.980381998897428,8.07769298817766,5.017689640599201,10.120669905061732
2025-10-07 18:28:33.110,5.957321607706035,8.100753379369053,5.062467865960571,10.120669905061732
2025-10-07 18:28:33.321,5.994202438823777,8.09593596888044,4.987284672761234,10.120669905061732
2025-10-07 18:28:33.533,5.999572666909444,8.101148249081234,5.029061888310025,10.120669905061732
2025-10-07 18:28:33.746,5.932207894011299,8.020752775681103,4.980966757366332,10.120669905061732
2025-10-07 18:28:33.957,5.99965164085188,8.086932939442704,5.033563403028893,10.120669905061732
2025-10-07 18:28:34.170,5.946660125477138,8.093329828780043,5.0499110091132025,10.120669905061732
2025-10-07 18:28:34.382,5.981092764379355,8.049578264670345,4.939189541817541,10.120669905061732
2025-10-07 18:28:34.596,6.004232129513184,8.096251864650185,5.036880308611217,10.120669905061732
2025-10-07 18:28:34.807,5.906146493007327,8.02146354116303,5.004500992212343,10.120669905061732
2025-10-07 18:28:35.018,5.973748187732781,8.073112499516355,5.015636318095858,10.120669905061732
2025-10-07 18:28:35.231,6.003205468261513,8.111098965828205,5.051253566134619,10.120669905061732
2025-10-07 18:28:35.443,5.992701933917488,8.048551603418673,4.952773059916581,10.120669905061732
2025-10-07 18:28:35.655,5.994123464881341,8.087406783097322,5.014609656844186,10.120669905061732
2025-10-07 18:28:35.866,5.915228496387499,8.012934355379912,4.999446659896421,10.120669905061732
2025-10-07 18:28:36.079,5.973590239847908,8.07745606635035,5.014056839247132,10.120669905061732
2025-10-07 18:28:36.291,5.9810137904369185,8.099647744174945,5.045330520451898,10.120669905061732
2025-10-07 18:28:36.502,5.993333725456978,8.077929910004968,4.968804770231145,10.120669905061732
2025-10-07 18:28:36.713,5.9994936929670075,8.099173900520327,5.026218826382319,10.120669905061732
2025-10-07 18:28:36.924,5.958506216842579,8.022885072126883,4.94408592624859,10.120669905061732
2025-10-07 18:28:37.136,6.002573676722022,8.089302157715792,5.040592083905722,10.120669905061732
2025-10-07 18:28:37.349,5.92391563005549,8.083537059917944,5.055676106911051,10.120669905061732
2025-10-07 18:28:37.561,5.9795922594730655,8.076982222695733,4.976860112359645,10.120669905061732
2025-10-07 18:28:37.772,6.005416738649728,8.102253884275342,5.040907979675467,10.120669905061732
2025-10-07 18:28:37.984,5.965534897719408,8.024306603090736,4.953167929628762,10.120669905061732
2025-10-07 18:28:38.198,5.976117406005869,8.079193493083949,5.020611676469343,10.120669905061732
2025-10-07 18:28:38.410,5.953530858469094,8.091750349931317,5.041460797272521,10.120669905061732
2025-10-07 18:28:38.621,5.9929388557447965,8.0912765062767,4.989811838919195,10.120669905061732
2025-10-07 18:28:38.833,6.006127504131655,8.096883656189675,5.016031187808039,10.120669905061732
2025-10-07 18:28:39.046,5.9088316070501605,8.011354876531186,4.9876795424734155,10.120669905061732
2025-10-07 18:28:39.259,5.9923860381477425,8.095699047053131,5.0345900642805645,10.120669905061732
2025-10-07 18:28:39.471,5.982751217170517,8.110625122173587,5.062783761730316,10.120669905061732
2025-10-07 18:28:39.682,5.979987129185247,8.059134111705134,4.951430502895164,10.120669905061732
2025-10-07 18:28:39.894,5.999967536621625,8.08827549646412,5.022743972915123,10.120669905061732
2025-10-07 18:28:40.106,5.908120841568234,8.013013329322348,4.9919441353649745,10.120669905061732
2025-10-07 18:28:40.318,5.976512275718051,8.078403753659586,5.018005536368946,10.120669905061732
2025-10-07 18:28:40.531,5.996808578924174,8.114573819295401,5.05654482027785,10.120669905061732
2025-10-07 18:28:40.743,5.975406640523943,8.031967075507055,4.941953629802811,10.120669905061732
2025-10-07 18:28:40.955,5.9943603867086495,8.075876587501625,5.011529673089171,10.120669905061732
2025-10-07 18:28:41.168,5.915307470329935,8.06008179901437,5.045251546509462,10.120669905061732
2025-10-07 18:28:41.380,5.990490663529272,8.101937988505597,5.039960292366231,10.120669905061732
2025-10-07 18:28:41.589,5.915149522445063,8.076271457213807,5.043514119775864,10.120669905061732
2025-10-07 18:28:41.800,5.988911184680546,8.094119568204405,5.027245487633991,10.120669905061732
2025-10-07 18:28:42.011,5.99159629872338,8.108176929958063,5.053701758350144,10.120669905061732
2025-10-07 18:28:42.225,5.95021395288677,8.019094322889941,4.94408592624859,10.120669905061732
2025-10-07 18:28:42.436,5.994439360651086,8.081246815587292,5.012319412513534,10.120669905061732
2025-10-07 18:28:42.646,5.932760711608353,8.020120984141613,4.980334965826842,10.120669905061732
2025-10-07 18:28:42.857,6.001862911240096,8.093645724549788,5.038696709287251,10.120669905061732
2025-10-07 18:28:43.066,5.938051965751583,8.024543524918045,4.972358597640778,10.120669905061732
2025-10-07 18:28:43.275,6.000441380276243,8.088749340118738,5.01516247444124,10.120669905061732
2025-10-07 18:28:43.485,5.937104278442348,8.014513834228637,4.9436120825939724,10.120669905061732
2025-10-07 18:28:43.695,6.016394116648371,8.109677434864352,5.036406464956599,10.120669905061732
2025-10-07 18:28:43.905,5.960006721748869,8.029281961464221,4.954668434535051,10.120669905061732
2025-10-07 18:28:44.115,5.996571657096865,8.089539079543101,5.015715292038294,10.120669905061732
2025-10-07 18:28:44.325,5.965140028007227,8.032598867046545,4.953799721168252,10.120669905061732
2025-10-07 18:28:44.534,6.003837259801003,8.097357499844293,5.025271139073084,10.120669905061732
2025-10-07 18:28:44.744,5.9739061356176535,8.036705512053231,4.943849004421281,10.120669905061732
2025-10-07 18:28:44.953,6.014735663857209,8.116548167856308,5.050068956998075,10.120669905061732
2025-10-07 18:28:45.163,5.994044490938904,8.067110479891198,4.963750437915223,10.120669905061732
2025-10-07 18:28:45.372,5.991675272665816,8.099647744174945,5.033879298798638,10.120669905061732
2025-10-07 18:28:45.582,5.975564588408815,8.075797613559189,4.971016040619361,10.120669905061732
2025-10-07 18:28:45.792,6.003126494319076,8.11970712555376,5.060414543457227,10.120669905061732
2025-10-07 18:28:46.001,5.9804609728398646,8.08022015433562,4.978439591208371,10.120669905061732
2025-10-07 18:28:46.211,5.977223041199977,8.097278525901856,5.03830183957507,10.120669905061732
2025-10-07 18:28:46.421,5.9952291000754485,8.094356490031714,5.000868190860274,10.120669905061732
2025-10-07 18:28:46.631,5.979908155242811,8.111256913713078,5.064442214521478,10.120669905061732
2025-10-07 18:28:46.840,5.975643562351252,8.081167841644856,5.013661969534951,10.120669905061732
2025-10-07 18:28:47.050,5.9468970473044465,8.092382141470807,5.04635718170357,10.120669905061732
2025-10-07 18:28:47.260,5.994439360651086,8.098542108980837,5.037275178323398,10.120669905061732
2025-10-07 18:28:47.469,5.917992584372769,8.073823264998282,5.03956542265405,10.120669905061732
2025-10-07 18:28:47.679,5.976828171487796,8.083379112033072,5.019663989160108,10.120669905061732
2025-10-07 18:28:47.888,5.912069538690048,8.060397694784115,5.044619754969972,10.120669905061732
2025-10-07 18:28:48.098,5.997598318348537,8.092066245701062,5.039644396596486,10.120669905061732
2025-10-07 18:28:48.308,5.897617307224209,8.043181375333006,5.025666008785265,10.120669905061732
2025-10-07 18:28:48.517,5.995939865557375,8.095699047053131,5.043277197948555,10.120669905061732
2025-10-07 18:28:48.727,5.909463398589651,8.014197938458892,4.9834149495818565,10.120669905061732
2025-10-07 18:28:48.936,5.991359376896071,8.08108886770242,5.01792656242651,10.120669905061732
2025-10-07 18:28:49.146,5.941052975564162,8.026201977709206,4.965408890706385,10.120669905061732
2025-10-07 18:28:49.355,6.010707992792959,8.102885675814832,5.029930601676824,10.120669905061732
2025-10-07 18:28:49.566,5.928022275062176,8.011038980761441,4.947955649427968,10.120669905061732
2025-10-07 18:28:49.775,5.99562396978763,8.091434454161572,5.024244477821412,10.120669905061732
2025-10-07 18:28:49.984,5.978802520048703,8.037890121189776,4.953483825398507,10.120669905061732
2025-10-07 18:28:50.195,6.001310093643042,8.092066245701062,5.014451708959314,10.120669905061732
2025-10-07 18:28:50.406,5.917834636487896,8.008116944891299,4.966040682245875,10.120669905061732
2025-10-07 18:28:50.616,6.005653660477037,8.090881636564518,5.039644396596486,10.120669905061732
2025-10-07 18:28:50.828,5.913491069653901,8.046182385145585,5.0337213509137655,10.120669905061732
2025-10-07 18:28:51.038,5.993649621226723,8.094988281571204,5.038459787459942,10.120669905061732
2025-10-07 18:28:51.249,5.913885939366082,8.064504339790801,5.044303859200227,10.120669905061732
2025-10-07 18:28:51.459,5.972721526481109,8.082589372608709,5.020295780699598,10.120669905061732
2025-10-07 18:28:51.669,5.930391493335264,8.092303167528371,5.060414543457227,10.120669905061732
2025-10-07 18:28:51.881,5.995150126133012,8.094277516089278,4.995182067004862,10.120669905061732
2025-10-07 18:28:52.094,5.997045500751483,8.097989291383783,5.026218826382319,10.120669905061732
2025-10-07 18:28:52.305,5.943896037491868,8.017593817983652,4.943375160766664,10.120669905061732
2025-10-07 18:28:52.515,6.009681331541287,8.101780040620724,5.034669038223001,10.120669905061732
2025-10-07 18:28:52.727,5.907725971856053,8.012934355379912,4.978281643323498,10.120669905061732
2025-10-07 18:28:52.937,6.002178807009841,8.091118558391827,5.036959282553653,10.120669905061732
2025-10-07 18:28:53.148,5.915860287926989,8.051552613231252,5.042882328236374,10.120669905061732
2025-10-07 18:28:53.359,5.9767491975453595,8.078640675486895,5.021875259548324,10.120669905061732
2025-10-07 18:28:53.568,5.909937242244268,8.055501310353065,5.041776693042266,10.120669905061732
2025-10-07 18:28:53.779,5.99159629872338,8.09783134349891,5.03893363111456,10.120669905061732
2025-10-07 18:28:53.989,5.907804945798489,8.065925870754654,5.033642376971329,10.120669905061732
2025-10-07 18:28:54.201,5.9767491975453595,8.080062206450748,5.000868190860274,10.120669905061732
2025-10-07 18:28:54.411,5.980303024954992,8.11481074112271,5.062783761730316,10.120669905061732
2025-10-07 18:28:54.623,5.993965516996468,8.060871538438732,4.958617131656865,10.120669905061732
2025-10-07 18:28:54.836,6.007233139325763,8.097752369556474,5.032457767834785,10.120669905061732
2025-10-07 18:28:55.047,5.902355743770386,8.023911733378554,5.007265080197612,10.120669905061732
2025-10-07 18:28:55.260,5.97461690109958,8.081404763472165,5.02132244195127,10.120669905061732
2025-10-07 18:28:55.470,5.9349719819965685,8.094988281571204,5.063415553269806,10.120669905061732
2025-10-07 18:28:55.681,5.995150126133012,8.09870005686571,5.0274824094612995,10.120669905061732
2025-10-07 18:28:55.892,6.003442390088821,8.11567945448951,5.058045325184139,10.120669905061732
2025-10-07 18:28:56.104,5.970352308208021,8.026596847421388,4.941716707975502,10.120669905061732
2025-10-07 18:28:56.314,6.0009152239308605,8.097515447729165,5.02258602503025,10.120669905061732
2025-10-07 18:28:56.524,5.993175777572105,8.054948492756012,4.957590470405194,10.120669905061732
2025-10-07 18:28:56.733,6.012998237123611,8.114889715065146,5.050621774595129,10.120669905061732
2025-10-07 18:28:56.942,5.993649621226723,8.088828314061175,4.981519574963386,10.120669905061732
2025-10-07 18:28:57.152,5.987647601601566,8.112757418619367,5.065389901830713,10.120669905061732
2025-10-07 18:28:57.361,5.977854832739467,8.080299128278057,5.002368695766563,10.120669905061732
2025-10-07 18:28:57.572,5.979513285530629,8.101937988505597,5.042882328236374,10.120669905061732
2025-10-07 18:28:57.781,5.995939865557375,8.09806826532622,5.020453728584471,10.120669905061732
2025-10-07 18:28:57.991,5.965140028007227,8.107229242648827,5.0641263187517325,10.120669905061732
2025-10-07 18:28:58.200,5.978802520048703,8.080536050105366,5.011450699146735,10.120669905061732
2025-10-07 18:28:58.410,5.926205874386142,8.078403753659586,5.047778712667423,10.120669905061732
2025-10-07 18:28:58.621,5.992307064205306,8.09806826532622,5.031904950237731,10.120669905061732
2025-10-07 18:28:58.830,5.92581100467396,8.08385295568769,5.044145911315354,10.120669905061732
2025-10-07 18:28:59.040,5.9747748489844525,8.082194502896527,5.015557344153422,10.120669905061732
2025-10-07 18:28:59.249,5.923520760343308,8.084168851457434,5.054649445659379,10.120669905061732
2025-10-07 18:28:59.460,5.993570647284287,8.093645724549788,5.029851627734388,10.120669905061732
2025-10-07 18:28:59.673,5.997361396521228,8.098936978693018,5.030483419273878,10.120669905061732
2025-10-07 18:28:59.885,5.955505207030001,8.022016358760084,4.9434541347091,10.120669905061732
2025-10-07 18:29:00.097,6.001625989412787,8.094909307628768,5.03956542265405,10.120669905061732
2025-10-07 18:29:00.308,5.90354035290693,8.025412238284844,5.007186106255176,10.120669905061732
2025-10-07 18:29:00.519,5.973590239847908,8.080615024047802,5.018874249735745,10.120669905061732
2025-10-07 18:29:00.732,6.006759295671145,8.121839421999539,5.060414543457227,10.120669905061732
2025-10-07 18:29:00.942,5.9957819176725025,8.08724883521245,4.974411920144121,10.120669905061732
2025-10-07 18:29:01.154,6.0122874716416845,8.112520496792058,5.046594103530879,10.120669905061732
2025-10-07 18:29:01.366,5.951240614138442,8.024938394630226,4.9606704541602085,10.120669905061732
2025-10-07 18:29:01.578,5.980934816494482,8.079193493083949,5.023138842627304,10.120669905061732
2025-10-07 18:29:01.788,5.9063044408922,8.047445968224565,5.041539771214957,10.120669905061732
2025-10-07 18:29:02.000,5.994676282478395,8.101148249081234,5.034748012165437,10.120669905061732
2025-10-07 18:29:02.211,5.95763750347578,8.092855985125425,5.043514119775864,10.120669905061732
2025-10-07 18:29:02.422,5.977775858797031,8.079430414911258,4.986021089682254,10.120669905061732
2025-10-07 18:29:02.631,5.97588048417856,8.111493835540386,5.065074006060968,10.120669905061732
2025-10-07 18:29:02.841,5.994518334593522,8.097120578016984,5.022507051087814,10.120669905061732
2025-10-07 18:29:03.051,5.949819083174589,8.092382141470807,5.043751041603173,10.120669905061732
2025-10-07 18:29:03.260,5.97524869263907,8.084642695112052,5.025508060900393,10.120669905061732
2025-10-07 18:29:03.470,5.9273115095802495,8.083300138090635,5.056702768162722,10.120669905061732
2025-10-07 18:29:03.679,5.973748187732781,8.082194502896527,5.020769624354216,10.120669905061732
2025-10-07 18:29:03.888,5.897538333281773,8.035757824743996,5.019111171563054,10.120669905061732
2025-10-07 18:29:04.098,5.996018839499811,8.090565740794773,5.040592083905722,10.120669905061732
2025-10-07 18:29:04.310,5.942237584700706,8.096488786477494,5.059703777975301,10.120669905061732
2025-10-07 18:29:04.519,5.989621950162473,8.092066245701062,5.032536741777221,10.120669905061732
2025-10-07 18:29:04.733,6.010786966735395,8.113705105928602,5.041144901502776,10.120669905061732
2025-10-07 18:29:04.945,5.948002682498554,8.017041000386598,4.940847994608703,10.120669905061732
2025-10-07 18:29:05.158,6.000678302103552,8.092777011182989,5.038617735344815,10.120669905061732
2025-10-07 18:29:05.370,5.911200825323249,8.07066430730083,5.037196204380962,10.120669905061732
2025-10-07 18:29:05.581,5.989937845932218,8.09380367243466,5.021401415893706,10.120669905061732
2025-10-07 18:29:05.794,6.01323515895092,8.109361539094607,5.039170552941869,10.120669905061732
2025-10-07 18:29:06.007,5.914438756963136,8.008669762488353,4.976386268705028,10.120669905061732
2025-10-07 18:29:06.219,5.975643562351252,8.07706119663817,5.014372735016877,10.120669905061732
2025-10-07 18:29:06.434,6.015209507511827,8.114889715065146,5.03956542265405,10.120669905061732
2025-10-07 18:29:06.646,5.92920688419872,8.009459501912715,4.954826382419924,10.120669905061732
2025-10-07 18:29:06.859,5.973590239847908,8.080930919817547,5.020058858872289,10.120669905061732
2025-10-07 18:29:07.072,5.994281412766213,8.110388200346279,5.057334559702213,10.120669905061732
2025-10-07 18:29:07.286,5.955663154914873,8.027149665018442,4.955458173959414,10.120669905061732
2025-10-07 18:29:07.497,5.983067112940262,8.075007874134826,5.0232178165697405,10.120669905061732
2025-10-07 18:29:07.710,5.928180222947049,8.086222173960778,5.057571481529521,10.120669905061732
2025-10-07 18:29:07.922,5.993254751514542,8.083773981745253,4.975359607453356,10.120669905061732
2025-10-07 18:29:08.135,5.999177797197262,8.089539079543101,5.012872230110588,10.120669905061732
2025-10-07 18:29:08.346,5.934340190457078,8.011117954703877,4.9444807959607715,10.120669905061732
2025-10-07 18:29:08.557,6.002099833067405,8.092066245701062,5.041065927560339,10.120669905061732
2025-10-07 18:29:08.769,5.9059885451224545,8.054158753331649,5.031668028410422,10.120669905061732
2025-10-07 18:29:08.981,5.976433301775614,8.075955561444061,5.005369705579142,10.120669905061732
2025-10-07 18:29:09.193,6.005495712592165,8.11291536650424,5.051174592192183,10.120669905061732
2025-10-07 18:29:09.405,5.979829181300374,8.03165117973731,4.950008971931311,10.120669905061732
2025-10-07 18:29:09.616,6.008180826634998,8.096646734362366,5.036880308611217,10.120669905061732
2025-10-07 18:29:09.828,5.913806965423646,8.046893150627511,5.035932621301981,10.120669905061732
2025-10-07 18:29:10.040,5.97185281311431,8.075797613559189,5.014214787132005,10.120669905061732
2025-10-07 18:29:10.251,5.9363935129604215,8.084721669054488,5.042645406409065,10.120669905061732
2025-10-07 18:29:10.462,5.996966526809047,8.091197532334263,4.961776089354316,10.120669905061732
2025-10-07 18:29:10.676,5.996966526809047,8.086459095788086,5.015557344153422,10.120669905061732
2025-10-07 18:29:10.887,5.91562336609968,8.011433850473622,4.971016040619361,10.120669905061732
2025-10-07 18:29:11.098,5.997993188060718,8.08827549646412,5.037906969862888,10.120669905061732
2025-10-07 18:29:11.309,5.920361802645857,8.081404763472165,5.0564658463354135,10.120669905061732
2025-10-07 18:29:11.524,5.9733533180205995,8.036547564168359,4.946376170579242,10.120669905061732
2025-10-07 18:29:11.736,6.011497732217322,8.103596441296759,5.035221855820055,10.120669905061732
2025-10-07 18:29:11.946,5.940421184024672,8.020120984141613,4.970305275137434,10.120669905061732
2025-10-07 18:29:12.158,5.983619930537316,8.073349421343664,5.022191155318069,10.120669905061732
2025-10-07 18:29:12.369,5.90140805646115,8.055580284295502,5.033247507259148,10.120669905061732
2025-10-07 18:29:12.583,5.990806559299017,8.070506359415958,4.9649350470517675,10.120669905061732
2025-10-07 18:29:12.795,6.016473090590807,8.106834372936646,5.02535011301552,10.120669905061732
2025-10-07 18:29:13.007,5.9159392618694255,8.007090283639627,4.974174998316812,10.120669905061732
2025-10-07 18:29:13.218,5.999414719024571,8.091434454161572,5.0394074747691775,10.120669905061732
2025-10-07 18:29:13.429,5.91372799148121,8.052342352655614,5.038617735344815,10.120669905061732
2025-10-07 18:29:13.639,5.990411689586836,8.0912765062767,5.035853647359545,10.120669905061732
2025-10-07 18:29:13.850,5.929522779968465,8.089854975312846,5.060414543457227,10.120669905061732
2025-10-07 18:29:14.061,5.979987129185247,8.078798623371767,4.997077441623333,10.120669905061732
2025-10-07 18:29:14.273,5.9900957938170905,8.095225203398513,5.030088549561697,10.120669905061732
2025-10-07 18:29:14.485,5.978565598221394,8.034731163492324,4.951193581067855,10.120669905061732
2025-10-07 18:29:14.699,5.979513285530629,8.080378102220493,5.019742963102544,10.120669905061732
2025-10-07 18:29:14.910,5.927548431407558,8.084958590881797,5.043119250063683,10.120669905061732
2025-10-07 18:29:15.121,5.996018839499811,8.095699047053131,5.017215796944583,10.120669905061732
2025-10-07 18:29:15.332,5.989937845932218,8.110072304576533,5.056070976623232,10.120669905061732
2025-10-07 18:29:15.544,5.9696415427260945,8.018778427120196,4.9396633854721586,10.120669905061732
2025-10-07 18:29:15.758,5.984488643904115,8.0742971086529,5.023138842627304,10.120669905061732
2025-10-07 18:29:15.969,5.910884929553504,8.058897189877825,5.045172572567026,10.120669905061732
2025-10-07 18:29:16.180,5.975011770811761,8.081878607126782,5.018637327908436,10.120669905061732
2025-10-07 18:29:16.390,5.938841705175946,8.080930919817547,5.0394074747691775,10.120669905061732
2025-10-07 18:29:16.606,5.961507226655158,8.021068671450848,4.957511496462757,10.120669905061732
2025-10-07 18:29:16.819,5.991201429011198,8.094514437916587,5.037591074093143,10.120669905061732
2025-10-07 18:29:17.030,5.931023284874755,8.087090887327577,5.05780840335683,10.120669905061732
2025-10-07 18:29:17.243,5.9767491975453595,8.055343362468193,4.951193581067855,10.120669905061732
2025-10-07 18:29:17.456,5.998467031715336,8.08298424232089,5.010108142125318,10.120669905061732
2025-10-07 18:29:17.667,5.927706379292431,8.020042010199177,4.9962087282565335,10.120669905061732
2025-10-07 18:29:17.879,5.978249702451649,8.080536050105366,5.020216806757162,10.120669905061732
2025-10-07 18:29:18.090,5.9329976334356616,8.08827549646412,5.0570186639324675,10.120669905061732
2025-10-07 18:29:18.303,5.993175777572105,8.081325789529728,4.969989379367689,10.120669905061732
2025-10-07 18:29:18.515,5.999809588736753,8.088749340118738,5.013504021650078,10.120669905061732
2025-10-07 18:29:18.727,5.907173154258999,8.013882042689147,5.025034217245775,10.120669905061732
2025-10-07 18:29:18.941,5.996176787384684,8.08851241829143,5.009713272413137,10.120669905061732
2025-10-07 18:29:19.154,5.995702943730066,8.097752369556474,5.027877279173481,10.120669905061732
2025-10-07 18:29:19.366,5.951951379620368,8.016330234904672,4.944243874133463,10.120669905061732
2025-10-07 18:29:19.577,6.002178807009841,8.090960610506954,5.037275178323398,10.120669905061732
2025-10-07 18:29:19.789,5.913806965423646,8.061187434208477,5.045172572567026,10.120669905061732
2025-10-07 18:29:20.001,5.9761963799483055,8.07769298817766,5.0081337935644115,10.120669905061732
2025-10-07 18:29:20.213,6.007628009037944,8.113468184101293,5.052912018925781,10.120669905061732
2025-10-07 18:29:20.426,5.9474498649015,8.020278932026486,4.963276594260606,10.120669905061732
2025-10-07 18:29:20.638,5.98204045168859,8.076903248753297,5.0195060412752355,10.120669905061732
2025-10-07 18:29:20.851,5.933471477090279,8.07706119663817,5.037275178323398,10.120669905061732
2025-10-07 18:29:21.064,5.992780907859924,8.050131082267399,4.955458173959414,10.120669905061732
2025-10-07 18:29:21.276,5.997914214118282,8.084642695112052,5.0132670998227695,10.120669905061732
2025-10-07 18:29:21.487,5.916886949178661,8.00701130969719,4.984125715063783,10.120669905061732
2025-10-07 18:29:21.701,5.991833220550689,8.093882646377097,5.0322998199499125,10.120669905061732
2025-10-07 18:29:21.912,5.992149116320434,8.112757418619367,5.057413533644649,10.120669905061732
2025-10-07 18:29:22.124,5.990727585356581,8.043181375333006,4.950324867701056,10.120669905061732
2025-10-07 18:29:22.337,6.006522373843836,8.094751359743896,5.03340545514402,10.120669905061732
2025-10-07 18:29:22.549,5.901644978288459,8.058028476511026,5.035932621301981,10.120669905061732
2025-10-07 18:29:22.764,5.991912194493125,8.062766913057203,4.957748418290066,10.120669905061732
2025-10-07 18:29:22.976,6.01386695049041,8.105175920145484,5.036090569186854,10.120669905061732
2025-10-07 18:29:23.185,5.969167699071477,8.026438899536515,4.941953629802811,10.120669905061732
2025-10-07 18:29:23.396,5.994044490938904,8.084563721169616,5.015873239923167,10.120669905061732
2025-10-07 18:29:23.608,5.917597714660587,8.036152694456177,5.030641367158751,10.120669905061732
2025-10-07 18:29:23.822,5.997440370463664,8.086696017615395,4.977807799668881,10.120669905061732
2025-10-07 18:29:24.034,5.997993188060718,8.09380367243466,5.023928582051667,10.120669905061732
2025-10-07 18:29:24.245,5.9866999142923305,8.041917792254026,4.955379200016978,10.120669905061732
2025-10-07 18:29:24.456,6.012919263181175,8.101543118793415,5.03000957561926,10.120669905061732
2025-10-07 18:29:24.670,5.904014196561548,8.061187434208477,5.037196204380962,10.120669905061732
2025-10-07 18:29:24.882,5.981487634091536,8.080062206450748,4.998735894414494,10.120669905061732
2025-10-07 18:29:25.093,6.006127504131655,8.11417894958322,5.053385862580399,10.120669905061732
2025-10-07 18:29:25.304,5.976670223602923,8.041680870426717,4.946928988176296,10.120669905061732
2025-10-07 18:29:25.515,5.998861901427517,8.079667336738567,5.009239428758519,10.120669905061732
2025-10-07 18:29:25.728,5.913885939366082,8.039548573980937,5.039328500826741,10.120669905061732
2025-10-07 18:29:25.941,5.995544995845194,8.093329828780043,5.022428077145378,10.120669905061732
2025-10-07 18:29:26.153,5.9909645071838895,8.0993318484052,5.036643386783908,10.120669905061732
2025-10-07 18:29:26.364,5.990490663529272,8.05881821593539,4.961144297814826,10.120669905061732
2025-10-07 18:29:26.574,5.999967536621625,8.084800642996925,5.014767604729059,10.120669905061732
2025-10-07 18:29:26.788,5.901881900115768,8.023516863666373,5.021401415893706,10.120669905061732
2025-10-07 18:29:27.000,5.99159629872338,8.092698037240552,5.031352132640677,10.120669905061732
2025-10-07 18:29:27.212,5.965534897719408,8.093487776664915,5.04296130217881,10.120669905061732
2025-10-07 18:29:27.423,5.97927636370332,8.075323769904571,4.964856073109331,10.120669905061732
2025-10-07 18:29:27.634,6.01663103847568,8.103043623699705,5.033800324856202,10.120669905061732
2025-10-07 18:29:27.848,5.917202844948406,8.026280951651643,5.019269119447927,10.120669905061732
2025-10-07 18:29:28.060,5.978328676394085,8.07619248327137,5.016584005405093,10.120669905061732
2025-10-07 18:29:28.274,6.008417748462307,8.112441522849622,5.0499110091132025,10.120669905061732
2025-10-07 18:29:28.485,5.988753236795674,8.04436598446955,4.954194590880434,10.120669905061732
2025-10-07 18:29:28.697,5.994597308535958,8.08085194587511,5.019427067332799,10.120669905061732
2025-10-07 18:29:28.909,5.901487030403587,8.026438899536515,5.013661969534951,10.120669905061732
2025-10-07 18:29:29.120,5.989069132565419,8.093566750607351,5.035221855820055,10.120669905061732
2025-10-07 18:29:29.331,5.950371900771643,8.091750349931317,5.046120259876261,10.120669905061732
2025-10-07 18:29:29.543,5.978881493991139,8.053605935734595,4.944243874133463,10.120669905061732
2025-10-07 18:29:29.757,6.005574686534601,8.090486766852337,5.038143891690197,10.120669905061732
2025-10-07 18:29:29.969,5.9143597830207,8.055975154007683,5.042171562754447,10.120669905061732
2025-10-07 18:29:30.181,5.989621950162473,8.098226213211092,5.0379859438053245,10.120669905061732
2025-10-07 18:29:30.392,5.976275353890742,8.107940008130754,5.050858696422438,10.120669905061732
2025-10-07 18:29:30.604,5.993175777572105,8.053447987849722,4.9544315127077425,10.120669905061732
2025-10-07 18:29:30.817,6.008259800577434,8.093961620319533,5.026218826382319,10.120669905061732
2025-10-07 18:29:31.030,5.905040857813219,8.059134111705134,5.035932621301981,10.120669905061732
2025-10-07 18:29:31.242,5.99625576132712,8.095383151283386,5.016820927232402,10.120669905061732
2025-10-07 18:29:31.453,6.0028895724917675,8.116627141798745,5.0555971329686145,10.120669905061732
2025-10-07 18:29:31.664,5.975959458120997,8.035205007146942,4.9434541347091,10.120669905061732
2025-10-07 18:29:31.879,5.979829181300374,8.076113509328934,5.01919014550549,10.120669905061732
2025-10-07 18:29:32.091,5.963323627331192,8.1073871905337,5.0635735011546785,10.120669905061732
2025-10-07 18:29:32.304,5.977775858797031,8.042391635908643,4.947797701543095,10.120669905061732
2025-10-07 18:29:32.515,5.997440370463664,8.088670366176302,5.017689640599201,10.120669905061732
2025-10-07 18:29:32.726,5.953214962699349,8.02083174962354,4.970858092734488,10.120669905061732
2025-10-07 18:29:32.940,5.9872527318893844,8.092619063298116,5.038775683229687,10.120669905061732
2025-10-07 18:29:33.153,5.979513285530629,8.100358509656871,5.03893363111456,10.120669905061732
2025-10-07 18:29:33.365,5.97927636370332,8.036389616283486,4.95553714790185,10.120669905061732
2025-10-07 18:29:33.577,6.01110286250514,8.095699047053131,5.031904950237731,10.120669905061732
2025-10-07 18:29:33.791,5.9329976334356616,8.083931929630126,5.041855666984702,10.120669905061732
2025-10-07 18:29:34.002,5.9814086601491,8.078719649429331,4.9805718876541505,10.120669905061732
2025-10-07 18:29:34.213,6.007470061153072,8.113310236216421,5.051964331616546,10.120669905061732
2025-10-07 18:29:34.426,5.966166689258898,8.022174306644956,4.945270535385134,10.120669905061732
2025-10-07 18:29:34.636,6.014103872317719,8.093329828780043,5.0289039404251525,10.120669905061732
2025-10-07 18:29:34.849,5.913412095711465,8.036547564168359,5.026139852439883,10.120669905061732
2025-10-07 18:29:35.061,5.979829181300374,8.078403753659586,5.004264070385034,10.120669905061732
2025-10-07 18:29:35.274,6.010550044908086,8.112757418619367,5.053464836522835,10.120669905061732
2025-10-07 18:29:35.485,5.99159629872338,8.048077759764055,4.957353548577885,10.120669905061732
2025-10-07 18:29:35.696,5.997282422578792,8.052105430828306,5.0090025069312105,10.120669905061732
2025-10-07 18:29:35.912,5.952662145102295,8.091750349931317,5.045409494394335,10.120669905061732
2025-10-07 18:29:36.123,5.995939865557375,8.089697027427974,4.987442620646107,10.120669905061732
2025-10-07 18:29:36.334,5.996571657096865,8.102806701872396,5.036090569186854,10.120669905061732
2025-10-07 18:29:36.546,5.957084685878726,8.020752775681103,4.9430592649969185,10.120669905061732
2025-10-07 18:29:36.757,6.0137090026055375,8.098384161095964,5.034826986107873,10.120669905061732
2025-10-07 18:29:36.970,5.915702340042117,8.071611994610066,5.048963321803967,10.120669905061732
2025-10-07 18:29:37.182,5.979434311588193,8.078561701544459,4.995734884601916,10.120669905061732
2025-10-07 18:29:37.393,5.997677292290973,8.115995350259254,5.059782751917737,10.120669905061732
2025-10-07 18:29:37.605,5.993965516996468,8.056370023719865,4.9572745746354485,10.120669905061732
2025-10-07 18:29:37.816,5.997835240175846,8.081404763472165,5.0132670998227695,10.120669905061732
2025-10-07 18:29:38.029,5.901802926173332,8.036626538110795,5.018637327908436,10.120669905061732
2025-10-07 18:29:38.241,5.991754246608252,8.093645724549788,5.03680133466878,10.120669905061732
2025-10-07 18:29:38.453,5.987094784004512,8.117890724877725,5.057650455471958,10.120669905061732
2025-10-07 18:29:38.662,5.981250712264227,8.080693997990238,5.000394347205656,10.120669905061732
2025-10-07 18:29:38.873,5.993096803629669,8.109835382749225,5.056070976623232,10.120669905061732
2025-10-07 18:29:39.084,5.978723546106266,8.056606945547173,4.953720747225816,10.120669905061732
2025-10-07 18:29:39.295,6.014024898375283,8.115126636892455,5.0479366605522955,10.120669905061732
2025-10-07 18:29:39.506,5.964113366755555,8.029202987521785,4.9521412683770905,10.120669905061732
2025-10-07 18:29:39.717,5.990806559299017,8.072006864322248,5.016268109635348,10.120669905061732
2025-10-07 18:29:39.932,5.948002682498554,8.08977600137041,5.042882328236374,10.120669905061732
2025-10-07 18:29:40.144,5.991438350838507,8.061503329978223,4.959959688678282,10.120669905061732
2025-10-07 18:29:40.356,6.017736673669788,8.100437483599308,5.020532702526907,10.120669905061732
2025-10-07 18:29:40.570,5.908120841568234,8.067110479891198,5.038696709287251,10.120669905061732
2025-10-07 18:29:40.782,5.9983880577729,8.073507369228537,4.968883744173581,10.120669905061732
2025-10-07 18:29:40.997,6.01386695049041,8.098542108980837,5.03214187206504,10.120669905061732
2025-10-07 18:29:41.208,5.909068528877469,8.009459501912715,4.9876795424734155,10.120669905061732
2025-10-07 18:29:41.419,5.9781707285092125,8.081799633184346,5.031825976295295,10.120669905061732
2025-10-07 18:29:41.628,5.917281818890842,8.02951888329153,5.0237706341667945,10.120669905061732
2025-10-07 18:29:41.840,5.977223041199977,8.072480707976865,5.012240438571098,10.120669905061732
2025-10-07 18:29:42.052,5.946976021246883,8.08788062675194,5.046041285933825,10.120669905061732
2025-10-07 18:29:42.264,5.995071152190576,8.066162792581963,4.9604335323329,10.120669905061732
2025-10-07 18:29:42.476,6.011971575871939,8.100674405426616,5.033642376971329,10.120669905061732
2025-10-07 18:29:42.688,5.92051975053073,8.026044029824334,5.019032197620618,10.120669905061732
2025-10-07 18:29:42.901,5.974853822926889,8.075165822019699,5.017689640599201,10.120669905061732
2025-10-07 18:29:43.113,5.999414719024571,8.115837402374382,5.059545830090428,10.120669905061732
2025-10-07 18:29:43.324,5.9938075691115955,8.061661277863095,4.95830123588712,10.120669905061732
2025-10-07 18:29:43.536,6.009760305483724,8.098147239268656,5.032852637546966,10.120669905061732
2025-10-07 18:29:43.749,5.9008552388640965,8.035836798686432,5.019979884929853,10.120669905061732
2025-10-07 18:29:43.961,5.973432291963036,8.080930919817547,5.018321432138691,10.120669905061732
2025-10-07 18:29:44.173,6.000441380276243,8.11015127851897,5.052043305558982,10.120669905061732
2025-10-07 18:29:44.386,5.97058923003533,8.025096342515099,4.9459023269246245,10.120669905061732
2025-10-07 18:29:44.598,5.990885533241453,8.075244795962135,5.016268109635348,10.120669905061732
2025-10-07 18:29:44.810,5.913885939366082,8.061108460266041,5.052990992868217,10.120669905061732
2025-10-07 18:29:45.021,5.992307064205306,8.095383151283386,5.03490596005031,10.120669905061732
2025-10-07 18:29:45.233,5.987805549486438,8.095462125225822,5.033484429086457,10.120669905061732
2025-10-07 18:29:45.447,5.927706379292431,8.011828720185804,4.955221252132105,10.120669905061732
2025-10-07 18:29:45.658,6.004548025282929,8.089460105600665,5.035853647359545,10.120669905061732
2025-10-07 18:29:45.871,5.924231525825235,8.079509388853694,5.0428033542939374,10.120669905061732
2025-10-07 18:29:46.083,5.981329686206664,8.075797613559189,4.974806789856302,10.120669905061732
2025-10-07 18:29:46.294,6.010629018850523,8.110309226403842,5.049200243631276,10.120669905061732
2025-10-07 18:29:46.506,5.9753276665815065,8.032677840988981,4.956800730980831,10.120669905061732
2025-10-07 18:29:46.718,5.990885533241453,8.07682427481086,5.016268109635348,10.120669905061732
2025-10-07 18:29:46.929,5.908910580992597,8.060792564496296,5.047304869012805,10.120669905061732
2025-10-07 18:29:47.145,5.990885533241453,8.049341342843036,4.959169949253919,10.120669905061732
2025-10-07 18:29:47.357,6.014182846260155,8.101069275138798,5.035853647359545,10.120669905061732
2025-10-07 18:29:47.568,5.925574082846651,8.0233589157815,4.99289182267421,10.120669905061732
2025-10-07 18:29:47.778,5.988911184680546,8.076113509328934,5.020611676469343,10.120669905061732
2025-10-07 18:29:47.989,5.902039848000641,8.023121993954192,5.011055829434554,10.120669905061732
2025-10-07 18:29:48.202,5.995071152190576,8.094277516089278,5.026218826382319,10.120669905061732
2025-10-07 18:29:48.413,5.994044490938904,8.118285594589906,5.063494527212242,10.120669905061732
2025-10-07 18:29:48.625,5.97927636370332,8.02762350867306,4.94282234316961,10.120669905061732
2025-10-07 18:29:48.838,6.005021868937547,8.08701191338514,5.036090569186854,10.120669905061732
2025-10-07 18:29:49.051,5.931655076414245,8.087722678867067,5.056781742105159,10.120669905061732
2025-10-07 18:29:49.262,5.979434311588193,8.079904258565875,5.000394347205656,10.120669905061732
2025-10-07 18:29:49.474,5.990411689586836,8.099647744174945,5.03616954312929,10.120669905061732
2025-10-07 18:29:49.685,5.985673253040659,8.033388606470908,4.952062294434654,10.120669905061732
2025-10-07 18:29:49.898,5.991280402953635,8.062293069402585,5.013504021650078,10.120669905061732
2025-10-07 18:29:50.112,5.964587210410173,8.092224193585935,5.041618745157393,10.120669905061732
2025-10-07 18:29:50.324,5.995939865557375,8.077219144523042,4.969436561770635,10.120669905061732
2025-10-07 18:29:50.535,6.014577715972337,8.112441522849622,5.044066937372918,10.120669905061732
2025-10-07 18:29:50.746,5.945712438167902,8.01869945317776,4.969989379367689,10.120669905061732
2025-10-07 18:29:50.959,5.993570647284287,8.07366531711341,5.015952213865603,10.120669905061732
2025-10-07 18:29:51.173,5.983698904479752,8.09909492657789,5.039723370538923,10.120669905061732
2025-10-07 18:29:51.385,5.99562396978763,8.06876893268236,4.9643822294547135,10.120669905061732
2025-10-07 18:29:51.594,6.009128513944233,8.113310236216421,5.052438175271163,10.120669905061732
2025-10-07 18:29:51.806,5.970747177920202,8.017593817983652,4.943770030478845,10.120669905061732
2025-10-07 18:29:52.017,5.996492683154429,8.072006864322248,5.014056839247132,10.120669905061732
2025-10-07 18:29:52.231,5.944448855088922,8.097041604074548,5.063020683557625,10.120669905061732
2025-10-07 18:29:52.443,5.998782927485081,8.093961620319533,4.99415540575319,10.120669905061732
2025-10-07 18:29:52.654,6.009681331541287,8.113152288331548,5.052990992868217,10.120669905061732
2025-10-07 18:29:52.865,5.970826151862639,8.030545544543202,4.9450336135578254,10.120669905061732
2025-10-07 18:29:53.077,5.996097813442248,8.074376082595336,5.01389889136226,10.120669905061732
2025-10-07 18:29:53.291,5.923441786400872,8.084089877514998,5.057334559702213,10.120669905061732
2025-10-07 18:29:53.502,5.998861901427517,8.095699047053131,5.017689640599201,10.120669905061732
2025-10-07 18:29:53.714,6.001625989412787,8.113389210158857,5.055123289313997,10.120669905061732
2025-10-07 18:29:53.925,5.976512275718051,8.003299534402686,4.940611072781394,10.120669905061732
2025-10-07 18:29:54.140,5.9824353214007715,8.07682427481086,5.024323451763848,10.120669905061732
2025-10-07 18:29:54.351,5.9383678615213285,8.09317188089517,5.061599152593772,10.120669905061732
2025-10-07 18:29:54.563,5.99688755286661,8.08977600137041,4.9976302592203865,10.120669905061732
2025-10-07 18:29:54.776,6.001547015470351,8.091355480219136,5.019979884929853,10.120669905061732
2025-10-07 18:29:54.989,5.914675678790445,8.030545544543202,5.035063907935182,10.120669905061732
2025-10-07 18:29:55.202,5.99625576132712,8.092066245701062,5.012319412513534,10.120669905061732
2025-10-07 18:29:55.416,5.9983880577729,8.095462125225822,5.026139852439883,10.120669905061732
2025-10-07 18:29:55.627,5.959927747806432,8.027544534730623,4.9572745746354485,10.120669905061732
2025-10-07 18:29:55.838,5.993175777572105,8.076587352983552,5.01729477088702,10.120669905061732
2025-10-07 18:29:56.050,5.900697290979224,8.051315691403943,5.03151008052555,10.120669905061732
2025-10-07 18:29:56.264,5.995860891614939,8.068216115085306,4.96446120339715,10.120669905061732
2025-10-07 18:29:56.476,6.019474100403386,8.103833363124068,5.024560373591157,10.120669905061732
2025-10-07 18:29:56.687,5.929522779968465,8.011354876531186,4.958143288002248,10.120669905061732
2025-10-07 18:29:56.899,6.001547015470351,8.083300138090635,5.0379859438053245,10.120669905061732
2025-10-07 18:29:57.111,5.941605793161216,8.091118558391827,5.049989983055639,10.120669905061732
2025-10-07 18:29:57.326,5.96040159146105,8.021384567220593,4.944164900191026,10.120669905061732
2025-10-07 18:29:57.536,6.003916233743439,8.094198542146842,5.020453728584471,10.120669905061732
2025-10-07 18:29:57.747,5.950134978944334,8.019805088371868,4.967383239267292,10.120669905061732
2025-10-07 18:29:57.959,5.984725565731424,8.076745300868424,5.022980894742432,10.120669905061732
2025-10-07 18:29:58.174,5.9844096699616784,8.096804682247239,5.040907979675467,10.120669905061732
2025-10-07 18:29:58.387,5.966008741374026,8.027781456557932,4.9530099817438895,10.120669905061732
2025-10-07 18:29:58.598,6.011655680102194,8.096725708304803,5.037196204380962,10.120669905061732
2025-10-07 18:29:58.809,5.905356753582964,8.01467178211351,5.001973826054382,10.120669905061732
2025-10-07 18:29:59.020,5.990648611414144,8.085985252133469,5.030720341101187,10.120669905061732
2025-10-07 18:29:59.234,5.998230109888027,8.11607432420169,5.059150960378247,10.120669905061732
2025-10-07 18:29:59.445,5.979829181300374,8.054316701216521,4.95087768529811,10.120669905061732
2025-10-07 18:29:59.656,6.0028895724917675,8.09103958444939,5.021243468008834,10.120669905061732
2025-10-07 18:29:59.868,5.921546411782401,8.004326195654357,4.9800190700570965,10.120669905061732
2025-10-07 18:30:00.080,5.977065093315105,8.082589372608709,5.02069065041178,10.120669905061732
2025-10-07 18:30:00.293,5.987726575544002,8.113626131986166,5.061915048363517,10.120669905061732
2025-10-07 18:30:00.505,5.99499217824814,8.055106440640884,4.956642783095958,10.120669905061732
2025-10-07 18:30:00.716,6.014024898375283,8.105333868030357,5.041302849387648,10.120669905061732
2025-10-07 18:30:00.928,5.929601753910902,8.011670772300931,4.959485845023664,10.120669905061732
2025-10-07 18:30:01.139,5.987094784004512,8.066952532006326,5.015952213865603,10.120669905061732
2025-10-07 18:30:01.352,5.970826151862639,8.108097956015627,5.062941709615188,10.120669905061732
2025-10-07 18:30:01.564,5.996966526809047,8.07366531711341,4.96975245754038,10.120669905061732
2025-10-07 18:30:01.775,6.013945924432846,8.111177939770641,5.0479366605522955,10.120669905061732
2025-10-07 18:30:01.986,5.970115386380712,8.024938394630226,4.94282234316961,10.120669905061732
2025-10-07 18:30:02.198,5.99159629872338,8.06663663623658,5.016741953289966,10.120669905061732
2025-10-07 18:30:02.412,5.965771819546717,8.10588668562741,5.062625813845443,10.120669905061732
2025-10-07 18:30:02.623,5.996966526809047,8.092145219643498,4.99289182267421,10.120669905061732
2025-10-07 18:30:02.834,5.990727585356581,8.104228232836249,5.040671057848158,10.120669905061732
2025-10-07 18:30:03.044,5.979829181300374,8.073981212883155,4.96912066600089,10.120669905061732
2025-10-07 18:30:03.255,6.017657699727351,8.093487776664915,5.029061888310025,10.120669905061732
2025-10-07 18:30:03.468,5.919808985048803,8.0072482315245,4.9729114152378315,10.120669905061732
2025-10-07 18:30:03.680,5.976591249660487,8.07832477971715,5.018558353966,10.120669905061732
2025-10-07 18:30:03.892,5.959295956266942,8.103675415239195,5.064679136348786,10.120669905061732
2025-10-07 18:30:04.105,5.9790394418760116,8.04460290629686,4.9459023269246245,10.120669905061732
2025-10-07 18:30:04.318,6.0085756963471795,8.095462125225822,5.034195194568383,10.120669905061732
2025-10-07 18:30:04.530,5.918703349854695,8.070427385473522,5.052912018925781,10.120669905061732
2025-10-07 18:30:04.741,5.976117406005869,8.07769298817766,5.0209275722390885,10.120669905061732
2025-10-07 18:30:04.954,5.997993188060718,8.11567945448951,5.059466856147992,10.120669905061732
2025-10-07 18:30:05.166,5.985989148810404,8.032598867046545,4.95490535636236,10.120669905061732
2025-10-07 18:30:05.378,5.995308074017885,8.082668346551145,5.017689640599201,10.120669905061732
2025-10-07 18:30:05.590,5.904409066273729,8.052500300540487,5.034826986107873,10.120669905061732
2025-10-07 18:30:05.804,5.997598318348537,8.083695007802817,4.974569868028993,10.120669905061732
2025-10-07 18:30:06.016,6.003284442203949,8.088828314061175,5.018400406081128,10.120669905061732
2025-10-07 18:30:06.229,5.90693623243169,8.019410218659687,5.004185096442598,10.120669905061732
2025-10-07 18:30:06.441,5.991438350838507,8.097910317441347,5.040118240251104,10.120669905061732
2025-10-07 18:30:06.653,5.97461690109958,8.109914356691661,5.06120428288159,10.120669905061732
2025-10-07 18:30:06.866,5.969562568783658,8.024464550975608,4.943927978363718,10.120669905061732
2025-10-07 18:30:07.078,5.995150126133012,8.088591392233866,5.030088549561697,10.120669905061732
2025-10-07 18:30:07.290,5.915860287926989,8.058107450453463,5.047857686609859,10.120669905061732
2025-10-07 18:30:07.504,5.981092764379355,8.071375072782757,4.966040682245875,10.120669905061732
2025-10-07 18:30:07.716,6.000362406333807,8.088117548579248,5.021401415893706,10.120669905061732
2025-10-07 18:30:07.929,5.9244684476525435,8.023200967896628,5.009950194240446,10.120669905061732
2025-10-07 18:30:08.142,5.9938075691115955,8.094593411859023,5.03000957561926,10.120669905061732
2025-10-07 18:30:08.354,6.004626999225366,8.119312255841578,5.058598142781193,10.120669905061732
2025-10-07 18:30:08.567,5.966640532913516,8.024306603090736,4.950956659240546,10.120669905061732
2025-10-07 18:30:08.779,5.987489653716693,8.074691978365081,5.018716301850873,10.120669905061732
2025-10-07 18:30:08.992,5.945080646628412,8.094751359743896,5.063494527212242,10.120669905061732
2025-10-07 18:30:09.203,5.997677292290973,8.085511408478851,4.973385258892449,10.120669905061732
2025-10-07 18:30:09.417,5.998861901427517,8.087406783097322,5.018795275793309,10.120669905061732
2025-10-07 18:30:09.629,5.911358773208121,8.011986668070676,4.987916464300724,10.120669905061732
2025-10-07 18:30:09.841,5.99285988180236,8.092934959067861,5.038617735344815,10.120669905061732
2025-10-07 18:30:10.052,5.924705369479852,8.082905268378454,5.04635718170357,10.120669905061732
2025-10-07 18:30:10.264,5.983304034767571,8.07279660374661,4.952378190204399,10.120669905061732
2025-10-07 18:30:10.477,6.016078220878626,8.10801898207319,5.039960292366231,10.120669905061732
2025-10-07 18:30:10.689,5.925653056789088,8.024701472802917,5.014925552613931,10.120669905061732
2025-10-07 18:30:10.901,5.975722536293688,8.08022015433562,5.02258602503025,10.120669905061732
2025-10-07 18:30:11.113,5.976670223602923,8.108571799670244,5.059782751917737,10.120669905061732
2025-10-07 18:30:11.325,5.996413709211993,8.071848916437375,4.964777099166895,10.120669905061732
2025-10-07 18:30:11.537,6.000757276045988,8.092066245701062,5.016741953289966,10.120669905061732
2025-10-07 18:30:11.749,5.907331102143871,8.011196928646314,4.9962087282565335,10.120669905061732
2025-10-07 18:30:11.961,5.992701933917488,8.096093916765312,5.043277197948555,10.120669905061732
2025-10-07 18:30:12.172,5.967114376568134,8.104702076490867,5.053227914695526,10.120669905061732
2025-10-07 18:30:12.383,5.997361396521228,8.091197532334263,4.996366676141406,10.120669905061732
2025-10-07 18:30:12.595,6.019632048288258,8.113626131986166,5.048173582379604,10.120669905061732
2025-10-07 18:30:12.807,5.945159620570848,8.01317127720722,4.943533108651536,10.120669905061732
2025-10-07 18:30:13.019,6.001073171815733,8.089539079543101,5.039881318423795,10.120669905061732
2025-10-07 18:30:13.230,5.918940271682004,8.069479698164287,5.051885357674109,10.120669905061732
2025-10-07 18:30:13.441,5.975722536293688,8.078798623371767,5.018479380023564,10.120669905061732
2025-10-07 18:30:13.654,5.978802520048703,8.0984631350384,5.039802344481359,10.120669905061732
2025-10-07 18:30:13.866,5.988042471313747,8.021937384817647,4.950403841643492,10.120669905061732
2025-10-07 18:30:14.080,5.984725565731424,8.076745300868424,5.018321432138691,10.120669905061732
2025-10-07 18:30:14.293,5.948081656440991,8.087801652809503,5.044619754969972,10.120669905061732
2025-10-07 18:30:14.504,5.998861901427517,8.087090887327577,4.976465242647464,10.120669905061732
2025-10-07 18:30:14.716,6.019553074345822,8.104386180721121,5.041065927560339,10.120669905061732
2025-10-07 18:30:14.929,5.9273115095802495,8.023832759436118,5.007344054140049,10.120669905061732
2025-10-07 18:30:15.141,5.982356347458335,8.079509388853694,5.0223491032029415,10.120669905061732
2025-10-07 18:30:15.354,5.985357357270914,8.099410822347636,5.035774673417109,10.120669905061732
2025-10-07 18:30:15.566,5.99499217824814,8.028729143867167,4.951430502895164,10.120669905061732
2025-10-07 18:30:15.779,6.005495712592165,8.092224193585935,5.037827995920452,10.120669905061732
2025-10-07 18:30:15.991,5.912464408402229,8.068058167200434,5.040592083905722,10.120669905061732
2025-10-07 18:30:16.202,5.975564588408815,8.079035545199076,5.021401415893706,10.120669905061732
2025-10-07 18:30:16.414,6.008180826634998,8.114652793237838,5.055202263256433,10.120669905061732
2025-10-07 18:30:16.626,5.970984099747511,8.025886081939461,4.945191561442698,10.120669905061732
2025-10-07 18:30:16.839,6.008812618174488,8.089065235888484,5.0360115952444175,10.120669905061732
2025-10-07 18:30:17.051,5.90354035290693,8.059686929302188,5.037038256496089,10.120669905061732
2025-10-07 18:30:17.262,5.976907145430232,8.081246815587292,5.01792656242651,10.120669905061732
2025-10-07 18:30:17.474,6.00581160836191,8.113626131986166,5.060809413169409,10.120669905061732
2025-10-07 18:30:17.687,5.9724846046538005,8.028808117809604,4.954510486650179,10.120669905061732
2025-10-07 18:30:17.899,5.983146086882698,8.07303352557392,5.020453728584471,10.120669905061732
2025-10-07 18:30:18.112,5.9562949464543635,8.099410822347636,5.061757100478644,10.120669905061732
2025-10-07 18:30:18.325,5.996334735269556,8.080693997990238,4.973622180719758,10.120669905061732
2025-10-07 18:30:18.536,6.000836249988424,8.080772971932674,5.013346073765206,10.120669905061732
2025-10-07 18:30:18.750,5.902355743770386,8.032440919161672,5.027877279173481,10.120669905061732
2025-10-07 18:30:18.963,5.997598318348537,8.097989291383783,5.019585015217672,10.120669905061732
2025-10-07 18:30:19.175,5.999335745082135,8.095383151283386,5.031352132640677,10.120669905061732
2025-10-07 18:30:19.387,5.966166689258898,8.023832759436118,4.944164900191026,10.120669905061732
2025-10-07 18:30:19.598,6.014182846260155,8.096488786477494,5.031904950237731,10.120669905061732
2025-10-07 18:30:19.810,5.913491069653901,8.046735202742639,5.038538761402378,10.120669905061732
2025-10-07 18:30:20.022,5.9810137904369185,8.081562711357037,5.018637327908436,10.120669905061732
2025-10-07 18:30:20.234,5.972958448308418,8.100279535714435,5.056228924508105,10.120669905061732
2025-10-07 18:30:20.445,5.996413709211993,8.083695007802817,4.972200649755905,10.120669905061732
2025-10-07 18:30:20.657,6.004469051340493,8.089539079543101,5.018874249735745,10.120669905061732
2025-10-07 18:30:20.869,5.9193351413941855,8.026517873478952,5.019111171563054,10.120669905061732
2025-10-07 18:30:21.081,5.9804609728398646,8.080062206450748,5.01919014550549,10.120669905061732
2025-10-07 18:30:21.293,5.94895036980779,8.088749340118738,5.044540781027536,10.120669905061732
2025-10-07 18:30:21.504,5.999809588736753,8.095699047053131,4.996682571911151,10.120669905061732
2025-10-07 18:30:21.716,6.016394116648371,8.109124617267298,5.04572539016408,10.120669905061732
2025-10-07 18:30:21.929,5.915228496387499,8.009854371624897,4.981361627078513,10.120669905061732
2025-10-07 18:30:22.140,5.996571657096865,8.09103958444939,5.038538761402378,10.120669905061732
2025-10-07 18:30:22.352,5.935840695363368,8.094751359743896,5.063415553269806,10.120669905061732
2025-10-07 18:30:22.563,5.9818825038037176,8.081167841644856,5.002763565478745,10.120669905061732
2025-10-07 18:30:22.776,5.997993188060718,8.092224193585935,5.022664998972687,10.120669905061732
2025-10-07 18:30:22.989,5.9273115095802495,8.021542515105466,5.004579966154779,10.120669905061732
2025-10-07 18:30:23.201,5.9852783833284775,8.083695007802817,5.022901920799995,10.120669905061732
2025-10-07 18:30:23.413,5.954794441548074,8.089933949255283,5.04232951063932,10.120669905061732
2025-10-07 18:30:23.624,5.997835240175846,8.08827549646412,4.972200649755905,10.120669905061732
2025-10-07 18:30:23.839,6.010629018850523,8.09467238580146,5.03956542265405,10.120669905061732
2025-10-07 18:30:24.051,5.90756802397118,8.06687355806389,5.041381823330084,10.120669905061732
2025-10-07 18:30:24.264,5.982277373515899,8.074139160768027,4.972200649755905,10.120669905061732
2025-10-07 18:30:24.477,6.014340794145028,8.109124617267298,5.039091578999432,10.120669905061732
2025-10-07 18:30:24.689,5.913964913308519,8.008037970948862,4.986652881221744,10.120669905061732
2025-10-07 18:30:24.902,5.974458953214707,8.081325789529728,5.018795275793309,10.120669905061732
2025-10-07 18:30:25.112,5.933787372860024,8.083931929630126,5.045409494394335,10.120669905061732
2025-10-07 18:30:25.323,5.981724555918845,8.07556069173188,5.001973826054382,10.120669905061732
2025-10-07 18:30:25.534,6.000441380276243,8.114494845352965,5.052438175271163,10.120669905061732
2025-10-07 18:30:25.747,5.964508236467736,8.033467580413344,4.954352538765306,10.120669905061732
2025-10-07 18:30:25.958,5.993649621226723,8.081641685299473,5.020532702526907,10.120669905061732
2025-10-07 18:30:26.171,5.915465418214808,8.058028476511026,5.047146921127933,10.120669905061732
2025-10-07 18:30:26.383,5.9957819176725025,8.09806826532622,5.037354152265834,10.120669905061732
2025-10-07 18:30:26.593,5.94342219383725,8.086538069730523,5.045330520451898,10.120669905061732
2025-10-07 18:30:26.805,5.981961477746154,8.050210056209835,4.94961410221913,10.120669905061732
2025-10-07 18:30:27.017,6.012761315296302,8.105570789857666,5.0374331262082706,10.120669905061732
2025-10-07 18:30:27.229,5.927627405349995,8.021226619335721,4.9990517901842395,10.120669905061732
2025-10-07 18:30:27.441,5.978960467933575,8.073981212883155,5.019900910987417,10.120669905061732
2025-10-07 18:30:27.652,5.937578122096966,8.09467238580146,5.063178631442497,10.120669905061732
2025-10-07 18:30:27.862,5.993728595169159,8.096093916765312,5.035853647359545,10.120669905061732
2025-10-07 18:30:28.074,5.985594279098223,8.10888769543999,5.063889396924424,10.120669905061732
2025-10-07 18:30:28.286,5.997519344406101,8.062924860942076,4.9615391675270075,10.120669905061732
2025-10-07 18:30:28.497,6.000520354218679,8.085906278191032,5.013346073765206,10.120669905061732
2025-10-07 18:30:28.708,5.932681737665916,8.020989697508412,4.98207239256044,10.120669905061732
2025-10-07 18:30:28.920,6.000836249988424,8.091829323873753,5.038459787459942,10.120669905061732
2025-10-07 18:30:29.132,5.92051975053073,8.07958836279613,5.057650455471958,10.120669905061732
2025-10-07 18:30:29.344,5.998151135945591,8.093487776664915,4.992023109307411,10.120669905061732
2025-10-07 18:30:29.555,5.994755256420831,8.096172890707749,5.029851627734388,10.120669905061732
2025-10-07 18:30:29.767,5.965534897719408,8.024938394630226,4.944401822018335,10.120669905061732
2025-10-07 18:30:29.979,6.008417748462307,8.090170871082591,5.035774673417109,10.120669905061732
2025-10-07 18:30:30.191,5.914912600617754,8.065846896812218,5.054965341429124,10.120669905061732
2025-10-07 18:30:30.402,5.980618920724737,8.08298424232089,5.0161101617504755,10.120669905061732
2025-10-07 18:30:30.615,6.012682341353866,8.11228357496475,5.05441252383207,10.120669905061732
2025-10-07 18:30:30.827,5.975485614466379,8.03354655435578,4.956484835211086,10.120669905061732
2025-10-07 18:30:31.040,5.9818825038037176,8.076666326925988,5.02471832147603,10.120669905061732
2025-10-07 18:30:31.252,5.917992584372769,8.075402743847008,5.042092588812011,10.120669905061732
2025-10-07 18:30:31.464,5.996808578924174,8.092066245701062,5.001342034514892,10.120669905061732
2025-10-07 18:30:31.675,5.994676282478395,8.102016962448033,5.03956542265405,10.120669905061732
2025-10-07 18:30:31.887,5.972089734941619,8.02019995808405,4.943296186824227,10.120669905061732
2025-10-07 18:30:32.099,6.005021868937547,8.095856994938003,5.041144901502776,10.120669905061732
2025-10-07 18:30:32.311,5.917834636487896,8.064978183445419,5.048884347861531,10.120669905061732
2025-10-07 18:30:32.523,5.979434311588193,8.080378102220493,5.02132244195127,10.120669905061732
2025-10-07 18:30:32.733,5.960796461173231,8.092224193585935,5.04635718170357,10.120669905061732
2025-10-07 18:30:32.946,5.9943603867086495,8.046656228800202,4.956800730980831,10.120669905061732
2025-10-07 18:30:33.158,5.994913204305703,8.082431424723836,5.016505031462657,10.120669905061732
2025-10-07 18:30:33.371,5.917281818890842,8.05242132659805,5.043435145833428,10.120669905061732
2025-10-07 18:30:33.582,5.975722536293688,8.080141180393184,5.017373744829456,10.120669905061732
2025-10-07 18:30:33.795,5.990569637471708,8.096962630132111,5.033247507259148,10.120669905061732
2025-10-07 18:30:34.006,5.9943603867086495,8.050841847749325,4.9592489231963555,10.120669905061732
2025-10-07 18:30:34.218,6.017420777900043,8.10059543148418,5.032694689662094,10.120669905061732
2025-10-07 18:30:34.431,5.9036983007918025,8.037416277535158,5.030246497446569,10.120669905061732
2025-10-07 18:30:34.642,5.991122455068762,8.094988281571204,5.036327491014163,10.120669905061732
2025-10-07 18:30:34.855,6.003995207685875,8.111335887655514,5.057097637874904,10.120669905061732
2025-10-07 18:30:35.067,5.953135988756912,8.01806766163827,4.946534118464115,10.120669905061732
2025-10-07 18:30:35.280,5.987805549486438,8.075007874134826,5.021638337721015,10.120669905061732
2025-10-07 18:30:35.491,5.916255157639171,8.074376082595336,5.0541756020047615,10.120669905061732
2025-10-07 18:30:35.703,5.992149116320434,8.085511408478851,5.019111171563054,10.120669905061732
2025-10-07 18:30:35.915,5.982514295343208,8.097752369556474,5.043198224006119,10.120669905061732
2025-10-07 18:30:36.126,5.995702943730066,8.05392183150434,4.95766944434763,10.120669905061732
2025-10-07 18:30:36.338,6.016236168763498,8.101069275138798,5.036643386783908,10.120669905061732
2025-10-07 18:30:36.550,5.9036983007918025,8.025175316457535,5.0138199174198235,10.120669905061732
2025-10-07 18:30:36.761,5.980066103127683,8.079272467026385,5.017610666656765,10.120669905061732
2025-10-07 18:30:36.973,5.958743138669888,8.10146414485098,5.0649950321185315,10.120669905061732
2025-10-07 18:30:37.185,5.98543633121335,8.071138150955449,4.96232890695137,10.120669905061732
2025-10-07 18:30:37.397,6.0009152239308605,8.095856994938003,5.027087539749118,10.120669905061732
2025-10-07 18:30:37.608,5.93323455526297,8.009696423740024,4.958143288002248,10.120669905061732
2025-10-07 18:30:37.820,5.991833220550689,8.07682427481086,5.020216806757162,10.120669905061732
2025-10-07 18:30:38.031,5.914833626675318,8.073507369228537,5.0578873772992665,10.120669905061732
2025-10-07 18:30:38.246,5.994202438823777,8.055501310353065,4.959959688678282,10.120669905061732
2025-10-07 18:30:38.459,5.999967536621625,8.084800642996925,5.019032197620618,10.120669905061732
2025-10-07 18:30:38.669,5.933076607378098,8.019805088371868,4.980334965826842,10.120669905061732
2025-10-07 18:30:38.882,5.989700924104909,8.095462125225822,5.039802344481359,10.120669905061732
2025-10-07 18:30:39.094,5.977933806681904,8.099568770232509,5.040907979675467,10.120669905061732
2025-10-07 18:30:39.306,5.9767491975453595,8.041049078887227,4.947639753658223,10.120669905061732
2025-10-07 18:30:39.518,6.0193951264609495,8.099489796290072,5.033879298798638,10.120669905061732
2025-10-07 18:30:39.729,5.930628415162573,8.019173296832378,4.992970796616646,10.120669905061732
2025-10-07 18:30:39.941,5.9781707285092125,8.082510398666273,5.023059868684868,10.120669905061732
2025-10-07 18:30:40.153,5.953293936641785,8.100279535714435,5.065152980003404,10.120669905061732
2025-10-07 18:30:40.365,5.997124474693919,8.093013933010297,4.9862580115095625,10.120669905061732
2025-10-07 18:30:40.575,6.0114187582748855,8.116390219971436,5.054096628062325,10.120669905061732
2025-10-07 18:30:40.786,5.993017829687233,8.04863057736111,4.955695095786723,10.120669905061732
2025-10-07 18:30:40.998,5.998861901427517,8.085906278191032,5.015004526556368,10.120669905061732
2025-10-07 18:30:41.210,5.916255157639171,8.037258329650285,5.030246497446569,10.120669905061732
2025-10-07 18:30:41.422,5.991754246608252,8.101937988505597,5.044303859200227,10.120669905061732
2025-10-07 18:30:41.632,5.918940271682004,8.076271457213807,5.043277197948555,10.120669905061732
2025-10-07 18:30:41.844,5.997519344406101,8.092224193585935,5.004895861924524,10.120669905061732
2025-10-07 18:30:42.056,5.99625576132712,8.100358509656871,5.033642376971329,10.120669905061732
2025-10-07 18:30:42.267,5.966403611086207,8.022490202414701,4.943217212881791,10.120669905061732
2025-10-07 18:30:42.479,6.008180826634998,8.09317188089517,5.037749021978016,10.120669905061732
2025-10-07 18:30:42.690,5.921467437839965,8.028650169924731,5.021559363778579,10.120669905061732
2025-10-07 18:30:42.901,5.979355337645757,8.077771962120096,5.018479380023564,10.120669905061732
2025-10-07 18:30:43.113,5.9491872916350985,8.100279535714435,5.0669693806794385,10.120669905061732
2025-10-07 18:30:43.325,5.99901984931239,8.08827549646412,4.978360617265935,10.120669905061732
2025-10-07 18:30:43.537,5.999335745082135,8.09064471473721,5.019269119447927,10.120669905061732
2025-10-07 18:30:43.748,5.9355247995936224,8.011828720185804,4.955379200016978,10.120669905061732
2025-10-07 18:30:43.960,6.004390077398057,8.089460105600665,5.038775683229687,10.120669905061732
2025-10-07 18:30:44.172,5.914596704848009,8.06813714114287,5.0408290057330305,10.120669905061732
2025-10-07 18:30:44.383,5.9829881389978254,8.081483737414601,5.013346073765206,10.120669905061732
2025-10-07 18:30:44.594,5.989385028335164,8.108808721497553,5.061125308939154,10.120669905061732
2025-10-07 18:30:44.806,5.998546005657772,8.078877597314204,4.969357587828199,10.120669905061732
2025-10-07 18:30:45.017,6.003363416146385,8.09167137598888,5.018163484253819,10.120669905061732
2025-10-07 18:30:45.229,5.911437747150558,8.012618459610167,4.987995438243161,10.120669905061732
2025-10-07 18:30:45.442,5.995860891614939,8.098226213211092,5.039170552941869,10.120669905061732
2025-10-07 18:30:45.654,5.9605595393459225,8.095225203398513,5.044382833142663,10.120669905061732
2025-10-07 18:30:45.866,5.982277373515899,8.046182385145585,4.9492982064493845,10.120669905061732
2025-10-07 18:30:46.078,6.000836249988424,8.08638012184565,5.017689640599201,10.120669905061732
2025-10-07 18:30:46.290,5.9116746689778665,8.010881032876568,4.9935236142137,10.120669905061732
2025-10-07 18:30:46.501,5.99625576132712,8.094751359743896,5.042645406409065,10.120669905061732
2025-10-07 18:30:46.713,5.970826151862639,8.108176929958063,5.065626823658022,10.120669905061732
2025-10-07 18:30:46.926,5.9829881389978254,8.054711570928703,4.951351528952728,10.120669905061732
2025-10-07 18:30:47.138,6.000599328161115,8.098147239268656,5.033089559374275,10.120669905061732
2025-10-07 18:30:47.350,5.925968952558833,8.024306603090736,5.014135813189569,10.120669905061732
2025-10-07 18:30:47.563,5.9804609728398646,8.067821245373125,4.9876795424734155,10.120669905061732
2025-10-07 18:30:47.776,6.002810598549331,8.092777011182989,5.027008565806682,10.120669905061732
2025-10-07 18:30:47.989,5.931655076414245,8.018383557408015,4.996998467680896,10.120669905061732
2025-10-07 18:30:48.202,5.990727585356581,8.087090887327577,5.0294567580222065,10.120669905061732
2025-10-07 18:30:48.413,5.954794441548074,8.093724698492224,5.046594103530879,10.120669905061732
2025-10-07 18:30:48.626,5.998703953542645,8.08022015433562,4.973938076489503,10.120669905061732
2025-10-07 18:30:48.837,6.014814637799645,8.110309226403842,5.046278207761134,10.120669905061732
2025-10-07 18:30:49.048,5.945949359995211,8.012460511725294,4.950956659240546,10.120669905061732
2025-10-07 18:30:49.261,5.984330696019242,8.076034535386498,5.024244477821412,10.120669905061732
2025-10-07 18:30:49.474,5.970431282150457,8.10486002437574,5.061994022305953,10.120669905061732
2025-10-07 18:30:49.686,5.980303024954992,8.050210056209835,4.950798711355674,10.120669905061732
2025-10-07 18:30:49.898,6.001073171815733,8.083695007802817,5.013661969534951,10.120669905061732
2025-10-07 18:30:50.111,5.901487030403587,8.02738658684575,5.022191155318069,10.120669905061732
2025-10-07 18:30:50.323,5.980934816494482,8.07832477971715,5.013661969534951,10.120669905061732
2025-10-07 18:30:50.536,6.012050549814376,8.115995350259254,5.054886367486688,10.120669905061732
2025-10-07 18:30:50.748,5.961586200597594,8.025096342515099,4.961381219642135,10.120669905061732
2025-10-07 18:30:50.960,5.987726575544002,8.073823264998282,5.023138842627304,10.120669905061732
2025-10-07 18:30:51.173,5.960085695691305,8.100674405426616,5.060335569514791,10.120669905061732
2025-10-07 18:30:51.386,5.995466021902757,8.074613004422645,4.968172978691655,10.120669905061732
2025-10-07 18:30:51.598,6.005100842879983,8.088196522521685,5.016978875117275,10.120669905061732
2025-10-07 18:30:51.810,5.908120841568234,8.01190769412824,4.997788207105259,10.120669905061732
2025-10-07 18:30:52.021,5.9980721620031545,8.092777011182989,5.042408484581756,10.120669905061732
2025-10-07 18:30:52.233,5.951714457793059,8.09103958444939,5.048410504206913,10.120669905061732
2025-10-07 18:30:52.445,5.981961477746154,8.076113509328934,4.972832441295395,10.120669905061732
2025-10-07 18:30:52.659,6.01386695049041,8.097515447729165,5.039328500826741,10.120669905061732
2025-10-07 18:30:52.871,5.918150532257641,8.033783476183089,5.030957262928496,10.120669905061732
2025-10-07 18:30:53.083,5.992543986032615,8.098384161095964,5.04019721419354,10.120669905061732
2025-10-07 18:30:53.295,6.004784947110238,8.115758428431946,5.057966351241703,10.120669905061732
2025-10-07 18:30:53.507,5.9781707285092125,8.031335283967564,4.9434541347091,10.120669905061732
2025-10-07 18:30:53.719,6.014340794145028,8.100990301196362,5.039170552941869,10.120669905061732
2025-10-07 18:30:53.930,5.922099229379455,8.028729143867167,5.023849608109231,10.120669905061732
2025-10-07 18:30:54.142,5.9747748489844525,8.078482727602022,5.023375764454613,10.120669905061732
2025-10-07 18:30:54.354,5.983461982652443,8.108729747555117,5.059229934320683,10.120669905061732
2025-10-07 18:30:54.568,5.966087715316462,8.021621489047902,4.94621822269437,10.120669905061732
2025-10-07 18:30:54.780,5.993886543054032,8.077140170580606,5.018795275793309,10.120669905061732
2025-10-07 18:30:54.991,5.91499157456019,8.057159763144227,5.0484894781493495,10.120669905061732
2025-10-07 18:30:55.203,5.984093774191933,8.082589372608709,5.016584005405093,10.120669905061732
2025-10-07 18:30:55.415,5.991912194493125,8.097910317441347,5.03830183957507,10.120669905061732
2025-10-07 18:30:55.627,5.990727585356581,8.046340333030457,4.9572745746354485,10.120669905061732
2025-10-07 18:30:55.839,6.015525403281572,8.099647744174945,5.03490596005031,10.120669905061732
2025-10-07 18:30:56.050,5.904961883870783,8.015382547595436,5.0067122626005585,10.120669905061732
2025-10-07 18:30:56.262,5.979434311588193,8.078561701544459,5.027087539749118,10.120669905061732
2025-10-07 18:30:56.475,5.993333725456978,8.115995350259254,5.0706811559739435,10.120669905061732
2025-10-07 18:30:56.684,5.97927636370332,8.077929910004968,5.008212767506848,10.120669905061732
2025-10-07 18:30:56.896,5.997124474693919,8.094751359743896,5.029535731964643,10.120669905061732
2025-10-07 18:30:57.108,5.974537927157144,8.02549121222728,4.956484835211086,10.120669905061732
2025-10-07 18:30:57.321,6.002573676722022,8.09167137598888,5.039723370538923,10.120669905061732
2025-10-07 18:30:57.532,5.909937242244268,8.064267417963492,5.040355162078413,10.120669905061732
2025-10-07 18:30:57.745,5.99965164085188,8.099805692059817,5.015636318095858,10.120669905061732
2025-10-07 18:30:57.954,5.977223041199977,8.110072304576533,5.060809413169409,10.120669905061732
2025-10-07 18:30:58.166,5.981171738321791,8.056606945547173,4.954352538765306,10.120669905061732
2025-10-07 18:30:58.379,5.99965164085188,8.085037564824233,5.0180845103113825,10.120669905061732
2025-10-07 18:30:58.591,5.905040857813219,8.016646130674417,5.007659949909794,10.120669905061732
2025-10-07 18:30:58.804,5.983935826307061,8.079035545199076,5.0018948521119455,10.120669905061732
2025-10-07 18:30:59.015,6.006364425958964,8.112599470734494,5.058045325184139,10.120669905061732
2025-10-07 18:30:59.226,5.9966506310393015,8.082905268378454,4.976781138417209,10.120669905061732
2025-10-07 18:30:59.438,6.018131543381969,8.105649763800102,5.037906969862888,10.120669905061732
2025-10-07 18:30:59.649,5.921546411782401,8.007643101236681,4.973227311007577,10.120669905061732
2025-10-07 18:30:59.862,5.979750207357938,8.079746310681003,5.0223491032029415,10.120669905061732
2025-10-07 18:31:00.073,5.95360983241153,8.0984631350384,5.0678380940462375,10.120669905061732
2025-10-07 18:31:00.287,5.997045500751483,8.057554632856409,4.958380209829556,10.120669905061732
2025-10-07 18:31:00.500,6.0071541653833265,8.093645724549788,5.043277197948555,10.120669905061732
2025-10-07 18:31:00.713,5.943106298067505,8.083300138090635,5.043435145833428,10.120669905061732
2025-10-07 18:31:00.926,5.981171738321791,8.054474649101394,4.953246903571198,10.120669905061732
2025-10-07 18:31:01.138,6.016157194821062,8.098936978693018,5.032062898122604,10.120669905061732
2025-10-07 18:31:01.351,5.918624375912259,8.041364974656972,5.038538761402378,10.120669905061732
2025-10-07 18:31:01.564,5.983383008710007,8.080930919817547,5.014135813189569,10.120669905061732
2025-10-07 18:31:01.776,6.01386695049041,8.11228357496475,5.0522012534438545,10.120669905061732
2025-10-07 18:31:01.989,5.957242633763599,8.023043020011755,4.965329916763949,10.120669905061732
2025-10-07 18:31:02.201,5.986305044580149,8.07745606635035,5.023375764454613,10.120669905061732
2025-10-07 18:31:02.414,5.95297804087204,8.087485757039758,5.045962311991389,10.120669905061732
2025-10-07 18:31:02.626,5.997835240175846,8.075955561444061,4.968804770231145,10.120669905061732
2025-10-07 18:31:02.839,5.999809588736753,8.078403753659586,5.014609656844186,10.120669905061732
2025-10-07 18:31:03.053,5.928890988428975,8.08298424232089,5.060335569514791,10.120669905061732
2025-10-07 18:31:03.265,5.982119425631026,8.077771962120096,4.983730845351602,10.120669905061732
2025-10-07 18:31:03.476,6.002652650664459,8.100042613887126,5.0351428818776185,10.120669905061732
2025-10-07 18:31:03.688,5.985752226983095,8.037890121189776,4.954826382419924,10.120669905061732
2025-10-07 18:31:03.899,6.013472080778229,8.079272467026385,5.033484429086457,10.120669905061732
2025-10-07 18:31:04.113,5.940263236139799,8.084721669054488,5.048568452091786,10.120669905061732
2025-10-07 18:31:04.327,5.989069132565419,8.057633606798845,4.959880714735846,10.120669905061732
2025-10-07 18:31:04.539,6.013472080778229,8.097752369556474,5.034826986107873,10.120669905061732
2025-10-07 18:31:04.751,5.907883919740925,8.022016358760084,5.0104240378950635,10.120669905061732
2025-10-07 18:31:04.963,5.9795922594730655,8.080615024047802,5.021006546181525,10.120669905061732
2025-10-07 18:31:05.174,5.9548734154905105,8.102569780045087,5.065310927888277,10.120669905061732
2025-10-07 18:31:05.386,5.99965164085188,8.08045707616293,4.969673483597944,10.120669905061732
2025-10-07 18:31:05.598,6.018684360979023,8.106360529282028,5.0402761881359766,10.120669905061732
2025-10-07 18:31:05.810,5.923283838515999,8.011512824416059,4.972674493410523,10.120669905061732
2025-10-07 18:31:06.021,5.98204045168859,8.074218134710463,5.022743972915123,10.120669905061732
2025-10-07 18:31:06.233,5.92794330111974,8.086932939442704,5.058993012493374,10.120669905061732
2025-10-07 18:31:06.445,5.998546005657772,8.088354470406557,4.980966757366332,10.120669905061732
2025-10-07 18:31:06.658,6.01663103847568,8.104544128605994,5.037906969862888,10.120669905061732
2025-10-07 18:31:06.870,5.917597714660587,8.009617449797588,4.981914444675567,10.120669905061732
2025-10-07 18:31:07.081,5.998940875369954,8.091592402046444,5.044698728912408,10.120669905061732
2025-10-07 18:31:07.293,5.936156591133113,8.090486766852337,5.061599152593772,10.120669905061732
2025-10-07 18:31:07.505,5.996808578924174,8.089933949255283,4.9981830768174405,10.120669905061732
2025-10-07 18:31:07.716,5.998546005657772,8.100358509656871,5.033484429086457,10.120669905061732
2025-10-07 18:31:07.928,5.9619810703097755,8.020278932026486,4.945112587500262,10.120669905061732
2025-10-07 18:31:08.139,6.014814637799645,8.100279535714435,5.0360115952444175,10.120669905061732
2025-10-07 18:31:08.351,5.9216253857248375,8.028571195982295,5.026771643979373,10.120669905061732
2025-10-07 18:31:08.563,5.976275353890742,8.075639665674316,5.0146886307866225,10.120669905061732
2025-10-07 18:31:08.777,6.016473090590807,8.11354715804373,5.049042295746403,10.120669905061732
2025-10-07 18:31:08.988,5.97738098908485,8.026280951651643,4.958380209829556,10.120669905061732
2025-10-07 18:31:09.202,5.980855842552046,8.079114519141513,5.020058858872289,10.120669905061732
2025-10-07 18:31:09.414,5.939868366427618,8.08361603386038,5.0470679471854965,10.120669905061732
2025-10-07 18:31:09.624,5.997677292290973,8.096014942822876,5.029140862252461,10.120669905061732
2025-10-07 18:31:09.837,6.0000465105640615,8.094830333686332,5.031352132640677,10.120669905061732
2025-10-07 18:31:10.048,5.967035402625697,8.022332254529829,4.946771040291424,10.120669905061732
2025-10-07 18:31:10.260,6.010786966735395,8.09317188089517,5.039328500826741,10.120669905061732
2025-10-07 18:31:10.472,5.9159392618694255,8.065846896812218,5.0536227844077075,10.120669905061732
2025-10-07 18:31:10.684,5.983619930537316,8.079825284623439,5.006001497118632,10.120669905061732
2025-10-07 18:31:10.896,5.9986249796002085,8.103833363124068,5.047699738724987,10.120669905061732
2025-10-07 18:31:11.111,5.905277779640528,8.022332254529829,5.022112181375633,10.120669905061732
2025-10-07 18:31:11.324,5.993254751514542,8.094830333686332,5.034037246683511,10.120669905061732
2025-10-07 18:31:11.535,5.999414719024571,8.112520496792058,5.058914038550938,10.120669905061732
2025-10-07 18:31:11.746,5.98267224322808,8.062924860942076,4.957511496462757,10.120669905061732
2025-10-07 18:31:11.960,5.99625576132712,8.080615024047802,5.0152414483836765,10.120669905061732
2025-10-07 18:31:12.172,5.913491069653901,8.059607955359752,5.048331530264477,10.120669905061732
2025-10-07 18:31:12.383,5.994676282478395,8.096172890707749,5.03830183957507,10.120669905061732
2025-10-07 18:31:12.595,5.978407650336521,8.096093916765312,5.043751041603173,10.120669905061732
2025-10-07 18:31:12.806,5.998703953542645,8.087564730982194,4.978992408805425,10.120669905061732
2025-10-07 18:31:13.017,6.017657699727351,8.106202581397156,5.040907979675467,10.120669905061732
2025-10-07 18:31:13.230,5.917597714660587,8.012065642013113,4.980098043999533,10.120669905061732
2025-10-07 18:31:13.443,5.980303024954992,8.081167841644856,5.018874249735745,10.120669905061732
2025-10-07 18:31:13.655,5.9739061356176535,8.108966669382426,5.067522198276492,10.120669905061732
2025-10-07 18:31:13.865,5.98756862765913,8.081246815587292,4.984441610833528,10.120669905061732
2025-10-07 18:31:14.076,5.994597308535958,8.088433444348993,5.025823956670138,10.120669905061732
2025-10-07 18:31:14.291,5.9202038547609845,8.037732173304903,5.038538761402378,10.120669905061732
2025-10-07 18:31:14.504,5.995466021902757,8.096962630132111,5.038222865632633,10.120669905061732
2025-10-07 18:31:14.715,6.001704963355223,8.115205610834892,5.060493517399664,10.120669905061732
2025-10-07 18:31:14.926,5.994755256420831,8.05392183150434,4.952773059916581,10.120669905061732
2025-10-07 18:31:15.140,5.993333725456978,8.077298118465478,5.022270129260505,10.120669905061732
2025-10-07 18:31:15.352,5.91562336609968,8.052342352655614,5.044303859200227,10.120669905061732
2025-10-07 18:31:15.563,5.9915173247809435,8.097120578016984,5.04019721419354,10.120669905061732
2025-10-07 18:31:15.775,5.980697894667173,8.09870005686571,5.0416977190998296,10.120669905061732
2025-10-07 18:31:15.987,5.977854832739467,8.031335283967564,4.944243874133463,10.120669905061732
2025-10-07 18:31:16.201,6.008496722404743,8.091987271758626,5.039170552941869,10.120669905061732
2025-10-07 18:31:16.412,5.91775566254546,8.068610984797488,5.054017654119889,10.120669905061732
2025-10-07 18:31:16.623,5.997519344406101,8.099015952635455,5.042013614869575,10.120669905061732
2025-10-07 18:31:16.835,5.982514295343208,8.098779030808146,5.048252556322041,10.120669905061732
2025-10-07 18:31:17.046,5.981803529861281,8.037653199362467,4.944322848075899,10.120669905061732
2025-10-07 18:31:17.260,6.0071541653833265,8.077377092407914,5.0355377515898,10.120669905061732
2025-10-07 18:31:17.473,5.922257177264328,8.078008883947405,5.057650455471958,10.120669905061732
2025-10-07 18:31:17.684,5.996492683154429,8.0912765062767,5.030404445331442,10.120669905061732
2025-10-07 18:31:17.895,5.9781707285092125,8.099884666002254,5.049200243631276,10.120669905061732
2025-10-07 18:31:18.106,5.983383008710007,8.047445968224565,4.94811359731284,10.120669905061732
2025-10-07 18:31:18.321,6.003995207685875,8.093329828780043,5.045488468336771,10.120669905061732
2025-10-07 18:31:18.533,5.931497128529372,8.086538069730523,5.059545830090428,10.120669905061732
2025-10-07 18:31:18.744,5.981250712264227,8.08361603386038,5.020848598296652,10.120669905061732
2025-10-07 18:31:18.955,5.981961477746154,8.103517467354322,5.052043305558982,10.120669905061732
2025-10-07 18:31:19.168,5.972405630711364,8.016251260962235,4.964066333684968,10.120669905061732
2025-10-07 18:31:19.383,5.979750207357938,8.081325789529728,5.019663989160108,10.120669905061732
2025-10-07 18:31:19.594,5.965219001949663,8.10486002437574,5.066337589139948,10.120669905061732
2025-10-07 18:31:19.805,5.985673253040659,8.080615024047802,4.985942115739817,10.120669905061732
2025-10-07 18:31:20.016,5.9952291000754485,8.093724698492224,5.028272148885662,10.120669905061732
2025-10-07 18:31:20.228,5.9818825038037176,8.042944453505697,4.960749428102645,10.120669905061732
2025-10-07 18:31:20.441,6.004548025282929,8.087959600694376,5.0394074747691775,10.120669905061732
2025-10-07 18:31:20.654,5.94555449028303,8.086853965500268,5.044540781027536,10.120669905061732
2025-10-07 18:31:20.866,6.00028343239137,8.092382141470807,4.988390307955342,10.120669905061732
2025-10-07 18:31:21.077,6.015525403281572,8.112441522849622,5.050937670364874,10.120669905061732
2025-10-07 18:31:21.290,5.928890988428975,8.008827710373225,4.966119656188312,10.120669905061732
2025-10-07 18:31:21.502,5.984725565731424,8.079351440968821,5.027245487633991,10.120669905061732
2025-10-07 18:31:21.711,5.923441786400872,8.02738658684575,5.020216806757162,10.120669905061732
2025-10-07 18:31:21.922,5.996808578924174,8.090486766852337,5.027166513691554,10.120669905061732
2025-10-07 18:31:22.133,5.919808985048803,8.070348411531086,5.041934640927138,10.120669905061732
2025-10-07 18:31:22.347,5.998940875369954,8.061898199690404,4.963118646375733,10.120669905061732
2025-10-07 18:31:22.558,6.022475110215964,8.109440513037043,5.0442248852577904,10.120669905061732
2025-10-07 18:31:22.770,5.930786363047446,8.012855381437475,4.956010991556468,10.120669905061732
2025-10-07 18:31:22.981,5.9886742628532375,8.074770952307517,5.020769624354216,10.120669905061732
2025-10-07 18:31:23.192,5.917834636487896,8.064899209502983,5.0570186639324675,10.120669905061732
2025-10-07 18:31:23.407,5.983067112940262,8.047919811879183,4.949693076161566,10.120669905061732
2025-10-07 18:31:23.619,5.999177797197262,8.087406783097322,5.018637327908436,10.120669905061732
2025-10-07 18:31:23.830,5.918308480142514,8.005589778733338,4.998262050759877,10.120669905061732
2025-10-07 18:31:24.044,5.979197389760884,8.082431424723836,5.023849608109231,10.120669905061732
2025-10-07 18:31:24.255,5.9776179109121585,8.109993330634097,5.066653484909693,10.120669905061732
2025-10-07 18:31:24.467,5.9994936929670075,8.07619248327137,4.970858092734488,10.120669905061732
2025-10-07 18:31:24.679,6.001625989412787,8.094277516089278,5.023138842627304,10.120669905061732
2025-10-07 18:31:24.890,5.9463442297073925,8.022253280587393,4.963671463972787,10.120669905061732
2025-10-07 18:31:25.101,6.002573676722022,8.085590382421287,5.042408484581756,10.120669905061732
2025-10-07 18:31:25.314,5.938920679118382,8.084642695112052,5.043356171890991,10.120669905061732
2025-10-07 18:31:25.525,5.981961477746154,8.07769298817766,4.98333597563942,10.120669905061732
2025-10-07 18:31:25.737,6.014577715972337,8.112599470734494,5.051727409789237,10.120669905061732
2025-10-07 18:31:25.949,5.96316567944632,8.026280951651643,4.960038662620718,10.120669905061732
2025-10-07 18:31:26.161,5.989700924104909,8.071611994610066,5.0209275722390885,10.120669905061732
2025-10-07 18:31:26.376,6.005495712592165,8.11291536650424,5.059703777975301,10.120669905061732
2025-10-07 18:31:26.589,5.983698904479752,8.034573215607452,4.956879704923267,10.120669905061732
2025-10-07 18:31:26.800,5.998782927485081,8.081799633184346,5.016978875117275,10.120669905061732
2025-10-07 18:31:27.011,5.914201835135827,8.01064411104926,4.985942115739817,10.120669905061732
2025-10-07 18:31:27.222,6.0014680415279145,8.085195512709106,5.034826986107873,10.120669905061732
2025-10-07 18:31:27.436,5.983067112940262,8.102806701872396,5.0470679471854965,10.120669905061732
2025-10-07 18:31:27.647,5.984330696019242,8.068374062970179,4.96232890695137,10.120669905061732
2025-10-07 18:31:27.858,6.006285452016527,8.094198542146842,5.027403435518863,10.120669905061732
2025-10-07 18:31:28.071,5.909542372532087,8.013882042689147,4.999999477493475,10.120669905061732
2025-10-07 18:31:28.283,5.998309083830463,8.090328818967464,5.039960292366231,10.120669905061732
2025-10-07 18:31:28.497,6.013314132893356,8.115047662950019,5.055755080853487,10.120669905061732
2025-10-07 18:31:28.708,5.974537927157144,8.025807107997025,4.945823352982188,10.120669905061732
2025-10-07 18:31:28.919,6.006364425958964,8.102964649757268,5.034984933992746,10.120669905061732
2025-10-07 18:31:29.130,5.9369463305574754,8.020278932026486,4.994076431810754,10.120669905061732
2025-10-07 18:31:29.342,5.987094784004512,8.070822255185703,5.022507051087814,10.120669905061732
2025-10-07 18:31:29.553,5.911437747150558,8.068295089027743,5.04232951063932,10.120669905061732
2025-10-07 18:31:29.765,6.002573676722022,8.095225203398513,5.010345063952627,10.120669905061732
2025-10-07 18:31:29.978,6.0193951264609495,8.119154307956705,5.055281237198869,10.120669905061732
2025-10-07 18:31:30.190,5.92857509265923,8.01064411104926,4.966514525900493,10.120669905061732
2025-10-07 18:31:30.401,6.002257780952277,8.089065235888484,5.042013614869575,10.120669905061732
2025-10-07 18:31:30.613,5.931497128529372,8.086538069730523,5.060098647687482,10.120669905061732
2025-10-07 18:31:30.826,5.998703953542645,8.085985252133469,4.977886773611317,10.120669905061732
2025-10-07 18:31:31.039,6.021132553194548,8.107703086303445,5.039486448711614,10.120669905061732
2025-10-07 18:31:31.251,5.909779294359396,8.015619469422745,5.008212767506848,10.120669905061732
2025-10-07 18:31:31.463,5.995466021902757,8.096093916765312,5.038617735344815,10.120669905061732
2025-10-07 18:31:31.674,5.940500157967108,8.0912765062767,5.063415553269806,10.120669905061732
2025-10-07 18:31:31.885,5.981171738321791,8.079114519141513,4.991786187480102,10.120669905061732
2025-10-07 18:31:32.098,6.022633058100837,8.114652793237838,5.048173582379604,10.120669905061732
2025-10-07 18:31:32.308,5.963876444928246,8.008669762488353,4.950403841643492,10.120669905061732
2025-10-07 18:31:32.523,5.981092764379355,8.078008883947405,5.020611676469343,10.120669905061732
2025-10-07 18:31:32.736,5.994044490938904,8.114257923525656,5.062625813845443,10.120669905061732
2025-10-07 18:31:32.947,6.000204458448934,8.070427385473522,4.960512506275336,10.120669905061732
2025-10-07 18:31:33.159,6.000678302103552,8.08764370492463,5.018795275793309,10.120669905061732
2025-10-07 18:31:33.371,5.925653056789088,8.024385577033172,5.021401415893706,10.120669905061732
2025-10-07 18:31:33.584,5.994834230363267,8.094988281571204,5.039249526884305,10.120669905061732
2025-10-07 18:31:33.796,5.97524869263907,8.096251864650185,5.043514119775864,10.120669905061732
2025-10-07 18:31:34.006,5.984567617846551,8.07066430730083,4.963197620318169,10.120669905061732
2025-10-07 18:31:34.218,6.01599924693619,8.10335951946945,5.039644396596486,10.120669905061732
2025-10-07 18:31:34.431,5.913175173884156,8.013961016631583,4.996603597968715,10.120669905061732
2025-10-07 18:31:34.643,5.976117406005869,8.085037564824233,5.027324461576427,10.120669905061732
2025-10-07 18:31:34.853,5.918466428027386,8.07279660374661,5.05591302873836,10.120669905061732
2025-10-07 18:31:35.064,5.99688755286661,8.094514437916587,5.033326481201584,10.120669905061732
2025-10-07 18:31:35.276,5.97927636370332,8.093487776664915,5.031431106583113,10.120669905061732
2025-10-07 18:31:35.490,5.941368871333907,8.020515853853794,4.970858092734488,10.120669905061732
2025-10-07 18:31:35.701,6.0064433999014,8.091750349931317,5.041618745157393,10.120669905061732
2025-10-07 18:31:35.912,5.905514701467837,8.037258329650285,5.026376774267192,10.120669905061732
2025-10-07 18:31:36.124,5.978565598221394,8.078877597314204,5.019269119447927,10.120669905061732
2025-10-07 18:31:36.335,5.955031363375383,8.092777011182989,5.050226904882948,10.120669905061732
2025-10-07 18:31:36.547,5.984093774191933,8.062293069402585,4.95703765280814,10.120669905061732
2025-10-07 18:31:36.759,6.016946934245425,8.106439503224465,5.042882328236374,10.120669905061732
2025-10-07 18:31:36.969,5.963718497043374,8.019647140486995,4.964303255512277,10.120669905061732
2025-10-07 18:31:37.181,5.996492683154429,8.075086848077262,5.020216806757162,10.120669905061732
2025-10-07 18:31:37.395,5.964587210410173,8.106439503224465,5.067522198276492,10.120669905061732
2025-10-07 18:31:37.606,6.0000465105640615,8.094119568204405,4.999209738069112,10.120669905061732
2025-10-07 18:31:37.817,5.993570647284287,8.097673395614038,5.039091578999432,10.120669905061732
2025-10-07 18:31:38.028,5.976433301775614,8.036468590225923,4.948508467025022,10.120669905061732
2025-10-07 18:31:38.239,6.019789996173131,8.098305187153528,5.034669038223001,10.120669905061732
2025-10-07 18:31:38.453,5.916097209754298,8.061029486323605,5.043040276121246,10.120669905061732
2025-10-07 18:31:38.665,5.985041461501169,8.079983232508312,5.012003516743789,10.120669905061732
2025-10-07 18:31:38.876,5.9957819176725025,8.11204665313744,5.062388892018134,10.120669905061732
2025-10-07 18:31:39.087,6.000441380276243,8.072638655861738,4.9658037604185665,10.120669905061732
2025-10-07 18:31:39.300,5.996097813442248,8.070980203070576,5.018795275793309,10.120669905061732
2025-10-07 18:31:39.515,5.947923708556118,8.086932939442704,5.043908989488045,10.120669905061732
2025-10-07 18:31:39.726,5.999730614794316,8.092855985125425,5.003948174615289,10.120669905061732
2025-10-07 18:31:39.937,5.994044490938904,8.101385170908543,5.041302849387648,10.120669905061732
2025-10-07 18:31:40.148,5.982119425631026,8.041759844369153,4.947797701543095,10.120669905061732
2025-10-07 18:31:40.359,6.01726283001517,8.092303167528371,5.0317470023528585,10.120669905061732
2025-10-07 18:31:40.572,5.9059885451224545,8.027860430500368,5.018005536368946,10.120669905061732
2025-10-07 18:31:40.784,5.995466021902757,8.092303167528371,5.041381823330084,10.120669905061732
2025-10-07 18:31:40.995,5.982277373515899,8.11204665313744,5.066337589139948,10.120669905061732
2025-10-07 18:31:41.208,5.981566608033972,8.052184404770742,4.9515094768376,10.120669905061732
2025-10-07 18:31:41.419,5.999809588736753,8.091355480219136,5.028351122828099,10.120669905061732
2025-10-07 18:31:41.632,5.919098219566877,8.042154714081335,5.036327491014163,10.120669905061732
2025-10-07 18:31:41.843,5.979987129185247,8.070427385473522,5.016189135692912,10.120669905061732
2025-10-07 18:31:42.054,5.927469457465122,8.077850936062532,5.043514119775864,10.120669905061732
2025-10-07 18:31:42.265,5.999335745082135,8.087327809154885,4.991628239595229,10.120669905061732
2025-10-07 18:31:42.479,6.02129050107942,8.11015127851897,5.045804364106516,10.120669905061732
2025-10-07 18:31:42.690,5.935287877766314,8.010723084991696,4.952931007801453,10.120669905061732
2025-10-07 18:31:42.903,5.996176787384684,8.096172890707749,5.0436720676607365,10.120669905061732
2025-10-07 18:31:43.115,5.968930777244168,8.104149258893813,5.062862735672752,10.120669905061732
2025-10-07 18:31:43.326,5.9986249796002085,8.078561701544459,4.9720427018710325,10.120669905061732
2025-10-07 18:31:43.540,6.02129050107942,8.104781050433303,5.035300829762491,10.120669905061732
2025-10-07 18:31:43.752,5.907015206374126,8.020357905968922,5.011371725204299,10.120669905061732
2025-10-07 18:31:43.963,5.998703953542645,8.093566750607351,5.042724380351501,10.120669905061732
2025-10-07 18:31:44.174,5.930470467277701,8.085985252133469,5.057571481529521,10.120669905061732
2025-10-07 18:31:44.385,5.98267224322808,8.07706119663817,4.987995438243161,10.120669905061732
2025-10-07 18:31:44.599,6.0043111034556205,8.08977600137041,5.017689640599201,10.120669905061732
2025-10-07 18:31:44.811,5.917281818890842,8.00977539768246,4.978202669381062,10.120669905061732
2025-10-07 18:31:45.022,5.991833220550689,8.07682427481086,5.023454738397049,10.120669905061732
2025-10-07 18:31:45.233,5.918940271682004,8.060397694784115,5.0525171492136,10.120669905061732
2025-10-07 18:31:45.446,5.999730614794316,8.091829323873753,4.990443630458685,10.120669905061732
2025-10-07 18:31:45.658,6.002099833067405,8.094988281571204,5.026534722152064,10.120669905061732
2025-10-07 18:31:45.869,5.975485614466379,8.037890121189776,4.95893302742661,10.120669905061732
2025-10-07 18:31:46.079,6.019237178576077,8.11015127851897,5.045567442279207,10.120669905061732
2025-10-07 18:31:46.290,5.933155581320534,8.008432840661044,4.971647832158851,10.120669905061732
2025-10-07 18:31:46.503,5.976354327833178,8.078640675486895,5.022270129260505,10.120669905061732
2025-10-07 18:31:46.715,5.970747177920202,8.10612360745472,5.066495537024821,10.120669905061732
2025-10-07 18:31:46.925,6.000520354218679,8.090249845025028,5.0175316927143285,10.120669905061732
2025-10-07 18:31:47.136,5.968851803301732,8.095462125225822,5.051648435846801,10.120669905061732
2025-10-07 18:31:47.347,6.000204458448934,8.07642940509868,4.968883744173581,10.120669905061732
2025-10-07 18:31:47.561,6.007628009037944,8.089854975312846,5.040039266308668,10.120669905061732
2025-10-07 18:31:47.773,5.905593675410273,8.042707531678388,5.02937778407977,10.120669905061732
2025-10-07 18:31:47.984,5.978407650336521,8.078561701544459,5.0203747546420345,10.120669905061732
2025-10-07 18:31:48.195,5.948713447980481,8.099252874462763,5.0686278334706,10.120669905061732
2025-10-07 18:31:48.406,5.985989148810404,8.065452027100037,4.958854053484174,10.120669905061732
2025-10-07 18:31:48.621,5.994834230363267,8.076271457213807,5.021480389836142,10.120669905061732
2025-10-07 18:31:48.833,5.907173154258999,8.04902544707329,5.030088549561697,10.120669905061732
2025-10-07 18:31:49.045,5.9804609728398646,8.080930919817547,5.022428077145378,10.120669905061732
2025-10-07 18:31:49.255,5.974537927157144,8.109914356691661,5.063810422981987,10.120669905061732
2025-10-07 18:31:49.468,5.997361396521228,8.053132092079977,4.959327897138792,10.120669905061732
2025-10-07 18:31:49.681,5.999730614794316,8.0823524507814,5.022980894742432,10.120669905061732
2025-10-07 18:31:49.892,5.918466428027386,8.026280951651643,5.015004526556368,10.120669905061732
2025-10-07 18:31:50.103,5.995544995845194,8.08827549646412,5.041144901502776,10.120669905061732
2025-10-07 18:31:50.317,5.995544995845194,8.092303167528371,5.030088549561697,10.120669905061732
2025-10-07 18:31:50.531,5.926916639868068,8.010091293452206,4.973385258892449,10.120669905061732
2025-10-07 18:31:50.743,6.002494702779586,8.093092906952734,5.042408484581756,10.120669905061732
2025-10-07 18:31:50.954,5.928338170831921,8.082115528954091,5.050147930940511,10.120669905061732
2025-10-07 18:31:51.165,5.985041461501169,8.082036555011655,5.00987122029801,10.120669905061732
2025-10-07 18:31:51.377,6.015209507511827,8.107150268706391,5.047462816897678,10.120669905061732
2025-10-07 18:31:51.592,5.9187823237971315,8.039864469750682,5.034984933992746,10.120669905061732
2025-10-07 18:31:51.804,5.977302015142413,8.080772971932674,5.024955243303339,10.120669905061732
2025-10-07 18:31:52.014,5.926363822271014,8.079035545199076,5.044382833142663,10.120669905061732
2025-10-07 18:31:52.225,6.000520354218679,8.0984631350384,5.033089559374275,10.120669905061732
2025-10-07 18:31:52.436,5.9829881389978254,8.094988281571204,5.039328500826741,10.120669905061732
2025-10-07 18:31:52.650,5.939315548830564,8.01253948566773,4.952615112031708,10.120669905061732
2025-10-07 18:31:52.862,6.001547015470351,8.093092906952734,5.044777702854844,10.120669905061732
2025-10-07 18:31:53.074,5.932444815838608,8.079746310681003,5.043435145833428,10.120669905061732
2025-10-07 18:31:53.286,6.000994197873297,8.094356490031714,5.005053809809397,10.120669905061732
2025-10-07 18:31:53.497,6.011813627987067,8.118443542474779,5.061994022305953,10.120669905061732
2025-10-07 18:31:53.709,5.971299995517256,8.025649160112152,4.945428483270007,10.120669905061732
2025-10-07 18:31:53.920,5.997677292290973,8.088196522521685,5.031668028410422,10.120669905061732
2025-10-07 18:31:54.132,5.926205874386142,8.027465560788187,5.030404445331442,10.120669905061732
2025-10-07 18:31:54.345,5.980381998897428,8.077377092407914,5.017452718771892,10.120669905061732
2025-10-07 18:31:54.556,5.986857862177203,8.100042613887126,5.034669038223001,10.120669905061732
2025-10-07 18:31:54.770,5.964271314640428,8.025807107997025,4.958617131656865,10.120669905061732
2025-10-07 18:31:54.982,6.004705973167802,8.088907288003611,5.041302849387648,10.120669905061732
2025-10-07 18:31:55.194,5.910726981668631,8.063714600366438,5.044145911315354,10.120669905061732
2025-10-07 18:31:55.406,5.99965164085188,8.096014942822876,5.018321432138691,10.120669905061732
2025-10-07 18:31:55.617,6.000441380276243,8.110230252461406,5.055755080853487,10.120669905061732
2025-10-07 18:31:55.829,5.990490663529272,8.042865479563261,4.959012001369047,10.120669905061732
2025-10-07 18:31:56.039,6.019000256748768,8.111809731310132,5.046594103530879,10.120669905061732
2025-10-07 18:31:56.251,5.919887958991239,8.005352856906029,4.984046741121347,10.120669905061732
2025-10-07 18:31:56.465,5.994755256420831,8.100753379369053,5.043987963430482,10.120669905061732
2025-10-07 18:31:56.674,5.920677698415602,8.074691978365081,5.058361220953884,10.120669905061732
2025-10-07 18:31:56.886,5.984014800249497,8.080615024047802,5.003790226730416,10.120669905061732
2025-10-07 18:31:57.096,5.979513285530629,8.098936978693018,5.0456464162216434,10.120669905061732
2025-10-07 18:31:57.308,5.98543633121335,8.06750534960338,4.96106532387239,10.120669905061732
2025-10-07 18:31:57.520,5.999730614794316,8.063793574308875,5.019269119447927,10.120669905061732
2025-10-07 18:31:57.735,5.962691835791702,8.101306196966107,5.065310927888277,10.120669905061732
2025-10-07 18:31:57.947,6.00028343239137,8.092698037240552,4.987758516415852,10.120669905061732
2025-10-07 18:31:58.158,6.002573676722022,8.097594421671602,5.032457767834785,10.120669905061732
2025-10-07 18:31:58.369,5.989858871989782,8.040259339462864,4.955616121844287,10.120669905061732
2025-10-07 18:31:58.581,6.012208497699248,8.08361603386038,5.0365644128414715,10.120669905061732
2025-10-07 18:31:58.794,5.918150532257641,8.071375072782757,5.042645406409065,10.120669905061732
2025-10-07 18:31:59.005,5.980934816494482,8.081246815587292,5.013504021650078,10.120669905061732
2025-10-07 18:31:59.217,6.007391087210635,8.114731767180274,5.058677116723629,10.120669905061732
2025-10-07 18:31:59.428,5.987805549486438,8.030308622715893,4.946928988176296,10.120669905061732
2025-10-07 18:31:59.643,5.983777878422188,8.077614014235223,5.020532702526907,10.120669905061732
2025-10-07 18:31:59.856,5.993333725456978,8.115995350259254,5.064521188463914,10.120669905061732
2025-10-07 18:32:00.068,5.999809588736753,8.063793574308875,4.961934037239189,10.120669905061732
2025-10-07 18:32:00.281,5.997440370463664,8.082510398666273,5.018795275793309,10.120669905061732
2025-10-07 18:32:00.492,5.922099229379455,8.020673801738667,5.001657930284637,10.120669905061732
2025-10-07 18:32:00.703,6.000125484506498,8.089302157715792,5.039328500826741,10.120669905061732
2025-10-07 18:32:00.916,5.966324637143771,8.09443546397415,5.044777702854844,10.120669905061732
2025-10-07 18:32:01.127,5.98417274813437,8.07090122912814,4.964856073109331,10.120669905061732
2025-10-07 18:32:01.338,6.016946934245425,8.113705105928602,5.056623794220286,10.120669905061732
2025-10-07 18:32:01.549,5.974695875042016,8.021858410875211,4.94621822269437,10.120669905061732
2025-10-07 18:32:01.763,5.997835240175846,8.094514437916587,5.043751041603173,10.120669905061732
2025-10-07 18:32:01.977,6.002573676722022,8.113942027755911,5.057650455471958,10.120669905061732
2025-10-07 18:32:02.188,5.9824353214007715,8.058502320165644,4.958143288002248,10.120669905061732
2025-10-07 18:32:02.399,6.019474100403386,8.106913346879082,5.036406464956599,10.120669905061732
2025-10-07 18:32:02.612,5.924626395537416,8.024780446745353,5.028430096770535,10.120669905061732
2025-10-07 18:32:02.824,5.97738098908485,8.079430414911258,5.020532702526907,10.120669905061732
2025-10-07 18:32:03.037,5.991280402953635,8.09783134349891,5.042171562754447,10.120669905061732
2025-10-07 18:32:03.248,5.999098823254826,8.078166831832277,4.972753467352959,10.120669905061732
2025-10-07 18:32:03.459,6.00983927942616,8.089302157715792,5.018716301850873,10.120669905061732
2025-10-07 18:32:03.672,5.911832616862739,8.010802058934132,5.0015789563422,10.120669905061732
2025-10-07 18:32:03.884,5.996413709211993,8.093961620319533,5.038064917747761,10.120669905061732
2025-10-07 18:32:04.097,6.006364425958964,8.11204665313744,5.061125308939154,10.120669905061732
2025-10-07 18:32:04.313,5.906462388777072,8.023753785493682,5.0152414483836765,10.120669905061732
2025-10-07 18:32:04.523,5.992070142377997,8.093645724549788,5.044777702854844,10.120669905061732
2025-10-07 18:32:04.733,5.920124880818548,8.03354655435578,5.027087539749118,10.120669905061732
2025-10-07 18:32:04.942,5.995544995845194,8.080536050105366,5.023138842627304,10.120669905061732
2025-10-07 18:32:05.152,5.919572063221494,8.010802058934132,4.976228320820155,10.120669905061732
2025-10-07 18:32:05.361,6.014024898375283,8.098936978693018,5.039881318423795,10.120669905061732
2025-10-07 18:32:05.571,5.948555500095608,8.022964046069319,4.967146317439983,10.120669905061732
2025-10-07 18:32:05.782,6.008970566059361,8.097673395614038,5.044066937372918,10.120669905061732
2025-10-07 18:32:05.992,5.928890988428975,8.026912743191133,5.006633288658122,10.120669905061732
2025-10-07 18:32:06.201,5.998546005657772,8.08448474722718,5.019663989160108,10.120669905061732
2025-10-07 18:32:06.411,5.942000662873397,8.016488182789544,4.949851024046438,10.120669905061732
2025-10-07 18:32:06.620,6.022159214446219,8.107150268706391,5.038064917747761,10.120669905061732
2025-10-07 18:32:06.830,5.977696884854595,8.036784485995668,4.953799721168252,10.120669905061732
2025-10-07 18:32:07.039,6.003521364031258,8.09530417734095,5.029535731964643,10.120669905061732
2025-10-07 18:32:07.249,5.995939865557375,8.058897189877825,4.966909395612674,10.120669905061732
2025-10-07 18:32:07.458,6.016315142705935,8.118285594589906,5.058835064608502,10.120669905061732
2025-10-07 18:32:07.668,5.984646591788987,8.07026943758865,4.965329916763949,10.120669905061732
2025-10-07 18:32:07.877,5.997677292290973,8.103201571584577,5.04232951063932,10.120669905061732
2025-10-07 18:32:08.088,6.0028895724917675,8.088749340118738,4.982467262272621,10.120669905061732
2025-10-07 18:32:08.297,6.006285452016527,8.11607432420169,5.064047344809296,10.120669905061732
2025-10-07 18:32:08.507,5.981487634091536,8.071927890379811,4.967936056864346,10.120669905061732
2025-10-07 18:32:08.717,5.996176787384684,8.117811750935289,5.066258615197512,10.120669905061732
2025-10-07 18:32:08.926,6.000125484506498,8.098779030808146,5.0266136960945005,10.120669905061732
2025-10-07 18:32:09.137,5.978249702451649,8.099647744174945,5.046831025358188,10.120669905061732
2025-10-07 18:32:09.346,5.985199409386041,8.077140170580606,4.991154395940612,10.120669905061732
2025-10-07 18:32:09.557,5.996808578924174,8.115126636892455,5.068943729240345,10.120669905061732
2025-10-07 18:32:09.767,5.999809588736753,8.092461115413244,4.9771760081293905,10.120669905061732
2025-10-07 18:32:09.979,6.023817667237381,8.11417894958322,5.053227914695526,10.120669905061732
2025-10-07 18:32:10.189,5.991280402953635,8.043023427448134,4.959801740793409,10.120669905061732
2025-10-07 18:32:10.401,5.9986249796002085,8.083221164148199,5.017373744829456,10.120669905061732
2025-10-07 18:32:10.613,5.906462388777072,8.037337303592722,5.029693679849515,10.120669905061732
2025-10-07 18:32:10.824,5.996808578924174,8.096330838592621,5.04572539016408,10.120669905061732
2025-10-07 18:32:11.036,5.9753276665815065,8.09806826532622,5.045962311991389,10.120669905061732
2025-10-07 18:32:11.247,5.988279393141056,8.081799633184346,4.985784167854945,10.120669905061732
2025-10-07 18:32:11.456,5.981645581976409,8.111177939770641,5.06673245885213,10.120669905061732
2025-10-07 18:32:11.666,5.999809588736753,8.088354470406557,5.006238418945941,10.120669905061732
2025-10-07 18:32:11.876,5.965771819546717,8.09806826532622,5.052043305558982,10.120669905061732
2025-10-07 18:32:12.086,5.981803529861281,8.08361603386038,5.023928582051667,10.120669905061732
2025-10-07 18:32:12.295,5.948239604325863,8.096093916765312,5.0655478497155855,10.120669905061732
2025-10-07 18:32:12.505,5.985515305155786,8.085353460593979,5.021006546181525,10.120669905061732
2025-10-07 18:32:12.715,5.928259196889485,8.078008883947405,5.045962311991389,10.120669905061732
2025-10-07 18:32:12.925,5.995702943730066,8.097278525901856,5.042882328236374,10.120669905061732
2025-10-07 18:32:13.135,5.9258899786163965,8.080693997990238,5.0635735011546785,10.120669905061732
2025-10-07 18:32:13.346,5.987015810062076,8.083458085975508,4.996840519796024,10.120669905061732
2025-10-07 18:32:13.558,6.000757276045988,8.099884666002254,5.03893363111456,10.120669905061732
2025-10-07 18:32:13.770,5.985910174867968,8.040022417635555,4.957511496462757,10.120669905061732
2025-10-07 18:32:13.980,6.006917243556018,8.095146229456077,5.025902930612574,10.120669905061732
2025-10-07 18:32:14.192,5.936788382672603,8.013092303264784,5.00031537326322,10.120669905061732
2025-10-07 18:32:14.402,5.999572666909444,8.084642695112052,5.02874599254028,10.120669905061732
2025-10-07 18:32:14.612,5.911911590805175,8.013487172976966,4.997393337393078,10.120669905061732
2025-10-07 18:32:14.824,5.997282422578792,8.094593411859023,5.0402761881359766,10.120669905061732
2025-10-07 18:32:15.035,5.936867356615039,8.090012923197719,5.067759120103801,10.120669905061732
2025-10-07 18:32:15.245,5.9790394418760116,8.082905268378454,5.024007555994103,10.120669905061732
2025-10-07 18:32:15.455,5.924705369479852,8.07769298817766,5.045172572567026,10.120669905061732
2025-10-07 18:32:15.665,5.998861901427517,8.09467238580146,5.0351428818776185,10.120669905061732
2025-10-07 18:32:15.877,5.98204045168859,8.100832353311489,5.054886367486688,10.120669905061732
2025-10-07 18:32:16.087,5.983698904479752,8.070111489703777,4.970858092734488,10.120669905061732
2025-10-07 18:32:16.298,6.009286461829106,8.115600480547073,5.061994022305953,10.120669905061732
2025-10-07 18:32:16.508,6.000757276045988,8.087801652809503,4.983020079869675,10.120669905061732
2025-10-07 18:32:16.718,6.012208497699248,8.099173900520327,5.044935650739717,10.120669905061732
2025-10-07 18:32:16.931,5.955268285202692,8.025412238284844,4.962170959066498,10.120669905061732
2025-10-07 18:32:17.142,5.997361396521228,8.08487961693936,5.020295780699598,10.120669905061732
2025-10-07 18:32:17.351,5.941763741046088,8.02083174962354,4.963039672433297,10.120669905061732
2025-10-07 18:32:17.561,6.018131543381969,8.10249080610265,5.039960292366231,10.120669905061732
2025-10-07 18:32:17.770,5.96656155897108,8.021700462990339,4.947165910003605,10.120669905061732
2025-10-07 18:32:17.980,6.004232129513184,8.094040594261969,5.027166513691554,10.120669905061732
2025-10-07 18:32:18.189,5.982356347458335,8.034573215607452,4.948666414909894,10.120669905061732
2025-10-07 18:32:18.399,6.004705973167802,8.09167137598888,5.026297800324755,10.120669905061732
2025-10-07 18:32:18.609,5.9980721620031545,8.054000805446776,4.958775079541738,10.120669905061732
2025-10-07 18:32:18.819,6.020421787712621,8.113468184101293,5.052675097098472,10.120669905061732
2025-10-07 18:32:19.029,5.979829181300374,8.051947482943433,4.9558530436715955,10.120669905061732
2025-10-07 18:32:19.238,5.9983880577729,8.10612360745472,5.046831025358188,10.120669905061732
2025-10-07 18:32:19.448,6.000757276045988,8.09190829781619,4.991865161422538,10.120669905061732
2025-10-07 18:32:19.657,6.002731624606895,8.115995350259254,5.064916058176095,10.120669905061732
2025-10-07 18:32:19.867,6.003126494319076,8.096014942822876,5.001815878169509,10.120669905061732
2025-10-07 18:32:20.077,5.980381998897428,8.100121587829562,5.044935650739717,10.120669905061732
2025-10-07 18:32:20.287,5.98204045168859,8.076271457213807,4.991075421998175,10.120669905061732
2025-10-07 18:32:20.497,6.003600337973694,8.116548167856308,5.061915048363517,10.120669905061732
2025-10-07 18:32:20.709,5.992701933917488,8.048709551303546,4.9586961055993015,10.120669905061732
2025-10-07 18:32:20.921,6.019000256748768,8.105333868030357,5.0416977190998296,10.120669905061732
2025-10-07 18:32:21.132,5.935050955939005,8.020989697508412,4.988785177667523,10.120669905061732
2025-10-07 18:32:21.345,5.979434311588193,8.080693997990238,5.023533712339486,10.120669905061732
2025-10-07 18:32:21.554,5.918545401969823,8.070743281243267,5.057729429414394,10.120669905061732
2025-10-07 18:32:21.765,5.994202438823777,8.093724698492224,5.037512100150707,10.120669905061732
2025-10-07 18:32:21.977,5.979750207357938,8.096488786477494,5.0422505366968835,10.120669905061732
2025-10-07 18:32:22.188,5.981724555918845,8.065531001042473,4.96382941185766,10.120669905061732
2025-10-07 18:32:22.401,6.004074181628312,8.085432434536415,5.020058858872289,10.120669905061732
2025-10-07 18:32:22.613,5.901487030403587,8.034652189549888,5.024244477821412,10.120669905061732
2025-10-07 18:32:22.825,5.9972034486363555,8.096014942822876,5.0416977190998296,10.120669905061732
2025-10-07 18:32:23.037,5.988437341025929,8.10146414485098,5.050937670364874,10.120669905061732
2025-10-07 18:32:23.247,5.982909165055389,8.079114519141513,5.006554314715686,10.120669905061732
2025-10-07 18:32:23.456,5.970984099747511,8.107861034188318,5.0698124426071445,10.120669905061732
2025-10-07 18:32:23.665,5.9943603867086495,8.100042613887126,5.045251546509462,10.120669905061732
2025-10-07 18:32:23.875,5.907015206374126,8.058660268050517,5.036880308611217,10.120669905061732
2025-10-07 18:32:24.084,5.982593269285644,8.07958836279613,5.024402425706285,10.120669905061732
2025-10-07 18:32:24.294,5.92115154207022,8.049183394958163,5.039644396596486,10.120669905061732
2025-10-07 18:32:24.503,6.004074181628312,8.09254008935568,5.041539771214957,10.120669905061732
2025-10-07 18:32:24.713,5.910016216186705,8.016883052501726,4.99755128527795,10.120669905061732
2025-10-07 18:32:24.923,6.004705973167802,8.092224193585935,5.0435930937183,10.120669905061732
2025-10-07 18:32:25.132,5.9278643271773035,8.021147645393285,5.000552295090529,10.120669905061732
2025-10-07 18:32:25.342,5.993649621226723,8.080930919817547,5.023612686281922,10.120669905061732
2025-10-07 18:32:25.552,5.926047926501269,8.01127590258875,4.968962718116018,10.120669905061732
2025-10-07 18:32:25.765,5.992543986032615,8.092382141470807,5.041302849387648,10.120669905061732
2025-10-07 18:32:25.975,5.932523789781044,8.088117548579248,5.062862735672752,10.120669905061732
2025-10-07 18:32:26.187,5.985594279098223,8.079430414911258,4.994629249407808,10.120669905061732
2025-10-07 18:32:26.400,6.016236168763498,8.106044633512283,5.041381823330084,10.120669905061732
2025-10-07 18:32:26.613,5.914043887250955,8.00938052797028,4.986810829106616,10.120669905061732
2025-10-07 18:32:26.826,5.997677292290973,8.082431424723836,4.993286692386391,10.120669905061732
2025-10-07 18:32:27.040,6.016946934245425,8.102569780045087,5.041302849387648,10.120669905061732
2025-10-07 18:32:27.253,5.911358773208121,8.014197938458892,5.000789216917838,10.120669905061732
2025-10-07 18:32:27.465,5.977459963027286,8.07619248327137,5.021164494066397,10.120669905061732
2025-10-07 18:32:27.676,5.968141037819805,8.107229242648827,5.068311937700855,10.120669905061732
2025-10-07 18:32:27.889,5.986384018522585,8.037969095132212,4.945981300867061,10.120669905061732
2025-10-07 18:32:28.104,5.982277373515899,8.075086848077262,5.017689640599201,10.120669905061732
2025-10-07 18:32:28.318,6.005021868937547,8.114494845352965,5.051411514019492,10.120669905061732
2025-10-07 18:32:28.531,5.9634026012736285,8.027307612903314,4.958380209829556,10.120669905061732
2025-10-07 18:32:28.742,5.9881214452561835,8.064662287675674,5.01516247444124,10.120669905061732
2025-10-07 18:32:28.958,6.011260810390013,8.111651783425259,5.0541756020047615,10.120669905061732
2025-10-07 18:32:29.172,5.941289897391471,8.019884062314304,4.983809819294038,10.120669905061732
2025-10-07 18:32:29.385,5.978407650336521,8.08022015433562,5.024481399648721,10.120669905061732
2025-10-07 18:32:29.596,5.95234624933255,8.087485757039758,5.041381823330084,10.120669905061732
2025-10-07 18:32:29.808,5.9983880577729,8.06071359055386,4.963355568203042,10.120669905061732
2025-10-07 18:32:30.022,6.00241572883715,8.08487961693936,5.019111171563054,10.120669905061732
2025-10-07 18:32:30.233,5.911358773208121,8.00788002306399,5.00094716480271,10.120669905061732
2025-10-07 18:32:30.444,5.994676282478395,8.096093916765312,5.041934640927138,10.120669905061732
2025-10-07 18:32:30.656,5.972168708884055,8.106360529282028,5.066653484909693,10.120669905061732
2025-10-07 18:32:30.868,5.998467031715336,8.080299128278057,4.975596529280665,10.120669905061732
2025-10-07 18:32:31.081,6.0227910059857095,8.107150268706391,5.039170552941869,10.120669905061732
2025-10-07 18:32:31.292,5.918545401969823,8.008116944891299,4.980492913711714,10.120669905061732
2025-10-07 18:32:31.504,5.981250712264227,8.082194502896527,5.031825976295295,10.120669905061732
2025-10-07 18:32:31.716,5.967588220222751,8.103438493411886,5.064363240579041,10.120669905061732
2025-10-07 18:32:31.928,5.984093774191933,8.070822255185703,4.96382941185766,10.120669905061732
2025-10-07 18:32:32.141,6.00241572883715,8.086538069730523,5.017689640599201,10.120669905061732
2025-10-07 18:32:32.352,5.945712438167902,8.020436879911358,4.975991398992846,10.120669905061732
2025-10-07 18:32:32.563,6.005969556246782,8.09317188089517,5.043040276121246,10.120669905061732
2025-10-07 18:32:32.774,5.903935222619111,8.053132092079977,5.036880308611217,10.120669905061732
2025-10-07 18:32:32.988,5.998309083830463,8.085906278191032,4.978202669381062,10.120669905061732
2025-10-07 18:32:33.200,6.020579735597494,8.092382141470807,5.031904950237731,10.120669905061732
2025-10-07 18:32:33.412,5.925416134961779,8.011433850473622,4.96572478647613,10.120669905061732
2025-10-07 18:32:33.624,5.9858312009255314,8.075718639616753,5.022743972915123,10.120669905061732
2025-10-07 18:32:33.835,5.9273115095802495,8.07958836279613,5.060414543457227,10.120669905061732
2025-10-07 18:32:34.050,5.9733533180205995,8.023753785493682,4.944401822018335,10.120669905061732
2025-10-07 18:32:34.262,5.9983880577729,8.0823524507814,5.018637327908436,10.120669905061732
2025-10-07 18:32:34.474,5.9187823237971315,8.054790544871139,5.046199233818697,10.120669905061732
2025-10-07 18:32:34.691,5.960243643576177,8.024069681263427,4.95830123588712,10.120669905061732
2025-10-07 18:32:34.903,5.987884523428875,8.073902238940718,5.023059868684868,10.120669905061732
2025-10-07 18:32:35.114,5.9193351413941855,8.045076749951477,5.040907979675467,10.120669905061732
2025-10-07 18:32:35.327,5.98480453967386,8.076745300868424,4.999920503551039,10.120669905061732
2025-10-07 18:32:35.539,6.008654670289616,8.111730757367695,5.052359201328727,10.120669905061732
2025-10-07 18:32:35.751,5.960085695691305,8.02209533270252,4.965329916763949,10.120669905061732
2025-10-07 18:32:35.963,5.9886742628532375,8.076745300868424,5.02408652993654,10.120669905061732
2025-10-07 18:32:36.175,5.908515711280415,8.059607955359752,5.038380813517506,10.120669905061732
2025-10-07 18:32:36.386,5.996808578924174,8.092066245701062,5.035379803704927,10.120669905061732
2025-10-07 18:32:36.600,6.020263839827749,8.107861034188318,5.036248517071726,10.120669905061732
2025-10-07 18:32:36.809,5.983619930537316,8.03844293878683,4.947639753658223,10.120669905061732
2025-10-07 18:32:37.021,6.014419768087464,8.097515447729165,5.037827995920452,10.120669905061732
2025-10-07 18:32:37.233,5.924152551882798,8.030071700888584,5.024876269360902,10.120669905061732
2025-10-07 18:32:37.445,5.978407650336521,8.07619248327137,5.022901920799995,10.120669905061732
2025-10-07 18:32:37.656,5.9440539853767405,8.087564730982194,5.046909999300624,10.120669905061732
2025-10-07 18:32:37.868,6.000520354218679,8.084958590881797,4.975675503223101,10.120669905061732
2025-10-07 18:32:38.083,5.9983880577729,8.07619248327137,5.021638337721015,10.120669905061732
2025-10-07 18:32:38.296,5.941684767103652,8.08424782539987,5.046752051415751,10.120669905061732
2025-10-07 18:32:38.507,6.0023367548947135,8.094830333686332,5.012951204053024,10.120669905061732
2025-10-07 18:32:38.719,6.0151305335693905,8.112994340446676,5.050542800652693,10.120669905061732
2025-10-07 18:32:38.930,5.981171738321791,8.023279941839064,4.9606704541602085,10.120669905061732
2025-10-07 18:32:39.145,5.985120435443605,8.077850936062532,5.0246393475335935,10.120669905061732
2025-10-07 18:32:39.357,5.978328676394085,8.112125627079877,5.068469885585728,10.120669905061732
2025-10-07 18:32:39.568,6.001862911240096,8.089697027427974,4.983572897466729,10.120669905061732
2025-10-07 18:32:39.779,6.02002691800044,8.112994340446676,5.055518159026178,10.120669905061732
2025-10-07 18:32:39.990,5.970115386380712,8.016014339134927,4.94471771778808,10.120669905061732
2025-10-07 18:32:40.205,5.978091754566776,8.075402743847008,5.021164494066397,10.120669905061732
2025-10-07 18:32:40.416,5.952504197217422,8.100990301196362,5.068075015873546,10.120669905061732
2025-10-07 18:32:40.627,6.000441380276243,8.095462125225822,5.023059868684868,10.120669905061732
2025-10-07 18:32:40.838,5.99159629872338,8.093961620319533,5.0379859438053245,10.120669905061732
2025-10-07 18:32:41.053,5.929680727853338,8.024069681263427,5.008607637219029,10.120669905061732
2025-10-07 18:32:41.264,5.995860891614939,8.095541099168258,5.046594103530879,10.120669905061732
2025-10-07 18:32:41.476,5.929127910256284,8.077535040292787,5.044303859200227,10.120669905061732
2025-10-07 18:32:41.685,5.980934816494482,8.079746310681003,5.02069065041178,10.120669905061732
2025-10-07 18:32:41.897,5.97801278062434,8.104070284951376,5.065468875773149,10.120669905061732
2025-10-07 18:32:42.111,5.95360983241153,8.01190769412824,4.94621822269437,10.120669905061732
2025-10-07 18:32:42.323,5.987410679774257,8.075323769904571,5.024481399648721,10.120669905061732
2025-10-07 18:32:42.534,5.919966932933676,8.061898199690404,5.050226904882948,10.120669905061732
2025-10-07 18:32:42.747,6.000125484506498,8.095225203398513,5.019821937044981,10.120669905061732
2025-10-07 18:32:42.958,5.9943603867086495,8.094830333686332,5.0280352270583535,10.120669905061732
2025-10-07 18:32:43.172,5.922809994861382,8.012302563840421,4.984441610833528,10.120669905061732
2025-10-07 18:32:43.383,5.989779898047345,8.075086848077262,5.025429086957956,10.120669905061732
2025-10-07 18:32:43.594,5.90693623243169,8.037179355707849,5.027324461576427,10.120669905061732
2025-10-07 18:32:43.806,5.998309083830463,8.093882646377097,5.0345900642805645,10.120669905061732
2025-10-07 18:32:44.019,6.0023367548947135,8.08977600137041,5.02258602503025,10.120669905061732
2025-10-07 18:32:44.232,5.921546411782401,8.009617449797588,4.976465242647464,10.120669905061732
2025-10-07 18:32:44.444,6.002810598549331,8.092777011182989,5.042013614869575,10.120669905061732
2025-10-07 18:32:44.655,5.928022275062176,8.078166831832277,5.059545830090428,10.120669905061732
2025-10-07 18:32:44.866,5.980224051012556,8.076982222695733,5.0104240378950635,10.120669905061732
2025-10-07 18:32:45.080,6.019553074345822,8.105412841972793,5.041302849387648,10.120669905061732
2025-10-07 18:32:45.291,5.956136998569491,8.02485942068779,4.972595519468086,10.120669905061732
2025-10-07 18:32:45.503,5.993096803629669,8.075007874134826,5.01919014550549,10.120669905061732
2025-10-07 18:32:45.717,5.955584180972437,8.091434454161572,5.050463826710256,10.120669905061732
2025-10-07 18:32:45.928,6.0014680415279145,8.089302157715792,4.982230340445312,10.120669905061732
2025-10-07 18:32:46.142,5.998230109888027,8.081167841644856,5.0195060412752355,10.120669905061732
2025-10-07 18:32:46.353,5.915860287926989,8.011512824416059,5.003553304903107,10.120669905061732
2025-10-07 18:32:46.564,5.998151135945591,8.086617043672959,5.040355162078413,10.120669905061732
2025-10-07 18:32:46.777,5.976354327833178,8.108492825727808,5.064758110291223,10.120669905061732
2025-10-07 18:32:46.988,6.0028895724917675,8.075797613559189,4.968962718116018,10.120669905061732
2025-10-07 18:32:47.201,6.016394116648371,8.094119568204405,5.022270129260505,10.120669905061732
2025-10-07 18:32:47.414,5.907646997913616,8.016962026444162,5.004895861924524,10.120669905061732
2025-10-07 18:32:47.624,5.997756266233409,8.090486766852337,5.042487458524192,10.120669905061732
2025-10-07 18:32:47.836,5.922652046976509,8.073823264998282,5.044777702854844,10.120669905061732
2025-10-07 18:32:48.047,6.002020859124968,8.08977600137041,4.99628770219897,10.120669905061732
2025-10-07 18:32:48.260,6.01789462155466,8.113231262273985,5.051174592192183,10.120669905061732
2025-10-07 18:32:48.471,5.97122102157482,8.023279941839064,4.9473238578884775,10.120669905061732
2025-10-07 18:32:48.682,6.000204458448934,8.082510398666273,5.018400406081128,10.120669905061732
2025-10-07 18:32:48.893,5.92517921313447,8.026675821363824,5.016031187808039,10.120669905061732
2025-10-07 18:32:49.105,5.988595288910801,8.068847906624796,5.003395357018235,10.120669905061732
2025-10-07 18:32:49.320,6.006127504131655,8.0984631350384,5.032536741777221,10.120669905061732
2025-10-07 18:32:49.531,5.975169718696634,8.031177336082692,4.957432522520321,10.120669905061732
2025-10-07 18:32:49.742,6.014814637799645,8.096014942822876,5.037275178323398,10.120669905061732
2025-10-07 18:32:49.953,5.907252128201435,8.020673801738667,5.016189135692912,10.120669905061732
2025-10-07 18:32:50.167,5.985357357270914,8.081878607126782,5.002921513363617,10.120669905061732
2025-10-07 18:32:50.380,6.021685370791602,8.117416881223107,5.055439185083742,10.120669905061732
2025-10-07 18:32:50.591,5.97185281311431,8.024701472802917,4.9450336135578254,10.120669905061732
2025-10-07 18:32:50.802,6.000678302103552,8.085669356363724,5.020216806757162,10.120669905061732
2025-10-07 18:32:51.014,5.922888968803818,8.061740251805531,5.052596123156036,10.120669905061732
2025-10-07 18:32:51.229,5.999098823254826,8.068689958739924,4.966198630130748,10.120669905061732
2025-10-07 18:32:51.443,6.012366445584121,8.092224193585935,5.0435930937183,10.120669905061732
2025-10-07 18:32:51.654,5.904961883870783,8.030861440312947,5.021559363778579,10.120669905061732
2025-10-07 18:32:51.865,5.997124474693919,8.094198542146842,5.040118240251104,10.120669905061732
2025-10-07 18:32:52.076,5.94152681921878,8.079351440968821,5.042882328236374,10.120669905061732
2025-10-07 18:32:52.290,5.98077686860961,8.033230658586035,4.947955649427968,10.120669905061732
2025-10-07 18:32:52.501,6.019474100403386,8.10146414485098,5.038222865632633,10.120669905061732
2025-10-07 18:32:52.712,5.943738089606995,8.021621489047902,4.97528063351092,10.120669905061732
2025-10-07 18:32:52.923,5.993412699399414,8.076903248753297,5.023849608109231,10.120669905061732
2025-10-07 18:32:53.134,5.910016216186705,8.05518541458332,5.0584401948963205,10.120669905061732
2025-10-07 18:32:53.348,6.003442390088821,8.095462125225822,4.990443630458685,10.120669905061732
2025-10-07 18:32:53.560,6.0066013477862725,8.092145219643498,5.028272148885662,10.120669905061732
2025-10-07 18:32:53.772,5.947528838843937,8.015461521537873,4.948982310679639,10.120669905061732
2025-10-07 18:32:53.983,6.015288481454263,8.094040594261969,5.038380813517506,10.120669905061732
2025-10-07 18:32:54.195,5.920835646300475,8.063556652481566,5.055518159026178,10.120669905061732
2025-10-07 18:32:54.407,5.987331705831821,8.076903248753297,4.989653891034322,10.120669905061732
2025-10-07 18:32:54.617,6.0023367548947135,8.11228357496475,5.063415553269806,10.120669905061732
2025-10-07 18:32:54.831,5.982830191112953,8.034257319837707,4.9572745746354485,10.120669905061732
2025-10-07 18:32:55.043,6.00983927942616,8.092461115413244,5.042487458524192,10.120669905061732
2025-10-07 18:32:55.255,5.922099229379455,8.074613004422645,5.060019673745046,10.120669905061732
2025-10-07 18:32:55.467,5.985673253040659,8.075639665674316,4.995734884601916,10.120669905061732
2025-10-07 18:32:55.678,6.003205468261513,8.112520496792058,5.063178631442497,10.120669905061732
2025-10-07 18:32:55.889,5.997519344406101,8.075797613559189,4.971647832158851,10.120669905061732
2025-10-07 18:32:56.101,6.016236168763498,8.09506725551364,5.030720341101187,10.120669905061732
2025-10-07 18:32:56.316,5.927627405349995,8.08361603386038,5.0584401948963205,10.120669905061732
2025-10-07 18:32:56.527,5.985989148810404,8.083458085975508,5.012951204053024,10.120669905061732
2025-10-07 18:32:56.737,5.945317568455721,8.082826294436018,5.045883338048952,10.120669905061732
2025-10-07 18:32:56.948,6.000520354218679,8.093724698492224,4.997867181047695,10.120669905061732
2025-10-07 18:32:57.160,6.023185875697891,8.106202581397156,5.0422505366968835,10.120669905061732
2025-10-07 18:32:57.374,5.907646997913616,8.03504705926207,5.032694689662094,10.120669905061732
2025-10-07 18:32:57.586,5.9980721620031545,8.093645724549788,5.036090569186854,10.120669905061732
2025-10-07 18:32:57.799,6.010313123080778,8.117179959395799,5.061125308939154,10.120669905061732
2025-10-07 18:32:58.011,5.977854832739467,8.026201977709206,4.944796691730517,10.120669905061732
2025-10-07 18:32:58.224,5.991122455068762,8.077929910004968,5.027640357346172,10.120669905061732
2025-10-07 18:32:58.435,5.9202038547609845,8.06008179901437,5.048252556322041,10.120669905061732
2025-10-07 18:32:58.646,5.982830191112953,8.080772971932674,5.023375764454613,10.120669905061732
2025-10-07 18:32:58.857,5.9525831711598585,8.092224193585935,5.050147930940511,10.120669905061732
2025-10-07 18:32:59.068,6.003600337973694,8.08701191338514,4.978992408805425,10.120669905061732
2025-10-07 18:32:59.281,6.020105891942876,8.096409812535057,5.0355377515898,10.120669905061732
2025-10-07 18:32:59.495,5.905198805698092,8.040180365520428,5.027008565806682,10.120669905061732
2025-10-07 18:32:59.707,5.993965516996468,8.0904077929099,5.02471832147603,10.120669905061732
2025-10-07 18:32:59.919,6.012761315296302,8.115758428431946,5.0605724913421,10.120669905061732
2025-10-07 18:33:00.130,5.9838568523646245,8.032361945219236,4.957906366174939,10.120669905061732
2025-10-07 18:33:00.344,6.008654670289616,8.092461115413244,5.041460797272521,10.120669905061732
2025-10-07 18:33:00.556,5.937262226327221,8.080930919817547,5.045409494394335,10.120669905061732
2025-10-07 18:33:00.769,5.986620940349894,8.051236717461506,4.952457164146836,10.120669905061732
2025-10-07 18:33:00.983,6.0085756963471795,8.096014942822876,5.040671057848158,10.120669905061732
2025-10-07 18:33:01.193,5.92983867573821,8.023043020011755,5.002921513363617,10.120669905061732
2025-10-07 18:33:01.405,5.985357357270914,8.076350431156243,5.0223491032029415,10.120669905061732
2025-10-07 18:33:01.617,5.970115386380712,8.10951948697948,5.071786791168051,10.120669905061732
2025-10-07 18:33:01.828,6.00304752037664,8.094909307628768,4.995418988832171,10.120669905061732
2025-10-07 18:33:02.039,5.995071152190576,8.096646734362366,5.037275178323398,10.120669905061732
2025-10-07 18:33:02.251,5.973669213790345,8.010723084991696,4.9450336135578254,10.120669905061732
2025-10-07 18:33:02.465,5.99562396978763,8.092461115413244,5.042013614869575,10.120669905061732
2025-10-07 18:33:02.676,5.934814034111696,8.085590382421287,5.051569461904364,10.120669905061732
2025-10-07 18:33:02.887,5.986305044580149,8.079746310681003,5.008449689334157,10.120669905061732
2025-10-07 18:33:03.098,6.000204458448934,8.111651783425259,5.063178631442497,10.120669905061732
2025-10-07 18:33:03.310,5.998861901427517,8.055580284295502,4.959722766850973,10.120669905061732
2025-10-07 18:33:03.523,5.995939865557375,8.07642940509868,5.024323451763848,10.120669905061732
2025-10-07 18:33:03.736,5.916729001293788,8.07216481220712,5.055755080853487,10.120669905061732
2025-10-07 18:33:03.947,6.0009152239308605,8.094040594261969,5.033642376971329,10.120669905061732
2025-10-07 18:33:04.159,5.997519344406101,8.098542108980837,5.0360115952444175,10.120669905061732
2025-10-07 18:33:04.371,5.989779898047345,8.037969095132212,4.959327897138792,10.120669905061732
2025-10-07 18:33:04.583,5.996492683154429,8.07556069173188,5.022980894742432,10.120669905061732
2025-10-07 18:33:04.795,5.907489050028744,8.045392645721222,5.0289039404251525,10.120669905061732
2025-10-07 18:33:05.007,5.998782927485081,8.093645724549788,5.035616725532236,10.120669905061732
2025-10-07 18:33:05.218,6.0014680415279145,8.112441522849622,5.0593089082631195,10.120669905061732
2025-10-07 18:33:05.430,5.983225060825134,8.029124013579349,4.946297196636806,10.120669905061732
2025-10-07 18:33:05.643,6.013787976547974,8.09530417734095,5.044382833142663,10.120669905061732
2025-10-07 18:33:05.855,5.921941281494583,8.053684909677031,5.0479366605522955,10.120669905061732
2025-10-07 18:33:06.067,5.983225060825134,8.076666326925988,5.011055829434554,10.120669905061732
2025-10-07 18:33:06.279,5.99965164085188,8.100832353311489,5.040118240251104,10.120669905061732
2025-10-07 18:33:06.491,5.989858871989782,8.04373419293006,4.958380209829556,10.120669905061732
2025-10-07 18:33:06.703,6.0043111034556205,8.081799633184346,5.020611676469343,10.120669905061732
2025-10-07 18:33:06.914,5.909621346474523,8.03015067483102,5.020058858872289,10.120669905061732
2025-10-07 18:33:07.126,5.996018839499811,8.094277516089278,5.040907979675467,10.120669905061732
2025-10-07 18:33:07.338,6.002099833067405,8.114257923525656,5.063178631442497,10.120669905061732
2025-10-07 18:33:07.549,6.002178807009841,8.082510398666273,4.971963727928596,10.120669905061732
2025-10-07 18:33:07.761,6.020421787712621,8.105412841972793,5.042882328236374,10.120669905061732
2025-10-07 18:33:07.974,5.915860287926989,8.011117954703877,4.9967615458535874,10.120669905061732
2025-10-07 18:33:08.186,5.9952291000754485,8.094909307628768,5.042171562754447,10.120669905061732
2025-10-07 18:33:08.397,5.968693855416859,8.104386180721121,5.066495537024821,10.120669905061732
2025-10-07 18:33:08.609,6.001073171815733,8.085827304248596,4.97994009611466,10.120669905061732
2025-10-07 18:33:08.820,6.020974605309675,8.116785089683617,5.053227914695526,10.120669905061732
2025-10-07 18:33:09.030,5.9852783833284775,8.057001815259355,4.956247913383777,10.120669905061732
2025-10-07 18:33:09.241,6.006996217498454,8.089618053485538,5.020295780699598,10.120669905061732
2025-10-07 18:33:09.452,5.949977031059461,8.02083174962354,4.975833451107974,10.120669905061732
2025-10-07 18:33:09.664,6.008259800577434,8.089933949255283,5.031431106583113,10.120669905061732
2025-10-07 18:33:09.876,5.913254147826592,8.065609974984909,5.041776693042266,10.120669905061732
2025-10-07 18:33:10.087,5.998309083830463,8.097436473786729,5.03680133466878,10.120669905061732
2025-10-07 18:33:10.299,6.003126494319076,8.110309226403842,5.053069966810654,10.120669905061732
2025-10-07 18:33:10.512,5.942711428355324,8.010802058934132,4.9558530436715955,10.120669905061732
2025-10-07 18:33:10.725,5.986384018522585,8.077219144523042,5.02195423349076,10.120669905061732
2025-10-07 18:33:10.936,5.925100239192034,8.073349421343664,5.05994069980261,10.120669905061732
2025-10-07 18:33:11.147,5.984014800249497,8.082194502896527,5.024007555994103,10.120669905061732
2025-10-07 18:33:11.358,5.973116396193291,8.090170871082591,5.0402761881359766,10.120669905061732
2025-10-07 18:33:11.573,5.940184262197363,8.022253280587393,4.9947871972926805,10.120669905061732
2025-10-07 18:33:11.786,5.994755256420831,8.091197532334263,5.040907979675467,10.120669905061732
2025-10-07 18:33:11.997,5.946502177592265,8.088828314061175,5.048963321803967,10.120669905061732
2025-10-07 18:33:12.208,6.000362406333807,8.095146229456077,5.015399396268549,10.120669905061732
2025-10-07 18:33:12.419,6.005574686534601,8.101780040620724,5.0522012534438545,10.120669905061732
2025-10-07 18:33:12.633,5.91838745408495,8.009064632200534,4.988390307955342,10.120669905061732
2025-10-07 18:33:12.846,5.99499217824814,8.094277516089278,5.041381823330084,10.120669905061732
2025-10-07 18:33:13.057,5.949424213462407,8.089697027427974,5.048647426034222,10.120669905061732
2025-10-07 18:33:13.269,5.9872527318893844,8.05945000747488,4.953167929628762,10.120669905061732
2025-10-07 18:33:13.484,6.010313123080778,8.090012923197719,5.040434136020849,10.120669905061732
2025-10-07 18:33:13.697,5.942395532585579,8.086222173960778,5.048963321803967,10.120669905061732
2025-10-07 18:33:13.908,5.987726575544002,8.079904258565875,4.984520584775964,10.120669905061732
2025-10-07 18:33:14.120,6.015288481454263,8.11228357496475,5.056149950565668,10.120669905061732
2025-10-07 18:33:14.331,5.997677292290973,8.054790544871139,4.963039672433297,10.120669905061732
2025-10-07 18:33:14.542,6.006364425958964,8.087485757039758,5.017768614541637,10.120669905061732
2025-10-07 18:33:14.755,5.905830597237582,8.025333264342407,5.024244477821412,10.120669905061732
2025-10-07 18:33:14.967,5.998151135945591,8.096409812535057,5.039960292366231,10.120669905061732
2025-10-07 18:33:15.177,5.956136998569491,8.089381131658229,5.045804364106516,10.120669905061732
2025-10-07 18:33:15.388,5.985357357270914,8.070585333358395,4.970305275137434,10.120669905061732
2025-10-07 18:33:15.602,6.019474100403386,8.09719955195942,5.035300829762491,10.120669905061732
2025-10-07 18:33:15.814,5.922809994861382,8.031967075507055,5.029930601676824,10.120669905061732
2025-10-07 18:33:16.026,5.981092764379355,8.083458085975508,5.023533712339486,10.120669905061732
2025-10-07 18:33:16.237,5.934656086226823,8.086617043672959,5.061520178651335,10.120669905061732
2025-10-07 18:33:16.448,5.999888562679189,8.082826294436018,4.976228320820155,10.120669905061732
2025-10-07 18:33:16.663,5.999335745082135,8.078482727602022,5.017689640599201,10.120669905061732
2025-10-07 18:33:16.874,5.913806965423646,8.014592808171074,4.997156415565769,10.120669905061732
2025-10-07 18:33:17.086,5.983067112940262,8.078245805774714,5.021243468008834,10.120669905061732
2025-10-07 18:33:17.296,5.924705369479852,8.075165822019699,5.049595113343457,10.120669905061732
2025-10-07 18:33:17.511,5.980934816494482,8.02738658684575,4.955063304247233,10.120669905061732
2025-10-07 18:33:17.725,6.003284442203949,8.093566750607351,5.040592083905722,10.120669905061732
2025-10-07 18:33:17.936,5.910411085898886,8.05455362304383,5.035616725532236,10.120669905061732
2025-10-07 18:33:18.147,5.997282422578792,8.086301147903214,5.037512100150707,10.120669905061732
2025-10-07 18:33:18.358,5.980381998897428,8.104307206778685,5.056939689990031,10.120669905061732
2025-10-07 18:33:18.572,5.963718497043374,8.013645120861838,4.94621822269437,10.120669905061732
2025-10-07 18:33:18.784,5.994913204305703,8.076666326925988,5.023533712339486,10.120669905061732
2025-10-07 18:33:18.995,5.923283838515999,8.040891131002354,5.03830183957507,10.120669905061732
2025-10-07 18:33:19.207,5.9818825038037176,8.07895657125664,5.021085520123961,10.120669905061732
2025-10-07 18:33:19.420,6.00304752037664,8.091118558391827,5.024323451763848,10.120669905061732
2025-10-07 18:33:19.635,5.922573073034073,8.041996766196462,5.045014624682153,10.120669905061732
2025-10-07 18:33:19.848,6.002731624606895,8.09317188089517,5.022112181375633,10.120669905061732
2025-10-07 18:33:20.059,6.006522373843836,8.115284584777328,5.061678126536208,10.120669905061732
2025-10-07 18:33:20.270,5.9881214452561835,8.056291049777428,4.955458173959414,10.120669905061732
2025-10-07 18:33:20.481,6.007943904807689,8.089381131658229,5.024481399648721,10.120669905061732
2025-10-07 18:33:20.694,5.933708398917588,8.022174306644956,5.003790226730416,10.120669905061732
2025-10-07 18:33:20.905,6.0057326344194735,8.09064471473721,5.0416977190998296,10.120669905061732
2025-10-07 18:33:21.117,5.943106298067505,8.09380367243466,5.06736425039162,10.120669905061732
2025-10-07 18:33:21.328,6.004784947110238,8.09719955195942,5.022191155318069,10.120669905061732
2025-10-07 18:33:21.540,5.993412699399414,8.098542108980837,5.044303859200227,10.120669905061732
2025-10-07 18:33:21.749,5.988516314968365,8.073270447401228,4.972674493410523,10.120669905061732
2025-10-07 18:33:21.961,6.02405458906469,8.106044633512283,5.044698728912408,10.120669905061732
2025-10-07 18:33:22.172,5.961823122424903,8.01656715673198,4.946060274809497,10.120669905061732
2025-10-07 18:33:22.385,5.989148106507855,8.072401734034429,5.022112181375633,10.120669905061732
2025-10-07 18:33:22.599,6.002494702779586,8.110230252461406,5.060019673745046,10.120669905061732
2025-10-07 18:33:22.812,5.986620940349894,8.035126033204506,4.9572745746354485,10.120669905061732
2025-10-07 18:33:23.023,6.000994197873297,8.081562711357037,5.02258602503025,10.120669905061732
2025-10-07 18:33:23.234,5.9202038547609845,8.020989697508412,5.018716301850873,10.120669905061732
2025-10-07 18:33:23.446,5.997756266233409,8.09103958444939,5.035695699474672,10.120669905061732
2025-10-07 18:33:23.661,6.00581160836191,8.095778020995567,5.02937778407977,10.120669905061732
2025-10-07 18:33:23.872,5.951240614138442,8.014434860286201,4.9501669198161835,10.120669905061732
2025-10-07 18:33:24.084,6.010550044908086,8.092855985125425,5.0422505366968835,10.120669905061732
2025-10-07 18:33:24.297,5.937341200269657,8.080930919817547,5.050700748537565,10.120669905061732
2025-10-07 18:33:24.508,5.984330696019242,8.07066430730083,4.9791503566902975,10.120669905061732
2025-10-07 18:33:24.723,6.016788986360552,8.07958836279613,5.035300829762491,10.120669905061732
2025-10-07 18:33:24.935,5.92051975053073,8.046103411203148,5.042882328236374,10.120669905061732
2025-10-07 18:33:25.146,5.984014800249497,8.081957581069219,5.023691660224358,10.120669905061732
2025-10-07 18:33:25.358,5.984962487558732,8.107624112361009,5.068232963758419,10.120669905061732
2025-10-07 18:33:25.570,5.9866999142923305,8.052184404770742,4.952694085974144,10.120669905061732
2025-10-07 18:33:25.783,5.998782927485081,8.079983232508312,5.022664998972687,10.120669905061732
2025-10-07 18:33:25.996,5.9207566723580385,8.058107450453463,5.048647426034222,10.120669905061732
2025-10-07 18:33:26.207,5.980855842552046,8.078087857889841,5.020532702526907,10.120669905061732
2025-10-07 18:33:26.419,5.983461982652443,8.098621082923273,5.046436155646006,10.120669905061732
2025-10-07 18:33:26.631,5.994518334593522,8.048551603418673,4.960275584448027,10.120669905061732
2025-10-07 18:33:26.843,6.014419768087464,8.09593596888044,5.041144901502776,10.120669905061732
2025-10-07 18:33:27.055,5.911832616862739,8.023911733378554,5.01579426598073,10.120669905061732
2025-10-07 18:33:27.266,5.994834230363267,8.091434454161572,5.039723370538923,10.120669905061732
2025-10-07 18:33:27.478,5.980697894667173,8.105965659569847,5.0612832568240265,10.120669905061732
2025-10-07 18:33:27.693,5.943185272009941,8.010881032876568,4.953404851456071,10.120669905061732
2025-10-07 18:33:27.905,5.990885533241453,8.076271457213807,5.024165503878976,10.120669905061732
2025-10-07 18:33:28.116,5.924152551882798,8.071769942494939,5.0593089082631195,10.120669905061732
2025-10-07 18:33:28.328,5.996097813442248,8.08448474722718,5.006554314715686,10.120669905061732
2025-10-07 18:33:28.539,5.981724555918845,8.085511408478851,5.031825976295295,10.120669905061732
2025-10-07 18:33:28.752,5.969009751186604,8.027228638960878,4.960749428102645,10.120669905061732
2025-10-07 18:33:28.964,6.010629018850523,8.0904077929099,5.0422505366968835,10.120669905061732
2025-10-07 18:33:29.176,5.905356753582964,8.050368004094707,5.039249526884305,10.120669905061732
2025-10-07 18:33:29.387,5.984330696019242,8.081404763472165,5.020453728584471,10.120669905061732
2025-10-07 18:33:29.599,5.983146086882698,8.083931929630126,5.03000957561926,10.120669905061732
2025-10-07 18:33:29.814,5.922573073034073,8.009459501912715,4.985863141797381,10.120669905061732
2025-10-07 18:33:30.026,5.997756266233409,8.093408802722479,5.04698897324306,10.120669905061732
2025-10-07 18:33:30.240,5.995702943730066,8.097278525901856,5.038617735344815,10.120669905061732
2025-10-07 18:33:30.451,5.981803529861281,8.03078246637051,4.951430502895164,10.120669905061732
2025-10-07 18:33:30.661,6.02192229261891,8.086617043672959,5.028430096770535,10.120669905061732
2025-10-07 18:33:30.875,5.921230516012656,8.048551603418673,5.047778712667423,10.120669905061732
2025-10-07 18:33:31.087,5.979750207357938,8.080930919817547,5.024402425706285,10.120669905061732
2025-10-07 18:33:31.298,5.972879474365982,8.104938998318175,5.066100667312639,10.120669905061732
2025-10-07 18:33:31.510,6.001073171815733,8.072401734034429,4.972358597640778,10.120669905061732
2025-10-07 18:33:31.722,6.004705973167802,8.089854975312846,5.016978875117275,10.120669905061732
2025-10-07 18:33:31.936,5.9063044408922,8.05242132659805,5.038143891690197,10.120669905061732
2025-10-07 18:33:32.147,5.996966526809047,8.09656776041993,5.0408290057330305,10.120669905061732
2025-10-07 18:33:32.358,5.967035402625697,8.098621082923273,5.054491497774507,10.120669905061732
2025-10-07 18:33:32.569,5.985989148810404,8.070111489703777,4.974569868028993,10.120669905061732
2025-10-07 18:33:32.784,6.014103872317719,8.088196522521685,5.03956542265405,10.120669905061732
2025-10-07 18:33:32.996,5.918071558315205,8.059765903244624,5.051648435846801,10.120669905061732
2025-10-07 18:33:33.209,6.006206478074091,8.09467238580146,5.0067122626005585,10.120669905061732
2025-10-07 18:33:33.420,6.00920748788667,8.115600480547073,5.067285276449184,10.120669905061732
2025-10-07 18:33:33.631,5.983698904479752,8.03907473032632,4.949219232506948,10.120669905061732
2025-10-07 18:33:33.845,6.004863921052674,8.089697027427974,5.045962311991389,10.120669905061732
2025-10-07 18:33:34.056,5.909305450704778,8.053211066022413,5.035853647359545,10.120669905061732
2025-10-07 18:33:34.268,6.002494702779586,8.093882646377097,5.031431106583113,10.120669905061732
2025-10-07 18:33:34.479,5.999335745082135,8.115758428431946,5.0655478497155855,10.120669905061732
2025-10-07 18:33:34.691,5.9790394418760116,8.003457482287558,4.945507457212443,10.120669905061732
2025-10-07 18:33:34.906,5.981724555918845,8.079746310681003,5.022112181375633,10.120669905061732
2025-10-07 18:33:35.119,5.999414719024571,8.112836392561803,5.068311937700855,10.120669905061732
2025-10-07 18:33:35.330,5.9852783833284775,8.061266408150914,4.9586961055993015,10.120669905061732
2025-10-07 18:33:35.542,6.00770698298038,8.085037564824233,5.017452718771892,10.120669905061732
2025-10-07 18:33:35.755,5.918545401969823,8.046814176685075,5.043119250063683,10.120669905061732
2025-10-07 18:33:35.967,6.000994197873297,8.090565740794773,5.034826986107873,10.120669905061732
2025-10-07 18:33:36.179,5.989385028335164,8.099647744174945,5.045251546509462,10.120669905061732
2025-10-07 18:33:36.391,5.996492683154429,8.04499777600904,4.9586961055993015,10.120669905061732
2025-10-07 18:33:36.603,6.019789996173131,8.090328818967464,5.038538761402378,10.120669905061732
2025-10-07 18:33:36.818,5.956610842224109,8.089065235888484,5.047857686609859,10.120669905061732
2025-10-07 18:33:37.029,5.984251722076806,8.072638655861738,4.972200649755905,10.120669905061732
2025-10-07 18:33:37.241,6.021685370791602,8.117100985453362,5.0550443153715605,10.120669905061732
2025-10-07 18:33:37.451,5.999177797197262,8.047998785821619,4.956326887326213,10.120669905061732
2025-10-07 18:33:37.663,6.003916233743439,8.08298424232089,5.01919014550549,10.120669905061732
2025-10-07 18:33:37.877,5.928022275062176,8.078798623371767,5.054333549889634,10.120669905061732
2025-10-07 18:33:38.088,5.983619930537316,8.079904258565875,5.018479380023564,10.120669905061732
2025-10-07 18:33:38.300,6.0128402892387385,8.115047662950019,5.059624804032865,10.120669905061732
2025-10-07 18:33:38.511,5.999256771139699,8.051394665346379,4.960986349929954,10.120669905061732
2025-10-07 18:33:38.723,6.002494702779586,8.075323769904571,5.017768614541637,10.120669905061732
2025-10-07 18:33:38.937,5.914754652732881,8.063003834884512,5.0456464162216434,10.120669905061732
2025-10-07 18:33:39.149,6.005258790764856,8.095462125225822,5.001657930284637,10.120669905061732
2025-10-07 18:33:39.360,6.0028895724917675,8.095620073110695,5.029614705907079,10.120669905061732
2025-10-07 18:33:39.573,5.936314539017985,8.008827710373225,4.963592490030351,10.120669905061732
2025-10-07 18:33:39.785,6.004863921052674,8.088907288003611,5.042408484581756,10.120669905061732
2025-10-07 18:33:39.998,5.978091754566776,8.111888705252568,5.07076012991638,10.120669905061732
2025-10-07 18:33:40.210,5.988358367083492,8.060160772956806,4.955458173959414,10.120669905061732
2025-10-07 18:33:40.422,6.016946934245425,8.103280545527014,5.041144901502776,10.120669905061732
2025-10-07 18:33:40.635,5.926758691983196,8.032361945219236,5.025666008785265,10.120669905061732
2025-10-07 18:33:40.846,5.980539946782301,8.077377092407914,5.0237706341667945,10.120669905061732
2025-10-07 18:33:41.058,5.968614881474423,8.091829323873753,5.043356171890991,10.120669905061732
2025-10-07 18:33:41.271,6.001389067585478,8.06600484469709,4.96785708292191,10.120669905061732
2025-10-07 18:33:41.482,6.025160224258798,8.109203591209734,5.039012605056996,10.120669905061732
2025-10-07 18:33:41.694,5.919651037163931,8.007485153351809,5.011371725204299,10.120669905061732
2025-10-07 18:33:41.908,6.0028895724917675,8.094751359743896,5.028509070712971,10.120669905061732
2025-10-07 18:33:42.120,5.991754246608252,8.095146229456077,5.04019721419354,10.120669905061732
2025-10-07 18:33:42.331,5.999335745082135,8.05794950256859,4.96509299493664,10.120669905061732
2025-10-07 18:33:42.544,6.0213694750218565,8.098936978693018,5.038143891690197,10.120669905061732
2025-10-07 18:33:42.754,5.915781313984553,8.00701130969719,5.023849608109231,10.120669905061732
2025-10-07 18:33:42.970,5.988437341025929,8.069716619991596,4.964145307627405,10.120669905061732
2025-10-07 18:33:43.181,6.019711022230695,8.112362548907186,5.053464836522835,10.120669905061732
2025-10-07 18:33:43.392,5.97461690109958,8.027228638960878,4.94748180577335,10.120669905061732
2025-10-07 18:33:43.603,6.005890582304346,8.085195512709106,5.018005536368946,10.120669905061732
2025-10-07 18:33:43.816,5.9202038547609845,8.056370023719865,5.051174592192183,10.120669905061732
2025-10-07 18:33:44.028,6.002178807009841,8.093645724549788,5.0266136960945005,10.120669905061732
2025-10-07 18:33:44.239,5.9739061356176535,8.095225203398513,5.054333549889634,10.120669905061732
2025-10-07 18:33:44.450,5.994755256420831,8.07492890019239,4.972595519468086,10.120669905061732
2025-10-07 18:33:44.662,6.023185875697891,8.102806701872396,5.038064917747761,10.120669905061732
2025-10-07 18:33:44.876,5.912938252056847,8.059686929302188,5.037038256496089,10.120669905061732
2025-10-07 18:33:45.088,5.985357357270914,8.078245805774714,5.006949184427867,10.120669905061732
2025-10-07 18:33:45.299,5.999414719024571,8.117179959395799,5.068075015873546,10.120669905061732
2025-10-07 18:33:45.510,6.004074181628312,8.080378102220493,4.974490894086557,10.120669905061732
2025-10-07 18:33:45.721,6.006522373843836,8.074691978365081,5.013504021650078,10.120669905061732
2025-10-07 18:33:45.935,5.92454742159498,8.033072710701163,5.030799315043623,10.120669905061732
2025-10-07 18:33:46.147,5.9983880577729,8.094119568204405,5.044698728912408,10.120669905061732
2025-10-07 18:33:46.360,6.010234149138341,8.114494845352965,5.060098647687482,10.120669905061732
2025-10-07 18:33:46.571,6.001941885182532,8.07769298817766,4.974253972259248,10.120669905061732
2025-10-07 18:33:46.780,5.996018839499811,8.097357499844293,5.045409494394335,10.120669905061732
2025-10-07 18:33:46.990,5.984251722076806,8.063003834884512,4.959643792908537,10.120669905061732
2025-10-07 18:33:47.202,6.026186885510469,8.113389210158857,5.04762076478255,10.120669905061732
2025-10-07 18:33:47.413,5.977538936969722,8.02675479530626,4.95553714790185,10.120669905061732
2025-10-07 18:33:47.623,6.005258790764856,8.08724883521245,5.023612686281922,10.120669905061732
2025-10-07 18:33:47.834,5.933392503147843,8.02762350867306,5.037827995920452,10.120669905061732
2025-10-07 18:33:48.050,6.00241572883715,8.085827304248596,4.97930830457517,10.120669905061732
2025-10-07 18:33:48.262,6.006285452016527,8.089539079543101,5.0209275722390885,10.120669905061732
2025-10-07 18:33:48.474,5.921546411782401,8.00977539768246,4.9819934186180035,10.120669905061732
2025-10-07 18:33:48.686,6.004942894995111,8.09254008935568,5.041776693042266,10.120669905061732
2025-10-07 18:33:48.900,5.990806559299017,8.099489796290072,5.041776693042266,10.120669905061732
2025-10-07 18:33:49.112,5.971694865229438,8.023279941839064,4.947165910003605,10.120669905061732
2025-10-07 18:33:49.323,6.02002691800044,8.10335951946945,5.043277197948555,10.120669905061732
2025-10-07 18:33:49.534,5.93473506016926,8.022174306644956,5.003395357018235,10.120669905061732
2025-10-07 18:33:49.746,5.98480453967386,8.075007874134826,5.025271139073084,10.120669905061732
2025-10-07 18:33:49.960,6.011260810390013,8.115047662950019,5.0593089082631195,10.120669905061732
2025-10-07 18:33:50.172,5.987015810062076,8.038127043017084,4.96232890695137,10.120669905061732
2025-10-07 18:33:50.383,6.003600337973694,8.090328818967464,5.0237706341667945,10.120669905061732
2025-10-07 18:33:50.594,5.945870386052775,8.021700462990339,4.979624200344915,10.120669905061732
2025-10-07 18:33:50.806,5.9881214452561835,8.064425365848365,5.018400406081128,10.120669905061732
2025-10-07 18:33:51.021,6.006838269613581,8.096093916765312,5.03214187206504,10.120669905061732
2025-10-07 18:33:51.233,5.957558529533344,8.026359925594079,4.967620161094601,10.120669905061732
2025-10-07 18:33:51.445,6.009365435771542,8.084089877514998,5.02811420100079,10.120669905061732
2025-10-07 18:33:51.657,5.909226476762342,8.058028476511026,5.045251546509462,10.120669905061732
2025-10-07 18:33:51.868,6.003995207685875,8.088117548579248,5.000236399320784,10.120669905061732
2025-10-07 18:33:52.083,6.018605387036587,8.103043623699705,5.039960292366231,10.120669905061732
2025-10-07 18:33:52.295,5.910884929553504,8.024938394630226,5.016741953289966,10.120669905061732
2025-10-07 18:33:52.508,5.9838568523646245,8.080378102220493,5.026771643979373,10.120669905061732
2025-10-07 18:33:52.719,5.995466021902757,8.113152288331548,5.0655478497155855,10.120669905061732
2025-10-07 18:33:52.930,5.987884523428875,8.054079779389212,4.953878695110689,10.120669905061732
2025-10-07 18:33:53.144,6.005100842879983,8.085037564824233,5.020848598296652,10.120669905061732
2025-10-07 18:33:53.355,5.926284848328578,8.027228638960878,5.0280352270583535,10.120669905061732
2025-10-07 18:33:53.567,6.000441380276243,8.098936978693018,5.045330520451898,10.120669905061732
2025-10-07 18:33:53.779,6.004942894995111,8.105728737742538,5.05314894075309,10.120669905061732
2025-10-07 18:33:53.994,5.9278643271773035,8.008195918833735,4.975201659568484,10.120669905061732
2025-10-07 18:33:54.206,5.991438350838507,8.076113509328934,5.027798305231045,10.120669905061732
2025-10-07 18:33:54.417,5.926363822271014,8.081404763472165,5.062546839903007,10.120669905061732
2025-10-07 18:33:54.629,6.004469051340493,8.092698037240552,5.019427067332799,10.120669905061732
2025-10-07 18:33:54.841,6.018684360979023,8.10525489408792,5.048094608437168,10.120669905061732
2025-10-07 18:33:55.055,5.925100239192034,8.031967075507055,5.034353142453256,10.120669905061732
2025-10-07 18:33:55.267,5.982514295343208,8.082036555011655,5.0251921651306475,10.120669905061732
2025-10-07 18:33:55.478,5.949345239519971,8.094514437916587,5.065942719427767,10.120669905061732
2025-10-07 18:33:55.690,6.003521364031258,8.092303167528371,5.0010261387451465,10.120669905061732
2025-10-07 18:33:55.900,5.997993188060718,8.101937988505597,5.043830015545609,10.120669905061732
2025-10-07 18:33:56.113,5.96719335051057,8.018304583465579,4.947086936061169,10.120669905061732
2025-10-07 18:33:56.326,6.005021868937547,8.093645724549788,5.044382833142663,10.120669905061732
2025-10-07 18:33:56.537,5.925495108904215,8.068689958739924,5.054491497774507,10.120669905061732
2025-10-07 18:33:56.747,5.982751217170517,8.079114519141513,5.024797295418466,10.120669905061732
2025-10-07 18:33:56.958,5.962375940021957,8.100990301196362,5.0621519701908255,10.120669905061732
2025-10-07 18:33:57.172,5.99901984931239,8.048156733706492,4.962170959066498,10.120669905061732
2025-10-07 18:33:57.383,6.003363416146385,8.088196522521685,5.0237706341667945,10.120669905061732
2025-10-07 18:33:57.594,5.931023284874755,8.01040718922195,4.972595519468086,10.120669905061732
2025-10-07 18:33:57.806,6.005495712592165,8.092382141470807,5.046752051415751,10.120669905061732
2025-10-07 18:33:58.017,5.9264427962134505,8.073349421343664,5.042408484581756,10.120669905061732
2025-10-07 18:33:58.232,5.985515305155786,8.040259339462864,4.952615112031708,10.120669905061732
2025-10-07 18:33:58.444,6.0242125369495625,8.104149258893813,5.0402761881359766,10.120669905061732
2025-10-07 18:33:58.655,5.933945320744897,8.021147645393285,5.002842539421181,10.120669905061732
2025-10-07 18:33:58.866,6.004153155570748,8.08827549646412,5.042487458524192,10.120669905061732
2025-10-07 18:33:59.080,6.01110286250514,8.114731767180274,5.063889396924424,10.120669905061732
2025-10-07 18:33:59.291,5.983304034767571,8.04499777600904,4.94961410221913,10.120669905061732
2025-10-07 18:33:59.504,6.004232129513184,8.084800642996925,5.023691660224358,10.120669905061732
2025-10-07 18:33:59.714,5.93599864324824,8.020436879911358,4.999288712011548,10.120669905061732
2025-10-07 18:33:59.926,5.991991168435561,8.073823264998282,5.022507051087814,10.120669905061732
2025-10-07 18:34:00.140,5.997519344406101,8.098147239268656,5.042882328236374,10.120669905061732
2025-10-07 18:34:00.354,5.961586200597594,8.022648150299574,4.96572478647613,10.120669905061732
2025-10-07 18:34:00.566,6.00304752037664,8.093724698492224,5.048173582379604,10.120669905061732
2025-10-07 18:34:00.778,5.9520303535628045,8.087169861270013,5.047383842955242,10.120669905061732
2025-10-07 18:34:00.989,6.001704963355223,8.08788062675194,5.006554314715686,10.120669905061732
2025-10-07 18:34:01.202,6.025239198201234,8.108097956015627,5.042487458524192,10.120669905061732
2025-10-07 18:34:01.414,5.924152551882798,8.007485153351809,4.979229330632734,10.120669905061732
2025-10-07 18:34:01.627,5.9838568523646245,8.077535040292787,5.022507051087814,10.120669905061732
2025-10-07 18:34:01.838,5.962928757619011,8.102964649757268,5.0712339735709975,10.120669905061732
2025-10-07 18:34:02.050,5.9895429762200365,8.070348411531086,4.96169711541188,10.120669905061732
2025-10-07 18:34:02.265,5.999256771139699,8.078640675486895,5.02535011301552,10.120669905061732
2025-10-07 18:34:02.476,5.9221782033218915,8.037495251477594,5.03830183957507,10.120669905061732
2025-10-07 18:34:02.689,6.004074181628312,8.093961620319533,5.021401415893706,10.120669905061732
2025-10-07 18:34:02.901,6.006127504131655,8.089460105600665,5.026929591864246,10.120669905061732
2025-10-07 18:34:03.116,5.919651037163931,8.05858129410808,5.052990992868217,10.120669905061732
2025-10-07 18:34:03.329,5.987805549486438,8.081167841644856,5.015399396268549,10.120669905061732
2025-10-07 18:34:03.540,6.00028343239137,8.112994340446676,5.064284266636605,10.120669905061732
2025-10-07 18:34:03.752,5.9983880577729,8.04183881831159,4.957432522520321,10.120669905061732
2025-10-07 18:34:03.966,5.989937845932218,8.07492890019239,5.029298810137334,10.120669905061732
2025-10-07 18:34:04.177,5.910490059841322,8.057159763144227,5.036090569186854,10.120669905061732
2025-10-07 18:34:04.389,6.002810598549331,8.095778020995567,5.0246393475335935,10.120669905061732
2025-10-07 18:34:04.601,6.021132553194548,8.109440513037043,5.041223875445212,10.120669905061732
2025-10-07 18:34:04.813,5.949345239519971,8.01064411104926,4.953088955686326,10.120669905061732
2025-10-07 18:34:05.026,6.006285452016527,8.09190829781619,5.044066937372918,10.120669905061732
2025-10-07 18:34:05.237,5.926758691983196,8.073823264998282,5.061046334996718,10.120669905061732
2025-10-07 18:34:05.447,5.983146086882698,8.079825284623439,5.026455748209628,10.120669905061732
2025-10-07 18:34:05.659,5.979197389760884,8.09783134349891,5.047778712667423,10.120669905061732
2025-10-07 18:34:05.871,6.002494702779586,8.055580284295502,4.962249933008934,10.120669905061732
2025-10-07 18:34:06.085,5.9986249796002085,8.078245805774714,5.02598190455501,10.120669905061732
2025-10-07 18:34:06.296,5.909858268301832,8.031572205794873,5.025587034842829,10.120669905061732
2025-10-07 18:34:06.508,5.9994936929670075,8.096093916765312,5.04019721419354,10.120669905061732
2025-10-07 18:34:06.720,6.010313123080778,8.113468184101293,5.058677116723629,10.120669905061732
2025-10-07 18:34:06.933,5.992701933917488,8.045392645721222,4.962013011181625,10.120669905061732
2025-10-07 18:34:07.144,6.008417748462307,8.082668346551145,5.020453728584471,10.120669905061732
2025-10-07 18:34:07.357,5.91901924562444,8.061582303920659,5.055439185083742,10.120669905061732
2025-10-07 18:34:07.569,6.003521364031258,8.093645724549788,5.030246497446569,10.120669905061732
2025-10-07 18:34:07.781,6.018289491266842,8.113310236216421,5.058914038550938,10.120669905061732
2025-10-07 18:34:07.993,5.96719335051057,8.01869945317776,4.948587440967458,10.120669905061732
2025-10-07 18:34:08.205,6.001152145758169,8.079193493083949,5.022428077145378,10.120669905061732
2025-10-07 18:34:08.415,5.928812014486539,8.024780446745353,5.021243468008834,10.120669905061732
2025-10-07 18:34:08.628,6.002810598549331,8.094830333686332,5.040434136020849,10.120669905061732
2025-10-07 18:34:08.840,5.990253741701963,8.100121587829562,5.049595113343457,10.120669905061732
2025-10-07 18:34:09.051,6.002968546434204,8.052816196310232,4.95893302742661,10.120669905061732
2025-10-07 18:34:09.266,6.005100842879983,8.092066245701062,5.048173582379604,10.120669905061732
2025-10-07 18:34:09.477,5.911990564747612,8.059765903244624,5.042092588812011,10.120669905061732
2025-10-07 18:34:09.689,5.987805549486438,8.080062206450748,5.014293761074441,10.120669905061732
2025-10-07 18:34:09.900,6.006048530189219,8.115126636892455,5.064521188463914,10.120669905061732
2025-10-07 18:34:10.111,5.990806559299017,8.050920821691761,4.952615112031708,10.120669905061732
2025-10-07 18:34:10.324,6.004390077398057,8.088354470406557,5.02471832147603,10.120669905061732
2025-10-07 18:34:10.535,5.937025304499912,8.020042010199177,5.002368695766563,10.120669905061732
2025-10-07 18:34:10.747,5.995939865557375,8.08487961693936,5.036090569186854,10.120669905061732
2025-10-07 18:34:10.959,5.978960467933575,8.088828314061175,5.036880308611217,10.120669905061732
2025-10-07 18:34:11.174,5.957242633763599,8.025017368572662,4.961934037239189,10.120669905061732
2025-10-07 18:34:11.385,6.015604377224008,8.093487776664915,5.043435145833428,10.120669905061732
2025-10-07 18:34:11.596,5.90693623243169,8.034020398010398,5.034511090338128,10.120669905061732
2025-10-07 18:34:11.808,6.002573676722022,8.097910317441347,5.0450935986245895,10.120669905061732
2025-10-07 18:34:12.020,5.994202438823777,8.092855985125425,5.032536741777221,10.120669905061732
2025-10-07 18:34:12.235,5.922888968803818,8.011749746243368,4.986021089682254,10.120669905061732
2025-10-07 18:34:12.446,6.004390077398057,8.088749340118738,5.045172572567026,10.120669905061732
2025-10-07 18:34:12.658,5.92983867573821,8.084010903572562,5.063494527212242,10.120669905061732
2025-10-07 18:34:12.870,5.990569637471708,8.077850936062532,4.993760536041009,10.120669905061732
2025-10-07 18:34:13.080,6.009523383656415,8.106676425051774,5.055439185083742,10.120669905061732
2025-10-07 18:34:13.294,5.953530858469094,8.02059482779623,4.9791503566902975,10.120669905061732
2025-10-07 18:34:13.507,5.98820041919862,8.078640675486895,5.027087539749118,10.120669905061732
2025-10-07 18:34:13.719,5.9440539853767405,8.085432434536415,5.048963321803967,10.120669905061732
2025-10-07 18:34:13.930,6.003205468261513,8.0904077929099,5.003000487306053,10.120669905061732
2025-10-07 18:34:14.142,6.010234149138341,8.08574833030616,5.023849608109231,10.120669905061732
2025-10-07 18:34:14.355,5.923994603997926,8.008037970948862,4.983809819294038,10.120669905061732
2025-10-07 18:34:14.566,6.006127504131655,8.095856994938003,5.048015634494732,10.120669905061732
2025-10-07 18:34:14.778,5.931813024299117,8.081246815587292,5.061362230766463,10.120669905061732
2025-10-07 18:34:14.989,6.000362406333807,8.096093916765312,5.037038256496089,10.120669905061732
2025-10-07 18:34:15.200,5.988911184680546,8.115205610834892,5.073050374247032,10.120669905061732
2025-10-07 18:34:15.409,5.989306054392728,8.070822255185703,4.979624200344915,10.120669905061732
2025-10-07 18:34:15.623,6.0213694750218565,8.112125627079877,5.051648435846801,10.120669905061732
2025-10-07 18:34:15.832,5.984962487558732,8.046024437260712,4.954194590880434,10.120669905061732
2025-10-07 18:34:16.043,6.02192229261891,8.095146229456077,5.0337213509137655,10.120669905061732
2025-10-07 18:34:16.256,5.9224151251492,8.04902544707329,5.048884347861531,10.120669905061732
2025-10-07 18:34:16.470,5.988437341025929,8.079509388853694,4.99691949373846,10.120669905061732
2025-10-07 18:34:16.680,5.982356347458335,8.09909492657789,5.048094608437168,10.120669905061732
2025-10-07 18:34:16.891,6.005574686534601,8.085037564824233,4.978123695438626,10.120669905061732
2025-10-07 18:34:17.102,6.023738693294945,8.102016962448033,5.0274824094612995,10.120669905061732
2025-10-07 18:34:17.316,5.910016216186705,8.030308622715893,5.023059868684868,10.120669905061732
2025-10-07 18:34:17.529,6.000125484506498,8.09317188089517,5.0355377515898,10.120669905061732
2025-10-07 18:34:17.740,5.99965164085188,8.117337907280671,5.068706807413037,10.120669905061732
2025-10-07 18:34:17.951,5.98883221073811,8.062529991229894,4.959959688678282,10.120669905061732
2025-10-07 18:34:18.163,6.007233139325763,8.087722678867067,5.024481399648721,10.120669905061732
2025-10-07 18:34:18.377,5.925100239192034,8.061740251805531,5.055202263256433,10.120669905061732
2025-10-07 18:34:18.589,5.984251722076806,8.080536050105366,5.018242458196255,10.120669905061732
2025-10-07 18:34:18.800,5.986226070637713,8.099252874462763,5.045330520451898,10.120669905061732
2025-10-07 18:34:19.012,6.002020859124968,8.067821245373125,4.969910405425253,10.120669905061732
2025-10-07 18:34:19.224,6.0242125369495625,8.102174910332906,5.039802344481359,10.120669905061732
2025-10-07 18:34:19.436,5.912464408402229,8.016883052501726,5.01176659491648,10.120669905061732
2025-10-07 18:34:19.650,6.002810598549331,8.094277516089278,5.024244477821412,10.120669905061732
2025-10-07 18:34:19.861,5.993254751514542,8.098542108980837,5.044382833142663,10.120669905061732
2025-10-07 18:34:20.072,5.993649621226723,8.041680870426717,4.957906366174939,10.120669905061732
2025-10-07 18:34:20.287,6.005100842879983,8.0904077929099,5.044698728912408,10.120669905061732
2025-10-07 18:34:20.499,5.969325646956349,8.092777011182989,5.049279217573712,10.120669905061732
2025-10-07 18:34:20.710,5.989937845932218,8.076508379041115,4.97930830457517,10.120669905061732
2025-10-07 18:34:20.921,6.016236168763498,8.113231262273985,5.057413533644649,10.120669905061732
2025-10-07 18:34:21.133,5.979355337645757,8.018620479235324,4.949693076161566,10.120669905061732
2025-10-07 18:34:21.347,5.983461982652443,8.081562711357037,5.029219836194898,10.120669905061732
2025-10-07 18:34:21.559,5.948397552210736,8.094040594261969,5.066811432794566,10.120669905061732
2025-10-07 18:34:21.768,5.999967536621625,8.093408802722479,5.04019721419354,10.120669905061732
2025-10-07 18:34:21.979,5.963639523100937,8.092619063298116,5.049674087285894,10.120669905061732
2025-10-07 18:34:22.191,5.988042471313747,8.028413248097422,4.945507457212443,10.120669905061732
2025-10-07 18:34:22.406,6.008733644232052,8.08977600137041,5.044145911315354,10.120669905061732
2025-10-07 18:34:22.618,5.91096390349594,8.057396684971536,5.039249526884305,10.120669905061732
2025-10-07 18:34:22.829,5.986147096695277,8.078719649429331,5.018400406081128,10.120669905061732
2025-10-07 18:34:23.040,6.002968546434204,8.112204601022313,5.066890406737002,10.120669905061732
2025-10-07 18:34:23.252,5.998861901427517,8.040575235232609,4.957748418290066,10.120669905061732
2025-10-07 18:34:23.467,5.9881214452561835,8.077614014235223,5.023296790512177,10.120669905061732
2025-10-07 18:34:23.680,5.977302015142413,8.108255903900499,5.068548859528164,10.120669905061732
2025-10-07 18:34:23.893,5.983383008710007,8.03078246637051,4.95703765280814,10.120669905061732
2025-10-07 18:34:24.105,6.015288481454263,8.094593411859023,5.043751041603173,10.120669905061732
2025-10-07 18:34:24.317,5.9250212652495975,8.06347767853913,5.056386872392977,10.120669905061732
2025-10-07 18:34:24.530,5.98756862765913,8.08448474722718,5.010266090010191,10.120669905061732
2025-10-07 18:34:24.741,6.002257780952277,8.097910317441347,5.039328500826741,10.120669905061732
2025-10-07 18:34:24.953,5.995387047960321,8.043813166872496,4.961776089354316,10.120669905061732
2025-10-07 18:34:25.164,6.018052569439533,8.081325789529728,5.0246393475335935,10.120669905061732
2025-10-07 18:34:25.379,5.946502177592265,8.08764370492463,5.050463826710256,10.120669905061732
2025-10-07 18:34:25.591,6.0085756963471795,8.095383151283386,4.997235389508205,10.120669905061732
2025-10-07 18:34:25.803,6.024923302431489,8.109835382749225,5.048805373919095,10.120669905061732
2025-10-07 18:34:26.014,5.945080646628412,8.013724094804275,4.955774069729159,10.120669905061732
2025-10-07 18:34:26.226,6.00028343239137,8.074770952307517,5.030088549561697,10.120669905061732
2025-10-07 18:34:26.440,5.994597308535958,8.110546148231151,5.064047344809296,10.120669905061732
2025-10-07 18:34:26.652,5.985752226983095,8.041128052829663,4.9530099817438895,10.120669905061732
2025-10-07 18:34:26.864,6.008733644232052,8.093487776664915,5.026534722152064,10.120669905061732
2025-10-07 18:34:27.074,5.9568477640514175,8.024069681263427,4.968251952634091,10.120669905061732
2025-10-07 18:34:27.286,6.008338774519871,8.083300138090635,5.042566432466629,10.120669905061732
2025-10-07 18:34:27.500,5.9980721620031545,8.11291536650424,5.06333657932737,10.120669905061732
2025-10-07 18:34:27.712,5.983935826307061,8.044050088699805,4.951904346549782,10.120669905061732
2025-10-07 18:34:27.924,6.008417748462307,8.090723688679645,5.022664998972687,10.120669905061732
2025-10-07 18:34:28.135,5.952425223274986,8.020989697508412,4.97528063351092,10.120669905061732
2025-10-07 18:34:28.346,5.990332715644399,8.073507369228537,5.025113191188211,10.120669905061732
2025-10-07 18:34:28.559,5.956768790108981,8.096646734362366,5.065468875773149,10.120669905061732
2025-10-07 18:34:28.770,6.004626999225366,8.095778020995567,5.010187116067755,10.120669905061732
2025-10-07 18:34:28.981,6.000441380276243,8.099647744174945,5.03893363111456,10.120669905061732
2025-10-07 18:34:29.193,5.983777878422188,8.017830739810961,4.949456154334257,10.120669905061732
2025-10-07 18:34:29.407,6.004469051340493,8.092777011182989,5.040592083905722,10.120669905061732
2025-10-07 18:34:29.619,5.945159620570848,8.084958590881797,5.0527540710409085,10.120669905061732
2025-10-07 18:34:29.830,5.988753236795674,8.079035545199076,4.983493923524293,10.120669905061732
2025-10-07 18:34:30.043,6.022001266561347,8.107545138418573,5.0456464162216434,10.120669905061732
2025-10-07 18:34:30.254,5.957400581648471,8.01656715673198,4.9990517901842395,10.120669905061732
2025-10-07 18:34:30.468,5.986620940349894,8.078719649429331,5.0246393475335935,10.120669905061732
2025-10-07 18:34:30.681,6.007785956922817,8.118443542474779,5.067917067988674,10.120669905061732
2025-10-07 18:34:30.892,6.00241572883715,8.066162792581963,4.965566838591258,10.120669905061732
2025-10-07 18:34:31.104,6.0043111034556205,8.086617043672959,5.021480389836142,10.120669905061732
2025-10-07 18:34:31.315,5.927627405349995,8.00977539768246,4.998656920472058,10.120669905061732
2025-10-07 18:34:31.529,5.998230109888027,8.09656776041993,5.043987963430482,10.120669905061732
2025-10-07 18:34:31.739,5.939710418542745,8.082826294436018,5.048805373919095,10.120669905061732
2025-10-07 18:34:31.950,5.988911184680546,8.077614014235223,5.0033163830757985,10.120669905061732
2025-10-07 18:34:32.161,6.011181836447577,8.120180969208377,5.069575520779836,10.120669905061732
2025-10-07 18:34:32.373,6.001547015470351,8.04649828091533,4.958617131656865,10.120669905061732
2025-10-07 18:34:32.585,6.0142618202025915,8.091513428104008,5.0456464162216434,10.120669905061732
2025-10-07 18:34:32.797,5.923994603997926,8.044839828124168,5.046752051415751,10.120669905061732
2025-10-07 18:34:33.009,5.986541966407458,8.078719649429331,5.0180845103113825,10.120669905061732
2025-10-07 18:34:33.221,5.984646591788987,8.095146229456077,5.041223875445212,10.120669905061732
2025-10-07 18:34:33.435,5.946502177592265,8.020436879911358,4.986021089682254,10.120669905061732
2025-10-07 18:34:33.647,5.9886742628532375,8.079746310681003,5.028272148885662,10.120669905061732
2025-10-07 18:34:33.859,5.930233545450392,8.07682427481086,5.0499110091132025,10.120669905061732
2025-10-07 18:34:34.070,6.002178807009841,8.096014942822876,5.012319412513534,10.120669905061732
2025-10-07 18:34:34.281,6.019474100403386,8.10486002437574,5.048331530264477,10.120669905061732
2025-10-07 18:34:34.495,5.934498138341951,8.009933345567333,4.967067343497547,10.120669905061732
2025-10-07 18:34:34.708,5.999809588736753,8.094040594261969,5.0416977190998296,10.120669905061732
2025-10-07 18:34:34.925,6.021053579252111,8.098147239268656,5.038617735344815,10.120669905061732
2025-10-07 18:34:35.136,5.914043887250955,8.014829729998382,4.999446659896421,10.120669905061732
2025-10-07 18:34:35.347,5.992307064205306,8.065057157387855,5.01453068290175,10.120669905061732
2025-10-07 18:34:35.562,6.015288481454263,8.106676425051774,5.050147930940511,10.120669905061732
2025-10-07 18:34:35.775,5.944448855088922,8.010328215279515,4.953720747225816,10.120669905061732
2025-10-07 18:34:35.986,5.996492683154429,8.078482727602022,5.0274824094612995,10.120669905061732
2025-10-07 18:34:36.197,5.925100239192034,8.042944453505697,5.038775683229687,10.120669905061732
2025-10-07 18:34:36.408,6.00028343239137,8.0904077929099,5.03956542265405,10.120669905061732
2025-10-07 18:34:36.622,6.023264849640327,8.113863053813475,5.052359201328727,10.120669905061732
2025-10-07 18:34:36.834,5.972010760999183,8.024306603090736,4.961618141469444,10.120669905061732
2025-10-07 18:34:37.047,5.989621950162473,8.078798623371767,5.024244477821412,10.120669905061732
2025-10-07 18:34:37.259,5.967114376568134,8.099568770232509,5.060493517399664,10.120669905061732
2025-10-07 18:34:37.473,5.995939865557375,8.040812157059918,4.958617131656865,10.120669905061732
2025-10-07 18:34:37.685,5.997440370463664,8.077771962120096,5.024560373591157,10.120669905061732
2025-10-07 18:34:37.899,5.944685776916231,8.082273476838964,5.0484894781493495,10.120669905061732
2025-10-07 18:34:38.111,6.004153155570748,8.085827304248596,4.9800190700570965,10.120669905061732
2025-10-07 18:34:38.324,6.01260336741143,8.088670366176302,5.021401415893706,10.120669905061732
2025-10-07 18:34:38.536,5.919098219566877,8.01277640749504,4.998656920472058,10.120669905061732
2025-10-07 18:34:38.749,6.000678302103552,8.095778020995567,5.04232951063932,10.120669905061732
2025-10-07 18:34:38.960,5.967983089934933,8.104386180721121,5.073287296074341,10.120669905061732
2025-10-07 18:34:39.171,5.989306054392728,8.073191473458792,4.968962718116018,10.120669905061732
2025-10-07 18:34:39.384,6.00707519144089,8.073981212883155,5.0274824094612995,10.120669905061732
2025-10-07 18:34:39.598,5.9244684476525435,8.071059177013012,5.056228924508105,10.120669905061732
2025-10-07 18:34:39.809,5.9818825038037176,8.078245805774714,5.026771643979373,10.120669905061732
2025-10-07 18:34:40.020,5.975011770811761,8.098542108980837,5.051490487961928,10.120669905061732
2025-10-07 18:34:40.231,6.004784947110238,8.089618053485538,4.988627229782651,10.120669905061732
2025-10-07 18:34:40.442,6.020342813770185,8.106202581397156,5.052990992868217,10.120669905061732
2025-10-07 18:34:40.655,5.94681807336201,8.019647140486995,4.989732864976759,10.120669905061732
2025-10-07 18:34:40.867,5.9943603867086495,8.076113509328934,5.029219836194898,10.120669905061732
2025-10-07 18:34:41.078,5.932286867953735,8.084563721169616,5.064916058176095,10.120669905061732
2025-10-07 18:34:41.291,6.0043111034556205,8.092619063298116,5.007896871737103,10.120669905061732
2025-10-07 18:34:41.502,6.020895631367239,8.111730757367695,5.052596123156036,10.120669905061732
2025-10-07 18:34:41.715,5.933155581320534,8.009854371624897,4.967383239267292,10.120669905061732
2025-10-07 18:34:41.926,5.993570647284287,8.07769298817766,5.028824966482716,10.120669905061732
2025-10-07 18:34:42.137,5.926205874386142,8.046419306972894,5.045014624682153,10.120669905061732
2025-10-07 18:34:42.349,5.999888562679189,8.094040594261969,5.0435930937183,10.120669905061732
2025-10-07 18:34:42.561,5.991991168435561,8.11291536650424,5.066495537024821,10.120669905061732
2025-10-07 18:34:42.773,5.987410679774257,8.045708541490967,4.953088955686326,10.120669905061732
2025-10-07 18:34:42.984,6.008259800577434,8.09064471473721,5.024876269360902,10.120669905061732
2025-10-07 18:34:43.195,5.950134978944334,8.022490202414701,4.981124705251204,10.120669905061732
2025-10-07 18:34:43.406,6.012998237123611,8.079193493083949,5.039960292366231,10.120669905061732
2025-10-07 18:34:43.621,5.999967536621625,8.11228357496475,5.064758110291223,10.120669905061732
2025-10-07 18:34:43.833,5.987331705831821,8.047919811879183,4.955142278189669,10.120669905061732
2025-10-07 18:34:44.044,6.010629018850523,8.093487776664915,5.028193174943226,10.120669905061732
2025-10-07 18:34:44.255,5.955189311260256,8.023911733378554,4.970542196964743,10.120669905061732
2025-10-07 18:34:44.466,6.012998237123611,8.086301147903214,5.043514119775864,10.120669905061732
2025-10-07 18:34:44.680,5.955584180972437,8.088117548579248,5.047304869012805,10.120669905061732
2025-10-07 18:34:44.892,5.9900957938170905,8.073823264998282,4.9757544771655375,10.120669905061732
2025-10-07 18:34:45.104,6.011971575871939,8.096962630132111,5.029061888310025,10.120669905061732
2025-10-07 18:34:45.315,5.953057014814476,8.014513834228637,4.9521412683770905,10.120669905061732
2025-10-07 18:34:45.525,6.016710012418116,8.097752369556474,5.0436720676607365,10.120669905061732
2025-10-07 18:34:45.738,5.915307470329935,8.062687939114767,5.041618745157393,10.120669905061732
2025-10-07 18:34:45.950,5.988279393141056,8.071769942494939,4.99012773468894,10.120669905061732
2025-10-07 18:34:46.162,6.023343823582763,8.11607432420169,5.055992002680796,10.120669905061732
2025-10-07 18:34:46.373,5.99688755286661,8.040733183117482,4.960907375987517,10.120669905061732
2025-10-07 18:34:46.586,5.998230109888027,8.082194502896527,5.027403435518863,10.120669905061732
2025-10-07 18:34:46.796,5.940816053736853,8.019094322889941,4.996524624026279,10.120669905061732
2025-10-07 18:34:47.008,5.997914214118282,8.08701191338514,5.041776693042266,10.120669905061732
2025-10-07 18:34:47.221,5.977775858797031,8.095541099168258,5.048568452091786,10.120669905061732
2025-10-07 18:34:47.432,5.989069132565419,8.045313671778786,4.9535627993409435,10.120669905061732
2025-10-07 18:34:47.646,6.018763334921459,8.09530417734095,5.040355162078413,10.120669905061732
2025-10-07 18:34:47.857,5.924705369479852,8.034336293780143,5.0303254713890055,10.120669905061732
2025-10-07 18:34:48.070,5.9886742628532375,8.068374062970179,5.002763565478745,10.120669905061732
2025-10-07 18:34:48.283,6.0213694750218565,8.111493835540386,5.058993012493374,10.120669905061732
2025-10-07 18:34:48.494,5.9733533180205995,8.02146354116303,4.9658037604185665,10.120669905061732
2025-10-07 18:34:48.709,5.9814086601491,8.081641685299473,5.029219836194898,10.120669905061732
2025-10-07 18:34:48.921,5.983935826307061,8.100358509656871,5.057413533644649,10.120669905061732
2025-10-07 18:34:49.132,6.0043111034556205,8.070822255185703,4.97251654552565,10.120669905061732
2025-10-07 18:34:49.344,6.008180826634998,8.092382141470807,5.025113191188211,10.120669905061732
2025-10-07 18:34:49.555,5.9653769498345355,8.021226619335721,4.972674493410523,10.120669905061732
2025-10-07 18:34:49.770,5.98820041919862,8.081562711357037,5.0195060412752355,10.120669905061732
2025-10-07 18:34:49.981,5.99285988180236,8.09870005686571,5.048805373919095,10.120669905061732
2025-10-07 18:34:50.193,6.001547015470351,8.056133101892556,4.965408890706385,10.120669905061732
2025-10-07 18:34:50.404,6.028871999553303,8.108334877842935,5.0436720676607365,10.120669905061732
2025-10-07 18:34:50.615,5.942395532585579,8.01001231950977,4.9601176365631545,10.120669905061732
2025-10-07 18:34:50.827,6.00983927942616,8.083379112033072,5.043277197948555,10.120669905061732
2025-10-07 18:34:51.039,5.931891998241554,8.07832477971715,5.060335569514791,10.120669905061732
2025-10-07 18:34:51.250,5.985515305155786,8.081009893759983,5.024955243303339,10.120669905061732
2025-10-07 18:34:51.461,5.993017829687233,8.09317188089517,5.034195194568383,10.120669905061732
2025-10-07 18:34:51.675,5.959611852036687,8.0242276291483,4.969041692058454,10.120669905061732
2025-10-07 18:34:51.887,6.012445419526557,8.076271457213807,5.025113191188211,10.120669905061732
2025-10-07 18:34:52.099,5.916729001293788,8.062529991229894,5.0470679471854965,10.120669905061732
2025-10-07 18:34:52.309,6.000599328161115,8.098384161095964,5.0442248852577904,10.120669905061732
2025-10-07 18:34:52.521,6.000757276045988,8.106676425051774,5.056623794220286,10.120669905061732
2025-10-07 18:34:52.735,5.94618628182252,8.014434860286201,4.959169949253919,10.120669905061732
2025-10-07 18:34:52.947,5.995150126133012,8.07619248327137,5.026455748209628,10.120669905061732
2025-10-07 18:34:53.159,5.924231525825235,8.08022015433562,5.063731449039551,10.120669905061732
2025-10-07 18:34:53.370,5.990569637471708,8.084642695112052,5.018874249735745,10.120669905061732
2025-10-07 18:34:53.581,5.993096803629669,8.108492825727808,5.064284266636605,10.120669905061732
2025-10-07 18:34:53.795,5.941684767103652,8.011038980761441,4.958854053484174,10.120669905061732
2025-10-07 18:34:54.007,5.990174767759527,8.075086848077262,5.029061888310025,10.120669905061732
2025-10-07 18:34:54.218,5.927548431407558,8.073586343170973,5.061362230766463,10.120669905061732
2025-10-07 18:34:54.430,6.0066013477862725,8.09443546397415,5.02258602503025,10.120669905061732
2025-10-07 18:34:54.642,5.999730614794316,8.099805692059817,5.039328500826741,10.120669905061732
2025-10-07 18:34:54.855,5.967351298395442,8.02549121222728,4.960749428102645,10.120669905061732
2025-10-07 18:34:55.067,6.010550044908086,8.09317188089517,5.049200243631276,10.120669905061732
2025-10-07 18:34:55.278,5.910095190129141,8.0492623689006,5.0351428818776185,10.120669905061732
2025-10-07 18:34:55.490,5.986936836119639,8.083063216263326,5.026692670036937,10.120669905061732
2025-10-07 18:34:55.702,6.018921282806332,8.097594421671602,5.041934640927138,10.120669905061732
2025-10-07 18:34:55.915,5.956768790108981,8.021542515105466,4.966198630130748,10.120669905061732
2025-10-07 18:34:56.127,5.993096803629669,8.075244795962135,5.026929591864246,10.120669905061732
2025-10-07 18:34:56.338,5.9258899786163965,8.068295089027743,5.0598617258601735,10.120669905061732
2025-10-07 18:34:56.549,5.999730614794316,8.097120578016984,5.041618745157393,10.120669905061732
2025-10-07 18:34:56.762,6.011260810390013,8.113152288331548,5.058677116723629,10.120669905061732
2025-10-07 18:34:56.974,5.999809588736753,8.04310240139057,4.962170959066498,10.120669905061732
2025-10-07 18:34:57.185,6.008970566059361,8.091513428104008,5.024481399648721,10.120669905061732
2025-10-07 18:34:57.395,5.969799490610967,8.028176326270113,4.958617131656865,10.120669905061732
2025-10-07 18:34:57.606,6.0043111034556205,8.07090122912814,5.023533712339486,10.120669905061732
2025-10-07 18:34:57.820,5.945712438167902,8.092855985125425,5.065784771542894,10.120669905061732
2025-10-07 18:34:58.031,6.005021868937547,8.09103958444939,5.010818907607245,10.120669905061732
2025-10-07 18:34:58.242,6.000520354218679,8.10249080610265,5.043277197948555,10.120669905061732
2025-10-07 18:34:58.454,5.983067112940262,8.033230658586035,4.949693076161566,10.120669905061732
2025-10-07 18:34:58.665,6.022948953870582,8.0904077929099,5.040039266308668,10.120669905061732
2025-10-07 18:34:58.880,5.959848773863996,8.097594421671602,5.068706807413037,10.120669905061732
2025-10-07 18:34:59.091,5.9886742628532375,8.082036555011655,4.994392327580499,10.120669905061732
2025-10-07 18:34:59.302,6.0137090026055375,8.116785089683617,5.064442214521478,10.120669905061732
2025-10-07 18:34:59.513,6.002968546434204,8.055106440640884,4.963276594260606,10.120669905061732
2025-10-07 18:34:59.724,6.006759295671145,8.079746310681003,5.018400406081128,10.120669905061732
2025-10-07 18:34:59.938,5.9102531380140135,8.035915772628869,5.0303254713890055,10.120669905061732
2025-10-07 18:35:00.149,5.997677292290973,8.093645724549788,5.041223875445212,10.120669905061732
2025-10-07 18:35:00.362,6.006680321728709,8.097436473786729,5.040118240251104,10.120669905061732
2025-10-07 18:35:00.575,5.946660125477138,8.013882042689147,4.959801740793409,10.120669905061732
2025-10-07 18:35:00.786,6.020895631367239,8.097989291383783,5.041302849387648,10.120669905061732
2025-10-07 18:35:00.998,5.921388463897529,8.056291049777428,5.05654482027785,10.120669905061732
2025-10-07 18:35:01.209,5.982356347458335,8.082194502896527,5.025666008785265,10.120669905061732
2025-10-07 18:35:01.420,5.962060044252212,8.089854975312846,5.058914038550938,10.120669905061732
2025-10-07 18:35:01.632,6.002810598549331,8.08298424232089,4.981756496790695,10.120669905061732
2025-10-07 18:35:01.844,6.01047107096565,8.087169861270013,5.021243468008834,10.120669905061732
2025-10-07 18:35:02.056,5.939473496715436,8.020120984141613,4.9962087282565335,10.120669905061732
2025-10-07 18:35:02.267,5.997914214118282,8.078719649429331,5.031036236870932,10.120669905061732
2025-10-07 18:35:02.478,5.910174164071577,8.04649828091533,5.031983924180167,10.120669905061732
2025-10-07 18:35:02.689,6.001625989412787,8.093882646377097,5.042882328236374,10.120669905061732
2025-10-07 18:35:02.902,6.014024898375283,8.12010199526594,5.068153989815983,10.120669905061732
2025-10-07 18:35:03.112,5.991280402953635,8.074613004422645,4.979782148229788,10.120669905061732
2025-10-07 18:35:03.323,6.006206478074091,8.10146414485098,5.0450935986245895,10.120669905061732
2025-10-07 18:35:03.536,5.9534518845266575,8.02146354116303,4.972358597640778,10.120669905061732
2025-10-07 18:35:03.747,5.989306054392728,8.073349421343664,5.027403435518863,10.120669905061732
2025-10-07 18:35:03.959,5.921230516012656,8.06813714114287,5.046041285933825,10.120669905061732
2025-10-07 18:35:04.171,6.005574686534601,8.080693997990238,4.993444640271264,10.120669905061732
2025-10-07 18:35:04.384,6.026581755222651,8.109045643324862,5.0465151295884425,10.120669905061732
2025-10-07 18:35:04.596,5.920282828703421,8.00701130969719,4.995734884601916,10.120669905061732
2025-10-07 18:35:04.809,6.000757276045988,8.093013933010297,5.042487458524192,10.120669905061732
2025-10-07 18:35:05.021,5.997756266233409,8.11141486159795,5.068548859528164,10.120669905061732
2025-10-07 18:35:05.233,5.98756862765913,8.050210056209835,4.956247913383777,10.120669905061732
2025-10-07 18:35:05.446,6.003995207685875,8.078719649429331,5.021480389836142,10.120669905061732
2025-10-07 18:35:05.658,5.924073577940362,8.06197717363284,5.05378073229258,10.120669905061732
2025-10-07 18:35:05.870,5.989621950162473,8.081325789529728,5.023059868684868,10.120669905061732
2025-10-07 18:35:06.080,5.966403611086207,8.10272772792996,5.072576530592414,10.120669905061732
2025-10-07 18:35:06.293,5.991991168435561,8.055896180065247,4.956247913383777,10.120669905061732
2025-10-07 18:35:06.506,6.003521364031258,8.081167841644856,5.02471832147603,10.120669905061732
2025-10-07 18:35:06.720,5.947686786728809,8.092934959067861,5.0664165630823845,10.120669905061732
2025-10-07 18:35:06.931,6.004863921052674,8.093487776664915,5.007186106255176,10.120669905061732
2025-10-07 18:35:07.144,6.008654670289616,8.090249845025028,5.025271139073084,10.120669905061732
2025-10-07 18:35:07.356,5.929996623623083,8.018620479235324,5.006554314715686,10.120669905061732
2025-10-07 18:35:07.569,6.000757276045988,8.092461115413244,5.041460797272521,10.120669905061732
2025-10-07 18:35:07.781,5.980539946782301,8.100200561771999,5.050937670364874,10.120669905061732
2025-10-07 18:35:07.993,5.991991168435561,8.061503329978223,4.9606704541602085,10.120669905061732
2025-10-07 18:35:08.206,6.018210517324405,8.0984631350384,5.043198224006119,10.120669905061732
2025-10-07 18:35:08.419,5.928022275062176,8.064662287675674,5.046120259876261,10.120669905061732
2025-10-07 18:35:08.631,5.988911184680546,8.082668346551145,5.0004733211480925,10.120669905061732
2025-10-07 18:35:08.843,6.025397146086107,8.11204665313744,5.051569461904364,10.120669905061732
2025-10-07 18:35:09.055,5.979355337645757,8.03141425791,4.961618141469444,10.120669905061732
2025-10-07 18:35:09.266,6.018131543381969,8.09443546397415,5.045883338048952,10.120669905061732
2025-10-07 18:35:09.478,5.924389473710107,8.051552613231252,5.052280227386291,10.120669905061732
2025-10-07 18:35:09.690,5.989227080450291,8.081878607126782,5.0189532236781815,10.120669905061732
2025-10-07 18:35:09.903,6.017657699727351,8.113310236216421,5.060177621629919,10.120669905061732
2025-10-07 18:35:10.114,5.992307064205306,8.039153704268756,4.961223271757262,10.120669905061732
2025-10-07 18:35:10.326,6.017578725784915,8.093882646377097,5.039723370538923,10.120669905061732
2025-10-07 18:35:10.538,5.921388463897529,8.04713007245482,5.04698897324306,10.120669905061732
2025-10-07 18:35:10.750,5.987884523428875,8.083221164148199,5.024402425706285,10.120669905061732
2025-10-07 18:35:10.961,5.971142047632384,8.090565740794773,5.048094608437168,10.120669905061732
2025-10-07 18:35:11.173,6.003363416146385,8.071848916437375,4.97251654552565,10.120669905061732
2025-10-07 18:35:11.385,6.027292520704577,8.10249080610265,5.0303254713890055,10.120669905061732
2025-10-07 18:35:11.596,5.935287877766314,8.013013329322348,4.959090975311483,10.120669905061732
2025-10-07 18:35:11.805,6.021764344734038,8.106439503224465,5.0465151295884425,10.120669905061732
2025-10-07 18:35:12.015,5.966482585028643,8.025570186169716,4.965882734361003,10.120669905061732
2025-10-07 18:35:12.227,5.999572666909444,8.075718639616753,5.026929591864246,10.120669905061732
2025-10-07 18:35:12.439,5.914280809078264,8.065057157387855,5.0435930937183,10.120669905061732
2025-10-07 18:35:12.651,6.005337764707292,8.09530417734095,5.025271139073084,10.120669905061732
2025-10-07 18:35:12.863,6.005416738649728,8.098858004750582,5.042092588812011,10.120669905061732
2025-10-07 18:35:13.074,5.984725565731424,8.028176326270113,4.949140258564512,10.120669905061732
2025-10-07 18:35:13.287,6.011023888562704,8.09103958444939,5.048331530264477,10.120669905061732
2025-10-07 18:35:13.498,5.925653056789088,8.060476668726551,5.0536227844077075,10.120669905061732
2025-10-07 18:35:13.711,5.989148106507855,8.078482727602022,4.9939184839258814,10.120669905061732
2025-10-07 18:35:13.924,6.012366445584121,8.102016962448033,5.0450935986245895,10.120669905061732
2025-10-07 18:35:14.135,5.977538936969722,8.015698443365181,4.966435551958057,10.120669905061732
2025-10-07 18:35:14.347,5.996808578924174,8.075086848077262,5.032062898122604,10.120669905061732
2025-10-07 18:35:14.559,5.926126900443705,8.073191473458792,5.061441204708899,10.120669905061732
2025-10-07 18:35:14.770,5.986384018522585,8.080772971932674,5.0203747546420345,10.120669905061732
2025-10-07 18:35:14.982,5.993096803629669,8.100990301196362,5.047462816897678,10.120669905061732
2025-10-07 18:35:15.194,6.002573676722022,8.056843867374482,4.967067343497547,10.120669905061732
2025-10-07 18:35:15.405,6.02468638060418,8.106913346879082,5.043830015545609,10.120669905061732
2025-10-07 18:35:15.617,5.91775566254546,8.011670772300931,5.000078451435911,10.120669905061732
2025-10-07 18:35:15.829,5.996097813442248,8.098779030808146,5.049595113343457,10.120669905061732
2025-10-07 18:35:16.039,5.931891998241554,8.08298424232089,5.067285276449184,10.120669905061732
2025-10-07 18:35:16.253,5.98756862765913,8.057238737086664,4.961302245699699,10.120669905061732
2025-10-07 18:35:16.465,6.011497732217322,8.092777011182989,5.027166513691554,10.120669905061732
2025-10-07 18:35:16.677,5.938288887578892,8.020120984141613,5.008686611161465,10.120669905061732
2025-10-07 18:35:16.889,6.003442390088821,8.090328818967464,5.030641367158751,10.120669905061732
2025-10-07 18:35:17.101,5.9577164774182165,8.087406783097322,5.0484894781493495,10.120669905061732
2025-10-07 18:35:17.313,6.00304752037664,8.076271457213807,4.973938076489503,10.120669905061732
2025-10-07 18:35:17.524,6.030372504459592,8.111651783425259,5.047778712667423,10.120669905061732
2025-10-07 18:35:17.736,5.931734050356681,8.01001231950977,4.9777288257264445,10.120669905061732
2025-10-07 18:35:17.950,5.985357357270914,8.081878607126782,5.027561383403736,10.120669905061732
2025-10-07 18:35:18.160,5.951319588080878,8.094514437916587,5.069891416549581,10.120669905061732
2025-10-07 18:35:18.372,5.992070142377997,8.079430414911258,4.9828621319848025,10.120669905061732
2025-10-07 18:35:18.584,6.026423807337778,8.110625122173587,5.051806383731673,10.120669905061732
2025-10-07 18:35:18.796,5.93876273123351,8.010486163164387,4.969989379367689,10.120669905061732
2025-10-07 18:35:19.008,5.992701933917488,8.07556069173188,5.026692670036937,10.120669905061732
2025-10-07 18:35:19.220,5.948160630383427,8.096172890707749,5.07139192145587,10.120669905061732
2025-10-07 18:35:19.432,6.0071541653833265,8.095225203398513,5.008686611161465,10.120669905061732
2025-10-07 18:35:19.643,6.006917243556018,8.096409812535057,5.038617735344815,10.120669905061732
2025-10-07 18:35:19.856,5.938683757291074,8.01719894827147,4.984520584775964,10.120669905061732
2025-10-07 18:35:20.069,6.000362406333807,8.093566750607351,5.048015634494732,10.120669905061732
2025-10-07 18:35:20.280,5.922020255437019,8.072401734034429,5.047304869012805,10.120669905061732
2025-10-07 18:35:20.491,5.990016819874654,8.07832477971715,5.0061594450035045,10.120669905061732
2025-10-07 18:35:20.703,6.02129050107942,8.114021001698347,5.057571481529521,10.120669905061732
2025-10-07 18:35:20.915,5.974222031387399,8.028492222039858,4.962565828778679,10.120669905061732
2025-10-07 18:35:21.128,5.99285988180236,8.07745606635035,5.028667018597844,10.120669905061732
2025-10-07 18:35:21.340,5.9468970473044465,8.091829323873753,5.06736425039162,10.120669905061732
2025-10-07 18:35:21.552,6.004074181628312,8.09380367243466,5.009239428758519,10.120669905061732
2025-10-07 18:35:21.763,6.020105891942876,8.11267844467693,5.056228924508105,10.120669905061732
2025-10-07 18:35:21.975,5.981250712264227,8.029992726946148,4.96232890695137,10.120669905061732
2025-10-07 18:35:22.186,6.000994197873297,8.081246815587292,5.023296790512177,10.120669905061732
2025-10-07 18:35:22.399,5.922336151206764,8.051710561116124,5.046909999300624,10.120669905061732
2025-10-07 18:35:22.610,6.002020859124968,8.096488786477494,5.0435930937183,10.120669905061732
2025-10-07 18:35:22.822,6.005416738649728,8.111098965828205,5.058756090666066,10.120669905061732
2025-10-07 18:35:23.034,6.00028343239137,8.04183881831159,4.962881724548424,10.120669905061732
2025-10-07 18:35:23.246,6.009760305483724,8.083695007802817,5.021875259548324,10.120669905061732
2025-10-07 18:35:23.460,5.932286867953735,8.080772971932674,5.052675097098472,10.120669905061732
2025-10-07 18:35:23.672,6.006127504131655,8.095856994938003,5.009081480873647,10.120669905061732
2025-10-07 18:35:23.883,6.020105891942876,8.113705105928602,5.056781742105159,10.120669905061732
2025-10-07 18:35:24.095,5.970036412438276,8.013961016631583,4.949851024046438,10.120669905061732
2025-10-07 18:35:24.307,6.019789996173131,8.091987271758626,5.0435930937183,10.120669905061732
2025-10-07 18:35:24.519,5.922257177264328,8.061503329978223,5.05780840335683,10.120669905061732
2025-10-07 18:35:24.730,5.989779898047345,8.08108886770242,5.021164494066397,10.120669905061732
2025-10-07 18:35:24.942,5.992465012090179,8.098858004750582,5.048094608437168,10.120669905061732
2025-10-07 18:35:25.154,6.004626999225366,8.054948492756012,4.963671463972787,10.120669905061732
2025-10-07 18:35:25.366,6.0122874716416845,8.09317188089517,5.026218826382319,10.120669905061732
2025-10-07 18:35:25.576,5.952267275390113,8.015224599710564,4.955063304247233,10.120669905061732
2025-10-07 18:35:25.787,6.0151305335693905,8.091513428104008,5.045409494394335,10.120669905061732
2025-10-07 18:35:26.000,5.928338170831921,8.076587352983552,5.062625813845443,10.120669905061732
2025-10-07 18:35:26.209,5.984330696019242,8.082905268378454,5.034116220625947,10.120669905061732
2025-10-07 18:35:26.420,5.916334131581607,8.067110479891198,5.048726399976658,10.120669905061732
2025-10-07 18:35:26.630,6.0037582858585665,8.100911327253925,5.048805373919095,10.120669905061732
2025-10-07 18:35:26.839,5.915386444272372,8.050289030152271,5.0365644128414715,10.120669905061732
2025-10-07 18:35:27.049,6.005021868937547,8.09467238580146,5.045962311991389,10.120669905061732
2025-10-07 18:35:27.259,5.925732030731524,8.043655218987624,5.044619754969972,10.120669905061732
2025-10-07 18:35:27.468,6.008891592116925,8.093645724549788,5.05038485276782,10.120669905061732
2025-10-07 18:35:27.678,5.920045906876112,8.016251260962235,4.987047750933925,10.120669905061732
2025-10-07 18:35:27.887,6.0051798168224195,8.086064226075905,5.023691660224358,10.120669905061732
2025-10-07 18:35:28.096,5.967746168107624,8.02825530021255,4.966672473785366,10.120669905061732
