RealTimestamp,WGM701_Voltage (V),CVM211_Voltage (V),Baratron626D_1KT_Voltage (V),Baratron626D_1T_Voltage (V)
2025-10-28 13:11:47.776,3.227903183165836,0.9581920775472099,0.04793841702667123,0.22294467346546298
2025-10-28 13:11:48.807,3.2280611310507084,0.9579551557199011,0.046753807890127064,0.22562978750829643
2025-10-28 13:11:49.835,3.2272713916263456,0.9582710514896462,0.047069703659872175,0.22318159529277182
2025-10-28 13:11:50.865,3.2275872873960907,0.9582710514896462,0.04801739096910751,0.22333954317764437
2025-10-28 13:11:51.896,3.227429339511218,0.9585869472593913,0.0484122606812889,0.22223390798353648
2025-10-28 13:11:52.922,3.2272713916263456,0.9581920775472099,0.047859443084234954,0.2218390382713551
2025-10-28 13:11:53.952,3.2272713916263456,0.9579551557199011,0.04833328673885262,0.22310262135033554
2025-10-28 13:11:54.982,3.2269554958566005,0.9591397648564453,0.04683278183256334,0.22168109038648254
2025-10-28 13:11:56.011,3.2270344697990367,0.9581920775472099,0.04738559942961729,0.22318159529277182
2025-10-28 13:11:57.037,3.226560626144419,0.9587448951442639,0.04762252125692612,0.22191801221379137
2025-10-28 13:11:58.064,3.2267185740292916,0.9587448951442639,0.046753807890127064,0.22168109038648254
2025-10-28 13:11:59.092,3.2263237043171102,0.9575602860077197,0.05093942683924979,0.22365543894738948
2025-10-28 13:12:00.118,3.226481652201983,0.9583500254320825,0.0484122606812889,0.22207596009866393
2025-10-28 13:12:01.148,3.2263237043171102,0.9579551557199011,0.05086045289681351,0.22507696991124249
2025-10-28 13:12:02.177,3.2263237043171102,0.957639259950156,0.04738559942961729,0.22191801221379137
2025-10-28 13:12:03.206,3.2260867824898014,0.958507973316955,0.04691175577499962,0.2257087614507327
2025-10-28 13:12:04.234,3.225928834604929,0.9583500254320825,0.048570208566161455,0.22436620442931599
2025-10-28 13:12:05.263,3.225928834604929,0.9584289993745188,0.04691175577499962,0.22152314250160998
2025-10-28 13:12:06.292,3.2256129388351837,0.9578761817774648,0.0484122606812889,0.22460312625662482
2025-10-28 13:12:07.323,3.2258498606624926,0.9581131036047736,0.046674833947690786,0.22231288192597276
2025-10-28 13:12:08.351,3.2260867824898014,0.9584289993745188,0.04975481770270562,0.22562978750829643
2025-10-28 13:12:09.380,3.2258498606624926,0.9581131036047736,0.047069703659872175,0.22302364740789926
2025-10-28 13:12:10.409,3.226007808547365,0.9574813120652834,0.04722765154474473,0.22310262135033554
2025-10-28 13:12:11.437,3.2257708867200563,0.9577972078350285,0.04809636491154379,0.22310262135033554
2025-10-28 13:12:12.467,3.225454990950311,0.9584289993745188,0.046753807890127064,0.2246821001990611
2025-10-28 13:12:13.493,3.2256129388351837,0.9589818169715727,0.048570208566161455,0.22310262135033554
2025-10-28 13:12:14.525,3.225376017007875,0.9585869472593913,0.04809636491154379,0.2232605692352081
2025-10-28 13:12:15.552,3.2257708867200563,0.9583500254320825,0.048965078278342844,0.22555081356586015
2025-10-28 13:12:16.579,3.2257708867200563,0.9577972078350285,0.049991739530014456,0.22270775163815415
2025-10-28 13:12:17.605,3.22569191277762,0.9588238690867001,0.048965078278342844,0.2214441685591737
2025-10-28 13:12:18.631,3.226007808547365,0.9583500254320825,0.04825431279641634,0.22318159529277182
2025-10-28 13:12:19.657,3.2256129388351837,0.9577972078350285,0.04738559942961729,0.2228656995230267
2025-10-28 13:12:20.685,3.22569191277762,0.9581920775472099,0.046753807890127064,0.2221549340411002
2025-10-28 13:12:21.713,3.2252970430654386,0.9588238690867001,0.04825431279641634,0.22515594385367876
2025-10-28 13:12:22.742,3.2252180691230024,0.9582710514896462,0.0498337916451419,0.22223390798353648
2025-10-28 13:12:23.767,3.2252970430654386,0.9581131036047736,0.04975481770270562,0.22586670933560526
2025-10-28 13:12:24.794,3.225139095180566,0.9581131036047736,0.04793841702667123,0.22349749106251693
2025-10-28 13:12:25.822,3.2256129388351837,0.9582710514896462,0.048886104335906566,0.22247082981084532
2025-10-28 13:12:26.848,3.2249811472956935,0.9586659212018276,0.050386609242195846,0.22420825654444343
2025-10-28 13:12:27.873,3.2252180691230024,0.9583500254320825,0.04872815645103401,0.22294467346546298
2025-10-28 13:12:28.898,3.225454990950311,0.9583500254320825,0.050386609242195846,0.22310262135033554
2025-10-28 13:12:29.923,3.225376017007875,0.9584289993745188,0.04793841702667123,0.22420825654444343
2025-10-28 13:12:30.951,3.2249811472956935,0.958507973316955,0.0484122606812889,0.22333954317764437
2025-10-28 13:12:31.977,3.2256129388351837,0.9584289993745188,0.0469907297174359,0.2249979959688062
2025-10-28 13:12:33.007,3.225454990950311,0.9581131036047736,0.0484122606812889,0.2228656995230267
2025-10-28 13:12:34.034,3.2258498606624926,0.9588238690867001,0.050386609242195846,0.22239185586840904
2025-10-28 13:12:35.067,3.22506012123813,0.9574023381228471,0.04762252125692612,0.22310262135033554
2025-10-28 13:12:36.093,3.22506012123813,0.9577972078350285,0.047464573372053565,0.2239713347171346
2025-10-28 13:12:37.121,3.225454990950311,0.9585869472593913,0.047780469141798676,0.22191801221379137
2025-10-28 13:12:38.149,3.2252970430654386,0.9582710514896462,0.048570208566161455,0.22412928260200715
2025-10-28 13:12:39.180,3.225376017007875,0.958507973316955,0.04801739096910751,0.22333954317764437
2025-10-28 13:12:40.212,3.225376017007875,0.958507973316955,0.04762252125692612,0.2239713347171346
2025-10-28 13:12:41.242,3.226007808547365,0.9584289993745188,0.04864918250859773,0.22302364740789926
2025-10-28 13:12:42.274,3.2255339648927475,0.9580341296623374,0.047069703659872175,0.22310262135033554
2025-10-28 13:12:43.305,3.22569191277762,0.9582710514896462,0.04801739096910751,0.22278672558059043
2025-10-28 13:12:44.337,3.22506012123813,0.9577972078350285,0.048965078278342844,0.22341851712008065
2025-10-28 13:12:45.367,3.2256129388351837,0.9588238690867001,0.046674833947690786,0.22349749106251693
2025-10-28 13:12:46.399,3.225454990950311,0.9581920775472099,0.048175338853980065,0.22452415231418854
2025-10-28 13:12:47.430,3.2256129388351837,0.9582710514896462,0.05086045289681351,0.22333954317764437
2025-10-28 13:12:48.457,3.226007808547365,0.958507973316955,0.04833328673885262,0.22310262135033554
2025-10-28 13:12:49.488,3.22569191277762,0.9582710514896462,0.04793841702667123,0.2232605692352081
2025-10-28 13:12:50.516,3.2260867824898014,0.9583500254320825,0.047780469141798676,0.2239713347171346
2025-10-28 13:12:51.546,3.226876521914164,0.957639259950156,0.04651688606281823,0.22420825654444343
2025-10-28 13:12:52.571,3.2267185740292916,0.9581920775472099,0.05030763529975957,0.22333954317764437
2025-10-28 13:12:53.599,3.226560626144419,0.9582710514896462,0.04825431279641634,0.22223390798353648
2025-10-28 13:12:54.630,3.227429339511218,0.9585869472593913,0.048570208566161455,0.22586670933560526
2025-10-28 13:12:55.661,3.2281401049931446,0.9581920775472099,0.04793841702667123,0.22247082981084532
2025-10-28 13:12:56.693,3.227903183165836,0.9582710514896462,0.048570208566161455,0.2239713347171346
2025-10-28 13:12:57.719,3.2277452352809632,0.9584289993745188,0.04691175577499962,0.22294467346546298
2025-10-28 13:12:58.750,3.2281401049931446,0.9591397648564453,0.04833328673885262,0.22341851712008065
2025-10-28 13:12:59.784,3.2286929225901986,0.9577182338925923,0.048175338853980065,0.22160211644404626
2025-10-28 13:13:00.807,3.22908779230238,0.9586659212018276,0.04754354731448984,0.22333954317764437
2025-10-28 13:13:01.835,3.2286929225901986,0.9586659212018276,0.048886104335906566,0.22349749106251693
2025-10-28 13:13:02.861,3.22908779230238,0.9577972078350285,0.04991276558757818,0.22223390798353648
2025-10-28 13:13:03.889,3.229956505669179,0.9580341296623374,0.04722765154474473,0.22318159529277182
2025-10-28 13:13:04.917,3.230193427496488,0.9581920775472099,0.04833328673885262,0.22231288192597276
2025-10-28 13:13:05.949,3.2303513753813604,0.9584289993745188,0.04722765154474473,0.2261036311629141
2025-10-28 13:13:06.977,3.2306672711511055,0.958507973316955,0.048175338853980065,0.22247082981084532
2025-10-28 13:13:08.005,3.2309831669208506,0.9587448951442639,0.047464573372053565,0.22452415231418854
2025-10-28 13:13:09.036,3.2312990626905957,0.9586659212018276,0.04762252125692612,0.22278672558059043
2025-10-28 13:13:10.063,3.231930854230086,0.9578761817774648,0.04872815645103401,0.2225498037532816
2025-10-28 13:13:11.093,3.2315359845179046,0.9581131036047736,0.04864918250859773,0.2253928656809876
2025-10-28 13:13:12.125,3.231930854230086,0.9580341296623374,0.048570208566161455,0.2228656995230267
2025-10-28 13:13:13.155,3.2327205936544487,0.9581920775472099,0.050386609242195846,0.22302364740789926
2025-10-28 13:13:14.179,3.233352385193939,0.9587448951442639,0.048965078278342844,0.22452415231418854
2025-10-28 13:13:15.211,3.2331944373090664,0.9584289993745188,0.05093942683924979,0.2246821001990611
2025-10-28 13:13:16.243,3.2340631506758655,0.9580341296623374,0.048965078278342844,0.22247082981084532
2025-10-28 13:13:17.276,3.2343790464456106,0.959060790914009,0.04975481770270562,0.22460312625662482
2025-10-28 13:13:18.308,3.2346159682729194,0.9582710514896462,0.047464573372053565,0.22247082981084532
2025-10-28 13:13:19.337,3.235642629524591,0.9575602860077197,0.047859443084234954,0.22294467346546298
2025-10-28 13:13:20.366,3.2358005774094636,0.9577182338925923,0.046674833947690786,0.22239185586840904
2025-10-28 13:13:21.397,3.235958525294336,0.9581920775472099,0.04738559942961729,0.22247082981084532
2025-10-28 13:13:22.428,3.236432368948954,0.9581920775472099,0.04651688606281823,0.22262877769571787
2025-10-28 13:13:23.460,3.2365903168338264,0.9580341296623374,0.04880713039347029,0.2225498037532816
2025-10-28 13:13:24.491,3.2375380041430617,0.9583500254320825,0.04738559942961729,0.22405030865957087
2025-10-28 13:13:25.523,3.2372221083733166,0.9577182338925923,0.04801739096910751,0.2225498037532816
2025-10-28 13:13:26.552,3.237853899912807,0.9583500254320825,0.04904405222077912,0.22389236077469832
2025-10-28 13:13:27.584,3.2380118477976794,0.9581131036047736,0.04754354731448984,0.2225498037532816
2025-10-28 13:13:28.612,3.2391174829917873,0.9585869472593913,0.048175338853980065,0.2242872304868797
2025-10-28 13:13:29.643,3.2391964569342235,0.9584289993745188,0.047069703659872175,0.22247082981084532
2025-10-28 13:13:30.671,3.23990722241615,0.9586659212018276,0.04762252125692612,0.2249979959688062
2025-10-28 13:13:31.698,3.240144144243459,0.9572443902379746,0.047069703659872175,0.22207596009866393
2025-10-28 13:13:32.730,3.2408549097253854,0.9583500254320825,0.0505445571270684,0.22333954317764437
2025-10-28 13:13:33.762,3.241565675207312,0.9583500254320825,0.050070713472450734,0.22310262135033554
2025-10-28 13:13:34.792,3.241091831552694,0.9586659212018276,0.04714867760230845,0.22349749106251693
2025-10-28 13:13:35.818,3.2425923364589835,0.9586659212018276,0.047464573372053565,0.22381338683226204
2025-10-28 13:13:36.848,3.2423554146316746,0.9584289993745188,0.05030763529975957,0.22547183962342388
2025-10-28 13:13:37.880,3.2428292582862923,0.9589028430291364,0.04714867760230845,0.22294467346546298
2025-10-28 13:13:38.913,3.24330310194091,0.9591397648564453,0.04825431279641634,0.22373441288982576
2025-10-28 13:13:39.945,3.2443297631925816,0.9578761817774648,0.047464573372053565,0.2221549340411002
2025-10-28 13:13:40.975,3.2451195026169444,0.958507973316955,0.04864918250859773,0.22389236077469832
2025-10-28 13:13:42.006,3.2451195026169444,0.9584289993745188,0.047464573372053565,0.22262877769571787
2025-10-28 13:13:43.040,3.2457512941564346,0.9581131036047736,0.047069703659872175,0.22160211644404626
2025-10-28 13:13:44.072,3.245909242041307,0.9581920775472099,0.04738559942961729,0.22420825654444343
2025-10-28 13:13:45.104,3.246462059638361,0.9581920775472099,0.04762252125692612,0.22176006432891882
2025-10-28 13:13:46.138,3.2470938511778513,0.957639259950156,0.04722765154474473,0.22389236077469832
2025-10-28 13:13:47.162,3.247804616659778,0.9582710514896462,0.04793841702667123,0.22452415231418854
2025-10-28 13:13:48.186,3.2477256427173415,0.9586659212018276,0.04809636491154379,0.22223390798353648
2025-10-28 13:13:49.210,3.248120512429523,0.958507973316955,0.046674833947690786,0.22278672558059043
2025-10-28 13:13:50.234,3.248673330026577,0.9574023381228471,0.04864918250859773,0.22349749106251693
2025-10-28 13:13:51.259,3.249226147623631,0.9585869472593913,0.047069703659872175,0.22302364740789926
2025-10-28 13:13:52.283,3.2500158870479936,0.9582710514896462,0.05022866135732329,0.2228656995230267
2025-10-28 13:13:53.307,3.25009486099043,0.9583500254320825,0.047780469141798676,0.22278672558059043
2025-10-28 13:13:54.331,3.2504897307026113,0.9584289993745188,0.05062353106950468,0.2242872304868797
2025-10-28 13:13:55.356,3.251042548299665,0.9582710514896462,0.048886104335906566,0.22365543894738948
2025-10-28 13:13:56.380,3.251279470126974,0.958507973316955,0.04920200010565168,0.22207596009866393
2025-10-28 13:13:57.404,3.2516743398391554,1.0040759381026874,0.04754354731448984,0.22231288192597276
2025-10-28 13:13:58.429,3.2523061313786457,0.9582710514896462,0.04691175577499962,0.2221549340411002
2025-10-28 13:13:59.459,3.2528589489756996,0.9581920775472099,0.05022866135732329,0.22191801221379137
2025-10-28 13:14:00.487,3.253016896860572,1.0037600423329422,0.0469907297174359,0.22412928260200715
2025-10-28 13:14:01.513,3.2536486884000624,1.0036020944480697,0.047464573372053565,0.225787735393169
2025-10-28 13:14:02.538,3.2536486884000624,1.0029703029085795,0.047859443084234954,0.22270775163815415
2025-10-28 13:14:03.563,3.25412253205468,1.0033651726207609,0.047464573372053565,0.22389236077469832
2025-10-28 13:14:04.587,3.254359453881989,1.0036020944480697,0.047780469141798676,0.22484004808393365
2025-10-28 13:14:05.618,3.2550702193639154,1.003996964160251,0.04809636491154379,0.22294467346546298
2025-10-28 13:14:06.649,3.2556230369609693,1.003996964160251,0.04683278183256334,0.22333954317764437
2025-10-28 13:14:07.678,3.2556230369609693,1.0036020944480697,0.047464573372053565,0.22302364740789926
2025-10-28 13:14:08.705,3.2561758545580233,1.0041549120451236,0.04849123462372518,0.2225498037532816
2025-10-28 13:14:09.736,3.2564917503277684,1.003996964160251,0.04833328673885262,0.2253928656809876
2025-10-28 13:14:10.766,3.256728672155077,1.003996964160251,0.047859443084234954,0.22191801221379137
2025-10-28 13:14:11.797,3.2570445679248223,1.0036020944480697,0.04738559942961729,0.22333954317764437
2025-10-28 13:14:12.830,3.2571235418672586,1.0041549120451236,0.04683278183256334,0.22523491779611504
2025-10-28 13:14:13.859,3.257755333406749,1.0040759381026874,0.04730662548718101,0.22199698615622765
2025-10-28 13:14:14.888,3.257755333406749,1.0037600423329422,0.046674833947690786,0.22341851712008065
2025-10-28 13:14:15.915,3.2585450728311116,1.0037600423329422,0.04730662548718101,0.2232605692352081
2025-10-28 13:14:16.948,3.2584660988886753,1.0040759381026874,0.04651688606281823,0.22191801221379137
2025-10-28 13:14:17.978,3.258939942543293,1.003996964160251,0.0477014951993624,0.22207596009866393
2025-10-28 13:14:19.011,3.2593348122554744,1.0046287556997413,0.04691175577499962,0.22349749106251693
2025-10-28 13:14:20.040,3.259492760140347,1.0040759381026874,0.047859443084234954,0.2218390382713551
2025-10-28 13:14:21.066,3.259808655910092,1.0043918338724325,0.04864918250859773,0.22231288192597276
2025-10-28 13:14:22.099,3.2602035256222734,1.0039179902178148,0.04714867760230845,0.22231288192597276
2025-10-28 13:14:23.131,3.260598395334455,1.003996964160251,0.04825431279641634,0.2235764650049532
2025-10-28 13:14:24.164,3.2608353171617637,1.0044708078148687,0.04935994799052423,0.2235764650049532
2025-10-28 13:14:25.190,3.2607563432193274,1.0043128599299962,0.048175338853980065,0.2257087614507327
2025-10-28 13:14:26.229,3.2613091608163813,1.0040759381026874,0.04801739096910751,0.22412928260200715
2025-10-28 13:14:27.261,3.261230186873945,1.0035231205056334,0.04825431279641634,0.22405030865957087
2025-10-28 13:14:28.294,3.261230186873945,1.0037600423329422,0.04730662548718101,0.22476107414149737
2025-10-28 13:14:29.326,3.26154608264369,1.0036020944480697,0.04904405222077912,0.22231288192597276
2025-10-28 13:14:30.353,3.2622568481256167,1.0040759381026874,0.04738559942961729,0.2242872304868797
2025-10-28 13:14:31.385,3.262019926298308,1.0043128599299962,0.04975481770270562,0.22168109038648254
2025-10-28 13:14:32.418,3.262335822068053,1.003996964160251,0.05014968741488701,0.22460312625662482
2025-10-28 13:14:33.449,3.2619409523558716,1.003996964160251,0.04754354731448984,0.2249979959688062
2025-10-28 13:14:34.482,3.262967613607543,1.0043918338724325,0.048175338853980065,0.2225498037532816
2025-10-28 13:14:35.512,3.2628096657226706,1.0033651726207609,0.04801739096910751,0.22318159529277182
2025-10-28 13:14:36.542,3.262651717837798,1.0043918338724325,0.04793841702667123,0.2228656995230267
2025-10-28 13:14:37.575,3.2630465875499794,1.00423388598756,0.050386609242195846,0.22302364740789926
2025-10-28 13:14:38.607,3.2628096657226706,1.003996964160251,0.04659586000525451,0.2225498037532816
2025-10-28 13:14:39.641,3.2631255614924157,1.003996964160251,0.04825431279641634,0.22247082981084532
2025-10-28 13:14:40.670,3.2633624833197246,1.0039179902178148,0.0498337916451419,0.22555081356586015
2025-10-28 13:14:41.698,3.2635994051470334,1.0043128599299962,0.04849123462372518,0.22444517837175226
2025-10-28 13:14:42.725,3.2635994051470334,1.0035231205056334,0.0469907297174359,0.2228656995230267
2025-10-28 13:14:43.753,3.263441457262161,1.0033651726207609,0.04730662548718101,0.2253928656809876
2025-10-28 13:14:44.780,3.2635994051470334,1.0037600423329422,0.047780469141798676,0.22302364740789926
2025-10-28 13:14:45.808,3.263757353031906,1.0028913289661432,0.04864918250859773,0.22278672558059043
2025-10-28 13:14:46.838,3.263994274859215,1.0036020944480697,0.0477014951993624,0.22436620442931599
2025-10-28 13:14:47.868,3.264073248801651,1.0036020944480697,0.04991276558757818,0.22484004808393365
2025-10-28 13:14:48.901,3.264389144571396,1.0039179902178148,0.04943892193296051,0.22247082981084532
2025-10-28 13:14:49.934,3.2644681185138325,1.003996964160251,0.048570208566161455,0.2239713347171346
2025-10-28 13:14:50.966,3.263757353031906,1.0043128599299962,0.04801739096910751,0.22333954317764437
2025-10-28 13:14:51.995,3.2641522227440873,1.0040759381026874,0.04801739096910751,0.22333954317764437
2025-10-28 13:14:53.023,3.264073248801651,1.0038390162753785,0.04762252125692612,0.2228656995230267
2025-10-28 13:14:54.056,3.2642311966865236,1.003996964160251,0.04754354731448984,0.22381338683226204
2025-10-28 13:14:55.080,3.264073248801651,1.003681068390506,0.04714867760230845,0.22223390798353648
2025-10-28 13:14:56.114,3.2642311966865236,1.003681068390506,0.04849123462372518,0.22310262135033554
2025-10-28 13:14:57.147,3.2647050403411413,1.0040759381026874,0.04793841702667123,0.22231288192597276
2025-10-28 13:14:58.182,3.2647840142835776,1.0040759381026874,0.04849123462372518,0.22247082981084532
2025-10-28 13:14:59.214,3.264626066398705,1.0036020944480697,0.048570208566161455,0.22341851712008065
2025-10-28 13:15:00.243,3.2650209361108864,1.0037600423329422,0.048175338853980065,0.22341851712008065
2025-10-28 13:15:01.275,3.264862988226014,1.0037600423329422,0.048570208566161455,0.22412928260200715
2025-10-28 13:15:02.304,3.2647840142835776,1.3048087109000335,0.04754354731448984,0.22199698615622765
2025-10-28 13:15:03.332,3.2650999100533227,1.3037030757059256,0.04730662548718101,0.2239713347171346
2025-10-28 13:15:04.362,3.2650999100533227,1.3036241017634893,0.04825431279641634,0.22302364740789926
2025-10-28 13:15:05.393,3.2652578579381952,1.3042558933029795,0.05070250501194096,0.22594568327804154
2025-10-28 13:15:06.427,3.2653368318806315,1.3037030757059256,0.048570208566161455,0.22294467346546298
2025-10-28 13:15:07.460,3.2652578579381952,1.3043348672454158,0.04730662548718101,0.2253928656809876
2025-10-28 13:15:08.484,3.26494196216845,1.3034661538786168,0.047780469141798676,0.2221549340411002
2025-10-28 13:15:09.514,3.2655737537079403,1.3038610235907981,0.050781478954377235,0.22562978750829643
2025-10-28 13:15:10.542,3.2653368318806315,1.304413841187852,0.04801739096910751,0.22239185586840904
2025-10-28 13:15:11.569,3.2656527276503766,1.3043348672454158,0.049280974048087955,0.22262877769571787
2025-10-28 13:15:12.602,3.2659686234201217,1.3033082059937442,0.050070713472450734,0.2249979959688062
2025-10-28 13:15:13.631,3.2656527276503766,1.3042558933029795,0.04754354731448984,0.22412928260200715
2025-10-28 13:15:14.662,3.266047597362558,1.3037820496483619,0.0484122606812889,0.22270775163815415
2025-10-28 13:15:15.695,3.2665214410171757,1.3037030757059256,0.04904405222077912,0.22460312625662482
2025-10-28 13:15:16.728,3.2658896494776855,1.3039399975332344,0.0477014951993624,0.22223390798353648
2025-10-28 13:15:17.761,3.266363493132303,1.303545127821053,0.0484122606812889,0.22223390798353648
2025-10-28 13:15:18.795,3.2659686234201217,1.304413841187852,0.048570208566161455,0.22523491779611504
2025-10-28 13:15:19.824,3.2664424670747394,1.3042558933029795,0.0469907297174359,0.22168109038648254
2025-10-28 13:15:20.853,3.2664424670747394,1.3044928151302884,0.04730662548718101,0.22373441288982576
2025-10-28 13:15:21.884,3.266916310729357,1.3040189714756707,0.04920200010565168,0.22176006432891882
2025-10-28 13:15:22.914,3.266837336786921,1.3038610235907981,0.050386609242195846,0.22555081356586015
2025-10-28 13:15:23.946,3.2666793889020482,1.3038610235907981,0.0491230261632154,0.22270775163815415
2025-10-28 13:15:24.971,3.2667583628444845,1.3036241017634893,0.047464573372053565,0.22231288192597276
2025-10-28 13:15:25.998,3.2669952846717933,1.3031502581088716,0.05062353106950468,0.22341851712008065
2025-10-28 13:15:27.027,3.267469128326411,1.3043348672454158,0.047780469141798676,0.22136519461673743
2025-10-28 13:15:28.061,3.266916310729357,1.303545127821053,0.04849123462372518,0.22365543894738948
2025-10-28 13:15:29.090,3.2679429719810287,1.3037820496483619,0.04659586000525451,0.22239185586840904
2025-10-28 13:15:30.118,3.2675481022688473,1.3037030757059256,0.04738559942961729,0.22262877769571787
2025-10-28 13:15:31.158,3.2679429719810287,1.3037030757059256,0.04849123462372518,0.22507696991124249
2025-10-28 13:15:32.193,3.2679429719810287,1.304097945418107,0.04991276558757818,0.225787735393169
2025-10-28 13:15:33.225,3.2676270762112836,1.3038610235907981,0.047464573372053565,0.22278672558059043
2025-10-28 13:15:34.258,3.2684168156356463,1.3037030757059256,0.047464573372053565,0.22341851712008065
2025-10-28 13:15:35.289,3.2684168156356463,1.3031502581088716,0.05014968741488701,0.22389236077469832
2025-10-28 13:15:36.323,3.268021945923465,1.304097945418107,0.047069703659872175,0.22270775163815415
2025-10-28 13:15:37.355,3.2684168156356463,1.3034661538786168,0.047464573372053565,0.22310262135033554
2025-10-28 13:15:38.388,3.26833784169321,1.3033082059937442,0.04935994799052423,0.22278672558059043
2025-10-28 13:15:39.418,3.268258867750774,1.3037820496483619,0.047464573372053565,0.22405030865957087
2025-10-28 13:15:40.453,3.2687327114053915,1.3033082059937442,0.04833328673885262,0.22341851712008065
2025-10-28 13:15:41.481,3.2687327114053915,1.3033082059937442,0.047780469141798676,0.22270775163815415
2025-10-28 13:15:42.515,3.269759372657063,1.3048876848424698,0.05062353106950468,0.2232605692352081
2025-10-28 13:15:43.544,3.2689696332327003,1.3033082059937442,0.0491230261632154,0.22239185586840904
2025-10-28 13:15:44.576,3.2693645029448817,1.3034661538786168,0.04754354731448984,0.2235764650049532
2025-10-28 13:15:45.605,3.2696014247721905,1.3039399975332344,0.04991276558757818,0.22310262135033554
2025-10-28 13:15:46.639,3.269443476887318,1.3031502581088716,0.04801739096910751,0.22247082981084532
2025-10-28 13:15:47.669,3.269996294484372,1.3034661538786168,0.047464573372053565,0.22160211644404626
2025-10-28 13:15:48.701,3.2703911641965533,1.3037820496483619,0.04833328673885262,0.22247082981084532
2025-10-28 13:15:49.730,3.269996294484372,1.4794990715690801,0.047859443084234954,0.22207596009866393
2025-10-28 13:15:50.760,3.270312190254117,1.4780775406052271,0.048570208566161455,0.22318159529277182
2025-10-28 13:15:51.787,3.2704701381389896,1.478630358202281,0.05014968741488701,0.22160211644404626
2025-10-28 13:15:52.818,3.270549112081426,1.4792621497417713,0.05030763529975957,0.22341851712008065
2025-10-28 13:15:53.850,3.2707860339087347,1.4795780455115164,0.047780469141798676,0.22247082981084532
2025-10-28 13:15:54.881,3.270628086023862,1.4793411236842076,0.05046558318463212,0.22302364740789926
2025-10-28 13:15:55.912,3.2709439817936072,1.4792621497417713,0.04651688606281823,0.2232605692352081
2025-10-28 13:15:56.950,3.2710229557360435,1.4789462539720262,0.046358938177945674,0.22176006432891882
2025-10-28 13:15:57.980,3.270865007851171,1.4799729152236978,0.04714867760230845,0.22302364740789926
2025-10-28 13:15:59.011,3.2710229557360435,1.47886728002959,0.047464573372053565,0.22270775163815415
2025-10-28 13:16:00.044,3.271496799390661,1.4798939412812615,0.048965078278342844,0.22247082981084532
2025-10-28 13:16:01.074,3.27173372121797,1.4794200976266438,0.04714867760230845,0.22341851712008065
2025-10-28 13:16:02.103,3.2718916691028426,1.4787093321447173,0.0469907297174359,0.22278672558059043
2025-10-28 13:16:03.131,3.27173372121797,1.4802098370510066,0.047780469141798676,0.22365543894738948
2025-10-28 13:16:04.167,3.2721285909301514,1.4798149673388252,0.04714867760230845,0.22231288192597276
2025-10-28 13:16:05.200,3.2722075648725877,1.479183175799335,0.04738559942961729,0.22294467346546298
2025-10-28 13:16:06.234,3.272049616987715,1.47886728002959,0.046753807890127064,0.22373441288982576
2025-10-28 13:16:07.263,3.2726814085272053,1.4793411236842076,0.048175338853980065,0.2246821001990611
2025-10-28 13:16:08.299,3.2732342261242593,1.479183175799335,0.04833328673885262,0.22523491779611504
2025-10-28 13:16:09.332,3.2730762782393867,1.4790252279144624,0.046674833947690786,0.22199698615622765
2025-10-28 13:16:10.360,3.2730762782393867,1.4802098370510066,0.0484122606812889,0.2225498037532816
2025-10-28 13:16:11.392,3.2733132000666956,1.4794200976266438,0.0477014951993624,0.22302364740789926
2025-10-28 13:16:12.421,3.273392174009132,1.4780775406052271,0.04904405222077912,0.22294467346546298
2025-10-28 13:16:13.452,3.2737870437213132,1.4794990715690801,0.04714867760230845,0.22484004808393365
2025-10-28 13:16:14.481,3.2736290958364407,1.479735993396389,0.050386609242195846,0.2221549340411002
2025-10-28 13:16:15.515,3.2744188352608035,1.4798939412812615,0.049991739530014456,0.22381338683226204
2025-10-28 13:16:16.550,3.2736290958364407,1.4792621497417713,0.0469907297174359,0.22349749106251693
2025-10-28 13:16:17.583,3.274339861318367,1.479735993396389,0.04683278183256334,0.2232605692352081
2025-10-28 13:16:18.618,3.274260887375931,1.4789462539720262,0.04825431279641634,0.22310262135033554
2025-10-28 13:16:19.647,3.2744188352608035,1.4790252279144624,0.0477014951993624,0.2228656995230267
2025-10-28 13:16:20.676,3.2746557570881123,1.4790252279144624,0.04722765154474473,0.22555081356586015
2025-10-28 13:16:21.708,3.2750506268002937,1.4787093321447173,0.04959686981783307,0.22333954317764437
2025-10-28 13:16:22.741,3.2750506268002937,1.479183175799335,0.0484122606812889,0.22294467346546298
2025-10-28 13:16:23.774,3.2759193401670927,1.480288810993443,0.047464573372053565,0.2225498037532816
2025-10-28 13:16:24.799,3.2750506268002937,1.4793411236842076,0.05030763529975957,0.22365543894738948
2025-10-28 13:16:25.832,3.2760772880519653,1.4796570194539527,0.04651688606281823,0.22239185586840904
2025-10-28 13:16:26.861,3.2759193401670927,1.478630358202281,0.04730662548718101,0.22476107414149737
2025-10-28 13:16:27.890,3.27576139228222,1.4785513842598448,0.047859443084234954,0.22420825654444343
2025-10-28 13:16:28.922,3.2758403662246565,1.4794200976266438,0.04904405222077912,0.2232605692352081
2025-10-28 13:16:29.947,3.2761562619944016,1.4789462539720262,0.04793841702667123,0.22168109038648254
2025-10-28 13:16:30.981,3.2767090795914555,1.47886728002959,0.050386609242195846,0.2232605692352081
2025-10-28 13:16:32.016,3.2764721577641467,1.4793411236842076,0.04683278183256334,0.22373441288982576
2025-10-28 13:16:33.040,3.2761562619944016,1.4794200976266438,0.050386609242195846,0.22365543894738948
2025-10-28 13:16:34.072,3.276867027476328,1.479183175799335,0.04975481770270562,0.22484004808393365
2025-10-28 13:16:35.102,3.2773408711309457,1.4794200976266438,0.047780469141798676,0.22262877769571787
2025-10-28 13:16:36.132,3.277656766900691,1.4789462539720262,0.0469907297174359,0.22294467346546298
2025-10-28 13:16:37.160,3.277182923246073,1.6029353435969824,0.047464573372053565,0.22294467346546298
2025-10-28 13:16:38.188,3.2778147147855634,1.6037250830213452,0.04722765154474473,0.22247082981084532
2025-10-28 13:16:39.220,3.2781306105553085,1.603962004848654,0.04864918250859773,0.22389236077469832
2025-10-28 13:16:40.250,3.2786834281523625,1.603962004848654,0.04722765154474473,0.22199698615622765
2025-10-28 13:16:41.279,3.278841376037235,1.6035671351364726,0.04738559942961729,0.2239713347171346
2025-10-28 13:16:42.307,3.2793152196918527,1.603962004848654,0.04793841702667123,0.22365543894738948
2025-10-28 13:16:43.339,3.2797890633464704,1.6038830309062178,0.047780469141798676,0.22373441288982576
2025-10-28 13:16:44.365,3.2795521415191615,1.6038040569637815,0.0469907297174359,0.22223390798353648
2025-10-28 13:16:45.393,3.2801049591162155,1.6038040569637815,0.047464573372053565,0.22302364740789926
2025-10-28 13:16:46.418,3.280578802770833,1.6038830309062178,0.04849123462372518,0.22531389173855132
2025-10-28 13:16:47.447,3.2801049591162155,1.6045937963881443,0.05014968741488701,0.22207596009866393
2025-10-28 13:16:48.476,3.280578802770833,1.603962004848654,0.0505445571270684,0.2246821001990611
2025-10-28 13:16:49.504,3.2803418809435243,1.6028563696545461,0.0469907297174359,0.2232605692352081
2025-10-28 13:16:50.533,3.2806577767132694,1.6041199527335266,0.04651688606281823,0.22278672558059043
2025-10-28 13:16:51.563,3.281052646425451,1.6034091872516,0.04833328673885262,0.22389236077469832
2025-10-28 13:16:52.592,3.281052646425451,1.6037250830213452,0.0484122606812889,0.2218390382713551
2025-10-28 13:16:53.621,3.2815264900800685,1.603093291481855,0.04833328673885262,0.2253928656809876
2025-10-28 13:16:54.650,3.2816054640225047,1.6031722654242913,0.04793841702667123,0.22199698615622765
2025-10-28 13:16:55.676,3.282237255561995,1.6035671351364726,0.047859443084234954,0.22420825654444343
2025-10-28 13:16:56.704,3.28255315133174,1.6038830309062178,0.048175338853980065,0.22294467346546298
2025-10-28 13:16:57.735,3.2826321252741764,1.6038830309062178,0.0469907297174359,0.2232605692352081
2025-10-28 13:16:58.762,3.2827110992166126,1.6040409787910903,0.047780469141798676,0.2228656995230267
2025-10-28 13:16:59.790,3.2831849428712303,1.6037250830213452,0.04793841702667123,0.22341851712008065
2025-10-28 13:17:00.819,3.2838167344107205,1.6043568745608354,0.05014968741488701,0.22381338683226204
2025-10-28 13:17:01.850,3.2837377604682843,1.6041199527335266,0.048886104335906566,0.22310262135033554
2025-10-28 13:17:02.884,3.2840536562380294,1.6026984217696736,0.04730662548718101,0.2225498037532816
2025-10-28 13:17:03.912,3.2840536562380294,1.6038830309062178,0.04738559942961729,0.2218390382713551
2025-10-28 13:17:04.941,3.2846064738350833,1.6033302133091638,0.04730662548718101,0.22302364740789926
2025-10-28 13:17:05.969,3.2849223696048284,1.6037250830213452,0.04833328673885262,0.22223390798353648
2025-10-28 13:17:06.999,3.2854751872018824,1.6034881611940364,0.04730662548718101,0.22318159529277182
2025-10-28 13:17:08.035,3.284764421719956,1.6034881611940364,0.04651688606281823,0.22333954317764437
2025-10-28 13:17:09.063,3.2851592914321373,1.6034091872516,0.04722765154474473,0.22547183962342388
2025-10-28 13:17:10.090,3.2860280047989363,1.603093291481855,0.04762252125692612,0.22278672558059043
2025-10-28 13:17:11.115,3.2864228745111177,1.603646109078909,0.04691175577499962,0.2235764650049532
2025-10-28 13:17:12.141,3.2865808223959903,1.6041199527335266,0.047464573372053565,0.22484004808393365
2025-10-28 13:17:13.166,3.286738770280863,1.6041989266759629,0.04683278183256334,0.2218390382713551
2025-10-28 13:17:14.199,3.286501848453554,1.6034091872516,0.04872815645103401,0.22365543894738948
2025-10-28 13:17:15.230,3.287370561820353,1.6032512393667275,0.04793841702667123,0.2218390382713551
2025-10-28 13:17:16.263,3.2869756921081716,1.6037250830213452,0.05030763529975957,0.22270775163815415
2025-10-28 13:17:17.288,3.288160301244716,1.603646109078909,0.04691175577499962,0.22310262135033554
2025-10-28 13:17:18.312,3.288239275187152,1.6037250830213452,0.04738559942961729,0.22231288192597276
2025-10-28 13:17:19.336,3.2883182491295884,1.7014948237574572,0.0469907297174359,0.2232605692352081
2025-10-28 13:17:20.362,3.2883972230720246,1.700863032217967,0.047859443084234954,0.22436620442931599
2025-10-28 13:17:21.391,3.2883972230720246,1.7010209801028395,0.0469907297174359,0.22278672558059043
2025-10-28 13:17:22.419,3.2894238843236963,1.7007050843330944,0.04762252125692612,0.22412928260200715
2025-10-28 13:17:23.443,3.28934491038126,1.700863032217967,0.04722765154474473,0.2232605692352081
2025-10-28 13:17:24.466,3.2898187540358776,1.7009420061604033,0.04809636491154379,0.22405030865957087
2025-10-28 13:17:25.490,3.289897727978314,1.700863032217967,0.0477014951993624,0.22152314250160998
2025-10-28 13:17:26.514,3.2903715716329316,1.7009420061604033,0.04904405222077912,0.22247082981084532
2025-10-28 13:17:27.544,3.290450545575368,1.7010209801028395,0.0505445571270684,0.2228656995230267
2025-10-28 13:17:28.571,3.290529519517804,1.7010999540452758,0.047780469141798676,0.2225498037532816
2025-10-28 13:17:29.597,3.2912402849997306,1.701178927987712,0.048175338853980065,0.22341851712008065
2025-10-28 13:17:30.626,3.291398232884603,1.700863032217967,0.04714867760230845,0.22239185586840904
2025-10-28 13:17:31.652,3.2912402849997306,1.700863032217967,0.047780469141798676,0.22176006432891882
2025-10-28 13:17:32.680,3.291635154711912,1.7013368758725846,0.04722765154474473,0.22302364740789926
2025-10-28 13:17:33.707,3.2920300244240934,1.7010209801028395,0.04683278183256334,0.22231288192597276
2025-10-28 13:17:34.733,3.292819763848456,1.7012579019301484,0.04754354731448984,0.22310262135033554
2025-10-28 13:17:35.768,3.2926618159635836,1.700310214620913,0.04880713039347029,0.22484004808393365
2025-10-28 13:17:36.794,3.292503868078711,1.7015737976998935,0.046358938177945674,0.2253928656809876
2025-10-28 13:17:37.824,3.292819763848456,1.7010209801028395,0.04975481770270562,0.22341851712008065
2025-10-28 13:17:38.854,3.29337258144551,1.7013368758725846,0.04991276558757818,0.2257087614507327
2025-10-28 13:17:39.885,3.2937674511576915,1.7012579019301484,0.049675843760269345,0.22302364740789926
2025-10-28 13:17:40.916,3.293925399042564,1.7016527716423298,0.04809636491154379,0.22349749106251693
2025-10-28 13:17:41.943,3.2940833469274367,1.7010999540452758,0.04722765154474473,0.22389236077469832
2025-10-28 13:17:42.975,3.2945571905820543,1.7015737976998935,0.04714867760230845,0.2228656995230267
2025-10-28 13:17:44.006,3.2951100081791083,1.7009420061604033,0.050070713472450734,0.22168109038648254
2025-10-28 13:17:45.036,3.294715138466927,1.7010999540452758,0.04849123462372518,0.22310262135033554
2025-10-28 13:17:46.068,3.2951100081791083,1.7010209801028395,0.04959686981783307,0.22333954317764437
2025-10-28 13:17:47.101,3.295899747603471,1.7003891885633493,0.04864918250859773,0.22294467346546298
2025-10-28 13:17:48.130,3.2959787215459073,1.701178927987712,0.04833328673885262,0.22207596009866393
2025-10-28 13:17:49.162,3.296215643373216,1.7013368758725846,0.04849123462372518,0.22294467346546298
2025-10-28 13:17:50.194,3.2965315391429613,1.7018107195272023,0.04683278183256334,0.22412928260200715
2025-10-28 13:17:51.226,3.2965315391429613,1.7796790267693723,0.04722765154474473,0.22444517837175226
2025-10-28 13:17:52.252,3.29676846097027,1.7789682612874458,0.048570208566161455,0.22333954317764437
2025-10-28 13:17:53.275,3.296689487027834,1.7796790267693723,0.0477014951993624,0.22555081356586015
2025-10-28 13:17:54.307,3.2972423046248878,1.7004681625057856,0.04809636491154379,0.2232605692352081
2025-10-28 13:17:55.340,3.298189991934123,1.7796790267693723,0.050070713472450734,0.22341851712008065
2025-10-28 13:17:56.371,3.2977951222219417,1.779600052826936,0.04904405222077912,0.22452415231418854
2025-10-28 13:17:57.398,3.298189991934123,1.7788892873450095,0.04864918250859773,0.22420825654444343
2025-10-28 13:17:58.431,3.298742809531177,1.7794421049420635,0.048175338853980065,0.2218390382713551
2025-10-28 13:17:59.460,3.2993746010706673,1.7791262091723183,0.048570208566161455,0.22405030865957087
2025-10-28 13:18:00.492,3.299295627128231,1.7797580007118086,0.04825431279641634,0.22207596009866393
2025-10-28 13:18:01.520,3.299848444725285,1.7803897922512988,0.04849123462372518,0.22333954317764437
2025-10-28 13:18:02.551,3.29953254895554,1.7795210788844997,0.04801739096910751,0.22239185586840904
2025-10-28 13:18:03.580,3.2997694707828487,1.779600052826936,0.04872815645103401,0.22310262135033554
2025-10-28 13:18:04.612,3.301033053861829,1.7803108183088625,0.04730662548718101,0.22223390798353648
2025-10-28 13:18:05.643,3.300401262322339,1.7799159485966811,0.04738559942961729,0.2235764650049532
2025-10-28 13:18:06.670,3.301033053861829,1.7802318443664262,0.04991276558757818,0.22176006432891882
2025-10-28 13:18:07.698,3.3011910017467017,1.7799949225391174,0.04825431279641634,0.22341851712008065
2025-10-28 13:18:08.731,3.301348949631574,1.7802318443664262,0.047780469141798676,0.22231288192597276
2025-10-28 13:18:09.760,3.3011910017467017,1.7800738964815537,0.04730662548718101,0.22484004808393365
2025-10-28 13:18:10.788,3.3016648454013193,1.7794421049420635,0.046753807890127064,0.2221549340411002
2025-10-28 13:18:11.820,3.3025335587681184,1.7797580007118086,0.048570208566161455,0.22381338683226204
2025-10-28 13:18:12.848,3.302770480595427,1.7788892873450095,0.048175338853980065,0.2228656995230267
2025-10-28 13:18:13.879,3.3029284284802998,1.7796790267693723,0.04849123462372518,0.22310262135033554
2025-10-28 13:18:14.905,3.3031653503076086,1.7793631309996272,0.04730662548718101,0.22310262135033554
2025-10-28 13:18:15.937,3.30356022001979,1.7802318443664262,0.04722765154474473,0.22436620442931599
2025-10-28 13:18:16.970,3.303797141847099,1.779284157057191,0.0484122606812889,0.2225498037532816
2025-10-28 13:18:18.000,3.3045079073290253,1.7799159485966811,0.047464573372053565,0.22412928260200715
2025-10-28 13:18:19.024,3.304665855213898,1.7802318443664262,0.0505445571270684,0.2221549340411002
2025-10-28 13:18:20.056,3.304665855213898,1.7799159485966811,0.0477014951993624,0.22247082981084532
2025-10-28 13:18:21.083,3.304665855213898,1.7800738964815537,0.0484122606812889,0.22270775163815415
2025-10-28 13:18:22.110,3.305218672810952,1.7791262091723183,0.048570208566161455,0.2214441685591737
2025-10-28 13:18:23.142,3.305534568580697,1.7794421049420635,0.048570208566161455,0.22365543894738948
2025-10-28 13:18:24.173,3.3057714904080058,1.7803108183088625,0.046753807890127064,0.22231288192597276
2025-10-28 13:18:25.200,3.306640203774805,1.7788892873450095,0.04872815645103401,0.22389236077469832
2025-10-28 13:18:26.228,3.3064822558899323,1.779600052826936,0.047859443084234954,0.2235764650049532
2025-10-28 13:18:27.255,3.3065612298323686,1.7795210788844997,0.05014968741488701,0.22341851712008065
2025-10-28 13:18:28.288,3.306640203774805,1.7802318443664262,0.04801739096910751,0.22191801221379137
2025-10-28 13:18:29.321,3.307271995314295,1.7794421049420635,0.0505445571270684,0.22436620442931599
2025-10-28 13:18:30.347,3.3076668650264764,1.7799159485966811,0.0491230261632154,0.22318159529277182
2025-10-28 13:18:31.377,3.3079037868537853,1.7795210788844997,0.04659586000525451,0.22341851712008065
2025-10-28 13:18:32.408,3.308061734738658,1.779600052826936,0.04730662548718101,0.22484004808393365
2025-10-28 13:18:33.438,3.308061734738658,1.8472807214948261,0.05046558318463212,0.22373441288982576
2025-10-28 13:18:34.469,3.308614552335712,1.8470437996675173,0.04825431279641634,0.22476107414149737
2025-10-28 13:18:35.497,3.3093253178176383,1.8463330341855908,0.04651688606281823,0.22333954317764437
2025-10-28 13:18:36.525,3.309483265702511,1.8462540602431545,0.04880713039347029,0.22270775163815415
2025-10-28 13:18:37.555,3.309246343875202,1.846964825725081,0.046753807890127064,0.22278672558059043
2025-10-28 13:18:38.584,3.3096412135873834,1.8459381644734094,0.04754354731448984,0.22515594385367876
2025-10-28 13:18:39.615,3.3098781354146922,1.8470437996675173,0.04651688606281823,0.22460312625662482
2025-10-28 13:18:40.648,3.3105889008966187,1.8467279038977722,0.04722765154474473,0.2232605692352081
2025-10-28 13:18:41.676,3.310667874839055,1.8458591905309731,0.04754354731448984,0.22412928260200715
2025-10-28 13:18:42.704,3.310667874839055,1.8463330341855908,0.048570208566161455,0.22381338683226204
2025-10-28 13:18:43.734,3.3112996663785452,1.8476755912070075,0.0484122606812889,0.22318159529277182
2025-10-28 13:18:44.762,3.311536588205854,1.8461750863007182,0.04809636491154379,0.22460312625662482
2025-10-28 13:18:45.790,3.311536588205854,1.8473596954372624,0.04833328673885262,0.22262877769571787
2025-10-28 13:18:46.819,3.3119314579180354,1.8471227736099536,0.04825431279641634,0.22381338683226204
2025-10-28 13:18:47.847,3.3122473536877806,1.8472017475523899,0.048965078278342844,0.22349749106251693
2025-10-28 13:18:48.878,3.3131160670545796,1.8468068778402085,0.04730662548718101,0.22476107414149737
2025-10-28 13:18:49.908,3.312879145227271,1.8468068778402085,0.050386609242195846,0.22318159529277182
2025-10-28 13:18:50.939,3.313826832536506,1.8476755912070075,0.04714867760230845,0.22365543894738948
2025-10-28 13:18:51.972,3.313195040997016,1.8462540602431545,0.0469907297174359,0.2242872304868797
2025-10-28 13:18:52.999,3.31374785859407,1.8462540602431545,0.04849123462372518,0.22476107414149737
2025-10-28 13:18:54.031,3.3141427283062512,1.8460171384158457,0.04849123462372518,0.22199698615622765
2025-10-28 13:18:55.063,3.314300676191124,1.8473596954372624,0.04849123462372518,0.22270775163815415
2025-10-28 13:18:56.095,3.3144586240759963,1.8472807214948261,0.04825431279641634,0.2225498037532816
2025-10-28 13:18:57.122,3.3156432332125405,1.8468068778402085,0.0491230261632154,0.22318159529277182
2025-10-28 13:18:58.150,3.3155642592701042,1.8474386693796987,0.04801739096910751,0.22294467346546298
2025-10-28 13:18:59.182,3.315485285327668,1.8472807214948261,0.04849123462372518,0.22484004808393365
2025-10-28 13:19:00.214,3.3155642592701042,1.8459381644734094,0.046674833947690786,0.22223390798353648
2025-10-28 13:19:01.244,3.3159591289822856,1.8465699560128996,0.04754354731448984,0.22294467346546298
2025-10-28 13:19:02.270,3.316353998694467,1.846648929955336,0.049280974048087955,0.2228656995230267
2025-10-28 13:19:03.302,3.316353998694467,1.8472017475523899,0.04754354731448984,0.22333954317764437
2025-10-28 13:19:04.334,3.316906816291521,1.846648929955336,0.047780469141798676,0.22199698615622765
2025-10-28 13:19:05.367,3.3176965557158837,1.8468858517826447,0.049675843760269345,0.22223390798353648
2025-10-28 13:19:06.399,3.31777552965832,1.8464909820704634,0.0469907297174359,0.2235764650049532
2025-10-28 13:19:07.427,3.3184073211978102,1.8459381644734094,0.04833328673885262,0.22294467346546298
2025-10-28 13:19:08.454,3.318091425428065,1.8468858517826447,0.04683278183256334,0.22191801221379137
2025-10-28 13:19:09.484,3.318881164852428,1.8472807214948261,0.0469907297174359,0.22262877769571787
2025-10-28 13:19:10.514,3.3192760345646093,1.846964825725081,0.04659586000525451,0.22223390798353648
2025-10-28 13:19:11.547,3.3191180866797367,1.846648929955336,0.048175338853980065,0.2242872304868797
2025-10-28 13:19:12.578,3.319749878219227,1.8467279038977722,0.04659586000525451,0.22310262135033554
2025-10-28 13:19:13.603,3.319986800046536,1.846412008128027,0.04793841702667123,0.22420825654444343
2025-10-28 13:19:14.630,3.3193550085070456,1.8468068778402085,0.04872815645103401,0.22270775163815415
2025-10-28 13:19:15.660,3.3196709042767907,1.8464909820704634,0.04833328673885262,0.22405030865957087
2025-10-28 13:19:16.692,3.320381669758717,1.8464909820704634,0.04793841702667123,0.22223390798353648
2025-10-28 13:19:17.725,3.3210924352406437,1.846964825725081,0.04825431279641634,0.22405030865957087
2025-10-28 13:19:18.752,3.3210134612982074,1.8464909820704634,0.04801739096910751,0.2225498037532816
2025-10-28 13:19:19.779,3.320855513413335,1.9047737515884364,0.04825431279641634,0.2242872304868797
2025-10-28 13:19:20.811,3.321487304952825,1.8468068778402085,0.048965078278342844,0.2235764650049532
2025-10-28 13:19:21.839,3.3216452528376976,1.904931699473309,0.048175338853980065,0.2264985008750955
2025-10-28 13:19:22.871,3.3218821746650065,1.9047737515884364,0.047859443084234954,0.22318159529277182
2025-10-28 13:19:23.903,3.3225139662044967,1.9048527255308727,0.04833328673885262,0.2249979959688062
2025-10-28 13:19:24.934,3.3227508880318055,1.9046947776460001,0.04659586000525451,0.22176006432891882
2025-10-28 13:19:25.966,3.323461653513732,1.9051686213006178,0.04809636491154379,0.22365543894738948
2025-10-28 13:19:26.994,3.323461653513732,1.9057214388976718,0.04691175577499962,0.22278672558059043
2025-10-28 13:19:28.025,3.3236196013986046,1.9056424649552355,0.04683278183256334,0.22239185586840904
2025-10-28 13:19:29.058,3.3244093408229674,1.905247595243054,0.0498337916451419,0.2228656995230267
2025-10-28 13:19:30.085,3.3247252365927125,1.9064322043795983,0.04793841702667123,0.2232605692352081
2025-10-28 13:19:31.115,3.324646262650276,1.905247595243054,0.047859443084234954,0.22239185586840904
2025-10-28 13:19:32.138,3.324883184477585,1.904378881876255,0.05022866135732329,0.22420825654444343
2025-10-28 13:19:33.171,3.3247252365927125,1.9057214388976718,0.04722765154474473,0.2228656995230267
2025-10-28 13:19:34.205,3.3253570281322027,1.9053265691854904,0.04762252125692612,0.22515594385367876
2025-10-28 13:19:35.230,3.326067793614129,1.904931699473309,0.05014968741488701,0.22278672558059043
2025-10-28 13:19:36.258,3.326067793614129,1.9050896473581815,0.048570208566161455,0.22341851712008065
2025-10-28 13:19:37.291,3.3264626633263106,1.904931699473309,0.047780469141798676,0.22365543894738948
2025-10-28 13:19:38.324,3.3263836893838743,1.9050896473581815,0.04825431279641634,0.22373441288982576
2025-10-28 13:19:39.356,3.326857533038492,1.9048527255308727,0.04738559942961729,0.22231288192597276
2025-10-28 13:19:40.384,3.3276472724628547,1.9050896473581815,0.050386609242195846,0.2228656995230267
2025-10-28 13:19:41.411,3.327173428808237,1.9058793867825443,0.04683278183256334,0.22349749106251693
2025-10-28 13:19:42.440,3.3276472724628547,1.9055634910127992,0.0491230261632154,0.22318159529277182
2025-10-28 13:19:43.473,3.328042142175036,1.9060373346674169,0.04801739096910751,0.22247082981084532
2025-10-28 13:19:44.501,3.32859495977209,1.9053265691854904,0.04801739096910751,0.22405030865957087
2025-10-28 13:19:45.528,3.3283580379447812,1.9045368297611276,0.04801739096910751,0.22262877769571787
2025-10-28 13:19:46.558,3.3290688034267077,1.905247595243054,0.04722765154474473,0.22452415231418854
2025-10-28 13:19:47.590,3.3290688034267077,1.9053265691854904,0.04801739096910751,0.2228656995230267
2025-10-28 13:19:48.619,3.3298585428510705,1.9051686213006178,0.04683278183256334,0.2239713347171346
2025-10-28 13:19:49.649,3.330253412563252,1.9050106734157453,0.0469907297174359,0.22207596009866393
2025-10-28 13:19:50.679,3.330569308332997,1.905484517070363,0.04738559942961729,0.22523491779611504
2025-10-28 13:19:51.707,3.3307272562178696,1.9050106734157453,0.047780469141798676,0.22349749106251693
2025-10-28 13:19:52.736,3.330806230160306,1.9058793867825443,0.048886104335906566,0.2225498037532816
2025-10-28 13:19:53.763,3.3307272562178696,1.9051686213006178,0.05046558318463212,0.22349749106251693
2025-10-28 13:19:54.792,3.33135904775736,1.9056424649552355,0.0469907297174359,0.22333954317764437
2025-10-28 13:19:55.825,3.3319118653544137,1.9053265691854904,0.0505445571270684,0.22381338683226204
2025-10-28 13:19:56.861,3.33199083929685,1.9059583607249806,0.04833328673885262,0.22484004808393365
2025-10-28 13:19:57.895,3.3324646829514677,1.9051686213006178,0.04762252125692612,0.2225498037532816
2025-10-28 13:19:58.926,3.332859552663649,1.905484517070363,0.048570208566161455,0.22412928260200715
2025-10-28 13:19:59.954,3.3323857090090314,1.9051686213006178,0.050386609242195846,0.22333954317764437
2025-10-28 13:20:00.982,3.3330175005485216,1.904378881876255,0.04730662548718101,0.225787735393169
2025-10-28 13:20:02.011,3.333649292088012,1.905247595243054,0.04683278183256334,0.2232605692352081
2025-10-28 13:20:03.039,3.3338862139153207,1.905800412840108,0.04651688606281823,0.2242872304868797
2025-10-28 13:20:04.067,3.333965187857757,1.9059583607249806,0.04754354731448984,0.22341851712008065
2025-10-28 13:20:05.097,3.334596979397247,1.905800412840108,0.046753807890127064,0.2246821001990611
2025-10-28 13:20:06.124,3.3347549272821198,1.9048527255308727,0.04754354731448984,0.2235764650049532
2025-10-28 13:20:07.153,3.335149796994301,1.9056424649552355,0.04793841702667123,0.22349749106251693
2025-10-28 13:20:08.179,3.335149796994301,1.9048527255308727,0.04651688606281823,0.22476107414149737
2025-10-28 13:20:09.207,3.3358605624762276,1.9053265691854904,0.048175338853980065,0.22278672558059043
2025-10-28 13:20:10.237,3.3357815885337914,1.9046158037035639,0.0477014951993624,0.22239185586840904
2025-10-28 13:20:11.266,3.3364133800732816,1.905800412840108,0.04849123462372518,0.22373441288982576
2025-10-28 13:20:12.295,3.336808249785463,1.9047737515884364,0.04730662548718101,0.22191801221379137
2025-10-28 13:20:13.321,3.337045171612772,1.9050896473581815,0.04801739096910751,0.22341851712008065
2025-10-28 13:20:14.352,3.337440041324953,1.9045368297611276,0.04683278183256334,0.2225498037532816
2025-10-28 13:20:15.383,3.3378349110371346,1.9047737515884364,0.0484122606812889,0.22333954317764437
2025-10-28 13:20:16.413,3.3378349110371346,1.9048527255308727,0.04683278183256334,0.2228656995230267
2025-10-28 13:20:17.445,3.338229780749316,1.9054055431279266,0.04762252125692612,0.2235764650049532
2025-10-28 13:20:18.478,3.338229780749316,1.905800412840108,0.04809636491154379,0.22365543894738948
2025-10-28 13:20:19.508,3.338861572288806,1.9057214388976718,0.04833328673885262,0.22389236077469832
2025-10-28 13:20:20.536,3.339335415943424,1.904931699473309,0.0477014951993624,0.2225498037532816
2025-10-28 13:20:21.568,3.3390195201736788,1.905800412840108,0.04722765154474473,0.22310262135033554
2025-10-28 13:20:22.601,3.3398092595980415,1.9055634910127992,0.04991276558757818,0.2246821001990611
2025-10-28 13:20:23.632,3.340283103252659,1.9050106734157453,0.046753807890127064,0.2221549340411002
2025-10-28 13:20:24.664,3.339967207482914,1.9051686213006178,0.048175338853980065,0.22373441288982576
2025-10-28 13:20:25.696,3.3409148947921494,1.9047737515884364,0.04872815645103401,0.22262877769571787
2025-10-28 13:20:26.725,3.341072842677022,1.905247595243054,0.04730662548718101,0.2232605692352081
2025-10-28 13:20:27.755,3.341388738446767,1.9054055431279266,0.0469907297174359,0.22207596009866393
2025-10-28 13:20:28.783,3.341309764504331,1.9058793867825443,0.047780469141798676,0.2232605692352081
2025-10-28 13:20:29.808,3.341388738446767,1.9048527255308727,0.04730662548718101,0.22452415231418854
2025-10-28 13:20:30.832,3.341941556043821,1.9563437359993259,0.0491230261632154,0.22270775163815415
2025-10-28 13:20:31.856,3.3423364257560024,1.904931699473309,0.046753807890127064,0.22199698615622765
2025-10-28 13:20:32.880,3.342494373640875,1.948683263583007,0.04651688606281823,0.2253928656809876
2025-10-28 13:20:33.904,3.343126165180365,1.9044578558186913,0.048886104335906566,0.22381338683226204
2025-10-28 13:20:34.928,3.3434420609501103,1.9562647620568896,0.049280974048087955,0.2228656995230267
2025-10-28 13:20:35.951,3.3432841130652378,1.955790918402272,0.047069703659872175,0.22278672558059043
2025-10-28 13:20:36.975,3.3435210348925466,1.9570545014812524,0.047859443084234954,0.22247082981084532
2025-10-28 13:20:38.001,3.3438369306622917,1.9564227099417622,0.046674833947690786,0.22373441288982576
2025-10-28 13:20:39.032,3.3443897482593457,1.956106814172017,0.04801739096910751,0.2239713347171346
2025-10-28 13:20:40.063,3.344231800374473,1.955790918402272,0.04833328673885262,0.22476107414149737
2025-10-28 13:20:41.094,3.344547696144218,1.956659631769071,0.04801739096910751,0.2225498037532816
2025-10-28 13:20:42.126,3.3446266700866545,1.9558698923447082,0.04714867760230845,0.22420825654444343
2025-10-28 13:20:43.150,3.345100513741272,1.9564227099417622,0.04754354731448984,0.22373441288982576
2025-10-28 13:20:44.175,3.345969227108071,1.9561857881144533,0.046753807890127064,0.22491902202636993
2025-10-28 13:20:45.199,3.3454953834534535,1.9554750226325268,0.046358938177945674,0.22239185586840904
2025-10-28 13:20:46.227,3.3458112792231987,1.955553996574963,0.04825431279641634,0.22310262135033554
2025-10-28 13:20:47.255,3.3462851228778163,1.955553996574963,0.04801739096910751,0.2228656995230267
2025-10-28 13:20:48.283,3.346758966532434,1.9562647620568896,0.04714867760230845,0.2239713347171346
2025-10-28 13:20:49.306,3.3466799925899977,1.9557119444598356,0.04762252125692612,0.22294467346546298
2025-10-28 13:20:50.331,3.346995888359743,1.956106814172017,0.0491230261632154,0.2221549340411002
2025-10-28 13:20:51.355,3.347074862302179,1.9556329705173994,0.049991739530014456,0.2232605692352081
2025-10-28 13:20:52.389,3.347627679899233,1.956106814172017,0.048886104335906566,0.22412928260200715
2025-10-28 13:20:53.419,3.3481015235538507,1.9564227099417622,0.048175338853980065,0.22294467346546298
2025-10-28 13:20:54.452,3.3477856277841056,1.9564227099417622,0.048175338853980065,0.22231288192597276
2025-10-28 13:20:55.482,3.348496393266032,1.9551591268627817,0.04730662548718101,0.22333954317764437
2025-10-28 13:20:56.512,3.3488912629782135,1.956659631769071,0.04920200010565168,0.2232605692352081
2025-10-28 13:20:57.544,3.348733315093341,1.9564227099417622,0.04793841702667123,0.22444517837175226
2025-10-28 13:20:58.574,3.3491281848055223,1.9561857881144533,0.04754354731448984,0.22302364740789926
2025-10-28 13:20:59.602,3.3496810024025763,1.9565016838841984,0.04691175577499962,0.2235764650049532
2025-10-28 13:21:00.635,3.3496810024025763,1.9561857881144533,0.047859443084234954,0.22302364740789926
2025-10-28 13:21:01.667,3.3500758721147577,1.9558698923447082,0.04904405222077912,0.22412928260200715
2025-10-28 13:21:02.693,3.3503127939420665,1.9560278402295808,0.049675843760269345,0.22491902202636993
2025-10-28 13:21:03.723,3.350470741826939,1.9561857881144533,0.04714867760230845,0.2239713347171346
2025-10-28 13:21:04.752,3.350707663654248,1.956975527538816,0.04825431279641634,0.22278672558059043
2025-10-28 13:21:05.784,3.351260481251302,1.9558698923447082,0.04991276558757818,0.22381338683226204
2025-10-28 13:21:06.814,3.351655350963483,1.9565806578266347,0.04730662548718101,0.2228656995230267
2025-10-28 13:21:07.843,3.3517343249059195,1.9559488662871445,0.04722765154474473,0.22436620442931599
2025-10-28 13:21:08.876,3.352445090387846,1.956659631769071,0.04683278183256334,0.22349749106251693
2025-10-28 13:21:09.907,3.3529979079849,1.956106814172017,0.04730662548718101,0.22484004808393365
2025-10-28 13:21:10.936,3.353313803754645,1.9565806578266347,0.04809636491154379,0.22278672558059043
2025-10-28 13:21:11.965,3.3540245692365716,1.956106814172017,0.0477014951993624,0.2253928656809876
2025-10-28 13:21:12.994,3.353866621351699,1.9561857881144533,0.04683278183256334,0.22270775163815415
2025-10-28 13:21:14.020,3.3543404650063167,1.9562647620568896,0.049280974048087955,0.2228656995230267
2025-10-28 13:21:15.049,3.3542614910638804,1.9565806578266347,0.04935994799052423,0.22460312625662482
2025-10-28 13:21:16.076,3.354498412891189,1.9564227099417622,0.048175338853980065,0.22318159529277182
2025-10-28 13:21:17.101,3.354735334718498,1.9562647620568896,0.04730662548718101,0.22349749106251693
2025-10-28 13:21:18.128,3.3552091783731157,1.9557119444598356,0.04833328673885262,0.22412928260200715
2025-10-28 13:21:19.159,3.355288152315552,1.9565016838841984,0.04762252125692612,0.22373441288982576
2025-10-28 13:21:20.191,3.355919943855042,1.9557119444598356,0.048175338853980065,0.2246821001990611
2025-10-28 13:21:21.225,3.3563148135672236,1.9564227099417622,0.04880713039347029,0.2257087614507327
2025-10-28 13:21:22.258,3.3565517353945324,1.9563437359993259,0.04722765154474473,0.22191801221379137
2025-10-28 13:21:23.290,3.356946605106714,1.956659631769071,0.04754354731448984,0.22365543894738948
2025-10-28 13:21:24.324,3.3574994227037678,1.9558698923447082,0.04872815645103401,0.22365543894738948
2025-10-28 13:21:25.351,3.357341474818895,1.9564227099417622,0.0477014951993624,0.22278672558059043
2025-10-28 13:21:26.385,3.357262500876459,1.955790918402272,0.04738559942961729,0.22586670933560526
2025-10-28 13:21:27.417,3.357578396646204,1.9573703972509975,0.047859443084234954,0.22318159529277182
2025-10-28 13:21:28.450,3.3574994227037678,1.956975527538816,0.048886104335906566,0.22523491779611504
2025-10-28 13:21:29.482,3.357815318473513,1.9565016838841984,0.04643791212038195,0.22634055299022293
2025-10-28 13:21:30.506,3.358131214243258,1.9562647620568896,0.04880713039347029,0.22341851712008065
2025-10-28 13:21:31.535,3.3588419797251845,1.9563437359993259,0.048570208566161455,0.2228656995230267
2025-10-28 13:21:32.562,3.359236849437366,1.9561857881144533,0.0498337916451419,0.225787735393169
2025-10-28 13:21:33.591,3.359552745207111,1.955790918402272,0.04722765154474473,0.22294467346546298
2025-10-28 13:21:34.624,3.359552745207111,1.9571334754236887,0.047069703659872175,0.22476107414149737
2025-10-28 13:21:35.659,3.360342484631474,1.9568965535963798,0.048570208566161455,0.22460312625662482
2025-10-28 13:21:36.691,3.3596317191495473,1.955790918402272,0.047069703659872175,0.2225498037532816
2025-10-28 13:21:37.721,3.36042145857391,1.9559488662871445,0.04793841702667123,0.22562978750829643
2025-10-28 13:21:38.751,3.360658380401219,1.956106814172017,0.050070713472450734,0.22341851712008065
2025-10-28 13:21:39.780,3.3608953022285277,1.9560278402295808,0.04659586000525451,0.22168109038648254
2025-10-28 13:21:40.806,3.361527093768018,1.9567386057115073,0.04825431279641634,0.22452415231418854
2025-10-28 13:21:41.835,3.3611322240558366,1.9560278402295808,0.04793841702667123,0.2235764650049532
2025-10-28 13:21:42.861,3.361842989537763,1.9561857881144533,0.046674833947690786,0.22302364740789926
2025-10-28 13:21:43.888,3.3616850416528905,1.9559488662871445,0.04722765154474473,0.22333954317764437
2025-10-28 13:21:44.916,3.362079911365072,1.955790918402272,0.04762252125692612,0.2225498037532816
2025-10-28 13:21:45.943,3.362711702904562,1.9565016838841984,0.046753807890127064,0.22420825654444343
2025-10-28 13:21:46.969,3.3622378592499444,1.9564227099417622,0.05014968741488701,0.225787735393169
2025-10-28 13:21:47.996,3.362948624731871,1.9564227099417622,0.04683278183256334,0.2225498037532816
2025-10-28 13:21:49.023,3.3636593902137975,1.956106814172017,0.04801739096910751,0.2264195269326592
2025-10-28 13:21:50.050,3.36318554655918,1.9565806578266347,0.04738559942961729,0.22420825654444343
2025-10-28 13:21:51.076,3.36381733809867,1.9564227099417622,0.046674833947690786,0.22262877769571787
2025-10-28 13:21:52.110,3.363580416271361,1.9554750226325268,0.047859443084234954,0.2242872304868797
2025-10-28 13:21:53.139,3.3644491296381602,1.9564227099417622,0.04849123462372518,0.2225498037532816
2025-10-28 13:21:54.169,3.364607077523033,1.956975527538816,0.0484122606812889,0.2239713347171346
2025-10-28 13:21:55.198,3.3651598951200867,1.957212449366125,0.047069703659872175,0.22341851712008065
2025-10-28 13:21:56.227,3.365001947235214,1.9567386057115073,0.048886104335906566,0.22373441288982576
2025-10-28 13:21:57.256,3.365001947235214,1.956659631769071,0.047780469141798676,0.22349749106251693
2025-10-28 13:21:58.286,3.3653178430049593,1.9565016838841984,0.04951789587539679,0.22626157904778665
2025-10-28 13:21:59.316,3.365791686659577,1.9562647620568896,0.04651688606281823,0.22262877769571787
2025-10-28 13:22:00.343,3.3658706606020132,1.9561857881144533,0.04762252125692612,0.22476107414149737
2025-10-28 13:22:01.374,3.3662655303141946,1.9562647620568896,0.0491230261632154,0.22341851712008065
2025-10-28 13:22:02.402,3.3662655303141946,1.9573703972509975,0.04738559942961729,0.22460312625662482
2025-10-28 13:22:03.431,3.3667393739688123,1.956659631769071,0.04833328673885262,0.22373441288982576
2025-10-28 13:22:04.462,3.366897321853685,1.956659631769071,0.04943892193296051,0.2239713347171346
2025-10-28 13:22:05.491,3.36721321762343,1.9562647620568896,0.0484122606812889,0.22412928260200715
2025-10-28 13:22:06.520,3.367450139450739,1.9570545014812524,0.04722765154474473,0.22507696991124249
2025-10-28 13:22:07.547,3.3676080873356113,1.955790918402272,0.04991276558757818,0.22626157904778665
2025-10-28 13:22:08.571,3.368081930990229,1.9558698923447082,0.048175338853980065,0.2239713347171346
2025-10-28 13:22:09.600,3.3682398788751016,1.9559488662871445,0.04691175577499962,0.22231288192597276
2025-10-28 13:22:10.628,3.368397826759974,1.9563437359993259,0.0505445571270684,0.2235764650049532
2025-10-28 13:22:11.657,3.368081930990229,1.9568175796539435,0.046674833947690786,0.2228656995230267
2025-10-28 13:22:12.684,3.368634748587283,1.9559488662871445,0.04809636491154379,0.2235764650049532
2025-10-28 13:22:13.714,3.368871670414592,1.9558698923447082,0.04943892193296051,0.22460312625662482
2025-10-28 13:22:14.742,3.369266540126773,1.9559488662871445,0.04659586000525451,0.22365543894738948
2025-10-28 13:22:15.773,3.369266540126773,1.9565016838841984,0.04809636491154379,0.2228656995230267
2025-10-28 13:22:16.801,3.369740383781391,1.957212449366125,0.04651688606281823,0.22318159529277182
2025-10-28 13:22:17.826,3.3694244880116457,1.9560278402295808,0.04833328673885262,0.22333954317764437
2025-10-28 13:22:18.853,3.3699773056086997,1.9567386057115073,0.04825431279641634,0.22223390798353648
2025-10-28 13:22:19.884,3.3698983316662634,1.956106814172017,0.048175338853980065,0.22365543894738948
2025-10-28 13:22:20.910,3.370924992917935,1.9556329705173994,0.04833328673885262,0.2235764650049532
2025-10-28 13:22:21.938,3.3705301232057536,1.956106814172017,0.047069703659872175,0.22152314250160998
2025-10-28 13:22:22.969,3.3710039668603713,1.9563437359993259,0.04920200010565168,0.22302364740789926
2025-10-28 13:22:23.997,3.371161914745244,1.9561857881144533,0.04683278183256334,0.2225498037532816
2025-10-28 13:22:25.022,3.3708460189754987,1.956659631769071,0.047464573372053565,0.2235764650049532
2025-10-28 13:22:26.049,3.3710829408028076,1.9564227099417622,0.04730662548718101,0.22381338683226204
2025-10-28 13:22:27.077,3.3713198626301164,1.9570545014812524,0.04975481770270562,0.22302364740789926
2025-10-28 13:22:28.103,3.371714732342298,1.956106814172017,0.04738559942961729,0.22405030865957087
2025-10-28 13:22:29.130,3.3721885759969155,1.9571334754236887,0.04975481770270562,0.22318159529277182
2025-10-28 13:22:30.165,3.372030628112043,1.9563437359993259,0.0469907297174359,0.22365543894738948
2025-10-28 13:22:31.195,3.372583445709097,1.956106814172017,0.04762252125692612,0.22365543894738948
2025-10-28 13:22:32.223,3.373136263306151,1.9560278402295808,0.047780469141798676,0.22381338683226204
2025-10-28 13:22:33.250,3.3730572893637145,1.9559488662871445,0.04849123462372518,0.22294467346546298
2025-10-28 13:22:34.278,3.3733731851334596,1.9563437359993259,0.04730662548718101,0.22223390798353648
2025-10-28 13:22:35.305,3.3738470287880773,1.9568175796539435,0.04801739096910751,0.2253928656809876
2025-10-28 13:22:36.334,3.3736101069607685,1.9564227099417622,0.04793841702667123,0.22491902202636993
2025-10-28 13:22:37.358,3.37400497667295,1.955790918402272,0.04943892193296051,0.2225498037532816
2025-10-28 13:22:38.386,3.3742418985002587,1.9568175796539435,0.047069703659872175,0.22634055299022293
2025-10-28 13:22:39.414,3.3738470287880773,1.956659631769071,0.047780469141798676,0.22507696991124249
2025-10-28 13:22:40.440,3.374320872442695,1.9563437359993259,0.04714867760230845,0.22239185586840904
2025-10-28 13:22:41.467,3.3741629245578224,1.9556329705173994,0.047464573372053565,0.2239713347171346
2025-10-28 13:22:42.494,3.3750316379246215,1.9564227099417622,0.0469907297174359,0.22452415231418854
2025-10-28 13:22:43.522,3.3750316379246215,1.955553996574963,0.047780469141798676,0.2225498037532816
2025-10-28 13:22:44.552,3.3750316379246215,1.956106814172017,0.04738559942961729,0.22310262135033554
2025-10-28 13:22:45.578,3.3752685597519303,1.9557119444598356,0.05030763529975957,0.22349749106251693
2025-10-28 13:22:46.604,3.375505481579239,1.9563437359993259,0.047859443084234954,0.22373441288982576
2025-10-28 13:22:47.633,3.3752685597519303,1.9560278402295808,0.04833328673885262,0.22484004808393365
2025-10-28 13:22:48.659,3.3758213773489842,1.9567386057115073,0.048965078278342844,0.22333954317764437
2025-10-28 13:22:49.687,3.376058299176293,1.9556329705173994,0.047464573372053565,0.2235764650049532
2025-10-28 13:22:50.715,3.376611116773347,1.956975527538816,0.047069703659872175,0.2232605692352081
2025-10-28 13:22:51.747,3.376611116773347,1.9562647620568896,0.04849123462372518,0.22547183962342388
2025-10-28 13:22:52.776,3.376927012543092,1.9568175796539435,0.046753807890127064,0.2242872304868797
2025-10-28 13:22:53.806,3.377479830140146,1.9553960486900905,0.047780469141798676,0.22602465722047782
2025-10-28 13:22:54.836,3.3770059864855284,1.956106814172017,0.04793841702667123,0.22318159529277182
2025-10-28 13:22:55.866,3.3776377780250186,1.9565016838841984,0.04722765154474473,0.22389236077469832
2025-10-28 13:22:56.893,3.377479830140146,1.9565016838841984,0.04730662548718101,0.22405030865957087
2025-10-28 13:22:57.923,3.377795725909891,1.9557119444598356,0.0469907297174359,0.22349749106251693
2025-10-28 13:22:58.950,3.3779536737947637,1.956106814172017,0.04864918250859773,0.22318159529277182
2025-10-28 13:22:59.977,3.378585465334254,1.956659631769071,0.047780469141798676,0.22310262135033554
2025-10-28 13:23:01.009,3.3785064913918177,1.9559488662871445,0.0498337916451419,0.22341851712008065
2025-10-28 13:23:02.042,3.3784275174493814,1.9565806578266347,0.0477014951993624,0.22515594385367876
2025-10-28 13:23:03.072,3.378585465334254,1.956106814172017,0.04754354731448984,0.22349749106251693
2025-10-28 13:23:04.101,3.378585465334254,1.9565016838841984,0.047859443084234954,0.2253928656809876
2025-10-28 13:23:05.129,3.3789803350464354,1.9559488662871445,0.048175338853980065,0.2246821001990611
2025-10-28 13:23:06.155,3.3792962308161805,1.9565806578266347,0.050386609242195846,0.22318159529277182
2025-10-28 13:23:07.186,3.3790593089888716,1.9568175796539435,0.046753807890127064,0.2242872304868797
2025-10-28 13:23:08.210,3.3796121265859256,1.9573703972509975,0.048886104335906566,0.22333954317764437
2025-10-28 13:23:09.240,3.3800859702405432,1.9558698923447082,0.04762252125692612,0.2221549340411002
2025-10-28 13:23:10.269,3.3798490484132344,1.9562647620568896,0.050781478954377235,0.2235764650049532
2025-10-28 13:23:11.296,3.3801649441829795,1.955790918402272,0.04872815645103401,0.22444517837175226
2025-10-28 13:23:12.323,3.3804808399527246,1.9559488662871445,0.04714867760230845,0.22531389173855132
2025-10-28 13:23:13.352,3.3812705793770874,1.9560278402295808,0.04738559942961729,0.22444517837175226
2025-10-28 13:23:14.379,3.381191605434651,1.955790918402272,0.04762252125692612,0.22270775163815415
2025-10-28 13:23:15.406,3.3812705793770874,1.9564227099417622,0.047069703659872175,0.22341851712008065
2025-10-28 13:23:16.433,3.3813495533195237,1.955553996574963,0.04904405222077912,0.22349749106251693
2025-10-28 13:23:17.460,3.3813495533195237,1.9567386057115073,0.047859443084234954,0.22341851712008065
2025-10-28 13:23:18.488,3.381744423031705,1.9565806578266347,0.04754354731448984,0.2232605692352081
2025-10-28 13:23:19.518,3.38206031880145,1.9564227099417622,0.046753807890127064,0.22318159529277182
2025-10-28 13:23:20.545,3.3822182666863227,1.9576073190783063,0.04643791212038195,0.2239713347171346
2025-10-28 13:23:21.573,3.382297240628759,1.9558698923447082,0.047069703659872175,0.22294467346546298
2025-10-28 13:23:22.603,3.383165953995558,1.955238100805218,0.047859443084234954,0.22302364740789926
2025-10-28 13:23:23.630,3.3827710842833767,1.9553960486900905,0.04864918250859773,0.22412928260200715
2025-10-28 13:23:24.655,3.383165953995558,1.956106814172017,0.0484122606812889,0.22247082981084532
2025-10-28 13:23:25.684,3.383481849765303,1.9561857881144533,0.0477014951993624,0.22373441288982576
2025-10-28 13:23:26.715,3.383955693419921,1.9561857881144533,0.0498337916451419,0.2232605692352081
2025-10-28 13:23:27.746,3.3837977455350483,1.9563437359993259,0.048965078278342844,0.22349749106251693
2025-10-28 13:23:28.776,3.3843505631321023,1.9561857881144533,0.04722765154474473,0.22247082981084532
2025-10-28 13:23:29.810,3.383955693419921,1.9564227099417622,0.049675843760269345,0.22484004808393365
2025-10-28 13:23:30.845,3.384034667362357,1.9567386057115073,0.047464573372053565,0.22349749106251693
2025-10-28 13:23:31.875,3.3841926152472297,1.9567386057115073,0.04714867760230845,0.2228656995230267
2025-10-28 13:23:32.906,3.3843505631321023,1.9568175796539435,0.04691175577499962,0.2239713347171346
2025-10-28 13:23:33.932,3.384587484959411,1.955790918402272,0.04793841702667123,0.2232605692352081
2025-10-28 13:23:34.959,3.384587484959411,1.957212449366125,0.047780469141798676,0.22444517837175226
2025-10-28 13:23:35.988,3.385140302556465,1.9564227099417622,0.048570208566161455,0.22389236077469832
2025-10-28 13:23:37.016,3.3852192764989013,1.956659631769071,0.048886104335906566,0.22476107414149737
2025-10-28 13:23:38.043,3.3852192764989013,1.9563437359993259,0.04762252125692612,0.22294467346546298
2025-10-28 13:23:39.069,3.3852192764989013,1.9556329705173994,0.04920200010565168,0.22531389173855132
2025-10-28 13:23:40.096,3.3858510680383915,1.9559488662871445,0.04809636491154379,0.22223390798353648
2025-10-28 13:23:41.127,3.386009015923264,1.9563437359993259,0.04809636491154379,0.22507696991124249
2025-10-28 13:23:42.155,3.3855351722686464,1.9558698923447082,0.04691175577499962,0.22231288192597276
2025-10-28 13:23:43.182,3.3861669638081366,1.9559488662871445,0.04659586000525451,0.22262877769571787
2025-10-28 13:23:44.209,3.386009015923264,1.9558698923447082,0.050781478954377235,0.22333954317764437
2025-10-28 13:23:45.236,3.386009015923264,1.9562647620568896,0.04809636491154379,0.22381338683226204
2025-10-28 13:23:46.265,3.3869567032324994,1.956106814172017,0.046674833947690786,0.2228656995230267
2025-10-28 13:23:47.292,3.3869567032324994,1.9559488662871445,0.04793841702667123,0.2239713347171346
2025-10-28 13:23:48.319,3.386798755347627,1.9562647620568896,0.048886104335906566,0.2225498037532816
2025-10-28 13:23:49.346,3.3870356771749357,1.9570545014812524,0.04801739096910751,0.22436620442931599
2025-10-28 13:23:50.374,3.386877729290063,1.9558698923447082,0.047464573372053565,0.22302364740789926
2025-10-28 13:23:51.401,3.387746442656862,1.9548432310930366,0.04801739096910751,0.22239185586840904
2025-10-28 13:23:52.426,3.387430546887117,1.9562647620568896,0.04643791212038195,0.22412928260200715
2025-10-28 13:23:53.450,3.3880623384266073,1.9564227099417622,0.04864918250859773,0.22507696991124249
2025-10-28 13:23:54.476,3.387983364484171,1.9561857881144533,0.04943892193296051,0.22333954317764437
2025-10-28 13:23:55.501,3.388299260253916,1.95752834513587,0.04683278183256334,0.2221549340411002
2025-10-28 13:23:56.526,3.3886151560236613,1.956659631769071,0.049675843760269345,0.22310262135033554
2025-10-28 13:23:57.550,3.3892469475631515,1.9568175796539435,0.0484122606812889,0.22389236077469832
2025-10-28 13:23:58.574,3.388773103908534,1.9554750226325268,0.04714867760230845,0.22270775163815415
2025-10-28 13:23:59.600,3.3883782341963524,1.956106814172017,0.046753807890127064,0.22231288192597276
2025-10-28 13:24:00.628,3.3893259215055878,1.9565016838841984,0.04722765154474473,0.225787735393169
2025-10-28 13:24:01.655,3.389167973620715,1.9565016838841984,0.04951789587539679,0.22365543894738948
2025-10-28 13:24:02.681,3.389641817275333,1.9565806578266347,0.046753807890127064,0.22262877769571787
2025-10-28 13:24:03.706,3.3894838693904603,1.9559488662871445,0.04659586000525451,0.22341851712008065
2025-10-28 13:24:04.730,3.389404895448024,1.9558698923447082,0.0484122606812889,0.22586670933560526
2025-10-28 13:24:05.754,3.3895628433328966,1.9560278402295808,0.04722765154474473,0.2246821001990611
2025-10-28 13:24:06.780,3.3901156609299505,1.9551591268627817,0.04691175577499962,0.22389236077469832
2025-10-28 13:24:07.808,3.389720791217769,1.9563437359993259,0.04809636491154379,0.2235764650049532
2025-10-28 13:24:08.833,3.3904315566996956,1.9563437359993259,0.04730662548718101,0.22365543894738948
2025-10-28 13:24:09.857,3.390273608814823,1.9562647620568896,0.04825431279641634,0.2225498037532816
2025-10-28 13:24:10.881,3.390510530642132,1.9564227099417622,0.046674833947690786,0.22270775163815415
2025-10-28 13:24:11.905,3.390589504584568,1.9571334754236887,0.04991276558757818,0.22270775163815415
2025-10-28 13:24:12.929,3.390826426411877,1.9561857881144533,0.04714867760230845,0.2264985008750955
2025-10-28 13:24:13.959,3.3912212961240584,1.9568175796539435,0.05022866135732329,0.2228656995230267
2025-10-28 13:24:14.991,3.390826426411877,1.9565806578266347,0.048570208566161455,0.22365543894738948
2025-10-28 13:24:16.025,3.391379244008931,1.9565016838841984,0.050386609242195846,0.22373441288982576
2025-10-28 13:24:17.056,3.391142322181622,1.9565806578266347,0.047069703659872175,0.22389236077469832
2025-10-28 13:24:18.083,3.3915371918938035,1.9562647620568896,0.047464573372053565,0.22278672558059043
2025-10-28 13:24:19.113,3.3920900094908575,1.9567386057115073,0.0484122606812889,0.22310262135033554
2025-10-28 13:24:20.145,3.391932061605985,1.9553170747476543,0.047859443084234954,0.22262877769571787
2025-10-28 13:24:21.177,3.391695139778676,1.9562647620568896,0.05014968741488701,0.22247082981084532
2025-10-28 13:24:22.206,3.3923269313181663,1.9558698923447082,0.046753807890127064,0.22333954317764437
2025-10-28 13:24:23.233,3.39224795737573,1.9571334754236887,0.04849123462372518,0.22405030865957087
2025-10-28 13:24:24.262,3.3926428270879114,1.9567386057115073,0.047859443084234954,0.2221549340411002
2025-10-28 13:24:25.292,3.3927218010303477,1.9563437359993259,0.04730662548718101,0.22302364740789926
2025-10-28 13:24:26.320,3.3929587228576565,1.9565806578266347,0.047780469141798676,0.22302364740789926
2025-10-28 13:24:27.348,3.392563853145475,1.9565806578266347,0.04714867760230845,0.22491902202636993
2025-10-28 13:24:28.376,3.3929587228576565,1.9561857881144533,0.049280974048087955,0.22310262135033554
2025-10-28 13:24:29.403,3.393116670742529,1.9556329705173994,0.04722765154474473,0.22160211644404626
2025-10-28 13:24:30.427,3.3931956446849654,1.9556329705173994,0.04793841702667123,0.22452415231418854
2025-10-28 13:24:31.458,3.3935905143971468,1.9565016838841984,0.04691175577499962,0.22460312625662482
2025-10-28 13:24:32.487,3.393353592569838,1.9565806578266347,0.04643791212038195,0.22389236077469832
2025-10-28 13:24:33.514,3.393353592569838,1.9558698923447082,0.04793841702667123,0.22452415231418854
2025-10-28 13:24:34.546,3.393669488339583,1.956106814172017,0.04659586000525451,0.22302364740789926
2025-10-28 13:24:35.577,3.3935115404547105,1.9559488662871445,0.047859443084234954,0.22365543894738948
2025-10-28 13:24:36.608,3.3941433319942007,1.9561857881144533,0.04691175577499962,0.22452415231418854
2025-10-28 13:24:37.635,3.3943012798790733,1.9576073190783063,0.04801739096910751,0.2228656995230267
2025-10-28 13:24:38.660,3.3946961495912547,1.9558698923447082,0.047859443084234954,0.22333954317764437
2025-10-28 13:24:39.687,3.394538201706382,1.9560278402295808,0.04762252125692612,0.2261036311629141
2025-10-28 13:24:40.713,3.3951699932458723,1.956106814172017,0.04951789587539679,0.22420825654444343
2025-10-28 13:24:41.740,3.3950120453609998,1.9561857881144533,0.0477014951993624,0.22294467346546298
2025-10-28 13:24:42.769,3.395327941130745,1.9562647620568896,0.04714867760230845,0.2246821001990611
2025-10-28 13:24:43.797,3.3950120453609998,1.9565016838841984,0.04825431279641634,0.22381338683226204
2025-10-28 13:24:44.825,3.3957228108429263,1.9559488662871445,0.049675843760269345,0.22318159529277182
2025-10-28 13:24:45.851,3.39564383690049,1.9565016838841984,0.04722765154474473,0.22476107414149737
2025-10-28 13:24:46.876,3.39564383690049,1.9560278402295808,0.05022866135732329,0.22389236077469832
2025-10-28 13:24:47.906,3.395959732670235,1.9557119444598356,0.04872815645103401,0.22420825654444343
2025-10-28 13:24:48.932,3.39627562843998,1.9556329705173994,0.04722765154474473,0.22365543894738948
2025-10-28 13:24:49.958,3.396196654497544,1.9558698923447082,0.047780469141798676,0.22270775163815415
2025-10-28 13:24:50.983,3.39564383690049,1.9567386057115073,0.046674833947690786,0.22373441288982576
2025-10-28 13:24:52.015,3.395959732670235,1.9563437359993259,0.0505445571270684,0.22562978750829643
2025-10-28 13:24:53.041,3.395959732670235,1.9558698923447082,0.04651688606281823,0.22333954317764437
2025-10-28 13:24:54.066,3.3960387066126714,1.956659631769071,0.04714867760230845,0.22318159529277182
2025-10-28 13:24:55.092,3.3965915242097253,1.9563437359993259,0.04864918250859773,0.2242872304868797
2025-10-28 13:24:56.118,3.3963546023824165,1.9560278402295808,0.048965078278342844,0.22302364740789926
2025-10-28 13:24:57.143,3.3965915242097253,1.9568175796539435,0.04754354731448984,0.2228656995230267
2025-10-28 13:24:58.175,3.396512550267289,1.9567386057115073,0.047780469141798676,0.22373441288982576
2025-10-28 13:24:59.201,3.396749472094598,1.9563437359993259,0.047859443084234954,0.22270775163815415
2025-10-28 13:25:00.226,3.397065367864343,1.9560278402295808,0.047780469141798676,0.22262877769571787
2025-10-28 13:25:01.256,3.396828446037034,1.9568965535963798,0.04714867760230845,0.2235764650049532
2025-10-28 13:25:02.283,3.397302289691652,1.9560278402295808,0.04864918250859773,0.22278672558059043
2025-10-28 13:25:03.310,3.397618185461397,1.9557119444598356,0.05070250501194096,0.22381338683226204
2025-10-28 13:25:04.336,3.397618185461397,1.9570545014812524,0.04825431279641634,0.2239713347171346
2025-10-28 13:25:05.364,3.397934081231142,1.9572914233085612,0.04659586000525451,0.22302364740789926
2025-10-28 13:25:06.389,3.397934081231142,1.9563437359993259,0.049675843760269345,0.22555081356586015
2025-10-28 13:25:07.418,3.3977761333462695,1.956106814172017,0.04904405222077912,0.22333954317764437
2025-10-28 13:25:08.443,3.398171003058451,1.9560278402295808,0.04825431279641634,0.22491902202636993
2025-10-28 13:25:09.471,3.3986448467130685,1.9553170747476543,0.05070250501194096,0.22562978750829643
2025-10-28 13:25:10.498,3.3983289509433234,1.9568175796539435,0.04920200010565168,0.22460312625662482
2025-10-28 13:25:11.523,3.398171003058451,1.9565016838841984,0.04904405222077912,0.22318159529277182
2025-10-28 13:25:12.549,3.3985658727706323,1.9564227099417622,0.048175338853980065,0.22373441288982576
2025-10-28 13:25:13.576,3.3984079248857597,1.9563437359993259,0.04825431279641634,0.2246821001990611
2025-10-28 13:25:14.602,3.3986448467130685,1.9562647620568896,0.047069703659872175,0.22420825654444343
2025-10-28 13:25:15.628,3.398802794597941,1.9565806578266347,0.04754354731448984,0.22381338683226204
2025-10-28 13:25:16.653,3.398723820655505,1.9562647620568896,0.04730662548718101,0.22389236077469832
2025-10-28 13:25:17.680,3.399118690367686,1.9559488662871445,0.049991739530014456,0.22294467346546298
2025-10-28 13:25:18.710,3.3991976643101225,1.9565806578266347,0.04825431279641634,0.22634055299022293
2025-10-28 13:25:19.736,3.3989607424828137,1.956106814172017,0.04880713039347029,0.22381338683226204
2025-10-28 13:25:20.760,3.399355612194995,1.9558698923447082,0.046753807890127064,0.22310262135033554
2025-10-28 13:25:21.787,3.399592534022304,1.955790918402272,0.046358938177945674,0.22484004808393365
2025-10-28 13:25:22.814,3.39967150796474,1.9564227099417622,0.047464573372053565,0.22373441288982576
2025-10-28 13:25:23.839,3.4003032995042304,1.9559488662871445,0.04730662548718101,0.22302364740789926
2025-10-28 13:25:24.866,3.4000663776769215,1.955790918402272,0.050070713472450734,0.2228656995230267
2025-10-28 13:25:25.894,3.4003032995042304,1.9565016838841984,0.04793841702667123,0.22405030865957087
2025-10-28 13:25:26.922,3.400224325561794,1.9561857881144533,0.04975481770270562,0.22318159529277182
2025-10-28 13:25:27.946,3.3999874037344853,1.9567386057115073,0.04754354731448984,0.22223390798353648
2025-10-28 13:25:28.972,3.39967150796474,1.9562647620568896,0.04714867760230845,0.22476107414149737
2025-10-28 13:25:29.997,3.400224325561794,1.9562647620568896,0.0477014951993624,0.22262877769571787
2025-10-28 13:25:31.024,3.4003032995042304,1.9561857881144533,0.04825431279641634,0.22207596009866393
2025-10-28 13:25:32.052,3.4000663776769215,1.9570545014812524,0.04738559942961729,0.22341851712008065
2025-10-28 13:25:33.078,3.400224325561794,1.9565806578266347,0.050070713472450734,0.2232605692352081
2025-10-28 13:25:34.103,3.400777143158848,1.9560278402295808,0.047859443084234954,0.22452415231418854
2025-10-28 13:25:35.129,3.400540221331539,1.956106814172017,0.049675843760269345,0.22484004808393365
2025-10-28 13:25:36.158,3.4006191952739755,1.9565016838841984,0.047859443084234954,0.22405030865957087
2025-10-28 13:25:37.185,3.400777143158848,1.9563437359993259,0.04714867760230845,0.22491902202636993
2025-10-28 13:25:38.211,3.4003032995042304,1.9560278402295808,0.048175338853980065,0.22405030865957087
2025-10-28 13:25:39.237,3.4011720128710294,1.9560278402295808,0.04801739096910751,0.22381338683226204
2025-10-28 13:25:40.262,3.4012509868134657,1.9563437359993259,0.046674833947690786,0.22318159529277182
2025-10-28 13:25:41.287,3.4009350910437206,1.956975527538816,0.047069703659872175,0.22484004808393365
2025-10-28 13:25:42.313,3.4014089346983383,1.9561857881144533,0.04849123462372518,0.22515594385367876
2025-10-28 13:25:43.340,3.4011720128710294,1.955790918402272,0.04754354731448984,0.22302364740789926
2025-10-28 13:25:44.366,3.401882778352956,1.955553996574963,0.04659586000525451,0.22223390798353648
2025-10-28 13:25:45.392,3.401882778352956,1.9563437359993259,0.0477014951993624,0.22405030865957087
2025-10-28 13:25:46.417,3.4021197001802648,1.9565806578266347,0.04754354731448984,0.22531389173855132
2025-10-28 13:25:47.443,3.401645856525647,1.956975527538816,0.0498337916451419,0.22294467346546298
2025-10-28 13:25:48.475,3.401882778352956,1.9565806578266347,0.04754354731448984,0.22412928260200715
2025-10-28 13:25:49.503,3.4014089346983383,1.9568175796539435,0.04809636491154379,0.22373441288982576
2025-10-28 13:25:50.531,3.4017248304680834,1.9571334754236887,0.04833328673885262,0.22523491779611504
2025-10-28 13:25:51.558,3.401882778352956,1.9556329705173994,0.048175338853980065,0.22333954317764437
2025-10-28 13:25:52.585,3.401645856525647,1.956106814172017,0.047464573372053565,0.22262877769571787
2025-10-28 13:25:53.611,3.401882778352956,1.9565016838841984,0.04801739096910751,0.22420825654444343
2025-10-28 13:25:54.637,3.4018038044105197,1.9560278402295808,0.047069703659872175,0.22389236077469832
2025-10-28 13:25:55.662,3.401961752295392,1.9560278402295808,0.04762252125692612,0.2239713347171346
2025-10-28 13:25:56.688,3.4020407262378285,1.956659631769071,0.047464573372053565,0.22365543894738948
2025-10-28 13:25:57.717,3.402514569892446,1.9565016838841984,0.048965078278342844,0.22373441288982576
2025-10-28 13:25:58.745,3.40243559595001,1.9563437359993259,0.04809636491154379,0.22270775163815415
2025-10-28 13:25:59.770,3.402514569892446,1.9568175796539435,0.050781478954377235,0.22389236077469832
2025-10-28 13:26:00.796,3.402514569892446,1.9551591268627817,0.04951789587539679,0.22373441288982576
2025-10-28 13:26:01.824,3.4029094396046276,1.955790918402272,0.046674833947690786,0.22310262135033554
2025-10-28 13:26:02.850,3.403383283259245,1.956975527538816,0.047780469141798676,0.22476107414149737
2025-10-28 13:26:03.876,3.4031463614319364,1.9558698923447082,0.04754354731448984,0.22389236077469832
2025-10-28 13:26:04.901,3.402751491719755,1.956659631769071,0.04683278183256334,0.2232605692352081
2025-10-28 13:26:05.927,3.4032253353743727,1.9561857881144533,0.04943892193296051,0.22341851712008065
2025-10-28 13:26:06.954,3.4028304656621913,1.9567386057115073,0.047464573372053565,0.22523491779611504
2025-10-28 13:26:07.984,3.403620205086554,1.956106814172017,0.04754354731448984,0.22262877769571787
2025-10-28 13:26:09.012,3.403383283259245,1.9562647620568896,0.0484122606812889,0.22484004808393365
2025-10-28 13:26:10.039,3.4037781529714266,1.955790918402272,0.0484122606812889,0.22302364740789926
2025-10-28 13:26:11.066,3.403383283259245,1.956975527538816,0.0491230261632154,0.22294467346546298
2025-10-28 13:26:12.091,3.403936100856299,1.955238100805218,0.04849123462372518,0.22444517837175226
2025-10-28 13:26:13.116,3.403620205086554,1.9568175796539435,0.047069703659872175,0.22302364740789926
2025-10-28 13:26:14.144,3.4035412311441178,1.9560278402295808,0.046674833947690786,0.22318159529277182
2025-10-28 13:26:15.171,3.4036991790289903,1.9565806578266347,0.047464573372053565,0.22531389173855132
2025-10-28 13:26:16.199,3.403857126913863,1.9565016838841984,0.050070713472450734,0.22270775163815415
2025-10-28 13:26:17.225,3.4037781529714266,1.9556329705173994,0.04793841702667123,0.22484004808393365
2025-10-28 13:26:18.252,3.4040940487411717,1.9568175796539435,0.04849123462372518,0.22460312625662482
2025-10-28 13:26:19.281,3.4042519966260443,1.9565016838841984,0.0469907297174359,0.2228656995230267
2025-10-28 13:26:20.307,3.4040150747987354,1.9563437359993259,0.046753807890127064,0.22223390798353648
2025-10-28 13:26:21.334,3.404173022683608,1.9557119444598356,0.04754354731448984,0.2246821001990611
2025-10-28 13:26:22.357,3.4042519966260443,1.9557119444598356,0.050386609242195846,0.22555081356586015
2025-10-28 13:26:23.384,3.4040940487411717,1.9559488662871445,0.049675843760269345,0.22341851712008065
2025-10-28 13:26:24.406,3.404725840280662,1.9565806578266347,0.04943892193296051,0.22365543894738948
2025-10-28 13:26:25.433,3.404488918453353,1.9567386057115073,0.04754354731448984,0.2246821001990611
2025-10-28 13:26:26.458,3.404725840280662,1.9568175796539435,0.04714867760230845,0.22515594385367876
2025-10-28 13:26:27.484,3.404804814223098,1.9561857881144533,0.046674833947690786,0.22207596009866393
2025-10-28 13:26:28.511,3.404725840280662,1.9558698923447082,0.04849123462372518,0.2261036311629141
2025-10-28 13:26:29.536,3.4046468663382257,1.9562647620568896,0.04849123462372518,0.22302364740789926
2025-10-28 13:26:30.564,3.4051207099928433,1.9558698923447082,0.046753807890127064,0.22341851712008065
2025-10-28 13:26:31.592,3.405041736050407,1.9560278402295808,0.04722765154474473,0.22381338683226204
2025-10-28 13:26:32.618,3.4055155797050247,1.9565016838841984,0.04691175577499962,0.22318159529277182
2025-10-28 13:26:33.642,3.405357631820152,1.956659631769071,0.04975481770270562,0.22294467346546298
2025-10-28 13:26:34.668,3.4054366057625884,1.9570545014812524,0.046753807890127064,0.22302364740789926
2025-10-28 13:26:35.694,3.4056735275898973,1.9570545014812524,0.04825431279641634,0.22381338683226204
2025-10-28 13:26:36.723,3.405910449417206,1.9567386057115073,0.04849123462372518,0.22349749106251693
2025-10-28 13:26:37.749,3.4060683973020787,1.9564227099417622,0.046753807890127064,0.22507696991124249
2025-10-28 13:26:38.774,3.40583147547477,1.9568965535963798,0.04825431279641634,0.22349749106251693
2025-10-28 13:26:39.802,3.406147371244515,1.9560278402295808,0.049280974048087955,0.22373441288982576
2025-10-28 13:26:40.829,3.40583147547477,1.9559488662871445,0.047859443084234954,0.2235764650049532
2025-10-28 13:26:41.858,3.4060683973020787,1.9564227099417622,0.047464573372053565,0.22436620442931599
2025-10-28 13:26:42.886,3.406147371244515,1.956659631769071,0.0477014951993624,0.22436620442931599
2025-10-28 13:26:43.914,3.4063842930718238,1.9561857881144533,0.047780469141798676,0.22452415231418854
2025-10-28 13:26:44.939,3.4059894233596424,1.9558698923447082,0.04809636491154379,0.22310262135033554
2025-10-28 13:26:45.970,3.406700188841569,1.956106814172017,0.04643791212038195,0.22318159529277182
2025-10-28 13:26:46.998,3.40646326701426,1.9561857881144533,0.047464573372053565,0.22381338683226204
2025-10-28 13:26:48.025,3.4063842930718238,1.955790918402272,0.048886104335906566,0.2232605692352081
2025-10-28 13:26:49.050,3.4068581367264414,1.9568175796539435,0.04659586000525451,0.22420825654444343
2025-10-28 13:26:50.077,3.4065422409566963,1.9568965535963798,0.047859443084234954,0.22381338683226204
2025-10-28 13:26:51.103,3.4066212148991326,1.9561857881144533,0.04714867760230845,0.22333954317764437
2025-10-28 13:26:52.129,3.4063842930718238,1.9564227099417622,0.04651688606281823,0.22278672558059043
2025-10-28 13:26:53.154,3.406700188841569,1.956106814172017,0.048570208566161455,0.22634055299022293
2025-10-28 13:26:54.180,3.407016084611314,1.9558698923447082,0.0484122606812889,0.22484004808393365
2025-10-28 13:26:55.205,3.4070950585537503,1.9573703972509975,0.04849123462372518,0.2242872304868797
2025-10-28 13:26:56.230,3.407253006438623,1.9559488662871445,0.04651688606281823,0.225787735393169
2025-10-28 13:26:57.257,3.407253006438623,1.9565806578266347,0.04730662548718101,0.22436620442931599
2025-10-28 13:26:58.286,3.407016084611314,1.9564227099417622,0.0477014951993624,0.22444517837175226
2025-10-28 13:26:59.313,3.407884797978113,1.956659631769071,0.04793841702667123,0.22476107414149737
2025-10-28 13:27:00.339,3.407568902208368,1.956659631769071,0.048965078278342844,0.22270775163815415
2025-10-28 13:27:01.368,3.4076478761508042,1.9562647620568896,0.047069703659872175,0.22231288192597276
2025-10-28 13:27:02.391,3.407568902208368,1.9564227099417622,0.050386609242195846,0.22381338683226204
2025-10-28 13:27:03.417,3.4076478761508042,1.9567386057115073,0.047069703659872175,0.22460312625662482
2025-10-28 13:27:04.443,3.4080427458629856,1.956659631769071,0.04754354731448984,0.22310262135033554
2025-10-28 13:27:05.470,3.4074899282659317,1.9553170747476543,0.04762252125692612,0.2232605692352081
2025-10-28 13:27:06.496,3.4074109543234954,1.955790918402272,0.048175338853980065,0.2235764650049532
2025-10-28 13:27:07.524,3.4076478761508042,1.955790918402272,0.046674833947690786,0.22420825654444343
2025-10-28 13:27:08.552,3.4077268500932405,1.9570545014812524,0.0477014951993624,0.2246821001990611
2025-10-28 13:27:09.580,3.4074109543234954,1.9558698923447082,0.04730662548718101,0.2232605692352081
2025-10-28 13:27:10.608,3.408200693747858,1.956975527538816,0.04880713039347029,0.22223390798353648
2025-10-28 13:27:11.634,3.4085955634600396,1.9568175796539435,0.04880713039347029,0.2246821001990611
2025-10-28 13:27:12.659,3.4085165895176033,1.9568175796539435,0.05062353106950468,0.2239713347171346
2025-10-28 13:27:13.686,3.408200693747858,1.956106814172017,0.048175338853980065,0.22223390798353648
2025-10-28 13:27:14.708,3.408121719805422,1.955553996574963,0.04762252125692612,0.22405030865957087
2025-10-28 13:27:15.731,3.408200693747858,1.9563437359993259,0.04959686981783307,0.22444517837175226
2025-10-28 13:27:16.755,3.408121719805422,1.9564227099417622,0.048570208566161455,0.22484004808393365
2025-10-28 13:27:17.778,3.4083586416327307,1.957212449366125,0.047464573372053565,0.22562978750829643
2025-10-28 13:27:18.801,3.4088324852873484,1.9561857881144533,0.04943892193296051,0.22349749106251693
2025-10-28 13:27:19.824,3.4085165895176033,1.9565016838841984,0.047859443084234954,0.22444517837175226
2025-10-28 13:27:20.849,3.408753511344912,1.956975527538816,0.04833328673885262,0.22523491779611504
2025-10-28 13:27:21.877,3.408990433172221,1.9562647620568896,0.04825431279641634,0.22310262135033554
2025-10-28 13:27:22.905,3.408437615575167,1.9561857881144533,0.04793841702667123,0.22373441288982576
2025-10-28 13:27:23.928,3.408674537402476,1.9560278402295808,0.047859443084234954,0.22349749106251693
2025-10-28 13:27:24.951,3.408437615575167,1.955790918402272,0.046674833947690786,0.22412928260200715
2025-10-28 13:27:25.974,3.408674537402476,1.956106814172017,0.04825431279641634,0.22373441288982576
2025-10-28 13:27:26.997,3.4091483810570935,1.956106814172017,0.04738559942961729,0.22302364740789926
2025-10-28 13:27:28.025,3.4088324852873484,1.9567386057115073,0.04864918250859773,0.22365543894738948
2025-10-28 13:27:29.054,3.4089114592297847,1.9559488662871445,0.04730662548718101,0.2235764650049532
2025-10-28 13:27:30.079,3.408990433172221,1.956659631769071,0.04730662548718101,0.22412928260200715
2025-10-28 13:27:31.102,3.408990433172221,1.9558698923447082,0.05014968741488701,0.22381338683226204
2025-10-28 13:27:32.125,3.408990433172221,1.9559488662871445,0.046753807890127064,0.22412928260200715
2025-10-28 13:27:33.148,3.40922735499953,1.957212449366125,0.04730662548718101,0.2228656995230267
2025-10-28 13:27:34.175,3.4088324852873484,1.9561857881144533,0.04754354731448984,0.22452415231418854
2025-10-28 13:27:35.199,3.409306328941966,1.956659631769071,0.049991739530014456,0.22302364740789926
2025-10-28 13:27:36.224,3.409543250769275,1.9563437359993259,0.0469907297174359,0.22318159529277182
2025-10-28 13:27:37.255,3.4093853028844023,1.9558698923447082,0.047464573372053565,0.22373441288982576
2025-10-28 13:27:38.283,3.4094642768268386,1.955553996574963,0.049280974048087955,0.2228656995230267
2025-10-28 13:27:39.310,3.4097011986541474,1.9565016838841984,0.04904405222077912,0.22310262135033554
2025-10-28 13:27:40.336,3.4099381204814563,1.9561857881144533,0.04722765154474473,0.22562978750829643
2025-10-28 13:27:41.365,3.409622224711711,1.956659631769071,0.04793841702667123,0.22247082981084532
2025-10-28 13:27:42.389,3.4097011986541474,1.9565016838841984,0.047859443084234954,0.22247082981084532
2025-10-28 13:27:43.416,3.409543250769275,1.956975527538816,0.04880713039347029,0.22444517837175226
2025-10-28 13:27:44.441,3.409543250769275,1.955790918402272,0.0484122606812889,0.22555081356586015
2025-10-28 13:27:45.466,3.4093853028844023,1.9556329705173994,0.0477014951993624,0.22262877769571787
2025-10-28 13:27:46.492,3.4097801725965837,1.955553996574963,0.04754354731448984,0.2235764650049532
2025-10-28 13:27:47.518,3.4093853028844023,1.9563437359993259,0.04904405222077912,0.22349749106251693
2025-10-28 13:27:48.543,3.4094642768268386,1.9563437359993259,0.04801739096910751,0.22484004808393365
2025-10-28 13:27:49.569,3.4102540162512014,1.9558698923447082,0.04643791212038195,0.22270775163815415
2025-10-28 13:27:50.595,3.4099381204814563,1.9559488662871445,0.047464573372053565,0.22460312625662482
2025-10-28 13:27:51.621,3.4102540162512014,1.9568175796539435,0.04935994799052423,0.22523491779611504
2025-10-28 13:27:52.644,3.4103329901936377,1.9559488662871445,0.04872815645103401,0.22373441288982576
2025-10-28 13:27:53.669,3.4103329901936377,1.9567386057115073,0.04904405222077912,0.22373441288982576
2025-10-28 13:27:54.695,3.4103329901936377,1.9556329705173994,0.047464573372053565,0.22491902202636993
2025-10-28 13:27:55.721,3.4099381204814563,1.9554750226325268,0.04714867760230845,0.22507696991124249
2025-10-28 13:27:56.747,3.4099381204814563,1.9570545014812524,0.04730662548718101,0.22365543894738948
2025-10-28 13:27:57.774,3.410175042308765,1.9568175796539435,0.047464573372053565,0.22420825654444343
2025-10-28 13:27:58.803,3.410175042308765,1.9563437359993259,0.0477014951993624,0.22239185586840904
2025-10-28 13:27:59.832,3.410411964136074,1.9561857881144533,0.04722765154474473,0.22349749106251693
2025-10-28 13:28:00.862,3.410175042308765,1.9562647620568896,0.04825431279641634,0.22310262135033554
2025-10-28 13:28:01.889,3.411043755675564,1.9558698923447082,0.0477014951993624,0.22381338683226204
2025-10-28 13:28:02.913,3.4102540162512014,1.9562647620568896,0.049991739530014456,0.2235764650049532
2025-10-28 13:28:03.941,3.410648885963383,1.955790918402272,0.048175338853980065,0.22318159529277182
2025-10-28 13:28:04.969,3.4113596514453093,1.9560278402295808,0.04754354731448984,0.22231288192597276
2025-10-28 13:28:05.996,3.4108068338482553,1.9562647620568896,0.047780469141798676,0.2239713347171346
2025-10-28 13:28:07.023,3.4111227296180004,1.956106814172017,0.047464573372053565,0.2228656995230267
2025-10-28 13:28:08.049,3.4108858077906916,1.9568175796539435,0.04904405222077912,0.22476107414149737
2025-10-28 13:28:09.073,3.4108068338482553,1.9568175796539435,0.0469907297174359,0.22657747481753177
2025-10-28 13:28:10.101,3.410964781733128,1.955790918402272,0.05022866135732329,0.225787735393169
2025-10-28 13:28:11.127,3.410964781733128,1.9550011789779091,0.04904405222077912,0.22294467346546298
2025-10-28 13:28:12.155,3.4108068338482553,1.9559488662871445,0.05086045289681351,0.22491902202636993
2025-10-28 13:28:13.181,3.4108068338482553,1.9568175796539435,0.047069703659872175,0.22452415231418854
2025-10-28 13:28:14.206,3.4108858077906916,1.9561857881144533,0.046753807890127064,0.22318159529277182
2025-10-28 13:28:15.235,3.4112017035604367,1.9557119444598356,0.050386609242195846,0.22412928260200715
2025-10-28 13:28:16.261,3.4108068338482553,1.9557119444598356,0.04904405222077912,0.22547183962342388
2025-10-28 13:28:17.286,3.4111227296180004,1.9564227099417622,0.04951789587539679,0.22239185586840904
2025-10-28 13:28:18.312,3.4114386253877456,1.9559488662871445,0.046674833947690786,0.2239713347171346
2025-10-28 13:28:19.339,3.4113596514453093,1.9568965535963798,0.04951789587539679,0.2257087614507327
2025-10-28 13:28:20.366,3.4114386253877456,1.9553960486900905,0.047780469141798676,0.2228656995230267
2025-10-28 13:28:21.393,3.4113596514453093,1.9564227099417622,0.046753807890127064,0.22673542270240432
2025-10-28 13:28:22.417,3.4111227296180004,1.9565016838841984,0.04730662548718101,0.22555081356586015
2025-10-28 13:28:23.442,3.4114386253877456,1.9556329705173994,0.04722765154474473,0.2239713347171346
2025-10-28 13:28:24.468,3.4112017035604367,1.955553996574963,0.04738559942961729,0.22318159529277182
2025-10-28 13:28:25.490,3.4114386253877456,1.9565016838841984,0.04920200010565168,0.22302364740789926
2025-10-28 13:28:26.516,3.411596573272618,1.956975527538816,0.048175338853980065,0.22373441288982576
2025-10-28 13:28:27.541,3.411517599330182,1.9562647620568896,0.04714867760230845,0.2242872304868797
2025-10-28 13:28:28.567,3.411517599330182,1.9562647620568896,0.0477014951993624,0.22318159529277182
2025-10-28 13:28:29.592,3.4112017035604367,1.9564227099417622,0.04651688606281823,0.22405030865957087
2025-10-28 13:28:30.618,3.4114386253877456,1.9560278402295808,0.047859443084234954,0.2246821001990611
2025-10-28 13:28:31.644,3.411596573272618,1.9560278402295808,0.04714867760230845,0.22318159529277182
2025-10-28 13:28:32.670,3.4114386253877456,1.9554750226325268,0.04935994799052423,0.22270775163815415
2025-10-28 13:28:33.696,3.4116755472150544,1.9564227099417622,0.04849123462372518,0.22460312625662482
2025-10-28 13:28:34.722,3.4116755472150544,1.9557119444598356,0.048886104335906566,0.22310262135033554
2025-10-28 13:28:35.751,3.4117545211574907,1.955790918402272,0.049675843760269345,0.22333954317764437
2025-10-28 13:28:36.778,3.4113596514453093,1.9567386057115073,0.047464573372053565,0.2253928656809876
2025-10-28 13:28:37.805,3.4119124690423632,1.9561857881144533,0.04738559942961729,0.22341851712008065
2025-10-28 13:28:38.832,3.4116755472150544,1.9563437359993259,0.04754354731448984,0.22373441288982576
2025-10-28 13:28:39.858,3.4119914429847995,1.956106814172017,0.04754354731448984,0.2232605692352081
2025-10-28 13:28:40.884,3.412149390869672,1.956659631769071,0.04793841702667123,0.22507696991124249
2025-10-28 13:28:41.910,3.412070416927236,1.956659631769071,0.046753807890127064,0.2221549340411002
2025-10-28 13:28:42.936,3.4119124690423632,1.9559488662871445,0.0484122606812889,0.22389236077469832
2025-10-28 13:28:43.962,3.4117545211574907,1.9557119444598356,0.0484122606812889,0.22318159529277182
2025-10-28 13:28:44.987,3.4119124690423632,1.9564227099417622,0.047464573372053565,0.22294467346546298
2025-10-28 13:28:46.012,3.411833495099927,1.9567386057115073,0.04683278183256334,0.22294467346546298
2025-10-28 13:28:47.042,3.4117545211574907,1.9571334754236887,0.04730662548718101,0.22302364740789926
2025-10-28 13:28:48.070,3.412149390869672,1.9564227099417622,0.04809636491154379,0.2232605692352081
2025-10-28 13:28:49.100,3.4123073387545446,1.9559488662871445,0.047464573372053565,0.22412928260200715
2025-10-28 13:28:50.126,3.411833495099927,1.9558698923447082,0.04754354731448984,0.22381338683226204
2025-10-28 13:28:51.151,3.411833495099927,1.9567386057115073,0.047780469141798676,0.22262877769571787
2025-10-28 13:28:52.178,3.4119914429847995,1.9568965535963798,0.05014968741488701,0.22444517837175226
2025-10-28 13:28:53.206,3.4119124690423632,1.9570545014812524,0.046753807890127064,0.22239185586840904
2025-10-28 13:28:54.233,3.412386312696981,1.9571334754236887,0.04754354731448984,0.22262877769571787
2025-10-28 13:28:55.260,3.412386312696981,1.9433920094397763,0.04762252125692612,0.22373441288982576
2025-10-28 13:28:56.294,3.412149390869672,1.955553996574963,0.04659586000525451,0.22420825654444343
2025-10-28 13:28:57.320,3.4122283648121083,1.9050106734157453,0.05022866135732329,0.22484004808393365
2025-10-28 13:28:58.348,3.412465286639417,1.9560278402295808,0.04880713039347029,0.22239185586840904
2025-10-28 13:28:59.375,3.4126232345242897,1.956106814172017,0.05046558318463212,0.225787735393169
2025-10-28 13:29:00.401,3.4128601563515986,1.905247595243054,0.04801739096910751,0.2239713347171346
2025-10-28 13:29:01.428,3.4119914429847995,1.9129870416018093,0.04691175577499962,0.22318159529277182
2025-10-28 13:29:02.451,3.4122283648121083,1.9041419600489462,0.04920200010565168,0.22341851712008065
2025-10-28 13:29:03.474,3.4126232345242897,1.9053265691854904,0.04793841702667123,0.22460312625662482
2025-10-28 13:29:04.505,3.4123073387545446,1.9559488662871445,0.04991276558757818,0.22373441288982576
2025-10-28 13:29:05.529,3.4126232345242897,1.9564227099417622,0.048175338853980065,0.2232605692352081
2025-10-28 13:29:06.552,3.412702208466726,1.905247595243054,0.0491230261632154,0.22247082981084532
2025-10-28 13:29:07.578,3.4125442605818535,1.904931699473309,0.048570208566161455,0.22436620442931599
2025-10-28 13:29:08.604,3.4128601563515986,1.9046947776460001,0.0469907297174359,0.22476107414149737
2025-10-28 13:29:09.630,3.412386312696981,1.9042999079338188,0.04754354731448984,0.22223390798353648
2025-10-28 13:29:10.658,3.412702208466726,1.9558698923447082,0.048886104335906566,0.2246821001990611
2025-10-28 13:29:11.685,3.412702208466726,1.905800412840108,0.04935994799052423,0.22262877769571787
2025-10-28 13:29:12.710,3.4125442605818535,1.9058793867825443,0.04691175577499962,0.2228656995230267
2025-10-28 13:29:13.736,3.412939130294035,1.904378881876255,0.04730662548718101,0.225787735393169
2025-10-28 13:29:14.763,3.412702208466726,1.9565806578266347,0.04825431279641634,0.22310262135033554
2025-10-28 13:29:15.791,3.413018104236471,1.9047737515884364,0.048886104335906566,0.22373441288982576
2025-10-28 13:29:16.817,3.413018104236471,1.905484517070363,0.05062353106950468,0.22452415231418854
2025-10-28 13:29:17.844,3.413018104236471,1.9050106734157453,0.04920200010565168,0.22452415231418854
2025-10-28 13:29:18.869,3.412702208466726,1.9053265691854904,0.047069703659872175,0.22310262135033554
2025-10-28 13:29:19.896,3.413018104236471,1.9050896473581815,0.04762252125692612,0.22389236077469832
2025-10-28 13:29:20.922,3.4126232345242897,1.9041419600489462,0.047069703659872175,0.22381338683226204
2025-10-28 13:29:21.948,3.4127811824091623,1.9054055431279266,0.046753807890127064,0.22302364740789926
2025-10-28 13:29:22.973,3.4133340000062162,1.9047737515884364,0.04714867760230845,0.22341851712008065
2025-10-28 13:29:23.999,3.4131760521213437,1.9046947776460001,0.04738559942961729,0.22373441288982576
2025-10-28 13:29:25.022,3.4130970781789074,1.9065111783220345,0.04762252125692612,0.2239713347171346
2025-10-28 13:29:26.047,3.4133340000062162,1.905247595243054,0.047069703659872175,0.22341851712008065
2025-10-28 13:29:27.073,3.4134129739486525,1.9057214388976718,0.04643791212038195,0.22365543894738948
2025-10-28 13:29:28.099,3.413018104236471,1.9047737515884364,0.04762252125692612,0.22618260510535038
2025-10-28 13:29:29.124,3.413018104236471,1.9061163086098531,0.04738559942961729,0.2246821001990611
2025-10-28 13:29:30.150,3.413491947891089,1.904931699473309,0.049675843760269345,0.22223390798353648
2025-10-28 13:29:31.181,3.413491947891089,1.9050896473581815,0.048175338853980065,0.22333954317764437
2025-10-28 13:29:32.211,3.41325502606378,1.9047737515884364,0.048965078278342844,0.2249979959688062
2025-10-28 13:29:33.241,3.413570921833525,1.9053265691854904,0.047464573372053565,0.22436620442931599
2025-10-28 13:29:34.267,3.413018104236471,1.904931699473309,0.05022866135732329,0.2225498037532816
2025-10-28 13:29:35.296,3.412939130294035,1.9047737515884364,0.048570208566161455,0.22460312625662482
2025-10-28 13:29:36.324,3.41325502606378,1.905247595243054,0.04849123462372518,0.22476107414149737
2025-10-28 13:29:37.351,3.413018104236471,1.9065111783220345,0.04659586000525451,0.22223390798353648
2025-10-28 13:29:38.377,3.4133340000062162,1.905247595243054,0.04801739096910751,0.22444517837175226
2025-10-28 13:29:39.403,3.4133340000062162,1.9055634910127992,0.04935994799052423,0.2232605692352081
2025-10-28 13:29:40.429,3.413018104236471,1.905800412840108,0.047780469141798676,0.22294467346546298
2025-10-28 13:29:41.456,3.413491947891089,1.9059583607249806,0.04714867760230845,0.225787735393169
2025-10-28 13:29:42.485,3.413570921833525,1.9051686213006178,0.047464573372053565,0.2235764650049532
2025-10-28 13:29:43.511,3.4134129739486525,1.9053265691854904,0.047464573372053565,0.2228656995230267
2025-10-28 13:29:44.537,3.4131760521213437,1.904931699473309,0.04722765154474473,0.22515594385367876
2025-10-28 13:29:45.562,3.4133340000062162,1.9047737515884364,0.04722765154474473,0.22333954317764437
2025-10-28 13:29:46.592,3.4131760521213437,1.9056424649552355,0.04951789587539679,0.22231288192597276
2025-10-28 13:29:47.618,3.4133340000062162,1.9054055431279266,0.04991276558757818,0.22389236077469832
2025-10-28 13:29:48.643,3.413491947891089,1.905484517070363,0.04801739096910751,0.22349749106251693
2025-10-28 13:29:49.669,3.4131760521213437,1.905800412840108,0.04683278183256334,0.2235764650049532
2025-10-28 13:29:50.695,3.4133340000062162,1.9046158037035639,0.046674833947690786,0.22602465722047782
2025-10-28 13:29:51.721,3.4137288697183976,1.9048527255308727,0.04920200010565168,0.22349749106251693
2025-10-28 13:29:52.747,3.4130970781789074,1.904931699473309,0.04809636491154379,0.22294467346546298
2025-10-28 13:29:53.773,3.4136498957759613,1.904378881876255,0.046753807890127064,0.22239185586840904
2025-10-28 13:29:54.799,3.4130970781789074,1.904931699473309,0.0484122606812889,0.2235764650049532
2025-10-28 13:29:55.825,3.4134129739486525,1.9053265691854904,0.0484122606812889,0.22389236077469832
2025-10-28 13:29:56.851,3.41325502606378,1.9044578558186913,0.04904405222077912,0.22333954317764437
2025-10-28 13:29:57.879,3.4130970781789074,1.9054055431279266,0.04975481770270562,0.22452415231418854
2025-10-28 13:29:58.908,3.41325502606378,1.9048527255308727,0.048965078278342844,0.22310262135033554
2025-10-28 13:29:59.938,3.4137288697183976,1.9046947776460001,0.0484122606812889,0.22389236077469832
2025-10-28 13:30:00.964,3.413570921833525,1.9046158037035639,0.047464573372053565,0.2235764650049532
2025-10-28 13:30:01.992,3.4133340000062162,1.9058793867825443,0.04864918250859773,0.22491902202636993
2025-10-28 13:30:03.016,3.41325502606378,1.905484517070363,0.046674833947690786,0.22444517837175226
2025-10-28 13:30:04.042,3.413491947891089,1.9055634910127992,0.04754354731448984,0.22444517837175226
2025-10-28 13:30:05.067,3.4134129739486525,1.905247595243054,0.04793841702667123,0.22310262135033554
2025-10-28 13:30:06.093,3.4136498957759613,1.9048527255308727,0.04809636491154379,0.22373441288982576
2025-10-28 13:30:07.121,3.413491947891089,1.9050896473581815,0.047464573372053565,0.22507696991124249
2025-10-28 13:30:08.147,3.413570921833525,1.9050896473581815,0.046753807890127064,0.22349749106251693
2025-10-28 13:30:09.175,3.413570921833525,1.9050896473581815,0.04793841702667123,0.22341851712008065
2025-10-28 13:30:10.204,3.4133340000062162,1.9039840121640736,0.04809636491154379,0.22412928260200715
2025-10-28 13:30:11.233,3.41325502606378,1.9054055431279266,0.047464573372053565,0.22223390798353648
2025-10-28 13:30:12.259,3.4136498957759613,1.904931699473309,0.04762252125692612,0.2235764650049532
2025-10-28 13:30:13.284,3.4137288697183976,1.9050106734157453,0.047069703659872175,0.2228656995230267
2025-10-28 13:30:14.310,3.4136498957759613,1.9055634910127992,0.04801739096910751,0.22381338683226204
2025-10-28 13:30:15.337,3.4142027133730153,1.9056424649552355,0.04683278183256334,0.22381338683226204
2025-10-28 13:30:16.362,3.4142816873154516,1.904931699473309,0.04991276558757818,0.2235764650049532
2025-10-28 13:30:17.389,3.4139657915457065,1.9053265691854904,0.04872815645103401,0.22389236077469832
2025-10-28 13:30:18.415,3.413807843660834,1.9044578558186913,0.04714867760230845,0.22365543894738948
2025-10-28 13:30:19.445,3.4134129739486525,1.905484517070363,0.0477014951993624,0.22491902202636993
2025-10-28 13:30:20.471,3.413807843660834,1.9056424649552355,0.04730662548718101,0.22365543894738948
2025-10-28 13:30:21.497,3.413570921833525,1.9045368297611276,0.05022866135732329,0.2264985008750955
2025-10-28 13:30:22.524,3.413807843660834,1.9044578558186913,0.04833328673885262,0.22318159529277182
2025-10-28 13:30:23.551,3.4140447654881427,1.9055634910127992,0.04762252125692612,0.22318159529277182
2025-10-28 13:30:24.578,3.4140447654881427,1.9059583607249806,0.04730662548718101,0.22373441288982576
2025-10-28 13:30:25.609,3.4136498957759613,1.9042209339913825,0.0477014951993624,0.22389236077469832
2025-10-28 13:30:26.637,3.4142027133730153,1.904931699473309,0.04825431279641634,0.22365543894738948
2025-10-28 13:30:27.662,3.413491947891089,1.905484517070363,0.04864918250859773,0.2242872304868797
2025-10-28 13:30:28.689,3.4142027133730153,1.9051686213006178,0.04801739096910751,0.2246821001990611
2025-10-28 13:30:29.714,3.413570921833525,1.9054055431279266,0.04793841702667123,0.22420825654444343
2025-10-28 13:30:30.741,3.4140447654881427,1.9051686213006178,0.04714867760230845,0.22420825654444343
2025-10-28 13:30:31.769,3.413807843660834,1.9061952825522894,0.0469907297174359,0.22365543894738948
2025-10-28 13:30:32.795,3.41388681760327,1.9054055431279266,0.04730662548718101,0.22349749106251693
2025-10-28 13:30:33.820,3.4137288697183976,1.9059583607249806,0.0477014951993624,0.22626157904778665
2025-10-28 13:30:34.846,3.413807843660834,1.905247595243054,0.048175338853980065,0.22420825654444343
2025-10-28 13:30:35.873,3.4137288697183976,1.904931699473309,0.04951789587539679,0.22412928260200715
2025-10-28 13:30:36.897,3.41388681760327,1.9051686213006178,0.04651688606281823,0.22333954317764437
2025-10-28 13:30:37.920,3.413491947891089,1.9053265691854904,0.05062353106950468,0.22389236077469832
2025-10-28 13:30:38.947,3.413491947891089,1.9051686213006178,0.04793841702667123,0.22365543894738948
2025-10-28 13:30:39.972,3.4137288697183976,1.9057214388976718,0.048886104335906566,0.22349749106251693
2025-10-28 13:30:40.997,3.413807843660834,1.9047737515884364,0.04651688606281823,0.22562978750829643
2025-10-28 13:30:42.023,3.413807843660834,1.9056424649552355,0.04738559942961729,0.22634055299022293
2025-10-28 13:30:43.046,3.413570921833525,1.9056424649552355,0.047069703659872175,0.22389236077469832
2025-10-28 13:30:44.069,3.4136498957759613,1.9054055431279266,0.04730662548718101,0.22333954317764437
2025-10-28 13:30:45.093,3.413491947891089,1.9051686213006178,0.047069703659872175,0.22207596009866393
2025-10-28 13:30:46.116,3.413570921833525,1.9039050382216374,0.04651688606281823,0.22318159529277182
2025-10-28 13:30:47.139,3.41388681760327,1.9061952825522894,0.04722765154474473,0.22412928260200715
2025-10-28 13:30:48.163,3.414360661257888,1.9050896473581815,0.04849123462372518,0.22444517837175226
2025-10-28 13:30:49.187,3.4139657915457065,1.9054055431279266,0.047780469141798676,0.22341851712008065
2025-10-28 13:30:50.210,3.4142816873154516,1.9046158037035639,0.046753807890127064,0.22349749106251693
2025-10-28 13:30:51.233,3.4139657915457065,1.9050106734157453,0.0469907297174359,0.22207596009866393
2025-10-28 13:30:52.258,3.413807843660834,1.9048527255308727,0.047780469141798676,0.22365543894738948
2025-10-28 13:30:53.286,3.4137288697183976,1.9045368297611276,0.04691175577499962,0.2232605692352081
2025-10-28 13:30:54.309,3.41388681760327,1.9050896473581815,0.04683278183256334,0.22294467346546298
2025-10-28 13:30:55.332,3.4137288697183976,1.9048527255308727,0.04691175577499962,0.2246821001990611
2025-10-28 13:30:56.356,3.41388681760327,1.9048527255308727,0.046358938177945674,0.2246821001990611
2025-10-28 13:30:57.385,3.4142816873154516,1.9056424649552355,0.04864918250859773,0.2235764650049532
2025-10-28 13:30:58.418,3.413807843660834,1.905800412840108,0.049991739530014456,0.22460312625662482
2025-10-28 13:30:59.444,3.4139657915457065,1.905247595243054,0.04825431279641634,0.22594568327804154
2025-10-28 13:31:00.469,3.41388681760327,1.9044578558186913,0.0477014951993624,0.22507696991124249
2025-10-28 13:31:01.497,3.41388681760327,1.9062742564947257,0.0498337916451419,0.22389236077469832
2025-10-28 13:31:02.524,3.41388681760327,1.9050896473581815,0.04738559942961729,0.22302364740789926
2025-10-28 13:31:03.552,3.413570921833525,1.9055634910127992,0.04722765154474473,0.2228656995230267
2025-10-28 13:31:04.580,3.4136498957759613,1.9050896473581815,0.047464573372053565,0.22389236077469832
2025-10-28 13:31:05.607,3.4139657915457065,1.9050106734157453,0.04738559942961729,0.22333954317764437
2025-10-28 13:31:06.631,3.41388681760327,1.9050106734157453,0.04730662548718101,0.22373441288982576
2025-10-28 13:31:07.658,3.4139657915457065,1.9059583607249806,0.04714867760230845,0.2242872304868797
2025-10-28 13:31:08.685,3.4136498957759613,1.905484517070363,0.04809636491154379,0.22333954317764437
2025-10-28 13:31:09.714,3.4136498957759613,1.9050106734157453,0.047780469141798676,0.22531389173855132
2025-10-28 13:31:10.737,3.413807843660834,1.9053265691854904,0.04643791212038195,0.22389236077469832
2025-10-28 13:31:11.764,3.4134129739486525,1.904931699473309,0.049280974048087955,0.22452415231418854
2025-10-28 13:31:12.790,3.413807843660834,1.9062742564947257,0.04691175577499962,0.22294467346546298
2025-10-28 13:31:13.817,3.41388681760327,1.9044578558186913,0.0469907297174359,0.2228656995230267
2025-10-28 13:31:14.846,3.413807843660834,1.9050896473581815,0.04691175577499962,0.22373441288982576
2025-10-28 13:31:15.873,3.414360661257888,1.9046158037035639,0.04825431279641634,0.22270775163815415
2025-10-28 13:31:16.902,3.4140447654881427,1.9048527255308727,0.047780469141798676,0.2235764650049532
2025-10-28 13:31:17.926,3.4139657915457065,1.9050106734157453,0.047464573372053565,0.22547183962342388
2025-10-28 13:31:18.953,3.414123739430579,1.9060373346674169,0.04754354731448984,0.2232605692352081
2025-10-28 13:31:19.976,3.4139657915457065,1.9055634910127992,0.04659586000525451,0.22373441288982576
2025-10-28 13:31:21.005,3.41388681760327,1.9048527255308727,0.047780469141798676,0.2232605692352081
2025-10-28 13:31:22.030,3.41388681760327,1.9051686213006178,0.049991739530014456,0.22491902202636993
2025-10-28 13:31:23.057,3.413491947891089,1.905800412840108,0.047780469141798676,0.22381338683226204
2025-10-28 13:31:24.083,3.41388681760327,1.904378881876255,0.048175338853980065,0.22476107414149737
2025-10-28 13:31:25.111,3.4137288697183976,1.9059583607249806,0.04714867760230845,0.2228656995230267
2025-10-28 13:31:26.137,3.4137288697183976,1.9053265691854904,0.04659586000525451,0.22586670933560526
2025-10-28 13:31:27.164,3.4137288697183976,1.9045368297611276,0.04935994799052423,0.22491902202636993
2025-10-28 13:31:28.189,3.4139657915457065,1.9046947776460001,0.047069703659872175,0.2246821001990611
2025-10-28 13:31:29.216,3.4140447654881427,1.9045368297611276,0.05022866135732329,0.22262877769571787
2025-10-28 13:31:30.242,3.4140447654881427,1.9053265691854904,0.048175338853980065,0.22444517837175226
2025-10-28 13:31:31.268,3.414123739430579,1.9051686213006178,0.04722765154474473,0.22365543894738948
2025-10-28 13:31:32.294,3.413570921833525,1.9051686213006178,0.046753807890127064,0.22444517837175226
2025-10-28 13:31:33.319,3.413807843660834,1.905484517070363,0.048175338853980065,0.22389236077469832
2025-10-28 13:31:34.346,3.414123739430579,1.9046947776460001,0.04722765154474473,0.22515594385367876
2025-10-28 13:31:35.372,3.413807843660834,1.905484517070363,0.04714867760230845,0.2228656995230267
2025-10-28 13:31:36.396,3.4139657915457065,1.9041419600489462,0.046674833947690786,0.22634055299022293
2025-10-28 13:31:37.427,3.41388681760327,1.905484517070363,0.04714867760230845,0.22318159529277182
2025-10-28 13:31:38.454,3.4139657915457065,1.905247595243054,0.04809636491154379,0.22318159529277182
2025-10-28 13:31:39.480,3.41388681760327,1.905484517070363,0.04683278183256334,0.22657747481753177
2025-10-28 13:31:40.507,3.413807843660834,1.9048527255308727,0.047069703659872175,0.22523491779611504
2025-10-28 13:31:41.535,3.414123739430579,1.9050106734157453,0.0477014951993624,0.2246821001990611
2025-10-28 13:31:42.561,3.413807843660834,1.9041419600489462,0.048175338853980065,0.22452415231418854
2025-10-28 13:31:43.588,3.4136498957759613,1.9053265691854904,0.0469907297174359,0.22444517837175226
2025-10-28 13:31:44.617,3.413807843660834,1.9053265691854904,0.05022866135732329,0.22476107414149737
2025-10-28 13:31:45.643,3.4139657915457065,1.9053265691854904,0.0484122606812889,0.22602465722047782
2025-10-28 13:31:46.670,3.41388681760327,1.9061163086098531,0.046753807890127064,0.22318159529277182
2025-10-28 13:31:47.697,3.4136498957759613,1.9051686213006178,0.04643791212038195,0.22373441288982576
2025-10-28 13:31:48.725,3.4137288697183976,1.9057214388976718,0.050070713472450734,0.22412928260200715
2025-10-28 13:31:49.751,3.413570921833525,1.9057214388976718,0.04651688606281823,0.22365543894738948
2025-10-28 13:31:50.778,3.4140447654881427,1.9051686213006178,0.04943892193296051,0.2235764650049532
2025-10-28 13:31:51.803,3.4140447654881427,1.9050106734157453,0.04738559942961729,0.22420825654444343
2025-10-28 13:31:52.835,3.413807843660834,1.905484517070363,0.04951789587539679,0.22294467346546298
2025-10-28 13:31:53.864,3.4133340000062162,1.9042999079338188,0.04762252125692612,0.22365543894738948
2025-10-28 13:31:54.892,3.41388681760327,1.9047737515884364,0.047780469141798676,0.2232605692352081
2025-10-28 13:31:55.918,3.413807843660834,1.905247595243054,0.04651688606281823,0.22523491779611504
2025-10-28 13:31:56.947,3.4137288697183976,1.9053265691854904,0.04738559942961729,0.2235764650049532
2025-10-28 13:31:57.983,3.4136498957759613,1.9053265691854904,0.04714867760230845,0.22389236077469832
2025-10-28 13:31:59.010,3.4139657915457065,1.9054055431279266,0.04793841702667123,0.22341851712008065
2025-10-28 13:32:00.037,3.4139657915457065,1.9053265691854904,0.04943892193296051,0.22476107414149737
2025-10-28 13:32:01.067,3.4139657915457065,1.9062742564947257,0.04691175577499962,0.22389236077469832
2025-10-28 13:32:02.093,3.4134129739486525,1.905247595243054,0.04691175577499962,0.22341851712008065
2025-10-28 13:32:03.122,3.4136498957759613,1.9053265691854904,0.04872815645103401,0.225787735393169
2025-10-28 13:32:04.150,3.414123739430579,1.905484517070363,0.04691175577499962,0.22389236077469832
2025-10-28 13:32:05.180,3.413570921833525,1.9055634910127992,0.05022866135732329,0.22657747481753177
2025-10-28 13:32:06.206,3.4137288697183976,1.9050106734157453,0.047069703659872175,0.22436620442931599
2025-10-28 13:32:07.236,3.4139657915457065,1.9051686213006178,0.04762252125692612,0.22262877769571787
2025-10-28 13:32:08.265,3.4136498957759613,1.9056424649552355,0.0484122606812889,0.22452415231418854
2025-10-28 13:32:09.292,3.413807843660834,1.9055634910127992,0.04920200010565168,0.22389236077469832
2025-10-28 13:32:10.319,3.4142027133730153,1.9050896473581815,0.04691175577499962,0.22436620442931599
2025-10-28 13:32:11.345,3.41388681760327,1.905800412840108,0.048570208566161455,0.2261036311629141
2025-10-28 13:32:12.371,3.41388681760327,1.9050106734157453,0.048965078278342844,0.22373441288982576
2025-10-28 13:32:13.397,3.4136498957759613,1.904931699473309,0.04714867760230845,0.22247082981084532
2025-10-28 13:32:14.421,3.413807843660834,1.9051686213006178,0.047780469141798676,0.22365543894738948
2025-10-28 13:32:15.447,3.4136498957759613,1.9047737515884364,0.04833328673885262,0.22373441288982576
2025-10-28 13:32:16.473,3.413570921833525,1.9054055431279266,0.046674833947690786,0.22310262135033554
2025-10-28 13:32:17.498,3.41388681760327,1.9046947776460001,0.0477014951993624,0.22262877769571787
2025-10-28 13:32:18.524,3.4136498957759613,1.9053265691854904,0.04864918250859773,0.22586670933560526
2025-10-28 13:32:19.550,3.4136498957759613,1.905484517070363,0.047780469141798676,0.22247082981084532
2025-10-28 13:32:20.579,3.4137288697183976,1.9041419600489462,0.04659586000525451,0.22476107414149737
2025-10-28 13:32:21.606,3.41388681760327,1.9060373346674169,0.04833328673885262,0.22349749106251693
2025-10-28 13:32:22.631,3.4142027133730153,1.9053265691854904,0.047069703659872175,0.2232605692352081
2025-10-28 13:32:23.655,3.4142027133730153,1.9058793867825443,0.047069703659872175,0.2235764650049532
2025-10-28 13:32:24.681,3.4139657915457065,1.9047737515884364,0.048175338853980065,0.22436620442931599
2025-10-28 13:32:25.706,3.4140447654881427,1.904931699473309,0.04730662548718101,0.22310262135033554
2025-10-28 13:32:26.734,3.4136498957759613,1.9053265691854904,0.047069703659872175,0.22223390798353648
2025-10-28 13:32:27.761,3.4139657915457065,1.9047737515884364,0.047464573372053565,0.2242872304868797
2025-10-28 13:32:28.788,3.413570921833525,1.9047737515884364,0.04809636491154379,0.22389236077469832
2025-10-28 13:32:29.813,3.4140447654881427,1.905800412840108,0.04691175577499962,0.22318159529277182
2025-10-28 13:32:30.836,3.413807843660834,1.9044578558186913,0.04793841702667123,0.2232605692352081
2025-10-28 13:32:31.865,3.413570921833525,1.9051686213006178,0.047464573372053565,0.22389236077469832
2025-10-28 13:32:32.895,3.414123739430579,1.906353230437162,0.047859443084234954,0.22507696991124249
2025-10-28 13:32:33.922,3.4139657915457065,1.9053265691854904,0.050386609242195846,0.22389236077469832
2025-10-28 13:32:34.948,3.4139657915457065,1.9050896473581815,0.0469907297174359,0.22515594385367876
2025-10-28 13:32:35.976,3.4137288697183976,1.9051686213006178,0.047464573372053565,0.22262877769571787
2025-10-28 13:32:37.004,3.413807843660834,1.9046947776460001,0.04991276558757818,0.2253928656809876
2025-10-28 13:32:38.030,3.4140447654881427,1.905484517070363,0.047859443084234954,0.22341851712008065
2025-10-28 13:32:39.055,3.414360661257888,1.9042999079338188,0.04801739096910751,0.22318159529277182
2025-10-28 13:32:40.080,3.41388681760327,1.9055634910127992,0.046674833947690786,0.22491902202636993
2025-10-28 13:32:41.106,3.4142816873154516,1.9054055431279266,0.04722765154474473,0.22420825654444343
2025-10-28 13:32:42.131,3.413570921833525,1.9042999079338188,0.04801739096910751,0.2221549340411002
2025-10-28 13:32:43.156,3.413570921833525,1.9050896473581815,0.04722765154474473,0.22207596009866393
2025-10-28 13:32:44.183,3.4136498957759613,1.9046947776460001,0.04801739096910751,0.22389236077469832
2025-10-28 13:32:45.208,3.413807843660834,1.9046947776460001,0.04754354731448984,0.2239713347171346
2025-10-28 13:32:46.234,3.4137288697183976,1.9045368297611276,0.048886104335906566,0.22420825654444343
2025-10-28 13:32:47.261,3.4140447654881427,1.9048527255308727,0.0469907297174359,0.22460312625662482
2025-10-28 13:32:48.290,3.4136498957759613,1.9051686213006178,0.04825431279641634,0.22531389173855132
2025-10-28 13:32:49.315,3.41388681760327,1.9050896473581815,0.047069703659872175,0.22270775163815415
2025-10-28 13:32:50.342,3.413570921833525,1.9044578558186913,0.04722765154474473,0.2242872304868797
2025-10-28 13:32:51.368,3.413570921833525,1.905247595243054,0.048175338853980065,0.22333954317764437
2025-10-28 13:32:52.391,3.414439635200324,1.9055634910127992,0.048965078278342844,0.22349749106251693
2025-10-28 13:32:53.419,3.413807843660834,1.904931699473309,0.046674833947690786,0.22270775163815415
2025-10-28 13:32:54.444,3.41325502606378,1.905247595243054,0.04849123462372518,0.2253928656809876
2025-10-28 13:32:55.469,3.414123739430579,1.9058793867825443,0.04793841702667123,0.22365543894738948
2025-10-28 13:32:56.494,3.413570921833525,1.9046947776460001,0.048965078278342844,0.2235764650049532
2025-10-28 13:32:57.521,3.4139657915457065,1.905247595243054,0.04825431279641634,0.22389236077469832
2025-10-28 13:32:58.548,3.4139657915457065,1.905247595243054,0.04809636491154379,0.22302364740789926
2025-10-28 13:32:59.575,3.413570921833525,1.9051686213006178,0.04762252125692612,0.22310262135033554
2025-10-28 13:33:00.602,3.4134129739486525,1.9064322043795983,0.047069703659872175,0.22444517837175226
2025-10-28 13:33:01.629,3.4137288697183976,1.9056424649552355,0.048175338853980065,0.22405030865957087
2025-10-28 13:33:02.655,3.413491947891089,1.9050896473581815,0.04849123462372518,0.22333954317764437
2025-10-28 13:33:03.682,3.4131760521213437,1.9050106734157453,0.050070713472450734,0.2249979959688062
2025-10-28 13:33:04.708,3.41325502606378,1.9054055431279266,0.04722765154474473,0.225787735393169
2025-10-28 13:33:05.733,3.413807843660834,1.9053265691854904,0.0469907297174359,0.22262877769571787
2025-10-28 13:33:06.758,3.413570921833525,1.905247595243054,0.04801739096910751,0.22381338683226204
2025-10-28 13:33:07.785,3.4128601563515986,1.904378881876255,0.04722765154474473,0.22341851712008065
2025-10-28 13:33:08.810,3.412939130294035,1.846964825725081,0.048175338853980065,0.22341851712008065
2025-10-28 13:33:09.837,3.413491947891089,1.9059583607249806,0.04920200010565168,0.22389236077469832
2025-10-28 13:33:10.864,3.41325502606378,1.9045368297611276,0.04738559942961729,0.22365543894738948
2025-10-28 13:33:11.889,3.412939130294035,1.9051686213006178,0.048570208566161455,0.2246821001990611
2025-10-28 13:33:12.916,3.4137288697183976,1.8471227736099536,0.048965078278342844,0.22278672558059043
2025-10-28 13:33:13.941,3.4130970781789074,1.9055634910127992,0.04683278183256334,0.22373441288982576
2025-10-28 13:33:14.968,3.41325502606378,1.9051686213006178,0.0505445571270684,0.2242872304868797
2025-10-28 13:33:15.994,3.412939130294035,1.9045368297611276,0.047859443084234954,0.22436620442931599
2025-10-28 13:33:17.019,3.4130970781789074,1.9057214388976718,0.04643791212038195,0.22381338683226204
2025-10-28 13:33:18.044,3.4131760521213437,1.9045368297611276,0.04730662548718101,0.22484004808393365
2025-10-28 13:33:19.070,3.4139657915457065,1.8471227736099536,0.04809636491154379,0.22365543894738948
2025-10-28 13:33:20.099,3.412939130294035,1.9041419600489462,0.0477014951993624,0.2239713347171346
2025-10-28 13:33:21.125,3.4134129739486525,1.9057214388976718,0.05014968741488701,0.2242872304868797
2025-10-28 13:33:22.151,3.413807843660834,1.8468858517826447,0.04809636491154379,0.22310262135033554
2025-10-28 13:33:23.180,3.413491947891089,1.8468858517826447,0.04714867760230845,0.22310262135033554
2025-10-28 13:33:24.208,3.413807843660834,1.847517643322135,0.049675843760269345,0.2242872304868797
2025-10-28 13:33:25.235,3.4128601563515986,1.8470437996675173,0.04651688606281823,0.22373441288982576
2025-10-28 13:33:26.261,3.4128601563515986,1.847517643322135,0.04659586000525451,0.22333954317764437
2025-10-28 13:33:27.287,3.4128601563515986,1.9055634910127992,0.04809636491154379,0.2261036311629141
2025-10-28 13:33:28.311,3.4127811824091623,1.846964825725081,0.04975481770270562,0.2249979959688062
2025-10-28 13:33:29.337,3.4127811824091623,1.8458591905309731,0.047780469141798676,0.22349749106251693
2025-10-28 13:33:30.365,3.4128601563515986,1.8467279038977722,0.0484122606812889,0.22507696991124249
2025-10-28 13:33:31.392,3.4127811824091623,1.8472807214948261,0.048965078278342844,0.2239713347171346
2025-10-28 13:33:32.420,3.4128601563515986,1.8468858517826447,0.04975481770270562,0.22420825654444343
2025-10-28 13:33:33.448,3.413018104236471,1.8471227736099536,0.0469907297174359,0.2235764650049532
2025-10-28 13:33:34.474,3.412386312696981,1.8473596954372624,0.04801739096910751,0.22341851712008065
2025-10-28 13:33:35.501,3.412939130294035,1.8467279038977722,0.04651688606281823,0.22452415231418854
2025-10-28 13:33:36.530,3.413018104236471,1.8465699560128996,0.05030763529975957,0.2257087614507327
2025-10-28 13:33:37.558,3.41325502606378,1.8465699560128996,0.04793841702667123,0.22278672558059043
2025-10-28 13:33:38.585,3.4127811824091623,1.8459381644734094,0.04722765154474473,0.22460312625662482
2025-10-28 13:33:39.610,3.412386312696981,1.846964825725081,0.04801739096910751,0.22318159529277182
2025-10-28 13:33:40.636,3.4123073387545446,1.8463330341855908,0.046753807890127064,0.22223390798353648
2025-10-28 13:33:41.661,3.4126232345242897,1.8464909820704634,0.04730662548718101,0.22460312625662482
2025-10-28 13:33:42.687,3.4126232345242897,1.8472017475523899,0.04943892193296051,0.2249979959688062
2025-10-28 13:33:43.713,3.4125442605818535,1.8473596954372624,0.046753807890127064,0.2235764650049532
2025-10-28 13:33:44.739,3.4127811824091623,1.847517643322135,0.04754354731448984,0.22349749106251693
2025-10-28 13:33:45.766,3.412702208466726,1.8472017475523899,0.048570208566161455,0.2249979959688062
2025-10-28 13:33:46.789,3.412070416927236,1.8471227736099536,0.04738559942961729,0.22412928260200715
2025-10-28 13:33:47.815,3.4123073387545446,1.8459381644734094,0.04801739096910751,0.22452415231418854
2025-10-28 13:33:48.841,3.412465286639417,1.846648929955336,0.047859443084234954,0.2239713347171346
2025-10-28 13:33:49.867,3.4123073387545446,1.8467279038977722,0.04920200010565168,0.22412928260200715
2025-10-28 13:33:50.894,3.412465286639417,1.8468068778402085,0.04691175577499962,0.22349749106251693
2025-10-28 13:33:51.921,3.4122283648121083,1.8456222687036643,0.04762252125692612,0.2239713347171346
2025-10-28 13:33:52.947,3.4119914429847995,1.8467279038977722,0.0491230261632154,0.22460312625662482
2025-10-28 13:33:53.971,3.412386312696981,1.8464909820704634,0.04959686981783307,0.22310262135033554
2025-10-28 13:33:54.997,3.4126232345242897,1.8461750863007182,0.0469907297174359,0.2235764650049532
2025-10-28 13:33:56.023,3.412070416927236,1.8471227736099536,0.046753807890127064,0.22507696991124249
2025-10-28 13:33:57.049,3.412149390869672,1.847517643322135,0.047069703659872175,0.22373441288982576
2025-10-28 13:33:58.073,3.412149390869672,1.8460171384158457,0.04825431279641634,0.2239713347171346
2025-10-28 13:33:59.097,3.4128601563515986,1.846648929955336,0.046753807890127064,0.2228656995230267
2025-10-28 13:34:00.119,3.412070416927236,1.8467279038977722,0.047464573372053565,0.22476107414149737
2025-10-28 13:34:01.142,3.412465286639417,1.846412008128027,0.046674833947690786,0.22349749106251693
2025-10-28 13:34:02.166,3.412386312696981,1.8471227736099536,0.04864918250859773,0.22586670933560526
2025-10-28 13:34:03.190,3.4122283648121083,1.8462540602431545,0.04801739096910751,0.22365543894738948
2025-10-28 13:34:04.217,3.412070416927236,1.8468068778402085,0.04683278183256334,0.2228656995230267
2025-10-28 13:34:05.240,3.4123073387545446,1.8471227736099536,0.050070713472450734,0.22239185586840904
2025-10-28 13:34:06.263,3.412070416927236,1.8471227736099536,0.046753807890127064,0.22436620442931599
2025-10-28 13:34:07.288,3.4122283648121083,1.8471227736099536,0.04722765154474473,0.2232605692352081
2025-10-28 13:34:08.312,3.4114386253877456,1.8459381644734094,0.05030763529975957,0.22484004808393365
2025-10-28 13:34:09.340,3.411280677502873,1.8468068778402085,0.046358938177945674,0.22278672558059043
2025-10-28 13:34:10.368,3.4117545211574907,1.846412008128027,0.04935994799052423,0.22594568327804154
2025-10-28 13:34:11.392,3.411517599330182,1.846096112358282,0.050070713472450734,0.22405030865957087
2025-10-28 13:34:12.416,3.411596573272618,1.8457012426461006,0.048175338853980065,0.22349749106251693
2025-10-28 13:34:13.441,3.4116755472150544,1.846412008128027,0.04659586000525451,0.2232605692352081
2025-10-28 13:34:14.465,3.4117545211574907,1.846096112358282,0.04722765154474473,0.22594568327804154
2025-10-28 13:34:15.488,3.4114386253877456,1.8467279038977722,0.04904405222077912,0.22436620442931599
2025-10-28 13:34:16.517,3.4113596514453093,1.8476755912070075,0.04730662548718101,0.2225498037532816
2025-10-28 13:34:17.546,3.4117545211574907,1.8467279038977722,0.04975481770270562,0.22484004808393365
2025-10-28 13:34:18.569,3.411517599330182,1.8465699560128996,0.04722765154474473,0.22365543894738948
2025-10-28 13:34:19.599,3.4116755472150544,1.8465699560128996,0.04943892193296051,0.2232605692352081
2025-10-28 13:34:20.623,3.411280677502873,1.8468068778402085,0.04643791212038195,0.22405030865957087
2025-10-28 13:34:21.650,3.4113596514453093,1.846412008128027,0.04872815645103401,0.22365543894738948
2025-10-28 13:34:22.678,3.4112017035604367,1.846648929955336,0.047069703659872175,0.2246821001990611
2025-10-28 13:34:23.705,3.411043755675564,1.8474386693796987,0.048570208566161455,0.22515594385367876
2025-10-28 13:34:24.734,3.4111227296180004,1.846964825725081,0.04943892193296051,0.22270775163815415
2025-10-28 13:34:25.760,3.4113596514453093,1.8460171384158457,0.04975481770270562,0.22341851712008065
2025-10-28 13:34:26.788,3.411517599330182,1.8472017475523899,0.04754354731448984,0.22405030865957087
2025-10-28 13:34:27.815,3.4113596514453093,1.8472017475523899,0.04730662548718101,0.22294467346546298
2025-10-28 13:34:28.843,3.411280677502873,1.8470437996675173,0.048965078278342844,0.22389236077469832
2025-10-28 13:34:29.870,3.4111227296180004,1.8457802165885369,0.04833328673885262,0.22318159529277182
2025-10-28 13:34:30.899,3.4111227296180004,1.8464909820704634,0.047859443084234954,0.2235764650049532
2025-10-28 13:34:31.927,3.4108068338482553,1.846412008128027,0.05022866135732329,0.2242872304868797
2025-10-28 13:34:32.955,3.411280677502873,1.8472017475523899,0.04801739096910751,0.22420825654444343
2025-10-28 13:34:33.982,3.4112017035604367,1.8468068778402085,0.04762252125692612,0.225787735393169
2025-10-28 13:34:35.009,3.4111227296180004,1.8467279038977722,0.04849123462372518,0.22412928260200715
2025-10-28 13:34:36.034,3.410964781733128,1.8465699560128996,0.046753807890127064,0.2232605692352081
2025-10-28 13:34:37.061,3.410964781733128,1.8463330341855908,0.04762252125692612,0.22239185586840904
2025-10-28 13:34:38.089,3.4108858077906916,1.8460171384158457,0.04849123462372518,0.22365543894738948
2025-10-28 13:34:39.118,3.4108068338482553,1.8473596954372624,0.04801739096910751,0.22239185586840904
2025-10-28 13:34:40.145,3.4103329901936377,1.846096112358282,0.04825431279641634,0.22460312625662482
2025-10-28 13:34:41.173,3.4102540162512014,1.8467279038977722,0.047069703659872175,0.22310262135033554
2025-10-28 13:34:42.196,3.410727859905819,1.8459381644734094,0.04762252125692612,0.2232605692352081
2025-10-28 13:34:43.223,3.410727859905819,1.8468858517826447,0.0477014951993624,0.2246821001990611
2025-10-28 13:34:44.249,3.4104909380785102,1.8468068778402085,0.04793841702667123,0.2239713347171346
2025-10-28 13:34:45.274,3.410727859905819,1.8462540602431545,0.04762252125692612,0.22381338683226204
2025-10-28 13:34:46.300,3.4103329901936377,1.8472807214948261,0.047780469141798676,0.22270775163815415
2025-10-28 13:34:47.326,3.4103329901936377,1.8468068778402085,0.04959686981783307,0.22405030865957087
2025-10-28 13:34:48.355,3.40985914653902,1.8463330341855908,0.0477014951993624,0.22365543894738948
2025-10-28 13:34:49.383,3.410175042308765,1.8471227736099536,0.046753807890127064,0.22318159529277182
2025-10-28 13:34:50.408,3.4103329901936377,1.8470437996675173,0.04904405222077912,0.22412928260200715
2025-10-28 13:34:51.434,3.4100170944238926,1.8464909820704634,0.04683278183256334,0.22460312625662482
2025-10-28 13:34:52.464,3.4097801725965837,1.8468068778402085,0.047780469141798676,0.22349749106251693
2025-10-28 13:34:53.492,3.409543250769275,1.846648929955336,0.047464573372053565,0.22270775163815415
2025-10-28 13:34:54.519,3.4097011986541474,1.8482284088040615,0.04754354731448984,0.22223390798353648
2025-10-28 13:34:55.547,3.4100170944238926,1.8463330341855908,0.04864918250859773,0.22381338683226204
2025-10-28 13:34:56.574,3.410096068366329,1.8468068778402085,0.04943892193296051,0.22302364740789926
2025-10-28 13:34:57.601,3.4097801725965837,1.8474386693796987,0.047069703659872175,0.22231288192597276
2025-10-28 13:34:58.624,3.410096068366329,1.8464909820704634,0.04809636491154379,0.22412928260200715
2025-10-28 13:34:59.652,3.409622224711711,1.846412008128027,0.04730662548718101,0.2242872304868797
2025-10-28 13:35:00.681,3.409622224711711,1.8468858517826447,0.046753807890127064,0.22247082981084532
2025-10-28 13:35:01.707,3.409622224711711,1.8464909820704634,0.048570208566161455,0.22665644875996804
2025-10-28 13:35:02.734,3.4094642768268386,1.8463330341855908,0.04825431279641634,0.22412928260200715
2025-10-28 13:35:03.764,3.409622224711711,1.8472017475523899,0.0477014951993624,0.2249979959688062
2025-10-28 13:35:04.792,3.409543250769275,1.8470437996675173,0.04833328673885262,0.22531389173855132
2025-10-28 13:35:05.820,3.4091483810570935,1.8470437996675173,0.04959686981783307,0.22460312625662482
2025-10-28 13:35:06.851,3.409622224711711,1.8467279038977722,0.0484122606812889,0.2235764650049532
2025-10-28 13:35:07.877,3.4093853028844023,1.8468858517826447,0.04691175577499962,0.22373441288982576
2025-10-28 13:35:08.905,3.4093853028844023,1.8463330341855908,0.04825431279641634,0.22602465722047782
2025-10-28 13:35:09.935,3.4093853028844023,1.8467279038977722,0.04691175577499962,0.22555081356586015
2025-10-28 13:35:10.960,3.4094642768268386,1.846412008128027,0.04762252125692612,0.22247082981084532
2025-10-28 13:35:11.987,3.4091483810570935,1.846648929955336,0.049991739530014456,0.22484004808393365
2025-10-28 13:35:13.013,3.409306328941966,1.8468068778402085,0.046753807890127064,0.22349749106251693
2025-10-28 13:35:14.041,3.4088324852873484,1.846964825725081,0.046674833947690786,0.22333954317764437
2025-10-28 13:35:15.069,3.4089114592297847,1.8465699560128996,0.04880713039347029,0.2232605692352081
2025-10-28 13:35:16.096,3.4091483810570935,1.8462540602431545,0.05014968741488701,0.22318159529277182
2025-10-28 13:35:17.123,3.4091483810570935,1.846964825725081,0.04651688606281823,0.22262877769571787
2025-10-28 13:35:18.148,3.4089114592297847,1.8472807214948261,0.047464573372053565,0.22452415231418854
2025-10-28 13:35:19.176,3.4083586416327307,1.8472807214948261,0.04920200010565168,0.22476107414149737
2025-10-28 13:35:20.207,3.4082796676902944,1.8467279038977722,0.048175338853980065,0.22602465722047782
2025-10-28 13:35:21.236,3.4088324852873484,1.846096112358282,0.04793841702667123,0.22381338683226204
2025-10-28 13:35:22.264,3.4090694071146572,1.8468858517826447,0.04651688606281823,0.22373441288982576
2025-10-28 13:35:23.291,3.4083586416327307,1.846412008128027,0.048570208566161455,0.22333954317764437
2025-10-28 13:35:24.319,3.4085165895176033,1.8472807214948261,0.047859443084234954,0.22405030865957087
2025-10-28 13:35:25.345,3.408753511344912,1.846648929955336,0.05030763529975957,0.2242872304868797
2025-10-28 13:35:26.375,3.408753511344912,1.846964825725081,0.04864918250859773,0.22310262135033554
2025-10-28 13:35:27.403,3.4085165895176033,1.846964825725081,0.048175338853980065,0.22333954317764437
2025-10-28 13:35:28.429,3.408753511344912,1.8461750863007182,0.04825431279641634,0.22389236077469832
2025-10-28 13:35:29.453,3.408753511344912,1.8471227736099536,0.048175338853980065,0.22310262135033554
2025-10-28 13:35:30.480,3.4083586416327307,1.8461750863007182,0.048886104335906566,0.2232605692352081
2025-10-28 13:35:31.503,3.4089114592297847,1.8462540602431545,0.04651688606281823,0.22302364740789926
2025-10-28 13:35:32.531,3.4088324852873484,1.846648929955336,0.04730662548718101,0.2246821001990611
2025-10-28 13:35:33.560,3.4085165895176033,1.8472807214948261,0.0477014951993624,0.22270775163815415
2025-10-28 13:35:34.587,3.40922735499953,1.8458591905309731,0.04730662548718101,0.22389236077469832
2025-10-28 13:35:35.614,3.4089114592297847,1.846648929955336,0.0484122606812889,0.2232605692352081
2025-10-28 13:35:36.643,3.4083586416327307,1.8468068778402085,0.04762252125692612,0.22349749106251693
2025-10-28 13:35:37.668,3.4085955634600396,1.8464909820704634,0.05070250501194096,0.22460312625662482
2025-10-28 13:35:38.695,3.408753511344912,1.8475966172645713,0.04833328673885262,0.22278672558059043
2025-10-28 13:35:39.721,3.4085165895176033,1.8460171384158457,0.04691175577499962,0.2232605692352081
2025-10-28 13:35:40.748,3.408200693747858,1.8464909820704634,0.04714867760230845,0.22412928260200715
2025-10-28 13:35:41.775,3.408121719805422,1.8467279038977722,0.04801739096910751,0.22341851712008065
2025-10-28 13:35:42.804,3.4082796676902944,1.846964825725081,0.04722765154474473,0.22341851712008065
2025-10-28 13:35:43.831,3.408200693747858,1.846096112358282,0.0477014951993624,0.22602465722047782
2025-10-28 13:35:44.859,3.4079637719205493,1.8464909820704634,0.04809636491154379,0.22310262135033554
2025-10-28 13:35:45.889,3.408200693747858,1.846412008128027,0.04738559942961729,0.22507696991124249
2025-10-28 13:35:46.918,3.408121719805422,1.846412008128027,0.04825431279641634,0.22302364740789926
2025-10-28 13:35:47.950,3.4077268500932405,1.8465699560128996,0.04959686981783307,0.22460312625662482
2025-10-28 13:35:48.976,3.408200693747858,1.847517643322135,0.048175338853980065,0.22515594385367876
2025-10-28 13:35:50.004,3.407884797978113,1.8463330341855908,0.046753807890127064,0.22302364740789926
2025-10-28 13:35:51.031,3.407568902208368,1.8459381644734094,0.04849123462372518,0.22618260510535038
2025-10-28 13:35:52.058,3.4077268500932405,1.8463330341855908,0.047780469141798676,0.22365543894738948
2025-10-28 13:35:53.083,3.4074899282659317,1.8472807214948261,0.04651688606281823,0.22389236077469832
2025-10-28 13:35:54.110,3.407568902208368,1.8472807214948261,0.047780469141798676,0.22547183962342388
2025-10-28 13:35:55.138,3.407884797978113,1.8467279038977722,0.04833328673885262,0.22318159529277182
2025-10-28 13:35:56.164,3.407253006438623,1.846964825725081,0.04754354731448984,0.22341851712008065
2025-10-28 13:35:57.191,3.407331980381059,1.8474386693796987,0.0491230261632154,0.22333954317764437
2025-10-28 13:35:58.216,3.4070950585537503,1.8470437996675173,0.0469907297174359,0.22318159529277182
2025-10-28 13:35:59.243,3.4070950585537503,1.8465699560128996,0.046753807890127064,0.22310262135033554
2025-10-28 13:36:00.269,3.406779162784005,1.8468858517826447,0.04738559942961729,0.22412928260200715
2025-10-28 13:36:01.296,3.4071740324961866,1.8473596954372624,0.04825431279641634,0.22405030865957087
2025-10-28 13:36:02.322,3.4070950585537503,1.846964825725081,0.04975481770270562,0.22302364740789926
2025-10-28 13:36:03.348,3.4069371106688777,1.846648929955336,0.04722765154474473,0.2246821001990611
2025-10-28 13:36:04.375,3.4071740324961866,1.8468068778402085,0.048965078278342844,0.22405030865957087
2025-10-28 13:36:05.403,3.406779162784005,1.8467279038977722,0.046358938177945674,0.22278672558059043
2025-10-28 13:36:06.427,3.406779162784005,1.8467279038977722,0.047780469141798676,0.22460312625662482
2025-10-28 13:36:07.453,3.407253006438623,1.8470437996675173,0.048965078278342844,0.22318159529277182
2025-10-28 13:36:08.479,3.407253006438623,1.8459381644734094,0.04880713039347029,0.2232605692352081
2025-10-28 13:36:09.505,3.4066212148991326,1.846648929955336,0.04991276558757818,0.2257087614507327
2025-10-28 13:36:10.532,3.4069371106688777,1.846964825725081,0.04722765154474473,0.22381338683226204
2025-10-28 13:36:11.558,3.4069371106688777,1.8465699560128996,0.0484122606812889,0.2228656995230267
2025-10-28 13:36:12.583,3.406700188841569,1.8463330341855908,0.04849123462372518,0.22278672558059043
2025-10-28 13:36:13.610,3.4069371106688777,1.846964825725081,0.048570208566161455,0.22389236077469832
2025-10-28 13:36:14.639,3.406779162784005,1.8476755912070075,0.04683278183256334,0.22333954317764437
2025-10-28 13:36:15.664,3.4063053191293875,1.8473596954372624,0.050070713472450734,0.22302364740789926
2025-10-28 13:36:16.691,3.4063842930718238,1.8465699560128996,0.04935994799052423,0.22389236077469832
2025-10-28 13:36:17.717,3.4065422409566963,1.846964825725081,0.04754354731448984,0.22389236077469832
2025-10-28 13:36:18.742,3.4063053191293875,1.8467279038977722,0.046358938177945674,0.22491902202636993
2025-10-28 13:36:19.769,3.4070950585537503,1.8460171384158457,0.04849123462372518,0.22420825654444343
2025-10-28 13:36:20.796,3.4063842930718238,1.8471227736099536,0.04975481770270562,0.2225498037532816
2025-10-28 13:36:21.822,3.4063053191293875,1.8459381644734094,0.04730662548718101,0.22199698615622765
2025-10-28 13:36:22.848,3.406700188841569,1.846412008128027,0.048175338853980065,0.22444517837175226
2025-10-28 13:36:23.875,3.4069371106688777,1.8464909820704634,0.04754354731448984,0.22531389173855132
2025-10-28 13:36:24.901,3.406779162784005,1.8461750863007182,0.0469907297174359,0.22294467346546298
2025-10-28 13:36:25.931,3.40646326701426,1.846964825725081,0.0484122606812889,0.2246821001990611
2025-10-28 13:36:26.957,3.40646326701426,1.8463330341855908,0.04793841702667123,0.22247082981084532
2025-10-28 13:36:27.983,3.407016084611314,1.8473596954372624,0.04754354731448984,0.22310262135033554
2025-10-28 13:36:29.009,3.4063053191293875,1.8464909820704634,0.04951789587539679,0.22389236077469832
2025-10-28 13:36:30.034,3.406147371244515,1.8472017475523899,0.047859443084234954,0.22389236077469832
2025-10-28 13:36:31.058,3.4066212148991326,1.8468858517826447,0.047859443084234954,0.22318159529277182
2025-10-28 13:36:32.085,3.40646326701426,1.8468858517826447,0.04691175577499962,0.22618260510535038
2025-10-28 13:36:33.111,3.4066212148991326,1.8470437996675173,0.05022866135732329,0.22436620442931599
2025-10-28 13:36:34.136,3.4059894233596424,1.8467279038977722,0.04714867760230845,0.22262877769571787
2025-10-28 13:36:35.162,3.406147371244515,1.8470437996675173,0.0469907297174359,0.22191801221379137
2025-10-28 13:36:36.189,3.4063053191293875,1.846964825725081,0.04943892193296051,0.22452415231418854
2025-10-28 13:36:37.215,3.405910449417206,1.846648929955336,0.048175338853980065,0.22531389173855132
2025-10-28 13:36:38.240,3.405910449417206,1.8465699560128996,0.04793841702667123,0.22223390798353648
2025-10-28 13:36:39.267,3.4060683973020787,1.846096112358282,0.047859443084234954,0.22460312625662482
2025-10-28 13:36:40.293,3.4063842930718238,1.846964825725081,0.04738559942961729,0.22562978750829643
2025-10-28 13:36:41.318,3.405594553647461,1.8462540602431545,0.049991739530014456,0.22365543894738948
2025-10-28 13:36:42.345,3.406226345186951,1.8465699560128996,0.04762252125692612,0.22310262135033554
2025-10-28 13:36:43.371,3.4063842930718238,1.846096112358282,0.04793841702667123,0.22476107414149737
2025-10-28 13:36:44.398,3.4056735275898973,1.8468858517826447,0.04683278183256334,0.22262877769571787
2025-10-28 13:36:45.424,3.406147371244515,1.8465699560128996,0.050070713472450734,0.22223390798353648
2025-10-28 13:36:46.450,3.4063053191293875,1.8467279038977722,0.048570208566161455,0.2242872304868797
2025-10-28 13:36:47.476,3.4057525015323336,1.8465699560128996,0.047069703659872175,0.22262877769571787
2025-10-28 13:36:48.504,3.4056735275898973,1.8474386693796987,0.04754354731448984,0.22239185586840904
2025-10-28 13:36:49.533,3.4056735275898973,1.8465699560128996,0.04722765154474473,0.22302364740789926
2025-10-28 13:36:50.560,3.4057525015323336,1.8462540602431545,0.048886104335906566,0.22318159529277182
2025-10-28 13:36:51.585,3.405594553647461,1.846964825725081,0.046674833947690786,0.22420825654444343
2025-10-28 13:36:52.612,3.4057525015323336,1.846648929955336,0.04849123462372518,0.22444517837175226
2025-10-28 13:36:53.641,3.4054366057625884,1.8468858517826447,0.04683278183256334,0.22318159529277182
2025-10-28 13:36:54.668,3.4054366057625884,1.8472807214948261,0.047464573372053565,0.22460312625662482
2025-10-28 13:36:55.692,3.405278657877716,1.8472807214948261,0.04833328673885262,0.22349749106251693
2025-10-28 13:36:56.720,3.405278657877716,1.8467279038977722,0.04643791212038195,0.22412928260200715
2025-10-28 13:36:57.746,3.405357631820152,1.846964825725081,0.04651688606281823,0.2242872304868797
2025-10-28 13:36:58.781,3.405357631820152,1.8470437996675173,0.04651688606281823,0.2239713347171346
2025-10-28 13:36:59.808,3.4051207099928433,1.8463330341855908,0.04825431279641634,0.22444517837175226
2025-10-28 13:37:00.835,3.4051207099928433,1.8465699560128996,0.0498337916451419,0.2239713347171346
2025-10-28 13:37:01.862,3.405041736050407,1.8472017475523899,0.048965078278342844,0.22333954317764437
2025-10-28 13:37:02.888,3.405278657877716,1.8460171384158457,0.04738559942961729,0.22381338683226204
2025-10-28 13:37:03.915,3.405041736050407,1.8465699560128996,0.04849123462372518,0.22365543894738948
2025-10-28 13:37:04.941,3.404804814223098,1.846964825725081,0.04833328673885262,0.22318159529277182
2025-10-28 13:37:05.966,3.404804814223098,1.8472017475523899,0.04714867760230845,0.22405030865957087
2025-10-28 13:37:06.995,3.4045678923957894,1.8472017475523899,0.04809636491154379,0.22389236077469832
2025-10-28 13:37:08.023,3.404409944510917,1.8467279038977722,0.047780469141798676,0.2228656995230267
2025-10-28 13:37:09.046,3.4048837881655345,1.8468068778402085,0.04651688606281823,0.22294467346546298
2025-10-28 13:37:10.075,3.404725840280662,1.846648929955336,0.04722765154474473,0.22341851712008065
2025-10-28 13:37:11.102,3.404804814223098,1.8472017475523899,0.04793841702667123,0.22262877769571787
2025-10-28 13:37:12.128,3.4046468663382257,1.8464909820704634,0.047859443084234954,0.22452415231418854
2025-10-28 13:37:13.154,3.4045678923957894,1.8467279038977722,0.04691175577499962,0.22302364740789926
2025-10-28 13:37:14.179,3.4042519966260443,1.8468068778402085,0.04809636491154379,0.22310262135033554
2025-10-28 13:37:15.208,3.4040940487411717,1.8463330341855908,0.04809636491154379,0.22657747481753177
2025-10-28 13:37:16.234,3.404409944510917,1.8471227736099536,0.050386609242195846,0.22420825654444343
2025-10-28 13:37:17.260,3.4045678923957894,1.8468068778402085,0.04683278183256334,0.22341851712008065
2025-10-28 13:37:18.285,3.4042519966260443,1.8462540602431545,0.047780469141798676,0.22302364740789926
2025-10-28 13:37:19.311,3.4040150747987354,1.8468858517826447,0.04762252125692612,0.2242872304868797
2025-10-28 13:37:20.336,3.404173022683608,1.846648929955336,0.04722765154474473,0.22310262135033554
2025-10-28 13:37:21.359,3.404409944510917,1.8463330341855908,0.047069703659872175,0.22231288192597276
2025-10-28 13:37:22.382,3.4043309705684806,1.8468858517826447,0.04793841702667123,0.22262877769571787
2025-10-28 13:37:23.406,3.4043309705684806,1.8463330341855908,0.047464573372053565,0.22247082981084532
2025-10-28 13:37:24.429,3.403936100856299,1.8472807214948261,0.047069703659872175,0.22389236077469832
2025-10-28 13:37:25.452,3.4040150747987354,1.8468068778402085,0.05014968741488701,0.22594568327804154
2025-10-28 13:37:26.476,3.403936100856299,1.846964825725081,0.050386609242195846,0.22420825654444343
2025-10-28 13:37:27.503,3.4040150747987354,1.8464909820704634,0.048175338853980065,0.2239713347171346
2025-10-28 13:37:28.530,3.404409944510917,1.8468068778402085,0.04793841702667123,0.22444517837175226
2025-10-28 13:37:29.554,3.4042519966260443,1.8468858517826447,0.0491230261632154,0.22341851712008065
2025-10-28 13:37:30.577,3.4037781529714266,1.8468858517826447,0.04943892193296051,0.2246821001990611
2025-10-28 13:37:31.600,3.404409944510917,1.8476755912070075,0.04793841702667123,0.22333954317764437
2025-10-28 13:37:32.624,3.403620205086554,1.847517643322135,0.049280974048087955,0.22294467346546298
2025-10-28 13:37:33.647,3.403936100856299,1.8472807214948261,0.04880713039347029,0.22444517837175226
2025-10-28 13:37:34.672,3.403620205086554,1.8464909820704634,0.04722765154474473,0.2246821001990611
2025-10-28 13:37:35.697,3.4034622572016815,1.8470437996675173,0.047069703659872175,0.2228656995230267
2025-10-28 13:37:36.724,3.4032253353743727,1.8470437996675173,0.04833328673885262,0.22452415231418854
2025-10-28 13:37:37.747,3.4037781529714266,1.8468068778402085,0.04762252125692612,0.22507696991124249
2025-10-28 13:37:38.771,3.4034622572016815,1.846964825725081,0.04754354731448984,0.22491902202636993
2025-10-28 13:37:39.794,3.4040150747987354,1.846412008128027,0.0498337916451419,0.22365543894738948
2025-10-28 13:37:40.817,3.403383283259245,1.846096112358282,0.04825431279641634,0.22333954317764437
2025-10-28 13:37:41.849,3.4034622572016815,1.846648929955336,0.04683278183256334,0.2242872304868797
2025-10-28 13:37:42.878,3.4032253353743727,1.8467279038977722,0.04825431279641634,0.22302364740789926
2025-10-28 13:37:43.905,3.403620205086554,1.8459381644734094,0.04659586000525451,0.2228656995230267
2025-10-28 13:37:44.931,3.403857126913863,1.8476755912070075,0.04754354731448984,0.22562978750829643
2025-10-28 13:37:45.956,3.4036991790289903,1.8475966172645713,0.049991739530014456,0.22365543894738948
2025-10-28 13:37:46.983,3.4031463614319364,1.8461750863007182,0.04722765154474473,0.2225498037532816
2025-10-28 13:37:48.013,3.403857126913863,1.846648929955336,0.047464573372053565,0.22373441288982576
2025-10-28 13:37:49.040,3.4035412311441178,1.8468068778402085,0.04951789587539679,0.22373441288982576
2025-10-28 13:37:50.067,3.403304309316809,1.8476755912070075,0.04691175577499962,0.22262877769571787
2025-10-28 13:37:51.093,3.4026725177773187,1.8472017475523899,0.04738559942961729,0.22405030865957087
2025-10-28 13:37:52.119,3.4029094396046276,1.846096112358282,0.05022866135732329,0.22460312625662482
2025-10-28 13:37:53.142,3.403383283259245,1.8462540602431545,0.046753807890127064,0.2232605692352081
2025-10-28 13:37:54.170,3.4030673874895,1.846648929955336,0.04738559942961729,0.22381338683226204
2025-10-28 13:37:55.196,3.402988413547064,1.8467279038977722,0.04825431279641634,0.22491902202636993
2025-10-28 13:37:56.222,3.403620205086554,1.8470437996675173,0.04801739096910751,0.2239713347171346
2025-10-28 13:37:57.247,3.4032253353743727,1.8468858517826447,0.046674833947690786,0.22460312625662482
2025-10-28 13:37:58.277,3.4028304656621913,1.8458591905309731,0.05022866135732329,0.2235764650049532
2025-10-28 13:37:59.303,3.4029094396046276,1.8472807214948261,0.047069703659872175,0.22278672558059043
2025-10-28 13:38:00.329,3.4034622572016815,1.845543294761228,0.05022866135732329,0.22405030865957087
2025-10-28 13:38:01.357,3.4025935438348824,1.846964825725081,0.04738559942961729,0.22381338683226204
2025-10-28 13:38:02.383,3.4025935438348824,1.8462540602431545,0.050070713472450734,0.22333954317764437
2025-10-28 13:38:03.408,3.402988413547064,1.848070460919189,0.04991276558757818,0.22547183962342388
2025-10-28 13:38:04.434,3.402751491719755,1.8473596954372624,0.04975481770270562,0.22333954317764437
2025-10-28 13:38:05.462,3.403304309316809,1.8468068778402085,0.0469907297174359,0.22262877769571787
2025-10-28 13:38:06.489,3.4029094396046276,1.8468858517826447,0.04643791212038195,0.22341851712008065
2025-10-28 13:38:07.516,3.40243559595001,1.8470437996675173,0.04825431279641634,0.22389236077469832
2025-10-28 13:38:08.545,3.402514569892446,1.8464909820704634,0.0477014951993624,0.2221549340411002
2025-10-28 13:38:09.568,3.4029094396046276,1.8467279038977722,0.046674833947690786,0.22420825654444343
2025-10-28 13:38:10.595,3.402751491719755,1.8459381644734094,0.04991276558757818,0.2235764650049532
2025-10-28 13:38:11.621,3.402751491719755,1.8468068778402085,0.048570208566161455,0.22318159529277182
2025-10-28 13:38:12.647,3.40243559595001,1.7802318443664262,0.04643791212038195,0.22547183962342388
2025-10-28 13:38:13.673,3.40243559595001,1.8464909820704634,0.048570208566161455,0.22491902202636993
2025-10-28 13:38:14.703,3.4026725177773187,1.8471227736099536,0.04722765154474473,0.22341851712008065
2025-10-28 13:38:15.730,3.4021197001802648,1.8460171384158457,0.0469907297174359,0.22436620442931599
2025-10-28 13:38:16.755,3.4022776480651373,1.846964825725081,0.04738559942961729,0.22491902202636993
2025-10-28 13:38:17.780,3.4026725177773187,1.8462540602431545,0.04762252125692612,0.22318159529277182
2025-10-28 13:38:18.806,3.4022776480651373,1.7934204927532846,0.04762252125692612,0.2225498037532816
2025-10-28 13:38:19.832,3.401961752295392,1.8468858517826447,0.04920200010565168,0.22547183962342388
2025-10-28 13:38:20.860,3.401961752295392,1.8467279038977722,0.04722765154474473,0.22318159529277182
2025-10-28 13:38:21.887,3.4020407262378285,1.7793631309996272,0.04975481770270562,0.22310262135033554
2025-10-28 13:38:22.912,3.4023566220075736,1.7795210788844997,0.04809636491154379,0.22476107414149737
2025-10-28 13:38:23.938,3.401566882583211,1.846648929955336,0.05022866135732329,0.22365543894738948
2025-10-28 13:38:24.965,3.401882778352956,1.8468858517826447,0.047780469141798676,0.22239185586840904
2025-10-28 13:38:25.992,3.4018038044105197,1.8463330341855908,0.04825431279641634,0.22452415231418854
2025-10-28 13:38:27.017,3.401329960755902,1.7864707858188922,0.047859443084234954,0.22405030865957087
2025-10-28 13:38:28.047,3.4020407262378285,1.8470437996675173,0.047859443084234954,0.2228656995230267
2025-10-28 13:38:29.071,3.401645856525647,1.846648929955336,0.05022866135732329,0.2239713347171346
2025-10-28 13:38:30.096,3.401566882583211,1.7802318443664262,0.05046558318463212,0.22294467346546298
2025-10-28 13:38:31.121,3.4017248304680834,1.8461750863007182,0.04722765154474473,0.22318159529277182
2025-10-28 13:38:32.147,3.401645856525647,1.8463330341855908,0.047464573372053565,0.2221549340411002
2025-10-28 13:38:33.173,3.4018038044105197,1.846412008128027,0.048175338853980065,0.22405030865957087
2025-10-28 13:38:34.199,3.4014879086407745,1.7797580007118086,0.0469907297174359,0.2242872304868797
2025-10-28 13:38:35.224,3.401566882583211,1.8464909820704634,0.04714867760230845,0.22341851712008065
2025-10-28 13:38:36.251,3.401882778352956,1.7797580007118086,0.04722765154474473,0.2257087614507327
2025-10-28 13:38:37.277,3.401329960755902,1.84783353909188,0.04833328673885262,0.22349749106251693
2025-10-28 13:38:38.303,3.401093038928593,1.7797580007118086,0.0469907297174359,0.22389236077469832
2025-10-28 13:38:39.328,3.401566882583211,1.7807846619634802,0.04738559942961729,0.22452415231418854
2025-10-28 13:38:40.354,3.4012509868134657,1.7798369746542448,0.04825431279641634,0.22460312625662482
2025-10-28 13:38:41.379,3.4009350910437206,1.7795210788844997,0.04722765154474473,0.22270775163815415
2025-10-28 13:38:42.405,3.4011720128710294,1.779600052826936,0.0491230261632154,0.22476107414149737
2025-10-28 13:38:43.433,3.401014064986157,1.7796790267693723,0.04762252125692612,0.22452415231418854
2025-10-28 13:38:44.459,3.4014089346983383,1.8468858517826447,0.0484122606812889,0.22247082981084532
2025-10-28 13:38:45.484,3.4011720128710294,1.779600052826936,0.04801739096910751,0.22294467346546298
2025-10-28 13:38:46.509,3.401329960755902,1.779600052826936,0.04801739096910751,0.22349749106251693
2025-10-28 13:38:47.534,3.4014089346983383,1.780705688021044,0.04738559942961729,0.22594568327804154
2025-10-28 13:38:48.559,3.401329960755902,1.7793631309996272,0.04754354731448984,0.22318159529277182
2025-10-28 13:38:49.587,3.4014879086407745,1.7786523655177007,0.047464573372053565,0.22349749106251693
2025-10-28 13:38:50.613,3.4006981692164118,1.7805477401361713,0.04722765154474473,0.22405030865957087
2025-10-28 13:38:51.640,3.4014879086407745,1.7796790267693723,0.04793841702667123,0.22381338683226204
2025-10-28 13:38:52.668,3.4006981692164118,1.779047235229882,0.04793841702667123,0.22294467346546298
2025-10-28 13:38:53.697,3.4008561171012843,1.7793631309996272,0.04833328673885262,0.2246821001990611
2025-10-28 13:38:54.725,3.4012509868134657,1.7798369746542448,0.048886104335906566,0.22349749106251693
2025-10-28 13:38:55.752,3.4008561171012843,1.7798369746542448,0.04714867760230845,0.22562978750829643
2025-10-28 13:38:56.777,3.400777143158848,1.7793631309996272,0.0484122606812889,0.22405030865957087
2025-10-28 13:38:57.804,3.400461247389103,1.7791262091723183,0.048965078278342844,0.22302364740789926
2025-10-28 13:38:58.833,3.400540221331539,1.7791262091723183,0.04722765154474473,0.22436620442931599
2025-10-28 13:38:59.858,3.4003032995042304,1.78015287042399,0.05046558318463212,0.22373441288982576
2025-10-28 13:39:00.885,3.400540221331539,1.7799159485966811,0.047859443084234954,0.2221549340411002
2025-10-28 13:39:01.912,3.400461247389103,1.7795210788844997,0.04722765154474473,0.22476107414149737
2025-10-28 13:39:02.936,3.399908429792049,1.779047235229882,0.047464573372053565,0.2249979959688062
2025-10-28 13:39:03.964,3.4006191952739755,1.7788103134025732,0.04825431279641634,0.22412928260200715
2025-10-28 13:39:04.989,3.400540221331539,1.7791262091723183,0.04801739096910751,0.22420825654444343
2025-10-28 13:39:06.015,3.400461247389103,1.7799159485966811,0.0484122606812889,0.22349749106251693
2025-10-28 13:39:07.043,3.400540221331539,1.7793631309996272,0.04975481770270562,0.22349749106251693
2025-10-28 13:39:08.069,3.4008561171012843,1.7793631309996272,0.04730662548718101,0.22270775163815415
2025-10-28 13:39:09.094,3.4003822734466667,1.7789682612874458,0.04864918250859773,0.22460312625662482
2025-10-28 13:39:10.122,3.400461247389103,1.7794421049420635,0.04754354731448984,0.22270775163815415
2025-10-28 13:39:11.148,3.4000663776769215,1.7802318443664262,0.04754354731448984,0.2225498037532816
2025-10-28 13:39:12.175,3.3999874037344853,1.7793631309996272,0.049991739530014456,0.22444517837175226
2025-10-28 13:39:13.201,3.399908429792049,1.7796790267693723,0.04935994799052423,0.22333954317764437
2025-10-28 13:39:14.228,3.399908429792049,1.7795210788844997,0.04754354731448984,0.22294467346546298
2025-10-28 13:39:15.259,3.4003032995042304,1.7797580007118086,0.04872815645103401,0.22333954317764437
2025-10-28 13:39:16.285,3.399908429792049,1.7794421049420635,0.04904405222077912,0.22223390798353648
2025-10-28 13:39:17.313,3.4000663776769215,1.7802318443664262,0.05062353106950468,0.22444517837175226
2025-10-28 13:39:18.340,3.4003032995042304,1.779284157057191,0.04809636491154379,0.22507696991124249
2025-10-28 13:39:19.367,3.4000663776769215,1.7794421049420635,0.04809636491154379,0.22262877769571787
2025-10-28 13:39:20.394,3.4003032995042304,1.7798369746542448,0.04864918250859773,0.2246821001990611
2025-10-28 13:39:21.418,3.3999874037344853,1.7799159485966811,0.0484122606812889,0.22452415231418854
2025-10-28 13:39:22.444,3.399908429792049,1.78015287042399,0.04683278183256334,0.22420825654444343
2025-10-28 13:39:23.469,3.400224325561794,1.7793631309996272,0.04762252125692612,0.22562978750829643
2025-10-28 13:39:24.494,3.3999874037344853,1.7797580007118086,0.050386609242195846,0.22412928260200715
2025-10-28 13:39:25.517,3.39967150796474,1.7799949225391174,0.04825431279641634,0.22389236077469832
2025-10-28 13:39:26.544,3.3994345861374313,1.7792051831147546,0.04793841702667123,0.22247082981084532
2025-10-28 13:39:27.570,3.3994345861374313,1.7788103134025732,0.046753807890127064,0.22294467346546298
2025-10-28 13:39:28.595,3.39967150796474,1.7798369746542448,0.047464573372053565,0.22452415231418854
2025-10-28 13:39:29.620,3.399908429792049,1.7802318443664262,0.047859443084234954,0.2253928656809876
2025-10-28 13:39:30.648,3.3992766382525588,1.7798369746542448,0.04643791212038195,0.22310262135033554
2025-10-28 13:39:31.678,3.3994345861374313,1.7792051831147546,0.04849123462372518,0.22365543894738948
2025-10-28 13:39:32.704,3.3995135600798676,1.7795210788844997,0.04691175577499962,0.22365543894738948
2025-10-28 13:39:33.731,3.3989607424828137,1.7800738964815537,0.04991276558757818,0.22460312625662482
2025-10-28 13:39:34.758,3.399592534022304,1.7802318443664262,0.04849123462372518,0.22444517837175226
2025-10-28 13:39:35.783,3.3989607424828137,1.7793631309996272,0.047859443084234954,0.22310262135033554
2025-10-28 13:39:36.809,3.3991976643101225,1.779600052826936,0.04793841702667123,0.2249979959688062
2025-10-28 13:39:37.832,3.3992766382525588,1.7794421049420635,0.0477014951993624,0.2246821001990611
2025-10-28 13:39:38.857,3.3988817685403774,1.7802318443664262,0.0484122606812889,0.22333954317764437
2025-10-28 13:39:39.882,3.399118690367686,1.7789682612874458,0.050070713472450734,0.2225498037532816
2025-10-28 13:39:40.909,3.39967150796474,1.7797580007118086,0.047464573372053565,0.22191801221379137
2025-10-28 13:39:41.945,3.39903971642525,1.778731339460137,0.04691175577499962,0.22381338683226204
2025-10-28 13:39:42.971,3.399118690367686,1.778731339460137,0.04738559942961729,0.22333954317764437
2025-10-28 13:39:43.996,3.399118690367686,1.779284157057191,0.047464573372053565,0.2232605692352081
2025-10-28 13:39:45.021,3.3991976643101225,1.779600052826936,0.050386609242195846,0.22302364740789926
2025-10-28 13:39:46.047,3.3985658727706323,1.7803897922512988,0.04762252125692612,0.2228656995230267
2025-10-28 13:39:47.075,3.3984079248857597,1.7799949225391174,0.048886104335906566,0.22349749106251693
2025-10-28 13:39:48.104,3.398723820655505,1.779600052826936,0.046753807890127064,0.22262877769571787
2025-10-28 13:39:49.131,3.3988817685403774,1.7796790267693723,0.04991276558757818,0.2232605692352081
2025-10-28 13:39:50.161,3.3986448467130685,1.78015287042399,0.04991276558757818,0.22262877769571787
2025-10-28 13:39:51.190,3.3986448467130685,1.7797580007118086,0.04872815645103401,0.22294467346546298
2025-10-28 13:39:52.218,3.3986448467130685,1.7794421049420635,0.04754354731448984,0.22318159529277182
2025-10-28 13:39:53.244,3.3986448467130685,1.7797580007118086,0.04833328673885262,0.22270775163815415
2025-10-28 13:39:54.272,3.398486898828196,1.7796790267693723,0.04683278183256334,0.22460312625662482
2025-10-28 13:39:55.297,3.398802794597941,1.7799159485966811,0.047464573372053565,0.2242872304868797
2025-10-28 13:39:56.323,3.398723820655505,1.7803897922512988,0.04691175577499962,0.22318159529277182
2025-10-28 13:39:57.349,3.398249977000887,1.7794421049420635,0.04754354731448984,0.2225498037532816
2025-10-28 13:39:58.372,3.3983289509433234,1.7797580007118086,0.04738559942961729,0.22491902202636993
2025-10-28 13:39:59.399,3.3986448467130685,1.7791262091723183,0.04809636491154379,0.22389236077469832
2025-10-28 13:40:00.424,3.3984079248857597,1.7794421049420635,0.047069703659872175,0.22318159529277182
2025-10-28 13:40:01.451,3.3984079248857597,1.7803897922512988,0.048175338853980065,0.22373441288982576
2025-10-28 13:40:02.474,3.3985658727706323,1.7797580007118086,0.0484122606812889,0.22531389173855132
2025-10-28 13:40:03.499,3.3983289509433234,1.7789682612874458,0.04738559942961729,0.2239713347171346
2025-10-28 13:40:04.527,3.3985658727706323,1.7799159485966811,0.047780469141798676,0.2228656995230267
2025-10-28 13:40:05.551,3.3984079248857597,1.7788892873450095,0.047859443084234954,0.22626157904778665
2025-10-28 13:40:06.577,3.398249977000887,1.779284157057191,0.04943892193296051,0.2239713347171346
2025-10-28 13:40:07.604,3.398486898828196,1.7796790267693723,0.04793841702667123,0.22523491779611504
2025-10-28 13:40:08.633,3.3983289509433234,1.7795210788844997,0.05022866135732329,0.22412928260200715
2025-10-28 13:40:09.660,3.3980130551735783,1.7793631309996272,0.04793841702667123,0.22405030865957087
2025-10-28 13:40:10.687,3.3977761333462695,1.78015287042399,0.048965078278342844,0.22381338683226204
2025-10-28 13:40:11.713,3.3980130551735783,1.779047235229882,0.0469907297174359,0.22444517837175226
2025-10-28 13:40:12.736,3.3978551072887058,1.7794421049420635,0.05101840078168607,0.22318159529277182
2025-10-28 13:40:13.763,3.3977761333462695,1.7795210788844997,0.04801739096910751,0.22491902202636993
2025-10-28 13:40:14.789,3.3980130551735783,1.7794421049420635,0.04762252125692612,0.22262877769571787
2025-10-28 13:40:15.818,3.3977761333462695,1.7797580007118086,0.048175338853980065,0.22318159529277182
2025-10-28 13:40:16.845,3.3977761333462695,1.7800738964815537,0.047780469141798676,0.2232605692352081
2025-10-28 13:40:17.870,3.3977761333462695,1.7805477401361713,0.04935994799052423,0.22341851712008065
2025-10-28 13:40:18.896,3.3980130551735783,1.7803897922512988,0.047069703659872175,0.22491902202636993
2025-10-28 13:40:19.923,3.397618185461397,1.7798369746542448,0.04793841702667123,0.22262877769571787
2025-10-28 13:40:20.948,3.3980920291160146,1.7803897922512988,0.04793841702667123,0.22341851712008065
2025-10-28 13:40:21.973,3.397618185461397,1.779600052826936,0.046753807890127064,0.22586670933560526
2025-10-28 13:40:23.000,3.397697159403833,1.7803108183088625,0.048965078278342844,0.22444517837175226
2025-10-28 13:40:24.024,3.397697159403833,1.7798369746542448,0.0469907297174359,0.2239713347171346
2025-10-28 13:40:25.050,3.3974602375765244,1.7789682612874458,0.04651688606281823,0.22310262135033554
2025-10-28 13:40:26.078,3.3972233157492155,1.7799159485966811,0.04714867760230845,0.22412928260200715
2025-10-28 13:40:27.105,3.397065367864343,1.7794421049420635,0.04691175577499962,0.22294467346546298
2025-10-28 13:40:28.131,3.3974602375765244,1.7799949225391174,0.04651688606281823,0.22278672558059043
2025-10-28 13:40:29.156,3.3972233157492155,1.7795210788844997,0.047464573372053565,0.2235764650049532
2025-10-28 13:40:30.181,3.397381263634088,1.7798369746542448,0.047069703659872175,0.22294467346546298
2025-10-28 13:40:31.210,3.397065367864343,1.7794421049420635,0.04651688606281823,0.22247082981084532
2025-10-28 13:40:32.238,3.3972233157492155,1.7799949225391174,0.04809636491154379,0.22452415231418854
2025-10-28 13:40:33.263,3.397381263634088,1.7791262091723183,0.0469907297174359,0.22349749106251693
2025-10-28 13:40:34.288,3.3972233157492155,1.7799949225391174,0.0477014951993624,0.22310262135033554
2025-10-28 13:40:35.315,3.3965915242097253,1.779600052826936,0.04849123462372518,0.22436620442931599
2025-10-28 13:40:36.343,3.396749472094598,1.78015287042399,0.0469907297174359,0.22310262135033554
2025-10-28 13:40:37.369,3.397302289691652,1.7799949225391174,0.04793841702667123,0.22531389173855132
2025-10-28 13:40:38.397,3.3966704981521616,1.7797580007118086,0.0484122606812889,0.22381338683226204
2025-10-28 13:40:39.424,3.3966704981521616,1.7795210788844997,0.047464573372053565,0.22381338683226204
2025-10-28 13:40:40.450,3.3965915242097253,1.7802318443664262,0.047859443084234954,0.2249979959688062
2025-10-28 13:40:41.475,3.3969074199794704,1.7797580007118086,0.04809636491154379,0.22349749106251693
2025-10-28 13:40:42.498,3.39627562843998,1.779047235229882,0.047859443084234954,0.225787735393169
2025-10-28 13:40:43.524,3.3966704981521616,1.7793631309996272,0.04738559942961729,0.22302364740789926
2025-10-28 13:40:44.547,3.3969863939219067,1.779600052826936,0.047780469141798676,0.22373441288982576
2025-10-28 13:40:45.570,3.3965915242097253,1.7793631309996272,0.04920200010565168,0.22341851712008065
2025-10-28 13:40:46.592,3.396749472094598,1.779284157057191,0.048570208566161455,0.22412928260200715
2025-10-28 13:40:47.616,3.397381263634088,1.779047235229882,0.04793841702667123,0.22389236077469832
2025-10-28 13:40:48.639,3.396196654497544,1.7802318443664262,0.04722765154474473,0.22302364740789926
2025-10-28 13:40:49.665,3.3965915242097253,1.7797580007118086,0.04730662548718101,0.22365543894738948
2025-10-28 13:40:50.693,3.3964335763248528,1.7794421049420635,0.05022866135732329,0.2242872304868797
2025-10-28 13:40:51.717,3.3961176805551077,1.78015287042399,0.0484122606812889,0.2257087614507327
2025-10-28 13:40:52.741,3.3960387066126714,1.779284157057191,0.04714867760230845,0.22341851712008065
2025-10-28 13:40:53.764,3.396196654497544,1.7799159485966811,0.047464573372053565,0.2232605692352081
2025-10-28 13:40:54.788,3.3961176805551077,1.7798369746542448,0.04714867760230845,0.22270775163815415
2025-10-28 13:40:55.814,3.396196654497544,1.7795210788844997,0.047859443084234954,0.22373441288982576
2025-10-28 13:40:56.840,3.395880758727799,1.778731339460137,0.047859443084234954,0.22436620442931599
2025-10-28 13:40:57.864,3.395880758727799,1.7799159485966811,0.04691175577499962,0.22341851712008065
2025-10-28 13:40:58.887,3.396196654497544,1.779284157057191,0.047780469141798676,0.22310262135033554
2025-10-28 13:40:59.910,3.3958017847853625,1.7796790267693723,0.046753807890127064,0.2232605692352081
2025-10-28 13:41:00.934,3.3961176805551077,1.7797580007118086,0.047464573372053565,0.22420825654444343
2025-10-28 13:41:01.957,3.3963546023824165,1.7796790267693723,0.04849123462372518,0.22476107414149737
2025-10-28 13:41:02.982,3.39627562843998,1.779047235229882,0.04809636491154379,0.22381338683226204
2025-10-28 13:41:04.012,3.39627562843998,1.7797580007118086,0.046674833947690786,0.22405030865957087
2025-10-28 13:41:05.046,3.39564383690049,1.7795210788844997,0.047859443084234954,0.22365543894738948
2025-10-28 13:41:06.071,3.3955648629580537,1.7795210788844997,0.04762252125692612,0.22310262135033554
2025-10-28 13:41:07.097,3.3958017847853625,1.7799949225391174,0.04793841702667123,0.22657747481753177
2025-10-28 13:41:08.124,3.39564383690049,1.7803108183088625,0.04872815645103401,0.2235764650049532
2025-10-28 13:41:09.154,3.3961176805551077,1.7799949225391174,0.046753807890127064,0.22626157904778665
2025-10-28 13:41:10.178,3.3960387066126714,1.7789682612874458,0.04825431279641634,0.22373441288982576
2025-10-28 13:41:11.208,3.3958017847853625,1.7796790267693723,0.0469907297174359,0.22381338683226204
2025-10-28 13:41:12.235,3.3955648629580537,1.779047235229882,0.04691175577499962,0.22562978750829643
2025-10-28 13:41:13.259,3.3952489671883086,1.7799949225391174,0.04714867760230845,0.22294467346546298
2025-10-28 13:41:14.286,3.3957228108429263,1.7800738964815537,0.04722765154474473,0.22302364740789926
2025-10-28 13:41:15.310,3.3957228108429263,1.7799949225391174,0.048886104335906566,0.22333954317764437
2025-10-28 13:41:16.336,3.3957228108429263,1.780468766193735,0.048175338853980065,0.2246821001990611
2025-10-28 13:41:17.363,3.3957228108429263,1.7799159485966811,0.04683278183256334,0.22262877769571787
2025-10-28 13:41:18.392,3.3955648629580537,1.779600052826936,0.046674833947690786,0.22302364740789926
2025-10-28 13:41:19.418,3.395327941130745,1.7798369746542448,0.04730662548718101,0.22436620442931599
2025-10-28 13:41:20.445,3.3949330714185635,1.7800738964815537,0.04793841702667123,0.22318159529277182
2025-10-28 13:41:21.472,3.3952489671883086,1.78015287042399,0.04714867760230845,0.22381338683226204
2025-10-28 13:41:22.499,3.3951699932458723,1.7796790267693723,0.048570208566161455,0.22626157904778665
2025-10-28 13:41:23.524,3.3954858890156174,1.7792051831147546,0.046674833947690786,0.22239185586840904
2025-10-28 13:41:24.550,3.39564383690049,1.779284157057191,0.04738559942961729,0.22278672558059043
2025-10-28 13:41:25.578,3.3957228108429263,1.7803897922512988,0.050070713472450734,0.22594568327804154
2025-10-28 13:41:26.603,3.3951699932458723,1.7799159485966811,0.04754354731448984,0.2225498037532816
2025-10-28 13:41:27.631,3.395327941130745,1.7795210788844997,0.046674833947690786,0.22452415231418854
2025-10-28 13:41:28.656,3.394459227763946,1.7800738964815537,0.04762252125692612,0.22349749106251693
2025-10-28 13:41:29.683,3.395327941130745,1.7797580007118086,0.04738559942961729,0.22294467346546298
2025-10-28 13:41:30.709,3.3952489671883086,1.7802318443664262,0.04714867760230845,0.22318159529277182
2025-10-28 13:41:31.737,3.3950120453609998,1.7799159485966811,0.04833328673885262,0.22365543894738948
2025-10-28 13:41:32.760,3.3946961495912547,1.7795210788844997,0.04722765154474473,0.22381338683226204
2025-10-28 13:41:33.786,3.395327941130745,1.7795210788844997,0.05030763529975957,0.22294467346546298
2025-10-28 13:41:34.811,3.395327941130745,1.7791262091723183,0.04762252125692612,0.22333954317764437
2025-10-28 13:41:35.836,3.395091019303436,1.7794421049420635,0.05046558318463212,0.22460312625662482
2025-10-28 13:41:36.864,3.394775123533691,1.7792051831147546,0.049991739530014456,0.22349749106251693
2025-10-28 13:41:37.891,3.394538201706382,1.7800738964815537,0.04880713039347029,0.2228656995230267
2025-10-28 13:41:38.917,3.395327941130745,1.7799949225391174,0.04730662548718101,0.22523491779611504
2025-10-28 13:41:39.942,3.3943012798790733,1.779600052826936,0.047859443084234954,0.22389236077469832
2025-10-28 13:41:40.968,3.3943802538215095,1.7793631309996272,0.04809636491154379,0.22389236077469832
2025-10-28 13:41:41.993,3.3943802538215095,1.7795210788844997,0.04683278183256334,0.22310262135033554
2025-10-28 13:41:43.018,3.3941433319942007,1.779284157057191,0.05070250501194096,0.2253928656809876
2025-10-28 13:41:44.044,3.3941433319942007,1.7800738964815537,0.047069703659872175,0.2228656995230267
2025-10-28 13:41:45.071,3.394459227763946,1.7782574958055193,0.04754354731448984,0.22302364740789926
2025-10-28 13:41:46.097,3.394459227763946,1.7796790267693723,0.04714867760230845,0.22665644875996804
2025-10-28 13:41:47.123,3.394222305936637,1.780468766193735,0.050386609242195846,0.2257087614507327
2025-10-28 13:41:48.150,3.3946961495912547,1.7795210788844997,0.047780469141798676,0.22262877769571787
2025-10-28 13:41:49.179,3.3946171756488184,1.7795210788844997,0.04951789587539679,0.22594568327804154
2025-10-28 13:41:50.206,3.3941433319942007,1.779600052826936,0.04793841702667123,0.22476107414149737
2025-10-28 13:41:51.231,3.394538201706382,1.779600052826936,0.0477014951993624,0.22270775163815415
2025-10-28 13:41:52.257,3.3940643580517644,1.779284157057191,0.05062353106950468,0.22412928260200715
2025-10-28 13:41:53.281,3.3941433319942007,1.7796790267693723,0.047464573372053565,0.2232605692352081
2025-10-28 13:41:54.306,3.3938274362244556,1.7791262091723183,0.04801739096910751,0.22231288192597276
2025-10-28 13:41:55.331,3.3941433319942007,1.779047235229882,0.04809636491154379,0.22239185586840904
2025-10-28 13:41:56.357,3.3946171756488184,1.7803108183088625,0.04738559942961729,0.22452415231418854
2025-10-28 13:41:57.383,3.3937484622820193,1.7799159485966811,0.050386609242195846,0.22476107414149737
2025-10-28 13:41:58.409,3.393906410166892,1.779600052826936,0.047069703659872175,0.22278672558059043
2025-10-28 13:41:59.436,3.393906410166892,1.7800738964815537,0.050386609242195846,0.22412928260200715
2025-10-28 13:42:00.460,3.3941433319942007,1.7794421049420635,0.04809636491154379,0.2257087614507327
2025-10-28 13:42:01.487,3.3938274362244556,1.779047235229882,0.04730662548718101,0.22333954317764437
2025-10-28 13:42:02.512,3.3935115404547105,1.7797580007118086,0.049280974048087955,0.22341851712008065
2025-10-28 13:42:03.538,3.3935905143971468,1.7792051831147546,0.05062353106950468,0.22476107414149737
2025-10-28 13:42:04.565,3.3941433319942007,1.779284157057191,0.04951789587539679,0.22452415231418854
2025-10-28 13:42:05.590,3.3940643580517644,1.7799949225391174,0.04801739096910751,0.22420825654444343
2025-10-28 13:42:06.615,3.393985384109328,1.7796790267693723,0.0477014951993624,0.22310262135033554
2025-10-28 13:42:07.642,3.3935905143971468,1.7794421049420635,0.04714867760230845,0.2232605692352081
2025-10-28 13:42:08.669,3.393116670742529,1.78015287042399,0.04754354731448984,0.22333954317764437
2025-10-28 13:42:09.698,3.393116670742529,1.7799949225391174,0.049675843760269345,0.22562978750829643
2025-10-28 13:42:10.725,3.3935905143971468,1.7803108183088625,0.050386609242195846,0.22294467346546298
2025-10-28 13:42:11.750,3.3931956446849654,1.779600052826936,0.04935994799052423,0.22333954317764437
2025-10-28 13:42:12.775,3.393353592569838,1.7798369746542448,0.046674833947690786,0.22452415231418854
2025-10-28 13:42:13.801,3.393353592569838,1.778731339460137,0.0477014951993624,0.2242872304868797
2025-10-28 13:42:14.827,3.3935115404547105,1.7795210788844997,0.04809636491154379,0.22262877769571787
2025-10-28 13:42:15.855,3.393432566512274,1.7802318443664262,0.04762252125692612,0.22452415231418854
2025-10-28 13:42:16.883,3.3932746186274017,1.7799949225391174,0.05022866135732329,0.22389236077469832
2025-10-28 13:42:17.910,3.393353592569838,1.7802318443664262,0.048886104335906566,0.22239185586840904
2025-10-28 13:42:18.936,3.3932746186274017,1.7793631309996272,0.0469907297174359,0.22436620442931599
2025-10-28 13:42:19.962,3.393432566512274,1.7793631309996272,0.047069703659872175,0.22310262135033554
2025-10-28 13:42:20.990,3.393116670742529,1.7794421049420635,0.04951789587539679,0.22310262135033554
2025-10-28 13:42:22.017,3.393906410166892,1.779284157057191,0.04714867760230845,0.22476107414149737
2025-10-28 13:42:23.045,3.3935905143971468,1.779284157057191,0.048965078278342844,0.22349749106251693
2025-10-28 13:42:24.073,3.393037696800093,1.7792051831147546,0.046674833947690786,0.2228656995230267
2025-10-28 13:42:25.098,3.3931956446849654,1.779284157057191,0.04730662548718101,0.22626157904778665
2025-10-28 13:42:26.122,3.3928797489152203,1.7791262091723183,0.04920200010565168,0.2235764650049532
2025-10-28 13:42:27.147,3.393037696800093,1.7799949225391174,0.047780469141798676,0.2232605692352081
2025-10-28 13:42:28.172,3.392484879203039,1.7797580007118086,0.04683278183256334,0.22223390798353648
2025-10-28 13:42:29.198,3.393037696800093,1.7796790267693723,0.04825431279641634,0.2235764650049532
2025-10-28 13:42:30.223,3.3926428270879114,1.7808636359059165,0.04833328673885262,0.22507696991124249
2025-10-28 13:42:31.247,3.392800774972784,1.779600052826936,0.04833328673885262,0.22310262135033554
2025-10-28 13:42:32.274,3.3926428270879114,1.7793631309996272,0.04643791212038195,0.2232605692352081
2025-10-28 13:42:33.300,3.392563853145475,1.7798369746542448,0.050386609242195846,0.22436620442931599
2025-10-28 13:42:34.326,3.3929587228576565,1.7793631309996272,0.04714867760230845,0.22389236077469832
2025-10-28 13:42:35.352,3.3929587228576565,1.7793631309996272,0.0491230261632154,0.2235764650049532
2025-10-28 13:42:36.379,3.39224795737573,1.7796790267693723,0.04833328673885262,0.2253928656809876
2025-10-28 13:42:37.407,3.3926428270879114,1.779047235229882,0.048965078278342844,0.2239713347171346
2025-10-28 13:42:38.432,3.3931956446849654,1.779600052826936,0.04975481770270562,0.22333954317764437
2025-10-28 13:42:39.458,3.3923269313181663,1.7797580007118086,0.048175338853980065,0.2242872304868797
2025-10-28 13:42:40.484,3.3923269313181663,1.7792051831147546,0.04825431279641634,0.22444517837175226
2025-10-28 13:42:41.510,3.3924059052606026,1.7793631309996272,0.047780469141798676,0.2228656995230267
2025-10-28 13:42:42.538,3.392484879203039,1.7791262091723183,0.04864918250859773,0.22420825654444343
2025-10-28 13:42:43.564,3.3921689834332938,1.7806267140786076,0.0469907297174359,0.22270775163815415
2025-10-28 13:42:44.589,3.392484879203039,1.7788892873450095,0.048965078278342844,0.22381338683226204
2025-10-28 13:42:45.615,3.3923269313181663,1.7791262091723183,0.04651688606281823,0.22270775163815415
2025-10-28 13:42:46.641,3.39224795737573,1.7794421049420635,0.04801739096910751,0.22562978750829643
2025-10-28 13:42:47.668,3.392011035548421,1.7795210788844997,0.048886104335906566,0.2225498037532816
2025-10-28 13:42:48.696,3.39224795737573,1.7784944176328281,0.04659586000525451,0.22349749106251693
2025-10-28 13:42:49.722,3.3923269313181663,1.7792051831147546,0.04754354731448984,0.22365543894738948
2025-10-28 13:42:50.748,3.39224795737573,1.7794421049420635,0.04872815645103401,0.2246821001990611
2025-10-28 13:42:51.773,3.3920900094908575,1.7788892873450095,0.04943892193296051,0.22278672558059043
2025-10-28 13:42:52.800,3.39224795737573,1.7803897922512988,0.04793841702667123,0.22444517837175226
2025-10-28 13:42:53.829,3.3921689834332938,1.779284157057191,0.04651688606281823,0.22333954317764437
2025-10-28 13:42:54.855,3.3921689834332938,1.7788892873450095,0.04643791212038195,0.2225498037532816
2025-10-28 13:42:55.880,3.39224795737573,1.7793631309996272,0.04738559942961729,0.2253928656809876
2025-10-28 13:42:56.907,3.3920900094908575,1.7796790267693723,0.04691175577499962,0.22318159529277182
2025-10-28 13:42:57.933,3.3923269313181663,1.7797580007118086,0.04762252125692612,0.22294467346546298
2025-10-28 13:42:58.962,3.391695139778676,1.7798369746542448,0.04730662548718101,0.22310262135033554
2025-10-28 13:42:59.989,3.391695139778676,1.7794421049420635,0.04793841702667123,0.22318159529277182
2025-10-28 13:43:01.014,3.3918530876635486,1.779284157057191,0.048886104335906566,0.22239185586840904
2025-10-28 13:43:02.040,3.392011035548421,1.7793631309996272,0.04762252125692612,0.22436620442931599
2025-10-28 13:43:03.065,3.3917741137211124,1.7805477401361713,0.04904405222077912,0.22405030865957087
2025-10-28 13:43:04.088,3.39224795737573,1.7791262091723183,0.04801739096910751,0.22365543894738948
2025-10-28 13:43:05.114,3.391695139778676,1.7795210788844997,0.04943892193296051,0.22262877769571787
2025-10-28 13:43:06.141,3.3912212961240584,1.7799159485966811,0.0469907297174359,0.2246821001990611
2025-10-28 13:43:07.170,3.3913002700664947,1.779047235229882,0.04801739096910751,0.22349749106251693
2025-10-28 13:43:08.194,3.391379244008931,1.779284157057191,0.047780469141798676,0.22302364740789926
2025-10-28 13:43:09.220,3.3915371918938035,1.7793631309996272,0.0484122606812889,0.22333954317764437
2025-10-28 13:43:10.245,3.39161616583624,1.779047235229882,0.04714867760230845,0.22349749106251693
2025-10-28 13:43:11.273,3.39161616583624,1.78015287042399,0.04801739096910751,0.2225498037532816
2025-10-28 13:43:12.299,3.3914582179513673,1.779047235229882,0.04722765154474473,0.22349749106251693
2025-10-28 13:43:13.325,3.391932061605985,1.7786523655177007,0.04801739096910751,0.22310262135033554
2025-10-28 13:43:14.350,3.391379244008931,1.7797580007118086,0.04801739096910751,0.2228656995230267
2025-10-28 13:43:15.378,3.391142322181622,1.779284157057191,0.04722765154474473,0.22405030865957087
2025-10-28 13:43:16.406,3.391142322181622,1.778731339460137,0.0477014951993624,0.2228656995230267
2025-10-28 13:43:17.434,3.391379244008931,1.7794421049420635,0.04730662548718101,0.22278672558059043
2025-10-28 13:43:18.459,3.3909843742967496,1.7789682612874458,0.04714867760230845,0.22420825654444343
2025-10-28 13:43:19.487,3.391063348239186,1.7793631309996272,0.050070713472450734,0.22476107414149737
2025-10-28 13:43:20.515,3.3909843742967496,1.7800738964815537,0.04683278183256334,0.22318159529277182
2025-10-28 13:43:21.544,3.3906684785270045,1.7802318443664262,0.05062353106950468,0.22365543894738948
2025-10-28 13:43:22.572,3.3913002700664947,1.7803897922512988,0.047859443084234954,0.2225498037532816
2025-10-28 13:43:23.597,3.3909843742967496,1.7800738964815537,0.04793841702667123,0.22484004808393365
2025-10-28 13:43:24.624,3.3904315566996956,1.7796790267693723,0.04959686981783307,0.22333954317764437
2025-10-28 13:43:25.648,3.3909843742967496,1.7791262091723183,0.05014968741488701,0.22484004808393365
2025-10-28 13:43:26.675,3.3909843742967496,1.7800738964815537,0.04730662548718101,0.22231288192597276
2025-10-28 13:43:27.705,3.390510530642132,1.7799159485966811,0.05062353106950468,0.22531389173855132
2025-10-28 13:43:28.731,3.3903525827572594,1.7799159485966811,0.04714867760230845,0.22444517837175226
2025-10-28 13:43:29.757,3.390826426411877,1.7795210788844997,0.04738559942961729,0.2242872304868797
2025-10-28 13:43:30.784,3.3907474524694408,1.7799159485966811,0.04825431279641634,0.22294467346546298
2025-10-28 13:43:31.811,3.3909054003543133,1.7796790267693723,0.047859443084234954,0.22389236077469832
2025-10-28 13:43:32.838,3.390510530642132,1.7799949225391174,0.04691175577499962,0.22634055299022293
2025-10-28 13:43:33.864,3.3906684785270045,1.78015287042399,0.050386609242195846,0.22349749106251693
2025-10-28 13:43:34.890,3.390273608814823,1.779047235229882,0.04793841702667123,0.22373441288982576
2025-10-28 13:43:35.916,3.3909843742967496,1.7796790267693723,0.047464573372053565,0.2246821001990611
2025-10-28 13:43:36.948,3.390510530642132,1.7797580007118086,0.05014968741488701,0.22310262135033554
2025-10-28 13:43:37.975,3.3907474524694408,1.779284157057191,0.04651688606281823,0.22270775163815415
2025-10-28 13:43:39.003,3.3906684785270045,1.779600052826936,0.04762252125692612,0.22586670933560526
2025-10-28 13:43:40.031,3.390510530642132,1.7796790267693723,0.04793841702667123,0.2235764650049532
2025-10-28 13:43:41.057,3.3903525827572594,1.7802318443664262,0.04659586000525451,0.22341851712008065
2025-10-28 13:43:42.086,3.390589504584568,1.779600052826936,0.04722765154474473,0.22420825654444343
2025-10-28 13:43:43.113,3.390194634872387,1.7792051831147546,0.04793841702667123,0.22270775163815415
2025-10-28 13:43:44.139,3.3901156609299505,1.779600052826936,0.04809636491154379,0.22515594385367876
2025-10-28 13:43:45.165,3.390273608814823,1.7806267140786076,0.0484122606812889,0.22333954317764437
2025-10-28 13:43:46.191,3.3906684785270045,1.7797580007118086,0.04833328673885262,0.2235764650049532
2025-10-28 13:43:47.222,3.389641817275333,1.7797580007118086,0.04849123462372518,0.22381338683226204
2025-10-28 13:43:48.249,3.3900366869875143,1.7799159485966811,0.0469907297174359,0.2225498037532816
2025-10-28 13:43:49.275,3.3900366869875143,1.778731339460137,0.04904405222077912,0.22223390798353648
2025-10-28 13:43:50.301,3.3897997651602054,1.7791262091723183,0.04754354731448984,0.22381338683226204
2025-10-28 13:43:51.326,3.3898787391026417,1.7798369746542448,0.04691175577499962,0.2235764650049532
2025-10-28 13:43:52.351,3.3901156609299505,1.779600052826936,0.04793841702667123,0.22389236077469832
2025-10-28 13:43:53.379,3.3903525827572594,1.7796790267693723,0.0505445571270684,0.22389236077469832
2025-10-28 13:43:54.407,3.390589504584568,1.7802318443664262,0.04691175577499962,0.22262877769571787
2025-10-28 13:43:55.432,3.389720791217769,1.779600052826936,0.04691175577499962,0.22231288192597276
2025-10-28 13:43:56.458,3.3901156609299505,1.7788103134025732,0.04691175577499962,0.2239713347171346
2025-10-28 13:43:57.484,3.390589504584568,1.7799949225391174,0.048175338853980065,0.22452415231418854
2025-10-28 13:43:58.510,3.389641817275333,1.779600052826936,0.04738559942961729,0.22531389173855132
2025-10-28 13:43:59.538,3.3895628433328966,1.7799949225391174,0.047464573372053565,0.22460312625662482
2025-10-28 13:44:00.564,3.389957713045078,1.7807846619634802,0.04722765154474473,0.2242872304868797
2025-10-28 13:44:01.591,3.389641817275333,1.7800738964815537,0.04683278183256334,0.2235764650049532
2025-10-28 13:44:02.617,3.389720791217769,1.7800738964815537,0.047069703659872175,0.2221549340411002
2025-10-28 13:44:03.639,3.3895628433328966,1.779600052826936,0.05022866135732329,0.22373441288982576
2025-10-28 13:44:04.662,3.3893259215055878,1.7796790267693723,0.04864918250859773,0.22381338683226204
2025-10-28 13:44:05.686,3.3892469475631515,1.7795210788844997,0.0484122606812889,0.22365543894738948
2025-10-28 13:44:06.711,3.3894838693904603,1.779047235229882,0.04935994799052423,0.22381338683226204
2025-10-28 13:44:07.739,3.3894838693904603,1.7799159485966811,0.04754354731448984,0.22634055299022293
2025-10-28 13:44:08.767,3.3893259215055878,1.7782574958055193,0.048175338853980065,0.2249979959688062
2025-10-28 13:44:09.797,3.3897997651602054,1.7795210788844997,0.0477014951993624,0.2232605692352081
2025-10-28 13:44:10.821,3.3893259215055878,1.779600052826936,0.04833328673885262,0.22452415231418854
2025-10-28 13:44:11.845,3.3892469475631515,1.779600052826936,0.04722765154474473,0.22389236077469832
2025-10-28 13:44:12.870,3.3893259215055878,1.780468766193735,0.046753807890127064,0.22231288192597276
2025-10-28 13:44:13.896,3.3894838693904603,1.7789682612874458,0.0477014951993624,0.22270775163815415
2025-10-28 13:44:14.923,3.389641817275333,1.7797580007118086,0.04864918250859773,0.22341851712008065
2025-10-28 13:44:15.950,3.3900366869875143,1.7799159485966811,0.0477014951993624,0.22444517837175226
2025-10-28 13:44:16.974,3.388773103908534,1.7796790267693723,0.04975481770270562,0.2232605692352081
2025-10-28 13:44:17.997,3.38885207785097,1.779600052826936,0.04659586000525451,0.22515594385367876
2025-10-28 13:44:19.020,3.389404895448024,1.7785733915752644,0.04714867760230845,0.22476107414149737
2025-10-28 13:44:20.043,3.3890100257358426,1.7799159485966811,0.04872815645103401,0.22333954317764437
2025-10-28 13:44:21.070,3.389088999678279,1.779284157057191,0.04714867760230845,0.22349749106251693
2025-10-28 13:44:22.097,3.3897997651602054,1.7803897922512988,0.04754354731448984,0.22247082981084532
2025-10-28 13:44:23.125,3.389088999678279,1.7796790267693723,0.04872815645103401,0.2232605692352081
2025-10-28 13:44:24.149,3.3890100257358426,1.7802318443664262,0.04864918250859773,0.2225498037532816
2025-10-28 13:44:25.173,3.38885207785097,1.7802318443664262,0.04943892193296051,0.22349749106251693
2025-10-28 13:44:26.200,3.389088999678279,1.7796790267693723,0.05046558318463212,0.22476107414149737
2025-10-28 13:44:27.225,3.3889310517934064,1.779047235229882,0.05030763529975957,0.22349749106251693
2025-10-28 13:44:28.251,3.3892469475631515,1.779047235229882,0.04691175577499962,0.22476107414149737
2025-10-28 13:44:29.277,3.389088999678279,1.7795210788844997,0.04722765154474473,0.22341851712008065
2025-10-28 13:44:30.303,3.389404895448024,1.779284157057191,0.04880713039347029,0.22389236077469832
2025-10-28 13:44:31.329,3.3893259215055878,1.7799949225391174,0.04833328673885262,0.22349749106251693
2025-10-28 13:44:32.357,3.389167973620715,1.7789682612874458,0.049991739530014456,0.22302364740789926
2025-10-28 13:44:33.386,3.388773103908534,1.7788103134025732,0.048886104335906566,0.22278672558059043
2025-10-28 13:44:34.411,3.388773103908534,1.7792051831147546,0.04872815645103401,0.22373441288982576
2025-10-28 13:44:35.438,3.3890100257358426,1.7800738964815537,0.04738559942961729,0.22310262135033554
2025-10-28 13:44:36.466,3.389088999678279,1.7796790267693723,0.04722765154474473,0.2253928656809876
2025-10-28 13:44:37.496,3.3889310517934064,1.7797580007118086,0.04959686981783307,0.22333954317764437
2025-10-28 13:44:38.524,3.389088999678279,1.7796790267693723,0.049280974048087955,0.22349749106251693
2025-10-28 13:44:39.550,3.38885207785097,1.7795210788844997,0.047069703659872175,0.22294467346546298
2025-10-28 13:44:40.577,3.3886941299660975,1.779284157057191,0.047780469141798676,0.2235764650049532
2025-10-28 13:44:41.603,3.388299260253916,1.7793631309996272,0.04849123462372518,0.22460312625662482
2025-10-28 13:44:42.630,3.3886151560236613,1.7793631309996272,0.04691175577499962,0.22341851712008065
2025-10-28 13:44:43.654,3.388536182081225,1.7797580007118086,0.04975481770270562,0.22239185586840904
2025-10-28 13:44:44.681,3.3884572081387887,1.7799949225391174,0.047069703659872175,0.22657747481753177
2025-10-28 13:44:45.709,3.3886151560236613,1.7791262091723183,0.04722765154474473,0.22491902202636993
2025-10-28 13:44:46.734,3.388536182081225,1.7793631309996272,0.048965078278342844,0.2232605692352081
2025-10-28 13:44:47.765,3.38822028631148,1.7797580007118086,0.04809636491154379,0.22365543894738948
2025-10-28 13:44:48.793,3.3886941299660975,1.7794421049420635,0.04738559942961729,0.2232605692352081
2025-10-28 13:44:49.818,3.388536182081225,1.7793631309996272,0.046674833947690786,0.2249979959688062
2025-10-28 13:44:50.844,3.3881413123690436,1.7789682612874458,0.04872815645103401,0.22507696991124249
2025-10-28 13:44:51.871,3.3881413123690436,1.779047235229882,0.049280974048087955,0.22389236077469832
2025-10-28 13:44:52.896,3.3880623384266073,1.7788892873450095,0.048175338853980065,0.22239185586840904
2025-10-28 13:44:53.923,3.388299260253916,1.779284157057191,0.04754354731448984,0.22484004808393365
2025-10-28 13:44:54.948,3.387983364484171,1.7800738964815537,0.04683278183256334,0.22476107414149737
2025-10-28 13:44:55.974,3.387983364484171,1.7793631309996272,0.04825431279641634,0.22389236077469832
2025-10-28 13:44:57.001,3.3880623384266073,1.779284157057191,0.04754354731448984,0.22476107414149737
2025-10-28 13:44:58.026,3.3878254165992985,1.7799949225391174,0.048570208566161455,0.22452415231418854
2025-10-28 13:44:59.054,3.3880623384266073,1.7789682612874458,0.047780469141798676,0.22239185586840904
2025-10-28 13:45:00.083,3.388299260253916,1.7794421049420635,0.04762252125692612,0.2249979959688062
2025-10-28 13:45:01.112,3.387983364484171,1.7798369746542448,0.05022866135732329,0.22341851712008065
2025-10-28 13:45:02.139,3.387983364484171,1.7799949225391174,0.0477014951993624,0.22626157904778665
2025-10-28 13:45:03.165,3.38822028631148,1.7796790267693723,0.04722765154474473,0.22420825654444343
2025-10-28 13:45:04.197,3.3883782341963524,1.7793631309996272,0.04738559942961729,0.2232605692352081
2025-10-28 13:45:05.224,3.387746442656862,1.779600052826936,0.04872815645103401,0.22515594385367876
2025-10-28 13:45:06.250,3.387667468714426,1.7798369746542448,0.04833328673885262,0.2246821001990611
2025-10-28 13:45:07.275,3.387667468714426,1.7788892873450095,0.048570208566161455,0.2246821001990611
2025-10-28 13:45:08.300,3.3875095208295534,1.779600052826936,0.046674833947690786,0.22634055299022293
2025-10-28 13:45:09.329,3.3872725990022445,1.7799159485966811,0.04683278183256334,0.22278672558059043
2025-10-28 13:45:10.360,3.387746442656862,1.7793631309996272,0.047780469141798676,0.22420825654444343
2025-10-28 13:45:11.388,3.387746442656862,1.7795210788844997,0.048886104335906566,0.22318159529277182
2025-10-28 13:45:12.413,3.3870356771749357,1.779600052826936,0.047780469141798676,0.22247082981084532
2025-10-28 13:45:13.438,3.3872725990022445,1.7799159485966811,0.04864918250859773,0.22302364740789926
2025-10-28 13:45:14.464,3.3869567032324994,1.779047235229882,0.04738559942961729,0.22341851712008065
2025-10-28 13:45:15.492,3.3875884947719896,1.779600052826936,0.04730662548718101,0.22333954317764437
2025-10-28 13:45:16.519,3.387746442656862,1.7793631309996272,0.047069703659872175,0.2235764650049532
2025-10-28 13:45:17.546,3.387351572944681,1.7799159485966811,0.04833328673885262,0.22318159529277182
2025-10-28 13:45:18.572,3.387114651117372,1.7797580007118086,0.0469907297174359,0.22412928260200715
2025-10-28 13:45:19.597,3.387351572944681,1.7791262091723183,0.04880713039347029,0.2232605692352081
2025-10-28 13:45:20.626,3.387430546887117,1.7803108183088625,0.048570208566161455,0.22365543894738948
2025-10-28 13:45:21.652,3.387114651117372,1.7798369746542448,0.046753807890127064,0.22373441288982576
2025-10-28 13:45:22.679,3.387114651117372,1.7796790267693723,0.04643791212038195,0.22523491779611504
2025-10-28 13:45:23.704,3.386798755347627,1.7792051831147546,0.04849123462372518,0.22405030865957087
2025-10-28 13:45:24.728,3.3866408074627543,1.7798369746542448,0.049991739530014456,0.22278672558059043
2025-10-28 13:45:25.761,3.386798755347627,1.7805477401361713,0.04991276558757818,0.22405030865957087
2025-10-28 13:45:26.789,3.3867197814051906,1.781021583790789,0.04754354731448984,0.22373441288982576
2025-10-28 13:45:27.814,3.3872725990022445,1.7800738964815537,0.048886104335906566,0.22231288192597276
2025-10-28 13:45:28.839,3.386877729290063,1.7794421049420635,0.04651688606281823,0.2235764650049532
2025-10-28 13:45:29.866,3.3869567032324994,1.7795210788844997,0.05030763529975957,0.2246821001990611
2025-10-28 13:45:30.891,3.386798755347627,1.7796790267693723,0.04683278183256334,0.22412928260200715
2025-10-28 13:45:31.919,3.3870356771749357,1.7799949225391174,0.04762252125692612,0.2225498037532816
2025-10-28 13:45:32.942,3.3869567032324994,1.7794421049420635,0.049991739530014456,0.22405030865957087
2025-10-28 13:45:33.967,3.3867197814051906,1.779600052826936,0.047859443084234954,0.22531389173855132
2025-10-28 13:45:34.994,3.3866408074627543,1.7788892873450095,0.04651688606281823,0.22294467346546298
2025-10-28 13:45:36.019,3.3869567032324994,1.779600052826936,0.04754354731448984,0.22341851712008065
2025-10-28 13:45:37.049,3.386324911693009,1.7802318443664262,0.04825431279641634,0.2242872304868797
2025-10-28 13:45:38.074,3.3866408074627543,1.7791262091723183,0.049991739530014456,0.2235764650049532
2025-10-28 13:45:39.101,3.3864828595778818,1.779600052826936,0.046753807890127064,0.22618260510535038
2025-10-28 13:45:40.127,3.386009015923264,1.7784944176328281,0.05062353106950468,0.2242872304868797
2025-10-28 13:45:41.155,3.3860879898657004,1.7796790267693723,0.047464573372053565,0.22333954317764437
2025-10-28 13:45:42.180,3.386561833520318,1.779600052826936,0.046674833947690786,0.22318159529277182
2025-10-28 13:45:43.209,3.386561833520318,1.7793631309996272,0.04738559942961729,0.22452415231418854
2025-10-28 13:45:44.237,3.3861669638081366,1.7793631309996272,0.0484122606812889,0.22262877769571787
2025-10-28 13:45:45.265,3.3864828595778818,1.7789682612874458,0.04872815645103401,0.22586670933560526
2025-10-28 13:45:46.292,3.386324911693009,1.78015287042399,0.04738559942961729,0.2239713347171346
2025-10-28 13:45:47.321,3.3860879898657004,1.7795210788844997,0.047859443084234954,0.22389236077469832
2025-10-28 13:45:48.345,3.3861669638081366,1.7794421049420635,0.04754354731448984,0.22602465722047782
2025-10-28 13:45:49.371,3.3860879898657004,1.779600052826936,0.048175338853980065,0.2225498037532816
2025-10-28 13:45:50.397,3.3860879898657004,1.7796790267693723,0.047780469141798676,0.22491902202636993
2025-10-28 13:45:51.423,3.386324911693009,1.779600052826936,0.04959686981783307,0.2249979959688062
2025-10-28 13:45:52.449,3.386324911693009,1.7791262091723183,0.04722765154474473,0.22365543894738948
2025-10-28 13:45:53.474,3.3864038856354455,1.779600052826936,0.04683278183256334,0.22412928260200715
2025-10-28 13:45:54.500,3.3864828595778818,1.7803108183088625,0.04738559942961729,0.22318159529277182
2025-10-28 13:45:55.525,3.386245937750573,1.7799159485966811,0.048570208566161455,0.2235764650049532
2025-10-28 13:45:56.551,3.3857720940959553,1.778731339460137,0.04904405222077912,0.22436620442931599
2025-10-28 13:45:57.577,3.3861669638081366,1.7797580007118086,0.04793841702667123,0.22247082981084532
2025-10-28 13:45:58.603,3.3860879898657004,1.7789682612874458,0.0505445571270684,0.2242872304868797
2025-10-28 13:45:59.628,3.3857720940959553,1.7797580007118086,0.04809636491154379,0.22531389173855132
2025-10-28 13:46:00.654,3.3860879898657004,1.7799159485966811,0.04762252125692612,0.22231288192597276
2025-10-28 13:46:01.681,3.386245937750573,1.779047235229882,0.0484122606812889,0.2232605692352081
2025-10-28 13:46:02.726,3.386245937750573,1.7785733915752644,0.048570208566161455,0.22452415231418854
2025-10-28 13:46:03.756,3.3858510680383915,1.7803108183088625,0.04801739096910751,0.2235764650049532
2025-10-28 13:46:04.787,3.385930041980828,1.7792051831147546,0.04730662548718101,0.22602465722047782
2025-10-28 13:46:05.813,3.385930041980828,1.779600052826936,0.04943892193296051,0.2225498037532816
2025-10-28 13:46:06.840,3.385930041980828,1.779284157057191,0.04659586000525451,0.22333954317764437
2025-10-28 13:46:07.867,3.385377224383774,1.7794421049420635,0.04801739096910751,0.22318159529277182
2025-10-28 13:46:08.895,3.3858510680383915,1.7793631309996272,0.04801739096910751,0.2225498037532816
2025-10-28 13:46:09.925,3.3858510680383915,1.7806267140786076,0.0484122606812889,0.22389236077469832
2025-10-28 13:46:10.950,3.385377224383774,1.78015287042399,0.047780469141798676,0.2228656995230267
2025-10-28 13:46:11.979,3.386009015923264,1.7788892873450095,0.046674833947690786,0.2221549340411002
2025-10-28 13:46:13.004,3.3861669638081366,1.7789682612874458,0.04722765154474473,0.22444517837175226
2025-10-28 13:46:14.030,3.3860879898657004,1.7791262091723183,0.048175338853980065,0.22373441288982576
2025-10-28 13:46:15.060,3.3858510680383915,1.7792051831147546,0.047859443084234954,0.22310262135033554
2025-10-28 13:46:16.085,3.386324911693009,1.7797580007118086,0.0484122606812889,0.2257087614507327
2025-10-28 13:46:17.111,3.3856141462110827,1.7788892873450095,0.047069703659872175,0.22389236077469832
2025-10-28 13:46:18.136,3.3852192764989013,1.7789682612874458,0.0469907297174359,0.22341851712008065
2025-10-28 13:46:19.163,3.3855351722686464,1.7012579019301484,0.04754354731448984,0.22420825654444343
2025-10-28 13:46:20.185,3.3855351722686464,1.7803897922512988,0.04730662548718101,0.22460312625662482
2025-10-28 13:46:21.216,3.385693120153519,1.7793631309996272,0.046753807890127064,0.22270775163815415
2025-10-28 13:46:22.244,3.385693120153519,1.7805477401361713,0.04935994799052423,0.22405030865957087
2025-10-28 13:46:23.270,3.385140302556465,1.779047235229882,0.04825431279641634,0.22381338683226204
2025-10-28 13:46:24.296,3.3855351722686464,1.700863032217967,0.048175338853980065,0.22381338683226204
2025-10-28 13:46:25.322,3.3852982504413376,1.7789682612874458,0.04762252125692612,0.2242872304868797
2025-10-28 13:46:26.349,3.3849823546715925,1.7802318443664262,0.05046558318463212,0.22389236077469832
2025-10-28 13:46:27.374,3.3852192764989013,1.779284157057191,0.0477014951993624,0.22223390798353648
2025-10-28 13:46:28.400,3.3850613286140288,1.7802318443664262,0.047464573372053565,0.22294467346546298
2025-10-28 13:46:29.425,3.3852982504413376,1.7012579019301484,0.048175338853980065,0.22389236077469832
2025-10-28 13:46:30.451,3.3855351722686464,1.7795210788844997,0.04801739096910751,0.2232605692352081
2025-10-28 13:46:31.476,3.3855351722686464,1.7796790267693723,0.04691175577499962,0.22302364740789926
2025-10-28 13:46:32.504,3.3852982504413376,1.779600052826936,0.04722765154474473,0.22657747481753177
2025-10-28 13:46:33.529,3.384903380729156,1.7796790267693723,0.04722765154474473,0.22547183962342388
2025-10-28 13:46:34.555,3.3846664589018474,1.7795210788844997,0.0477014951993624,0.22318159529277182
2025-10-28 13:46:35.580,3.3847454328442836,1.779284157057191,0.0498337916451419,0.2218390382713551
2025-10-28 13:46:36.608,3.385377224383774,1.7797580007118086,0.04904405222077912,0.22294467346546298
2025-10-28 13:46:37.636,3.3847454328442836,1.7798369746542448,0.048965078278342844,0.22318159529277182
2025-10-28 13:46:38.662,3.3847454328442836,1.7009420061604033,0.046674833947690786,0.22389236077469832
2025-10-28 13:46:39.688,3.3850613286140288,1.700863032217967,0.0477014951993624,0.22349749106251693
2025-10-28 13:46:40.713,3.384587484959411,1.7798369746542448,0.0469907297174359,0.2232605692352081
2025-10-28 13:46:41.742,3.3850613286140288,1.7157891073384235,0.04801739096910751,0.22349749106251693
2025-10-28 13:46:42.770,3.3846664589018474,1.701731745584766,0.0484122606812889,0.2239713347171346
2025-10-28 13:46:43.797,3.3849823546715925,1.7010999540452758,0.04801739096910751,0.22349749106251693
2025-10-28 13:46:44.822,3.3843505631321023,1.7013368758725846,0.047780469141798676,0.22389236077469832
2025-10-28 13:46:45.849,3.3843505631321023,1.701178927987712,0.05062353106950468,0.22341851712008065
2025-10-28 13:46:46.877,3.38482440678672,1.7797580007118086,0.04683278183256334,0.22420825654444343
2025-10-28 13:46:47.905,3.3846664589018474,1.7798369746542448,0.04754354731448984,0.22412928260200715
2025-10-28 13:46:48.930,3.384587484959411,1.7005471364482219,0.04872815645103401,0.22310262135033554
2025-10-28 13:46:49.956,3.3844295370745385,1.701178927987712,0.04801739096910751,0.22278672558059043
2025-10-28 13:46:50.982,3.38482440678672,1.7794421049420635,0.046753807890127064,0.22412928260200715
2025-10-28 13:46:52.007,3.3841926152472297,1.7007840582755307,0.04754354731448984,0.2239713347171346
2025-10-28 13:46:53.036,3.384587484959411,1.701178927987712,0.04762252125692612,0.22270775163815415
2025-10-28 13:46:54.065,3.384271589189666,1.7798369746542448,0.05070250501194096,0.22341851712008065
2025-10-28 13:46:55.091,3.384508511016975,1.700863032217967,0.04833328673885262,0.2242872304868797
2025-10-28 13:46:56.117,3.384271589189666,1.700310214620913,0.047780469141798676,0.22310262135033554
2025-10-28 13:46:57.143,3.384034667362357,1.700863032217967,0.04683278183256334,0.22602465722047782
2025-10-28 13:46:58.170,3.384271589189666,1.7018896934696386,0.04754354731448984,0.2249979959688062
2025-10-28 13:46:59.196,3.3843505631321023,1.7007840582755307,0.047859443084234954,0.22476107414149737
2025-10-28 13:47:00.222,3.384034667362357,1.779047235229882,0.04754354731448984,0.22389236077469832
2025-10-28 13:47:01.251,3.3837977455350483,1.7007840582755307,0.04730662548718101,0.22341851712008065
2025-10-28 13:47:02.278,3.3837977455350483,1.7010999540452758,0.048175338853980065,0.22302364740789926
2025-10-28 13:47:03.305,3.384034667362357,1.7010209801028395,0.04833328673885262,0.22476107414149737
2025-10-28 13:47:04.331,3.383955693419921,1.7009420061604033,0.04801739096910751,0.22373441288982576
2025-10-28 13:47:05.358,3.384034667362357,1.7010999540452758,0.0469907297174359,0.22405030865957087
2025-10-28 13:47:06.386,3.3837977455350483,1.78015287042399,0.04880713039347029,0.225787735393169
2025-10-28 13:47:07.411,3.3841926152472297,1.7010999540452758,0.04730662548718101,0.22262877769571787
2025-10-28 13:47:08.439,3.3836397976501758,1.701731745584766,0.04880713039347029,0.2225498037532816
2025-10-28 13:47:09.466,3.3841926152472297,1.7007840582755307,0.04738559942961729,0.22420825654444343
2025-10-28 13:47:10.493,3.384034667362357,1.7009420061604033,0.04825431279641634,0.22349749106251693
2025-10-28 13:47:11.519,3.383955693419921,1.7007050843330944,0.04849123462372518,0.22231288192597276
2025-10-28 13:47:12.545,3.383955693419921,1.7014948237574572,0.047464573372053565,0.22381338683226204
2025-10-28 13:47:13.571,3.3838767194774846,1.7012579019301484,0.05030763529975957,0.22365543894738948
2025-10-28 13:47:14.598,3.3835608237077395,1.7001522667360405,0.04714867760230845,0.2239713347171346
2025-10-28 13:47:15.623,3.383481849765303,1.700863032217967,0.04714867760230845,0.225787735393169
2025-10-28 13:47:16.648,3.3835608237077395,1.7012579019301484,0.04730662548718101,0.2235764650049532
2025-10-28 13:47:17.675,3.383481849765303,1.7007050843330944,0.04880713039347029,0.22278672558059043
2025-10-28 13:47:18.700,3.383481849765303,1.7006261103906581,0.046753807890127064,0.2228656995230267
2025-10-28 13:47:19.730,3.3835608237077395,1.700863032217967,0.04825431279641634,0.22310262135033554
2025-10-28 13:47:20.757,3.383402875822867,1.7013368758725846,0.04801739096910751,0.2239713347171346
2025-10-28 13:47:21.783,3.3837977455350483,1.7013368758725846,0.050070713472450734,0.22294467346546298
2025-10-28 13:47:22.810,3.3838767194774846,1.7007050843330944,0.047069703659872175,0.22373441288982576
2025-10-28 13:47:23.837,3.3835608237077395,1.7009420061604033,0.04762252125692612,0.22365543894738948
2025-10-28 13:47:24.861,3.3841136413047934,1.7024425110666925,0.047859443084234954,0.22247082981084532
2025-10-28 13:47:25.890,3.3835608237077395,1.7010209801028395,0.04738559942961729,0.22412928260200715
2025-10-28 13:47:26.913,3.383086980053122,1.701415849815021,0.04683278183256334,0.2235764650049532
2025-10-28 13:47:27.936,3.383718771592612,1.701178927987712,0.04920200010565168,0.22341851712008065
2025-10-28 13:47:28.959,3.383165953995558,1.7010209801028395,0.047780469141798676,0.22444517837175226
2025-10-28 13:47:29.984,3.3835608237077395,1.7007050843330944,0.04975481770270562,0.22365543894738948
2025-10-28 13:47:31.007,3.3833239018804306,1.700310214620913,0.050781478954377235,0.22365543894738948
2025-10-28 13:47:32.030,3.3829290321682493,1.7013368758725846,0.04872815645103401,0.2242872304868797
2025-10-28 13:47:33.054,3.3830080061106855,1.701731745584766,0.04833328673885262,0.22373441288982576
2025-10-28 13:47:34.082,3.3829290321682493,1.701415849815021,0.04754354731448984,0.22523491779611504
2025-10-28 13:47:35.109,3.3829290321682493,1.7006261103906581,0.04754354731448984,0.2264195269326592
2025-10-28 13:47:36.132,3.3827710842833767,1.7013368758725846,0.04904405222077912,0.22586670933560526
2025-10-28 13:47:37.156,3.3827710842833767,1.7010209801028395,0.0477014951993624,0.2239713347171346
2025-10-28 13:47:38.179,3.3829290321682493,1.700310214620913,0.048175338853980065,0.22239185586840904
2025-10-28 13:47:39.202,3.382850058225813,1.700863032217967,0.047464573372053565,0.22341851712008065
2025-10-28 13:47:40.228,3.382534162456068,1.700310214620913,0.04920200010565168,0.22412928260200715
2025-10-28 13:47:41.252,3.3829290321682493,1.7010999540452758,0.04809636491154379,0.2239713347171346
2025-10-28 13:47:42.279,3.382613136398504,1.701178927987712,0.04959686981783307,0.22318159529277182
2025-10-28 13:47:43.302,3.3833239018804306,1.7010209801028395,0.04754354731448984,0.22270775163815415
2025-10-28 13:47:44.326,3.3826921103409404,1.7003891885633493,0.05046558318463212,0.2239713347171346
2025-10-28 13:47:45.349,3.3832449279379944,1.7006261103906581,0.047464573372053565,0.2235764650049532
2025-10-28 13:47:46.377,3.3830080061106855,1.7012579019301484,0.04793841702667123,0.22318159529277182
2025-10-28 13:47:47.401,3.382850058225813,1.7010209801028395,0.04722765154474473,0.22294467346546298
2025-10-28 13:47:48.433,3.3827710842833767,1.7014948237574572,0.04801739096910751,0.22333954317764437
2025-10-28 13:47:49.460,3.382850058225813,1.7010209801028395,0.04809636491154379,0.2218390382713551
2025-10-28 13:47:50.486,3.3830080061106855,1.7009420061604033,0.05046558318463212,0.2239713347171346
2025-10-28 13:47:51.514,3.3826921103409404,1.7007050843330944,0.047069703659872175,0.22270775163815415
2025-10-28 13:47:52.540,3.3824551885136316,1.7009420061604033,0.04801739096910751,0.2242872304868797
2025-10-28 13:47:53.567,3.382297240628759,1.7010209801028395,0.04943892193296051,0.22373441288982576
2025-10-28 13:47:54.595,3.38206031880145,1.7012579019301484,0.047859443084234954,0.22302364740789926
2025-10-28 13:47:55.621,3.3821392927438865,1.7007840582755307,0.046674833947690786,0.2225498037532816
2025-10-28 13:47:56.646,3.382613136398504,1.7016527716423298,0.04730662548718101,0.22436620442931599
2025-10-28 13:47:57.674,3.3822182666863227,1.7010209801028395,0.049991739530014456,0.22341851712008065
2025-10-28 13:47:58.701,3.3824551885136316,1.701178927987712,0.047069703659872175,0.22349749106251693
2025-10-28 13:47:59.728,3.382850058225813,1.700863032217967,0.047780469141798676,0.22547183962342388
2025-10-28 13:48:00.757,3.3822182666863227,1.700863032217967,0.04809636491154379,0.22381338683226204
2025-10-28 13:48:01.784,3.3822182666863227,1.7010209801028395,0.04643791212038195,0.2235764650049532
2025-10-28 13:48:02.811,3.381981344859014,1.7010209801028395,0.04730662548718101,0.22602465722047782
2025-10-28 13:48:03.836,3.3821392927438865,1.701178927987712,0.04801739096910751,0.2228656995230267
2025-10-28 13:48:04.860,3.381744423031705,1.7000732927936042,0.04714867760230845,0.22270775163815415
2025-10-28 13:48:05.885,3.3822182666863227,1.7012579019301484,0.047069703659872175,0.22420825654444343
2025-10-28 13:48:06.910,3.3821392927438865,1.7010209801028395,0.04738559942961729,0.2239713347171346
2025-10-28 13:48:07.936,3.381981344859014,1.7007840582755307,0.047859443084234954,0.22436620442931599
2025-10-28 13:48:08.963,3.3822182666863227,1.700863032217967,0.04659586000525451,0.22270775163815415
2025-10-28 13:48:09.994,3.3822182666863227,1.6999153449087316,0.049675843760269345,0.22365543894738948
2025-10-28 13:48:11.022,3.3824551885136316,1.7000732927936042,0.04864918250859773,0.22270775163815415
2025-10-28 13:48:12.049,3.3819023709165776,1.7012579019301484,0.04762252125692612,0.22381338683226204
2025-10-28 13:48:13.074,3.3815075012043962,1.7004681625057856,0.04825431279641634,0.22381338683226204
2025-10-28 13:48:14.099,3.38142852726196,1.7009420061604033,0.049991739530014456,0.22452415231418854
2025-10-28 13:48:15.125,3.3818233969741414,1.701415849815021,0.046674833947690786,0.22412928260200715
2025-10-28 13:48:16.152,3.382297240628759,1.7010999540452758,0.05014968741488701,0.22405030865957087
2025-10-28 13:48:17.178,3.3819023709165776,1.7009420061604033,0.04714867760230845,0.22247082981084532
2025-10-28 13:48:18.203,3.3819023709165776,1.7006261103906581,0.046753807890127064,0.22191801221379137
2025-10-28 13:48:19.228,3.3818233969741414,1.7009420061604033,0.050781478954377235,0.2235764650049532
2025-10-28 13:48:20.255,3.3815864751468325,1.7010999540452758,0.049991739530014456,0.22318159529277182
2025-10-28 13:48:21.289,3.3823762145711953,1.7007050843330944,0.0498337916451419,0.22452415231418854
2025-10-28 13:48:22.314,3.3823762145711953,1.7013368758725846,0.04825431279641634,0.22262877769571787
2025-10-28 13:48:23.339,3.3818233969741414,1.7009420061604033,0.047859443084234954,0.22444517837175226
2025-10-28 13:48:24.365,3.381665449089269,1.700863032217967,0.0477014951993624,0.22341851712008065
2025-10-28 13:48:25.390,3.38142852726196,1.7009420061604033,0.049991739530014456,0.22484004808393365
2025-10-28 13:48:26.413,3.3813495533195237,1.7018896934696386,0.04738559942961729,0.22436620442931599
2025-10-28 13:48:27.447,3.381665449089269,1.7002312406784768,0.048175338853980065,0.22436620442931599
2025-10-28 13:48:28.475,3.3815864751468325,1.7010999540452758,0.050070713472450734,0.22294467346546298
2025-10-28 13:48:29.501,3.3807177617800335,1.7007840582755307,0.0469907297174359,0.2232605692352081
2025-10-28 13:48:30.528,3.380638787837597,1.7015737976998935,0.04833328673885262,0.22665644875996804
2025-10-28 13:48:31.557,3.3815864751468325,1.7012579019301484,0.04691175577499962,0.22294467346546298
2025-10-28 13:48:32.584,3.381112631492215,1.7004681625057856,0.047464573372053565,0.22318159529277182
2025-10-28 13:48:33.612,3.3813495533195237,1.700863032217967,0.0484122606812889,0.2232605692352081
2025-10-28 13:48:34.640,3.3809546836073423,1.7018896934696386,0.047859443084234954,0.2239713347171346
2025-10-28 13:48:35.665,3.3809546836073423,1.701731745584766,0.04659586000525451,0.22381338683226204
2025-10-28 13:48:36.691,3.381112631492215,1.701178927987712,0.0484122606812889,0.22373441288982576
2025-10-28 13:48:37.719,3.3819023709165776,1.7010999540452758,0.046753807890127064,0.22231288192597276
2025-10-28 13:48:38.746,3.3807967357224697,1.700863032217967,0.0477014951993624,0.2235764650049532
2025-10-28 13:48:39.773,3.3812705793770874,1.701415849815021,0.04730662548718101,0.2232605692352081
2025-10-28 13:48:40.799,3.381112631492215,1.7004681625057856,0.04691175577499962,0.22302364740789926
2025-10-28 13:48:41.824,3.3812705793770874,1.7005471364482219,0.047859443084234954,0.22515594385367876
2025-10-28 13:48:42.849,3.381665449089269,1.7007050843330944,0.0505445571270684,0.22484004808393365
2025-10-28 13:48:43.873,3.380638787837597,1.7005471364482219,0.04738559942961729,0.22420825654444343
2025-10-28 13:48:44.899,3.3810336575497786,1.7013368758725846,0.04801739096910751,0.22302364740789926
2025-10-28 13:48:45.925,3.3809546836073423,1.699994318851168,0.046753807890127064,0.22389236077469832
2025-10-28 13:48:46.950,3.3807967357224697,1.7013368758725846,0.05062353106950468,0.2232605692352081
2025-10-28 13:48:47.977,3.3804018660102884,1.6996784230814228,0.0469907297174359,0.22333954317764437
2025-10-28 13:48:49.004,3.380243918125416,1.7005471364482219,0.04659586000525451,0.22239185586840904
2025-10-28 13:48:50.029,3.380875709664906,1.7012579019301484,0.048570208566161455,0.22420825654444343
2025-10-28 13:48:51.056,3.3804018660102884,1.700863032217967,0.04809636491154379,0.22231288192597276
2025-10-28 13:48:52.081,3.3804018660102884,1.7006261103906581,0.047464573372053565,0.22239185586840904
2025-10-28 13:48:53.107,3.3807177617800335,1.7003891885633493,0.04683278183256334,0.2246821001990611
2025-10-28 13:48:54.135,3.380559813895161,1.7018107195272023,0.04691175577499962,0.22452415231418854
2025-10-28 13:48:55.160,3.380875709664906,1.7015737976998935,0.0498337916451419,0.2228656995230267
2025-10-28 13:48:56.185,3.3804808399527246,1.7009420061604033,0.0469907297174359,0.2228656995230267
2025-10-28 13:48:57.210,3.380638787837597,1.7004681625057856,0.048175338853980065,0.22349749106251693
2025-10-28 13:48:58.236,3.380559813895161,1.700863032217967,0.05030763529975957,0.22270775163815415
2025-10-28 13:48:59.262,3.3804018660102884,1.700863032217967,0.046674833947690786,0.22270775163815415
2025-10-28 13:49:00.289,3.3801649441829795,1.700863032217967,0.04849123462372518,0.22341851712008065
2025-10-28 13:49:01.315,3.3801649441829795,1.7010209801028395,0.04714867760230845,0.22460312625662482
2025-10-28 13:49:02.341,3.3801649441829795,1.700863032217967,0.0491230261632154,0.22310262135033554
2025-10-28 13:49:03.367,3.3801649441829795,1.7013368758725846,0.05022866135732329,0.22349749106251693
2025-10-28 13:49:04.390,3.3801649441829795,1.701178927987712,0.0484122606812889,0.22515594385367876
2025-10-28 13:49:05.416,3.380243918125416,1.699994318851168,0.04730662548718101,0.2235764650049532
2025-10-28 13:49:06.443,3.380243918125416,1.7016527716423298,0.04659586000525451,0.22349749106251693
2025-10-28 13:49:07.471,3.380559813895161,1.7004681625057856,0.04738559942961729,0.22373441288982576
2025-10-28 13:49:08.499,3.380006996298107,1.7006261103906581,0.0469907297174359,0.22476107414149737
2025-10-28 13:49:09.528,3.3800859702405432,1.7010209801028395,0.04722765154474473,0.22657747481753177
2025-10-28 13:49:10.555,3.380006996298107,1.700863032217967,0.047069703659872175,0.22436620442931599
2025-10-28 13:49:11.581,3.3804018660102884,1.7010209801028395,0.05022866135732329,0.22302364740789926
2025-10-28 13:49:12.606,3.3799280223556707,1.7002312406784768,0.04683278183256334,0.2232605692352081
2025-10-28 13:49:13.632,3.3800859702405432,1.7007050843330944,0.04714867760230845,0.22302364740789926
2025-10-28 13:49:14.658,3.3798490484132344,1.701178927987712,0.04920200010565168,0.2228656995230267
2025-10-28 13:49:15.684,3.380006996298107,1.7010209801028395,0.046674833947690786,0.2235764650049532
2025-10-28 13:49:16.714,3.3799280223556707,1.7010999540452758,0.047780469141798676,0.2235764650049532
2025-10-28 13:49:17.740,3.379770074470798,1.7012579019301484,0.047780469141798676,0.2228656995230267
2025-10-28 13:49:18.766,3.380006996298107,1.701178927987712,0.047069703659872175,0.22310262135033554
2025-10-28 13:49:19.792,3.3798490484132344,1.7010999540452758,0.048570208566161455,0.22452415231418854
2025-10-28 13:49:20.816,3.380322892067852,1.7010999540452758,0.04714867760230845,0.22310262135033554
2025-10-28 13:49:21.842,3.379770074470798,1.7010999540452758,0.0484122606812889,0.22349749106251693
2025-10-28 13:49:22.868,3.380006996298107,1.7015737976998935,0.05070250501194096,0.22420825654444343
2025-10-28 13:49:23.893,3.379691100528362,1.7007050843330944,0.050781478954377235,0.22405030865957087
2025-10-28 13:49:24.920,3.379691100528362,1.7007050843330944,0.048570208566161455,0.2242872304868797
2025-10-28 13:49:25.947,3.379691100528362,1.7018896934696386,0.04659586000525451,0.225787735393169
2025-10-28 13:49:26.974,3.379138282931308,1.7012579019301484,0.04825431279641634,0.2249979959688062
2025-10-28 13:49:27.999,3.3796121265859256,1.7018107195272023,0.048175338853980065,0.22270775163815415
2025-10-28 13:49:29.026,3.379691100528362,1.7007840582755307,0.04754354731448984,0.22302364740789926
2025-10-28 13:49:30.052,3.3792962308161805,1.7016527716423298,0.050781478954377235,0.2235764650049532
2025-10-28 13:49:31.079,3.379217256873744,1.7007050843330944,0.047464573372053565,0.22262877769571787
2025-10-28 13:49:32.106,3.3796121265859256,1.7007840582755307,0.04722765154474473,0.2257087614507327
2025-10-28 13:49:33.134,3.3795331526434893,1.7002312406784768,0.0484122606812889,0.22412928260200715
2025-10-28 13:49:34.163,3.3792962308161805,1.7004681625057856,0.04691175577499962,0.22278672558059043
2025-10-28 13:49:35.192,3.3787434132191265,1.7002312406784768,0.04738559942961729,0.22436620442931599
2025-10-28 13:49:36.221,3.3789803350464354,1.700863032217967,0.0491230261632154,0.22310262135033554
2025-10-28 13:49:37.249,3.3789803350464354,1.7010999540452758,0.04722765154474473,0.22389236077469832
2025-10-28 13:49:38.275,3.379217256873744,1.7009420061604033,0.047069703659872175,0.22452415231418854
2025-10-28 13:49:39.302,3.378822387161563,1.7005471364482219,0.04801739096910751,0.22373441288982576
2025-10-28 13:49:40.329,3.3785064913918177,1.7015737976998935,0.0491230261632154,0.22444517837175226
2025-10-28 13:49:41.357,3.3789803350464354,1.7005471364482219,0.047464573372053565,0.22389236077469832
2025-10-28 13:49:42.381,3.3793752047586167,1.700863032217967,0.04691175577499962,0.22349749106251693
2025-10-28 13:49:43.409,3.3789803350464354,1.7010209801028395,0.04683278183256334,0.22373441288982576
2025-10-28 13:49:44.434,3.3786644392766902,1.7006261103906581,0.0477014951993624,0.22381338683226204
2025-10-28 13:49:45.462,3.3789803350464354,1.7010999540452758,0.048965078278342844,0.22310262135033554
2025-10-28 13:49:46.490,3.378822387161563,1.700863032217967,0.04801739096910751,0.2232605692352081
2025-10-28 13:49:47.517,3.378585465334254,1.701178927987712,0.04825431279641634,0.2232605692352081
2025-10-28 13:49:48.546,3.378901361103999,1.7015737976998935,0.04651688606281823,0.2232605692352081
2025-10-28 13:49:49.572,3.378348543506945,1.7004681625057856,0.04738559942961729,0.22310262135033554
2025-10-28 13:49:50.599,3.3789803350464354,1.7006261103906581,0.0469907297174359,0.22318159529277182
2025-10-28 13:49:51.627,3.3786644392766902,1.7007840582755307,0.04659586000525451,0.22491902202636993
2025-10-28 13:49:52.655,3.378348543506945,1.7010999540452758,0.048175338853980065,0.22515594385367876
2025-10-28 13:49:53.682,3.3785064913918177,1.7010999540452758,0.0477014951993624,0.22341851712008065
2025-10-28 13:49:54.710,3.3784275174493814,1.7002312406784768,0.04722765154474473,0.22460312625662482
2025-10-28 13:49:55.739,3.3785064913918177,1.7007050843330944,0.046753807890127064,0.22389236077469832
2025-10-28 13:49:56.767,3.378585465334254,1.7014948237574572,0.04920200010565168,0.22302364740789926
2025-10-28 13:49:57.795,3.3786644392766902,1.7007840582755307,0.047464573372053565,0.22405030865957087
2025-10-28 13:49:58.820,3.378348543506945,1.7004681625057856,0.046753807890127064,0.2235764650049532
2025-10-28 13:49:59.848,3.378585465334254,1.7004681625057856,0.046674833947690786,0.22349749106251693
2025-10-28 13:50:00.874,3.3787434132191265,1.7012579019301484,0.04730662548718101,0.22405030865957087
2025-10-28 13:50:01.902,3.3785064913918177,1.7012579019301484,0.04683278183256334,0.22349749106251693
2025-10-28 13:50:02.931,3.378585465334254,1.7002312406784768,0.04872815645103401,0.22491902202636993
2025-10-28 13:50:03.958,3.378269569564509,1.7010999540452758,0.04935994799052423,0.2228656995230267
2025-10-28 13:50:04.987,3.378585465334254,1.7005471364482219,0.04762252125692612,0.2242872304868797
2025-10-28 13:50:06.015,3.3786644392766902,1.7003891885633493,0.047859443084234954,0.22436620442931599
2025-10-28 13:50:07.043,3.378901361103999,1.7010209801028395,0.048965078278342844,0.22239185586840904
2025-10-28 13:50:08.072,3.378901361103999,1.7010209801028395,0.04809636491154379,0.22436620442931599
2025-10-28 13:50:09.099,3.3784275174493814,1.700863032217967,0.0477014951993624,0.22278672558059043
2025-10-28 13:50:10.128,3.378348543506945,1.7007840582755307,0.047859443084234954,0.22452415231418854
2025-10-28 13:50:11.158,3.3785064913918177,1.701178927987712,0.04943892193296051,0.22278672558059043
2025-10-28 13:50:12.186,3.3781116216796363,1.7007840582755307,0.047464573372053565,0.22531389173855132
2025-10-28 13:50:13.215,3.3778746998523275,1.7007840582755307,0.0484122606812889,0.2235764650049532
2025-10-28 13:50:14.243,3.377716751967455,1.7009420061604033,0.048175338853980065,0.2235764650049532
2025-10-28 13:50:15.268,3.3778746998523275,1.700863032217967,0.0498337916451419,0.22562978750829643
2025-10-28 13:50:16.295,3.3779536737947637,1.700863032217967,0.05062353106950468,0.2239713347171346
2025-10-28 13:50:17.323,3.3780326477372,1.701415849815021,0.04793841702667123,0.2228656995230267
2025-10-28 13:50:18.348,3.3781905956220726,1.7012579019301484,0.04714867760230845,0.2228656995230267
2025-10-28 13:50:19.373,3.3781116216796363,1.7018107195272023,0.04849123462372518,0.22333954317764437
2025-10-28 13:50:20.401,3.3775588040825824,1.7012579019301484,0.048175338853980065,0.22247082981084532
2025-10-28 13:50:21.430,3.377795725909891,1.700310214620913,0.04691175577499962,0.22460312625662482
2025-10-28 13:50:22.457,3.377716751967455,1.7007050843330944,0.04722765154474473,0.22341851712008065
2025-10-28 13:50:23.485,3.3775588040825824,1.7007050843330944,0.04762252125692612,0.22294467346546298
2025-10-28 13:50:24.511,3.3778746998523275,1.7009420061604033,0.0477014951993624,0.22444517837175226
2025-10-28 13:50:25.537,3.377716751967455,1.7005471364482219,0.050070713472450734,0.22349749106251693
2025-10-28 13:50:26.564,3.3776377780250186,1.7007050843330944,0.047859443084234954,0.22231288192597276
2025-10-28 13:50:27.589,3.3775588040825824,1.7013368758725846,0.04943892193296051,0.22389236077469832
2025-10-28 13:50:28.616,3.3779536737947637,1.7006261103906581,0.04793841702667123,0.22405030865957087
2025-10-28 13:50:29.643,3.377795725909891,1.7005471364482219,0.047069703659872175,0.22420825654444343
2025-10-28 13:50:30.670,3.377716751967455,1.7016527716423298,0.04793841702667123,0.2249979959688062
2025-10-28 13:50:31.697,3.3773218822552735,1.7019686674120749,0.04730662548718101,0.22381338683226204
2025-10-28 13:50:32.725,3.37740085619771,1.701178927987712,0.04722765154474473,0.2225498037532816
2025-10-28 13:50:33.756,3.37740085619771,1.7006261103906581,0.048570208566161455,0.22436620442931599
2025-10-28 13:50:34.784,3.377479830140146,1.701415849815021,0.04793841702667123,0.22270775163815415
2025-10-28 13:50:35.811,3.3776377780250186,1.7007050843330944,0.049280974048087955,0.22405030865957087
2025-10-28 13:50:36.841,3.3776377780250186,1.7013368758725846,0.047464573372053565,0.22341851712008065
2025-10-28 13:50:37.868,3.3775588040825824,1.7013368758725846,0.047780469141798676,0.2253928656809876
2025-10-28 13:50:38.896,3.377163934370401,1.7010209801028395,0.0477014951993624,0.22389236077469832
2025-10-28 13:50:39.923,3.3770849604279647,1.7007050843330944,0.046674833947690786,0.22310262135033554
2025-10-28 13:50:40.950,3.37740085619771,1.7010999540452758,0.049991739530014456,0.22420825654444343
2025-10-28 13:50:41.978,3.3772429083128372,1.7007840582755307,0.048886104335906566,0.22294467346546298
2025-10-28 13:50:43.005,3.377163934370401,1.701178927987712,0.046753807890127064,0.22302364740789926
2025-10-28 13:50:44.034,3.3772429083128372,1.7005471364482219,0.04833328673885262,0.2239713347171346
2025-10-28 13:50:45.061,3.3776377780250186,1.7012579019301484,0.047859443084234954,0.22223390798353648
2025-10-28 13:50:46.088,3.37740085619771,1.7009420061604033,0.04643791212038195,0.22207596009866393
2025-10-28 13:50:47.111,3.376927012543092,1.701178927987712,0.04714867760230845,0.22373441288982576
2025-10-28 13:50:48.136,3.37740085619771,1.7010999540452758,0.0484122606812889,0.22586670933560526
2025-10-28 13:50:49.159,3.3767690646582196,1.7013368758725846,0.04691175577499962,0.22381338683226204
2025-10-28 13:50:50.182,3.3767690646582196,1.7001522667360405,0.04809636491154379,0.22302364740789926
2025-10-28 13:50:51.206,3.3767690646582196,1.7012579019301484,0.047780469141798676,0.22420825654444343
2025-10-28 13:50:52.230,3.3767690646582196,1.7003891885633493,0.05022866135732329,0.2246821001990611
2025-10-28 13:50:53.261,3.377163934370401,1.7010999540452758,0.04801739096910751,0.22239185586840904
2025-10-28 13:50:54.284,3.3766900907157833,1.7010999540452758,0.047780469141798676,0.22207596009866393
2025-10-28 13:50:55.306,3.376848038600656,1.701415849815021,0.046674833947690786,0.22333954317764437
2025-10-28 13:50:56.331,3.376374194946038,1.7021266152969474,0.04809636491154379,0.22657747481753177
2025-10-28 13:50:57.354,3.3770059864855284,1.701178927987712,0.04730662548718101,0.22460312625662482
2025-10-28 13:50:58.382,3.377163934370401,1.7010209801028395,0.04683278183256334,0.22460312625662482
2025-10-28 13:50:59.410,3.376927012543092,1.7007050843330944,0.0477014951993624,0.22452415231418854
2025-10-28 13:51:00.437,3.3767690646582196,1.7003891885633493,0.0484122606812889,0.2239713347171346
2025-10-28 13:51:01.461,3.3766900907157833,1.7010209801028395,0.04714867760230845,0.22318159529277182
2025-10-28 13:51:02.484,3.3767690646582196,1.701178927987712,0.04683278183256334,0.22349749106251693
2025-10-28 13:51:03.507,3.376374194946038,1.7007840582755307,0.04714867760230845,0.2228656995230267
2025-10-28 13:51:04.535,3.3767690646582196,1.7010999540452758,0.0484122606812889,0.2253928656809876
2025-10-28 13:51:05.562,3.3764531688884745,1.700310214620913,0.047069703659872175,0.22365543894738948
2025-10-28 13:51:06.588,3.377163934370401,1.7009420061604033,0.04825431279641634,0.22515594385367876
2025-10-28 13:51:07.611,3.3766900907157833,1.7016527716423298,0.048175338853980065,0.2249979959688062
2025-10-28 13:51:08.634,3.376374194946038,1.7007050843330944,0.04738559942961729,0.22491902202636993
2025-10-28 13:51:09.665,3.3761372731187294,1.7014948237574572,0.0491230261632154,0.2228656995230267
2025-10-28 13:51:10.694,3.3766900907157833,1.7009420061604033,0.05093942683924979,0.22420825654444343
2025-10-28 13:51:11.723,3.3764531688884745,1.7012579019301484,0.04975481770270562,0.22381338683226204
2025-10-28 13:51:12.751,3.3767690646582196,1.7012579019301484,0.04793841702667123,0.22365543894738948
2025-10-28 13:51:13.778,3.3764531688884745,1.7004681625057856,0.0469907297174359,0.22278672558059043
2025-10-28 13:51:14.804,3.3761372731187294,1.7005471364482219,0.04730662548718101,0.22381338683226204
2025-10-28 13:51:15.828,3.3762162470611656,1.7006261103906581,0.048886104335906566,0.22278672558059043
2025-10-28 13:51:16.857,3.3762162470611656,1.7010209801028395,0.04801739096910751,0.22365543894738948
2025-10-28 13:51:17.883,3.3761372731187294,1.7013368758725846,0.047464573372053565,0.22333954317764437
2025-10-28 13:51:18.909,3.375979325233857,1.701731745584766,0.04651688606281823,0.2235764650049532
2025-10-28 13:51:19.937,3.376058299176293,1.7012579019301484,0.04833328673885262,0.22318159529277182
2025-10-28 13:51:20.964,3.3758213773489842,1.7001522667360405,0.04849123462372518,0.22341851712008065
2025-10-28 13:51:21.990,3.375979325233857,1.700863032217967,0.04762252125692612,0.22389236077469832
2025-10-28 13:51:23.016,3.3759003512914205,1.7010209801028395,0.04722765154474473,0.22349749106251693
2025-10-28 13:51:24.041,3.3761372731187294,1.701415849815021,0.048886104335906566,0.22484004808393365
2025-10-28 13:51:25.068,3.3759003512914205,1.7009420061604033,0.04872815645103401,0.22460312625662482
2025-10-28 13:51:26.095,3.375979325233857,1.700863032217967,0.04991276558757818,0.225787735393169
2025-10-28 13:51:27.124,3.375979325233857,1.7007050843330944,0.04793841702667123,0.2225498037532816
2025-10-28 13:51:28.153,3.3755844555216754,1.7003891885633493,0.047464573372053565,0.22436620442931599
2025-10-28 13:51:29.180,3.3756634294641117,1.7007840582755307,0.04833328673885262,0.2235764650049532
2025-10-28 13:51:30.206,3.3753475336943666,1.7003891885633493,0.0469907297174359,0.22207596009866393
2025-10-28 13:51:31.231,3.3756634294641117,1.7012579019301484,0.047780469141798676,0.22341851712008065
2025-10-28 13:51:32.257,3.375426507636803,1.7006261103906581,0.04809636491154379,0.22365543894738948
2025-10-28 13:51:33.285,3.3758213773489842,1.7010209801028395,0.0491230261632154,0.22199698615622765
2025-10-28 13:51:34.311,3.3759003512914205,1.6998363709662954,0.04809636491154379,0.22373441288982576
2025-10-28 13:51:35.336,3.376058299176293,1.7001522667360405,0.05046558318463212,0.22436620442931599
2025-10-28 13:51:36.362,3.375505481579239,1.7007840582755307,0.04793841702667123,0.22318159529277182
2025-10-28 13:51:37.390,3.3753475336943666,1.7007840582755307,0.048175338853980065,0.22594568327804154
2025-10-28 13:51:38.417,3.375505481579239,1.7010999540452758,0.047859443084234954,0.22341851712008065
2025-10-28 13:51:39.443,3.375426507636803,1.7002312406784768,0.04943892193296051,0.22310262135033554
2025-10-28 13:51:40.472,3.3755844555216754,1.701178927987712,0.047069703659872175,0.22420825654444343
2025-10-28 13:51:41.499,3.375505481579239,1.7014948237574572,0.04959686981783307,0.22333954317764437
2025-10-28 13:51:42.525,3.3751106118670577,1.7001522667360405,0.04793841702667123,0.22270775163815415
2025-10-28 13:51:43.553,3.3751106118670577,1.7009420061604033,0.048175338853980065,0.22523491779611504
2025-10-28 13:51:44.579,3.374952663982185,1.7016527716423298,0.04714867760230845,0.22278672558059043
2025-10-28 13:51:45.605,3.3752685597519303,1.7003891885633493,0.0477014951993624,0.22262877769571787
2025-10-28 13:51:46.630,3.3750316379246215,1.700863032217967,0.04793841702667123,0.22294467346546298
2025-10-28 13:51:47.654,3.375189585809494,1.7014948237574572,0.04738559942961729,0.22594568327804154
2025-10-28 13:51:48.677,3.3747947160973126,1.7007050843330944,0.04809636491154379,0.22405030865957087
2025-10-28 13:51:49.706,3.3750316379246215,1.700863032217967,0.04730662548718101,0.22381338683226204
2025-10-28 13:51:50.732,3.3750316379246215,1.7015737976998935,0.047069703659872175,0.22452415231418854
2025-10-28 13:51:51.757,3.375189585809494,1.7005471364482219,0.04738559942961729,0.22365543894738948
2025-10-28 13:51:52.783,3.37463676821244,1.7010999540452758,0.04793841702667123,0.22341851712008065
2025-10-28 13:51:53.806,3.374557794270004,1.700863032217967,0.04872815645103401,0.22262877769571787
2025-10-28 13:51:54.832,3.3750316379246215,1.701415849815021,0.047069703659872175,0.2235764650049532
2025-10-28 13:51:55.857,3.3743998463851312,1.6995994491389865,0.04738559942961729,0.22318159529277182
2025-10-28 13:51:56.882,3.3750316379246215,1.700863032217967,0.04730662548718101,0.22262877769571787
2025-10-28 13:51:57.908,3.374952663982185,1.6999153449087316,0.049280974048087955,0.22239185586840904
2025-10-28 13:51:58.935,3.375189585809494,1.7013368758725846,0.047464573372053565,0.22381338683226204
2025-10-28 13:51:59.962,3.374557794270004,1.7009420061604033,0.0498337916451419,0.22310262135033554
2025-10-28 13:52:00.989,3.37463676821244,1.7012579019301484,0.047859443084234954,0.22333954317764437
2025-10-28 13:52:02.016,3.3747157421548764,1.7003891885633493,0.0491230261632154,0.22389236077469832
2025-10-28 13:52:03.044,3.3743998463851312,1.701178927987712,0.04809636491154379,0.22278672558059043
2025-10-28 13:52:04.069,3.3747157421548764,1.701415849815021,0.04991276558757818,0.22476107414149737
2025-10-28 13:52:05.094,3.3744788203275675,1.7010209801028395,0.04754354731448984,0.2249979959688062
2025-10-28 13:52:06.122,3.37463676821244,1.701731745584766,0.05022866135732329,0.22333954317764437
2025-10-28 13:52:07.148,3.3747947160973126,1.7013368758725846,0.04651688606281823,0.2246821001990611
2025-10-28 13:52:08.174,3.3744788203275675,1.700863032217967,0.04833328673885262,0.22515594385367876
2025-10-28 13:52:09.201,3.3744788203275675,1.7012579019301484,0.04754354731448984,0.2242872304868797
2025-10-28 13:52:10.226,3.374557794270004,1.7009420061604033,0.04801739096910751,0.22381338683226204
2025-10-28 13:52:11.252,3.3747947160973126,1.7010999540452758,0.04762252125692612,0.22420825654444343
2025-10-28 13:52:12.278,3.37463676821244,1.7005471364482219,0.04825431279641634,0.22381338683226204
2025-10-28 13:52:13.304,3.374320872442695,1.7010999540452758,0.04793841702667123,0.2232605692352081
2025-10-28 13:52:14.330,3.37463676821244,1.7010999540452758,0.047069703659872175,0.22310262135033554
2025-10-28 13:52:15.362,3.374083950615386,1.7002312406784768,0.04809636491154379,0.22294467346546298
2025-10-28 13:52:16.388,3.3742418985002587,1.7010209801028395,0.047780469141798676,0.22231288192597276
2025-10-28 13:52:17.413,3.374320872442695,1.7010209801028395,0.04793841702667123,0.22507696991124249
2025-10-28 13:52:18.442,3.3747157421548764,1.700310214620913,0.04801739096910751,0.22460312625662482
2025-10-28 13:52:19.467,3.374320872442695,1.7003891885633493,0.04793841702667123,0.22373441288982576
2025-10-28 13:52:20.492,3.374083950615386,1.7007840582755307,0.047780469141798676,0.22365543894738948
2025-10-28 13:52:21.520,3.3738470287880773,1.701178927987712,0.047859443084234954,0.22389236077469832
2025-10-28 13:52:22.546,3.3736101069607685,1.700863032217967,0.04762252125692612,0.22294467346546298
2025-10-28 13:52:23.572,3.37400497667295,1.701178927987712,0.0498337916451419,0.22405030865957087
2025-10-28 13:52:24.597,3.37400497667295,1.6998363709662954,0.05030763529975957,0.22420825654444343
2025-10-28 13:52:25.623,3.373531133018332,1.7018107195272023,0.05014968741488701,0.22270775163815415
2025-10-28 13:52:26.647,3.3739260027305136,1.700863032217967,0.047780469141798676,0.2221549340411002
2025-10-28 13:52:27.674,3.373768054845641,1.7007050843330944,0.047780469141798676,0.22491902202636993
2025-10-28 13:52:28.700,3.373768054845641,1.7007840582755307,0.048570208566161455,0.22444517837175226
2025-10-28 13:52:29.725,3.3738470287880773,1.700863032217967,0.04793841702667123,0.22310262135033554
2025-10-28 13:52:30.751,3.3739260027305136,1.700863032217967,0.047780469141798676,0.22318159529277182
2025-10-28 13:52:31.774,3.3738470287880773,1.7012579019301484,0.05070250501194096,0.22373441288982576
2025-10-28 13:52:32.799,3.3739260027305136,1.7010209801028395,0.04872815645103401,0.2235764650049532
2025-10-28 13:52:33.827,3.373768054845641,1.7003891885633493,0.04809636491154379,0.22191801221379137
2025-10-28 13:52:34.854,3.3736101069607685,1.7009420061604033,0.04762252125692612,0.22460312625662482
2025-10-28 13:52:35.880,3.373768054845641,1.7010209801028395,0.0469907297174359,0.2228656995230267
2025-10-28 13:52:36.910,3.373452159075896,1.7010209801028395,0.04849123462372518,0.22231288192597276
2025-10-28 13:52:37.937,3.373215237248587,1.701178927987712,0.05046558318463212,0.22436620442931599
2025-10-28 13:52:38.962,3.373768054845641,1.7001522667360405,0.047464573372053565,0.22412928260200715
2025-10-28 13:52:39.988,3.3732942111910234,1.7013368758725846,0.047780469141798676,0.22270775163815415
2025-10-28 13:52:41.013,3.3733731851334596,1.7016527716423298,0.0505445571270684,0.2239713347171346
2025-10-28 13:52:42.039,3.3736101069607685,1.701178927987712,0.047859443084234954,0.22420825654444343
2025-10-28 13:52:43.066,3.3730572893637145,1.7010999540452758,0.047859443084234954,0.22381338683226204
2025-10-28 13:52:44.091,3.373531133018332,1.700863032217967,0.047464573372053565,0.2242872304868797
2025-10-28 13:52:45.117,3.3728203675364057,1.7003891885633493,0.04825431279641634,0.2242872304868797
2025-10-28 13:52:46.143,3.373136263306151,1.7013368758725846,0.04825431279641634,0.2232605692352081
2025-10-28 13:52:47.167,3.373531133018332,1.7007840582755307,0.04880713039347029,0.2228656995230267
2025-10-28 13:52:48.195,3.373531133018332,1.701178927987712,0.04872815645103401,0.22341851712008065
2025-10-28 13:52:49.220,3.373215237248587,1.7014948237574572,0.04738559942961729,0.22270775163815415
2025-10-28 13:52:50.246,3.3730572893637145,1.700863032217967,0.04659586000525451,0.22341851712008065
2025-10-28 13:52:51.271,3.372899341478842,1.701731745584766,0.04762252125692612,0.22278672558059043
2025-10-28 13:52:52.296,3.3736890809032047,1.7012579019301484,0.0477014951993624,0.22657747481753177
2025-10-28 13:52:53.320,3.3729783154212782,1.7014948237574572,0.0484122606812889,0.2257087614507327
2025-10-28 13:52:54.348,3.3729783154212782,1.7005471364482219,0.047859443084234954,0.22294467346546298
2025-10-28 13:52:55.375,3.372899341478842,1.699994318851168,0.05093942683924979,0.22420825654444343
2025-10-28 13:52:56.403,3.3729783154212782,1.7010209801028395,0.04833328673885262,0.2228656995230267
2025-10-28 13:52:57.428,3.3725044717666606,1.7007050843330944,0.04722765154474473,0.22199698615622765
2025-10-28 13:52:58.453,3.372662419651533,1.700863032217967,0.04659586000525451,0.22310262135033554
2025-10-28 13:52:59.482,3.3728203675364057,1.7006261103906581,0.048965078278342844,0.22333954317764437
2025-10-28 13:53:00.507,3.3730572893637145,1.7010999540452758,0.047069703659872175,0.22318159529277182
2025-10-28 13:53:01.534,3.372583445709097,1.701731745584766,0.04730662548718101,0.22373441288982576
2025-10-28 13:53:02.560,3.3725044717666606,1.701178927987712,0.04849123462372518,0.22389236077469832
2025-10-28 13:53:03.586,3.3725044717666606,1.701178927987712,0.04714867760230845,0.2232605692352081
2025-10-28 13:53:04.614,3.3724254978242243,1.7006261103906581,0.04762252125692612,0.22444517837175226
2025-10-28 13:53:05.642,3.3722675499393517,1.7013368758725846,0.04833328673885262,0.22278672558059043
2025-10-28 13:53:06.667,3.372583445709097,1.701178927987712,0.04793841702667123,0.22381338683226204
2025-10-28 13:53:07.693,3.372583445709097,1.7006261103906581,0.047780469141798676,0.22373441288982576
2025-10-28 13:53:08.720,3.372662419651533,1.700863032217967,0.04825431279641634,0.2235764650049532
2025-10-28 13:53:09.745,3.3721885759969155,1.7009420061604033,0.04975481770270562,0.22373441288982576
2025-10-28 13:53:10.773,3.372583445709097,1.7010999540452758,0.04659586000525451,0.22373441288982576
2025-10-28 13:53:11.800,3.372583445709097,1.7010209801028395,0.04951789587539679,0.22412928260200715
2025-10-28 13:53:12.826,3.3719516541696066,1.7012579019301484,0.0477014951993624,0.22333954317764437
2025-10-28 13:53:13.851,3.3725044717666606,1.701415849815021,0.04754354731448984,0.2232605692352081
2025-10-28 13:53:14.878,3.3718726802271703,1.701415849815021,0.05062353106950468,0.22373441288982576
2025-10-28 13:53:15.907,3.3721885759969155,1.7003891885633493,0.049675843760269345,0.22302364740789926
2025-10-28 13:53:16.934,3.3722675499393517,1.701178927987712,0.047069703659872175,0.22436620442931599
2025-10-28 13:53:17.961,3.3719516541696066,1.7014948237574572,0.04833328673885262,0.22531389173855132
2025-10-28 13:53:18.986,3.3718726802271703,1.7004681625057856,0.04714867760230845,0.2232605692352081
2025-10-28 13:53:20.011,3.3719516541696066,1.7009420061604033,0.047464573372053565,0.2246821001990611
2025-10-28 13:53:21.037,3.371793706284734,1.7010999540452758,0.04833328673885262,0.2249979959688062
2025-10-28 13:53:22.063,3.3719516541696066,1.7001522667360405,0.04935994799052423,0.22278672558059043
2025-10-28 13:53:23.089,3.3719516541696066,1.7015737976998935,0.04864918250859773,0.22262877769571787
2025-10-28 13:53:24.114,3.3719516541696066,1.700863032217967,0.04754354731448984,0.2249979959688062
2025-10-28 13:53:25.139,3.3719516541696066,1.7010209801028395,0.04722765154474473,0.22555081356586015
2025-10-28 13:53:26.168,3.371793706284734,1.7014948237574572,0.050070713472450734,0.22349749106251693
2025-10-28 13:53:27.191,3.372109602054479,1.701178927987712,0.050070713472450734,0.2221549340411002
2025-10-28 13:53:28.217,3.3718726802271703,1.7013368758725846,0.0477014951993624,0.22436620442931599
2025-10-28 13:53:29.243,3.371793706284734,1.7013368758725846,0.048175338853980065,0.2232605692352081
2025-10-28 13:53:30.268,3.3721885759969155,1.7007840582755307,0.05030763529975957,0.22199698615622765
2025-10-28 13:53:31.294,3.371793706284734,1.7012579019301484,0.04691175577499962,0.22333954317764437
2025-10-28 13:53:32.322,3.3716357583998615,1.7010209801028395,0.04714867760230845,0.22310262135033554
2025-10-28 13:53:33.350,3.3718726802271703,1.7003891885633493,0.04659586000525451,0.22239185586840904
2025-10-28 13:53:34.376,3.3716357583998615,1.700863032217967,0.04754354731448984,0.2257087614507327
2025-10-28 13:53:35.403,3.371477810514989,1.700863032217967,0.04754354731448984,0.22294467346546298
2025-10-28 13:53:36.429,3.371793706284734,1.700863032217967,0.04722765154474473,0.22389236077469832
2025-10-28 13:53:37.458,3.371714732342298,1.7018107195272023,0.04825431279641634,0.22373441288982576
2025-10-28 13:53:38.487,3.3713198626301164,1.7003891885633493,0.047859443084234954,0.2232605692352081
2025-10-28 13:53:39.515,3.371714732342298,1.7007840582755307,0.04691175577499962,0.22594568327804154
2025-10-28 13:53:40.541,3.371714732342298,1.7012579019301484,0.04849123462372518,0.22333954317764437
2025-10-28 13:53:41.568,3.3716357583998615,1.701731745584766,0.0484122606812889,0.22310262135033554
2025-10-28 13:53:42.591,3.3713198626301164,1.7013368758725846,0.047780469141798676,0.22460312625662482
2025-10-28 13:53:43.619,3.37124088868768,1.7001522667360405,0.04754354731448984,0.22555081356586015
2025-10-28 13:53:44.645,3.3710829408028076,1.7007840582755307,0.04683278183256334,0.22223390798353648
2025-10-28 13:53:45.671,3.37124088868768,1.7015737976998935,0.04754354731448984,0.22278672558059043
2025-10-28 13:53:46.697,3.371477810514989,1.7010209801028395,0.047859443084234954,0.22460312625662482
2025-10-28 13:53:47.722,3.371477810514989,1.701178927987712,0.049280974048087955,0.22310262135033554
2025-10-28 13:53:48.748,3.3710039668603713,1.7014948237574572,0.04683278183256334,0.22294467346546298
2025-10-28 13:53:49.774,3.3713198626301164,1.7004681625057856,0.047069703659872175,0.22476107414149737
2025-10-28 13:53:50.800,3.3708460189754987,1.7006261103906581,0.04825431279641634,0.22365543894738948
2025-10-28 13:53:51.826,3.3713198626301164,1.7007050843330944,0.050070713472450734,0.2221549340411002
2025-10-28 13:53:52.855,3.3713988365725527,1.7012579019301484,0.047069703659872175,0.22444517837175226
2025-10-28 13:53:53.882,3.371161914745244,1.7009420061604033,0.04722765154474473,0.2235764650049532
2025-10-28 13:53:54.908,3.3713198626301164,1.7005471364482219,0.04801739096910751,0.22247082981084532
2025-10-28 13:53:55.935,3.3710039668603713,1.7014948237574572,0.05070250501194096,0.22507696991124249
2025-10-28 13:53:56.965,3.37124088868768,1.7006261103906581,0.0484122606812889,0.22405030865957087
2025-10-28 13:53:57.990,3.3716357583998615,1.7018896934696386,0.04691175577499962,0.22412928260200715
2025-10-28 13:53:59.017,3.370688071090626,1.701178927987712,0.04904405222077912,0.22381338683226204
2025-10-28 13:54:00.044,3.3710039668603713,1.7018107195272023,0.04825431279641634,0.22278672558059043
2025-10-28 13:54:01.072,3.37124088868768,1.700863032217967,0.04659586000525451,0.22231288192597276
2025-10-28 13:54:02.099,3.3710039668603713,1.7016527716423298,0.04872815645103401,0.22594568327804154
2025-10-28 13:54:03.124,3.370688071090626,1.7009420061604033,0.04825431279641634,0.22310262135033554
2025-10-28 13:54:04.152,3.370924992917935,1.7007840582755307,0.04691175577499962,0.22507696991124249
2025-10-28 13:54:05.177,3.371161914745244,1.7010209801028395,0.04880713039347029,0.2239713347171346
2025-10-28 13:54:06.204,3.37124088868768,1.700310214620913,0.0505445571270684,0.22555081356586015
2025-10-28 13:54:07.230,3.3707670450330625,1.7005471364482219,0.04722765154474473,0.22239185586840904
2025-10-28 13:54:08.258,3.3710039668603713,1.701178927987712,0.047464573372053565,0.22373441288982576
2025-10-28 13:54:09.287,3.3707670450330625,1.7006261103906581,0.04722765154474473,0.2235764650049532
2025-10-28 13:54:10.312,3.3704511492633173,1.7007840582755307,0.04880713039347029,0.22389236077469832
2025-10-28 13:54:11.335,3.3707670450330625,1.7009420061604033,0.04683278183256334,0.22515594385367876
2025-10-28 13:54:12.358,3.3707670450330625,1.7013368758725846,0.050070713472450734,0.2235764650049532
2025-10-28 13:54:13.381,3.37060909714819,1.700863032217967,0.050070713472450734,0.22436620442931599
2025-10-28 13:54:14.404,3.37060909714819,1.701178927987712,0.04722765154474473,0.22302364740789926
2025-10-28 13:54:15.429,3.370688071090626,1.701178927987712,0.050070713472450734,0.2228656995230267
2025-10-28 13:54:16.452,3.3704511492633173,1.7002312406784768,0.047464573372053565,0.22278672558059043
2025-10-28 13:54:17.476,3.3705301232057536,1.7007050843330944,0.0484122606812889,0.22412928260200715
2025-10-28 13:54:18.505,3.3710039668603713,1.700310214620913,0.04714867760230845,0.22270775163815415
2025-10-28 13:54:19.530,3.3707670450330625,1.7012579019301484,0.04793841702667123,0.2221549340411002
2025-10-28 13:54:20.553,3.3710039668603713,1.7002312406784768,0.04833328673885262,0.2225498037532816
2025-10-28 13:54:21.576,3.370372175320881,1.7009420061604033,0.04691175577499962,0.22420825654444343
2025-10-28 13:54:22.600,3.370372175320881,1.701415849815021,0.04793841702667123,0.22381338683226204
2025-10-28 13:54:23.625,3.3704511492633173,1.701178927987712,0.047780469141798676,0.22389236077469832
2025-10-28 13:54:24.654,3.37060909714819,1.7006261103906581,0.04714867760230845,0.22333954317764437
2025-10-28 13:54:25.683,3.3701352534935722,1.701731745584766,0.0484122606812889,0.2228656995230267
2025-10-28 13:54:26.707,3.3704511492633173,1.7014948237574572,0.04864918250859773,0.2235764650049532
2025-10-28 13:54:27.730,3.370372175320881,1.7006261103906581,0.04864918250859773,0.22247082981084532
2025-10-28 13:54:28.753,3.3698983316662634,1.701415849815021,0.047859443084234954,0.22231288192597276
2025-10-28 13:54:29.777,3.370056279551136,1.7007050843330944,0.047859443084234954,0.22389236077469832
2025-10-28 13:54:30.800,3.3698983316662634,1.7018896934696386,0.04920200010565168,0.22444517837175226
2025-10-28 13:54:31.828,3.370688071090626,1.7012579019301484,0.04801739096910751,0.22460312625662482
2025-10-28 13:54:32.856,3.370688071090626,1.7004681625057856,0.050386609242195846,0.22460312625662482
2025-10-28 13:54:33.885,3.3707670450330625,1.7012579019301484,0.04809636491154379,0.22349749106251693
2025-10-28 13:54:34.910,3.370372175320881,1.7013368758725846,0.047859443084234954,0.22278672558059043
2025-10-28 13:54:35.938,3.3698983316662634,1.7013368758725846,0.04738559942961729,0.22365543894738948
2025-10-28 13:54:36.965,3.3701352534935722,1.7007050843330944,0.04833328673885262,0.22294467346546298
2025-10-28 13:54:37.991,3.3698983316662634,1.7012579019301484,0.04801739096910751,0.2225498037532816
2025-10-28 13:54:39.018,3.3702142274360085,1.7003891885633493,0.04833328673885262,0.22373441288982576
2025-10-28 13:54:40.045,3.3704511492633173,1.7015737976998935,0.048570208566161455,0.22381338683226204
2025-10-28 13:54:41.072,3.370372175320881,1.7004681625057856,0.04730662548718101,0.22231288192597276
2025-10-28 13:54:42.100,3.370056279551136,1.700863032217967,0.047780469141798676,0.22444517837175226
2025-10-28 13:54:43.130,3.3698983316662634,1.701415849815021,0.0469907297174359,0.22294467346546298
2025-10-28 13:54:44.157,3.369740383781391,1.7007840582755307,0.04935994799052423,0.22412928260200715
2025-10-28 13:54:45.184,3.3695824358965183,1.7016527716423298,0.0469907297174359,0.22365543894738948
2025-10-28 13:54:46.211,3.3695824358965183,1.7007050843330944,0.048570208566161455,0.22365543894738948
2025-10-28 13:54:47.238,3.369503461954082,1.7005471364482219,0.0484122606812889,0.22389236077469832
2025-10-28 13:54:48.265,3.3694244880116457,1.7020476413545111,0.047069703659872175,0.22389236077469832
2025-10-28 13:54:49.292,3.3694244880116457,1.7018107195272023,0.047859443084234954,0.22262877769571787
2025-10-28 13:54:50.320,3.369503461954082,1.7007840582755307,0.0505445571270684,0.22452415231418854
2025-10-28 13:54:51.346,3.3694244880116457,1.7010999540452758,0.04959686981783307,0.2228656995230267
2025-10-28 13:54:52.371,3.3694244880116457,1.701415849815021,0.046674833947690786,0.22294467346546298
2025-10-28 13:54:53.397,3.368871670414592,1.7012579019301484,0.04722765154474473,0.22349749106251693
2025-10-28 13:54:54.425,3.3691085922419006,1.7005471364482219,0.049280974048087955,0.22262877769571787
2025-10-28 13:54:55.452,3.3690296182994643,1.701415849815021,0.04730662548718101,0.22373441288982576
2025-10-28 13:54:56.477,3.368950644357028,1.7006261103906581,0.04762252125692612,0.22405030865957087
2025-10-28 13:54:57.504,3.368634748587283,1.7007840582755307,0.05030763529975957,0.22515594385367876
2025-10-28 13:54:58.530,3.3687137225297192,1.701731745584766,0.0477014951993624,0.22412928260200715
2025-10-28 13:54:59.553,3.3690296182994643,1.7018896934696386,0.047069703659872175,0.22294467346546298
2025-10-28 13:55:00.583,3.369266540126773,1.700863032217967,0.04730662548718101,0.22247082981084532
2025-10-28 13:55:01.614,3.368318852817538,1.700863032217967,0.047464573372053565,0.22231288192597276
2025-10-28 13:55:02.641,3.368871670414592,1.7013368758725846,0.047464573372053565,0.22373441288982576
2025-10-28 13:55:03.665,3.3685557746448467,1.7009420061604033,0.050386609242195846,0.22389236077469832
2025-10-28 13:55:04.692,3.3684768007024104,1.7010209801028395,0.04809636491154379,0.22278672558059043
2025-10-28 13:55:05.720,3.368634748587283,1.7018107195272023,0.04849123462372518,0.22476107414149737
2025-10-28 13:55:06.746,3.3685557746448467,1.699994318851168,0.048175338853980065,0.2228656995230267
2025-10-28 13:55:07.771,3.368871670414592,1.7009420061604033,0.047069703659872175,0.22223390798353648
2025-10-28 13:55:08.798,3.368397826759974,1.7010209801028395,0.04714867760230845,0.2239713347171346
2025-10-28 13:55:09.826,3.3687926964721555,1.7010209801028395,0.049675843760269345,0.22365543894738948
2025-10-28 13:55:10.854,3.3679239831053565,1.700863032217967,0.04651688606281823,0.22318159529277182
2025-10-28 13:55:11.882,3.368081930990229,1.7016527716423298,0.048175338853980065,0.22333954317764437
2025-10-28 13:55:12.907,3.368318852817538,1.7007840582755307,0.04801739096910751,0.22302364740789926
2025-10-28 13:55:13.933,3.36784500916292,1.7003891885633493,0.046753807890127064,0.22270775163815415
2025-10-28 13:55:14.963,3.368318852817538,1.700863032217967,0.047464573372053565,0.22389236077469832
2025-10-28 13:55:15.991,3.3682398788751016,1.7015737976998935,0.04809636491154379,0.2235764650049532
2025-10-28 13:55:17.017,3.368318852817538,1.7007840582755307,0.05030763529975957,0.22349749106251693
2025-10-28 13:55:18.044,3.3680029570477927,1.7009420061604033,0.04738559942961729,0.2239713347171346
2025-10-28 13:55:19.069,3.368397826759974,1.7010999540452758,0.047069703659872175,0.22318159529277182
2025-10-28 13:55:20.094,3.368397826759974,1.7010209801028395,0.0469907297174359,0.22523491779611504
2025-10-28 13:55:21.127,3.3680029570477927,1.701415849815021,0.0491230261632154,0.22294467346546298
2025-10-28 13:55:22.152,3.3682398788751016,1.701731745584766,0.04738559942961729,0.22341851712008065
2025-10-28 13:55:23.177,3.3679239831053565,1.7014948237574572,0.04659586000525451,0.22341851712008065
2025-10-28 13:55:24.204,3.3679239831053565,1.7013368758725846,0.05022866135732329,0.22341851712008065
2025-10-28 13:55:25.229,3.368081930990229,1.7012579019301484,0.04722765154474473,0.22270775163815415
2025-10-28 13:55:26.256,3.368081930990229,1.7015737976998935,0.046753807890127064,0.22318159529277182
2025-10-28 13:55:27.283,3.3682398788751016,1.7007840582755307,0.04825431279641634,0.22381338683226204
2025-10-28 13:55:28.311,3.3679239831053565,1.700310214620913,0.047069703659872175,0.22405030865957087
2025-10-28 13:55:29.338,3.3681609049326653,1.7006261103906581,0.04722765154474473,0.22389236077469832
2025-10-28 13:55:30.364,3.3679239831053565,1.7007050843330944,0.05070250501194096,0.22381338683226204
2025-10-28 13:55:31.389,3.3676080873356113,1.701415849815021,0.04951789587539679,0.22333954317764437
2025-10-28 13:55:32.416,3.3676870612780476,1.701178927987712,0.0469907297174359,0.2249979959688062
2025-10-28 13:55:33.442,3.3673711655083025,1.7005471364482219,0.04722765154474473,0.22381338683226204
2025-10-28 13:55:34.467,3.367766035220484,1.7010209801028395,0.04738559942961729,0.22373441288982576
2025-10-28 13:55:35.492,3.3676080873356113,1.7012579019301484,0.04951789587539679,0.22278672558059043
2025-10-28 13:55:36.520,3.36784500916292,1.7010209801028395,0.04714867760230845,0.22460312625662482
2025-10-28 13:55:37.542,3.36784500916292,1.7012579019301484,0.047859443084234954,0.2239713347171346
2025-10-28 13:55:38.569,3.36784500916292,1.700863032217967,0.04730662548718101,0.22278672558059043
2025-10-28 13:55:39.599,3.3673711655083025,1.7001522667360405,0.04722765154474473,0.22381338683226204
2025-10-28 13:55:40.625,3.367450139450739,1.7010209801028395,0.04825431279641634,0.22484004808393365
2025-10-28 13:55:41.652,3.36721321762343,1.7007840582755307,0.04825431279641634,0.22405030865957087
2025-10-28 13:55:42.679,3.367766035220484,1.7009420061604033,0.04849123462372518,0.22444517837175226
2025-10-28 13:55:43.705,3.366976295796121,1.7010999540452758,0.048886104335906566,0.22318159529277182
2025-10-28 13:55:44.733,3.36721321762343,1.7012579019301484,0.0469907297174359,0.22436620442931599
2025-10-28 13:55:45.761,3.366976295796121,1.7010999540452758,0.04825431279641634,0.2239713347171346
2025-10-28 13:55:46.790,3.36721321762343,1.7018107195272023,0.0469907297174359,0.22389236077469832
2025-10-28 13:55:47.816,3.3672921915658662,1.7014948237574572,0.04651688606281823,0.22341851712008065
2025-10-28 13:55:48.842,3.3671342436809937,1.7003891885633493,0.048965078278342844,0.22531389173855132
2025-10-28 13:55:49.867,3.36721321762343,1.7004681625057856,0.04754354731448984,0.22373441288982576
2025-10-28 13:55:50.894,3.3671342436809937,1.7010999540452758,0.0498337916451419,0.22310262135033554
2025-10-28 13:55:51.919,3.3672921915658662,1.7012579019301484,0.04714867760230845,0.22389236077469832
2025-10-28 13:55:52.945,3.3673711655083025,1.7015737976998935,0.049675843760269345,0.22333954317764437
2025-10-28 13:55:53.971,3.3670552697385574,1.7014948237574572,0.04691175577499962,0.22444517837175226
2025-10-28 13:55:54.997,3.3668183479112486,1.699994318851168,0.046753807890127064,0.2232605692352081
2025-10-28 13:55:56.024,3.366976295796121,1.7010209801028395,0.04825431279641634,0.22389236077469832
2025-10-28 13:55:57.050,3.3665024521415035,1.7018107195272023,0.048570208566161455,0.22262877769571787
2025-10-28 13:55:58.077,3.3665024521415035,1.7010209801028395,0.04959686981783307,0.22436620442931599
2025-10-28 13:55:59.105,3.3667393739688123,1.7006261103906581,0.04959686981783307,0.22389236077469832
2025-10-28 13:56:00.135,3.366660400026376,1.7005471364482219,0.047069703659872175,0.22231288192597276
2025-10-28 13:56:01.164,3.3665024521415035,1.700863032217967,0.0484122606812889,0.22476107414149737
2025-10-28 13:56:02.189,3.3667393739688123,1.7005471364482219,0.047464573372053565,0.22349749106251693
2025-10-28 13:56:03.215,3.366897321853685,1.7007050843330944,0.04935994799052423,0.2235764650049532
2025-10-28 13:56:04.241,3.3662655303141946,1.700863032217967,0.04762252125692612,0.22507696991124249
2025-10-28 13:56:05.267,3.3670552697385574,1.700863032217967,0.047859443084234954,0.2228656995230267
2025-10-28 13:56:06.293,3.3662655303141946,1.701415849815021,0.047069703659872175,0.2225498037532816
2025-10-28 13:56:07.319,3.3671342436809937,1.700863032217967,0.04714867760230845,0.22373441288982576
2025-10-28 13:56:08.346,3.366660400026376,1.7016527716423298,0.047859443084234954,0.22270775163815415
2025-10-28 13:56:09.373,3.366344504256631,1.7012579019301484,0.04722765154474473,0.2225498037532816
2025-10-28 13:56:10.405,3.366423478199067,1.7007050843330944,0.04730662548718101,0.22349749106251693
2025-10-28 13:56:11.433,3.3670552697385574,1.7016527716423298,0.04683278183256334,0.22278672558059043
2025-10-28 13:56:12.458,3.3661865563717583,1.7006261103906581,0.04659586000525451,0.22318159529277182
2025-10-28 13:56:13.483,3.366660400026376,1.701415849815021,0.048175338853980065,0.22460312625662482
2025-10-28 13:56:14.509,3.366344504256631,1.7004681625057856,0.0498337916451419,0.2232605692352081
2025-10-28 13:56:15.533,3.366423478199067,1.7010999540452758,0.04659586000525451,0.2232605692352081
2025-10-28 13:56:16.562,3.3665814260839397,1.6998363709662954,0.04959686981783307,0.22476107414149737
2025-10-28 13:56:17.589,3.366423478199067,1.7007050843330944,0.04738559942961729,0.2235764650049532
2025-10-28 13:56:18.615,3.3662655303141946,1.7004681625057856,0.04754354731448984,0.22223390798353648
2025-10-28 13:56:19.640,3.3662655303141946,1.7014948237574572,0.049675843760269345,0.22405030865957087
2025-10-28 13:56:20.667,3.3662655303141946,1.7005471364482219,0.04809636491154379,0.22247082981084532
2025-10-28 13:56:21.694,3.3659496345444495,1.7009420061604033,0.04880713039347029,0.22191801221379137
2025-10-28 13:56:22.719,3.366107582429322,1.7013368758725846,0.04683278183256334,0.22562978750829643
2025-10-28 13:56:23.745,3.366107582429322,1.7007840582755307,0.047464573372053565,0.2249979959688062
2025-10-28 13:56:24.770,3.3659496345444495,1.7009420061604033,0.04793841702667123,0.22365543894738948
2025-10-28 13:56:25.795,3.3658706606020132,1.700863032217967,0.047464573372053565,0.22444517837175226
2025-10-28 13:56:26.821,3.3659496345444495,1.7010209801028395,0.04730662548718101,0.2235764650049532
2025-10-28 13:56:27.847,3.3659496345444495,1.7010999540452758,0.04943892193296051,0.22349749106251693
2025-10-28 13:56:28.872,3.3658706606020132,1.7004681625057856,0.047780469141798676,0.22247082981084532
2025-10-28 13:56:29.897,3.366028608486886,1.7009420061604033,0.047780469141798676,0.22302364740789926
2025-10-28 13:56:30.921,3.366423478199067,1.7004681625057856,0.05086045289681351,0.22420825654444343
2025-10-28 13:56:31.944,3.365791686659577,1.7018107195272023,0.0498337916451419,0.22349749106251693
2025-10-28 13:56:32.970,3.3658706606020132,1.7014948237574572,0.048175338853980065,0.22231288192597276
2025-10-28 13:56:33.995,3.3657127127171407,1.7015737976998935,0.0477014951993624,0.22318159529277182
2025-10-28 13:56:35.022,3.3659496345444495,1.7007050843330944,0.04849123462372518,0.22365543894738948
2025-10-28 13:56:36.048,3.3659496345444495,1.7007840582755307,0.04714867760230845,0.22547183962342388
2025-10-28 13:56:37.074,3.3657127127171407,1.7007840582755307,0.0469907297174359,0.22318159529277182
2025-10-28 13:56:38.100,3.365554764832268,1.7009420061604033,0.0484122606812889,0.22476107414149737
2025-10-28 13:56:39.126,3.3658706606020132,1.7015737976998935,0.04793841702667123,0.2239713347171346
2025-10-28 13:56:40.152,3.366028608486886,1.7010209801028395,0.04754354731448984,0.22302364740789926
2025-10-28 13:56:41.177,3.365475790889832,1.7012579019301484,0.048570208566161455,0.2225498037532816
2025-10-28 13:56:42.205,3.3661865563717583,1.7013368758725846,0.047780469141798676,0.22365543894738948
2025-10-28 13:56:43.231,3.3657127127171407,1.701178927987712,0.046753807890127064,0.2232605692352081
2025-10-28 13:56:44.258,3.3653968169473956,1.7005471364482219,0.04683278183256334,0.22389236077469832
2025-10-28 13:56:45.283,3.365554764832268,1.7016527716423298,0.050781478954377235,0.22436620442931599
2025-10-28 13:56:46.309,3.3651598951200867,1.700863032217967,0.04722765154474473,0.22333954317764437
2025-10-28 13:56:47.335,3.3648439993503416,1.7006261103906581,0.04762252125692612,0.2228656995230267
2025-10-28 13:56:48.363,3.3648439993503416,1.7016527716423298,0.04864918250859773,0.22436620442931599
2025-10-28 13:56:49.394,3.365238869062523,1.7009420061604033,0.048570208566161455,0.22436620442931599
2025-10-28 13:56:50.421,3.3647650254079053,1.700863032217967,0.04943892193296051,0.22586670933560526
2025-10-28 13:56:51.447,3.3651598951200867,1.701731745584766,0.05062353106950468,0.22389236077469832
2025-10-28 13:56:52.471,3.364922973292778,1.7009420061604033,0.04793841702667123,0.22270775163815415
2025-10-28 13:56:53.498,3.3648439993503416,1.7014948237574572,0.04801739096910751,0.22373441288982576
2025-10-28 13:56:54.523,3.364686051465469,1.7010209801028395,0.04935994799052423,0.2232605692352081
2025-10-28 13:56:55.549,3.3647650254079053,1.7010999540452758,0.0484122606812889,0.22262877769571787
2025-10-28 13:56:56.574,3.364922973292778,1.7013368758725846,0.04762252125692612,0.22420825654444343
2025-10-28 13:56:57.600,3.365238869062523,1.7009420061604033,0.048175338853980065,0.2235764650049532
2025-10-28 13:56:58.626,3.365001947235214,1.7009420061604033,0.04801739096910751,0.22405030865957087
2025-10-28 13:56:59.653,3.364686051465469,1.7018107195272023,0.04904405222077912,0.22381338683226204
2025-10-28 13:57:00.679,3.364922973292778,1.701415849815021,0.046674833947690786,0.22626157904778665
2025-10-28 13:57:01.706,3.364686051465469,1.701415849815021,0.04833328673885262,0.22436620442931599
2025-10-28 13:57:02.731,3.3645281035805965,1.7018896934696386,0.046753807890127064,0.22333954317764437
2025-10-28 13:57:03.757,3.364370155695724,1.7010999540452758,0.04659586000525451,0.22405030865957087
2025-10-28 13:57:04.782,3.364607077523033,1.7010209801028395,0.04762252125692612,0.22365543894738948
2025-10-28 13:57:05.808,3.364686051465469,1.7003891885633493,0.047464573372053565,0.22278672558059043
2025-10-28 13:57:06.834,3.364370155695724,1.7012579019301484,0.04691175577499962,0.2232605692352081
2025-10-28 13:57:07.859,3.3642911817532877,1.700310214620913,0.047464573372053565,0.22333954317764437
2025-10-28 13:57:08.886,3.3642122078108514,1.6033302133091638,0.04849123462372518,0.22318159529277182
2025-10-28 13:57:09.914,3.3648439993503416,1.701731745584766,0.048570208566161455,0.2225498037532816
2025-10-28 13:57:10.945,3.3642122078108514,1.7007050843330944,0.04738559942961729,0.2239713347171346
2025-10-28 13:57:11.972,3.364370155695724,1.700863032217967,0.04809636491154379,0.22270775163815415
2025-10-28 13:57:12.997,3.364133233868415,1.7010209801028395,0.04762252125692612,0.2232605692352081
2025-10-28 13:57:14.023,3.3642122078108514,1.7007050843330944,0.050781478954377235,0.22484004808393365
2025-10-28 13:57:15.048,3.3642122078108514,1.7010209801028395,0.04801739096910751,0.22460312625662482
2025-10-28 13:57:16.077,3.3642122078108514,1.701178927987712,0.049675843760269345,0.22247082981084532
2025-10-28 13:57:17.104,3.3642911817532877,1.700863032217967,0.04943892193296051,0.22389236077469832
2025-10-28 13:57:18.129,3.364370155695724,1.70228456318182,0.0505445571270684,0.22365543894738948
2025-10-28 13:57:19.154,3.364686051465469,1.701178927987712,0.047780469141798676,0.22294467346546298
2025-10-28 13:57:20.183,3.3642911817532877,1.7004681625057856,0.0477014951993624,0.22420825654444343
2025-10-28 13:57:21.210,3.3638963120411063,1.7014948237574572,0.047859443084234954,0.22223390798353648
2025-10-28 13:57:22.236,3.3642911817532877,1.7005471364482219,0.046674833947690786,0.22460312625662482
2025-10-28 13:57:23.262,3.364054259925979,1.6987307357721875,0.047069703659872175,0.2261036311629141
2025-10-28 13:57:24.287,3.3639752859835426,1.7010209801028395,0.047859443084234954,0.2239713347171346
2025-10-28 13:57:25.313,3.364054259925979,1.7015737976998935,0.047859443084234954,0.22247082981084532
2025-10-28 13:57:26.340,3.363580416271361,1.603962004848654,0.04659586000525451,0.22436620442931599
2025-10-28 13:57:27.366,3.3638963120411063,1.7010209801028395,0.04801739096910751,0.22594568327804154
2025-10-28 13:57:28.392,3.3636593902137975,1.7006261103906581,0.04793841702667123,0.22302364740789926
2025-10-28 13:57:29.418,3.36381733809867,1.628680848831209,0.047780469141798676,0.2228656995230267
2025-10-28 13:57:30.446,3.363501442328925,1.6032512393667275,0.047780469141798676,0.22405030865957087
2025-10-28 13:57:31.470,3.3637383641562337,1.6038040569637815,0.048965078278342844,0.2228656995230267
2025-10-28 13:57:32.496,3.3637383641562337,1.7010209801028395,0.046753807890127064,0.22436620442931599
2025-10-28 13:57:33.521,3.363501442328925,1.6041199527335266,0.048886104335906566,0.22365543894738948
2025-10-28 13:57:34.544,3.3633434944440523,1.700863032217967,0.0484122606812889,0.22365543894738948
2025-10-28 13:57:35.567,3.36318554655918,1.603962004848654,0.04833328673885262,0.22349749106251693
2025-10-28 13:57:36.591,3.3633434944440523,1.7012579019301484,0.0469907297174359,0.22381338683226204
2025-10-28 13:57:37.614,3.3633434944440523,1.7009420061604033,0.046674833947690786,0.2228656995230267
2025-10-28 13:57:38.637,3.36318554655918,1.6029353435969824,0.04793841702667123,0.22262877769571787
2025-10-28 13:57:39.661,3.362948624731871,1.6032512393667275,0.0469907297174359,0.2235764650049532
2025-10-28 13:57:40.686,3.3634224683864886,1.7016527716423298,0.04833328673885262,0.22302364740789926
2025-10-28 13:57:41.715,3.363501442328925,1.6033302133091638,0.050070713472450734,0.22231288192597276
2025-10-28 13:57:42.738,3.36318554655918,1.6034881611940364,0.04691175577499962,0.22270775163815415
2025-10-28 13:57:43.762,3.3634224683864886,1.6253639432488853,0.047859443084234954,0.22444517837175226
2025-10-28 13:57:44.785,3.3636593902137975,1.6034091872516,0.04991276558757818,0.225787735393169
2025-10-28 13:57:45.808,3.3634224683864886,1.6087004413948307,0.049675843760269345,0.22365543894738948
2025-10-28 13:57:46.838,3.363501442328925,1.603646109078909,0.04762252125692612,0.22262877769571787
2025-10-28 13:57:47.867,3.362711702904562,1.603646109078909,0.050070713472450734,0.22555081356586015
2025-10-28 13:57:48.894,3.363501442328925,1.7009420061604033,0.05022866135732329,0.22207596009866393
2025-10-28 13:57:49.917,3.36318554655918,1.6040409787910903,0.047859443084234954,0.22199698615622765
2025-10-28 13:57:50.940,3.3631065726167435,1.7005471364482219,0.0477014951993624,0.22420825654444343
2025-10-28 13:57:51.964,3.363264520501616,1.6349987642261112,0.04833328673885262,0.2249979959688062
2025-10-28 13:57:52.988,3.3628696507894347,1.7007840582755307,0.048175338853980065,0.2235764650049532
2025-10-28 13:57:54.018,3.36318554655918,1.7006261103906581,0.04722765154474473,0.22294467346546298
2025-10-28 13:57:55.048,3.362395807134817,1.6038040569637815,0.04793841702667123,0.22405030865957087
2025-10-28 13:57:56.079,3.362711702904562,1.7014948237574572,0.04659586000525451,0.2225498037532816
2025-10-28 13:57:57.104,3.3630275986743072,1.6035671351364726,0.0477014951993624,0.22405030865957087
2025-10-28 13:57:58.134,3.3630275986743072,1.603646109078909,0.04722765154474473,0.22373441288982576
2025-10-28 13:57:59.161,3.362632728962126,1.6035671351364726,0.047464573372053565,0.2246821001990611
2025-10-28 13:58:00.188,3.3625537550196896,1.603962004848654,0.05062353106950468,0.22412928260200715
2025-10-28 13:58:01.218,3.3623168331923807,1.6040409787910903,0.04651688606281823,0.2232605692352081
2025-10-28 13:58:02.244,3.3625537550196896,1.6038830309062178,0.0477014951993624,0.22381338683226204
2025-10-28 13:58:03.270,3.3625537550196896,1.6035671351364726,0.047069703659872175,0.22262877769571787
2025-10-28 13:58:04.295,3.362632728962126,1.603962004848654,0.05014968741488701,0.2225498037532816
2025-10-28 13:58:05.318,3.362632728962126,1.6032512393667275,0.04943892193296051,0.22278672558059043
2025-10-28 13:58:06.347,3.3623168331923807,1.701178927987712,0.04864918250859773,0.22373441288982576
2025-10-28 13:58:07.376,3.3625537550196896,1.603962004848654,0.0498337916451419,0.2221549340411002
2025-10-28 13:58:08.403,3.3623168331923807,1.6034091872516,0.0477014951993624,0.22365543894738948
2025-10-28 13:58:09.430,3.3624747810772533,1.6035671351364726,0.04825431279641634,0.22207596009866393
2025-10-28 13:58:10.460,3.3625537550196896,1.6033302133091638,0.046674833947690786,0.22302364740789926
2025-10-28 13:58:11.487,3.362158885307508,1.6038040569637815,0.04738559942961729,0.22349749106251693
2025-10-28 13:58:12.513,3.362158885307508,1.6033302133091638,0.04793841702667123,0.22302364740789926
2025-10-28 13:58:13.539,3.362711702904562,1.6029353435969824,0.0469907297174359,0.22302364740789926
2025-10-28 13:58:14.565,3.3620009374226356,1.6037250830213452,0.049280974048087955,0.22349749106251693
2025-10-28 13:58:15.590,3.3623168331923807,1.6034881611940364,0.0484122606812889,0.2249979959688062
2025-10-28 13:58:16.618,3.362632728962126,1.6037250830213452,0.0477014951993624,0.22310262135033554
2025-10-28 13:58:17.644,3.3628696507894347,1.6035671351364726,0.05022866135732329,0.2246821001990611
2025-10-28 13:58:18.672,3.362632728962126,1.6030143175394187,0.04825431279641634,0.22310262135033554
2025-10-28 13:58:19.698,3.3622378592499444,1.6034091872516,0.0477014951993624,0.22239185586840904
2025-10-28 13:58:20.724,3.3624747810772533,1.6034881611940364,0.04833328673885262,0.2261036311629141
2025-10-28 13:58:21.753,3.362158885307508,1.6027773957121099,0.04691175577499962,0.22318159529277182
2025-10-28 13:58:22.780,3.361842989537763,1.6034091872516,0.04651688606281823,0.22333954317764437
2025-10-28 13:58:23.806,3.362158885307508,1.603646109078909,0.04754354731448984,0.22333954317764437
2025-10-28 13:58:24.831,3.362395807134817,1.6034881611940364,0.048175338853980065,0.2225498037532816
2025-10-28 13:58:25.858,3.362158885307508,1.6038040569637815,0.04730662548718101,0.22270775163815415
2025-10-28 13:58:26.884,3.362632728962126,1.6034091872516,0.04730662548718101,0.22389236077469832
2025-10-28 13:58:27.911,3.362158885307508,1.6034881611940364,0.04691175577499962,0.2232605692352081
2025-10-28 13:58:28.939,3.3620009374226356,1.6041199527335266,0.04722765154474473,0.22484004808393365
2025-10-28 13:58:29.962,3.361764015595327,1.6034881611940364,0.04683278183256334,0.22412928260200715
2025-10-28 13:58:30.988,3.3616060677104542,1.603962004848654,0.04864918250859773,0.22420825654444343
2025-10-28 13:58:32.013,3.361527093768018,1.603962004848654,0.04809636491154379,0.2235764650049532
2025-10-28 13:58:33.038,3.3620009374226356,1.6035671351364726,0.049991739530014456,0.2232605692352081
2025-10-28 13:58:34.064,3.3616060677104542,1.6038830309062178,0.047464573372053565,0.22491902202636993
2025-10-28 13:58:35.089,3.361290171940709,1.6042779006183991,0.04730662548718101,0.22294467346546298
2025-10-28 13:58:36.114,3.3614481198255817,1.603962004848654,0.04659586000525451,0.22207596009866393
2025-10-28 13:58:37.140,3.3614481198255817,1.6038040569637815,0.046674833947690786,0.22270775163815415
2025-10-28 13:58:38.163,3.361290171940709,1.6034881611940364,0.0498337916451419,0.22381338683226204
2025-10-28 13:58:39.192,3.3613691458831454,1.6042779006183991,0.04730662548718101,0.2225498037532816
2025-10-28 13:58:40.219,3.361842989537763,1.6038830309062178,0.04762252125692612,0.22223390798353648
2025-10-28 13:58:41.244,3.3608163282860914,1.6032512393667275,0.04793841702667123,0.22626157904778665
2025-10-28 13:58:42.271,3.3610532501134003,1.6041199527335266,0.047464573372053565,0.2235764650049532
2025-10-28 13:58:43.298,3.3610532501134003,1.6045937963881443,0.04872815645103401,0.22262877769571787
2025-10-28 13:58:44.324,3.3608953022285277,1.6042779006183991,0.047780469141798676,0.22657747481753177
2025-10-28 13:58:45.351,3.3611322240558366,1.6040409787910903,0.0484122606812889,0.2228656995230267
2025-10-28 13:58:46.377,3.361290171940709,1.6038040569637815,0.04762252125692612,0.22476107414149737
2025-10-28 13:58:47.402,3.3611322240558366,1.6040409787910903,0.05022866135732329,0.22452415231418854
2025-10-28 13:58:48.431,3.360737354343655,1.6040409787910903,0.04762252125692612,0.22302364740789926
2025-10-28 13:58:49.455,3.3605794064587826,1.6032512393667275,0.04872815645103401,0.22341851712008065
2025-10-28 13:58:50.481,3.3608163282860914,1.603646109078909,0.046753807890127064,0.22381338683226204
2025-10-28 13:58:51.507,3.3610532501134003,1.6038040569637815,0.04754354731448984,0.22318159529277182
2025-10-28 13:58:52.532,3.3608163282860914,1.6041199527335266,0.0469907297174359,0.22239185586840904
2025-10-28 13:58:53.558,3.3610532501134003,1.6032512393667275,0.04793841702667123,0.2221549340411002
2025-10-28 13:58:54.589,3.360974276170964,1.6045937963881443,0.04738559942961729,0.2228656995230267
2025-10-28 13:58:55.617,3.3608163282860914,1.6041989266759629,0.048175338853980065,0.22278672558059043
2025-10-28 13:58:56.645,3.3608163282860914,1.6038830309062178,0.050781478954377235,0.22444517837175226
2025-10-28 13:58:57.671,3.3608953022285277,1.603646109078909,0.048175338853980065,0.2246821001990611
2025-10-28 13:58:58.697,3.3610532501134003,1.6034881611940364,0.04754354731448984,0.2232605692352081
2025-10-28 13:58:59.721,3.3605794064587826,1.6037250830213452,0.04659586000525451,0.22318159529277182
2025-10-28 13:59:00.747,3.360342484631474,1.6046727703305805,0.04722765154474473,0.22341851712008065
2025-10-28 13:59:01.775,3.360658380401219,1.6028563696545461,0.04691175577499962,0.22333954317764437
2025-10-28 13:59:02.802,3.3605004325163463,1.6032512393667275,0.0477014951993624,0.22381338683226204
2025-10-28 13:59:03.829,3.360342484631474,1.6029353435969824,0.048570208566161455,0.22389236077469832
2025-10-28 13:59:04.855,3.360342484631474,1.6040409787910903,0.04691175577499962,0.22223390798353648
2025-10-28 13:59:05.878,3.3605794064587826,1.604514822445708,0.04809636491154379,0.22278672558059043
2025-10-28 13:59:06.901,3.36042145857391,1.6034881611940364,0.046674833947690786,0.2239713347171346
2025-10-28 13:59:07.927,3.3601845367466012,1.6034881611940364,0.04920200010565168,0.2232605692352081
2025-10-28 13:59:08.954,3.360342484631474,1.6033302133091638,0.0484122606812889,0.22420825654444343
2025-10-28 13:59:09.981,3.3600265888617287,1.6032512393667275,0.0477014951993624,0.2228656995230267
2025-10-28 13:59:11.009,3.360105562804165,1.6034881611940364,0.048570208566161455,0.22341851712008065
2025-10-28 13:59:12.035,3.3602635106890375,1.6041199527335266,0.04904405222077912,0.22436620442931599
2025-10-28 13:59:13.061,3.3601845367466012,1.6033302133091638,0.04754354731448984,0.22389236077469832
2025-10-28 13:59:14.086,3.360658380401219,1.603962004848654,0.04738559942961729,0.22444517837175226
2025-10-28 13:59:15.112,3.360342484631474,1.603962004848654,0.04762252125692612,0.22341851712008065
2025-10-28 13:59:16.139,3.3605794064587826,1.6034881611940364,0.0491230261632154,0.2242872304868797
2025-10-28 13:59:17.166,3.36042145857391,1.6037250830213452,0.0505445571270684,0.22381338683226204
2025-10-28 13:59:18.193,3.3605004325163463,1.6038830309062178,0.05022866135732329,0.2221549340411002
2025-10-28 13:59:19.218,3.3601845367466012,1.6042779006183991,0.04825431279641634,0.22231288192597276
2025-10-28 13:59:20.241,3.3599476149192924,1.6038040569637815,0.04738559942961729,0.22373441288982576
2025-10-28 13:59:21.271,3.359868640976856,1.6035671351364726,0.0484122606812889,0.22365543894738948
2025-10-28 13:59:22.297,3.3597106930919836,1.6041199527335266,0.047859443084234954,0.2225498037532816
2025-10-28 13:59:23.323,3.3600265888617287,1.6032512393667275,0.04659586000525451,0.22452415231418854
2025-10-28 13:59:24.350,3.3596317191495473,1.6044358485032717,0.04833328673885262,0.22476107414149737
2025-10-28 13:59:25.376,3.3597106930919836,1.6034881611940364,0.047069703659872175,0.22436620442931599
2025-10-28 13:59:26.401,3.35978966703442,1.6038040569637815,0.04793841702667123,0.22247082981084532
2025-10-28 13:59:27.426,3.3600265888617287,1.6044358485032717,0.0484122606812889,0.22420825654444343
2025-10-28 13:59:28.452,3.3599476149192924,1.6040409787910903,0.04722765154474473,0.2225498037532816
2025-10-28 13:59:29.478,3.360105562804165,1.6035671351364726,0.04951789587539679,0.2228656995230267
2025-10-28 13:59:30.503,3.3600265888617287,1.6045937963881443,0.04904405222077912,0.22373441288982576
2025-10-28 13:59:31.530,3.3600265888617287,1.6040409787910903,0.05086045289681351,0.2228656995230267
2025-10-28 13:59:32.557,3.3594737712646747,1.6034881611940364,0.04809636491154379,0.22373441288982576
2025-10-28 13:59:33.582,3.3596317191495473,1.6034091872516,0.04793841702667123,0.2232605692352081
2025-10-28 13:59:34.609,3.3596317191495473,1.6038830309062178,0.04714867760230845,0.22341851712008065
2025-10-28 13:59:35.637,3.3596317191495473,1.6041989266759629,0.04793841702667123,0.22270775163815415
2025-10-28 13:59:36.662,3.3593947973222384,1.6038830309062178,0.05022866135732329,0.22547183962342388
2025-10-28 13:59:37.686,3.359315823379802,1.6027773957121099,0.04975481770270562,0.22523491779611504
2025-10-28 13:59:38.713,3.3594737712646747,1.6037250830213452,0.04691175577499962,0.22294467346546298
2025-10-28 13:59:39.737,3.3594737712646747,1.6037250830213452,0.049675843760269345,0.22373441288982576
2025-10-28 13:59:40.763,3.359315823379802,1.6038830309062178,0.04659586000525451,0.2239713347171346
2025-10-28 13:59:41.791,3.3594737712646747,1.603962004848654,0.048886104335906566,0.22262877769571787
2025-10-28 13:59:42.819,3.359552745207111,1.6034091872516,0.04833328673885262,0.22247082981084532
2025-10-28 13:59:43.847,3.359236849437366,1.6035671351364726,0.04738559942961729,0.2235764650049532
2025-10-28 13:59:44.876,3.359315823379802,1.6033302133091638,0.04651688606281823,0.2232605692352081
2025-10-28 13:59:45.903,3.359236849437366,1.603962004848654,0.05022866135732329,0.22341851712008065
2025-10-28 13:59:46.928,3.359315823379802,1.6042779006183991,0.04730662548718101,0.22436620442931599
2025-10-28 13:59:47.956,3.359236849437366,1.6034881611940364,0.04754354731448984,0.2239713347171346
2025-10-28 13:59:48.985,3.358684031840312,1.603962004848654,0.047859443084234954,0.22586670933560526
2025-10-28 13:59:50.013,3.359236849437366,1.6034091872516,0.04849123462372518,0.22389236077469832
2025-10-28 13:59:51.040,3.3591578754949296,1.6035671351364726,0.0469907297174359,0.22239185586840904
2025-10-28 13:59:52.065,3.3591578754949296,1.6034091872516,0.047069703659872175,0.2239713347171346
2025-10-28 13:59:53.090,3.358999927610057,1.6033302133091638,0.0505445571270684,0.22333954317764437
2025-10-28 13:59:54.115,3.358999927610057,1.6033302133091638,0.04754354731448984,0.22223390798353648
2025-10-28 13:59:55.145,3.358999927610057,1.6027773957121099,0.046674833947690786,0.22341851712008065
2025-10-28 13:59:56.170,3.3588419797251845,1.6032512393667275,0.04762252125692612,0.22333954317764437
2025-10-28 13:59:57.196,3.358684031840312,1.6038830309062178,0.0469907297174359,0.22381338683226204
2025-10-28 13:59:58.222,3.3588419797251845,1.6034881611940364,0.04738559942961729,0.22460312625662482
2025-10-28 13:59:59.251,3.3588419797251845,1.6035671351364726,0.05014968741488701,0.22349749106251693
2025-10-28 14:00:00.277,3.3588419797251845,1.6034881611940364,0.046674833947690786,0.22262877769571787
2025-10-28 14:00:01.306,3.3587630057827482,1.6038040569637815,0.04825431279641634,0.22436620442931599
2025-10-28 14:00:02.332,3.359315823379802,1.6038040569637815,0.04738559942961729,0.22365543894738948
2025-10-28 14:00:03.359,3.3590789015524933,1.6034091872516,0.04809636491154379,0.2228656995230267
2025-10-28 14:00:04.387,3.358999927610057,1.6031722654242913,0.05070250501194096,0.22586670933560526
2025-10-28 14:00:05.413,3.358684031840312,1.6035671351364726,0.04833328673885262,0.22484004808393365
2025-10-28 14:00:06.439,3.358999927610057,1.6041199527335266,0.0469907297174359,0.22412928260200715
2025-10-28 14:00:07.465,3.3590789015524933,1.6035671351364726,0.04849123462372518,0.22523491779611504
2025-10-28 14:00:08.494,3.358684031840312,1.6041989266759629,0.0484122606812889,0.22302364740789926
2025-10-28 14:00:09.521,3.3587630057827482,1.6033302133091638,0.047859443084234954,0.22294467346546298
2025-10-28 14:00:10.544,3.358684031840312,1.6031722654242913,0.04683278183256334,0.22444517837175226
2025-10-28 14:00:11.573,3.3585260839554394,1.6038040569637815,0.049991739530014456,0.2225498037532816
2025-10-28 14:00:12.600,3.358920953667621,1.6032512393667275,0.047780469141798676,0.2218390382713551
2025-10-28 14:00:13.625,3.3587630057827482,1.6044358485032717,0.04801739096910751,0.22594568327804154
2025-10-28 14:00:14.649,3.358131214243258,1.603093291481855,0.05062353106950468,0.22349749106251693
2025-10-28 14:00:15.673,3.3582101881856943,1.6038040569637815,0.04691175577499962,0.2239713347171346
2025-10-28 14:00:16.701,3.3588419797251845,1.6041199527335266,0.047780469141798676,0.22262877769571787
2025-10-28 14:00:17.727,3.3582101881856943,1.6031722654242913,0.0484122606812889,0.22405030865957087
2025-10-28 14:00:18.755,3.3586050578978757,1.6033302133091638,0.04825431279641634,0.2235764650049532
2025-10-28 14:00:19.783,3.3579732663583854,1.6026984217696736,0.04762252125692612,0.22349749106251693
2025-10-28 14:00:20.810,3.3580522403008217,1.603646109078909,0.04754354731448984,0.22531389173855132
2025-10-28 14:00:21.835,3.3579732663583854,1.6034881611940364,0.048175338853980065,0.22270775163815415
2025-10-28 14:00:22.861,3.357894292415949,1.6033302133091638,0.0469907297174359,0.22207596009866393
2025-10-28 14:00:23.887,3.357894292415949,1.6042779006183991,0.04872815645103401,0.22452415231418854
2025-10-28 14:00:24.913,3.358368136070567,1.6038040569637815,0.04762252125692612,0.22333954317764437
2025-10-28 14:00:25.938,3.3579732663583854,1.604514822445708,0.04738559942961729,0.2235764650049532
2025-10-28 14:00:26.966,3.3580522403008217,1.6040409787910903,0.05030763529975957,0.2261036311629141
2025-10-28 14:00:27.995,3.3582891621281306,1.6032512393667275,0.04714867760230845,0.22333954317764437
2025-10-28 14:00:29.020,3.357894292415949,1.6038040569637815,0.04691175577499962,0.22270775163815415
2025-10-28 14:00:30.045,3.357894292415949,1.604514822445708,0.04754354731448984,0.2242872304868797
2025-10-28 14:00:31.071,3.3582891621281306,1.6032512393667275,0.04722765154474473,0.2235764650049532
2025-10-28 14:00:32.098,3.3582101881856943,1.6034091872516,0.04801739096910751,0.22310262135033554
2025-10-28 14:00:33.124,3.357815318473513,1.6037250830213452,0.04643791212038195,0.22349749106251693
2025-10-28 14:00:34.152,3.3582891621281306,1.6037250830213452,0.047464573372053565,0.22341851712008065
2025-10-28 14:00:35.177,3.3574994227037678,1.6038830309062178,0.04904405222077912,0.2232605692352081
2025-10-28 14:00:36.206,3.3574994227037678,1.6038040569637815,0.047069703659872175,0.22452415231418854
2025-10-28 14:00:37.232,3.3579732663583854,1.6034091872516,0.04730662548718101,0.22523491779611504
2025-10-28 14:00:38.259,3.358131214243258,1.6029353435969824,0.04920200010565168,0.22239185586840904
2025-10-28 14:00:39.285,3.3576573705886403,1.603093291481855,0.048886104335906566,0.2235764650049532
2025-10-28 14:00:40.312,3.3571045529915864,1.603646109078909,0.0484122606812889,0.22365543894738948
2025-10-28 14:00:41.339,3.357815318473513,1.6038830309062178,0.04801739096910751,0.22405030865957087
2025-10-28 14:00:42.364,3.3574204487613315,1.603646109078909,0.047780469141798676,0.22373441288982576
2025-10-28 14:00:43.391,3.357578396646204,1.603962004848654,0.04722765154474473,0.22333954317764437
2025-10-28 14:00:44.419,3.357341474818895,1.6041989266759629,0.0469907297174359,0.22452415231418854
2025-10-28 14:00:45.444,3.3574204487613315,1.6032512393667275,0.049675843760269345,0.22365543894738948
2025-10-28 14:00:46.472,3.3580522403008217,1.6032512393667275,0.04738559942961729,0.22405030865957087
2025-10-28 14:00:47.499,3.3574994227037678,1.6034881611940364,0.04793841702667123,0.22294467346546298
2025-10-28 14:00:48.521,3.357262500876459,1.6034881611940364,0.04651688606281823,0.22191801221379137
2025-10-28 14:00:49.547,3.3571045529915864,1.6035671351364726,0.04809636491154379,0.22341851712008065
2025-10-28 14:00:50.575,3.3574204487613315,1.6038830309062178,0.04991276558757818,0.2235764650049532
2025-10-28 14:00:51.600,3.357341474818895,1.6037250830213452,0.04801739096910751,0.22381338683226204
2025-10-28 14:00:52.625,3.3568676311642776,1.6034881611940364,0.04651688606281823,0.22310262135033554
2025-10-28 14:00:53.657,3.357341474818895,1.6045937963881443,0.04762252125692612,0.22294467346546298
2025-10-28 14:00:54.681,3.3574204487613315,1.603646109078909,0.04754354731448984,0.2235764650049532
2025-10-28 14:00:55.706,3.357341474818895,1.6034091872516,0.04659586000525451,0.2246821001990611
2025-10-28 14:00:56.729,3.357262500876459,1.6033302133091638,0.04959686981783307,0.22381338683226204
2025-10-28 14:00:57.753,3.357341474818895,1.604514822445708,0.04738559942961729,0.22381338683226204
2025-10-28 14:00:58.775,3.3568676311642776,1.6031722654242913,0.05014968741488701,0.22310262135033554
2025-10-28 14:00:59.799,3.357341474818895,1.603646109078909,0.04793841702667123,0.22270775163815415
2025-10-28 14:01:00.822,3.356946605106714,1.6034881611940364,0.048175338853980065,0.22491902202636993
2025-10-28 14:01:01.850,3.35702557904915,1.603646109078909,0.047464573372053565,0.22333954317764437
2025-10-28 14:01:02.878,3.3568676311642776,1.6041989266759629,0.04833328673885262,0.2235764650049532
2025-10-28 14:01:03.902,3.356472761452096,1.6033302133091638,0.046674833947690786,0.22247082981084532
2025-10-28 14:01:04.926,3.3566307093369687,1.6035671351364726,0.047859443084234954,0.22381338683226204
2025-10-28 14:01:05.948,3.356709683279405,1.603962004848654,0.04825431279641634,0.22452415231418854
2025-10-28 14:01:06.971,3.356709683279405,1.6038830309062178,0.05030763529975957,0.2239713347171346
2025-10-28 14:01:07.994,3.3567886572218413,1.6034881611940364,0.04833328673885262,0.22294467346546298
2025-10-28 14:01:09.023,3.3565517353945324,1.6031722654242913,0.04691175577499962,0.22247082981084532
2025-10-28 14:01:10.052,3.355919943855042,1.603093291481855,0.04825431279641634,0.22318159529277182
2025-10-28 14:01:11.081,3.3565517353945324,1.6049886661003256,0.04801739096910751,0.22302364740789926
2025-10-28 14:01:12.104,3.3568676311642776,1.603646109078909,0.046674833947690786,0.22239185586840904
2025-10-28 14:01:13.127,3.3563148135672236,1.6034881611940364,0.04754354731448984,0.2235764650049532
2025-10-28 14:01:14.151,3.3562358396247873,1.603646109078909,0.04809636491154379,0.22436620442931599
2025-10-28 14:01:15.179,3.356472761452096,1.6041199527335266,0.0477014951993624,0.22349749106251693
2025-10-28 14:01:16.213,3.3566307093369687,1.6037250830213452,0.04738559942961729,0.22310262135033554
2025-10-28 14:01:17.241,3.356472761452096,1.6044358485032717,0.04943892193296051,0.22270775163815415
2025-10-28 14:01:18.266,3.356709683279405,1.603646109078909,0.046753807890127064,0.22405030865957087
2025-10-28 14:01:19.291,3.3557619959701697,1.6037250830213452,0.04920200010565168,0.2228656995230267
2025-10-28 14:01:20.317,3.356156865682351,1.6035671351364726,0.04801739096910751,0.22223390798353648
2025-10-28 14:01:21.342,3.355919943855042,1.6031722654242913,0.04683278183256334,0.22207596009866393
2025-10-28 14:01:22.369,3.3556830220277334,1.6030143175394187,0.048570208566161455,0.22373441288982576
2025-10-28 14:01:23.394,3.355604048085297,1.603962004848654,0.04754354731448984,0.22318159529277182
2025-10-28 14:01:24.421,3.355840969912606,1.6033302133091638,0.04793841702667123,0.2221549340411002
2025-10-28 14:01:25.449,3.355840969912606,1.6038040569637815,0.04722765154474473,0.22405030865957087
2025-10-28 14:01:26.476,3.355919943855042,1.6032512393667275,0.04683278183256334,0.22270775163815415
2025-10-28 14:01:27.499,3.356156865682351,1.6038040569637815,0.046674833947690786,0.22389236077469832
2025-10-28 14:01:28.524,3.3557619959701697,1.6038830309062178,0.046358938177945674,0.22278672558059043
2025-10-28 14:01:29.550,3.355525074142861,1.6049886661003256,0.04738559942961729,0.22452415231418854
2025-10-28 14:01:30.576,3.356156865682351,1.6046727703305805,0.04833328673885262,0.22247082981084532
2025-10-28 14:01:31.601,3.3553671262579883,1.6029353435969824,0.04872815645103401,0.2235764650049532
2025-10-28 14:01:32.630,3.3560778917399148,1.6046727703305805,0.05046558318463212,0.22602465722047782
2025-10-28 14:01:33.654,3.3556830220277334,1.6046727703305805,0.04849123462372518,0.22294467346546298
2025-10-28 14:01:34.684,3.3554461002004246,1.6035671351364726,0.04762252125692612,0.22199698615622765
2025-10-28 14:01:35.710,3.355840969912606,1.6034881611940364,0.047464573372053565,0.22444517837175226
2025-10-28 14:01:36.735,3.355288152315552,1.6037250830213452,0.047069703659872175,0.22436620442931599
2025-10-28 14:01:37.760,3.3553671262579883,1.6045937963881443,0.0477014951993624,0.22333954317764437
2025-10-28 14:01:38.789,3.355919943855042,1.6035671351364726,0.0469907297174359,0.22491902202636993
2025-10-28 14:01:39.814,3.3554461002004246,1.6032512393667275,0.048175338853980065,0.22310262135033554
2025-10-28 14:01:40.840,3.3553671262579883,1.6038830309062178,0.048886104335906566,0.22278672558059043
2025-10-28 14:01:41.865,3.355604048085297,1.6033302133091638,0.047859443084234954,0.2228656995230267
2025-10-28 14:01:42.892,3.3552091783731157,1.603646109078909,0.04864918250859773,0.22302364740789926
2025-10-28 14:01:43.920,3.355525074142861,1.6034091872516,0.04849123462372518,0.22365543894738948
2025-10-28 14:01:44.946,3.3552091783731157,1.6041199527335266,0.046674833947690786,0.22302364740789926
2025-10-28 14:01:45.973,3.3551302044306794,1.6033302133091638,0.050386609242195846,0.2232605692352081
2025-10-28 14:01:46.998,3.3554461002004246,1.6034091872516,0.048175338853980065,0.2225498037532816
2025-10-28 14:01:48.023,3.3553671262579883,1.6038830309062178,0.04793841702667123,0.2221549340411002
2025-10-28 14:01:49.046,3.3556830220277334,1.6043568745608354,0.050070713472450734,0.22460312625662482
2025-10-28 14:01:50.072,3.3554461002004246,1.603962004848654,0.048570208566161455,0.22365543894738948
2025-10-28 14:01:51.098,3.3552091783731157,1.6035671351364726,0.05022866135732329,0.22381338683226204
2025-10-28 14:01:52.125,3.355051230488243,1.603093291481855,0.04683278183256334,0.22278672558059043
2025-10-28 14:01:53.152,3.354972256545807,1.6035671351364726,0.0477014951993624,0.22412928260200715
2025-10-28 14:01:54.178,3.3551302044306794,1.603093291481855,0.05022866135732329,0.2221549340411002
2025-10-28 14:01:55.206,3.3551302044306794,1.6043568745608354,0.04651688606281823,0.2228656995230267
2025-10-28 14:01:56.235,3.354972256545807,1.6047517442730168,0.04849123462372518,0.22365543894738948
2025-10-28 14:01:57.261,3.354972256545807,1.6032512393667275,0.04935994799052423,0.22247082981084532
2025-10-28 14:01:58.286,3.355051230488243,1.603962004848654,0.04754354731448984,0.22405030865957087
2025-10-28 14:01:59.311,3.3546563607760618,1.6043568745608354,0.04833328673885262,0.22531389173855132
2025-10-28 14:02:00.339,3.355051230488243,1.6035671351364726,0.04801739096910751,0.2225498037532816
2025-10-28 14:02:01.366,3.3546563607760618,1.6035671351364726,0.04951789587539679,0.22318159529277182
2025-10-28 14:02:02.395,3.354735334718498,1.6031722654242913,0.049675843760269345,0.22412928260200715
2025-10-28 14:02:03.422,3.3546563607760618,1.6042779006183991,0.047780469141798676,0.22452415231418854
2025-10-28 14:02:04.448,3.355051230488243,1.6034881611940364,0.048886104335906566,0.22626157904778665
2025-10-28 14:02:05.477,3.3542614910638804,1.6042779006183991,0.04825431279641634,0.22302364740789926
2025-10-28 14:02:06.507,3.354735334718498,1.603962004848654,0.04659586000525451,0.2232605692352081
2025-10-28 14:02:07.531,3.354419438948753,1.6041989266759629,0.047464573372053565,0.22381338683226204
2025-10-28 14:02:08.560,3.3546563607760618,1.6030143175394187,0.047859443084234954,0.2235764650049532
2025-10-28 14:02:09.588,3.354419438948753,1.6035671351364726,0.047780469141798676,0.22405030865957087
2025-10-28 14:02:10.620,3.3546563607760618,1.6037250830213452,0.04849123462372518,0.22278672558059043
2025-10-28 14:02:11.648,3.3542614910638804,1.6032512393667275,0.04801739096910751,0.22476107414149737
2025-10-28 14:02:12.676,3.354498412891189,1.6041199527335266,0.04793841702667123,0.2232605692352081
2025-10-28 14:02:13.703,3.354735334718498,1.603646109078909,0.04975481770270562,0.22318159529277182
2025-10-28 14:02:14.731,3.354419438948753,1.6038830309062178,0.0484122606812889,0.22381338683226204
2025-10-28 14:02:15.757,3.3542614910638804,1.603646109078909,0.04722765154474473,0.22531389173855132
2025-10-28 14:02:16.783,3.3542614910638804,1.6042779006183991,0.0469907297174359,0.2221549340411002
2025-10-28 14:02:17.807,3.3542614910638804,1.6034091872516,0.046358938177945674,0.22294467346546298
2025-10-28 14:02:18.832,3.3546563607760618,1.6042779006183991,0.04849123462372518,0.22586670933560526
2025-10-28 14:02:19.858,3.3546563607760618,1.6040409787910903,0.04825431279641634,0.22231288192597276
2025-10-28 14:02:20.883,3.3542614910638804,1.603646109078909,0.04801739096910751,0.22278672558059043
2025-10-28 14:02:21.911,3.3540245692365716,1.6041199527335266,0.04872815645103401,0.22420825654444343
2025-10-28 14:02:22.940,3.3540245692365716,1.6041199527335266,0.04722765154474473,0.22302364740789926
2025-10-28 14:02:23.967,3.354103543179008,1.6042779006183991,0.04825431279641634,0.2228656995230267
2025-10-28 14:02:24.992,3.354419438948753,1.6034881611940364,0.04951789587539679,0.22491902202636993
2025-10-28 14:02:26.017,3.353866621351699,1.6038040569637815,0.05030763529975957,0.2257087614507327
2025-10-28 14:02:27.042,3.3539455952941353,1.6035671351364726,0.046753807890127064,0.22239185586840904
2025-10-28 14:02:28.067,3.3540245692365716,1.603646109078909,0.04754354731448984,0.22318159529277182
2025-10-28 14:02:29.093,3.353550725581954,1.603962004848654,0.04730662548718101,0.22341851712008065
2025-10-28 14:02:30.119,3.3542614910638804,1.6041989266759629,0.04754354731448984,0.22231288192597276
2025-10-28 14:02:31.145,3.353866621351699,1.6040409787910903,0.046674833947690786,0.22191801221379137
2025-10-28 14:02:32.173,3.35362969952439,1.603962004848654,0.04833328673885262,0.22405030865957087
2025-10-28 14:02:33.201,3.3542614910638804,1.6030143175394187,0.04880713039347029,0.2228656995230267
2025-10-28 14:02:34.227,3.353866621351699,1.6023825259999285,0.04651688606281823,0.22262877769571787
2025-10-28 14:02:35.253,3.3537086734668264,1.6042779006183991,0.047780469141798676,0.2235764650049532
2025-10-28 14:02:36.279,3.3543404650063167,1.6037250830213452,0.04730662548718101,0.22341851712008065
2025-10-28 14:02:37.305,3.3540245692365716,1.6038830309062178,0.04801739096910751,0.22310262135033554
2025-10-28 14:02:38.331,3.3539455952941353,1.6038830309062178,0.04754354731448984,0.22420825654444343
2025-10-28 14:02:39.360,3.3537876474092627,1.6041199527335266,0.046674833947690786,0.22333954317764437
2025-10-28 14:02:40.385,3.3537086734668264,1.6035671351364726,0.04754354731448984,0.22294467346546298
2025-10-28 14:02:41.411,3.3534717516395176,1.6034091872516,0.04849123462372518,0.2239713347171346
2025-10-28 14:02:42.439,3.3533927776970813,1.6037250830213452,0.04833328673885262,0.22389236077469832
2025-10-28 14:02:43.468,3.3534717516395176,1.603646109078909,0.05030763529975957,0.22444517837175226
2025-10-28 14:02:44.497,3.353866621351699,1.6035671351364726,0.0469907297174359,0.2228656995230267
2025-10-28 14:02:45.523,3.3533927776970813,1.6038040569637815,0.047859443084234954,0.22294467346546298
2025-10-28 14:02:46.549,3.3531558558697725,1.6032512393667275,0.04691175577499962,0.22507696991124249
2025-10-28 14:02:47.574,3.352760986157591,1.6035671351364726,0.047069703659872175,0.22389236077469832
2025-10-28 14:02:48.601,3.3529189340424637,1.6035671351364726,0.047859443084234954,0.2246821001990611
2025-10-28 14:02:49.627,3.353076881927336,1.603646109078909,0.04651688606281823,0.22491902202636993
2025-10-28 14:02:50.655,3.3534717516395176,1.603962004848654,0.04722765154474473,0.22389236077469832
2025-10-28 14:02:51.680,3.352682012215155,1.6038830309062178,0.05030763529975957,0.22302364740789926
2025-10-28 14:02:52.708,3.3529189340424637,1.6047517442730168,0.04738559942961729,0.22318159529277182
2025-10-28 14:02:53.733,3.352760986157591,1.6041199527335266,0.048886104335906566,0.22436620442931599
2025-10-28 14:02:54.762,3.353076881927336,1.603646109078909,0.046674833947690786,0.22349749106251693
2025-10-28 14:02:55.787,3.352760986157591,1.6034091872516,0.04738559942961729,0.22405030865957087
2025-10-28 14:02:56.815,3.352760986157591,1.6027773957121099,0.04738559942961729,0.22523491779611504
2025-10-28 14:02:57.842,3.3532348298122088,1.6035671351364726,0.04793841702667123,0.22412928260200715
2025-10-28 14:02:58.868,3.352682012215155,1.6035671351364726,0.04793841702667123,0.22373441288982576
2025-10-28 14:02:59.894,3.3523661164454097,1.6030143175394187,0.049280974048087955,0.22523491779611504
2025-10-28 14:03:00.920,3.3529189340424637,1.6034881611940364,0.04825431279641634,0.22207596009866393
2025-10-28 14:03:01.947,3.352445090387846,1.6044358485032717,0.047780469141798676,0.22405030865957087
2025-10-28 14:03:02.973,3.352682012215155,1.6035671351364726,0.05070250501194096,0.22341851712008065
2025-10-28 14:03:03.999,3.353076881927336,1.6034091872516,0.047464573372053565,0.22436620442931599
2025-10-28 14:03:05.025,3.3525240643302823,1.6041199527335266,0.04683278183256334,0.22239185586840904
2025-10-28 14:03:06.052,3.3528399601000274,1.6038040569637815,0.04762252125692612,0.22349749106251693
2025-10-28 14:03:07.078,3.3531558558697725,1.6041989266759629,0.04809636491154379,0.2235764650049532
2025-10-28 14:03:08.106,3.3525240643302823,1.6040409787910903,0.04730662548718101,0.22278672558059043
2025-10-28 14:03:09.155,3.3528399601000274,1.603962004848654,0.04730662548718101,0.2239713347171346
2025-10-28 14:03:10.183,3.3526030382727185,1.6037250830213452,0.050070713472450734,0.22373441288982576
2025-10-28 14:03:11.212,3.3526030382727185,1.6033302133091638,0.04754354731448984,0.22302364740789926
2025-10-28 14:03:12.242,3.3526030382727185,1.6041199527335266,0.04943892193296051,0.22270775163815415
2025-10-28 14:03:13.271,3.3520502206756646,1.6040409787910903,0.04738559942961729,0.22460312625662482
2025-10-28 14:03:14.299,3.352760986157591,1.603646109078909,0.04904405222077912,0.22302364740789926
2025-10-28 14:03:15.327,3.3522871425029734,1.6031722654242913,0.04754354731448984,0.22310262135033554
2025-10-28 14:03:16.357,3.3520502206756646,1.6042779006183991,0.04730662548718101,0.2246821001990611
2025-10-28 14:03:17.383,3.352208168560537,1.6034091872516,0.04809636491154379,0.22247082981084532
2025-10-28 14:03:18.408,3.3523661164454097,1.603093291481855,0.046753807890127064,0.22302364740789926
2025-10-28 14:03:19.433,3.352208168560537,1.604514822445708,0.04762252125692612,0.22436620442931599
2025-10-28 14:03:20.459,3.3518132988483558,1.6041989266759629,0.049280974048087955,0.22484004808393365
2025-10-28 14:03:21.482,3.351892272790792,1.603646109078909,0.04683278183256334,0.22278672558059043
2025-10-28 14:03:22.506,3.3517343249059195,1.6040409787910903,0.046753807890127064,0.2242872304868797
2025-10-28 14:03:23.532,3.3517343249059195,1.6030143175394187,0.047859443084234954,0.2253928656809876
2025-10-28 14:03:24.558,3.3514184291361744,1.6037250830213452,0.04730662548718101,0.2235764650049532
2025-10-28 14:03:25.583,3.351576377021047,1.6035671351364726,0.04920200010565168,0.2228656995230267
2025-10-28 14:03:26.612,3.3514184291361744,1.6032512393667275,0.0484122606812889,0.22484004808393365
2025-10-28 14:03:27.640,3.351339455193738,1.6035671351364726,0.04809636491154379,0.22199698615622765
2025-10-28 14:03:28.665,3.3514974030786107,1.6034881611940364,0.04754354731448984,0.22381338683226204
2025-10-28 14:03:29.692,3.3511815073088655,1.6043568745608354,0.04904405222077912,0.22531389173855132
2025-10-28 14:03:30.718,3.3517343249059195,1.6034881611940364,0.04691175577499962,0.22523491779611504
2025-10-28 14:03:31.743,3.351576377021047,1.6038830309062178,0.047859443084234954,0.22262877769571787
2025-10-28 14:03:32.770,3.3517343249059195,1.6040409787910903,0.049675843760269345,0.22381338683226204
2025-10-28 14:03:33.798,3.3514184291361744,1.6041199527335266,0.04849123462372518,0.22294467346546298
2025-10-28 14:03:34.824,3.351892272790792,1.6027773957121099,0.048570208566161455,0.22310262135033554
2025-10-28 14:03:35.851,3.3517343249059195,1.6040409787910903,0.04691175577499962,0.22452415231418854
2025-10-28 14:03:36.878,3.3514974030786107,1.6032512393667275,0.0484122606812889,0.22365543894738948
2025-10-28 14:03:37.903,3.3511025333664293,1.6041199527335266,0.0477014951993624,0.22247082981084532
2025-10-28 14:03:38.929,3.351260481251302,1.6040409787910903,0.0498337916451419,0.22294467346546298
2025-10-28 14:03:39.956,3.351576377021047,1.603962004848654,0.04833328673885262,0.22381338683226204
2025-10-28 14:03:40.981,3.3511815073088655,1.6045937963881443,0.04683278183256334,0.22333954317764437
2025-10-28 14:03:42.006,3.351260481251302,1.6034091872516,0.047859443084234954,0.2239713347171346
2025-10-28 14:03:43.030,3.3511815073088655,1.6032512393667275,0.047780469141798676,0.22373441288982576
2025-10-28 14:03:44.060,3.3514974030786107,1.603646109078909,0.04722765154474473,0.2249979959688062
2025-10-28 14:03:45.087,3.3509445854815567,1.6035671351364726,0.04659586000525451,0.22223390798353648
2025-10-28 14:03:46.116,3.350786637596684,1.6037250830213452,0.049675843760269345,0.2242872304868797
2025-10-28 14:03:47.142,3.351339455193738,1.603962004848654,0.04683278183256334,0.2242872304868797
2025-10-28 14:03:48.168,3.350786637596684,1.603646109078909,0.047859443084234954,0.22247082981084532
2025-10-28 14:03:49.194,3.350786637596684,1.6034881611940364,0.04722765154474473,0.22381338683226204
2025-10-28 14:03:50.219,3.350786637596684,1.6032512393667275,0.048175338853980065,0.22365543894738948
2025-10-28 14:03:51.242,3.3509445854815567,1.6031722654242913,0.04809636491154379,0.22318159529277182
2025-10-28 14:03:52.270,3.3505497157693753,1.6038830309062178,0.04762252125692612,0.2235764650049532
2025-10-28 14:03:53.296,3.3511025333664293,1.603646109078909,0.04738559942961729,0.22262877769571787
2025-10-28 14:03:54.322,3.3503917678845028,1.6046727703305805,0.046753807890127064,0.22294467346546298
2025-10-28 14:03:55.348,3.3509445854815567,1.6032512393667275,0.04683278183256334,0.2225498037532816
2025-10-28 14:03:56.375,3.3505497157693753,1.6033302133091638,0.04730662548718101,0.22602465722047782
2025-10-28 14:03:57.404,3.3506286897118116,1.6040409787910903,0.046674833947690786,0.22294467346546298
2025-10-28 14:03:58.428,3.35023381999963,1.6033302133091638,0.04825431279641634,0.2235764650049532
2025-10-28 14:03:59.457,3.350707663654248,1.6033302133091638,0.04714867760230845,0.22381338683226204
2025-10-28 14:04:00.488,3.3506286897118116,1.6041199527335266,0.04683278183256334,0.2225498037532816
2025-10-28 14:04:01.517,3.350154846057194,1.6026194478272373,0.0484122606812889,0.22452415231418854
2025-10-28 14:04:02.542,3.350154846057194,1.6034881611940364,0.04793841702667123,0.22365543894738948
2025-10-28 14:04:03.568,3.3503127939420665,1.6038040569637815,0.04762252125692612,0.2246821001990611
2025-10-28 14:04:04.597,3.3500758721147577,1.603646109078909,0.050386609242195846,0.22333954317764437
2025-10-28 14:04:05.626,3.3500758721147577,1.603646109078909,0.04738559942961729,0.22420825654444343
2025-10-28 14:04:06.652,3.35023381999963,1.6044358485032717,0.0505445571270684,0.22476107414149737
2025-10-28 14:04:07.679,3.3500758721147577,1.6035671351364726,0.04801739096910751,0.22294467346546298
2025-10-28 14:04:08.707,3.350470741826939,1.6038830309062178,0.047859443084234954,0.2218390382713551
2025-10-28 14:04:09.732,3.3503127939420665,1.6040409787910903,0.04691175577499962,0.2242872304868797
2025-10-28 14:04:10.759,3.3505497157693753,1.6035671351364726,0.0484122606812889,0.22239185586840904
2025-10-28 14:04:11.786,3.350154846057194,1.603962004848654,0.0484122606812889,0.22199698615622765
2025-10-28 14:04:12.813,3.3500758721147577,1.6031722654242913,0.04809636491154379,0.22420825654444343
2025-10-28 14:04:13.840,3.3500758721147577,1.603646109078909,0.048886104335906566,0.22452415231418854
2025-10-28 14:04:14.865,3.3499968981723214,1.6041199527335266,0.04793841702667123,0.22349749106251693
2025-10-28 14:04:15.889,3.349838950287449,1.6040409787910903,0.04683278183256334,0.22270775163815415
2025-10-28 14:04:16.911,3.3500758721147577,1.6038040569637815,0.0491230261632154,0.2232605692352081
2025-10-28 14:04:17.934,3.349917924229885,1.6031722654242913,0.048965078278342844,0.22373441288982576
2025-10-28 14:04:18.957,3.3497599763450125,1.6037250830213452,0.04872815645103401,0.22341851712008065
2025-10-28 14:04:19.979,3.3497599763450125,1.6034881611940364,0.04801739096910751,0.2228656995230267
2025-10-28 14:04:21.002,3.3497599763450125,1.6037250830213452,0.04809636491154379,0.22373441288982576
2025-10-28 14:04:22.025,3.350154846057194,1.6032512393667275,0.04691175577499962,0.22318159529277182
2025-10-28 14:04:23.049,3.3499968981723214,1.6029353435969824,0.0477014951993624,0.2228656995230267
2025-10-28 14:04:24.074,3.3497599763450125,1.603093291481855,0.04738559942961729,0.22420825654444343
2025-10-28 14:04:25.103,3.3496810024025763,1.603646109078909,0.047859443084234954,0.22349749106251693
2025-10-28 14:04:26.134,3.3497599763450125,1.6042779006183991,0.0484122606812889,0.22373441288982576
2025-10-28 14:04:27.159,3.3494440805752674,1.603646109078909,0.0484122606812889,0.22476107414149737
2025-10-28 14:04:28.183,3.3499968981723214,1.6047517442730168,0.047069703659872175,0.22491902202636993
2025-10-28 14:04:29.206,3.34960202846014,1.6038040569637815,0.0477014951993624,0.2228656995230267
2025-10-28 14:04:30.229,3.3497599763450125,1.6026194478272373,0.04651688606281823,0.22484004808393365
2025-10-28 14:04:31.254,3.3496810024025763,1.6031722654242913,0.04738559942961729,0.2242872304868797
2025-10-28 14:04:32.279,3.3494440805752674,1.603962004848654,0.05046558318463212,0.22515594385367876
2025-10-28 14:04:33.305,3.3494440805752674,1.6031722654242913,0.048965078278342844,0.22302364740789926
2025-10-28 14:04:34.328,3.3494440805752674,1.6038040569637815,0.04920200010565168,0.22278672558059043
2025-10-28 14:04:35.352,3.34960202846014,1.603646109078909,0.04683278183256334,0.22586670933560526
2025-10-28 14:04:36.375,3.3495230545177037,1.603962004848654,0.04714867760230845,0.22341851712008065
2025-10-28 14:04:37.400,3.34960202846014,1.6041989266759629,0.04833328673885262,0.2257087614507327
2025-10-28 14:04:38.424,3.3494440805752674,1.6040409787910903,0.04683278183256334,0.22302364740789926
2025-10-28 14:04:39.450,3.349365106632831,1.6040409787910903,0.04651688606281823,0.22278672558059043
2025-10-28 14:04:40.475,3.349286132690395,1.6041199527335266,0.05086045289681351,0.2235764650049532
2025-10-28 14:04:41.505,3.3494440805752674,1.604830718215453,0.047069703659872175,0.2228656995230267
2025-10-28 14:04:42.527,3.3491281848055223,1.6034881611940364,0.047780469141798676,0.2218390382713551
2025-10-28 14:04:43.553,3.3491281848055223,1.603646109078909,0.04714867760230845,0.2246821001990611
2025-10-28 14:04:44.584,3.3495230545177037,1.6041989266759629,0.049280974048087955,0.22412928260200715
2025-10-28 14:04:45.610,3.3492071587479586,1.603646109078909,0.0484122606812889,0.22349749106251693
2025-10-28 14:04:46.637,3.349049210863086,1.6043568745608354,0.04872815645103401,0.22460312625662482
2025-10-28 14:04:47.665,3.3491281848055223,1.603646109078909,0.047780469141798676,0.22294467346546298
2025-10-28 14:04:48.691,3.3491281848055223,1.6034881611940364,0.04793841702667123,0.22318159529277182
2025-10-28 14:04:49.717,3.3489702369206498,1.6038040569637815,0.047464573372053565,0.22405030865957087
2025-10-28 14:04:50.746,3.3486543411509047,1.6037250830213452,0.04801739096910751,0.2232605692352081
2025-10-28 14:04:51.773,3.3492071587479586,1.6028563696545461,0.048175338853980065,0.22594568327804154
2025-10-28 14:04:52.801,3.3494440805752674,1.603962004848654,0.04722765154474473,0.22381338683226204
2025-10-28 14:04:53.831,3.3491281848055223,1.6037250830213452,0.04959686981783307,0.22278672558059043
2025-10-28 14:04:54.856,3.3494440805752674,1.6047517442730168,0.04849123462372518,0.2246821001990611
2025-10-28 14:04:55.885,3.3485753672084684,1.6034091872516,0.047780469141798676,0.22373441288982576
2025-10-28 14:04:56.911,3.348812289035777,1.6034091872516,0.04659586000525451,0.22389236077469832
2025-10-28 14:04:57.939,3.3489702369206498,1.6029353435969824,0.04935994799052423,0.22444517837175226
2025-10-28 14:04:58.966,3.3488912629782135,1.6034881611940364,0.050070713472450734,0.22318159529277182
2025-10-28 14:04:59.993,3.348733315093341,1.6038040569637815,0.04991276558757818,0.22507696991124249
2025-10-28 14:05:01.022,3.3486543411509047,1.6032512393667275,0.04872815645103401,0.22262877769571787
2025-10-28 14:05:02.049,3.348812289035777,1.6034881611940364,0.047780469141798676,0.22199698615622765
2025-10-28 14:05:03.074,3.348496393266032,1.6037250830213452,0.04809636491154379,0.2261036311629141
2025-10-28 14:05:04.101,3.3485753672084684,1.6034091872516,0.04801739096910751,0.22381338683226204
2025-10-28 14:05:05.128,3.348812289035777,1.6040409787910903,0.046753807890127064,0.22262877769571787
2025-10-28 14:05:06.155,3.3482594714387233,1.6031722654242913,0.04959686981783307,0.22420825654444343
2025-10-28 14:05:07.182,3.3485753672084684,1.6038830309062178,0.04722765154474473,0.22460312625662482
2025-10-28 14:05:08.212,3.3486543411509047,1.6035671351364726,0.047464573372053565,0.22349749106251693
2025-10-28 14:05:09.239,3.3482594714387233,1.6038830309062178,0.04730662548718101,0.22389236077469832
2025-10-28 14:05:10.269,3.348496393266032,1.603646109078909,0.047859443084234954,0.22278672558059043
2025-10-28 14:05:11.296,3.348417419323596,1.6040409787910903,0.0505445571270684,0.22452415231418854
2025-10-28 14:05:12.326,3.3483384453811595,1.6041199527335266,0.04730662548718101,0.22239185586840904
2025-10-28 14:05:13.355,3.3486543411509047,1.6037250830213452,0.047464573372053565,0.2235764650049532
2025-10-28 14:05:14.380,3.348180497496287,1.6041989266759629,0.04730662548718101,0.2253928656809876
2025-10-28 14:05:15.406,3.348496393266032,1.6040409787910903,0.04683278183256334,0.22333954317764437
2025-10-28 14:05:16.434,3.3481015235538507,1.603646109078909,0.05062353106950468,0.22515594385367876
2025-10-28 14:05:17.461,3.348496393266032,1.6042779006183991,0.04714867760230845,0.22389236077469832
2025-10-28 14:05:18.490,3.348180497496287,1.603646109078909,0.04722765154474473,0.22507696991124249
2025-10-28 14:05:19.517,3.3486543411509047,1.6033302133091638,0.04738559942961729,0.2239713347171346
2025-10-28 14:05:20.545,3.347864601726542,1.6034881611940364,0.0477014951993624,0.22389236077469832
2025-10-28 14:05:21.575,3.3477856277841056,1.6040409787910903,0.05062353106950468,0.22484004808393365
2025-10-28 14:05:22.601,3.3480225496114144,1.6042779006183991,0.049991739530014456,0.22302364740789926
2025-10-28 14:05:23.630,3.347627679899233,1.6041199527335266,0.04762252125692612,0.22318159529277182
2025-10-28 14:05:24.658,3.3477856277841056,1.6038830309062178,0.048570208566161455,0.22562978750829643
2025-10-28 14:05:25.686,3.3474697320143605,1.6028563696545461,0.0477014951993624,0.22239185586840904
2025-10-28 14:05:26.713,3.347943575668978,1.603646109078909,0.04683278183256334,0.22318159529277182
2025-10-28 14:05:27.736,3.3477066538416693,1.603962004848654,0.048570208566161455,0.22318159529277182
2025-10-28 14:05:28.764,3.347943575668978,1.6040409787910903,0.04801739096910751,0.22310262135033554
2025-10-28 14:05:29.792,3.347864601726542,1.6040409787910903,0.048570208566161455,0.22341851712008065
2025-10-28 14:05:30.821,3.347943575668978,1.6038040569637815,0.04825431279641634,0.22270775163815415
2025-10-28 14:05:31.851,3.347943575668978,1.6042779006183991,0.047780469141798676,0.22262877769571787
2025-10-28 14:05:32.879,3.347943575668978,1.6043568745608354,0.048570208566161455,0.22373441288982576
2025-10-28 14:05:33.904,3.3477856277841056,1.603646109078909,0.05014968741488701,0.22207596009866393
2025-10-28 14:05:34.935,3.3477066538416693,1.6027773957121099,0.05070250501194096,0.22412928260200715
2025-10-28 14:05:35.966,3.3474697320143605,1.6029353435969824,0.04935994799052423,0.22262877769571787
2025-10-28 14:05:36.992,3.3475487059567968,1.6040409787910903,0.047464573372053565,0.22294467346546298
2025-10-28 14:05:38.019,3.3469169144173065,1.6033302133091638,0.0484122606812889,0.22389236077469832
2025-10-28 14:05:39.047,3.347311784129488,1.6037250830213452,0.049280974048087955,0.2218390382713551
2025-10-28 14:05:40.074,3.347311784129488,1.6034881611940364,0.0469907297174359,0.22365543894738948
2025-10-28 14:05:41.101,3.347311784129488,1.6035671351364726,0.0484122606812889,0.22523491779611504
2025-10-28 14:05:42.131,3.347074862302179,1.6031722654242913,0.04651688606281823,0.22436620442931599
2025-10-28 14:05:43.159,3.3474697320143605,1.6033302133091638,0.050781478954377235,0.22318159529277182
2025-10-28 14:05:44.186,3.3472328101870517,1.603962004848654,0.04793841702667123,0.22365543894738948
2025-10-28 14:05:45.217,3.346995888359743,1.6038040569637815,0.04951789587539679,0.2239713347171346
2025-10-28 14:05:46.244,3.346995888359743,1.6032512393667275,0.04809636491154379,0.2235764650049532
2025-10-28 14:05:47.270,3.346995888359743,1.6038040569637815,0.0477014951993624,0.22333954317764437
2025-10-28 14:05:48.297,3.3474697320143605,1.6035671351364726,0.04872815645103401,0.22389236077469832
2025-10-28 14:05:49.326,3.347074862302179,1.6029353435969824,0.0477014951993624,0.22310262135033554
2025-10-28 14:05:50.354,3.3472328101870517,1.6028563696545461,0.04691175577499962,0.22602465722047782
2025-10-28 14:05:51.380,3.3466799925899977,1.6034881611940364,0.04833328673885262,0.22412928260200715
2025-10-28 14:05:52.407,3.3471538362446154,1.6041199527335266,0.04801739096910751,0.22310262135033554
2025-10-28 14:05:53.434,3.347074862302179,1.6038830309062178,0.049991739530014456,0.22349749106251693
2025-10-28 14:05:54.461,3.347074862302179,1.6028563696545461,0.050070713472450734,0.22373441288982576
2025-10-28 14:05:55.490,3.347074862302179,1.6042779006183991,0.0477014951993624,0.22191801221379137
2025-10-28 14:05:56.517,3.346522044705125,1.6037250830213452,0.048965078278342844,0.22318159529277182
2025-10-28 14:05:57.544,3.347074862302179,1.6044358485032717,0.04714867760230845,0.22310262135033554
2025-10-28 14:05:58.571,3.3468379404748703,1.6041989266759629,0.04825431279641634,0.22191801221379137
2025-10-28 14:05:59.598,3.3469169144173065,1.603646109078909,0.048965078278342844,0.22420825654444343
2025-10-28 14:06:00.624,3.346522044705125,1.6041199527335266,0.048175338853980065,0.22239185586840904
2025-10-28 14:06:01.653,3.346758966532434,1.6035671351364726,0.046674833947690786,0.22444517837175226
2025-10-28 14:06:02.681,3.3469169144173065,1.6032512393667275,0.04935994799052423,0.22476107414149737
2025-10-28 14:06:03.708,3.3466799925899977,1.6038040569637815,0.04691175577499962,0.22318159529277182
2025-10-28 14:06:04.735,3.346443070762689,1.6037250830213452,0.049675843760269345,0.22436620442931599
2025-10-28 14:06:05.760,3.346443070762689,1.6034091872516,0.04825431279641634,0.2232605692352081
2025-10-28 14:06:06.786,3.346522044705125,1.6032512393667275,0.04825431279641634,0.22278672558059043
2025-10-28 14:06:07.813,3.3463640968202526,1.604830718215453,0.0469907297174359,0.22333954317764437
2025-10-28 14:06:08.842,3.3462851228778163,1.603093291481855,0.04849123462372518,0.22310262135033554
2025-10-28 14:06:09.870,3.3466799925899977,1.6042779006183991,0.04730662548718101,0.22223390798353648
2025-10-28 14:06:10.894,3.3468379404748703,1.603646109078909,0.047859443084234954,0.22381338683226204
2025-10-28 14:06:11.923,3.3460482010505075,1.603962004848654,0.04975481770270562,0.22341851712008065
2025-10-28 14:06:12.949,3.3463640968202526,1.603962004848654,0.04691175577499962,0.22207596009866393
2025-10-28 14:06:13.974,3.3460482010505075,1.603646109078909,0.046753807890127064,0.22333954317764437
2025-10-28 14:06:15.000,3.345969227108071,1.6034881611940364,0.04722765154474473,0.22270775163815415
2025-10-28 14:06:16.027,3.3466010186475614,1.6030143175394187,0.0469907297174359,0.22231288192597276
2025-10-28 14:06:17.053,3.34620614893538,1.603646109078909,0.046674833947690786,0.22302364740789926
2025-10-28 14:06:18.079,3.34620614893538,1.603962004848654,0.05046558318463212,0.2242872304868797
2025-10-28 14:06:19.105,3.3462851228778163,1.6032512393667275,0.048175338853980065,0.22349749106251693
2025-10-28 14:06:20.131,3.3461271749929438,1.603646109078909,0.047780469141798676,0.22278672558059043
2025-10-28 14:06:21.157,3.34620614893538,1.603646109078909,0.04849123462372518,0.2239713347171346
2025-10-28 14:06:22.183,3.345653331338326,1.6038040569637815,0.04833328673885262,0.22507696991124249
2025-10-28 14:06:23.211,3.345653331338326,1.6033302133091638,0.04722765154474473,0.2228656995230267
2025-10-28 14:06:24.241,3.3461271749929438,1.6034881611940364,0.04714867760230845,0.22381338683226204
2025-10-28 14:06:25.270,3.345653331338326,1.6035671351364726,0.047859443084234954,0.22191801221379137
2025-10-28 14:06:26.295,3.3457323052807624,1.6035671351364726,0.04809636491154379,0.22381338683226204
2025-10-28 14:06:27.318,3.345890253165635,1.6043568745608354,0.04730662548718101,0.2232605692352081
2025-10-28 14:06:28.347,3.3458112792231987,1.6034091872516,0.04793841702667123,0.22231288192597276
2025-10-28 14:06:29.375,3.3458112792231987,1.603962004848654,0.04801739096910751,0.2232605692352081
2025-10-28 14:06:30.401,3.3454164095110173,1.6034881611940364,0.048570208566161455,0.22365543894738948
2025-10-28 14:06:31.428,3.3452584616261447,1.6033302133091638,0.04991276558757818,0.22341851712008065
2025-10-28 14:06:32.458,3.345337435568581,1.6040409787910903,0.05093942683924979,0.22373441288982576
2025-10-28 14:06:33.486,3.34557435739589,1.6049886661003256,0.0498337916451419,0.2242872304868797
2025-10-28 14:06:34.512,3.345100513741272,1.6040409787910903,0.04762252125692612,0.2221549340411002
2025-10-28 14:06:35.540,3.3454164095110173,1.6038830309062178,0.0484122606812889,0.2239713347171346
2025-10-28 14:06:36.567,3.345969227108071,1.6034881611940364,0.046674833947690786,0.22460312625662482
2025-10-28 14:06:37.594,3.3454164095110173,1.603962004848654,0.047780469141798676,0.22381338683226204
2025-10-28 14:06:38.624,3.3451794876837084,1.6033302133091638,0.047464573372053565,0.22389236077469832
2025-10-28 14:06:39.651,3.3454953834534535,1.6033302133091638,0.04659586000525451,0.22262877769571787
2025-10-28 14:06:40.678,3.345337435568581,1.6040409787910903,0.04714867760230845,0.22444517837175226
2025-10-28 14:06:41.705,3.345337435568581,1.6034091872516,0.04691175577499962,0.22349749106251693
2025-10-28 14:06:42.733,3.3454953834534535,1.6033302133091638,0.0469907297174359,0.22278672558059043
2025-10-28 14:06:43.761,3.3449425658563996,1.6041199527335266,0.05070250501194096,0.22365543894738948
2025-10-28 14:06:44.787,3.345100513741272,1.6034091872516,0.04691175577499962,0.22302364740789926
2025-10-28 14:06:45.815,3.3451794876837084,1.6046727703305805,0.048175338853980065,0.22349749106251693
2025-10-28 14:06:46.843,3.3452584616261447,1.6031722654242913,0.04833328673885262,0.2249979959688062
2025-10-28 14:06:47.871,3.345021539798836,1.6044358485032717,0.04793841702667123,0.22168109038648254
2025-10-28 14:06:48.897,3.3449425658563996,1.6034881611940364,0.050781478954377235,0.22531389173855132
2025-10-28 14:06:49.926,3.3452584616261447,1.6033302133091638,0.048175338853980065,0.22310262135033554
2025-10-28 14:06:50.952,3.345337435568581,1.6042779006183991,0.04825431279641634,0.22278672558059043
2025-10-28 14:06:51.979,3.344784617971527,1.6034881611940364,0.04872815645103401,0.22507696991124249
2025-10-28 14:06:53.007,3.3449425658563996,1.6033302133091638,0.048175338853980065,0.2225498037532816
2025-10-28 14:06:54.035,3.3448635919139633,1.6038830309062178,0.047780469141798676,0.22531389173855132
2025-10-28 14:06:55.061,3.3446266700866545,1.6038830309062178,0.04809636491154379,0.22420825654444343
2025-10-28 14:06:56.091,3.344547696144218,1.6042779006183991,0.04951789587539679,0.22270775163815415
2025-10-28 14:06:57.119,3.345100513741272,1.6034881611940364,0.04738559942961729,0.2235764650049532
2025-10-28 14:06:58.147,3.344784617971527,1.6041199527335266,0.04738559942961729,0.22310262135033554
2025-10-28 14:06:59.176,3.344784617971527,1.6034091872516,0.04691175577499962,0.2257087614507327
2025-10-28 14:07:00.198,3.344784617971527,1.6032512393667275,0.05086045289681351,0.22436620442931599
2025-10-28 14:07:01.227,3.3449425658563996,1.6034091872516,0.04722765154474473,0.22436620442931599
2025-10-28 14:07:02.254,3.344468722201782,1.6026984217696736,0.0484122606812889,0.225787735393169
2025-10-28 14:07:03.282,3.3447056440290908,1.6041199527335266,0.047464573372053565,0.2235764650049532
2025-10-28 14:07:04.309,3.3443897482593457,1.6034881611940364,0.04801739096910751,0.22231288192597276
2025-10-28 14:07:05.339,3.3443897482593457,1.6035671351364726,0.047464573372053565,0.22420825654444343
2025-10-28 14:07:06.366,3.3446266700866545,1.6030143175394187,0.0469907297174359,0.2235764650049532
2025-10-28 14:07:07.393,3.3446266700866545,1.6038040569637815,0.049991739530014456,0.22262877769571787
2025-10-28 14:07:08.421,3.344468722201782,1.6038040569637815,0.04722765154474473,0.2239713347171346
2025-10-28 14:07:09.448,3.3447056440290908,1.6040409787910903,0.04762252125692612,0.22476107414149737
2025-10-28 14:07:10.476,3.3443897482593457,1.603093291481855,0.04683278183256334,0.22381338683226204
2025-10-28 14:07:11.503,3.344468722201782,1.6038830309062178,0.047780469141798676,0.2235764650049532
2025-10-28 14:07:12.530,3.3443897482593457,1.6037250830213452,0.04880713039347029,0.22294467346546298
2025-10-28 14:07:13.555,3.344468722201782,1.6038830309062178,0.04691175577499962,0.22302364740789926
2025-10-28 14:07:14.581,3.344547696144218,1.6038040569637815,0.05014968741488701,0.2239713347171346
2025-10-28 14:07:15.606,3.3443107743169094,1.6029353435969824,0.048965078278342844,0.22318159529277182
2025-10-28 14:07:16.634,3.344547696144218,1.6038040569637815,0.047780469141798676,0.2225498037532816
2025-10-28 14:07:17.660,3.344152826432037,1.6034881611940364,0.04825431279641634,0.22318159529277182
2025-10-28 14:07:18.687,3.344468722201782,1.6037250830213452,0.04809636491154379,0.22270775163815415
2025-10-28 14:07:19.714,3.3443897482593457,1.6035671351364726,0.04659586000525451,0.22333954317764437
2025-10-28 14:07:20.741,3.3439948785471643,1.6028563696545461,0.04825431279641634,0.22531389173855132
2025-10-28 14:07:21.764,3.3443107743169094,1.602540473884801,0.0484122606812889,0.2235764650049532
2025-10-28 14:07:22.790,3.3437579567198554,1.6044358485032717,0.04730662548718101,0.22191801221379137
2025-10-28 14:07:23.816,3.3437579567198554,1.6041199527335266,0.0469907297174359,0.2242872304868797
2025-10-28 14:07:24.842,3.3440738524896005,1.6033302133091638,0.048570208566161455,0.22381338683226204
2025-10-28 14:07:25.867,3.3439948785471643,1.6038830309062178,0.04825431279641634,0.2235764650049532
2025-10-28 14:07:26.893,3.3440738524896005,1.6034091872516,0.04691175577499962,0.22247082981084532
2025-10-28 14:07:27.919,3.3438369306622917,1.6026194478272373,0.04754354731448984,0.22373441288982576
2025-10-28 14:07:28.947,3.3437579567198554,1.6034091872516,0.05030763529975957,0.22278672558059043
2025-10-28 14:07:29.973,3.3438369306622917,1.603646109078909,0.04793841702667123,0.2228656995230267
2025-10-28 14:07:31.000,3.3437579567198554,1.6041989266759629,0.04762252125692612,0.22460312625662482
2025-10-28 14:07:32.029,3.3440738524896005,1.6032512393667275,0.04793841702667123,0.22310262135033554
2025-10-28 14:07:33.060,3.3437579567198554,1.6043568745608354,0.04864918250859773,0.22381338683226204
2025-10-28 14:07:34.089,3.343678982777419,1.6045937963881443,0.046674833947690786,0.22491902202636993
2025-10-28 14:07:35.115,3.343678982777419,1.6029353435969824,0.04833328673885262,0.22341851712008065
2025-10-28 14:07:36.140,3.3439948785471643,1.6041199527335266,0.048570208566161455,0.2239713347171346
2025-10-28 14:07:37.167,3.343126165180365,1.6035671351364726,0.0477014951993624,0.2225498037532816
2025-10-28 14:07:38.193,3.3434420609501103,1.6033302133091638,0.047780469141798676,0.22294467346546298
2025-10-28 14:07:39.216,3.3434420609501103,1.6038040569637815,0.04730662548718101,0.22381338683226204
2025-10-28 14:07:40.239,3.343363087007674,1.6038040569637815,0.047464573372053565,0.2242872304868797
2025-10-28 14:07:41.262,3.3437579567198554,1.6047517442730168,0.04762252125692612,0.22436620442931599
2025-10-28 14:07:42.285,3.3432841130652378,1.6038830309062178,0.04691175577499962,0.2235764650049532
2025-10-28 14:07:43.309,3.343047191237929,1.6037250830213452,0.0469907297174359,0.22278672558059043
2025-10-28 14:07:44.332,3.343678982777419,1.603093291481855,0.04943892193296051,0.2221549340411002
2025-10-28 14:07:45.360,3.343126165180365,1.6037250830213452,0.0484122606812889,0.22420825654444343
2025-10-28 14:07:46.389,3.3435210348925466,1.6038040569637815,0.046753807890127064,0.22333954317764437
2025-10-28 14:07:47.415,3.3435210348925466,1.6042779006183991,0.04683278183256334,0.2235764650049532
2025-10-28 14:07:48.438,3.3429682172954927,1.6035671351364726,0.04833328673885262,0.22412928260200715
2025-10-28 14:07:49.462,3.3432051391228015,1.6028563696545461,0.04943892193296051,0.22341851712008065
2025-10-28 14:07:50.485,3.342731295468184,1.6037250830213452,0.04833328673885262,0.2232605692352081
2025-10-28 14:07:51.509,3.343047191237929,1.6041989266759629,0.04683278183256334,0.22239185586840904
2025-10-28 14:07:52.533,3.3429682172954927,1.6037250830213452,0.04801739096910751,0.22231288192597276
2025-10-28 14:07:53.560,3.3423364257560024,1.6038040569637815,0.047859443084234954,0.225787735393169
2025-10-28 14:07:54.587,3.343047191237929,1.6033302133091638,0.04738559942961729,0.22207596009866393
2025-10-28 14:07:55.611,3.3432841130652378,1.6030143175394187,0.04730662548718101,0.22247082981084532
2025-10-28 14:07:56.634,3.342257451813566,1.603962004848654,0.04730662548718101,0.22491902202636993
2025-10-28 14:07:57.657,3.3426523215257475,1.6038830309062178,0.04643791212038195,0.22412928260200715
2025-10-28 14:07:58.685,3.3426523215257475,1.6041199527335266,0.04754354731448984,0.22491902202636993
2025-10-28 14:07:59.712,3.3426523215257475,1.6043568745608354,0.04754354731448984,0.2232605692352081
2025-10-28 14:08:00.744,3.342731295468184,1.6032512393667275,0.04738559942961729,0.22460312625662482
2025-10-28 14:08:01.771,3.343126165180365,1.6038040569637815,0.04762252125692612,0.22294467346546298
2025-10-28 14:08:02.798,3.342494373640875,1.604514822445708,0.048570208566161455,0.22602465722047782
2025-10-28 14:08:03.825,3.342494373640875,1.6027773957121099,0.047069703659872175,0.22318159529277182
2025-10-28 14:08:04.854,3.3424153996984387,1.6029353435969824,0.0477014951993624,0.22223390798353648
2025-10-28 14:08:05.881,3.3426523215257475,1.6031722654242913,0.04754354731448984,0.2235764650049532
2025-10-28 14:08:06.906,3.3426523215257475,1.6031722654242913,0.04943892193296051,0.22381338683226204
2025-10-28 14:08:07.935,3.3423364257560024,1.6038830309062178,0.04809636491154379,0.2221549340411002
2025-10-28 14:08:08.962,3.3425733475833113,1.6038040569637815,0.05086045289681351,0.2232605692352081
2025-10-28 14:08:09.990,3.34217847787113,1.603646109078909,0.047464573372053565,0.22302364740789926
2025-10-28 14:08:11.017,3.342494373640875,1.6031722654242913,0.046753807890127064,0.22523491779611504
2025-10-28 14:08:12.043,3.342731295468184,1.6037250830213452,0.04722765154474473,0.22373441288982576
2025-10-28 14:08:13.070,3.3420995039286936,1.6032512393667275,0.047859443084234954,0.22223390798353648
2025-10-28 14:08:14.096,3.341941556043821,1.6035671351364726,0.050070713472450734,0.2228656995230267
2025-10-28 14:08:15.121,3.341941556043821,1.6038830309062178,0.050070713472450734,0.22618260510535038
2025-10-28 14:08:16.146,3.3420205299862573,1.6027773957121099,0.04722765154474473,0.22389236077469832
2025-10-28 14:08:17.173,3.3423364257560024,1.603962004848654,0.04714867760230845,0.22318159529277182
2025-10-28 14:08:18.199,3.3418625821013848,1.603962004848654,0.04864918250859773,0.22405030865957087
2025-10-28 14:08:19.227,3.342494373640875,1.6041989266759629,0.04691175577499962,0.22333954317764437
2025-10-28 14:08:20.252,3.3418625821013848,1.6028563696545461,0.04801739096910751,0.22239185586840904
2025-10-28 14:08:21.277,3.3415466863316396,1.6041989266759629,0.04738559942961729,0.22310262135033554
2025-10-28 14:08:22.305,3.341941556043821,1.6027773957121099,0.048175338853980065,0.22341851712008065
2025-10-28 14:08:23.336,3.3415466863316396,1.6041199527335266,0.05030763529975957,0.22381338683226204
2025-10-28 14:08:24.362,3.341704634216512,1.6038830309062178,0.04825431279641634,0.22389236077469832
2025-10-28 14:08:25.387,3.341941556043821,1.6038830309062178,0.04849123462372518,0.22294467346546298
2025-10-28 14:08:26.414,3.3417836081589485,1.6033302133091638,0.04643791212038195,0.2221549340411002
2025-10-28 14:08:27.439,3.341941556043821,1.6038830309062178,0.04864918250859773,0.22389236077469832
2025-10-28 14:08:28.468,3.3420995039286936,1.6040409787910903,0.04722765154474473,0.2228656995230267
2025-10-28 14:08:29.493,3.341625660274076,1.6038830309062178,0.047069703659872175,0.22302364740789926
2025-10-28 14:08:30.518,3.341625660274076,1.6034881611940364,0.047780469141798676,0.22547183962342388
2025-10-28 14:08:31.544,3.341625660274076,1.603093291481855,0.05014968741488701,0.22318159529277182
2025-10-28 14:08:32.570,3.3414677123892034,1.603646109078909,0.04754354731448984,0.22262877769571787
2025-10-28 14:08:33.594,3.3417836081589485,1.6028563696545461,0.04872815645103401,0.22176006432891882
2025-10-28 14:08:34.621,3.341941556043821,1.6037250830213452,0.04793841702667123,0.22294467346546298
2025-10-28 14:08:35.647,3.3417836081589485,1.603962004848654,0.05022866135732329,0.22333954317764437
2025-10-28 14:08:36.672,3.3415466863316396,1.603646109078909,0.046674833947690786,0.22452415231418854
2025-10-28 14:08:37.696,3.341309764504331,1.6034091872516,0.04659586000525451,0.22262877769571787
2025-10-28 14:08:38.722,3.341309764504331,1.6041199527335266,0.04738559942961729,0.2232605692352081
2025-10-28 14:08:39.751,3.3409938687345857,1.603646109078909,0.04809636491154379,0.22341851712008065
2025-10-28 14:08:40.778,3.3411518166194583,1.6034881611940364,0.04754354731448984,0.22555081356586015
2025-10-28 14:08:41.806,3.3412307905618945,1.6038830309062178,0.048175338853980065,0.2235764650049532
2025-10-28 14:08:42.834,3.3409938687345857,1.6029353435969824,0.047780469141798676,0.22302364740789926
2025-10-28 14:08:43.863,3.3406779729648406,1.6026194478272373,0.04722765154474473,0.2235764650049532
2025-10-28 14:08:44.888,3.3405989990224043,1.6034881611940364,0.047464573372053565,0.2232605692352081
2025-10-28 14:08:45.914,3.3409938687345857,1.6037250830213452,0.04833328673885262,0.22247082981084532
2025-10-28 14:08:46.939,3.341072842677022,1.603093291481855,0.0477014951993624,0.22476107414149737
2025-10-28 14:08:47.965,3.3412307905618945,1.6033302133091638,0.04849123462372518,0.22531389173855132
2025-10-28 14:08:48.991,3.3409938687345857,1.6027773957121099,0.04833328673885262,0.22239185586840904
2025-10-28 14:08:50.018,3.341072842677022,1.6038040569637815,0.046674833947690786,0.22318159529277182
2025-10-28 14:08:51.045,3.3411518166194583,1.6038830309062178,0.04730662548718101,0.22420825654444343
2025-10-28 14:08:52.072,3.340204129310223,1.6034091872516,0.04714867760230845,0.2218390382713551
2025-10-28 14:08:53.098,3.340756946907277,1.603646109078909,0.04991276558757818,0.22547183962342388
2025-10-28 14:08:54.123,3.3404410511375318,1.6043568745608354,0.04880713039347029,0.22452415231418854
2025-10-28 14:08:55.154,3.3406779729648406,1.603646109078909,0.04809636491154379,0.22373441288982576
2025-10-28 14:08:56.181,3.340835920849713,1.6040409787910903,0.048570208566161455,0.22476107414149737
2025-10-28 14:08:57.207,3.3409938687345857,1.6034091872516,0.047859443084234954,0.22278672558059043
2025-10-28 14:08:58.234,3.3405989990224043,1.6026194478272373,0.048570208566161455,0.22247082981084532
2025-10-28 14:08:59.259,3.340520025079968,1.6031722654242913,0.047069703659872175,0.22389236077469832
2025-10-28 14:09:00.287,3.3406779729648406,1.6030143175394187,0.047069703659872175,0.2235764650049532
2025-10-28 14:09:01.314,3.3404410511375318,1.6034091872516,0.04904405222077912,0.22302364740789926
2025-10-28 14:09:02.342,3.3401251553677866,1.603646109078909,0.047464573372053565,0.2239713347171346
2025-10-28 14:09:03.367,3.340520025079968,1.6034091872516,0.04833328673885262,0.22381338683226204
2025-10-28 14:09:04.393,3.339967207482914,1.6037250830213452,0.04754354731448984,0.22318159529277182
2025-10-28 14:09:05.419,3.340283103252659,1.6038040569637815,0.04809636491154379,0.2235764650049532
2025-10-28 14:09:06.445,3.340283103252659,1.6038040569637815,0.047464573372053565,0.22310262135033554
2025-10-28 14:09:07.473,3.3403620771950955,1.6034881611940364,0.04793841702667123,0.22231288192597276
2025-10-28 14:09:08.501,3.3401251553677866,1.6041199527335266,0.04809636491154379,0.22381338683226204
2025-10-28 14:09:09.527,3.3404410511375318,1.6034091872516,0.04762252125692612,0.22318159529277182
2025-10-28 14:09:10.555,3.339967207482914,1.6041199527335266,0.048570208566161455,0.22389236077469832
2025-10-28 14:09:11.578,3.3403620771950955,1.603646109078909,0.046674833947690786,0.22333954317764437
2025-10-28 14:09:12.604,3.339967207482914,1.6033302133091638,0.050781478954377235,0.2232605692352081
2025-10-28 14:09:13.629,3.3397302856556053,1.6035671351364726,0.050386609242195846,0.22278672558059043
2025-10-28 14:09:14.655,3.339967207482914,1.603962004848654,0.04951789587539679,0.2228656995230267
2025-10-28 14:09:15.681,3.3395723377707327,1.6030143175394187,0.04754354731448984,0.2242872304868797
2025-10-28 14:09:16.711,3.340204129310223,1.6030143175394187,0.046674833947690786,0.22523491779611504
2025-10-28 14:09:17.738,3.340204129310223,1.6029353435969824,0.04691175577499962,0.2232605692352081
2025-10-28 14:09:18.763,3.3398092595980415,1.6038040569637815,0.04793841702667123,0.22476107414149737
2025-10-28 14:09:19.789,3.3400461814253504,1.603646109078909,0.0477014951993624,0.22373441288982576
2025-10-28 14:09:20.815,3.3401251553677866,1.6032512393667275,0.0484122606812889,0.22199698615622765
2025-10-28 14:09:21.841,3.3398092595980415,1.6034881611940364,0.04722765154474473,0.22333954317764437
2025-10-28 14:09:22.866,3.339335415943424,1.6037250830213452,0.04730662548718101,0.22310262135033554
2025-10-28 14:09:23.892,3.3391774680585513,1.6042779006183991,0.04762252125692612,0.2242872304868797
2025-10-28 14:09:24.918,3.3394933638282964,1.6037250830213452,0.046674833947690786,0.22381338683226204
2025-10-28 14:09:25.945,3.339098494116115,1.6034881611940364,0.05046558318463212,0.22555081356586015
2025-10-28 14:09:26.972,3.339098494116115,1.6032512393667275,0.04691175577499962,0.22476107414149737
2025-10-28 14:09:27.999,3.339651311713169,1.6034091872516,0.04659586000525451,0.22444517837175226
2025-10-28 14:09:29.026,3.3395723377707327,1.603962004848654,0.04738559942961729,0.22349749106251693
2025-10-28 14:09:30.051,3.3394933638282964,1.6035671351364726,0.046753807890127064,0.22231288192597276
2025-10-28 14:09:31.077,3.339335415943424,1.6042779006183991,0.0477014951993624,0.2246821001990611
2025-10-28 14:09:32.103,3.3389405462312425,1.603646109078909,0.04754354731448984,0.22412928260200715
2025-10-28 14:09:33.126,3.33941438988586,1.6032512393667275,0.04833328673885262,0.22373441288982576
2025-10-28 14:09:34.153,3.339651311713169,1.6032512393667275,0.047780469141798676,0.2228656995230267
2025-10-28 14:09:35.179,3.339335415943424,1.6041199527335266,0.04943892193296051,0.22333954317764437
2025-10-28 14:09:36.204,3.3387036244039336,1.6040409787910903,0.048570208566161455,0.22555081356586015
2025-10-28 14:09:37.230,3.3387036244039336,1.6031722654242913,0.04683278183256334,0.22278672558059043
2025-10-28 14:09:38.257,3.338861572288806,1.6043568745608354,0.04754354731448984,0.22231288192597276
2025-10-28 14:09:39.283,3.3387036244039336,1.6037250830213452,0.04754354731448984,0.22618260510535038
2025-10-28 14:09:40.309,3.339098494116115,1.6040409787910903,0.049991739530014456,0.22381338683226204
2025-10-28 14:09:41.335,3.338545676519061,1.6028563696545461,0.048965078278342844,0.22239185586840904
2025-10-28 14:09:42.361,3.3383087546917523,1.6032512393667275,0.04730662548718101,0.22365543894738948
2025-10-28 14:09:43.388,3.3383877286341885,1.6034881611940364,0.04730662548718101,0.22349749106251693
2025-10-28 14:09:44.416,3.3383877286341885,1.6035671351364726,0.04714867760230845,0.2221549340411002
2025-10-28 14:09:45.445,3.338861572288806,1.6038040569637815,0.04738559942961729,0.2246821001990611
2025-10-28 14:09:46.472,3.338545676519061,1.6038040569637815,0.04793841702667123,0.22294467346546298
2025-10-28 14:09:47.499,3.338545676519061,1.6034091872516,0.04651688606281823,0.22294467346546298
2025-10-28 14:09:48.527,3.3383877286341885,1.6037250830213452,0.04872815645103401,0.2235764650049532
2025-10-28 14:09:49.555,3.3381508068068797,1.6030143175394187,0.04714867760230845,0.22176006432891882
2025-10-28 14:09:50.585,3.3387036244039336,1.603646109078909,0.05086045289681351,0.22373441288982576
2025-10-28 14:09:51.614,3.338229780749316,1.6034881611940364,0.047464573372053565,0.22341851712008065
2025-10-28 14:09:52.640,3.3383877286341885,1.6042779006183991,0.04793841702667123,0.22436620442931599
2025-10-28 14:09:53.666,3.338545676519061,1.6029353435969824,0.048175338853980065,0.22302364740789926
2025-10-28 14:09:54.692,3.3383087546917523,1.6033302133091638,0.049280974048087955,0.22207596009866393
2025-10-28 14:09:55.718,3.3383087546917523,1.6033302133091638,0.046674833947690786,0.22302364740789926
2025-10-28 14:09:56.744,3.3381508068068797,1.6032512393667275,0.047464573372053565,0.2232605692352081
2025-10-28 14:09:57.771,3.3386246504614974,1.6038830309062178,0.04691175577499962,0.22223390798353648
2025-10-28 14:09:58.797,3.338545676519061,1.6041199527335266,0.04714867760230845,0.22310262135033554
2025-10-28 14:09:59.823,3.338545676519061,1.603646109078909,0.04762252125692612,0.2246821001990611
2025-10-28 14:10:00.850,3.3380718328644434,1.6041199527335266,0.048886104335906566,0.22310262135033554
2025-10-28 14:10:01.874,3.3378349110371346,1.6041199527335266,0.04801739096910751,0.22420825654444343
2025-10-28 14:10:02.901,3.3383877286341885,1.6026984217696736,0.047859443084234954,0.22373441288982576
2025-10-28 14:10:03.926,3.3381508068068797,1.6034091872516,0.047780469141798676,0.2239713347171346
2025-10-28 14:10:04.953,3.338229780749316,1.603646109078909,0.04801739096910751,0.22207596009866393
2025-10-28 14:10:05.978,3.3381508068068797,1.6034881611940364,0.04722765154474473,0.22262877769571787
2025-10-28 14:10:07.006,3.337913884979571,1.6042779006183991,0.049675843760269345,0.2228656995230267
2025-10-28 14:10:08.031,3.3375979892098258,1.6042779006183991,0.047464573372053565,0.22333954317764437
2025-10-28 14:10:09.058,3.3377559370946983,1.6032512393667275,0.05014968741488701,0.22231288192597276
2025-10-28 14:10:10.087,3.337676963152262,1.603962004848654,0.048965078278342844,0.2242872304868797
2025-10-28 14:10:11.111,3.3377559370946983,1.6038830309062178,0.04714867760230845,0.22262877769571787
2025-10-28 14:10:12.141,3.337913884979571,1.603962004848654,0.049991739530014456,0.22444517837175226
2025-10-28 14:10:13.168,3.337676963152262,1.6038830309062178,0.05062353106950468,0.22373441288982576
2025-10-28 14:10:14.195,3.337992858922007,1.6037250830213452,0.04793841702667123,0.22262877769571787
2025-10-28 14:10:15.222,3.337913884979571,1.6033302133091638,0.04738559942961729,0.22562978750829643
2025-10-28 14:10:16.247,3.3383087546917523,1.603646109078909,0.04880713039347029,0.22333954317764437
2025-10-28 14:10:17.277,3.3381508068068797,1.603646109078909,0.047780469141798676,0.22207596009866393
2025-10-28 14:10:18.303,3.3375979892098258,1.6037250830213452,0.04801739096910751,0.22452415231418854
2025-10-28 14:10:19.329,3.3377559370946983,1.603962004848654,0.048570208566161455,0.22270775163815415
2025-10-28 14:10:20.354,3.3375979892098258,1.6043568745608354,0.047780469141798676,0.2239713347171346
2025-10-28 14:10:21.380,3.3375190152673895,1.6034881611940364,0.04754354731448984,0.22262877769571787
2025-10-28 14:10:22.405,3.337361067382517,1.6029353435969824,0.04738559942961729,0.22476107414149737
2025-10-28 14:10:23.431,3.3372820934400806,1.603646109078909,0.04825431279641634,0.22270775163815415
2025-10-28 14:10:24.458,3.3372820934400806,1.6031722654242913,0.04659586000525451,0.22294467346546298
2025-10-28 14:10:25.484,3.3375190152673895,1.604514822445708,0.0484122606812889,0.22381338683226204
2025-10-28 14:10:26.510,3.3375979892098258,1.6027773957121099,0.05046558318463212,0.22412928260200715
2025-10-28 14:10:27.533,3.3372031194976444,1.6034091872516,0.046753807890127064,0.22262877769571787
2025-10-28 14:10:28.558,3.337440041324953,1.603646109078909,0.04762252125692612,0.22452415231418854
2025-10-28 14:10:29.586,3.337124145555208,1.603646109078909,0.04738559942961729,0.2253928656809876
2025-10-28 14:10:30.613,3.337440041324953,1.6043568745608354,0.047859443084234954,0.2228656995230267
2025-10-28 14:10:31.639,3.3372031194976444,1.6038040569637815,0.046674833947690786,0.22191801221379137
2025-10-28 14:10:32.665,3.3367292758430267,1.6031722654242913,0.04730662548718101,0.22389236077469832
2025-10-28 14:10:33.694,3.336808249785463,1.6040409787910903,0.047069703659872175,0.22247082981084532
2025-10-28 14:10:34.720,3.3368872237278993,1.6035671351364726,0.04801739096910751,0.2228656995230267
2025-10-28 14:10:35.745,3.3368872237278993,1.6045937963881443,0.04762252125692612,0.22333954317764437
2025-10-28 14:10:36.771,3.3368872237278993,1.6035671351364726,0.04951789587539679,0.2235764650049532
2025-10-28 14:10:37.800,3.3369661976703355,1.6038040569637815,0.04683278183256334,0.22310262135033554
2025-10-28 14:10:38.826,3.3369661976703355,1.6040409787910903,0.048570208566161455,0.22420825654444343
2025-10-28 14:10:39.851,3.3368872237278993,1.6035671351364726,0.04809636491154379,0.2228656995230267
2025-10-28 14:10:40.877,3.3367292758430267,1.6040409787910903,0.048175338853980065,0.22223390798353648
2025-10-28 14:10:41.904,3.3368872237278993,1.6040409787910903,0.05014968741488701,0.22365543894738948
2025-10-28 14:10:42.929,3.336571327958154,1.6034881611940364,0.04849123462372518,0.22333954317764437
2025-10-28 14:10:43.954,3.3367292758430267,1.6035671351364726,0.04691175577499962,0.22318159529277182
2025-10-28 14:10:44.980,3.336571327958154,1.6037250830213452,0.047464573372053565,0.22278672558059043
2025-10-28 14:10:46.006,3.3366503019005904,1.6035671351364726,0.04849123462372518,0.2253928656809876
2025-10-28 14:10:47.032,3.3366503019005904,1.6038040569637815,0.0469907297174359,0.22239185586840904
2025-10-28 14:10:48.060,3.336492354015718,1.6037250830213452,0.04643791212038195,0.2225498037532816
2025-10-28 14:10:49.084,3.336492354015718,1.6038830309062178,0.048570208566161455,0.22491902202636993
2025-10-28 14:10:50.112,3.3368872237278993,1.6037250830213452,0.04959686981783307,0.2246821001990611
2025-10-28 14:10:51.142,3.336492354015718,1.6038040569637815,0.047780469141798676,0.22476107414149737
2025-10-28 14:10:52.167,3.336255432188409,1.6024614999423648,0.047780469141798676,0.22365543894738948
2025-10-28 14:10:53.192,3.335939536418664,1.603646109078909,0.0469907297174359,0.22262877769571787
2025-10-28 14:10:54.222,3.3361764582459728,1.6030143175394187,0.05062353106950468,0.22436620442931599
2025-10-28 14:10:55.250,3.336571327958154,1.6031722654242913,0.04849123462372518,0.22436620442931599
2025-10-28 14:10:56.278,3.3366503019005904,1.6042779006183991,0.04643791212038195,0.2246821001990611
2025-10-28 14:10:57.306,3.337045171612772,1.6034091872516,0.050386609242195846,0.22436620442931599
2025-10-28 14:10:58.332,3.336255432188409,1.6034881611940364,0.047069703659872175,0.2239713347171346
2025-10-28 14:10:59.358,3.3360185103611,1.6038830309062178,0.046753807890127064,0.2242872304868797
2025-10-28 14:11:00.385,3.335939536418664,1.6038830309062178,0.048965078278342844,0.22318159529277182
2025-10-28 14:11:01.408,3.335939536418664,1.6038830309062178,0.04825431279641634,0.22389236077469832
2025-10-28 14:11:02.431,3.335702614591355,1.6042779006183991,0.04714867760230845,0.22310262135033554
2025-10-28 14:11:03.454,3.3357815885337914,1.6037250830213452,0.046753807890127064,0.22515594385367876
2025-10-28 14:11:04.477,3.3358605624762276,1.6043568745608354,0.04722765154474473,0.22247082981084532
2025-10-28 14:11:05.503,3.3357815885337914,1.6033302133091638,0.0469907297174359,0.22452415231418854
2025-10-28 14:11:06.531,3.3358605624762276,1.6038040569637815,0.04754354731448984,0.22294467346546298
2025-10-28 14:11:07.555,3.335623640648919,1.6047517442730168,0.04691175577499962,0.22318159529277182
2025-10-28 14:11:08.578,3.335702614591355,1.6040409787910903,0.04691175577499962,0.22270775163815415
2025-10-28 14:11:09.601,3.336255432188409,1.603646109078909,0.04762252125692612,0.22318159529277182
2025-10-28 14:11:10.625,3.336255432188409,1.6030143175394187,0.04849123462372518,0.22562978750829643
2025-10-28 14:11:11.654,3.335623640648919,1.6031722654242913,0.05022866135732329,0.22318159529277182
2025-10-28 14:11:12.682,3.3355446667064825,1.6033302133091638,0.04935994799052423,0.22507696991124249
2025-10-28 14:11:13.708,3.3355446667064825,1.6038040569637815,0.04825431279641634,0.22365543894738948
2025-10-28 14:11:14.732,3.3352287709367374,1.6043568745608354,0.04833328673885262,0.2228656995230267
2025-10-28 14:11:15.755,3.3354656927640463,1.6038830309062178,0.05030763529975957,0.22507696991124249
2025-10-28 14:11:16.779,3.3354656927640463,1.6037250830213452,0.04951789587539679,0.22294467346546298
2025-10-28 14:11:17.802,3.33538671882161,1.6028563696545461,0.04809636491154379,0.22270775163815415
2025-10-28 14:11:18.826,3.3357815885337914,1.6035671351364726,0.04809636491154379,0.22318159529277182
2025-10-28 14:11:19.851,3.3354656927640463,1.6023825259999285,0.04833328673885262,0.2228656995230267
2025-10-28 14:11:20.879,3.3354656927640463,1.6041199527335266,0.046753807890127064,0.22168109038648254
2025-10-28 14:11:21.911,3.3354656927640463,1.603093291481855,0.0484122606812889,0.2232605692352081
2025-10-28 14:11:22.937,3.334833901224556,1.6037250830213452,0.04833328673885262,0.22262877769571787
2025-10-28 14:11:23.964,3.335070823051865,1.6035671351364726,0.047069703659872175,0.22341851712008065
2025-10-28 14:11:24.990,3.3349918491094286,1.6045937963881443,0.04722765154474473,0.2235764650049532
2025-10-28 14:11:26.015,3.335149796994301,1.6032512393667275,0.049280974048087955,0.22476107414149737
2025-10-28 14:11:27.042,3.335070823051865,1.6029353435969824,0.047859443084234954,0.22341851712008065
2025-10-28 14:11:28.070,3.3353077448791737,1.6038830309062178,0.049675843760269345,0.22318159529277182
2025-10-28 14:11:29.095,3.3349128751669923,1.6041989266759629,0.04738559942961729,0.2235764650049532
2025-10-28 14:11:30.124,3.335149796994301,1.6049886661003256,0.04683278183256334,0.22444517837175226
2025-10-28 14:11:31.150,3.3349918491094286,1.6038040569637815,0.048570208566161455,0.22310262135033554
2025-10-28 14:11:32.177,3.33538671882161,1.603962004848654,0.0477014951993624,0.22270775163815415
2025-10-28 14:11:33.200,3.3347549272821198,1.6038040569637815,0.046753807890127064,0.22389236077469832
2025-10-28 14:11:34.226,3.334833901224556,1.6035671351364726,0.04849123462372518,0.22436620442931599
2025-10-28 14:11:35.251,3.334833901224556,1.603093291481855,0.04833328673885262,0.22333954317764437
2025-10-28 14:11:36.277,3.3352287709367374,1.6038830309062178,0.04722765154474473,0.22262877769571787
2025-10-28 14:11:37.303,3.334833901224556,1.6033302133091638,0.04691175577499962,0.22341851712008065
2025-10-28 14:11:38.330,3.334833901224556,1.6042779006183991,0.0505445571270684,0.22389236077469832
2025-10-28 14:11:39.357,3.3346759533396835,1.603093291481855,0.04809636491154379,0.22333954317764437
2025-10-28 14:11:40.383,3.3349128751669923,1.6035671351364726,0.04801739096910751,0.22381338683226204
2025-10-28 14:11:41.408,3.334596979397247,1.6040409787910903,0.04864918250859773,0.22389236077469832
2025-10-28 14:11:42.434,3.335149796994301,1.6029353435969824,0.04722765154474473,0.22405030865957087
2025-10-28 14:11:43.460,3.3344390315123746,1.603962004848654,0.047464573372053565,0.22318159529277182
2025-10-28 14:11:44.488,3.3346759533396835,1.603962004848654,0.05086045289681351,0.22310262135033554
2025-10-28 14:11:45.513,3.3344390315123746,1.6030143175394187,0.05022866135732329,0.22349749106251693
2025-10-28 14:11:46.539,3.334518005454811,1.603646109078909,0.04722765154474473,0.22191801221379137
2025-10-28 14:11:47.567,3.334596979397247,1.6043568745608354,0.05086045289681351,0.22310262135033554
2025-10-28 14:11:48.592,3.3346759533396835,1.603646109078909,0.04714867760230845,0.22247082981084532
2025-10-28 14:11:49.620,3.334596979397247,1.6040409787910903,0.04880713039347029,0.22294467346546298
2025-10-28 14:11:50.648,3.334833901224556,1.6037250830213452,0.05046558318463212,0.22405030865957087
2025-10-28 14:11:51.673,3.333965187857757,1.6034091872516,0.04825431279641634,0.22333954317764437
2025-10-28 14:11:52.699,3.3343600575699384,1.6040409787910903,0.04920200010565168,0.22239185586840904
2025-10-28 14:11:53.726,3.334281083627502,1.6035671351364726,0.05062353106950468,0.22389236077469832
2025-10-28 14:11:54.754,3.334281083627502,1.6034881611940364,0.04691175577499962,0.22278672558059043
2025-10-28 14:11:55.781,3.334202109685066,1.6041989266759629,0.04730662548718101,0.22318159529277182
2025-10-28 14:11:56.806,3.3338862139153207,1.6034881611940364,0.04872815645103401,0.22444517837175226
2025-10-28 14:11:57.831,3.3343600575699384,1.6028563696545461,0.04722765154474473,0.22349749106251693
2025-10-28 14:11:58.856,3.3341231357426295,1.603646109078909,0.0469907297174359,0.22310262135033554
2025-10-28 14:11:59.882,3.334281083627502,1.6041989266759629,0.04683278183256334,0.22523491779611504
2025-10-28 14:12:00.911,3.3343600575699384,1.6038040569637815,0.04825431279641634,0.2232605692352081
2025-10-28 14:12:01.936,3.3343600575699384,1.603646109078909,0.04722765154474473,0.22278672558059043
2025-10-28 14:12:02.965,3.334281083627502,1.6041199527335266,0.04714867760230845,0.22452415231418854
2025-10-28 14:12:03.993,3.334202109685066,1.6038830309062178,0.047069703659872175,0.22231288192597276
2025-10-28 14:12:05.020,3.3338072399728844,1.6037250830213452,0.049280974048087955,0.2249979959688062
2025-10-28 14:12:06.048,3.333649292088012,1.6034881611940364,0.047464573372053565,0.22562978750829643
2025-10-28 14:12:07.077,3.3338862139153207,1.603646109078909,0.04754354731448984,0.2225498037532816
2025-10-28 14:12:08.102,3.3338862139153207,1.6042779006183991,0.047464573372053565,0.22231288192597276
2025-10-28 14:12:09.129,3.333728266030448,1.6029353435969824,0.04975481770270562,0.2253928656809876
2025-10-28 14:12:10.156,3.3335703181455756,1.6040409787910903,0.0477014951993624,0.22333954317764437
2025-10-28 14:12:11.179,3.3333333963182668,1.6038040569637815,0.04872815645103401,0.2221549340411002
2025-10-28 14:12:12.206,3.333649292088012,1.6038830309062178,0.04959686981783307,0.22405030865957087
2025-10-28 14:12:13.232,3.333412370260703,1.6038040569637815,0.04849123462372518,0.22365543894738948
2025-10-28 14:12:14.257,3.333649292088012,1.6035671351364726,0.0484122606812889,0.22420825654444343
2025-10-28 14:12:15.282,3.333412370260703,1.6038830309062178,0.050070713472450734,0.22491902202636993
2025-10-28 14:12:16.308,3.333412370260703,1.6030143175394187,0.04730662548718101,0.22333954317764437
2025-10-28 14:12:17.335,3.3340441618001933,1.603646109078909,0.046753807890127064,0.22310262135033554
2025-10-28 14:12:18.363,3.333175448433394,1.6041989266759629,0.04943892193296051,0.22318159529277182
2025-10-28 14:12:19.389,3.3334913442031393,1.6031722654242913,0.04991276558757818,0.22405030865957087
2025-10-28 14:12:20.416,3.3329385266060854,1.6032512393667275,0.048175338853980065,0.22373441288982576
2025-10-28 14:12:21.444,3.3333333963182668,1.6034881611940364,0.0477014951993624,0.2235764650049532
2025-10-28 14:12:22.471,3.3332544223758305,1.603093291481855,0.04730662548718101,0.2239713347171346
2025-10-28 14:12:23.499,3.3329385266060854,1.6034881611940364,0.04738559942961729,0.22294467346546298
2025-10-28 14:12:24.524,3.333175448433394,1.6041989266759629,0.0469907297174359,0.2235764650049532
2025-10-28 14:12:25.550,3.333965187857757,1.6038830309062178,0.04864918250859773,0.22302364740789926
2025-10-28 14:12:26.576,3.333412370260703,1.6041989266759629,0.04754354731448984,0.22310262135033554
2025-10-28 14:12:27.604,3.3334913442031393,1.6028563696545461,0.04691175577499962,0.22420825654444343
2025-10-28 14:12:28.630,3.3329385266060854,1.603962004848654,0.04904405222077912,0.22294467346546298
2025-10-28 14:12:29.656,3.3334913442031393,1.603093291481855,0.04714867760230845,0.22294467346546298
2025-10-28 14:12:30.682,3.333096474490958,1.6047517442730168,0.04659586000525451,0.22207596009866393
2025-10-28 14:12:31.708,3.3334913442031393,1.6031722654242913,0.05014968741488701,0.2239713347171346
2025-10-28 14:12:32.734,3.332780578721213,1.6040409787910903,0.049675843760269345,0.22484004808393365
2025-10-28 14:12:33.759,3.3333333963182668,1.603962004848654,0.04809636491154379,0.2221549340411002
2025-10-28 14:12:34.785,3.333096474490958,1.603646109078909,0.04683278183256334,0.22634055299022293
2025-10-28 14:12:35.811,3.3332544223758305,1.6044358485032717,0.0477014951993624,0.22420825654444343
2025-10-28 14:12:36.836,3.3329385266060854,1.6032512393667275,0.04801739096910751,0.22349749106251693
2025-10-28 14:12:37.862,3.332859552663649,1.6038040569637815,0.047859443084234954,0.22405030865957087
2025-10-28 14:12:38.889,3.332306735066595,1.6038040569637815,0.047780469141798676,0.2239713347171346
2025-10-28 14:12:39.916,3.3329385266060854,1.6029353435969824,0.0477014951993624,0.22294467346546298
2025-10-28 14:12:40.943,3.3329385266060854,1.6033302133091638,0.04691175577499962,0.22231288192597276
2025-10-28 14:12:41.969,3.332859552663649,1.603962004848654,0.04801739096910751,0.2246821001990611
2025-10-28 14:12:42.995,3.332543656893904,1.6031722654242913,0.0484122606812889,0.2232605692352081
2025-10-28 14:12:44.018,3.3329385266060854,1.6030143175394187,0.047780469141798676,0.22412928260200715
2025-10-28 14:12:45.045,3.332543656893904,1.6026984217696736,0.048175338853980065,0.22460312625662482
2025-10-28 14:12:46.072,3.3324646829514677,1.6042779006183991,0.047464573372053565,0.2232605692352081
2025-10-28 14:12:47.098,3.3326226308363402,1.6033302133091638,0.048965078278342844,0.22389236077469832
2025-10-28 14:12:48.123,3.332543656893904,1.6037250830213452,0.04951789587539679,0.22547183962342388
2025-10-28 14:12:49.148,3.332227761124159,1.6032512393667275,0.04754354731448984,0.22365543894738948
2025-10-28 14:12:50.175,3.3323857090090314,1.6042779006183991,0.047780469141798676,0.22247082981084532
2025-10-28 14:12:51.201,3.332306735066595,1.6034881611940364,0.048175338853980065,0.22389236077469832
2025-10-28 14:12:52.228,3.33199083929685,1.6037250830213452,0.048886104335906566,0.22318159529277182
2025-10-28 14:12:53.254,3.3319118653544137,1.6033302133091638,0.04714867760230845,0.22247082981084532
2025-10-28 14:12:54.279,3.3319118653544137,1.6038830309062178,0.04683278183256334,0.22365543894738948
2025-10-28 14:12:55.308,3.3318328914119775,1.6043568745608354,0.04762252125692612,0.2242872304868797
2025-10-28 14:12:56.337,3.3320698132392863,1.6034091872516,0.049280974048087955,0.22302364740789926
2025-10-28 14:12:57.364,3.3318328914119775,1.6035671351364726,0.046674833947690786,0.22389236077469832
2025-10-28 14:12:58.389,3.3323857090090314,1.6038040569637815,0.04722765154474473,0.2232605692352081
2025-10-28 14:12:59.415,3.3315959695846686,1.6034881611940364,0.04880713039347029,0.22302364740789926
2025-10-28 14:13:00.441,3.332543656893904,1.6041199527335266,0.04833328673885262,0.22223390798353648
2025-10-28 14:13:01.467,3.3318328914119775,1.6044358485032717,0.04738559942961729,0.2242872304868797
2025-10-28 14:13:02.493,3.331753917469541,1.6042779006183991,0.04722765154474473,0.22318159529277182
2025-10-28 14:13:03.518,3.3323857090090314,1.6033302133091638,0.04872815645103401,0.22420825654444343
2025-10-28 14:13:04.543,3.331438021699796,1.6026984217696736,0.04738559942961729,0.22302364740789926
2025-10-28 14:13:05.566,3.3320698132392863,1.6032512393667275,0.04849123462372518,0.22349749106251693
2025-10-28 14:13:06.592,3.33199083929685,1.6040409787910903,0.04864918250859773,0.22278672558059043
2025-10-28 14:13:07.617,3.3318328914119775,1.6038040569637815,0.04691175577499962,0.22349749106251693
2025-10-28 14:13:08.645,3.3315959695846686,1.603646109078909,0.04659586000525451,0.2253928656809876
2025-10-28 14:13:09.672,3.331438021699796,1.6035671351364726,0.04754354731448984,0.22333954317764437
2025-10-28 14:13:10.699,3.33199083929685,1.6042779006183991,0.04659586000525451,0.2232605692352081
2025-10-28 14:13:11.724,3.331438021699796,1.6037250830213452,0.04762252125692612,0.22341851712008065
2025-10-28 14:13:12.751,3.3315959695846686,1.6041989266759629,0.048570208566161455,0.22460312625662482
2025-10-28 14:13:13.775,3.3315959695846686,1.6040409787910903,0.04833328673885262,0.22349749106251693
2025-10-28 14:13:14.803,3.331438021699796,1.6045937963881443,0.0477014951993624,0.2235764650049532
2025-10-28 14:13:15.830,3.3312800738149235,1.6041989266759629,0.047464573372053565,0.22444517837175226
2025-10-28 14:13:16.857,3.331122125930051,1.6041989266759629,0.04683278183256334,0.22278672558059043
2025-10-28 14:13:17.882,3.331122125930051,1.6038830309062178,0.0477014951993624,0.2221549340411002
2025-10-28 14:13:18.909,3.331438021699796,1.6032512393667275,0.04864918250859773,0.22412928260200715
2025-10-28 14:13:19.935,3.331438021699796,1.6038040569637815,0.04833328673885262,0.22223390798353648
2025-10-28 14:13:20.962,3.3312800738149235,1.6042779006183991,0.046753807890127064,0.22176006432891882
2025-10-28 14:13:21.992,3.3310431519876147,1.6034091872516,0.04864918250859773,0.22270775163815415
2025-10-28 14:13:23.018,3.330885204102742,1.6042779006183991,0.05030763529975957,0.2242872304868797
2025-10-28 14:13:24.044,3.3307272562178696,1.6035671351364726,0.04659586000525451,0.22247082981084532
2025-10-28 14:13:25.069,3.3309641780451784,1.6033302133091638,0.04833328673885262,0.2232605692352081
2025-10-28 14:13:26.096,3.330806230160306,1.6044358485032717,0.047464573372053565,0.22278672558059043
2025-10-28 14:13:27.123,3.3309641780451784,1.6035671351364726,0.04659586000525451,0.22278672558059043
2025-10-28 14:13:28.154,3.3309641780451784,1.6043568745608354,0.04833328673885262,0.22365543894738948
2025-10-28 14:13:29.180,3.330806230160306,1.6035671351364726,0.04991276558757818,0.22270775163815415
2025-10-28 14:13:30.205,3.3304903343905607,1.6047517442730168,0.04659586000525451,0.22452415231418854
2025-10-28 14:13:31.231,3.3310431519876147,1.6032512393667275,0.04738559942961729,0.22476107414149737
2025-10-28 14:13:32.257,3.3309641780451784,1.6040409787910903,0.04809636491154379,0.22231288192597276
2025-10-28 14:13:33.284,3.3312010998724872,1.6035671351364726,0.04730662548718101,0.22420825654444343
2025-10-28 14:13:34.310,3.330253412563252,1.6030143175394187,0.04762252125692612,0.22405030865957087
2025-10-28 14:13:35.336,3.3306482822754333,1.6034881611940364,0.04738559942961729,0.22318159529277182
2025-10-28 14:13:36.361,3.3307272562178696,1.6042779006183991,0.0477014951993624,0.2218390382713551
2025-10-28 14:13:37.387,3.3307272562178696,1.6034881611940364,0.04730662548718101,0.22555081356586015
2025-10-28 14:13:38.414,3.331122125930051,1.6033302133091638,0.04754354731448984,0.22531389173855132
2025-10-28 14:13:39.441,3.3307272562178696,1.6035671351364726,0.04793841702667123,0.22231288192597276
2025-10-28 14:13:40.468,3.3304113604481245,1.6033302133091638,0.04872815645103401,0.2246821001990611
2025-10-28 14:13:41.494,3.3309641780451784,1.6034881611940364,0.04920200010565168,0.22389236077469832
2025-10-28 14:13:42.520,3.3304903343905607,1.6034091872516,0.04880713039347029,0.22420825654444343
2025-10-28 14:13:43.546,3.3304903343905607,1.6037250830213452,0.04691175577499962,0.2242872304868797
2025-10-28 14:13:44.572,3.330332386505688,1.6041199527335266,0.050781478954377235,0.22294467346546298
2025-10-28 14:13:45.597,3.3301744386208156,1.603962004848654,0.04809636491154379,0.22389236077469832
2025-10-28 14:13:46.622,3.3301744386208156,1.6038040569637815,0.04809636491154379,0.2225498037532816
2025-10-28 14:13:47.647,3.3307272562178696,1.6041199527335266,0.047464573372053565,0.22341851712008065
2025-10-28 14:13:48.673,3.3304903343905607,1.6034091872516,0.048570208566161455,0.22365543894738948
2025-10-28 14:13:49.702,3.3304113604481245,1.6037250830213452,0.04754354731448984,0.22278672558059043
2025-10-28 14:13:50.727,3.3304903343905607,1.603646109078909,0.04754354731448984,0.22389236077469832
2025-10-28 14:13:51.754,3.3301744386208156,1.6044358485032717,0.049675843760269345,0.22594568327804154
2025-10-28 14:13:52.780,3.3301744386208156,1.6038830309062178,0.04754354731448984,0.22349749106251693
2025-10-28 14:13:53.806,3.3304113604481245,1.6035671351364726,0.04730662548718101,0.2232605692352081
2025-10-28 14:13:54.831,3.3297795689086342,1.6038830309062178,0.04730662548718101,0.2257087614507327
2025-10-28 14:13:55.857,3.3298585428510705,1.6031722654242913,0.047859443084234954,0.22207596009866393
2025-10-28 14:13:56.883,3.330253412563252,1.6040409787910903,0.047780469141798676,0.22262877769571787
2025-10-28 14:13:57.909,3.3301744386208156,1.603646109078909,0.048886104335906566,0.22436620442931599
2025-10-28 14:13:58.934,3.3296216210237617,1.6038830309062178,0.047464573372053565,0.2228656995230267
2025-10-28 14:13:59.958,3.3298585428510705,1.603646109078909,0.04801739096910751,0.22412928260200715
2025-10-28 14:14:00.983,3.330332386505688,1.6044358485032717,0.04935994799052423,0.22333954317764437
2025-10-28 14:14:02.010,3.329700594966198,1.6035671351364726,0.047464573372053565,0.22460312625662482
2025-10-28 14:14:03.036,3.3297795689086342,1.6029353435969824,0.04714867760230845,0.22420825654444343
2025-10-28 14:14:04.061,3.3295426470813254,1.6034091872516,0.047859443084234954,0.2228656995230267
2025-10-28 14:14:05.092,3.3301744386208156,1.6040409787910903,0.05086045289681351,0.22436620442931599
2025-10-28 14:14:06.116,3.329937516793507,1.6031722654242913,0.0477014951993624,0.22231288192597276
2025-10-28 14:14:07.144,3.329937516793507,1.6033302133091638,0.04959686981783307,0.22247082981084532
2025-10-28 14:14:08.173,3.329463673138889,1.6026984217696736,0.048886104335906566,0.22302364740789926
2025-10-28 14:14:09.201,3.3298585428510705,1.6035671351364726,0.046674833947690786,0.2235764650049532
2025-10-28 14:14:10.230,3.3297795689086342,1.6034881611940364,0.0477014951993624,0.2232605692352081
2025-10-28 14:14:11.259,3.3295426470813254,1.6027773957121099,0.050070713472450734,0.22381338683226204
2025-10-28 14:14:12.287,3.329463673138889,1.6040409787910903,0.05014968741488701,0.22310262135033554
2025-10-28 14:14:13.313,3.329384699196453,1.6038830309062178,0.04864918250859773,0.22405030865957087
2025-10-28 14:14:14.338,3.329384699196453,1.6037250830213452,0.048965078278342844,0.2221549340411002
2025-10-28 14:14:15.363,3.329700594966198,1.6032512393667275,0.04683278183256334,0.22239185586840904
2025-10-28 14:14:16.392,3.3295426470813254,1.6041199527335266,0.04825431279641634,0.2242872304868797
2025-10-28 14:14:17.418,3.329463673138889,1.602540473884801,0.04809636491154379,0.22341851712008065
2025-10-28 14:14:18.444,3.3295426470813254,1.6032512393667275,0.047780469141798676,0.22302364740789926
2025-10-28 14:14:19.470,3.329463673138889,1.6032512393667275,0.0477014951993624,0.22405030865957087
2025-10-28 14:14:20.496,3.3295426470813254,1.6038830309062178,0.05014968741488701,0.2242872304868797
2025-10-28 14:14:21.521,3.329147777369144,1.6038040569637815,0.04691175577499962,0.2228656995230267
2025-10-28 14:14:22.546,3.3292267513115803,1.6044358485032717,0.04762252125692612,0.22341851712008065
2025-10-28 14:14:23.571,3.329147777369144,1.6040409787910903,0.05101840078168607,0.22318159529277182
2025-10-28 14:14:24.593,3.3290688034267077,1.603962004848654,0.04849123462372518,0.22420825654444343
2025-10-28 14:14:25.616,3.3290688034267077,1.6034881611940364,0.04825431279641634,0.22349749106251693
2025-10-28 14:14:26.640,3.328831881599399,1.6040409787910903,0.0477014951993624,0.22484004808393365
2025-10-28 14:14:27.663,3.329147777369144,1.6034881611940364,0.047780469141798676,0.22381338683226204
2025-10-28 14:14:28.687,3.3287529076569626,1.6035671351364726,0.046674833947690786,0.2232605692352081
2025-10-28 14:14:29.710,3.329463673138889,1.603646109078909,0.047464573372053565,0.2235764650049532
2025-10-28 14:14:30.733,3.329147777369144,1.6033302133091638,0.050781478954377235,0.2257087614507327
2025-10-28 14:14:31.761,3.328831881599399,1.6034091872516,0.04683278183256334,0.22436620442931599
2025-10-28 14:14:32.785,3.3289898294842715,1.6027773957121099,0.0477014951993624,0.22199698615622765
2025-10-28 14:14:33.808,3.3283580379447812,1.6032512393667275,0.04754354731448984,0.22452415231418854
2025-10-28 14:14:34.832,3.328910855541835,1.6035671351364726,0.0498337916451419,0.2239713347171346
2025-10-28 14:14:35.855,3.3283580379447812,1.6035671351364726,0.04849123462372518,0.22310262135033554
2025-10-28 14:14:36.881,3.32859495977209,1.6041199527335266,0.04683278183256334,0.22302364740789926
2025-10-28 14:14:37.908,3.3290688034267077,1.6038830309062178,0.0477014951993624,0.2232605692352081
2025-10-28 14:14:38.931,3.3284370118872175,1.6038830309062178,0.048570208566161455,0.2232605692352081
2025-10-28 14:14:39.955,3.3287529076569626,1.6032512393667275,0.04880713039347029,0.22420825654444343
2025-10-28 14:14:40.978,3.3290688034267077,1.6043568745608354,0.04730662548718101,0.22302364740789926
2025-10-28 14:14:42.002,3.3287529076569626,1.6034881611940364,0.04809636491154379,0.22294467346546298
2025-10-28 14:14:43.031,3.3286739337145264,1.6040409787910903,0.04849123462372518,0.22507696991124249
2025-10-28 14:14:44.060,3.328831881599399,1.6042779006183991,0.049280974048087955,0.22247082981084532
2025-10-28 14:14:45.091,3.3290688034267077,1.6034881611940364,0.0505445571270684,0.22476107414149737
2025-10-28 14:14:46.118,3.329147777369144,1.6033302133091638,0.0469907297174359,0.22341851712008065
2025-10-28 14:14:47.143,3.328910855541835,1.603646109078909,0.047859443084234954,0.22484004808393365
2025-10-28 14:14:48.172,3.328279064002345,1.6038830309062178,0.0484122606812889,0.2253928656809876
2025-10-28 14:14:49.197,3.3283580379447812,1.6033302133091638,0.04762252125692612,0.22365543894738948
2025-10-28 14:14:50.224,3.3281211161174724,1.6040409787910903,0.046753807890127064,0.22302364740789926
2025-10-28 14:14:51.251,3.3282000900599087,1.6037250830213452,0.04880713039347029,0.22531389173855132
2025-10-28 14:14:52.279,3.328910855541835,1.6043568745608354,0.04801739096910751,0.22318159529277182
2025-10-28 14:14:53.308,3.3282000900599087,1.603646109078909,0.0477014951993624,0.22333954317764437
2025-10-28 14:14:54.334,3.3282000900599087,1.6031722654242913,0.04833328673885262,0.22341851712008065
2025-10-28 14:14:55.359,3.3281211161174724,1.6033302133091638,0.04730662548718101,0.22349749106251693
2025-10-28 14:14:56.384,3.328042142175036,1.6037250830213452,0.04809636491154379,0.22294467346546298
2025-10-28 14:14:57.411,3.32859495977209,1.603962004848654,0.04864918250859773,0.22405030865957087
2025-10-28 14:14:58.439,3.3278052203477273,1.6041989266759629,0.049280974048087955,0.22239185586840904
2025-10-28 14:14:59.465,3.3278841942901636,1.6038830309062178,0.04793841702667123,0.22318159529277182
2025-10-28 14:15:00.490,3.328042142175036,1.6042779006183991,0.05086045289681351,0.22405030865957087
2025-10-28 14:15:01.521,3.3279631682326,1.603093291481855,0.048886104335906566,0.22333954317764437
2025-10-28 14:15:02.548,3.3284370118872175,1.6030143175394187,0.047069703659872175,0.22365543894738948
2025-10-28 14:15:03.574,3.328042142175036,1.6037250830213452,0.048175338853980065,0.2242872304868797
2025-10-28 14:15:04.600,3.3279631682326,1.6041199527335266,0.0469907297174359,0.2221549340411002
2025-10-28 14:15:05.626,3.3278841942901636,1.6038830309062178,0.0469907297174359,0.22302364740789926
2025-10-28 14:15:06.651,3.3278052203477273,1.6031722654242913,0.0477014951993624,0.22562978750829643
2025-10-28 14:15:07.677,3.327726246405291,1.6027773957121099,0.048175338853980065,0.22247082981084532
2025-10-28 14:15:08.704,3.3275682985204185,1.6041989266759629,0.047859443084234954,0.22199698615622765
2025-10-28 14:15:09.730,3.3275682985204185,1.6031722654242913,0.04714867760230845,0.2242872304868797
2025-10-28 14:15:10.757,3.328279064002345,1.6045937963881443,0.0477014951993624,0.2225498037532816
2025-10-28 14:15:11.784,3.327489324577982,1.6041199527335266,0.0484122606812889,0.2232605692352081
2025-10-28 14:15:12.812,3.3276472724628547,1.6038830309062178,0.048175338853980065,0.22634055299022293
2025-10-28 14:15:13.839,3.3278841942901636,1.6043568745608354,0.04825431279641634,0.22349749106251693
2025-10-28 14:15:14.865,3.3275682985204185,1.6034091872516,0.04683278183256334,0.22223390798353648
2025-10-28 14:15:15.892,3.3275682985204185,1.604514822445708,0.04762252125692612,0.22460312625662482
2025-10-28 14:15:16.919,3.3273313766931096,1.603646109078909,0.04809636491154379,0.22349749106251693
2025-10-28 14:15:17.944,3.327173428808237,1.603646109078909,0.047780469141798676,0.2246821001990611
2025-10-28 14:15:18.972,3.327410350635546,1.6028563696545461,0.04880713039347029,0.2242872304868797
2025-10-28 14:15:19.998,3.3278052203477273,1.6034091872516,0.0484122606812889,0.22318159529277182
2025-10-28 14:15:21.025,3.327726246405291,1.6041989266759629,0.04880713039347029,0.2225498037532816
2025-10-28 14:15:22.054,3.327173428808237,1.6035671351364726,0.04738559942961729,0.22318159529277182
2025-10-28 14:15:23.083,3.3275682985204185,1.6041199527335266,0.046753807890127064,0.22191801221379137
2025-10-28 14:15:24.111,3.3275682985204185,1.6034881611940364,0.0484122606812889,0.22365543894738948
2025-10-28 14:15:25.139,3.3272524027506734,1.603093291481855,0.04904405222077912,0.22239185586840904
2025-10-28 14:15:26.164,3.327726246405291,1.6037250830213452,0.04809636491154379,0.22168109038648254
2025-10-28 14:15:27.190,3.3270154809233645,1.6037250830213452,0.05014968741488701,0.2235764650049532
2025-10-28 14:15:28.215,3.3272524027506734,1.6037250830213452,0.04872815645103401,0.22405030865957087
2025-10-28 14:15:29.242,3.3272524027506734,1.6034091872516,0.046753807890127064,0.22318159529277182
2025-10-28 14:15:30.268,3.3272524027506734,1.603646109078909,0.04793841702667123,0.22405030865957087
2025-10-28 14:15:31.293,3.327094454865801,1.6044358485032717,0.04935994799052423,0.22412928260200715
2025-10-28 14:15:32.319,3.3272524027506734,1.6033302133091638,0.047859443084234954,0.2228656995230267
2025-10-28 14:15:33.346,3.3267785590960557,1.6033302133091638,0.04849123462372518,0.22191801221379137
2025-10-28 14:15:34.376,3.3267785590960557,1.6030143175394187,0.048570208566161455,0.2228656995230267
2025-10-28 14:15:35.403,3.327173428808237,1.603646109078909,0.04730662548718101,0.22270775163815415
2025-10-28 14:15:36.429,3.3272524027506734,1.6031722654242913,0.047780469141798676,0.22294467346546298
2025-10-28 14:15:37.456,3.326857533038492,1.603646109078909,0.04825431279641634,0.2246821001990611
2025-10-28 14:15:38.483,3.3270154809233645,1.603962004848654,0.04793841702667123,0.22207596009866393
2025-10-28 14:15:39.512,3.326857533038492,1.6034881611940364,0.0477014951993624,0.22586670933560526
2025-10-28 14:15:40.540,3.3266995851536194,1.6040409787910903,0.048175338853980065,0.22373441288982576
2025-10-28 14:15:41.567,3.327094454865801,1.603646109078909,0.047859443084234954,0.22207596009866393
2025-10-28 14:15:42.592,3.3272524027506734,1.6035671351364726,0.047464573372053565,0.22349749106251693
2025-10-28 14:15:43.619,3.327094454865801,1.6038040569637815,0.0484122606812889,0.22381338683226204
2025-10-28 14:15:44.644,3.327173428808237,1.603962004848654,0.04730662548718101,0.22239185586840904
2025-10-28 14:15:45.671,3.3270154809233645,1.603646109078909,0.048175338853980065,0.22491902202636993
2025-10-28 14:15:46.698,3.3273313766931096,1.6032512393667275,0.04691175577499962,0.22405030865957087
2025-10-28 14:15:47.724,3.326857533038492,1.6035671351364726,0.04691175577499962,0.22270775163815415
2025-10-28 14:15:48.750,3.3270154809233645,1.6041199527335266,0.04809636491154379,0.22405030865957087
2025-10-28 14:15:49.775,3.3273313766931096,1.6023035520574922,0.04833328673885262,0.22302364740789926
2025-10-28 14:15:50.799,3.327410350635546,1.6038830309062178,0.048965078278342844,0.22262877769571787
2025-10-28 14:15:51.827,3.327173428808237,1.6037250830213452,0.04738559942961729,0.22294467346546298
2025-10-28 14:15:52.860,3.3272524027506734,1.6031722654242913,0.0469907297174359,0.22262877769571787
2025-10-28 14:15:53.885,3.3267785590960557,1.6040409787910903,0.047464573372053565,0.22207596009866393
2025-10-28 14:15:54.913,3.3269365069809282,1.6033302133091638,0.04864918250859773,0.22444517837175226
2025-10-28 14:15:55.938,3.3276472724628547,1.603646109078909,0.047069703659872175,0.2228656995230267
2025-10-28 14:15:56.966,3.326620611211183,1.6042779006183991,0.047780469141798676,0.22412928260200715
2025-10-28 14:15:57.991,3.326541637268747,1.603646109078909,0.048570208566161455,0.22436620442931599
2025-10-28 14:15:59.017,3.3269365069809282,1.6040409787910903,0.04951789587539679,0.22515594385367876
2025-10-28 14:16:00.044,3.3269365069809282,1.6031722654242913,0.04801739096910751,0.22333954317764437
2025-10-28 14:16:01.072,3.326620611211183,1.6034091872516,0.04738559942961729,0.22389236077469832
2025-10-28 14:16:02.102,3.326620611211183,1.6038040569637815,0.04793841702667123,0.22270775163815415
2025-10-28 14:16:03.126,3.3263836893838743,1.6034091872516,0.04793841702667123,0.22278672558059043
2025-10-28 14:16:04.152,3.327094454865801,1.6046727703305805,0.04864918250859773,0.22452415231418854
2025-10-28 14:16:05.177,3.3263836893838743,1.6033302133091638,0.04833328673885262,0.22365543894738948
2025-10-28 14:16:06.202,3.3266995851536194,1.6038040569637815,0.04801739096910751,0.22231288192597276
2025-10-28 14:16:07.228,3.3263836893838743,1.6045937963881443,0.046753807890127064,0.22262877769571787
2025-10-28 14:16:08.256,3.326541637268747,1.6038830309062178,0.047859443084234954,0.22302364740789926
2025-10-28 14:16:09.283,3.326067793614129,1.6045937963881443,0.04801739096910751,0.22247082981084532
2025-10-28 14:16:10.310,3.3259098457292566,1.6029353435969824,0.05030763529975957,0.2242872304868797
2025-10-28 14:16:11.336,3.3263836893838743,1.603093291481855,0.04738559942961729,0.22562978750829643
2025-10-28 14:16:12.359,3.326541637268747,1.6035671351364726,0.04849123462372518,0.22365543894738948
2025-10-28 14:16:13.388,3.3263836893838743,1.6035671351364726,0.04762252125692612,0.22507696991124249
2025-10-28 14:16:14.416,3.326067793614129,1.6042779006183991,0.04833328673885262,0.22333954317764437
2025-10-28 14:16:15.442,3.325672923901948,1.6035671351364726,0.04683278183256334,0.22349749106251693
2025-10-28 14:16:16.468,3.3263836893838743,1.6034881611940364,0.047464573372053565,0.2228656995230267
2025-10-28 14:16:17.495,3.325672923901948,1.6034091872516,0.04714867760230845,0.22310262135033554
2025-10-28 14:16:18.522,3.3255149760170752,1.6038040569637815,0.050386609242195846,0.22310262135033554
2025-10-28 14:16:19.549,3.325751897844384,1.6038830309062178,0.047859443084234954,0.22278672558059043
2025-10-28 14:16:20.575,3.3258308717868204,1.6034091872516,0.04864918250859773,0.2242872304868797
2025-10-28 14:16:21.605,3.3258308717868204,1.603962004848654,0.04801739096910751,0.2228656995230267
2025-10-28 14:16:22.631,3.3261467675565655,1.6034091872516,0.04730662548718101,0.22436620442931599
2025-10-28 14:16:23.657,3.3259098457292566,1.6042779006183991,0.04738559942961729,0.22365543894738948
2025-10-28 14:16:24.683,3.325988819671693,1.6038040569637815,0.04801739096910751,0.22310262135033554
2025-10-28 14:16:25.711,3.3262257414990017,1.6038830309062178,0.05022866135732329,0.22436620442931599
2025-10-28 14:16:26.736,3.3263836893838743,1.6038830309062178,0.047464573372053565,0.22365543894738948
2025-10-28 14:16:27.762,3.3255149760170752,1.6040409787910903,0.050386609242195846,0.22341851712008065
2025-10-28 14:16:28.789,3.3255149760170752,1.603962004848654,0.04801739096910751,0.22436620442931599
2025-10-28 14:16:29.821,3.325436002074639,1.604514822445708,0.047069703659872175,0.22270775163815415
2025-10-28 14:16:30.846,3.3252780541897664,1.603646109078909,0.04730662548718101,0.2232605692352081
2025-10-28 14:16:31.876,3.3252780541897664,1.603646109078909,0.04762252125692612,0.22412928260200715
2025-10-28 14:16:32.899,3.3255149760170752,1.6031722654242913,0.04730662548718101,0.22318159529277182
2025-10-28 14:16:33.931,3.3253570281322027,1.603646109078909,0.04809636491154379,0.22491902202636993
2025-10-28 14:16:34.961,3.324883184477585,1.6034091872516,0.04738559942961729,0.22341851712008065
2025-10-28 14:16:35.987,3.32519908024733,1.6043568745608354,0.04714867760230845,0.22318159529277182
2025-10-28 14:16:37.014,3.3247252365927125,1.603093291481855,0.05022866135732329,0.22349749106251693
2025-10-28 14:16:38.039,3.3250411323624576,1.6040409787910903,0.05046558318463212,0.2235764650049532
2025-10-28 14:16:39.067,3.325120106304894,1.6040409787910903,0.04793841702667123,0.22270775163815415
2025-10-28 14:16:40.094,3.3255149760170752,1.6029353435969824,0.0477014951993624,0.22562978750829643
2025-10-28 14:16:41.118,3.32519908024733,1.6038040569637815,0.047780469141798676,0.2225498037532816
2025-10-28 14:16:42.144,3.3252780541897664,1.6035671351364726,0.047780469141798676,0.22262877769571787
2025-10-28 14:16:43.169,3.32519908024733,1.6034881611940364,0.04833328673885262,0.22412928260200715
2025-10-28 14:16:44.197,3.32519908024733,1.6047517442730168,0.0477014951993624,0.22310262135033554
2025-10-28 14:16:45.225,3.325120106304894,1.6040409787910903,0.04730662548718101,0.2228656995230267
2025-10-28 14:16:46.250,3.3249621584200213,1.6042779006183991,0.04793841702667123,0.22365543894738948
2025-10-28 14:16:47.277,3.324646262650276,1.604514822445708,0.04833328673885262,0.22562978750829643
2025-10-28 14:16:48.303,3.3249621584200213,1.6037250830213452,0.0491230261632154,0.2235764650049532
2025-10-28 14:16:49.328,3.3248042105351487,1.6040409787910903,0.0477014951993624,0.22270775163815415
2025-10-28 14:16:50.351,3.324883184477585,1.6032512393667275,0.04809636491154379,0.2232605692352081
2025-10-28 14:16:51.378,3.3252780541897664,1.603093291481855,0.047069703659872175,0.22262877769571787
2025-10-28 14:16:52.403,3.32456728870784,1.6033302133091638,0.04730662548718101,0.22239185586840904
2025-10-28 14:16:53.430,3.325120106304894,1.6040409787910903,0.0477014951993624,0.2225498037532816
2025-10-28 14:16:54.456,3.32456728870784,1.6031722654242913,0.05101840078168607,0.22444517837175226
2025-10-28 14:16:55.483,3.3249621584200213,1.6038040569637815,0.048570208566161455,0.22507696991124249
2025-10-28 14:16:56.510,3.3248042105351487,1.6032512393667275,0.04754354731448984,0.22515594385367876
2025-10-28 14:16:57.536,3.32456728870784,1.603962004848654,0.04762252125692612,0.22594568327804154
2025-10-28 14:16:58.561,3.3247252365927125,1.6038830309062178,0.0505445571270684,0.2235764650049532
2025-10-28 14:16:59.583,3.3244093408229674,1.6030143175394187,0.04762252125692612,0.22199698615622765
2025-10-28 14:17:00.608,3.3244883147654036,1.6030143175394187,0.04730662548718101,0.2235764650049532
2025-10-28 14:17:01.635,3.3248042105351487,1.603962004848654,0.047464573372053565,0.22318159529277182
2025-10-28 14:17:02.662,3.32456728870784,1.6038830309062178,0.047780469141798676,0.22247082981084532
2025-10-28 14:17:03.688,3.3244093408229674,1.6038830309062178,0.04659586000525451,0.22302364740789926
2025-10-28 14:17:04.713,3.3239354971683497,1.6038040569637815,0.04975481770270562,0.22365543894738948
2025-10-28 14:17:05.739,3.32456728870784,1.6035671351364726,0.04738559942961729,0.22531389173855132
2025-10-28 14:17:06.762,3.3241724189956585,1.6034881611940364,0.04880713039347029,0.22365543894738948
2025-10-28 14:17:07.787,3.324330366880531,1.6043568745608354,0.04880713039347029,0.22460312625662482
2025-10-28 14:17:08.815,3.3240934450532222,1.6038040569637815,0.04762252125692612,0.2235764650049532
2025-10-28 14:17:09.842,3.32456728870784,1.6031722654242913,0.04943892193296051,0.2232605692352081
2025-10-28 14:17:10.870,3.3236196013986046,1.6035671351364726,0.04738559942961729,0.2221549340411002
2025-10-28 14:17:11.902,3.3241724189956585,1.6040409787910903,0.04722765154474473,0.2232605692352081
2025-10-28 14:17:12.927,3.3244883147654036,1.6038830309062178,0.04714867760230845,0.22176006432891882
2025-10-28 14:17:13.956,3.3241724189956585,1.6031722654242913,0.04738559942961729,0.2232605692352081
2025-10-28 14:17:14.982,3.323777549283477,1.6038040569637815,0.047859443084234954,0.2225498037532816
2025-10-28 14:17:16.012,3.324014471110786,1.603646109078909,0.0477014951993624,0.22310262135033554
2025-10-28 14:17:17.038,3.3241724189956585,1.6041199527335266,0.04935994799052423,0.2228656995230267
2025-10-28 14:17:18.066,3.3239354971683497,1.6033302133091638,0.0469907297174359,0.22262877769571787
2025-10-28 14:17:19.091,3.3239354971683497,1.6043568745608354,0.04833328673885262,0.22333954317764437
2025-10-28 14:17:20.117,3.3241724189956585,1.6030143175394187,0.04730662548718101,0.22302364740789926
2025-10-28 14:17:21.143,3.323461653513732,1.603962004848654,0.049280974048087955,0.22365543894738948
2025-10-28 14:17:22.168,3.3236196013986046,1.6038040569637815,0.04872815645103401,0.22247082981084532
2025-10-28 14:17:23.191,3.3239354971683497,1.6034091872516,0.05022866135732329,0.22452415231418854
2025-10-28 14:17:24.218,3.3230667838015506,1.6037250830213452,0.04722765154474473,0.22333954317764437
2025-10-28 14:17:25.244,3.3236196013986046,1.6034091872516,0.04801739096910751,0.22460312625662482
2025-10-28 14:17:26.270,3.3233037056288595,1.6033302133091638,0.04793841702667123,0.22191801221379137
2025-10-28 14:17:27.296,3.3240934450532222,1.6042779006183991,0.05070250501194096,0.22389236077469832
2025-10-28 14:17:28.320,3.323461653513732,1.603962004848654,0.047464573372053565,0.2253928656809876
2025-10-28 14:17:29.346,3.323461653513732,1.6035671351364726,0.04825431279641634,0.2235764650049532
2025-10-28 14:17:30.373,3.323777549283477,1.603093291481855,0.047069703659872175,0.22333954317764437
2025-10-28 14:17:31.398,3.323145757743987,1.6044358485032717,0.050070713472450734,0.22412928260200715
2025-10-28 14:17:32.423,3.323698575341041,1.6041199527335266,0.04809636491154379,0.22389236077469832
2025-10-28 14:17:33.451,3.323224731686423,1.6026984217696736,0.050070713472450734,0.22318159529277182
2025-10-28 14:17:34.481,3.3229878098591143,1.6045937963881443,0.05030763529975957,0.22294467346546298
2025-10-28 14:17:35.508,3.3239354971683497,1.6042779006183991,0.049280974048087955,0.22318159529277182
2025-10-28 14:17:36.534,3.3233037056288595,1.6033302133091638,0.04849123462372518,0.22412928260200715
2025-10-28 14:17:37.560,3.323224731686423,1.6046727703305805,0.04864918250859773,0.22420825654444343
2025-10-28 14:17:38.586,3.3235406274561683,1.603962004848654,0.04722765154474473,0.2239713347171346
2025-10-28 14:17:39.612,3.3233037056288595,1.6033302133091638,0.04659586000525451,0.22349749106251693
2025-10-28 14:17:40.639,3.3235406274561683,1.6037250830213452,0.0477014951993624,0.22349749106251693
2025-10-28 14:17:41.666,3.323777549283477,1.6034091872516,0.04825431279641634,0.22247082981084532
2025-10-28 14:17:42.692,3.3233826795712957,1.604514822445708,0.0477014951993624,0.22231288192597276
2025-10-28 14:17:43.715,3.3239354971683497,1.6026194478272373,0.047464573372053565,0.22412928260200715
2025-10-28 14:17:44.739,3.323461653513732,1.6037250830213452,0.04864918250859773,0.2246821001990611
2025-10-28 14:17:45.763,3.3233826795712957,1.6049096921578894,0.04722765154474473,0.22294467346546298
2025-10-28 14:17:46.787,3.3235406274561683,1.603093291481855,0.0469907297174359,0.22318159529277182
2025-10-28 14:17:47.810,3.323698575341041,1.6034881611940364,0.0498337916451419,0.22294467346546298
2025-10-28 14:17:48.833,3.3230667838015506,1.6041989266759629,0.04659586000525451,0.2257087614507327
2025-10-28 14:17:49.856,3.3227508880318055,1.6032512393667275,0.05086045289681351,0.22349749106251693
2025-10-28 14:17:50.880,3.3226719140893692,1.603646109078909,0.04738559942961729,0.22302364740789926
2025-10-28 14:17:51.906,3.3229878098591143,1.6038040569637815,0.04809636491154379,0.22405030865957087
2025-10-28 14:17:52.935,3.3229878098591143,1.6038830309062178,0.047069703659872175,0.22412928260200715
2025-10-28 14:17:53.958,3.3226719140893692,1.6038040569637815,0.050781478954377235,0.22484004808393365
2025-10-28 14:17:54.981,3.3227508880318055,1.6043568745608354,0.04943892193296051,0.22365543894738948
2025-10-28 14:17:56.005,3.3227508880318055,1.6029353435969824,0.04801739096910751,0.22381338683226204
2025-10-28 14:17:57.028,3.3221980704347516,1.6028563696545461,0.04975481770270562,0.22349749106251693
2025-10-28 14:17:58.052,3.3221980704347516,1.6040409787910903,0.0477014951993624,0.22389236077469832
2025-10-28 14:17:59.077,3.3226719140893692,1.6046727703305805,0.05093942683924979,0.22484004808393365
2025-10-28 14:18:00.105,3.3224349922620604,1.6038830309062178,0.046753807890127064,0.2232605692352081
2025-10-28 14:18:01.128,3.3219611486074427,1.6033302133091638,0.04714867760230845,0.2225498037532816
2025-10-28 14:18:02.152,3.322356018319624,1.6038830309062178,0.04683278183256334,0.22247082981084532
2025-10-28 14:18:03.175,3.3219611486074427,1.6034091872516,0.04730662548718101,0.22381338683226204
2025-10-28 14:18:04.198,3.322356018319624,1.604830718215453,0.04738559942961729,0.2235764650049532
2025-10-28 14:18:05.225,3.321724226780134,1.6034091872516,0.04975481770270562,0.22231288192597276
2025-10-28 14:18:06.252,3.3218821746650065,1.603093291481855,0.04659586000525451,0.22349749106251693
2025-10-28 14:18:07.281,3.3216452528376976,1.603962004848654,0.04738559942961729,0.22294467346546298
2025-10-28 14:18:08.310,3.321724226780134,1.6028563696545461,0.0498337916451419,0.22223390798353648
2025-10-28 14:18:09.337,3.3215662788952613,1.6038830309062178,0.0505445571270684,0.22602465722047782
2025-10-28 14:18:10.364,3.32180320072257,1.6038830309062178,0.04825431279641634,0.22460312625662482
2025-10-28 14:18:11.391,3.3221190964923153,1.603646109078909,0.04738559942961729,0.22278672558059043
2025-10-28 14:18:12.419,3.3219611486074427,1.6031722654242913,0.04754354731448984,0.22373441288982576
2025-10-28 14:18:13.446,3.3218821746650065,1.6040409787910903,0.046753807890127064,0.22515594385367876
2025-10-28 14:18:14.472,3.3219611486074427,1.6041989266759629,0.04730662548718101,0.22381338683226204
2025-10-28 14:18:15.499,3.32180320072257,1.6032512393667275,0.05086045289681351,0.22341851712008065
2025-10-28 14:18:16.524,3.321487304952825,1.6042779006183991,0.04714867760230845,0.22199698615622765
2025-10-28 14:18:17.551,3.3215662788952613,1.6034091872516,0.04935994799052423,0.2225498037532816
2025-10-28 14:18:18.577,3.3215662788952613,1.6041199527335266,0.0477014951993624,0.22373441288982576
2025-10-28 14:18:19.604,3.3216452528376976,1.6043568745608354,0.04691175577499962,0.22302364740789926
2025-10-28 14:18:20.630,3.3215662788952613,1.6034091872516,0.047859443084234954,0.2225498037532816
2025-10-28 14:18:21.655,3.321408331010389,1.6038040569637815,0.04833328673885262,0.22389236077469832
2025-10-28 14:18:22.680,3.321487304952825,1.6038040569637815,0.04864918250859773,0.2235764650049532
2025-10-28 14:18:23.706,3.3216452528376976,1.6038040569637815,0.04714867760230845,0.22262877769571787
2025-10-28 14:18:24.732,3.322040122549879,1.603646109078909,0.0477014951993624,0.22333954317764437
2025-10-28 14:18:25.757,3.3218821746650065,1.6037250830213452,0.04880713039347029,0.22365543894738948
2025-10-28 14:18:26.782,3.3218821746650065,1.6038040569637815,0.0484122606812889,0.22333954317764437
2025-10-28 14:18:27.807,3.3215662788952613,1.6043568745608354,0.04691175577499962,0.22247082981084532
2025-10-28 14:18:28.834,3.3210924352406437,1.6038040569637815,0.04651688606281823,0.22555081356586015
2025-10-28 14:18:29.862,3.3212503831255162,1.6026194478272373,0.04849123462372518,0.22349749106251693
2025-10-28 14:18:30.889,3.321408331010389,1.6043568745608354,0.04904405222077912,0.22191801221379137
2025-10-28 14:18:31.914,3.320855513413335,1.6031722654242913,0.04651688606281823,0.22333954317764437
2025-10-28 14:18:32.937,3.3215662788952613,1.6040409787910903,0.050070713472450734,0.2235764650049532
2025-10-28 14:18:33.962,3.321408331010389,1.603962004848654,0.04754354731448984,0.2239713347171346
2025-10-28 14:18:34.988,3.3210134612982074,1.6034091872516,0.0477014951993624,0.22239185586840904
2025-10-28 14:18:36.013,3.321487304952825,1.6033302133091638,0.04754354731448984,0.22531389173855132
2025-10-28 14:18:37.039,3.320618591586026,1.6033302133091638,0.048965078278342844,0.22547183962342388
2025-10-28 14:18:38.065,3.320618591586026,1.4794990715690801,0.04825431279641634,0.22452415231418854
2025-10-28 14:18:39.091,3.3207765394708986,1.6035671351364726,0.047780469141798676,0.22278672558059043
2025-10-28 14:18:40.116,3.3204606437011535,1.6038040569637815,0.04880713039347029,0.2235764650049532
2025-10-28 14:18:41.142,3.3205396176435897,1.6037250830213452,0.048570208566161455,0.22294467346546298
2025-10-28 14:18:42.167,3.320618591586026,1.6044358485032717,0.04991276558757818,0.2228656995230267
2025-10-28 14:18:43.194,3.320618591586026,1.6038040569637815,0.04754354731448984,0.22412928260200715
2025-10-28 14:18:44.220,3.3204606437011535,1.604830718215453,0.05086045289681351,0.22436620442931599
2025-10-28 14:18:45.254,3.3207765394708986,1.6033302133091638,0.0469907297174359,0.22436620442931599
2025-10-28 14:18:46.282,3.320618591586026,1.603093291481855,0.04730662548718101,0.22310262135033554
2025-10-28 14:18:47.311,3.3204606437011535,1.603646109078909,0.04659586000525451,0.22341851712008065
2025-10-28 14:18:48.338,3.3202237218738446,1.4787093321447173,0.049280974048087955,0.2235764650049532
2025-10-28 14:18:49.365,3.3206975655284623,1.6044358485032717,0.04714867760230845,0.22515594385367876
2025-10-28 14:18:50.391,3.3202237218738446,1.6027773957121099,0.046674833947690786,0.22223390798353648
2025-10-28 14:18:51.418,3.3207765394708986,1.603646109078909,0.04880713039347029,0.22452415231418854
2025-10-28 14:18:52.446,3.3202237218738446,1.4794200976266438,0.047859443084234954,0.2246821001990611
2025-10-28 14:18:53.473,3.320381669758717,1.6038040569637815,0.05014968741488701,0.22452415231418854
2025-10-28 14:18:54.500,3.320302695816281,1.6041199527335266,0.048570208566161455,0.22294467346546298
2025-10-28 14:18:55.527,3.3201447479314083,1.478630358202281,0.04722765154474473,0.22262877769571787
2025-10-28 14:18:56.557,3.320618591586026,1.6034881611940364,0.047464573372053565,0.22491902202636993
2025-10-28 14:18:57.582,3.3199078261040995,1.6029353435969824,0.05030763529975957,0.2246821001990611
2025-10-28 14:18:58.608,3.3204606437011535,1.6038830309062178,0.047859443084234954,0.22294467346546298
2025-10-28 14:18:59.634,3.3201447479314083,1.6038830309062178,0.046674833947690786,0.22294467346546298
2025-10-28 14:19:00.659,3.3201447479314083,1.5960646106050262,0.04872815645103401,0.22365543894738948
2025-10-28 14:19:01.682,3.3199078261040995,1.6032512393667275,0.04738559942961729,0.22294467346546298
2025-10-28 14:19:02.709,3.320065773988972,1.603962004848654,0.0491230261632154,0.22341851712008065
2025-10-28 14:19:03.737,3.3198288521616632,1.603093291481855,0.04825431279641634,0.22484004808393365
2025-10-28 14:19:04.763,3.320065773988972,1.603093291481855,0.047859443084234954,0.22349749106251693
2025-10-28 14:19:05.788,3.3196709042767907,1.4787883060871536,0.04691175577499962,0.22262877769571787
2025-10-28 14:19:06.816,3.319749878219227,1.6031722654242913,0.04793841702667123,0.22373441288982576
2025-10-28 14:19:07.843,3.3201447479314083,1.6034091872516,0.049280974048087955,0.22270775163815415
2025-10-28 14:19:08.869,3.319512956391918,1.4841585341728205,0.04959686981783307,0.22239185586840904
2025-10-28 14:19:09.896,3.3198288521616632,1.4789462539720262,0.04730662548718101,0.22452415231418854
2025-10-28 14:19:10.923,3.3199078261040995,1.6031722654242913,0.04959686981783307,0.22270775163815415
2025-10-28 14:19:11.950,3.319986800046536,1.603962004848654,0.04935994799052423,0.22452415231418854
2025-10-28 14:19:12.976,3.3198288521616632,1.6032512393667275,0.04722765154474473,0.22341851712008065
2025-10-28 14:19:14.001,3.3199078261040995,1.6034091872516,0.04762252125692612,0.22310262135033554
2025-10-28 14:19:15.027,3.3196709042767907,1.4792621497417713,0.05014968741488701,0.22333954317764437
2025-10-28 14:19:16.052,3.3193550085070456,1.6034881611940364,0.04722765154474473,0.22294467346546298
2025-10-28 14:19:17.080,3.3192760345646093,1.6046727703305805,0.04730662548718101,0.22444517837175226
2025-10-28 14:19:18.108,3.3195919303343544,1.603646109078909,0.04825431279641634,0.22302364740789926
2025-10-28 14:19:19.135,3.3196709042767907,1.479735993396389,0.05014968741488701,0.22381338683226204
2025-10-28 14:19:20.164,3.3191180866797367,1.603646109078909,0.04801739096910751,0.22278672558059043
2025-10-28 14:19:21.190,3.3191180866797367,1.6032512393667275,0.04762252125692612,0.22318159529277182
2025-10-28 14:19:22.215,3.3192760345646093,1.4785513842598448,0.046753807890127064,0.22294467346546298
2025-10-28 14:19:23.243,3.3195919303343544,1.4784724103174085,0.048175338853980065,0.22373441288982576
2025-10-28 14:19:24.271,3.319433982449482,1.6043568745608354,0.04809636491154379,0.22191801221379137
2025-10-28 14:19:25.298,3.318960138794864,1.6035671351364726,0.047464573372053565,0.22420825654444343
2025-10-28 14:19:26.324,3.319197060622173,1.6034881611940364,0.04722765154474473,0.2242872304868797
2025-10-28 14:19:27.349,3.3192760345646093,1.6044358485032717,0.04762252125692612,0.2239713347171346
2025-10-28 14:19:28.375,3.319512956391918,1.6033302133091638,0.047069703659872175,0.22294467346546298
2025-10-28 14:19:29.400,3.3192760345646093,1.4790252279144624,0.04849123462372518,0.22460312625662482
2025-10-28 14:19:30.426,3.3187232169675553,1.604514822445708,0.04683278183256334,0.2246821001990611
2025-10-28 14:19:31.451,3.318881164852428,1.4789462539720262,0.04762252125692612,0.22412928260200715
2025-10-28 14:19:32.478,3.3192760345646093,1.47886728002959,0.04738559942961729,0.22405030865957087
2025-10-28 14:19:33.506,3.319433982449482,1.4807626546480606,0.04833328673885262,0.22341851712008065
2025-10-28 14:19:34.528,3.3192760345646093,1.4790252279144624,0.04754354731448984,0.22223390798353648
2025-10-28 14:19:35.556,3.319512956391918,1.4793411236842076,0.050386609242195846,0.22491902202636993
2025-10-28 14:19:36.582,3.319433982449482,1.4789462539720262,0.04872815645103401,0.22365543894738948
2025-10-28 14:19:37.608,3.319197060622173,1.4793411236842076,0.047069703659872175,0.22310262135033554
2025-10-28 14:19:38.635,3.318644243025119,1.4801308631085703,0.05014968741488701,0.22333954317764437
2025-10-28 14:19:39.661,3.3187232169675553,1.4792621497417713,0.048570208566161455,0.22333954317764437
2025-10-28 14:19:40.688,3.318644243025119,1.4787093321447173,0.04801739096910751,0.22381338683226204
2025-10-28 14:19:41.714,3.318881164852428,1.4789462539720262,0.04872815645103401,0.22365543894738948
2025-10-28 14:19:42.740,3.3190391127373005,1.4785513842598448,0.0505445571270684,0.22460312625662482
2025-10-28 14:19:43.768,3.318644243025119,1.4783934363749722,0.04730662548718101,0.22310262135033554
2025-10-28 14:19:44.796,3.3187232169675553,1.47886728002959,0.04793841702667123,0.2235764650049532
2025-10-28 14:19:45.823,3.318644243025119,1.4792621497417713,0.048570208566161455,0.22405030865957087
2025-10-28 14:19:46.852,3.318644243025119,1.6035671351364726,0.049280974048087955,0.22262877769571787
2025-10-28 14:19:47.880,3.3187232169675553,1.4791042018568987,0.0477014951993624,0.2246821001990611
2025-10-28 14:19:48.908,3.3184073211978102,1.479183175799335,0.049991739530014456,0.22476107414149737
2025-10-28 14:19:49.937,3.318328347255374,1.4791042018568987,0.04920200010565168,0.22657747481753177
2025-10-28 14:19:50.963,3.318881164852428,1.4785513842598448,0.04738559942961729,0.22373441288982576
2025-10-28 14:19:51.989,3.3187232169675553,1.4793411236842076,0.049675843760269345,0.22239185586840904
2025-10-28 14:19:53.015,3.3187232169675553,1.4794200976266438,0.04738559942961729,0.22270775163815415
2025-10-28 14:19:54.044,3.3182493733129377,1.4790252279144624,0.04722765154474473,0.2235764650049532
2025-10-28 14:19:55.068,3.3179334775431926,1.4791042018568987,0.050070713472450734,0.22373441288982576
2025-10-28 14:19:56.092,3.3182493733129377,1.4790252279144624,0.04943892193296051,0.22247082981084532
2025-10-28 14:19:57.118,3.318328347255374,1.4791042018568987,0.04872815645103401,0.22476107414149737
2025-10-28 14:19:58.144,3.3184862951402465,1.4794200976266438,0.04793841702667123,0.22515594385367876
2025-10-28 14:19:59.172,3.3179334775431926,1.4793411236842076,0.049675843760269345,0.22310262135033554
2025-10-28 14:20:00.200,3.3187232169675553,1.480051889166134,0.04975481770270562,0.22484004808393365
2025-10-28 14:20:01.231,3.318012451485629,1.4792621497417713,0.0469907297174359,0.22302364740789926
2025-10-28 14:20:02.259,3.3184073211978102,1.480051889166134,0.049991739530014456,0.22365543894738948
2025-10-28 14:20:03.286,3.318091425428065,1.4787883060871536,0.04833328673885262,0.22365543894738948
2025-10-28 14:20:04.314,3.3176175817734475,1.4789462539720262,0.04762252125692612,0.22247082981084532
2025-10-28 14:20:05.342,3.3176175817734475,1.479735993396389,0.047464573372053565,0.22586670933560526
2025-10-28 14:20:06.369,3.3179334775431926,1.4794990715690801,0.04809636491154379,0.22333954317764437
2025-10-28 14:20:07.396,3.318012451485629,1.4795780455115164,0.04754354731448984,0.2232605692352081
2025-10-28 14:20:08.424,3.318091425428065,1.4794990715690801,0.04872815645103401,0.2228656995230267
2025-10-28 14:20:09.452,3.318091425428065,1.479735993396389,0.04825431279641634,0.22278672558059043
2025-10-28 14:20:10.481,3.318012451485629,1.4798939412812615,0.049280974048087955,0.2239713347171346
2025-10-28 14:20:11.508,3.318091425428065,1.479735993396389,0.04880713039347029,0.22381338683226204
2025-10-28 14:20:12.537,3.318012451485629,1.4798149673388252,0.04683278183256334,0.22460312625662482
2025-10-28 14:20:13.565,3.318012451485629,1.4794990715690801,0.04738559942961729,0.22365543894738948
2025-10-28 14:20:14.593,3.3181703993705014,1.4789462539720262,0.04920200010565168,0.22310262135033554
2025-10-28 14:20:15.640,3.3178545036007563,1.4792621497417713,0.04730662548718101,0.22412928260200715
2025-10-28 14:20:16.668,3.3179334775431926,1.47886728002959,0.04809636491154379,0.2232605692352081
2025-10-28 14:20:17.695,3.3176175817734475,1.4794200976266438,0.04991276558757818,0.2239713347171346
2025-10-28 14:20:18.725,3.318012451485629,1.4793411236842076,0.04754354731448984,0.22365543894738948
2025-10-28 14:20:19.752,3.317538607831011,1.4789462539720262,0.04793841702667123,0.22231288192597276
2025-10-28 14:20:20.779,3.318012451485629,1.479183175799335,0.04849123462372518,0.22365543894738948
2025-10-28 14:20:21.809,3.31777552965832,1.4793411236842076,0.050070713472450734,0.22349749106251693
2025-10-28 14:20:22.836,3.3176965557158837,1.4792621497417713,0.04730662548718101,0.22381338683226204
2025-10-28 14:20:23.864,3.3178545036007563,1.4798939412812615,0.05030763529975957,0.2242872304868797
2025-10-28 14:20:24.892,3.3176175817734475,1.479735993396389,0.04872815645103401,0.22302364740789926
2025-10-28 14:20:25.923,3.318091425428065,1.479183175799335,0.0484122606812889,0.22562978750829643
2025-10-28 14:20:26.951,3.317538607831011,1.4794990715690801,0.04920200010565168,0.22341851712008065
2025-10-28 14:20:27.978,3.3176175817734475,1.4795780455115164,0.048175338853980065,0.22444517837175226
2025-10-28 14:20:29.006,3.317459633888575,1.4799729152236978,0.04864918250859773,0.22294467346546298
2025-10-28 14:20:30.033,3.317459633888575,1.4794200976266438,0.04801739096910751,0.22199698615622765
2025-10-28 14:20:31.061,3.316906816291521,1.479183175799335,0.04880713039347029,0.22333954317764437
2025-10-28 14:20:32.088,3.3169857902339572,1.4790252279144624,0.04714867760230845,0.22223390798353648
2025-10-28 14:20:33.117,3.3173016860037023,1.4789462539720262,0.047780469141798676,0.22294467346546298
2025-10-28 14:20:34.141,3.317538607831011,1.479183175799335,0.04959686981783307,0.22515594385367876
2025-10-28 14:20:35.172,3.31777552965832,1.4795780455115164,0.04691175577499962,0.2218390382713551
2025-10-28 14:20:36.199,3.3173016860037023,1.4793411236842076,0.04738559942961729,0.22333954317764437
2025-10-28 14:20:37.225,3.3173806599461386,1.4784724103174085,0.0484122606812889,0.22507696991124249
2025-10-28 14:20:38.253,3.317538607831011,1.4793411236842076,0.047859443084234954,0.22278672558059043
2025-10-28 14:20:39.282,3.317222712061266,1.479183175799335,0.048175338853980065,0.22555081356586015
2025-10-28 14:20:40.308,3.31777552965832,1.4792621497417713,0.047859443084234954,0.22333954317764437
2025-10-28 14:20:41.333,3.316669894464212,1.4794990715690801,0.04793841702667123,0.22270775163815415
2025-10-28 14:20:42.359,3.3173806599461386,1.4791042018568987,0.05070250501194096,0.22547183962342388
2025-10-28 14:20:43.386,3.317222712061266,1.4790252279144624,0.04825431279641634,0.22547183962342388
2025-10-28 14:20:44.411,3.3173806599461386,1.4793411236842076,0.0469907297174359,0.22199698615622765
2025-10-28 14:20:45.438,3.317222712061266,1.4789462539720262,0.0469907297174359,0.2232605692352081
2025-10-28 14:20:46.464,3.3165119465793396,1.4784724103174085,0.04935994799052423,0.22341851712008065
2025-10-28 14:20:47.489,3.317222712061266,1.4790252279144624,0.04809636491154379,0.22389236077469832
2025-10-28 14:20:48.514,3.3169857902339572,1.4794990715690801,0.04722765154474473,0.22278672558059043
2025-10-28 14:20:49.541,3.316906816291521,1.4794200976266438,0.04864918250859773,0.2246821001990611
2025-10-28 14:20:50.572,3.3170647641763935,1.479183175799335,0.04738559942961729,0.22191801221379137
2025-10-28 14:20:51.602,3.317222712061266,1.4795780455115164,0.04793841702667123,0.22586670933560526
2025-10-28 14:20:52.629,3.317222712061266,1.4794990715690801,0.04872815645103401,0.2232605692352081
2025-10-28 14:20:53.655,3.317222712061266,1.4794990715690801,0.04762252125692612,0.22278672558059043
2025-10-28 14:20:54.683,3.3167488684066484,1.4798149673388252,0.04714867760230845,0.2261036311629141
2025-10-28 14:20:55.710,3.3165119465793396,1.479183175799335,0.04864918250859773,0.2235764650049532
2025-10-28 14:20:56.738,3.3167488684066484,1.4794990715690801,0.04825431279641634,0.22476107414149737
2025-10-28 14:20:57.767,3.316669894464212,1.4795780455115164,0.0484122606812889,0.22365543894738948
2025-10-28 14:20:58.795,3.316669894464212,1.4791042018568987,0.04643791212038195,0.22247082981084532
2025-10-28 14:20:59.822,3.3168278423490847,1.4796570194539527,0.04793841702667123,0.22523491779611504
2025-10-28 14:21:00.851,3.3165119465793396,1.4799729152236978,0.04691175577499962,0.22444517837175226
2025-10-28 14:21:01.879,3.3165119465793396,1.4790252279144624,0.04825431279641634,0.2249979959688062
2025-10-28 14:21:02.908,3.316353998694467,1.4794200976266438,0.0477014951993624,0.22278672558059043
2025-10-28 14:21:03.936,3.316117076867158,1.479183175799335,0.047464573372053565,0.2253928656809876
2025-10-28 14:21:04.965,3.3161960508095945,1.4805257328207517,0.05086045289681351,0.2232605692352081
2025-10-28 14:21:05.992,3.316117076867158,1.4791042018568987,0.04880713039347029,0.2242872304868797
2025-10-28 14:21:07.016,3.3161960508095945,1.4798939412812615,0.04762252125692612,0.22239185586840904
2025-10-28 14:21:08.040,3.3161960508095945,1.4794990715690801,0.05022866135732329,0.2235764650049532
2025-10-28 14:21:09.064,3.316117076867158,1.479183175799335,0.04754354731448984,0.22310262135033554
2025-10-28 14:21:10.092,3.3162750247520307,1.4792621497417713,0.04951789587539679,0.22278672558059043
2025-10-28 14:21:11.122,3.315801181097413,1.4798939412812615,0.04833328673885262,0.2232605692352081
2025-10-28 14:21:12.150,3.3164329726369033,1.4789462539720262,0.04825431279641634,0.2242872304868797
2025-10-28 14:21:13.173,3.3165119465793396,1.4793411236842076,0.04833328673885262,0.22381338683226204
2025-10-28 14:21:14.197,3.316353998694467,1.4794200976266438,0.04659586000525451,0.2228656995230267
2025-10-28 14:21:15.220,3.316038102924722,1.4790252279144624,0.05022866135732329,0.22389236077469832
2025-10-28 14:21:16.245,3.3159591289822856,1.4794200976266438,0.04825431279641634,0.2235764650049532
2025-10-28 14:21:17.269,3.3165119465793396,1.4795780455115164,0.049280974048087955,0.22476107414149737
2025-10-28 14:21:18.293,3.315801181097413,1.4793411236842076,0.04809636491154379,0.22294467346546298
2025-10-28 14:21:19.317,3.3164329726369033,1.479183175799335,0.046674833947690786,0.22231288192597276
2025-10-28 14:21:20.340,3.3158801550398493,1.480051889166134,0.04793841702667123,0.2257087614507327
2025-10-28 14:21:21.363,3.316038102924722,1.47886728002959,0.04880713039347029,0.2235764650049532
2025-10-28 14:21:22.391,3.3155642592701042,1.478314462432536,0.046753807890127064,0.22262877769571787
2025-10-28 14:21:23.418,3.316038102924722,1.4785513842598448,0.04793841702667123,0.2242872304868797
2025-10-28 14:21:24.445,3.315248363500359,1.4790252279144624,0.04730662548718101,0.22365543894738948
2025-10-28 14:21:25.470,3.315248363500359,1.4785513842598448,0.04864918250859773,0.2232605692352081
2025-10-28 14:21:26.493,3.315169389557923,1.4789462539720262,0.048570208566161455,0.22365543894738948
2025-10-28 14:21:27.516,3.3153273374427954,1.47886728002959,0.0484122606812889,0.2246821001990611
2025-10-28 14:21:28.540,3.3158801550398493,1.4794200976266438,0.048175338853980065,0.2239713347171346
2025-10-28 14:21:29.569,3.315248363500359,1.4791042018568987,0.04801739096910751,0.22349749106251693
2025-10-28 14:21:30.596,3.3159591289822856,1.4796570194539527,0.04762252125692612,0.22318159529277182
2025-10-28 14:21:31.624,3.315722207154977,1.4794990715690801,0.048965078278342844,0.22365543894738948
2025-10-28 14:21:32.649,3.3153273374427954,1.4791042018568987,0.048570208566161455,0.22365543894738948
2025-10-28 14:21:33.676,3.315248363500359,1.4792621497417713,0.0469907297174359,0.22436620442931599
2025-10-28 14:21:34.699,3.3154063113852317,1.4794200976266438,0.046674833947690786,0.22333954317764437
2025-10-28 14:21:35.727,3.315485285327668,1.479183175799335,0.04833328673885262,0.22294467346546298
2025-10-28 14:21:36.755,3.3155642592701042,1.4791042018568987,0.04793841702667123,0.22405030865957087
2025-10-28 14:21:37.784,3.3155642592701042,1.4793411236842076,0.0484122606812889,0.22310262135033554
2025-10-28 14:21:38.809,3.3154063113852317,1.4795780455115164,0.04730662548718101,0.22310262135033554
2025-10-28 14:21:39.834,3.315485285327668,1.4787883060871536,0.04809636491154379,0.22262877769571787
2025-10-28 14:21:40.860,3.315248363500359,1.4793411236842076,0.04801739096910751,0.2239713347171346
2025-10-28 14:21:41.886,3.314616571960869,1.4792621497417713,0.04849123462372518,0.22318159529277182
2025-10-28 14:21:42.911,3.315169389557923,1.479735993396389,0.0477014951993624,0.22278672558059043
2025-10-28 14:21:43.938,3.3148534937881777,1.4792621497417713,0.04714867760230845,0.22452415231418854
2025-10-28 14:21:44.964,3.314932467730614,1.4791042018568987,0.048570208566161455,0.22381338683226204
2025-10-28 14:21:45.996,3.3148534937881777,1.4789462539720262,0.047859443084234954,0.22247082981084532
2025-10-28 14:21:47.022,3.314616571960869,1.47886728002959,0.048886104335906566,0.2246821001990611
2025-10-28 14:21:48.046,3.314616571960869,1.4796570194539527,0.04714867760230845,0.22318159529277182
2025-10-28 14:21:49.072,3.3147745198457415,1.4789462539720262,0.04809636491154379,0.22294467346546298
2025-10-28 14:21:50.098,3.3150114416730503,1.4789462539720262,0.04754354731448984,0.2225498037532816
2025-10-28 14:21:51.125,3.3150114416730503,1.4783934363749722,0.05030763529975957,0.2239713347171346
2025-10-28 14:21:52.152,3.314695545903305,1.479183175799335,0.05022866135732329,0.2228656995230267
2025-10-28 14:21:53.179,3.31437965013356,1.4791042018568987,0.04651688606281823,0.22381338683226204
2025-10-28 14:21:54.204,3.314695545903305,1.4798149673388252,0.04864918250859773,0.2239713347171346
2025-10-28 14:21:55.231,3.3145375980184326,1.4793411236842076,0.04762252125692612,0.22373441288982576
2025-10-28 14:21:56.256,3.3147745198457415,1.4787883060871536,0.04738559942961729,0.22302364740789926
2025-10-28 14:21:57.284,3.314932467730614,1.479183175799335,0.04833328673885262,0.22373441288982576
2025-10-28 14:21:58.310,3.3147745198457415,1.4789462539720262,0.04809636491154379,0.22318159529277182
2025-10-28 14:21:59.335,3.314300676191124,1.4784724103174085,0.04833328673885262,0.22223390798353648
2025-10-28 14:22:00.360,3.3145375980184326,1.4799729152236978,0.04691175577499962,0.2232605692352081
2025-10-28 14:22:01.387,3.3141427283062512,1.4792621497417713,0.04809636491154379,0.22278672558059043
2025-10-28 14:22:02.414,3.31437965013356,1.4796570194539527,0.04793841702667123,0.22270775163815415
2025-10-28 14:22:03.441,3.314695545903305,1.4789462539720262,0.04762252125692612,0.22452415231418854
2025-10-28 14:22:04.468,3.3141427283062512,1.479183175799335,0.047859443084234954,0.22318159529277182
2025-10-28 14:22:05.494,3.3139847804213787,1.4794990715690801,0.04793841702667123,0.22207596009866393
2025-10-28 14:22:06.522,3.313826832536506,1.4794200976266438,0.0477014951993624,0.22405030865957087
2025-10-28 14:22:07.548,3.3142217022486875,1.4792621497417713,0.0498337916451419,0.22294467346546298
2025-10-28 14:22:08.577,3.31374785859407,1.480051889166134,0.04754354731448984,0.22381338683226204
2025-10-28 14:22:09.606,3.3142217022486875,1.4793411236842076,0.04754354731448984,0.22349749106251693
2025-10-28 14:22:10.634,3.3141427283062512,1.4794990715690801,0.04825431279641634,0.22365543894738948
2025-10-28 14:22:11.662,3.31374785859407,1.4787093321447173,0.048570208566161455,0.22484004808393365
2025-10-28 14:22:12.691,3.314063754363815,1.4792621497417713,0.04722765154474473,0.22294467346546298
2025-10-28 14:22:13.718,3.3141427283062512,1.4792621497417713,0.047464573372053565,0.2228656995230267
2025-10-28 14:22:14.744,3.314063754363815,1.4795780455115164,0.047859443084234954,0.22341851712008065
2025-10-28 14:22:15.770,3.314300676191124,1.4791042018568987,0.047780469141798676,0.22476107414149737
2025-10-28 14:22:16.797,3.3141427283062512,1.479735993396389,0.04714867760230845,0.2221549340411002
2025-10-28 14:22:17.824,3.314063754363815,1.479735993396389,0.04738559942961729,0.22405030865957087
2025-10-28 14:22:18.849,3.3136688846516336,1.47886728002959,0.04738559942961729,0.22247082981084532
2025-10-28 14:22:19.874,3.3134319628243247,1.4789462539720262,0.047859443084234954,0.22247082981084532
2025-10-28 14:22:20.899,3.3136688846516336,1.4785513842598448,0.05030763529975957,0.22562978750829643
2025-10-28 14:22:21.925,3.313274014939452,1.4787883060871536,0.04935994799052423,0.22420825654444343
2025-10-28 14:22:22.950,3.3142217022486875,1.479183175799335,0.04793841702667123,0.22412928260200715
2025-10-28 14:22:23.973,3.313510936766761,1.4799729152236978,0.048886104335906566,0.22294467346546298
2025-10-28 14:22:24.999,3.3135899107091973,1.4792621497417713,0.04659586000525451,0.22349749106251693
2025-10-28 14:22:26.024,3.313826832536506,1.47886728002959,0.04738559942961729,0.22452415231418854
2025-10-28 14:22:27.049,3.31374785859407,1.479183175799335,0.04920200010565168,0.22365543894738948
2025-10-28 14:22:28.074,3.3134319628243247,1.4789462539720262,0.048886104335906566,0.22349749106251693
2025-10-28 14:22:29.099,3.314063754363815,1.479183175799335,0.046674833947690786,0.22294467346546298
2025-10-28 14:22:30.124,3.312958119169707,1.4798149673388252,0.0484122606812889,0.22333954317764437
2025-10-28 14:22:31.150,3.313510936766761,1.4793411236842076,0.04880713039347029,0.22373441288982576
2025-10-28 14:22:32.175,3.3134319628243247,1.4794990715690801,0.047069703659872175,0.2232605692352081
2025-10-28 14:22:33.200,3.3134319628243247,1.478630358202281,0.04722765154474473,0.2246821001990611
2025-10-28 14:22:34.227,3.3131160670545796,1.480051889166134,0.04793841702667123,0.2242872304868797
2025-10-28 14:22:35.254,3.3139058064789424,1.4784724103174085,0.04714867760230845,0.22270775163815415
2025-10-28 14:22:36.279,3.313274014939452,1.4790252279144624,0.04762252125692612,0.22262877769571787
2025-10-28 14:22:37.305,3.3134319628243247,1.4782354884900997,0.048570208566161455,0.2253928656809876
2025-10-28 14:22:38.331,3.3134319628243247,1.4787093321447173,0.04833328673885262,0.2221549340411002
2025-10-28 14:22:39.356,3.3136688846516336,1.4789462539720262,0.04793841702667123,0.22412928260200715
2025-10-28 14:22:40.385,3.3130370931121433,1.4794990715690801,0.04880713039347029,0.22523491779611504
2025-10-28 14:22:41.410,3.3127211973423982,1.4794200976266438,0.04801739096910751,0.22365543894738948
2025-10-28 14:22:42.436,3.3130370931121433,1.4792621497417713,0.04683278183256334,0.22223390798353648
2025-10-28 14:22:43.462,3.313274014939452,1.4794990715690801,0.05070250501194096,0.22436620442931599
2025-10-28 14:22:44.487,3.312958119169707,1.4787093321447173,0.04849123462372518,0.22349749106251693
2025-10-28 14:22:45.511,3.312642223399962,1.4794200976266438,0.0505445571270684,0.2232605692352081
2025-10-28 14:22:46.538,3.3133529888818885,1.4795780455115164,0.04683278183256334,0.22373441288982576
2025-10-28 14:22:47.563,3.312642223399962,1.4796570194539527,0.04864918250859773,0.22405030865957087
2025-10-28 14:22:48.590,3.312642223399962,1.479183175799335,0.0484122606812889,0.22436620442931599
2025-10-28 14:22:49.616,3.313195040997016,1.4796570194539527,0.04849123462372518,0.22168109038648254
2025-10-28 14:22:50.643,3.312405301572653,1.4794200976266438,0.04793841702667123,0.22373441288982576
2025-10-28 14:22:51.671,3.312405301572653,1.4798149673388252,0.0477014951993624,0.2228656995230267
2025-10-28 14:22:52.699,3.312879145227271,1.479183175799335,0.04849123462372518,0.22310262135033554
2025-10-28 14:22:53.725,3.312958119169707,1.4792621497417713,0.04738559942961729,0.2235764650049532
2025-10-28 14:22:54.749,3.312958119169707,1.4791042018568987,0.0484122606812889,0.22381338683226204
2025-10-28 14:22:55.775,3.312958119169707,1.4794200976266438,0.047859443084234954,0.2228656995230267
2025-10-28 14:22:56.804,3.313274014939452,1.4790252279144624,0.04943892193296051,0.22405030865957087
2025-10-28 14:22:57.830,3.3124842755150894,1.47886728002959,0.04904405222077912,0.22341851712008065
2025-10-28 14:22:58.856,3.3125632494575257,1.4794200976266438,0.048886104335906566,0.22270775163815415
2025-10-28 14:22:59.882,3.3124842755150894,1.479183175799335,0.04833328673885262,0.22389236077469832
2025-10-28 14:23:00.907,3.312958119169707,1.479735993396389,0.04730662548718101,0.22420825654444343
2025-10-28 14:23:01.933,3.3127211973423982,1.4799729152236978,0.048175338853980065,0.2242872304868797
2025-10-28 14:23:02.958,3.3124842755150894,1.478630358202281,0.04809636491154379,0.22270775163815415
2025-10-28 14:23:03.983,3.312958119169707,1.4796570194539527,0.04762252125692612,0.22333954317764437
2025-10-28 14:23:05.011,3.3124842755150894,1.479735993396389,0.049675843760269345,0.22412928260200715
2025-10-28 14:23:06.036,3.312879145227271,1.4799729152236978,0.04714867760230845,0.22231288192597276
2025-10-28 14:23:07.060,3.3125632494575257,1.4791042018568987,0.046753807890127064,0.22341851712008065
2025-10-28 14:23:08.089,3.3120104318604717,1.4794990715690801,0.047464573372053565,0.2235764650049532
2025-10-28 14:23:09.115,3.3124842755150894,1.4787093321447173,0.049991739530014456,0.22381338683226204
2025-10-28 14:23:10.140,3.3122473536877806,1.4795780455115164,0.0477014951993624,0.2232605692352081
2025-10-28 14:23:11.167,3.311773510033163,1.479183175799335,0.0484122606812889,0.22389236077469832
2025-10-28 14:23:12.197,3.312405301572653,1.4794200976266438,0.04762252125692612,0.22341851712008065
2025-10-28 14:23:13.226,3.312405301572653,1.4795780455115164,0.0477014951993624,0.2261036311629141
2025-10-28 14:23:14.253,3.312405301572653,1.4789462539720262,0.04959686981783307,0.22412928260200715
2025-10-28 14:23:15.282,3.312326327630217,1.4791042018568987,0.046753807890127064,0.22381338683226204
2025-10-28 14:23:16.307,3.3120104318604717,1.4801308631085703,0.04864918250859773,0.22531389173855132
2025-10-28 14:23:17.334,3.312326327630217,1.4789462539720262,0.04833328673885262,0.22278672558059043
2025-10-28 14:23:18.363,3.3122473536877806,1.4798149673388252,0.0469907297174359,0.2257087614507327
2025-10-28 14:23:19.390,3.3119314579180354,1.4790252279144624,0.0484122606812889,0.2235764650049532
2025-10-28 14:23:20.418,3.3120104318604717,1.4792621497417713,0.04754354731448984,0.22278672558059043
2025-10-28 14:23:21.444,3.3125632494575257,1.479183175799335,0.050070713472450734,0.22373441288982576
2025-10-28 14:23:22.470,3.311773510033163,1.4791042018568987,0.04872815645103401,0.2235764650049532
2025-10-28 14:23:23.495,3.3119314579180354,1.4790252279144624,0.04809636491154379,0.22373441288982576
2025-10-28 14:23:24.520,3.312326327630217,1.47886728002959,0.04643791212038195,0.2246821001990611
2025-10-28 14:23:25.546,3.3120104318604717,1.4798939412812615,0.05022866135732329,0.22420825654444343
2025-10-28 14:23:26.571,3.3116945360907266,1.4794990715690801,0.0484122606812889,0.22452415231418854
2025-10-28 14:23:27.597,3.3116155621482903,1.4796570194539527,0.04809636491154379,0.22318159529277182
2025-10-28 14:23:28.623,3.311852483975599,1.479183175799335,0.0469907297174359,0.22602465722047782
2025-10-28 14:23:29.650,3.3119314579180354,1.479183175799335,0.04754354731448984,0.22341851712008065
2025-10-28 14:23:30.675,3.3113786403209815,1.4794200976266438,0.048886104335906566,0.22231288192597276
2025-10-28 14:23:31.699,3.3116945360907266,1.4794200976266438,0.04849123462372518,0.2239713347171346
2025-10-28 14:23:32.725,3.3116945360907266,1.4792621497417713,0.048965078278342844,0.22389236077469832
2025-10-28 14:23:33.751,3.311457614263418,1.479183175799335,0.0484122606812889,0.22436620442931599
2025-10-28 14:23:34.778,3.311536588205854,1.4794990715690801,0.04809636491154379,0.22176006432891882
2025-10-28 14:23:35.804,3.311220692436109,1.479183175799335,0.048570208566161455,0.22412928260200715
2025-10-28 14:23:36.831,3.3116945360907266,1.4793411236842076,0.0484122606812889,0.22278672558059043
2025-10-28 14:23:37.857,3.3111417184936727,1.480288810993443,0.04825431279641634,0.22270775163815415
2025-10-28 14:23:38.882,3.3110627445512364,1.4787883060871536,0.04738559942961729,0.22436620442931599
2025-10-28 14:23:39.906,3.311457614263418,1.4789462539720262,0.04809636491154379,0.22452415231418854
2025-10-28 14:23:40.932,3.3111417184936727,1.4789462539720262,0.048886104335906566,0.2232605692352081
2025-10-28 14:23:41.959,3.3110627445512364,1.4792621497417713,0.046674833947690786,0.22318159529277182
2025-10-28 14:23:42.985,3.3111417184936727,1.4784724103174085,0.04864918250859773,0.225787735393169
2025-10-28 14:23:44.010,3.3110627445512364,1.479183175799335,0.04991276558757818,0.2235764650049532
2025-10-28 14:23:45.039,3.311220692436109,1.4794200976266438,0.047780469141798676,0.22270775163815415
2025-10-28 14:23:46.072,3.3108258227239276,1.4796570194539527,0.04714867760230845,0.2242872304868797
2025-10-28 14:23:47.099,3.311457614263418,1.4794200976266438,0.0477014951993624,0.22294467346546298
2025-10-28 14:23:48.125,3.3113786403209815,1.4794990715690801,0.04833328673885262,0.22389236077469832
2025-10-28 14:23:49.151,3.3112996663785452,1.4794200976266438,0.047464573372053565,0.22278672558059043
2025-10-28 14:23:50.176,3.3109837706088,1.479183175799335,0.048886104335906566,0.2228656995230267
2025-10-28 14:23:51.202,3.3109837706088,1.4790252279144624,0.046753807890127064,0.22547183962342388
2025-10-28 14:23:52.229,3.310904796666364,1.4792621497417713,0.04872815645103401,0.22389236077469832
2025-10-28 14:23:53.254,3.3108258227239276,1.4794990715690801,0.0491230261632154,0.22318159529277182
2025-10-28 14:23:54.281,3.3107468487814913,1.4806836807056243,0.04659586000525451,0.2232605692352081
2025-10-28 14:23:55.308,3.311457614263418,1.4791042018568987,0.0484122606812889,0.2239713347171346
2025-10-28 14:23:56.332,3.3105889008966187,1.479735993396389,0.048175338853980065,0.2242872304868797
2025-10-28 14:23:57.360,3.3113786403209815,1.4782354884900997,0.04762252125692612,0.2249979959688062
2025-10-28 14:23:58.386,3.3105099269541824,1.4791042018568987,0.049280974048087955,0.2261036311629141
2025-10-28 14:23:59.411,3.310430953011746,1.4796570194539527,0.0505445571270684,0.22294467346546298
2025-10-28 14:24:00.435,3.3105099269541824,1.4793411236842076,0.0477014951993624,0.22302364740789926
2025-10-28 14:24:01.460,3.3107468487814913,1.480051889166134,0.04880713039347029,0.22278672558059043
2025-10-28 14:24:02.486,3.310115057242001,1.4787093321447173,0.047464573372053565,0.22412928260200715
2025-10-28 14:24:03.511,3.3108258227239276,1.479183175799335,0.04833328673885262,0.22420825654444343
2025-10-28 14:24:04.537,3.3108258227239276,1.4794200976266438,0.04920200010565168,0.22373441288982576
2025-10-28 14:24:05.563,3.310667874839055,1.4792621497417713,0.0477014951993624,0.2249979959688062
2025-10-28 14:24:06.588,3.31035197906931,1.4792621497417713,0.04864918250859773,0.22333954317764437
2025-10-28 14:24:07.616,3.3105889008966187,1.4787883060871536,0.04730662548718101,0.22484004808393365
2025-10-28 14:24:08.644,3.310667874839055,1.479735993396389,0.04864918250859773,0.22436620442931599
2025-10-28 14:24:09.672,3.310667874839055,1.4794200976266438,0.049991739530014456,0.22365543894738948
2025-10-28 14:24:10.699,3.3105889008966187,1.4794990715690801,0.04991276558757818,0.22302364740789926
2025-10-28 14:24:11.726,3.310430953011746,1.478630358202281,0.04809636491154379,0.22436620442931599
2025-10-28 14:24:12.753,3.3105889008966187,1.4794990715690801,0.049280974048087955,0.22420825654444343
2025-10-28 14:24:13.778,3.310036083299565,1.4796570194539527,0.04809636491154379,0.22207596009866393
2025-10-28 14:24:14.804,3.3098781354146922,1.4801308631085703,0.05046558318463212,0.22594568327804154
2025-10-28 14:24:15.829,3.3101940311844373,1.4798939412812615,0.04864918250859773,0.22278672558059043
2025-10-28 14:24:16.855,3.3102730051268736,1.4796570194539527,0.049280974048087955,0.2221549340411002
2025-10-28 14:24:17.882,3.310667874839055,1.4791042018568987,0.049675843760269345,0.22405030865957087
2025-10-28 14:24:18.910,3.310115057242001,1.4794200976266438,0.04738559942961729,0.22341851712008065
2025-10-28 14:24:19.939,3.3099571093571285,1.4795780455115164,0.04801739096910751,0.2221549340411002
2025-10-28 14:24:20.965,3.309799161472256,1.47886728002959,0.048175338853980065,0.22444517837175226
2025-10-28 14:24:21.990,3.3097201875298197,1.4796570194539527,0.048570208566161455,0.2239713347171346
2025-10-28 14:24:23.019,3.3099571093571285,1.4787093321447173,0.04880713039347029,0.22444517837175226
2025-10-28 14:24:24.047,3.3102730051268736,1.4798939412812615,0.04864918250859773,0.22436620442931599
2025-10-28 14:24:25.072,3.3098781354146922,1.478630358202281,0.04959686981783307,0.22365543894738948
2025-10-28 14:24:26.099,3.31035197906931,1.479735993396389,0.048886104335906566,0.2221549340411002
2025-10-28 14:24:27.125,3.31035197906931,1.4794990715690801,0.050781478954377235,0.22389236077469832
2025-10-28 14:24:28.152,3.3099571093571285,1.4792621497417713,0.04738559942961729,0.22381338683226204
2025-10-28 14:24:29.178,3.3097201875298197,1.4798149673388252,0.04825431279641634,0.22302364740789926
2025-10-28 14:24:30.202,3.3096412135873834,1.4798939412812615,0.04793841702667123,0.22199698615622765
2025-10-28 14:24:31.225,3.309009422047893,1.4799729152236978,0.04951789587539679,0.2246821001990611
2025-10-28 14:24:32.248,3.310036083299565,1.4794990715690801,0.047464573372053565,0.2232605692352081
2025-10-28 14:24:33.271,3.3096412135873834,1.4794990715690801,0.05022866135732329,0.22310262135033554
2025-10-28 14:24:34.294,3.309483265702511,1.4792621497417713,0.04754354731448984,0.22365543894738948
2025-10-28 14:24:35.319,3.3096412135873834,1.4783934363749722,0.04691175577499962,0.22318159529277182
2025-10-28 14:24:36.347,3.3098781354146922,1.4787883060871536,0.05093942683924979,0.22381338683226204
2025-10-28 14:24:37.371,3.3090883959903294,1.4784724103174085,0.048570208566161455,0.22310262135033554
2025-10-28 14:24:38.396,3.309483265702511,1.4801308631085703,0.0491230261632154,0.22302364740789926
2025-10-28 14:24:39.419,3.3094042917600746,1.479183175799335,0.048175338853980065,0.2225498037532816
2025-10-28 14:24:40.443,3.3093253178176383,1.4795780455115164,0.04762252125692612,0.2221549340411002
2025-10-28 14:24:41.466,3.309799161472256,1.4798149673388252,0.04714867760230845,0.22349749106251693
2025-10-28 14:24:42.493,3.309483265702511,1.4784724103174085,0.0491230261632154,0.2235764650049532
2025-10-28 14:24:43.519,3.309246343875202,1.4796570194539527,0.04754354731448984,0.22333954317764437
2025-10-28 14:24:44.547,3.3096412135873834,1.4799729152236978,0.05101840078168607,0.22381338683226204
2025-10-28 14:24:45.570,3.309799161472256,1.4796570194539527,0.050781478954377235,0.22405030865957087
2025-10-28 14:24:46.593,3.309483265702511,1.4791042018568987,0.047464573372053565,0.22484004808393365
2025-10-28 14:24:47.616,3.3099571093571285,1.4794200976266438,0.04714867760230845,0.22333954317764437
2025-10-28 14:24:48.639,3.309562239644947,1.4789462539720262,0.04880713039347029,0.22310262135033554
2025-10-28 14:24:49.662,3.3094042917600746,1.4789462539720262,0.04754354731448984,0.22294467346546298
2025-10-28 14:24:50.687,3.309246343875202,1.4791042018568987,0.048570208566161455,0.22444517837175226
2025-10-28 14:24:51.716,3.3093253178176383,1.4796570194539527,0.047859443084234954,0.22341851712008065
2025-10-28 14:24:52.744,3.309562239644947,1.4795780455115164,0.04691175577499962,0.22476107414149737
2025-10-28 14:24:53.769,3.309246343875202,1.479183175799335,0.04880713039347029,0.2242872304868797
2025-10-28 14:24:54.795,3.309799161472256,1.4781565145476634,0.048175338853980065,0.22231288192597276
2025-10-28 14:24:55.822,3.309799161472256,1.4801308631085703,0.04793841702667123,0.22160211644404626
2025-10-28 14:24:56.846,3.3093253178176383,1.4791042018568987,0.04754354731448984,0.2242872304868797
2025-10-28 14:24:57.875,3.3097201875298197,1.479735993396389,0.04714867760230845,0.22420825654444343
2025-10-28 14:24:58.902,3.3094042917600746,1.4787093321447173,0.04762252125692612,0.22247082981084532
2025-10-28 14:24:59.928,3.3094042917600746,1.47886728002959,0.05070250501194096,0.22333954317764437
2025-10-28 14:25:00.955,3.309483265702511,1.4787093321447173,0.04738559942961729,0.22381338683226204
2025-10-28 14:25:01.980,3.3090883959903294,1.4793411236842076,0.04793841702667123,0.22262877769571787
2025-10-28 14:25:03.005,3.309483265702511,1.4798939412812615,0.04683278183256334,0.22412928260200715
2025-10-28 14:25:04.030,3.308930448105457,1.4791042018568987,0.049280974048087955,0.22373441288982576
2025-10-28 14:25:05.060,3.3088514741630206,1.4790252279144624,0.04691175577499962,0.2228656995230267
2025-10-28 14:25:06.085,3.309009422047893,1.4794200976266438,0.04793841702667123,0.22341851712008065
2025-10-28 14:25:07.110,3.3097201875298197,1.4790252279144624,0.05086045289681351,0.22405030865957087
2025-10-28 14:25:08.136,3.3091673699327657,1.4787883060871536,0.04730662548718101,0.22294467346546298
2025-10-28 14:25:09.165,3.309009422047893,1.4787883060871536,0.04738559942961729,0.22341851712008065
2025-10-28 14:25:10.194,3.3093253178176383,1.4803677849358792,0.047464573372053565,0.22381338683226204
2025-10-28 14:25:11.221,3.3088514741630206,1.4794200976266438,0.048965078278342844,0.22278672558059043
2025-10-28 14:25:12.249,3.3088514741630206,1.4793411236842076,0.04943892193296051,0.2232605692352081
2025-10-28 14:25:13.278,3.309246343875202,1.4798149673388252,0.0469907297174359,0.22278672558059043
2025-10-28 14:25:14.307,3.3087725002205843,1.4795780455115164,0.04825431279641634,0.22476107414149737
2025-10-28 14:25:15.333,3.3091673699327657,1.4795780455115164,0.047464573372053565,0.2228656995230267
2025-10-28 14:25:16.358,3.3085355783932755,1.4794200976266438,0.046753807890127064,0.22223390798353648
2025-10-28 14:25:17.385,3.308693526278148,1.479183175799335,0.04683278183256334,0.22420825654444343
2025-10-28 14:25:18.412,3.3088514741630206,1.4792621497417713,0.04959686981783307,0.22389236077469832
2025-10-28 14:25:19.437,3.308693526278148,1.478630358202281,0.04951789587539679,0.22278672558059043
2025-10-28 14:25:20.463,3.308930448105457,1.4798149673388252,0.046674833947690786,0.22452415231418854
2025-10-28 14:25:21.489,3.3085355783932755,1.4801308631085703,0.047780469141798676,0.2235764650049532
2025-10-28 14:25:22.515,3.3091673699327657,1.4796570194539527,0.04722765154474473,0.22318159529277182
2025-10-28 14:25:23.541,3.309009422047893,1.4798149673388252,0.04801739096910751,0.22176006432891882
2025-10-28 14:25:24.569,3.308377630508403,1.4795780455115164,0.04880713039347029,0.22333954317764437
2025-10-28 14:25:25.598,3.308930448105457,1.479735993396389,0.046753807890127064,0.22318159529277182
2025-10-28 14:25:26.625,3.3087725002205843,1.4794200976266438,0.04849123462372518,0.22318159529277182
2025-10-28 14:25:27.651,3.3085355783932755,1.4781565145476634,0.04738559942961729,0.22302364740789926
2025-10-28 14:25:28.677,3.3082196826235304,1.4795780455115164,0.05014968741488701,0.2228656995230267
2025-10-28 14:25:29.706,3.3082196826235304,1.4790252279144624,0.04762252125692612,0.2235764650049532
2025-10-28 14:25:30.734,3.308377630508403,1.4799729152236978,0.04849123462372518,0.22333954317764437
2025-10-28 14:25:31.760,3.3084566044508392,1.4795780455115164,0.04683278183256334,0.2225498037532816
2025-10-28 14:25:32.784,3.308061734738658,1.4787093321447173,0.04659586000525451,0.22515594385367876
2025-10-28 14:25:33.811,3.308377630508403,1.4794200976266438,0.04730662548718101,0.22452415231418854
2025-10-28 14:25:34.842,3.3082986565659667,1.4794200976266438,0.04809636491154379,0.2235764650049532
2025-10-28 14:25:35.867,3.308140708681094,1.4794990715690801,0.04872815645103401,0.2253928656809876
2025-10-28 14:25:36.892,3.3084566044508392,1.4798149673388252,0.04754354731448984,0.22310262135033554
2025-10-28 14:25:37.918,3.3085355783932755,1.4795780455115164,0.0498337916451419,0.2221549340411002
2025-10-28 14:25:38.944,3.3085355783932755,1.4793411236842076,0.046674833947690786,0.22239185586840904
2025-10-28 14:25:39.969,3.308377630508403,1.479735993396389,0.04754354731448984,0.22562978750829643
2025-10-28 14:25:40.997,3.3084566044508392,1.4794990715690801,0.047069703659872175,0.22207596009866393
2025-10-28 14:25:42.024,3.3082196826235304,1.4793411236842076,0.047780469141798676,0.22262877769571787
2025-10-28 14:25:43.051,3.3079827607962216,1.47886728002959,0.0498337916451419,0.2242872304868797
2025-10-28 14:25:44.077,3.308693526278148,1.4795780455115164,0.047859443084234954,0.2242872304868797
2025-10-28 14:25:45.103,3.3082986565659667,1.4785513842598448,0.048886104335906566,0.22239185586840904
2025-10-28 14:25:46.131,3.3077458389689127,1.4779985666627908,0.04864918250859773,0.22491902202636993
2025-10-28 14:25:47.160,3.3079037868537853,1.47886728002959,0.0469907297174359,0.22231288192597276
2025-10-28 14:25:48.186,3.3082986565659667,1.4789462539720262,0.04809636491154379,0.2235764650049532
2025-10-28 14:25:49.211,3.308140708681094,1.4792621497417713,0.047780469141798676,0.22373441288982576
2025-10-28 14:25:50.237,3.3077458389689127,1.4792621497417713,0.0498337916451419,0.22341851712008065
2025-10-28 14:25:51.261,3.3079037868537853,1.479183175799335,0.048570208566161455,0.22389236077469832
2025-10-28 14:25:52.286,3.30758789108404,1.4792621497417713,0.05022866135732329,0.22547183962342388
2025-10-28 14:25:53.312,3.3082196826235304,1.4795780455115164,0.04762252125692612,0.22381338683226204
2025-10-28 14:25:54.338,3.30758789108404,1.4794200976266438,0.04880713039347029,0.22207596009866393
2025-10-28 14:25:55.363,3.3076668650264764,1.4798149673388252,0.047859443084234954,0.22239185586840904
2025-10-28 14:25:56.388,3.3077458389689127,1.4790252279144624,0.048570208566161455,0.22381338683226204
2025-10-28 14:25:57.415,3.3076668650264764,1.4798939412812615,0.04730662548718101,0.2228656995230267
2025-10-28 14:25:58.442,3.3076668650264764,1.4787883060871536,0.04849123462372518,0.22333954317764437
2025-10-28 14:25:59.468,3.3076668650264764,1.4798149673388252,0.04833328673885262,0.22460312625662482
2025-10-28 14:26:00.496,3.307508917141604,1.4794990715690801,0.04825431279641634,0.22270775163815415
2025-10-28 14:26:01.524,3.307824812911349,1.479183175799335,0.048965078278342844,0.22270775163815415
2025-10-28 14:26:02.552,3.307824812911349,1.4795780455115164,0.04864918250859773,0.22531389173855132
2025-10-28 14:26:03.578,3.3079827607962216,1.4792621497417713,0.05022866135732329,0.22484004808393365
2025-10-28 14:26:04.605,3.3076668650264764,1.479183175799335,0.04951789587539679,0.2225498037532816
2025-10-28 14:26:05.630,3.307035073486986,1.4794200976266438,0.04864918250859773,0.22412928260200715
2025-10-28 14:26:06.655,3.3071140474294225,1.4789462539720262,0.047069703659872175,0.22262877769571787
2025-10-28 14:26:07.684,3.3071930213718588,1.4794200976266438,0.049991739530014456,0.22176006432891882
2025-10-28 14:26:08.711,3.3079037868537853,1.4794200976266438,0.04730662548718101,0.22412928260200715
2025-10-28 14:26:09.739,3.3071140474294225,1.4787093321447173,0.04904405222077912,0.2221549340411002
2025-10-28 14:26:10.767,3.3071930213718588,1.4789462539720262,0.048886104335906566,0.22333954317764437
2025-10-28 14:26:11.792,3.3071930213718588,1.479735993396389,0.04730662548718101,0.2235764650049532
2025-10-28 14:26:12.824,3.307271995314295,1.4795780455115164,0.050070713472450734,0.22302364740789926
2025-10-28 14:26:13.850,3.307271995314295,1.4796570194539527,0.050781478954377235,0.22389236077469832
2025-10-28 14:26:14.876,3.30695609954455,1.4794200976266438,0.04714867760230845,0.22247082981084532
2025-10-28 14:26:15.903,3.3067981516596774,1.4804467588783154,0.04691175577499962,0.22484004808393365
2025-10-28 14:26:16.928,3.3071140474294225,1.4791042018568987,0.04943892193296051,0.2264985008750955
2025-10-28 14:26:17.954,3.30695609954455,1.4789462539720262,0.04730662548718101,0.22318159529277182
2025-10-28 14:26:18.981,3.306719177717241,1.4792621497417713,0.047780469141798676,0.2235764650049532
2025-10-28 14:26:20.006,3.30695609954455,1.4787883060871536,0.04738559942961729,0.2235764650049532
2025-10-28 14:26:21.033,3.306640203774805,1.47886728002959,0.047464573372053565,0.22262877769571787
2025-10-28 14:26:22.058,3.30695609954455,1.4798149673388252,0.04754354731448984,0.2221549340411002
2025-10-28 14:26:23.083,3.3068771256021137,1.4790252279144624,0.04959686981783307,0.2218390382713551
2025-10-28 14:26:24.110,3.3068771256021137,1.4798149673388252,0.04872815645103401,0.2242872304868797
2025-10-28 14:26:25.136,3.3071140474294225,1.4799729152236978,0.05014968741488701,0.22405030865957087
2025-10-28 14:26:26.162,3.3073509692567313,1.4794990715690801,0.04880713039347029,0.22278672558059043
2025-10-28 14:26:27.188,3.3068771256021137,1.4790252279144624,0.05046558318463212,0.22365543894738948
2025-10-28 14:26:28.218,3.3068771256021137,1.478314462432536,0.04809636491154379,0.22262877769571787
2025-10-28 14:26:29.242,3.3064822558899323,1.4787883060871536,0.04683278183256334,0.22420825654444343
2025-10-28 14:26:30.271,3.3071930213718588,1.479735993396389,0.0505445571270684,0.22618260510535038
2025-10-28 14:26:31.296,3.3067981516596774,1.4794990715690801,0.047859443084234954,0.22365543894738948
2025-10-28 14:26:32.322,3.3071930213718588,1.4790252279144624,0.049280974048087955,0.2218390382713551
2025-10-28 14:26:33.349,3.3071930213718588,1.479735993396389,0.047069703659872175,0.22523491779611504
2025-10-28 14:26:34.377,3.3065612298323686,1.4789462539720262,0.04849123462372518,0.22262877769571787
2025-10-28 14:26:35.406,3.306640203774805,1.4790252279144624,0.04920200010565168,0.2225498037532816
2025-10-28 14:26:36.432,3.3063243080050597,1.4790252279144624,0.04951789587539679,0.22294467346546298
2025-10-28 14:26:37.457,3.3065612298323686,1.4799729152236978,0.0484122606812889,0.22412928260200715
2025-10-28 14:26:38.482,3.3064822558899323,1.4792621497417713,0.049280974048087955,0.22302364740789926
2025-10-28 14:26:39.508,3.3062453340626234,1.4802098370510066,0.047780469141798676,0.22365543894738948
2025-10-28 14:26:40.535,3.3063243080050597,1.4785513842598448,0.04825431279641634,0.22278672558059043
2025-10-28 14:26:41.561,3.3065612298323686,1.4785513842598448,0.04801739096910751,0.22333954317764437
2025-10-28 14:26:42.589,3.3064822558899323,1.4793411236842076,0.04730662548718101,0.22444517837175226
2025-10-28 14:26:43.615,3.3064822558899323,1.47886728002959,0.05070250501194096,0.22531389173855132
2025-10-28 14:26:44.641,3.3059294382928783,1.4787093321447173,0.04793841702667123,0.22223390798353648
2025-10-28 14:26:45.665,3.3057714904080058,1.4794990715690801,0.047464573372053565,0.22191801221379137
2025-10-28 14:26:46.687,3.3064822558899323,1.4792621497417713,0.046753807890127064,0.22318159529277182
2025-10-28 14:26:47.714,3.306166360120187,1.4791042018568987,0.05046558318463212,0.22365543894738948
2025-10-28 14:26:48.739,3.3064822558899323,1.4794200976266438,0.0469907297174359,0.22223390798353648
2025-10-28 14:26:49.765,3.3060084122353146,1.4794200976266438,0.048886104335906566,0.22318159529277182
2025-10-28 14:26:50.789,3.305850464350442,1.4802098370510066,0.04825431279641634,0.22452415231418854
2025-10-28 14:26:51.817,3.306403281947496,1.4795780455115164,0.04714867760230845,0.22294467346546298
2025-10-28 14:26:52.842,3.3060084122353146,1.4792621497417713,0.04801739096910751,0.22373441288982576
2025-10-28 14:26:53.868,3.3059294382928783,1.479183175799335,0.04691175577499962,0.22602465722047782
2025-10-28 14:26:54.894,3.3057714904080058,1.4796570194539527,0.04849123462372518,0.2232605692352081
2025-10-28 14:26:55.922,3.3060084122353146,1.479735993396389,0.04880713039347029,0.22176006432891882
2025-10-28 14:26:56.948,3.3062453340626234,1.479183175799335,0.047780469141798676,0.2239713347171346
2025-10-28 14:26:57.975,3.306087386177751,1.4792621497417713,0.049675843760269345,0.22270775163815415
2025-10-28 14:26:58.999,3.305613542523133,1.4795780455115164,0.0469907297174359,0.22239185586840904
2025-10-28 14:27:00.025,3.306087386177751,1.478630358202281,0.04959686981783307,0.22310262135033554
2025-10-28 14:27:01.051,3.3059294382928783,1.4794200976266438,0.05093942683924979,0.2249979959688062
2025-10-28 14:27:02.078,3.305850464350442,1.4787093321447173,0.04714867760230845,0.22523491779611504
2025-10-28 14:27:03.106,3.3054555946382607,1.4794990715690801,0.047859443084234954,0.2239713347171346
2025-10-28 14:27:04.132,3.3056925164655695,1.4789462539720262,0.049280974048087955,0.22365543894738948
2025-10-28 14:27:05.157,3.3057714904080058,1.4794990715690801,0.05046558318463212,0.22333954317764437
2025-10-28 14:27:06.182,3.3059294382928783,1.4792621497417713,0.05014968741488701,0.22278672558059043
2025-10-28 14:27:07.206,3.3054555946382607,1.4785513842598448,0.04691175577499962,0.2225498037532816
2025-10-28 14:27:08.232,3.305850464350442,1.47886728002959,0.0477014951993624,0.22405030865957087
2025-10-28 14:27:09.258,3.3059294382928783,1.479183175799335,0.0469907297174359,0.2232605692352081
2025-10-28 14:27:10.286,3.305850464350442,1.4792621497417713,0.047780469141798676,0.22452415231418854
2025-10-28 14:27:11.313,3.3051396988685156,1.4794200976266438,0.048175338853980065,0.2239713347171346
2025-10-28 14:27:12.339,3.305613542523133,1.4795780455115164,0.0469907297174359,0.22223390798353648
2025-10-28 14:27:13.364,3.3057714904080058,1.4794990715690801,0.04793841702667123,0.22302364740789926
2025-10-28 14:27:14.390,3.305297646753388,1.4792621497417713,0.04801739096910751,0.22602465722047782
2025-10-28 14:27:15.415,3.3059294382928783,1.479183175799335,0.048570208566161455,0.2232605692352081
2025-10-28 14:27:16.441,3.3057714904080058,1.4790252279144624,0.04951789587539679,0.22389236077469832
2025-10-28 14:27:17.467,3.305534568580697,1.4791042018568987,0.0477014951993624,0.22262877769571787
2025-10-28 14:27:18.494,3.3053766206958244,1.479183175799335,0.04762252125692612,0.22365543894738948
2025-10-28 14:27:19.520,3.305297646753388,1.4790252279144624,0.04793841702667123,0.22444517837175226
2025-10-28 14:27:20.546,3.3053766206958244,1.4790252279144624,0.046674833947690786,0.22270775163815415
2025-10-28 14:27:21.571,3.3053766206958244,1.478630358202281,0.0484122606812889,0.22420825654444343
2025-10-28 14:27:22.597,3.3050607249260793,1.479183175799335,0.0505445571270684,0.22349749106251693
2025-10-28 14:27:23.620,3.3056925164655695,1.4790252279144624,0.04801739096910751,0.22294467346546298
2025-10-28 14:27:24.646,3.3049027770412067,1.4796570194539527,0.04643791212038195,0.22231288192597276
2025-10-28 14:27:25.673,3.305297646753388,1.4787093321447173,0.04849123462372518,0.22444517837175226
2025-10-28 14:27:26.700,3.3057714904080058,1.479735993396389,0.04714867760230845,0.22262877769571787
2025-10-28 14:27:27.725,3.3048238030987704,1.4794200976266438,0.04801739096910751,0.22207596009866393
2025-10-28 14:27:28.757,3.3050607249260793,1.4787883060871536,0.04722765154474473,0.22239185586840904
2025-10-28 14:27:29.789,3.304744829156334,1.479735993396389,0.048570208566161455,0.2242872304868797
2025-10-28 14:27:30.816,3.304665855213898,1.4785513842598448,0.04849123462372518,0.22389236077469832
2025-10-28 14:27:31.842,3.304744829156334,1.4789462539720262,0.047069703659872175,0.2225498037532816
2025-10-28 14:27:32.869,3.304744829156334,1.479183175799335,0.047069703659872175,0.22341851712008065
2025-10-28 14:27:33.894,3.30419201155928,1.4785513842598448,0.04730662548718101,0.22365543894738948
2025-10-28 14:27:34.922,3.3043499594441528,1.4798149673388252,0.04683278183256334,0.22278672558059043
2025-10-28 14:27:35.947,3.30419201155928,1.4794990715690801,0.046674833947690786,0.22231288192597276
2025-10-28 14:27:36.974,3.3043499594441528,1.4794990715690801,0.04793841702667123,0.22302364740789926
2025-10-28 14:27:38.000,3.3049027770412067,1.4793411236842076,0.049991739530014456,0.2232605692352081
2025-10-28 14:27:39.025,3.304428933386589,1.4795780455115164,0.04683278183256334,0.22310262135033554
2025-10-28 14:27:40.052,3.304428933386589,1.4792621497417713,0.04975481770270562,0.22389236077469832
2025-10-28 14:27:41.079,3.304744829156334,1.4787883060871536,0.04730662548718101,0.22310262135033554
2025-10-28 14:27:42.107,3.3049027770412067,1.4790252279144624,0.048570208566161455,0.22381338683226204
2025-10-28 14:27:43.135,3.3050607249260793,1.4803677849358792,0.048570208566161455,0.22412928260200715
2025-10-28 14:27:44.162,3.304665855213898,1.4787883060871536,0.046753807890127064,0.2235764650049532
2025-10-28 14:27:45.187,3.3045079073290253,1.4794200976266438,0.04659586000525451,0.22365543894738948
2025-10-28 14:27:46.217,3.304113037616844,1.4787883060871536,0.0477014951993624,0.22318159529277182
2025-10-28 14:27:47.243,3.304665855213898,1.4784724103174085,0.04691175577499962,0.22262877769571787
2025-10-28 14:27:48.271,3.304428933386589,1.4785513842598448,0.04730662548718101,0.22318159529277182
2025-10-28 14:27:49.299,3.304113037616844,1.479183175799335,0.04904405222077912,0.22310262135033554
2025-10-28 14:27:50.327,3.3042709855017165,1.4793411236842076,0.04793841702667123,0.22223390798353648
2025-10-28 14:27:51.352,3.304113037616844,1.4796570194539527,0.0477014951993624,0.22341851712008065
2025-10-28 14:27:52.375,3.3042709855017165,1.4787093321447173,0.04872815645103401,0.22333954317764437
2025-10-28 14:27:53.399,3.3049027770412067,1.4790252279144624,0.04833328673885262,0.22365543894738948
2025-10-28 14:27:54.422,3.30419201155928,1.4798149673388252,0.0484122606812889,0.22333954317764437
2025-10-28 14:27:55.445,3.303876115789535,1.4790252279144624,0.04849123462372518,0.22333954317764437
2025-10-28 14:27:56.469,3.3042709855017165,1.479183175799335,0.046753807890127064,0.22341851712008065
2025-10-28 14:27:57.492,3.304113037616844,1.4791042018568987,0.048570208566161455,0.2232605692352081
2025-10-28 14:27:58.515,3.3036391939622263,1.4796570194539527,0.05030763529975957,0.2232605692352081
2025-10-28 14:27:59.539,3.304665855213898,1.4794200976266438,0.04738559942961729,0.22452415231418854
2025-10-28 14:28:00.563,3.303797141847099,1.4794200976266438,0.0477014951993624,0.2239713347171346
2025-10-28 14:28:01.586,3.3037181679046626,1.4792621497417713,0.046674833947690786,0.22420825654444343
2025-10-28 14:28:02.610,3.3042709855017165,1.4789462539720262,0.048175338853980065,0.22389236077469832
2025-10-28 14:28:03.634,3.3036391939622263,1.479735993396389,0.047464573372053565,0.22507696991124249
2025-10-28 14:28:04.662,3.3043499594441528,1.4787093321447173,0.047780469141798676,0.22199698615622765
2025-10-28 14:28:05.685,3.304113037616844,1.4793411236842076,0.04809636491154379,0.22278672558059043
2025-10-28 14:28:06.708,3.303876115789535,1.4794200976266438,0.04762252125692612,0.22515594385367876
2025-10-28 14:28:07.731,3.3034812460773537,1.47886728002959,0.048175338853980065,0.2249979959688062
2025-10-28 14:28:08.754,3.303244324250045,1.4796570194539527,0.048886104335906566,0.2235764650049532
2025-10-28 14:28:09.781,3.3034022721349174,1.4794200976266438,0.04825431279641634,0.22199698615622765
2025-10-28 14:28:10.808,3.30356022001979,1.479183175799335,0.046753807890127064,0.22310262135033554
2025-10-28 14:28:11.837,3.303797141847099,1.47886728002959,0.04722765154474473,0.22278672558059043
2025-10-28 14:28:12.861,3.3037181679046626,1.4794200976266438,0.04904405222077912,0.2225498037532816
2025-10-28 14:28:13.892,3.30356022001979,1.4795780455115164,0.04762252125692612,0.22310262135033554
2025-10-28 14:28:14.923,3.30356022001979,1.4789462539720262,0.04683278183256334,0.2221549340411002
2025-10-28 14:28:15.953,3.30356022001979,1.479735993396389,0.04864918250859773,0.22310262135033554
2025-10-28 14:28:16.984,3.3039550897319714,1.4792621497417713,0.0469907297174359,0.22247082981084532
2025-10-28 14:28:18.011,3.30356022001979,1.4787883060871536,0.04825431279641634,0.22405030865957087
2025-10-28 14:28:19.038,3.30356022001979,1.4798149673388252,0.047464573372053565,0.2225498037532816
2025-10-28 14:28:20.063,3.3034812460773537,1.4798149673388252,0.05046558318463212,0.22207596009866393
2025-10-28 14:28:21.093,3.3034812460773537,1.478630358202281,0.04762252125692612,0.2239713347171346
2025-10-28 14:28:22.123,3.3034812460773537,1.4787093321447173,0.04991276558757818,0.2225498037532816
2025-10-28 14:28:23.152,3.303007402422736,1.4799729152236978,0.047464573372053565,0.22318159529277182
2025-10-28 14:28:24.185,3.3034812460773537,1.4799729152236978,0.047069703659872175,0.2228656995230267
2025-10-28 14:28:25.216,3.3037181679046626,1.4791042018568987,0.0477014951993624,0.22381338683226204
2025-10-28 14:28:26.246,3.3029284284802998,1.479735993396389,0.049280974048087955,0.2228656995230267
2025-10-28 14:28:27.273,3.3036391939622263,1.4787883060871536,0.04833328673885262,0.22491902202636993
2025-10-28 14:28:28.303,3.3034812460773537,1.4796570194539527,0.0469907297174359,0.22476107414149737
2025-10-28 14:28:29.332,3.3031653503076086,1.4791042018568987,0.04722765154474473,0.2242872304868797
2025-10-28 14:28:30.358,3.303244324250045,1.47886728002959,0.0484122606812889,0.22302364740789926
2025-10-28 14:28:31.386,3.3030863763651723,1.479183175799335,0.047780469141798676,0.2239713347171346
2025-10-28 14:28:32.416,3.3031653503076086,1.4794990715690801,0.04825431279641634,0.22239185586840904
2025-10-28 14:28:33.447,3.3031653503076086,1.4801308631085703,0.04825431279641634,0.22199698615622765
2025-10-28 14:28:34.476,3.302770480595427,1.4791042018568987,0.050070713472450734,0.2228656995230267
2025-10-28 14:28:35.509,3.303007402422736,1.4784724103174085,0.04825431279641634,0.22333954317764437
2025-10-28 14:28:36.538,3.3029284284802998,1.4791042018568987,0.04833328673885262,0.22507696991124249
2025-10-28 14:28:37.568,3.3025335587681184,1.4789462539720262,0.047464573372053565,0.22341851712008065
2025-10-28 14:28:38.599,3.3028494545378635,1.4787093321447173,0.04849123462372518,0.22239185586840904
2025-10-28 14:28:39.629,3.302770480595427,1.4795780455115164,0.04691175577499962,0.22444517837175226
2025-10-28 14:28:40.661,3.302454584825682,1.479735993396389,0.04722765154474473,0.2228656995230267
2025-10-28 14:28:41.694,3.303323298192481,1.478630358202281,0.04904405222077912,0.22444517837175226
2025-10-28 14:28:42.725,3.3028494545378635,1.4793411236842076,0.04738559942961729,0.22247082981084532
2025-10-28 14:28:43.756,3.3029284284802998,1.4794200976266438,0.04864918250859773,0.2232605692352081
2025-10-28 14:28:44.785,3.3030863763651723,1.4794200976266438,0.047464573372053565,0.22247082981084532
2025-10-28 14:28:45.811,3.3029284284802998,1.479183175799335,0.04935994799052423,0.22381338683226204
2025-10-28 14:28:46.839,3.302691506652991,1.479183175799335,0.04738559942961729,0.22523491779611504
2025-10-28 14:28:47.867,3.3029284284802998,1.4785513842598448,0.048175338853980065,0.22341851712008065
2025-10-28 14:28:48.897,3.3025335587681184,1.4789462539720262,0.047464573372053565,0.2257087614507327
2025-10-28 14:28:49.923,3.302770480595427,1.4792621497417713,0.046674833947690786,0.22294467346546298
2025-10-28 14:28:50.951,3.302375610883246,1.4794990715690801,0.047780469141798676,0.2257087614507327
2025-10-28 14:28:51.975,3.302454584825682,1.4790252279144624,0.049280974048087955,0.22373441288982576
2025-10-28 14:28:53.006,3.302375610883246,1.4796570194539527,0.04691175577499962,0.22262877769571787
2025-10-28 14:28:54.037,3.302138689055937,1.479735993396389,0.04738559942961729,0.22523491779611504
2025-10-28 14:28:55.069,3.3026125327105547,1.4789462539720262,0.04904405222077912,0.22460312625662482
2025-10-28 14:28:56.100,3.302375610883246,1.478630358202281,0.04872815645103401,0.22270775163815415
2025-10-28 14:28:57.125,3.302454584825682,1.47886728002959,0.04825431279641634,0.2225498037532816
2025-10-28 14:28:58.154,3.3025335587681184,1.4793411236842076,0.0484122606812889,0.22444517837175226
2025-10-28 14:28:59.180,3.3022966369408095,1.4793411236842076,0.04833328673885262,0.22349749106251693
2025-10-28 14:29:00.211,3.302138689055937,1.4796570194539527,0.050386609242195846,0.22460312625662482
2025-10-28 14:29:01.240,3.3022966369408095,1.4789462539720262,0.04825431279641634,0.22507696991124249
2025-10-28 14:29:02.268,3.301901767228628,1.4798149673388252,0.046753807890127064,0.2228656995230267
2025-10-28 14:29:03.299,3.3020597151135007,1.4792621497417713,0.04833328673885262,0.22381338683226204
2025-10-28 14:29:04.330,3.3016648454013193,1.4794200976266438,0.046674833947690786,0.2228656995230267
2025-10-28 14:29:05.353,3.302138689055937,1.4793411236842076,0.04825431279641634,0.22602465722047782
2025-10-28 14:29:06.376,3.301585871458883,1.4791042018568987,0.04833328673885262,0.22302364740789926
2025-10-28 14:29:07.399,3.301822793286192,1.4794200976266438,0.04833328673885262,0.22310262135033554
2025-10-28 14:29:08.428,3.301585871458883,1.4792621497417713,0.04691175577499962,0.2228656995230267
2025-10-28 14:29:09.455,3.3015068975164468,1.4791042018568987,0.04872815645103401,0.225787735393169
2025-10-28 14:29:10.481,3.301822793286192,1.4792621497417713,0.04825431279641634,0.22318159529277182
2025-10-28 14:29:11.507,3.301585871458883,1.4789462539720262,0.048175338853980065,0.22412928260200715
2025-10-28 14:29:12.533,3.3017438193437556,1.479183175799335,0.047464573372053565,0.22373441288982576
2025-10-28 14:29:13.561,3.3020597151135007,1.4793411236842076,0.047464573372053565,0.2228656995230267
2025-10-28 14:29:14.593,3.3016648454013193,1.4798149673388252,0.04754354731448984,0.2239713347171346
2025-10-28 14:29:15.625,3.3014279235740105,1.478314462432536,0.046674833947690786,0.22333954317764437
2025-10-28 14:29:16.655,3.301348949631574,1.4790252279144624,0.048570208566161455,0.22341851712008065
2025-10-28 14:29:17.685,3.3015068975164468,1.4793411236842076,0.049280974048087955,0.2235764650049532
2025-10-28 14:29:18.716,3.3015068975164468,1.4793411236842076,0.04849123462372518,0.22302364740789926
2025-10-28 14:29:19.746,3.3014279235740105,1.47886728002959,0.0484122606812889,0.22223390798353648
2025-10-28 14:29:20.777,3.3011120278042654,1.4790252279144624,0.04864918250859773,0.22278672558059043
2025-10-28 14:29:21.805,3.3014279235740105,1.47886728002959,0.05030763529975957,0.2239713347171346
2025-10-28 14:29:22.834,3.3015068975164468,1.4794990715690801,0.0477014951993624,0.22436620442931599
2025-10-28 14:29:23.857,3.3014279235740105,1.4791042018568987,0.048570208566161455,0.2249979959688062
2025-10-28 14:29:24.887,3.3011910017467017,1.479183175799335,0.04754354731448984,0.22381338683226204
2025-10-28 14:29:25.918,3.3014279235740105,1.4796570194539527,0.04754354731448984,0.22262877769571787
2025-10-28 14:29:26.948,3.3015068975164468,1.479735993396389,0.04651688606281823,0.2242872304868797
2025-10-28 14:29:27.978,3.3014279235740105,1.4790252279144624,0.04762252125692612,0.2225498037532816
2025-10-28 14:29:29.005,3.3011910017467017,1.4802098370510066,0.0469907297174359,0.22381338683226204
2025-10-28 14:29:30.035,3.3011910017467017,1.4787093321447173,0.04872815645103401,0.2239713347171346
2025-10-28 14:29:31.066,3.301348949631574,1.4791042018568987,0.04738559942961729,0.22239185586840904
2025-10-28 14:29:32.095,3.301033053861829,1.4790252279144624,0.04762252125692612,0.2232605692352081
2025-10-28 14:29:33.124,3.3011910017467017,1.4790252279144624,0.04809636491154379,0.22365543894738948
2025-10-28 14:29:34.153,3.3008751059769565,1.4787883060871536,0.047464573372053565,0.22523491779611504
2025-10-28 14:29:35.179,3.3011910017467017,1.479735993396389,0.04730662548718101,0.2232605692352081
2025-10-28 14:29:36.209,3.3006381841496477,1.4798149673388252,0.04738559942961729,0.22239185586840904
2025-10-28 14:29:37.242,3.3005592102072114,1.4793411236842076,0.04722765154474473,0.22247082981084532
2025-10-28 14:29:38.267,3.300954079919393,1.4793411236842076,0.04801739096910751,0.22262877769571787
2025-10-28 14:29:39.293,3.300717158092084,1.4789462539720262,0.04722765154474473,0.2239713347171346
2025-10-28 14:29:40.327,3.300954079919393,1.478630358202281,0.04738559942961729,0.22460312625662482
2025-10-28 14:29:41.358,3.3006381841496477,1.4791042018568987,0.0505445571270684,0.22349749106251693
2025-10-28 14:29:42.390,3.3011120278042654,1.4791042018568987,0.0477014951993624,0.2239713347171346
2025-10-28 14:29:43.421,3.301033053861829,1.4795780455115164,0.0498337916451419,0.22262877769571787
2025-10-28 14:29:44.452,3.3011120278042654,1.479735993396389,0.046753807890127064,0.22405030865957087
2025-10-28 14:29:45.476,3.3011120278042654,1.4791042018568987,0.04754354731448984,0.2232605692352081
2025-10-28 14:29:46.507,3.3008751059769565,1.479183175799335,0.04738559942961729,0.2228656995230267
2025-10-28 14:29:47.541,3.300954079919393,1.4787883060871536,0.05014968741488701,0.22349749106251693
2025-10-28 14:29:48.574,3.300717158092084,1.4790252279144624,0.04825431279641634,0.22389236077469832
2025-10-28 14:29:49.605,3.3006381841496477,1.4792621497417713,0.047464573372053565,0.22294467346546298
2025-10-28 14:29:50.636,3.300480236264775,1.4790252279144624,0.04849123462372518,0.2257087614507327
2025-10-28 14:29:51.659,3.3005592102072114,1.4794200976266438,0.04833328673885262,0.22310262135033554
2025-10-28 14:29:52.686,3.3007961320345203,1.4796570194539527,0.04809636491154379,0.22247082981084532
2025-10-28 14:29:53.717,3.30016434049503,1.4793411236842076,0.0477014951993624,0.225787735393169
2025-10-28 14:29:54.747,3.3008751059769565,1.4791042018568987,0.048570208566161455,0.22389236077469832
2025-10-28 14:29:55.774,3.3006381841496477,1.4798149673388252,0.047859443084234954,0.2239713347171346
2025-10-28 14:29:56.801,3.300717158092084,1.4794200976266438,0.04849123462372518,0.2228656995230267
2025-10-28 14:29:57.826,3.3002433144374663,1.4793411236842076,0.04801739096910751,0.22318159529277182
2025-10-28 14:29:58.857,3.300717158092084,1.4798149673388252,0.04801739096910751,0.22626157904778665
2025-10-28 14:29:59.886,3.3003222883799026,1.4784724103174085,0.04738559942961729,0.22278672558059043
2025-10-28 14:30:00.914,3.3003222883799026,1.479183175799335,0.04809636491154379,0.22365543894738948
2025-10-28 14:30:01.945,3.300717158092084,1.4798939412812615,0.04683278183256334,0.22476107414149737
2025-10-28 14:30:02.976,3.3003222883799026,1.4793411236842076,0.04864918250859773,0.22626157904778665
2025-10-28 14:30:04.002,3.299927418667721,1.4787093321447173,0.047069703659872175,0.22262877769571787
2025-10-28 14:30:05.028,3.30016434049503,1.4794990715690801,0.04935994799052423,0.22231288192597276
2025-10-28 14:30:06.059,3.30016434049503,1.4793411236842076,0.0484122606812889,0.22515594385367876
2025-10-28 14:30:07.089,3.3000853665525938,1.4790252279144624,0.04801739096910751,0.22341851712008065
2025-10-28 14:30:08.118,3.3002433144374663,1.4792621497417713,0.04864918250859773,0.2242872304868797
2025-10-28 14:30:09.147,3.299927418667721,1.479735993396389,0.0469907297174359,0.22310262135033554
2025-10-28 14:30:10.173,3.3000853665525938,1.4790252279144624,0.046753807890127064,0.2261036311629141
2025-10-28 14:30:11.199,3.3000063926101575,1.4796570194539527,0.048965078278342844,0.22302364740789926
2025-10-28 14:30:12.226,3.3000853665525938,1.4785513842598448,0.047464573372053565,0.2239713347171346
2025-10-28 14:30:13.255,3.3003222883799026,1.4799729152236978,0.05086045289681351,0.22389236077469832
2025-10-28 14:30:14.284,3.299848444725285,1.4793411236842076,0.04920200010565168,0.2225498037532816
2025-10-28 14:30:15.315,3.30016434049503,1.4792621497417713,0.048570208566161455,0.2235764650049532
2025-10-28 14:30:16.345,3.2997694707828487,1.4791042018568987,0.05014968741488701,0.22476107414149737
2025-10-28 14:30:17.374,3.3000063926101575,1.4795780455115164,0.04714867760230845,0.22341851712008065
2025-10-28 14:30:18.402,3.29953254895554,1.4792621497417713,0.04809636491154379,0.2232605692352081
2025-10-28 14:30:19.429,3.299611522897976,1.4794990715690801,0.047464573372053565,0.22294467346546298
2025-10-28 14:30:20.457,3.2991376792433584,1.4789462539720262,0.047464573372053565,0.22412928260200715
2025-10-28 14:30:21.488,3.299927418667721,1.4794200976266438,0.048175338853980065,0.2221549340411002
2025-10-28 14:30:22.518,3.299848444725285,1.4792621497417713,0.04793841702667123,0.22318159529277182
2025-10-28 14:30:23.549,3.2997694707828487,1.4782354884900997,0.04864918250859773,0.22412928260200715
2025-10-28 14:30:24.578,3.299611522897976,1.4799729152236978,0.04762252125692612,0.22333954317764437
2025-10-28 14:30:25.608,3.299611522897976,1.4794200976266438,0.0477014951993624,0.22278672558059043
2025-10-28 14:30:26.636,3.300401262322339,1.479183175799335,0.047859443084234954,0.225787735393169
2025-10-28 14:30:27.665,3.2996904968404124,1.4790252279144624,0.05046558318463212,0.22310262135033554
2025-10-28 14:30:28.694,3.2993746010706673,1.4794990715690801,0.047464573372053565,0.22373441288982576
2025-10-28 14:30:29.721,3.2993746010706673,1.4801308631085703,0.04880713039347029,0.22333954317764437
2025-10-28 14:30:30.751,3.29953254895554,1.4796570194539527,0.047069703659872175,0.22239185586840904
2025-10-28 14:30:31.781,3.299295627128231,1.4790252279144624,0.04801739096910751,0.22341851712008065
2025-10-28 14:30:32.811,3.2993746010706673,1.4793411236842076,0.047859443084234954,0.2249979959688062
2025-10-28 14:30:33.842,3.2997694707828487,1.4793411236842076,0.04833328673885262,0.22333954317764437
2025-10-28 14:30:34.867,3.298979731358486,1.479183175799335,0.04754354731448984,0.22231288192597276
2025-10-28 14:30:35.899,3.299611522897976,1.478314462432536,0.04833328673885262,0.22491902202636993
2025-10-28 14:30:36.930,3.2991376792433584,1.480051889166134,0.047069703659872175,0.2225498037532816
2025-10-28 14:30:37.959,3.29953254895554,1.4796570194539527,0.04754354731448984,0.22333954317764437
2025-10-28 14:30:38.989,3.2992166531857947,1.4795780455115164,0.048175338853980065,0.2228656995230267
2025-10-28 14:30:40.013,3.298979731358486,1.4791042018568987,0.04659586000525451,0.22310262135033554
2025-10-28 14:30:41.040,3.299058705300922,1.4787093321447173,0.04920200010565168,0.2253928656809876
2025-10-28 14:30:42.066,3.2992166531857947,1.4794200976266438,0.04920200010565168,0.22310262135033554
2025-10-28 14:30:43.093,3.2991376792433584,1.4794990715690801,0.04730662548718101,0.22270775163815415
2025-10-28 14:30:44.118,3.2986638355887408,1.4793411236842076,0.04754354731448984,0.22365543894738948
2025-10-28 14:30:45.150,3.2992166531857947,1.4795780455115164,0.049675843760269345,0.2239713347171346
2025-10-28 14:30:46.180,3.2989007574160496,1.4794200976266438,0.04880713039347029,0.22278672558059043
2025-10-28 14:30:47.211,3.2989007574160496,1.4791042018568987,0.04691175577499962,0.2225498037532816
2025-10-28 14:30:48.241,3.298742809531177,1.4787883060871536,0.04975481770270562,0.22294467346546298
2025-10-28 14:30:49.271,3.2989007574160496,1.4798939412812615,0.04959686981783307,0.22373441288982576
2025-10-28 14:30:50.301,3.298505887703868,1.4795780455115164,0.04738559942961729,0.22294467346546298
2025-10-28 14:30:51.333,3.2989007574160496,1.4784724103174085,0.047464573372053565,0.22318159529277182
2025-10-28 14:30:52.356,3.298742809531177,1.4783934363749722,0.0477014951993624,0.22436620442931599
2025-10-28 14:30:53.386,3.2989007574160496,1.4793411236842076,0.047069703659872175,0.22294467346546298
2025-10-28 14:30:54.416,3.2986638355887408,1.4783934363749722,0.04872815645103401,0.2235764650049532
2025-10-28 14:30:55.446,3.298979731358486,1.479183175799335,0.04801739096910751,0.22333954317764437
2025-10-28 14:30:56.473,3.298426913761432,1.4795780455115164,0.047859443084234954,0.22476107414149737
2025-10-28 14:30:57.496,3.298426913761432,1.47886728002959,0.04722765154474473,0.2232605692352081
2025-10-28 14:30:58.524,3.2985848616463045,1.4799729152236978,0.04691175577499962,0.22278672558059043
2025-10-28 14:30:59.556,3.2983479398189957,1.4790252279144624,0.04849123462372518,0.22373441288982576
2025-10-28 14:31:00.587,3.298426913761432,1.47886728002959,0.04793841702667123,0.2228656995230267
2025-10-28 14:31:01.619,3.298426913761432,1.4789462539720262,0.04754354731448984,0.22333954317764437
2025-10-28 14:31:02.645,3.298979731358486,1.4790252279144624,0.04714867760230845,0.2221549340411002
2025-10-28 14:31:03.676,3.2985848616463045,1.4784724103174085,0.04880713039347029,0.22594568327804154
2025-10-28 14:31:04.708,3.2985848616463045,1.4794200976266438,0.05014968741488701,0.22270775163815415
2025-10-28 14:31:05.737,3.298505887703868,1.4787093321447173,0.048570208566161455,0.22381338683226204
2025-10-28 14:31:06.764,3.2989007574160496,1.4791042018568987,0.04809636491154379,0.22341851712008065
2025-10-28 14:31:07.792,3.298505887703868,1.4789462539720262,0.04801739096910751,0.2225498037532816
2025-10-28 14:31:08.821,3.298189991934123,1.4784724103174085,0.05086045289681351,0.2232605692352081
2025-10-28 14:31:09.848,3.2979530701068143,1.4794990715690801,0.048175338853980065,0.22318159529277182
2025-10-28 14:31:10.876,3.2983479398189957,1.4791042018568987,0.05086045289681351,0.2257087614507327
2025-10-28 14:31:11.902,3.297874096164378,1.4794990715690801,0.047464573372053565,0.22262877769571787
2025-10-28 14:31:12.929,3.2985848616463045,1.4789462539720262,0.04975481770270562,0.22278672558059043
2025-10-28 14:31:13.951,3.298189991934123,1.4795780455115164,0.047859443084234954,0.22176006432891882
2025-10-28 14:31:14.974,3.297874096164378,1.4787093321447173,0.048965078278342844,0.22389236077469832
2025-10-28 14:31:15.997,3.2983479398189957,1.479183175799335,0.04714867760230845,0.22484004808393365
2025-10-28 14:31:17.020,3.2983479398189957,1.4801308631085703,0.048570208566161455,0.22436620442931599
2025-10-28 14:31:18.043,3.2982689658765594,1.4791042018568987,0.04872815645103401,0.2239713347171346
2025-10-28 14:31:19.065,3.2979530701068143,1.4796570194539527,0.04762252125692612,0.22262877769571787
2025-10-28 14:31:20.090,3.297874096164378,1.4794990715690801,0.04935994799052423,0.2225498037532816
2025-10-28 14:31:21.116,3.298111017991687,1.4783934363749722,0.047069703659872175,0.22452415231418854
2025-10-28 14:31:22.143,3.2983479398189957,1.4782354884900997,0.04849123462372518,0.22341851712008065
2025-10-28 14:31:23.167,3.297874096164378,1.4784724103174085,0.0469907297174359,0.22373441288982576
2025-10-28 14:31:24.190,3.297321278567324,1.4796570194539527,0.04691175577499962,0.2221549340411002
2025-10-28 14:31:25.213,3.297874096164378,1.4795780455115164,0.046753807890127064,0.2228656995230267
2025-10-28 14:31:26.236,3.297558200394633,1.4796570194539527,0.047069703659872175,0.2242872304868797
2025-10-28 14:31:27.260,3.2977951222219417,1.4789462539720262,0.04880713039347029,0.22523491779611504
2025-10-28 14:31:28.285,3.297874096164378,1.4794200976266438,0.048175338853980065,0.22389236077469832
2025-10-28 14:31:29.309,3.2977161482795054,1.4794200976266438,0.04849123462372518,0.22365543894738948
2025-10-28 14:31:30.332,3.2979530701068143,1.4794990715690801,0.04825431279641634,0.2221549340411002
2025-10-28 14:31:31.356,3.2972423046248878,1.4794990715690801,0.04825431279641634,0.22333954317764437
2025-10-28 14:31:32.379,3.2974002525097603,1.4793411236842076,0.04762252125692612,0.22381338683226204
2025-10-28 14:31:33.401,3.2977951222219417,1.4795780455115164,0.04864918250859773,0.22349749106251693
2025-10-28 14:31:34.428,3.297637174337069,1.4795780455115164,0.0469907297174359,0.22270775163815415
2025-10-28 14:31:35.458,3.2974792264521966,1.4789462539720262,0.049280974048087955,0.2242872304868797
2025-10-28 14:31:36.487,3.2977951222219417,1.4792621497417713,0.04809636491154379,0.22262877769571787
2025-10-28 14:31:37.515,3.297637174337069,1.4793411236842076,0.05022866135732329,0.2225498037532816
2025-10-28 14:31:38.541,3.297558200394633,1.4793411236842076,0.04833328673885262,0.22381338683226204
2025-10-28 14:31:39.567,3.297637174337069,1.4787093321447173,0.048570208566161455,0.2246821001990611
2025-10-28 14:31:40.595,3.2974002525097603,1.4791042018568987,0.047069703659872175,0.22444517837175226
2025-10-28 14:31:41.622,3.2977161482795054,1.4790252279144624,0.04738559942961729,0.22484004808393365
2025-10-28 14:31:42.647,3.297084356740015,1.4796570194539527,0.04809636491154379,0.22333954317764437
2025-10-28 14:31:43.673,3.2971633306824515,1.4798149673388252,0.0469907297174359,0.22247082981084532
2025-10-28 14:31:44.699,3.2974792264521966,1.4798939412812615,0.04880713039347029,0.22365543894738948
2025-10-28 14:31:45.724,3.296689487027834,1.4787883060871536,0.04833328673885262,0.22523491779611504
2025-10-28 14:31:46.749,3.2968474349127064,1.4798939412812615,0.04754354731448984,0.22405030865957087
2025-10-28 14:31:47.777,3.2968474349127064,1.4793411236842076,0.0484122606812889,0.22452415231418854
2025-10-28 14:31:48.803,3.296689487027834,1.4790252279144624,0.04849123462372518,0.22373441288982576
2025-10-28 14:31:49.831,3.297084356740015,1.4795780455115164,0.047069703659872175,0.22239185586840904
2025-10-28 14:31:50.856,3.297005382797579,1.4792621497417713,0.046674833947690786,0.22262877769571787
2025-10-28 14:31:51.885,3.2965315391429613,1.4793411236842076,0.04849123462372518,0.2239713347171346
2025-10-28 14:31:52.915,3.2966105130853975,1.4790252279144624,0.046674833947690786,0.22349749106251693
2025-10-28 14:31:53.941,3.2969264088551427,1.4792621497417713,0.048570208566161455,0.2228656995230267
2025-10-28 14:31:54.967,3.296689487027834,1.4793411236842076,0.04762252125692612,0.22207596009866393
2025-10-28 14:31:55.993,3.2968474349127064,1.4794200976266438,0.05014968741488701,0.2225498037532816
2025-10-28 14:31:57.022,3.2966105130853975,1.4790252279144624,0.04833328673885262,0.22278672558059043
2025-10-28 14:31:58.050,3.2969264088551427,1.4806836807056243,0.04920200010565168,0.2228656995230267
2025-10-28 14:31:59.078,3.2966105130853975,1.4793411236842076,0.04762252125692612,0.2249979959688062
2025-10-28 14:32:00.105,3.2968474349127064,1.4792621497417713,0.0484122606812889,0.22444517837175226
2025-10-28 14:32:01.135,3.2968474349127064,1.4798939412812615,0.04959686981783307,0.22270775163815415
2025-10-28 14:32:02.162,3.297005382797579,1.4790252279144624,0.05070250501194096,0.22318159529277182
2025-10-28 14:32:03.197,3.2962946173156524,1.4794200976266438,0.050386609242195846,0.22586670933560526
2025-10-28 14:32:04.222,3.296215643373216,1.4790252279144624,0.0477014951993624,0.22373441288982576
2025-10-28 14:32:05.247,3.296452565200525,1.4787883060871536,0.04833328673885262,0.22247082981084532
2025-10-28 14:32:06.273,3.2966105130853975,1.4790252279144624,0.04683278183256334,0.22239185586840904
2025-10-28 14:32:07.297,3.2963735912580887,1.47886728002959,0.04809636491154379,0.22373441288982576
2025-10-28 14:32:08.326,3.296452565200525,1.477761644835482,0.05030763529975957,0.2242872304868797
2025-10-28 14:32:09.350,3.2965315391429613,1.4802098370510066,0.05030763529975957,0.22199698615622765
2025-10-28 14:32:10.377,3.2962946173156524,1.4798939412812615,0.04691175577499962,0.22373441288982576
2025-10-28 14:32:11.405,3.2959787215459073,1.4796570194539527,0.050386609242195846,0.22318159529277182
2025-10-28 14:32:12.431,3.2962946173156524,1.479183175799335,0.048965078278342844,0.22231288192597276
2025-10-28 14:32:13.454,3.2958207736610348,1.4803677849358792,0.04738559942961729,0.2221549340411002
2025-10-28 14:32:14.485,3.2957417997185985,1.4794200976266438,0.047464573372053565,0.2239713347171346
2025-10-28 14:32:15.511,3.296215643373216,1.479183175799335,0.04801739096910751,0.22191801221379137
2025-10-28 14:32:16.540,3.296215643373216,1.479183175799335,0.04762252125692612,0.22389236077469832
2025-10-28 14:32:17.566,3.2963735912580887,1.4783934363749722,0.04730662548718101,0.22341851712008065
2025-10-28 14:32:18.592,3.29613666943078,1.4789462539720262,0.04935994799052423,0.22278672558059043
2025-10-28 14:32:19.616,3.296215643373216,1.4794990715690801,0.0477014951993624,0.22484004808393365
2025-10-28 14:32:20.644,3.2959787215459073,1.4794200976266438,0.050781478954377235,0.22389236077469832
2025-10-28 14:32:21.672,3.296215643373216,1.4791042018568987,0.04762252125692612,0.2228656995230267
2025-10-28 14:32:22.697,3.2962946173156524,1.4795780455115164,0.04683278183256334,0.22602465722047782
2025-10-28 14:32:23.722,3.296215643373216,1.4790252279144624,0.048886104335906566,0.22389236077469832
2025-10-28 14:32:24.750,3.296215643373216,1.4784724103174085,0.04738559942961729,0.2218390382713551
2025-10-28 14:32:25.778,3.2960576954883436,1.4795780455115164,0.05062353106950468,0.22594568327804154
2025-10-28 14:32:26.803,3.295662825776162,1.479183175799335,0.048570208566161455,0.22262877769571787
2025-10-28 14:32:27.828,3.295583851833726,1.4792621497417713,0.04722765154474473,0.22199698615622765
2025-10-28 14:32:28.853,3.2960576954883436,1.4795780455115164,0.046753807890127064,0.2228656995230267
2025-10-28 14:32:29.878,3.2954259039488534,1.4793411236842076,0.04730662548718101,0.22602465722047782
2025-10-28 14:32:30.903,3.295662825776162,1.4794990715690801,0.04991276558757818,0.22420825654444343
2025-10-28 14:32:31.929,3.2960576954883436,1.4787093321447173,0.04872815645103401,0.22270775163815415
2025-10-28 14:32:32.955,3.295662825776162,1.4795780455115164,0.05030763529975957,0.22373441288982576
2025-10-28 14:32:33.981,3.2954259039488534,1.4802098370510066,0.05086045289681351,0.22420825654444343
2025-10-28 14:32:35.009,3.2958207736610348,1.4792621497417713,0.04849123462372518,0.22278672558059043
2025-10-28 14:32:36.035,3.2958207736610348,1.4794200976266438,0.047859443084234954,0.22318159529277182
2025-10-28 14:32:37.065,3.2959787215459073,1.4785513842598448,0.048965078278342844,0.2228656995230267
2025-10-28 14:32:38.095,3.2958207736610348,1.4790252279144624,0.04683278183256334,0.22294467346546298
2025-10-28 14:32:39.125,3.29613666943078,1.4794990715690801,0.04738559942961729,0.22507696991124249
2025-10-28 14:32:40.156,3.2957417997185985,1.479183175799335,0.04754354731448984,0.22586670933560526
2025-10-28 14:32:41.183,3.295583851833726,1.4787883060871536,0.0484122606812889,0.22310262135033554
2025-10-28 14:32:42.210,3.2955048778912897,1.4787093321447173,0.04722765154474473,0.22262877769571787
2025-10-28 14:32:43.237,3.295662825776162,1.4801308631085703,0.04809636491154379,0.22420825654444343
2025-10-28 14:32:44.266,3.2960576954883436,1.4789462539720262,0.04951789587539679,0.22381338683226204
2025-10-28 14:32:45.297,3.295899747603471,1.4790252279144624,0.04825431279641634,0.22452415231418854
2025-10-28 14:32:46.329,3.295899747603471,1.4798149673388252,0.04793841702667123,0.22444517837175226
2025-10-28 14:32:47.359,3.2955048778912897,1.4793411236842076,0.0484122606812889,0.2235764650049532
2025-10-28 14:32:48.388,3.295899747603471,1.4798149673388252,0.04691175577499962,0.22515594385367876
2025-10-28 14:32:49.418,3.295267956063981,1.479183175799335,0.048570208566161455,0.2253928656809876
2025-10-28 14:32:50.448,3.2951100081791083,1.4790252279144624,0.048175338853980065,0.22333954317764437
2025-10-28 14:32:51.473,3.2955048778912897,1.4794200976266438,0.048965078278342844,0.22365543894738948
2025-10-28 14:32:52.500,3.2957417997185985,1.4789462539720262,0.04762252125692612,0.2235764650049532
2025-10-28 14:32:53.527,3.2951100081791083,1.47886728002959,0.04730662548718101,0.22349749106251693
2025-10-28 14:32:54.552,3.2951100081791083,1.4794990715690801,0.04920200010565168,0.22262877769571787
2025-10-28 14:32:55.579,3.2949520602942357,1.4792621497417713,0.04793841702667123,0.22333954317764437
2025-10-28 14:32:56.608,3.295583851833726,1.4791042018568987,0.0484122606812889,0.22476107414149737
2025-10-28 14:32:57.636,3.295031034236672,1.4794200976266438,0.04793841702667123,0.22318159529277182
2025-10-28 14:32:58.662,3.2948730863517994,1.478630358202281,0.04793841702667123,0.2242872304868797
2025-10-28 14:32:59.691,3.295031034236672,1.4792621497417713,0.04793841702667123,0.22318159529277182
2025-10-28 14:33:00.720,3.2946361645244906,1.4798939412812615,0.04722765154474473,0.22405030865957087
2025-10-28 14:33:01.746,3.2951889821215445,1.4791042018568987,0.04833328673885262,0.22476107414149737
2025-10-28 14:33:02.775,3.2948730863517994,1.4794200976266438,0.05030763529975957,0.22231288192597276
2025-10-28 14:33:03.805,3.2951100081791083,1.4784724103174085,0.048570208566161455,0.22333954317764437
2025-10-28 14:33:04.836,3.2951100081791083,1.4793411236842076,0.046753807890127064,0.22168109038648254
2025-10-28 14:33:05.867,3.295267956063981,1.4794200976266438,0.04864918250859773,0.2221549340411002
2025-10-28 14:33:06.897,3.2951100081791083,1.4790252279144624,0.05014968741488701,0.22389236077469832
2025-10-28 14:33:07.924,3.294715138466927,1.4794990715690801,0.04738559942961729,0.22349749106251693
2025-10-28 14:33:08.951,3.2948730863517994,1.4792621497417713,0.048175338853980065,0.2235764650049532
2025-10-28 14:33:09.977,3.295346930006417,1.4796570194539527,0.046753807890127064,0.22302364740789926
2025-10-28 14:33:11.002,3.294794112409363,1.4798939412812615,0.047464573372053565,0.2235764650049532
2025-10-28 14:33:12.028,3.2946361645244906,1.479183175799335,0.048175338853980065,0.22278672558059043
2025-10-28 14:33:13.054,3.2948730863517994,1.4791042018568987,0.04793841702667123,0.22436620442931599
2025-10-28 14:33:14.084,3.2954259039488534,1.4792621497417713,0.0484122606812889,0.22247082981084532
2025-10-28 14:33:15.115,3.2945571905820543,1.479183175799335,0.046753807890127064,0.2232605692352081
2025-10-28 14:33:16.146,3.294478216639618,1.4790252279144624,0.04722765154474473,0.22484004808393365
2025-10-28 14:33:17.176,3.2943992426971818,1.4787093321447173,0.04691175577499962,0.2221549340411002
2025-10-28 14:33:18.205,3.295031034236672,1.4791042018568987,0.047780469141798676,0.22365543894738948
2025-10-28 14:33:19.234,3.2946361645244906,1.4801308631085703,0.048175338853980065,0.22191801221379137
2025-10-28 14:33:20.260,3.2943992426971818,1.4793411236842076,0.04833328673885262,0.22302364740789926
2025-10-28 14:33:21.288,3.2949520602942357,1.4785513842598448,0.04714867760230845,0.22207596009866393
2025-10-28 14:33:22.318,3.2948730863517994,1.4795780455115164,0.04738559942961729,0.22365543894738948
2025-10-28 14:33:23.349,3.2945571905820543,1.47886728002959,0.048965078278342844,0.22223390798353648
2025-10-28 14:33:24.377,3.294715138466927,1.4785513842598448,0.04691175577499962,0.2242872304868797
2025-10-28 14:33:25.409,3.294478216639618,1.4789462539720262,0.04714867760230845,0.22231288192597276
2025-10-28 14:33:26.440,3.294794112409363,1.4799729152236978,0.048570208566161455,0.22594568327804154
2025-10-28 14:33:27.471,3.294241294812309,1.4795780455115164,0.047859443084234954,0.22389236077469832
2025-10-28 14:33:28.499,3.2943202687547455,1.4794990715690801,0.047780469141798676,0.22618260510535038
2025-10-28 14:33:29.523,3.294478216639618,1.4794990715690801,0.048886104335906566,0.22341851712008065
2025-10-28 14:33:30.550,3.294241294812309,1.4799729152236978,0.04849123462372518,0.22349749106251693
2025-10-28 14:33:31.577,3.2940833469274367,1.4791042018568987,0.04793841702667123,0.22555081356586015
2025-10-28 14:33:32.605,3.2940833469274367,1.4793411236842076,0.0498337916451419,0.22381338683226204
2025-10-28 14:33:33.633,3.2940833469274367,1.4794990715690801,0.04754354731448984,0.22262877769571787
2025-10-28 14:33:34.662,3.294794112409363,1.4794990715690801,0.048886104335906566,0.22460312625662482
2025-10-28 14:33:35.691,3.2943202687547455,1.4794200976266438,0.05046558318463212,0.22278672558059043
2025-10-28 14:33:36.723,3.2940833469274367,1.4785513842598448,0.048570208566161455,0.22562978750829643
2025-10-28 14:33:37.753,3.2940043729850004,1.4791042018568987,0.048570208566161455,0.22231288192597276
2025-10-28 14:33:38.784,3.293609503272819,1.4794990715690801,0.05086045289681351,0.22333954317764437
2025-10-28 14:33:39.812,3.2940833469274367,1.4799729152236978,0.047464573372053565,0.22231288192597276
2025-10-28 14:33:40.843,3.2937674511576915,1.478630358202281,0.047780469141798676,0.22365543894738948
2025-10-28 14:33:41.874,3.2936884772152553,1.4782354884900997,0.048965078278342844,0.22294467346546298
2025-10-28 14:33:42.906,3.2940833469274367,1.4794990715690801,0.04849123462372518,0.22412928260200715
2025-10-28 14:33:43.937,3.2937674511576915,1.4793411236842076,0.05014968741488701,0.22333954317764437
2025-10-28 14:33:44.966,3.2940043729850004,1.479183175799335,0.048570208566161455,0.22420825654444343
2025-10-28 14:33:45.990,3.2937674511576915,1.4789462539720262,0.04959686981783307,0.22381338683226204
2025-10-28 14:33:47.022,3.2940833469274367,1.4793411236842076,0.04762252125692612,0.22484004808393365
2025-10-28 14:33:48.053,3.293609503272819,1.4799729152236978,0.04714867760230845,0.22278672558059043
2025-10-28 14:33:49.083,3.2936884772152553,1.4789462539720262,0.048570208566161455,0.2232605692352081
2025-10-28 14:33:50.113,3.2940833469274367,1.4795780455115164,0.04683278183256334,0.22420825654444343
2025-10-28 14:33:51.144,3.2937674511576915,1.4793411236842076,0.048965078278342844,0.22302364740789926
2025-10-28 14:33:52.176,3.293846425100128,1.4787883060871536,0.04683278183256334,0.22199698615622765
2025-10-28 14:33:53.206,3.2935305293303827,1.4784724103174085,0.04959686981783307,0.22302364740789926
2025-10-28 14:33:54.237,3.293609503272819,1.4795780455115164,0.0477014951993624,0.2225498037532816
2025-10-28 14:33:55.268,3.293925399042564,1.479183175799335,0.04730662548718101,0.22318159529277182
2025-10-28 14:33:56.297,3.293293607503074,1.4795780455115164,0.047859443084234954,0.22420825654444343
2025-10-28 14:33:57.322,3.293056685675765,1.4802098370510066,0.05014968741488701,0.2235764650049532
2025-10-28 14:33:58.354,3.293056685675765,1.4798149673388252,0.04793841702667123,0.22341851712008065
2025-10-28 14:33:59.386,3.2934515553879464,1.4790252279144624,0.047859443084234954,0.22270775163815415
2025-10-28 14:34:00.418,3.29337258144551,1.4798149673388252,0.046753807890127064,0.22333954317764437
2025-10-28 14:34:01.445,3.293609503272819,1.4791042018568987,0.0484122606812889,0.22310262135033554
2025-10-28 14:34:02.469,3.2935305293303827,1.480051889166134,0.04722765154474473,0.22278672558059043
2025-10-28 14:34:03.501,3.293293607503074,1.4798149673388252,0.04951789587539679,0.22333954317764437
2025-10-28 14:34:04.533,3.2934515553879464,1.4795780455115164,0.04864918250859773,0.2225498037532816
2025-10-28 14:34:05.566,3.293846425100128,1.4794990715690801,0.047464573372053565,0.22349749106251693
2025-10-28 14:34:06.595,3.2928987377908925,1.4794990715690801,0.04754354731448984,0.22262877769571787
2025-10-28 14:34:07.619,3.293056685675765,1.4794200976266438,0.0469907297174359,0.22310262135033554
2025-10-28 14:34:08.649,3.29274078990602,1.4793411236842076,0.04864918250859773,0.2246821001990611
2025-10-28 14:34:09.676,3.2931356596182013,1.4794200976266438,0.047780469141798676,0.22160211644404626
2025-10-28 14:34:10.703,3.2932146335606376,1.479183175799335,0.048886104335906566,0.22381338683226204
2025-10-28 14:34:11.729,3.29274078990602,1.4793411236842076,0.047859443084234954,0.2239713347171346
2025-10-28 14:34:12.755,3.293056685675765,1.480051889166134,0.04801739096910751,0.2228656995230267
2025-10-28 14:34:13.784,3.293293607503074,1.479183175799335,0.04959686981783307,0.22262877769571787
2025-10-28 14:34:14.813,3.29274078990602,1.4798149673388252,0.04935994799052423,0.22412928260200715
2025-10-28 14:34:15.844,3.292503868078711,1.4795780455115164,0.048175338853980065,0.22310262135033554
2025-10-28 14:34:16.875,3.2929777117333288,1.4794200976266438,0.04809636491154379,0.2239713347171346
2025-10-28 14:34:17.905,3.2926618159635836,1.4787883060871536,0.04872815645103401,0.22310262135033554
2025-10-28 14:34:18.930,3.292424894136275,1.4796570194539527,0.04825431279641634,0.22302364740789926
2025-10-28 14:34:19.956,3.29274078990602,1.4794200976266438,0.05030763529975957,0.2221549340411002
2025-10-28 14:34:20.987,3.292819763848456,1.4798939412812615,0.047780469141798676,0.22365543894738948
2025-10-28 14:34:22.017,3.2926618159635836,1.480051889166134,0.04730662548718101,0.2225498037532816
2025-10-28 14:34:23.046,3.293056685675765,1.4782354884900997,0.04904405222077912,0.22365543894738948
2025-10-28 14:34:24.070,3.2928987377908925,1.4791042018568987,0.04935994799052423,0.22412928260200715
2025-10-28 14:34:25.102,3.292819763848456,1.4796570194539527,0.04880713039347029,0.22452415231418854
2025-10-28 14:34:26.127,3.2926618159635836,1.4793411236842076,0.047464573372053565,0.22420825654444343
2025-10-28 14:34:27.158,3.2928987377908925,1.4794990715690801,0.04943892193296051,0.22302364740789926
2025-10-28 14:34:28.187,3.2925828420211474,1.4794990715690801,0.048175338853980065,0.2232605692352081
2025-10-28 14:34:29.212,3.292424894136275,1.4790252279144624,0.04833328673885262,0.22333954317764437
2025-10-28 14:34:30.238,3.292424894136275,1.4789462539720262,0.050070713472450734,0.22294467346546298
2025-10-28 14:34:31.269,3.29274078990602,1.4790252279144624,0.04738559942961729,0.22349749106251693
2025-10-28 14:34:32.298,3.292424894136275,1.47886728002959,0.04833328673885262,0.22381338683226204
2025-10-28 14:34:33.330,3.2925828420211474,1.4785513842598448,0.04722765154474473,0.22207596009866393
2025-10-28 14:34:34.359,3.292187972308966,1.4792621497417713,0.046753807890127064,0.22333954317764437
2025-10-28 14:34:35.382,3.2920300244240934,1.4798149673388252,0.047464573372053565,0.22405030865957087
2025-10-28 14:34:36.406,3.2922669462514023,1.4793411236842076,0.04864918250859773,0.22333954317764437
2025-10-28 14:34:37.429,3.2923459201938385,1.479183175799335,0.047464573372053565,0.22333954317764437
2025-10-28 14:34:38.452,3.292187972308966,1.4793411236842076,0.050070713472450734,0.2228656995230267
2025-10-28 14:34:39.476,3.292503868078711,1.479183175799335,0.04801739096910751,0.22412928260200715
2025-10-28 14:34:40.499,3.2921089983665297,1.4791042018568987,0.046753807890127064,0.2228656995230267
2025-10-28 14:34:41.522,3.291951050481657,1.480051889166134,0.047464573372053565,0.22420825654444343
2025-10-28 14:34:42.545,3.292187972308966,1.479183175799335,0.04864918250859773,0.2242872304868797
2025-10-28 14:34:43.569,3.2922669462514023,1.4785513842598448,0.047780469141798676,0.2225498037532816
2025-10-28 14:34:44.592,3.2917931025967846,1.478630358202281,0.04714867760230845,0.2228656995230267
2025-10-28 14:34:45.615,3.2921089983665297,1.4795780455115164,0.04801739096910751,0.22420825654444343
2025-10-28 14:34:46.638,3.291951050481657,1.4798149673388252,0.04722765154474473,0.2228656995230267
2025-10-28 14:34:47.663,3.292187972308966,1.4783934363749722,0.0477014951993624,0.22444517837175226
2025-10-28 14:34:48.692,3.291951050481657,1.4793411236842076,0.049280974048087955,0.22341851712008065
2025-10-28 14:34:49.719,3.292187972308966,1.4794990715690801,0.04691175577499962,0.2228656995230267
2025-10-28 14:34:50.742,3.2917141286543483,1.479183175799335,0.04991276558757818,0.22507696991124249
2025-10-28 14:34:51.766,3.2923459201938385,1.480051889166134,0.05014968741488701,0.22318159529277182
2025-10-28 14:34:52.788,3.2921089983665297,1.4804467588783154,0.04738559942961729,0.22507696991124249
2025-10-28 14:34:53.813,3.291872076539221,1.4794990715690801,0.048175338853980065,0.2228656995230267
2025-10-28 14:34:54.840,3.2917141286543483,1.4798149673388252,0.04659586000525451,0.2235764650049532
2025-10-28 14:34:55.867,3.291635154711912,1.479183175799335,0.04825431279641634,0.22278672558059043
2025-10-28 14:34:56.892,3.2911613110572944,1.4792621497417713,0.04801739096910751,0.2228656995230267
2025-10-28 14:34:57.916,3.291398232884603,1.47886728002959,0.047464573372053565,0.22278672558059043
2025-10-28 14:34:58.943,3.2914772068270395,1.4787883060871536,0.0484122606812889,0.22618260510535038
2025-10-28 14:34:59.971,3.2915561807694758,1.4792621497417713,0.05062353106950468,0.22310262135033554
2025-10-28 14:35:00.999,3.291319258942167,1.4795780455115164,0.05030763529975957,0.2253928656809876
2025-10-28 14:35:02.030,3.291398232884603,1.4794990715690801,0.05022866135732329,0.22278672558059043
2025-10-28 14:35:03.059,3.291003363172422,1.4789462539720262,0.04691175577499962,0.22555081356586015
2025-10-28 14:35:04.086,3.291635154711912,1.47886728002959,0.04864918250859773,0.22389236077469832
2025-10-28 14:35:05.114,3.2906874674026767,1.4792621497417713,0.049675843760269345,0.22318159529277182
2025-10-28 14:35:06.142,3.2908454152875493,1.4798939412812615,0.04714867760230845,0.2246821001990611
2025-10-28 14:35:07.168,3.2909243892299855,1.4789462539720262,0.04872815645103401,0.22373441288982576
2025-10-28 14:35:08.193,3.2912402849997306,1.479183175799335,0.048886104335906566,0.22294467346546298
2025-10-28 14:35:09.219,3.2908454152875493,1.4793411236842076,0.04738559942961729,0.22531389173855132
2025-10-28 14:35:10.246,3.2912402849997306,1.4794200976266438,0.04754354731448984,0.2239713347171346
2025-10-28 14:35:11.271,3.2906084934602404,1.4794200976266438,0.0484122606812889,0.22207596009866393
2025-10-28 14:35:12.297,3.2906084934602404,1.4790252279144624,0.04864918250859773,0.22444517837175226
2025-10-28 14:35:13.325,3.2909243892299855,1.4787883060871536,0.04880713039347029,0.2232605692352081
2025-10-28 14:35:14.350,3.291003363172422,1.4798939412812615,0.047464573372053565,0.22420825654444343
2025-10-28 14:35:15.376,3.2906084934602404,1.479183175799335,0.04691175577499962,0.2221549340411002
2025-10-28 14:35:16.402,3.291003363172422,1.4790252279144624,0.04730662548718101,0.22405030865957087
2025-10-28 14:35:17.433,3.291003363172422,1.4791042018568987,0.047069703659872175,0.22310262135033554
2025-10-28 14:35:18.464,3.2908454152875493,1.4795780455115164,0.04864918250859773,0.22381338683226204
2025-10-28 14:35:19.490,3.290766441345113,1.4790252279144624,0.04754354731448984,0.22310262135033554
2025-10-28 14:35:20.519,3.290529519517804,1.4789462539720262,0.04691175577499962,0.22531389173855132
2025-10-28 14:35:21.548,3.2908454152875493,1.4795780455115164,0.0505445571270684,0.22302364740789926
2025-10-28 14:35:22.575,3.290766441345113,1.4791042018568987,0.04951789587539679,0.22294467346546298
2025-10-28 14:35:23.602,3.2906084934602404,1.4794200976266438,0.04833328673885262,0.22412928260200715
2025-10-28 14:35:24.630,3.28997670192075,1.4798939412812615,0.04762252125692612,0.2228656995230267
2025-10-28 14:35:25.656,3.2902925976904953,1.4792621497417713,0.04722765154474473,0.22231288192597276
2025-10-28 14:35:26.684,3.2903715716329316,1.4793411236842076,0.04880713039347029,0.22333954317764437
2025-10-28 14:35:27.710,3.2901346498056228,1.4791042018568987,0.04722765154474473,0.22294467346546298
2025-10-28 14:35:28.737,3.2903715716329316,1.4802098370510066,0.047859443084234954,0.2218390382713551
2025-10-28 14:35:29.763,3.2902925976904953,1.4798939412812615,0.04730662548718101,0.22389236077469832
2025-10-28 14:35:30.790,3.2906874674026767,1.4794200976266438,0.04714867760230845,0.22239185586840904
2025-10-28 14:35:31.816,3.290213623748059,1.4794200976266438,0.04809636491154379,0.22405030865957087
2025-10-28 14:35:32.842,3.290529519517804,1.480051889166134,0.047859443084234954,0.22420825654444343
2025-10-28 14:35:33.869,3.290450545575368,1.4782354884900997,0.048886104335906566,0.22373441288982576
2025-10-28 14:35:34.895,3.290766441345113,1.4791042018568987,0.04722765154474473,0.2235764650049532
2025-10-28 14:35:35.921,3.290529519517804,1.4801308631085703,0.04683278183256334,0.22389236077469832
2025-10-28 14:35:36.948,3.2908454152875493,1.4793411236842076,0.04872815645103401,0.22318159529277182
2025-10-28 14:35:37.973,3.2900556758631865,1.4793411236842076,0.0469907297174359,0.22444517837175226
2025-10-28 14:35:39.000,3.2902925976904953,1.479183175799335,0.05014968741488701,0.2232605692352081
2025-10-28 14:35:40.026,3.2903715716329316,1.4798149673388252,0.048570208566161455,0.22547183962342388
2025-10-28 14:35:41.053,3.2898187540358776,1.4794200976266438,0.04691175577499962,0.2228656995230267
2025-10-28 14:35:42.081,3.2900556758631865,1.4792621497417713,0.050070713472450734,0.22365543894738948
2025-10-28 14:35:43.107,3.2901346498056228,1.4793411236842076,0.04738559942961729,0.22318159529277182
2025-10-28 14:35:44.135,3.289660806151005,1.4794200976266438,0.0469907297174359,0.22231288192597276
2025-10-28 14:35:45.161,3.28997670192075,1.479183175799335,0.04691175577499962,0.22318159529277182
2025-10-28 14:35:46.183,3.290450545575368,1.4795780455115164,0.04714867760230845,0.22594568327804154
2025-10-28 14:35:47.211,3.2898187540358776,1.4798149673388252,0.04849123462372518,0.22247082981084532
2025-10-28 14:35:48.238,3.289581832208569,1.4794990715690801,0.04738559942961729,0.22199698615622765
2025-10-28 14:35:49.266,3.2895028582661325,1.479183175799335,0.047780469141798676,0.22594568327804154
2025-10-28 14:35:50.292,3.2895028582661325,1.4791042018568987,0.04809636491154379,0.2232605692352081
2025-10-28 14:35:51.320,3.2897397800934414,1.4794200976266438,0.046674833947690786,0.22262877769571787
2025-10-28 14:35:52.346,3.2902925976904953,1.480051889166134,0.051097374724122346,0.22318159529277182
2025-10-28 14:35:53.373,3.289897727978314,1.4801308631085703,0.0477014951993624,0.22341851712008065
2025-10-28 14:35:54.398,3.2902925976904953,1.4792621497417713,0.04738559942961729,0.22310262135033554
2025-10-28 14:35:55.424,3.2898187540358776,1.479183175799335,0.04872815645103401,0.22389236077469832
2025-10-28 14:35:56.450,3.28997670192075,1.4792621497417713,0.047464573372053565,0.22515594385367876
2025-10-28 14:35:57.477,3.289897727978314,1.4790252279144624,0.04754354731448984,0.22207596009866393
2025-10-28 14:35:58.506,3.289897727978314,1.4784724103174085,0.0477014951993624,0.22349749106251693
2025-10-28 14:35:59.533,3.289581832208569,1.4792621497417713,0.04833328673885262,0.22302364740789926
2025-10-28 14:36:00.559,3.28934491038126,1.4785513842598448,0.0477014951993624,0.22420825654444343
2025-10-28 14:36:01.587,3.2894238843236963,1.4794200976266438,0.04762252125692612,0.22302364740789926
2025-10-28 14:36:02.612,3.2898187540358776,1.4798939412812615,0.04730662548718101,0.22294467346546298
2025-10-28 14:36:03.639,3.2895028582661325,1.4789462539720262,0.04683278183256334,0.2242872304868797
2025-10-28 14:36:04.665,3.2895028582661325,1.4798939412812615,0.048886104335906566,0.22405030865957087
2025-10-28 14:36:05.691,3.289107988553951,1.478630358202281,0.05062353106950468,0.22484004808393365
2025-10-28 14:36:06.717,3.2891869624963874,1.4790252279144624,0.048175338853980065,0.22199698615622765
2025-10-28 14:36:07.747,3.2894238843236963,1.4793411236842076,0.04738559942961729,0.22389236077469832
2025-10-28 14:36:08.777,3.289897727978314,1.4796570194539527,0.04714867760230845,0.22412928260200715
2025-10-28 14:36:09.804,3.2895028582661325,1.478630358202281,0.04833328673885262,0.2235764650049532
2025-10-28 14:36:10.832,3.2898187540358776,1.4792621497417713,0.0484122606812889,0.22294467346546298
2025-10-28 14:36:11.860,3.2894238843236963,1.4795780455115164,0.04793841702667123,0.22333954317764437
2025-10-28 14:36:12.886,3.2895028582661325,1.4789462539720262,0.04754354731448984,0.22436620442931599
2025-10-28 14:36:13.917,3.2892659364388237,1.4794990715690801,0.047464573372053565,0.22247082981084532
2025-10-28 14:36:14.948,3.2889500406690786,1.479735993396389,0.047780469141798676,0.22381338683226204
2025-10-28 14:36:15.978,3.288792092784206,1.4790252279144624,0.04683278183256334,0.22247082981084532
2025-10-28 14:36:17.009,3.2889500406690786,1.4785513842598448,0.047780469141798676,0.2253928656809876
2025-10-28 14:36:18.039,3.2895028582661325,1.478630358202281,0.04793841702667123,0.22207596009866393
2025-10-28 14:36:19.069,3.289029014611515,1.4793411236842076,0.04872815645103401,0.22373441288982576
2025-10-28 14:36:20.098,3.2889500406690786,1.47886728002959,0.048175338853980065,0.22452415231418854
2025-10-28 14:36:21.127,3.2891869624963874,1.4794200976266438,0.047464573372053565,0.22341851712008065
2025-10-28 14:36:22.153,3.2889500406690786,1.4787883060871536,0.04801739096910751,0.22247082981084532
2025-10-28 14:36:23.180,3.2891869624963874,1.4791042018568987,0.04793841702667123,0.22270775163815415
2025-10-28 14:36:24.205,3.288792092784206,1.4794200976266438,0.0484122606812889,0.22476107414149737
2025-10-28 14:36:25.236,3.288555170956897,1.4789462539720262,0.04809636491154379,0.22412928260200715
2025-10-28 14:36:26.264,3.2889500406690786,1.4796570194539527,0.05030763529975957,0.2246821001990611
2025-10-28 14:36:27.292,3.288555170956897,1.4793411236842076,0.047464573372053565,0.22294467346546298
2025-10-28 14:36:28.323,3.2883972230720246,1.4799729152236978,0.04833328673885262,0.22405030865957087
2025-10-28 14:36:29.353,3.289107988553951,1.4796570194539527,0.05046558318463212,0.22294467346546298
2025-10-28 14:36:30.379,3.2883182491295884,1.47886728002959,0.04793841702667123,0.22294467346546298
2025-10-28 14:36:31.408,3.2889500406690786,1.4791042018568987,0.0477014951993624,0.22381338683226204
2025-10-28 14:36:32.437,3.2889500406690786,1.4794200976266438,0.048570208566161455,0.22373441288982576
2025-10-28 14:36:33.462,3.2886341448993335,1.4790252279144624,0.047069703659872175,0.22341851712008065
2025-10-28 14:36:34.493,3.288160301244716,1.4798149673388252,0.049991739530014456,0.22420825654444343
2025-10-28 14:36:35.522,3.288792092784206,1.480051889166134,0.05014968741488701,0.22310262135033554
2025-10-28 14:36:36.549,3.2883182491295884,1.4789462539720262,0.0477014951993624,0.22381338683226204
2025-10-28 14:36:37.572,3.2878444054749707,1.4798149673388252,0.04849123462372518,0.22341851712008065
2025-10-28 14:36:38.598,3.288239275187152,1.4790252279144624,0.04738559942961729,0.22207596009866393
2025-10-28 14:36:39.622,3.287923379417407,1.4791042018568987,0.04659586000525451,0.22436620442931599
2025-10-28 14:36:40.658,3.2886341448993335,1.4796570194539527,0.04691175577499962,0.22207596009866393
2025-10-28 14:36:41.684,3.2880023533598433,1.479735993396389,0.04730662548718101,0.2246821001990611
2025-10-28 14:36:42.710,3.288239275187152,1.4789462539720262,0.049280974048087955,0.2228656995230267
2025-10-28 14:36:43.735,3.288239275187152,1.47886728002959,0.04683278183256334,0.22262877769571787
2025-10-28 14:36:44.761,3.2883972230720246,1.479183175799335,0.0469907297174359,0.22262877769571787
2025-10-28 14:36:45.794,3.2883182491295884,1.4798149673388252,0.04833328673885262,0.2239713347171346
2025-10-28 14:36:46.822,3.288160301244716,1.479183175799335,0.0469907297174359,0.22341851712008065
2025-10-28 14:36:47.848,3.288239275187152,1.4794200976266438,0.04809636491154379,0.22318159529277182
2025-10-28 14:36:48.873,3.2883182491295884,1.47886728002959,0.048175338853980065,0.2221549340411002
2025-10-28 14:36:49.898,3.2886341448993335,1.4795780455115164,0.04864918250859773,0.22270775163815415
2025-10-28 14:36:50.924,3.2880813273022795,1.47886728002959,0.048965078278342844,0.22452415231418854
2025-10-28 14:36:51.953,3.2877654315325344,1.4795780455115164,0.04754354731448984,0.22341851712008065
2025-10-28 14:36:52.979,3.288239275187152,1.4787883060871536,0.048175338853980065,0.22389236077469832
2025-10-28 14:36:54.003,3.2877654315325344,1.4789462539720262,0.0469907297174359,0.2235764650049532
2025-10-28 14:36:55.030,3.2883182491295884,1.4792621497417713,0.0477014951993624,0.22405030865957087
2025-10-28 14:36:56.055,3.287923379417407,1.4796570194539527,0.04738559942961729,0.2228656995230267
2025-10-28 14:36:57.080,3.2880813273022795,1.4794990715690801,0.04825431279641634,0.22247082981084532
2025-10-28 14:36:58.108,3.2880023533598433,1.4798149673388252,0.047780469141798676,0.22294467346546298
2025-10-28 14:36:59.133,3.287686457590098,1.4798939412812615,0.048570208566161455,0.2221549340411002
2025-10-28 14:37:00.159,3.287923379417407,1.479183175799335,0.0477014951993624,0.2225498037532816
2025-10-28 14:37:01.187,3.288160301244716,1.4793411236842076,0.0477014951993624,0.22349749106251693
2025-10-28 14:37:02.213,3.2875285097052256,1.4792621497417713,0.04809636491154379,0.2235764650049532
2025-10-28 14:37:03.240,3.287370561820353,1.4793411236842076,0.04762252125692612,0.22231288192597276
2025-10-28 14:37:04.268,3.287686457590098,1.4795780455115164,0.049675843760269345,0.22444517837175226
2025-10-28 14:37:05.294,3.287686457590098,1.4791042018568987,0.04714867760230845,0.2242872304868797
2025-10-28 14:37:06.320,3.2874495357627893,1.4794200976266438,0.0477014951993624,0.22223390798353648
2025-10-28 14:37:07.346,3.287686457590098,1.478630358202281,0.048570208566161455,0.22460312625662482
2025-10-28 14:37:08.372,3.287133639993044,1.4795780455115164,0.05030763529975957,0.22507696991124249
2025-10-28 14:37:09.400,3.2872126139354805,1.4793411236842076,0.04722765154474473,0.22223390798353648
2025-10-28 14:37:10.427,3.2875285097052256,1.47886728002959,0.0505445571270684,0.22389236077469832
2025-10-28 14:37:11.454,3.287686457590098,1.4789462539720262,0.04714867760230845,0.22302364740789926
2025-10-28 14:37:12.480,3.287607483647662,1.4790252279144624,0.04801739096910751,0.22191801221379137
2025-10-28 14:37:13.508,3.2877654315325344,1.4789462539720262,0.047464573372053565,0.22420825654444343
2025-10-28 14:37:14.534,3.2872915878779168,1.478630358202281,0.04738559942961729,0.22405030865957087
2025-10-28 14:37:15.562,3.287133639993044,1.4789462539720262,0.04691175577499962,0.2225498037532816
2025-10-28 14:37:16.589,3.2872915878779168,1.4798149673388252,0.05093942683924979,0.22373441288982576
2025-10-28 14:37:17.612,3.287370561820353,1.479183175799335,0.04722765154474473,0.22262877769571787
2025-10-28 14:37:18.635,3.287370561820353,1.478630358202281,0.047859443084234954,0.22294467346546298
2025-10-28 14:37:19.661,3.287133639993044,1.4794200976266438,0.04793841702667123,0.22278672558059043
2025-10-28 14:37:20.687,3.287054666050608,1.4790252279144624,0.04793841702667123,0.2242872304868797
2025-10-28 14:37:21.713,3.287133639993044,1.4794990715690801,0.04849123462372518,0.22373441288982576
2025-10-28 14:37:22.754,3.2866597963384265,1.4791042018568987,0.048175338853980065,0.22310262135033554
2025-10-28 14:37:23.784,3.286817744223299,1.4789462539720262,0.04809636491154379,0.22294467346546298
2025-10-28 14:37:24.812,3.286817744223299,1.4795780455115164,0.0498337916451419,0.22262877769571787
2025-10-28 14:37:25.837,3.286738770280863,1.4796570194539527,0.05030763529975957,0.22270775163815415
2025-10-28 14:37:26.862,3.287054666050608,1.4787093321447173,0.046753807890127064,0.22207596009866393
2025-10-28 14:37:27.889,3.287054666050608,1.4794990715690801,0.048886104335906566,0.22349749106251693
2025-10-28 14:37:28.915,3.286817744223299,1.4793411236842076,0.048175338853980065,0.22341851712008065
2025-10-28 14:37:29.942,3.286817744223299,1.4790252279144624,0.05030763529975957,0.22302364740789926
2025-10-28 14:37:30.970,3.2869756921081716,1.478630358202281,0.04849123462372518,0.22341851712008065
2025-10-28 14:37:31.995,3.287054666050608,1.47886728002959,0.04801739096910751,0.22231288192597276
2025-10-28 14:37:33.022,3.2868967181657354,1.479735993396389,0.04793841702667123,0.22262877769571787
2025-10-28 14:37:34.049,3.2877654315325344,1.4794990715690801,0.04754354731448984,0.225787735393169
2025-10-28 14:37:35.077,3.286817744223299,1.4794990715690801,0.04801739096910751,0.22207596009866393
2025-10-28 14:37:36.106,3.286185952683809,1.4798939412812615,0.04793841702667123,0.22349749106251693
2025-10-28 14:37:37.136,3.2865808223959903,1.4796570194539527,0.049675843760269345,0.22310262135033554
2025-10-28 14:37:38.166,3.2865808223959903,1.4793411236842076,0.04691175577499962,0.22349749106251693
2025-10-28 14:37:39.193,3.286185952683809,1.4790252279144624,0.04738559942961729,0.2228656995230267
2025-10-28 14:37:40.216,3.286817744223299,1.4799729152236978,0.04833328673885262,0.2235764650049532
2025-10-28 14:37:41.241,3.286738770280863,1.4793411236842076,0.04683278183256334,0.22223390798353648
2025-10-28 14:37:42.267,3.286501848453554,1.4794990715690801,0.04754354731448984,0.2235764650049532
2025-10-28 14:37:43.298,3.286264926626245,1.4793411236842076,0.050070713472450734,0.22223390798353648
2025-10-28 14:37:44.328,3.2865808223959903,1.4794200976266438,0.04754354731448984,0.22389236077469832
2025-10-28 14:37:45.358,3.286738770280863,1.4798149673388252,0.04825431279641634,0.22247082981084532
2025-10-28 14:37:46.390,3.2865808223959903,1.4799729152236978,0.050070713472450734,0.22349749106251693
2025-10-28 14:37:47.421,3.286185952683809,1.47886728002959,0.04801739096910751,0.22199698615622765
2025-10-28 14:37:48.451,3.286501848453554,1.4790252279144624,0.04864918250859773,0.22349749106251693
2025-10-28 14:37:49.482,3.286738770280863,1.4794200976266438,0.04975481770270562,0.22278672558059043
2025-10-28 14:37:50.513,3.286501848453554,1.4784724103174085,0.04880713039347029,0.22333954317764437
2025-10-28 14:37:51.543,3.2863439005686814,1.4793411236842076,0.04762252125692612,0.2235764650049532
2025-10-28 14:37:52.568,3.2866597963384265,1.4789462539720262,0.04801739096910751,0.22586670933560526
2025-10-28 14:37:53.597,3.2864228745111177,1.4793411236842076,0.04825431279641634,0.22207596009866393
2025-10-28 14:37:54.627,3.2865808223959903,1.4793411236842076,0.04864918250859773,0.2253928656809876
2025-10-28 14:37:55.659,3.286264926626245,1.4794200976266438,0.04991276558757818,0.22444517837175226
2025-10-28 14:37:56.683,3.2866597963384265,1.4796570194539527,0.04793841702667123,0.22278672558059043
2025-10-28 14:37:57.706,3.286185952683809,1.4794200976266438,0.04730662548718101,0.22302364740789926
2025-10-28 14:37:58.731,3.2858700569140638,1.4794990715690801,0.048886104335906566,0.22278672558059043
2025-10-28 14:37:59.754,3.2860280047989363,1.4796570194539527,0.04762252125692612,0.2225498037532816
2025-10-28 14:38:00.777,3.2855541611443186,1.4799729152236978,0.04864918250859773,0.2235764650049532
2025-10-28 14:38:01.801,3.2857910829716275,1.47886728002959,0.04880713039347029,0.2228656995230267
2025-10-28 14:38:02.824,3.2859490308565,1.4795780455115164,0.0469907297174359,0.22207596009866393
2025-10-28 14:38:03.847,3.2857910829716275,1.479183175799335,0.05062353106950468,0.2239713347171346
2025-10-28 14:38:04.870,3.285396213259446,1.479735993396389,0.048175338853980065,0.2242872304868797
2025-10-28 14:38:05.894,3.285712109029191,1.4778406187779183,0.048965078278342844,0.22365543894738948
2025-10-28 14:38:06.917,3.285633135086755,1.4791042018568987,0.04801739096910751,0.22270775163815415
2025-10-28 14:38:07.941,3.285712109029191,1.47886728002959,0.0498337916451419,0.22302364740789926
2025-10-28 14:38:08.963,3.285396213259446,1.4795780455115164,0.047464573372053565,0.22231288192597276
2025-10-28 14:38:09.992,3.2858700569140638,1.4790252279144624,0.051097374724122346,0.22452415231418854
2025-10-28 14:38:11.014,3.285712109029191,1.47886728002959,0.0484122606812889,0.2232605692352081
2025-10-28 14:38:12.038,3.2855541611443186,1.4791042018568987,0.04754354731448984,0.22223390798353648
2025-10-28 14:38:13.061,3.28531723931701,1.4793411236842076,0.04825431279641634,0.22444517837175226
2025-10-28 14:38:14.088,3.285633135086755,1.4794200976266438,0.05070250501194096,0.22420825654444343
2025-10-28 14:38:15.114,3.285712109029191,1.47886728002959,0.04762252125692612,0.22373441288982576
2025-10-28 14:38:16.141,3.2859490308565,1.4794200976266438,0.048175338853980065,0.22207596009866393
2025-10-28 14:38:17.165,3.285712109029191,1.480051889166134,0.046674833947690786,0.22333954317764437
2025-10-28 14:38:18.188,3.2851592914321373,1.479183175799335,0.04904405222077912,0.22412928260200715
2025-10-28 14:38:19.216,3.285080317489701,1.4792621497417713,0.0491230261632154,0.22278672558059043
2025-10-28 14:38:20.248,3.2851592914321373,1.4785513842598448,0.04754354731448984,0.22373441288982576
2025-10-28 14:38:21.281,3.2850013435472647,1.4789462539720262,0.04801739096910751,0.22302364740789926
2025-10-28 14:38:22.310,3.2849223696048284,1.4794990715690801,0.04730662548718101,0.22333954317764437
2025-10-28 14:38:23.339,3.284843395662392,1.4794990715690801,0.04872815645103401,0.22262877769571787
2025-10-28 14:38:24.366,3.285080317489701,1.4790252279144624,0.048570208566161455,0.22594568327804154
2025-10-28 14:38:25.392,3.285396213259446,1.4784724103174085,0.048570208566161455,0.22373441288982576
2025-10-28 14:38:26.422,3.284764421719956,1.4792621497417713,0.0477014951993624,0.22270775163815415
2025-10-28 14:38:27.448,3.2854751872018824,1.4785513842598448,0.047069703659872175,0.22341851712008065
2025-10-28 14:38:28.474,3.284843395662392,1.479183175799335,0.05014968741488701,0.22310262135033554
2025-10-28 14:38:29.500,3.2855541611443186,1.4792621497417713,0.047069703659872175,0.22294467346546298
2025-10-28 14:38:30.526,3.2852382653745735,1.4794200976266438,0.04809636491154379,0.22381338683226204
2025-10-28 14:38:31.552,3.2850013435472647,1.4794990715690801,0.04801739096910751,0.2232605692352081
2025-10-28 14:38:32.578,3.285080317489701,1.4782354884900997,0.05030763529975957,0.22278672558059043
2025-10-28 14:38:33.609,3.284527499892647,1.4792621497417713,0.0484122606812889,0.2253928656809876
2025-10-28 14:38:34.639,3.2851592914321373,1.4790252279144624,0.04722765154474473,0.22389236077469832
2025-10-28 14:38:35.665,3.2850013435472647,1.4794990715690801,0.04951789587539679,0.22341851712008065
2025-10-28 14:38:36.695,3.284527499892647,1.478630358202281,0.04730662548718101,0.22207596009866393
2025-10-28 14:38:37.726,3.284527499892647,1.4795780455115164,0.04849123462372518,0.22405030865957087
2025-10-28 14:38:38.756,3.2844485259502108,1.4792621497417713,0.04722765154474473,0.22318159529277182
2025-10-28 14:38:39.785,3.2849223696048284,1.4794200976266438,0.04714867760230845,0.2232605692352081
2025-10-28 14:38:40.813,3.284764421719956,1.4792621497417713,0.0477014951993624,0.22310262135033554
2025-10-28 14:38:41.844,3.284843395662392,1.4794200976266438,0.04762252125692612,0.22278672558059043
2025-10-28 14:38:42.875,3.2843695520077745,1.479183175799335,0.04730662548718101,0.22420825654444343
2025-10-28 14:38:43.902,3.285080317489701,1.4794990715690801,0.04754354731448984,0.2221549340411002
2025-10-28 14:38:44.933,3.284290578065338,1.4790252279144624,0.04833328673885262,0.22515594385367876
2025-10-28 14:38:45.960,3.2841326301804656,1.4796570194539527,0.04825431279641634,0.22278672558059043
2025-10-28 14:38:46.992,3.283974682295593,1.478314462432536,0.04738559942961729,0.22278672558059043
2025-10-28 14:38:48.024,3.2846064738350833,1.4795780455115164,0.04691175577499962,0.22349749106251693
2025-10-28 14:38:49.055,3.2846854477775196,1.4792621497417713,0.04722765154474473,0.2249979959688062
2025-10-28 14:38:50.085,3.284843395662392,1.4804467588783154,0.047069703659872175,0.22381338683226204
2025-10-28 14:38:51.116,3.2846064738350833,1.4790252279144624,0.04738559942961729,0.22491902202636993
2025-10-28 14:38:52.144,3.2843695520077745,1.480288810993443,0.05030763529975957,0.22278672558059043
2025-10-28 14:38:53.175,3.284211604122902,1.479183175799335,0.04801739096910751,0.22373441288982576
2025-10-28 14:38:54.206,3.284843395662392,1.4794990715690801,0.046753807890127064,0.22349749106251693
2025-10-28 14:38:55.234,3.2846064738350833,1.47886728002959,0.047464573372053565,0.2232605692352081
2025-10-28 14:38:56.261,3.284527499892647,1.4789462539720262,0.04825431279641634,0.2225498037532816
2025-10-28 14:38:57.288,3.284527499892647,1.4790252279144624,0.04738559942961729,0.22389236077469832
2025-10-28 14:38:58.318,3.2840536562380294,1.4798149673388252,0.049280974048087955,0.22302364740789926
2025-10-28 14:38:59.349,3.284290578065338,1.4787093321447173,0.04904405222077912,0.22365543894738948
2025-10-28 14:39:00.380,3.284290578065338,1.4783934363749722,0.046753807890127064,0.22302364740789926
2025-10-28 14:39:01.406,3.284211604122902,1.478630358202281,0.04880713039347029,0.22507696991124249
2025-10-28 14:39:02.429,3.284527499892647,1.4801308631085703,0.04849123462372518,0.22436620442931599
2025-10-28 14:39:03.460,3.283974682295593,1.479183175799335,0.04793841702667123,0.22460312625662482
2025-10-28 14:39:04.491,3.284211604122902,1.478630358202281,0.04872815645103401,0.22318159529277182
2025-10-28 14:39:05.522,3.2835798125834117,1.4793411236842076,0.049675843760269345,0.22239185586840904
2025-10-28 14:39:06.548,3.283974682295593,1.4795780455115164,0.0477014951993624,0.2246821001990611
2025-10-28 14:39:07.576,3.283974682295593,1.4799729152236978,0.048175338853980065,0.22278672558059043
2025-10-28 14:39:08.606,3.2840536562380294,1.4794200976266438,0.04975481770270562,0.22389236077469832
2025-10-28 14:39:09.635,3.2837377604682843,1.4795780455115164,0.04730662548718101,0.22341851712008065
2025-10-28 14:39:10.661,3.283895708353157,1.4790252279144624,0.04754354731448984,0.2225498037532816
2025-10-28 14:39:11.686,3.283895708353157,1.4795780455115164,0.04691175577499962,0.22373441288982576
2025-10-28 14:39:12.712,3.2841326301804656,1.479735993396389,0.05030763529975957,0.22420825654444343
2025-10-28 14:39:13.741,3.2835798125834117,1.479735993396389,0.047780469141798676,0.22223390798353648
2025-10-28 14:39:14.770,3.2838167344107205,1.4787883060871536,0.0484122606812889,0.22333954317764437
2025-10-28 14:39:15.802,3.284211604122902,1.4792621497417713,0.048570208566161455,0.22318159529277182
2025-10-28 14:39:16.831,3.2840536562380294,1.4792621497417713,0.04738559942961729,0.22594568327804154
2025-10-28 14:39:17.863,3.283895708353157,1.479183175799335,0.0491230261632154,0.22302364740789926
2025-10-28 14:39:18.890,3.2837377604682843,1.4787093321447173,0.04809636491154379,0.2239713347171346
2025-10-28 14:39:19.920,3.2840536562380294,1.479735993396389,0.0505445571270684,0.22318159529277182
2025-10-28 14:39:20.948,3.283421864698539,1.4794200976266438,0.05046558318463212,0.22405030865957087
2025-10-28 14:39:21.979,3.2835798125834117,1.4798149673388252,0.04793841702667123,0.2228656995230267
2025-10-28 14:39:23.009,3.2829480210439215,1.4793411236842076,0.04793841702667123,0.2264195269326592
2025-10-28 14:39:24.034,3.2835798125834117,1.4794200976266438,0.04809636491154379,0.22318159529277182
2025-10-28 14:39:25.064,3.2835008386409754,1.4796570194539527,0.04793841702667123,0.22239185586840904
2025-10-28 14:39:26.095,3.2830269949863577,1.4795780455115164,0.04722765154474473,0.22381338683226204
2025-10-28 14:39:27.126,3.283421864698539,1.479183175799335,0.04864918250859773,0.22333954317764437
2025-10-28 14:39:28.157,3.2832639168136666,1.4793411236842076,0.04920200010565168,0.22349749106251693
2025-10-28 14:39:29.186,3.2830269949863577,1.4794200976266438,0.04683278183256334,0.22262877769571787
2025-10-28 14:39:30.221,3.283105968928794,1.4795780455115164,0.04809636491154379,0.22278672558059043
2025-10-28 14:39:31.248,3.2832639168136666,1.4794200976266438,0.048175338853980065,0.22594568327804154
2025-10-28 14:39:32.275,3.283342890756103,1.478630358202281,0.04809636491154379,0.22365543894738948
2025-10-28 14:39:33.304,3.2832639168136666,1.479183175799335,0.047859443084234954,0.22302364740789926
2025-10-28 14:39:34.335,3.282869047101485,1.4798939412812615,0.04935994799052423,0.22365543894738948
2025-10-28 14:39:35.360,3.2830269949863577,1.4794200976266438,0.04730662548718101,0.22239185586840904
2025-10-28 14:39:36.390,3.2826321252741764,1.4796570194539527,0.047464573372053565,0.22389236077469832
2025-10-28 14:39:37.418,3.2829480210439215,1.4799729152236978,0.04762252125692612,0.22491902202636993
2025-10-28 14:39:38.447,3.2829480210439215,1.4795780455115164,0.04904405222077912,0.2232605692352081
2025-10-28 14:39:39.476,3.283105968928794,1.4787883060871536,0.04864918250859773,0.2232605692352081
2025-10-28 14:39:40.501,3.283421864698539,1.4787093321447173,0.050386609242195846,0.2242872304868797
2025-10-28 14:39:41.533,3.282474177389304,1.4795780455115164,0.048570208566161455,0.22341851712008065
2025-10-28 14:39:42.564,3.282474177389304,1.47886728002959,0.04714867760230845,0.22270775163815415
2025-10-28 14:39:43.589,3.283105968928794,1.4798149673388252,0.047464573372053565,0.2235764650049532
2025-10-28 14:39:44.619,3.2823162295044312,1.4796570194539527,0.04722765154474473,0.22278672558059043
2025-10-28 14:39:45.650,3.282790073159049,1.4789462539720262,0.04738559942961729,0.2246821001990611
2025-10-28 14:39:46.677,3.2835008386409754,1.4790252279144624,0.04809636491154379,0.22389236077469832
2025-10-28 14:39:47.702,3.2826321252741764,1.4792621497417713,0.04691175577499962,0.2239713347171346
2025-10-28 14:39:48.729,3.28255315133174,1.4798149673388252,0.05070250501194096,0.22436620442931599
2025-10-28 14:39:49.759,3.2823952034468675,1.479183175799335,0.04683278183256334,0.22270775163815415
2025-10-28 14:39:50.788,3.2823952034468675,1.479183175799335,0.046753807890127064,0.22349749106251693
2025-10-28 14:39:51.817,3.282237255561995,1.4795780455115164,0.05046558318463212,0.22310262135033554
2025-10-28 14:39:52.842,3.282237255561995,1.4798149673388252,0.04793841702667123,0.22270775163815415
2025-10-28 14:39:53.872,3.282474177389304,1.4793411236842076,0.04754354731448984,0.2242872304868797
2025-10-28 14:39:54.902,3.2827110992166126,1.4787883060871536,0.04959686981783307,0.2228656995230267
2025-10-28 14:39:55.932,3.282237255561995,1.4794990715690801,0.04864918250859773,0.2246821001990611
2025-10-28 14:39:56.967,3.2823162295044312,1.4798939412812615,0.0469907297174359,0.22318159529277182
2025-10-28 14:39:57.995,3.28255315133174,1.4801308631085703,0.048570208566161455,0.22389236077469832
2025-10-28 14:39:59.024,3.282474177389304,1.4794200976266438,0.04793841702667123,0.22278672558059043
2025-10-28 14:40:00.055,3.2823162295044312,1.4794200976266438,0.04864918250859773,0.22341851712008065
2025-10-28 14:40:01.084,3.282474177389304,1.4789462539720262,0.04714867760230845,0.22247082981084532
2025-10-28 14:40:02.108,3.282237255561995,1.4790252279144624,0.04935994799052423,0.22523491779611504
2025-10-28 14:40:03.138,3.2821582816195587,1.4787883060871536,0.04809636491154379,0.2239713347171346
2025-10-28 14:40:04.167,3.2820793076771224,1.479183175799335,0.046753807890127064,0.22270775163815415
2025-10-28 14:40:05.194,3.281684437964941,1.4792621497417713,0.050386609242195846,0.22373441288982576
2025-10-28 14:40:06.225,3.2821582816195587,1.4798149673388252,0.04849123462372518,0.2228656995230267
2025-10-28 14:40:07.251,3.2817634119073773,1.4796570194539527,0.048175338853980065,0.2239713347171346
2025-10-28 14:40:08.279,3.2817634119073773,1.4802098370510066,0.04991276558757818,0.22239185586840904
2025-10-28 14:40:09.305,3.281684437964941,1.4795780455115164,0.04801739096910751,0.22381338683226204
2025-10-28 14:40:10.332,3.2815264900800685,1.4792621497417713,0.051097374724122346,0.22420825654444343
2025-10-28 14:40:11.360,3.281684437964941,1.4790252279144624,0.050386609242195846,0.2221549340411002
2025-10-28 14:40:12.386,3.2817634119073773,1.4779985666627908,0.046753807890127064,0.22349749106251693
2025-10-28 14:40:13.415,3.2815264900800685,1.4801308631085703,0.04959686981783307,0.22341851712008065
2025-10-28 14:40:14.447,3.282000333734686,1.4793411236842076,0.04691175577499962,0.2228656995230267
2025-10-28 14:40:15.475,3.282000333734686,1.4798149673388252,0.05030763529975957,0.2225498037532816
2025-10-28 14:40:16.505,3.2818423858498136,1.4794990715690801,0.048175338853980065,0.22270775163815415
2025-10-28 14:40:17.536,3.2816054640225047,1.480051889166134,0.0491230261632154,0.2228656995230267
2025-10-28 14:40:18.562,3.2816054640225047,1.4794200976266438,0.048175338853980065,0.22207596009866393
2025-10-28 14:40:19.589,3.2816054640225047,1.479183175799335,0.0477014951993624,0.22262877769571787
2025-10-28 14:40:20.615,3.28192135979225,1.4791042018568987,0.0491230261632154,0.2232605692352081
2025-10-28 14:40:21.644,3.2817634119073773,1.4794200976266438,0.048175338853980065,0.22412928260200715
2025-10-28 14:40:22.669,3.281368542195196,1.4798149673388252,0.04833328673885262,0.22460312625662482
2025-10-28 14:40:23.692,3.2816054640225047,1.4798939412812615,0.051097374724122346,0.22444517837175226
2025-10-28 14:40:24.718,3.281368542195196,1.479735993396389,0.04951789587539679,0.22270775163815415
2025-10-28 14:40:25.747,3.2816054640225047,1.47886728002959,0.04793841702667123,0.22460312625662482
2025-10-28 14:40:26.778,3.2816054640225047,1.480051889166134,0.04849123462372518,0.2232605692352081
2025-10-28 14:40:27.808,3.281368542195196,1.479183175799335,0.047859443084234954,0.22278672558059043
2025-10-28 14:40:28.834,3.281447516137632,1.4794200976266438,0.04762252125692612,0.22444517837175226
2025-10-28 14:40:29.865,3.2815264900800685,1.4794990715690801,0.047859443084234954,0.22294467346546298
2025-10-28 14:40:30.894,3.281131620367887,1.4791042018568987,0.04864918250859773,0.22420825654444343
2025-10-28 14:40:31.921,3.2816054640225047,1.479183175799335,0.048175338853980065,0.22381338683226204
2025-10-28 14:40:32.952,3.2812105943103234,1.4806836807056243,0.05101840078168607,0.22436620442931599
2025-10-28 14:40:33.981,3.2812895682527596,1.4785513842598448,0.04864918250859773,0.22412928260200715
2025-10-28 14:40:35.011,3.2818423858498136,1.4795780455115164,0.048175338853980065,0.2261036311629141
2025-10-28 14:40:36.042,3.281684437964941,1.4794200976266438,0.047464573372053565,0.22373441288982576
2025-10-28 14:40:37.071,3.2812895682527596,1.478630358202281,0.047069703659872175,0.22318159529277182
2025-10-28 14:40:38.098,3.281447516137632,1.4795780455115164,0.048175338853980065,0.22365543894738948
2025-10-28 14:40:39.127,3.2815264900800685,1.4798939412812615,0.046753807890127064,0.22231288192597276
2025-10-28 14:40:40.150,3.2812895682527596,1.4787093321447173,0.048175338853980065,0.22341851712008065
2025-10-28 14:40:41.179,3.2812895682527596,1.4793411236842076,0.04793841702667123,0.22262877769571787
2025-10-28 14:40:42.208,3.2812895682527596,1.4790252279144624,0.04809636491154379,0.22562978750829643
2025-10-28 14:40:43.240,3.281131620367887,1.4787883060871536,0.049991739530014456,0.22365543894738948
2025-10-28 14:40:44.271,3.2812895682527596,1.4791042018568987,0.047780469141798676,0.22436620442931599
2025-10-28 14:40:45.295,3.280815724598142,1.479183175799335,0.047859443084234954,0.22349749106251693
2025-10-28 14:40:46.324,3.2807367506557057,1.4790252279144624,0.04793841702667123,0.22199698615622765
2025-10-28 14:40:47.356,3.281131620367887,1.4789462539720262,0.048570208566161455,0.22373441288982576
2025-10-28 14:40:48.386,3.281368542195196,1.4790252279144624,0.047464573372053565,0.22333954317764437
2025-10-28 14:40:49.418,3.280815724598142,1.479183175799335,0.05046558318463212,0.22302364740789926
2025-10-28 14:40:50.444,3.281052646425451,1.4804467588783154,0.048175338853980065,0.22333954317764437
2025-10-28 14:40:51.474,3.2806577767132694,1.4790252279144624,0.04801739096910751,0.22460312625662482
2025-10-28 14:40:52.501,3.281052646425451,1.4787883060871536,0.048175338853980065,0.22476107414149737
2025-10-28 14:40:53.532,3.280815724598142,1.4792621497417713,0.04872815645103401,0.22634055299022293
2025-10-28 14:40:54.561,3.2807367506557057,1.4802098370510066,0.04825431279641634,0.22294467346546298
2025-10-28 14:40:55.591,3.280578802770833,1.4792621497417713,0.0505445571270684,0.22412928260200715
2025-10-28 14:40:56.617,3.2807367506557057,1.4793411236842076,0.04833328673885262,0.22278672558059043
2025-10-28 14:40:57.648,3.281052646425451,1.4794200976266438,0.05030763529975957,0.22381338683226204
2025-10-28 14:40:58.677,3.2806577767132694,1.478630358202281,0.04754354731448984,0.22310262135033554
2025-10-28 14:40:59.703,3.280578802770833,1.4795780455115164,0.047069703659872175,0.22262877769571787
2025-10-28 14:41:00.734,3.280262907001088,1.4796570194539527,0.050070713472450734,0.22452415231418854
2025-10-28 14:41:01.761,3.280578802770833,1.479183175799335,0.047069703659872175,0.22302364740789926
2025-10-28 14:41:02.791,3.2807367506557057,1.479183175799335,0.04738559942961729,0.22381338683226204
2025-10-28 14:41:03.822,3.2801839330586517,1.4792621497417713,0.048886104335906566,0.2232605692352081
2025-10-28 14:41:04.853,3.2806577767132694,1.4791042018568987,0.047780469141798676,0.22436620442931599
2025-10-28 14:41:05.879,3.280499828828397,1.4794200976266438,0.04809636491154379,0.2235764650049532
2025-10-28 14:41:06.906,3.2806577767132694,1.479183175799335,0.04793841702667123,0.2221549340411002
2025-10-28 14:41:07.936,3.2807367506557057,1.4798149673388252,0.0477014951993624,0.22405030865957087
2025-10-28 14:41:08.962,3.279947011231343,1.4790252279144624,0.04683278183256334,0.22223390798353648
2025-10-28 14:41:09.988,3.2804208548859606,1.4795780455115164,0.048965078278342844,0.22239185586840904
2025-10-28 14:41:11.013,3.2801839330586517,1.4795780455115164,0.04738559942961729,0.22412928260200715
2025-10-28 14:41:12.038,3.2801839330586517,1.4799729152236978,0.047464573372053565,0.2225498037532816
2025-10-28 14:41:13.064,3.2807367506557057,1.4796570194539527,0.04754354731448984,0.22270775163815415
2025-10-28 14:41:14.094,3.2795521415191615,1.479735993396389,0.04872815645103401,0.22389236077469832
2025-10-28 14:41:15.124,3.2797890633464704,1.4792621497417713,0.04801739096910751,0.22231288192597276
2025-10-28 14:41:16.156,3.2798680372889066,1.4791042018568987,0.047859443084234954,0.2242872304868797
2025-10-28 14:41:17.187,3.279947011231343,1.4793411236842076,0.047464573372053565,0.22341851712008065
2025-10-28 14:41:18.211,3.2801049591162155,1.4795780455115164,0.046753807890127064,0.22531389173855132
2025-10-28 14:41:19.234,3.2798680372889066,1.4795780455115164,0.048965078278342844,0.22333954317764437
2025-10-28 14:41:20.257,3.280025985173779,1.4781565145476634,0.04754354731448984,0.22405030865957087
2025-10-28 14:41:21.281,3.2797890633464704,1.4793411236842076,0.0484122606812889,0.22515594385367876
2025-10-28 14:41:22.304,3.2798680372889066,1.47886728002959,0.04738559942961729,0.22412928260200715
2025-10-28 14:41:23.327,3.280025985173779,1.4790252279144624,0.04801739096910751,0.22152314250160998
2025-10-28 14:41:24.350,3.2797890633464704,1.4793411236842076,0.046753807890127064,0.2235764650049532
2025-10-28 14:41:25.373,3.280025985173779,1.4790252279144624,0.04943892193296051,0.22341851712008065
2025-10-28 14:41:26.397,3.2801839330586517,1.4796570194539527,0.04730662548718101,0.22349749106251693
2025-10-28 14:41:27.420,3.2793152196918527,1.4787093321447173,0.0484122606812889,0.2235764650049532
2025-10-28 14:41:28.443,3.2794731675767252,1.4787883060871536,0.04809636491154379,0.2239713347171346
2025-10-28 14:41:29.466,3.279710089404034,1.4792621497417713,0.048965078278342844,0.22302364740789926
2025-10-28 14:41:30.489,3.2795521415191615,1.4792621497417713,0.047780469141798676,0.22476107414149737
2025-10-28 14:41:31.516,3.2792362457494164,1.4791042018568987,0.0484122606812889,0.22381338683226204
2025-10-28 14:41:32.541,3.280025985173779,1.4795780455115164,0.04738559942961729,0.2232605692352081
2025-10-28 14:41:33.567,3.279947011231343,1.4796570194539527,0.04683278183256334,0.2225498037532816
2025-10-28 14:41:34.590,3.279710089404034,1.4796570194539527,0.046674833947690786,0.22349749106251693
2025-10-28 14:41:35.615,3.279631115461598,1.4789462539720262,0.047780469141798676,0.22365543894738948
2025-10-28 14:41:36.637,3.279710089404034,1.478314462432536,0.04872815645103401,0.22349749106251693
2025-10-28 14:41:37.665,3.2795521415191615,1.478630358202281,0.04880713039347029,0.22223390798353648
2025-10-28 14:41:38.693,3.2797890633464704,1.479183175799335,0.0477014951993624,0.22412928260200715
2025-10-28 14:41:39.721,3.279947011231343,1.4798149673388252,0.04754354731448984,0.22278672558059043
2025-10-28 14:41:40.748,3.279710089404034,1.4794200976266438,0.0491230261632154,0.2228656995230267
2025-10-28 14:41:41.780,3.279710089404034,1.479183175799335,0.0477014951993624,0.2235764650049532
2025-10-28 14:41:42.805,3.279710089404034,1.4803677849358792,0.048965078278342844,0.22349749106251693
2025-10-28 14:41:43.831,3.2793152196918527,1.4793411236842076,0.04722765154474473,0.2232605692352081
2025-10-28 14:41:44.857,3.2794731675767252,1.479183175799335,0.04951789587539679,0.22278672558059043
2025-10-28 14:41:45.884,3.279394193634289,1.4789462539720262,0.04809636491154379,0.22365543894738948
2025-10-28 14:41:46.910,3.2794731675767252,1.4787883060871536,0.046674833947690786,0.22310262135033554
2025-10-28 14:41:47.939,3.2794731675767252,1.4790252279144624,0.04738559942961729,0.22310262135033554
2025-10-28 14:41:48.968,3.2794731675767252,1.4799729152236978,0.04809636491154379,0.2228656995230267
2025-10-28 14:41:49.996,3.279394193634289,1.479183175799335,0.048886104335906566,0.22444517837175226
2025-10-28 14:41:51.022,3.278841376037235,1.4789462539720262,0.04714867760230845,0.2232605692352081
2025-10-28 14:41:52.045,3.279078297864544,1.4787883060871536,0.04730662548718101,0.22262877769571787
2025-10-28 14:41:53.072,3.27915727180698,1.4795780455115164,0.04683278183256334,0.22318159529277182
2025-10-28 14:41:54.097,3.2795521415191615,1.4787093321447173,0.048570208566161455,0.2228656995230267
2025-10-28 14:41:55.123,3.2786834281523625,1.479735993396389,0.04730662548718101,0.22302364740789926
2025-10-28 14:41:56.149,3.27915727180698,1.4796570194539527,0.047069703659872175,0.22278672558059043
2025-10-28 14:41:57.179,3.27915727180698,1.4795780455115164,0.04935994799052423,0.22365543894738948
2025-10-28 14:41:58.206,3.2786834281523625,1.4792621497417713,0.04825431279641634,0.22262877769571787
2025-10-28 14:41:59.234,3.2786834281523625,1.4793411236842076,0.04730662548718101,0.22349749106251693
2025-10-28 14:42:00.262,3.279078297864544,1.4784724103174085,0.05022866135732329,0.22294467346546298
2025-10-28 14:42:01.292,3.2789993239221076,1.479183175799335,0.04793841702667123,0.22365543894738948
2025-10-28 14:42:02.319,3.2786834281523625,1.4790252279144624,0.04833328673885262,0.22278672558059043
2025-10-28 14:42:03.346,3.27915727180698,1.480051889166134,0.048175338853980065,0.2228656995230267
2025-10-28 14:42:04.371,3.2789993239221076,1.4787883060871536,0.05022866135732329,0.22547183962342388
2025-10-28 14:42:05.399,3.2792362457494164,1.4793411236842076,0.048886104335906566,0.22412928260200715
2025-10-28 14:42:06.423,3.279394193634289,1.47886728002959,0.04920200010565168,0.22341851712008065
2025-10-28 14:42:07.449,3.279078297864544,1.4798939412812615,0.047069703659872175,0.22262877769571787
2025-10-28 14:42:08.476,3.2786834281523625,1.4793411236842076,0.04754354731448984,0.22436620442931599
2025-10-28 14:42:09.503,3.2786834281523625,1.4794990715690801,0.0477014951993624,0.2228656995230267
2025-10-28 14:42:10.530,3.2786834281523625,1.4792621497417713,0.05014968741488701,0.22199698615622765
2025-10-28 14:42:11.556,3.27852548026749,1.4794200976266438,0.050386609242195846,0.22333954317764437
2025-10-28 14:42:12.584,3.278604454209926,1.479183175799335,0.0484122606812889,0.2228656995230267
2025-10-28 14:42:13.607,3.2786834281523625,1.479183175799335,0.047464573372053565,0.22223390798353648
2025-10-28 14:42:14.633,3.278604454209926,1.4793411236842076,0.047069703659872175,0.22436620442931599
2025-10-28 14:42:15.661,3.278604454209926,1.4794200976266438,0.04722765154474473,0.22262877769571787
2025-10-28 14:42:16.684,3.278288558440181,1.4789462539720262,0.04714867760230845,0.22262877769571787
2025-10-28 14:42:17.710,3.278209584497745,1.4795780455115164,0.04975481770270562,0.22318159529277182
2025-10-28 14:42:18.738,3.2786834281523625,1.4787883060871536,0.04833328673885262,0.22420825654444343
2025-10-28 14:42:19.765,3.2780516366128722,1.4799729152236978,0.04809636491154379,0.22460312625662482
2025-10-28 14:42:20.790,3.27852548026749,1.4789462539720262,0.04659586000525451,0.2242872304868797
2025-10-28 14:42:21.816,3.278209584497745,1.4791042018568987,0.04959686981783307,0.22373441288982576
2025-10-28 14:42:22.842,3.277972662670436,1.4803677849358792,0.05062353106950468,0.22191801221379137
2025-10-28 14:42:23.867,3.278209584497745,1.4799729152236978,0.047069703659872175,0.22302364740789926
2025-10-28 14:42:24.897,3.2778147147855634,1.4793411236842076,0.04754354731448984,0.22365543894738948
2025-10-28 14:42:25.925,3.2780516366128722,1.4790252279144624,0.04809636491154379,0.2228656995230267
2025-10-28 14:42:26.952,3.2780516366128722,1.4794990715690801,0.04714867760230845,0.2242872304868797
2025-10-28 14:42:27.977,3.2783675323826174,1.479735993396389,0.04762252125692612,0.22444517837175226
2025-10-28 14:42:29.002,3.2781306105553085,1.4796570194539527,0.04691175577499962,0.22365543894738948
2025-10-28 14:42:30.028,3.277735740843127,1.4792621497417713,0.04754354731448984,0.22294467346546298
2025-10-28 14:42:31.055,3.278288558440181,1.480288810993443,0.048175338853980065,0.22452415231418854
2025-10-28 14:42:32.080,3.277735740843127,1.4793411236842076,0.0477014951993624,0.22278672558059043
2025-10-28 14:42:33.106,3.2783675323826174,1.479183175799335,0.04722765154474473,0.22310262135033554
2025-10-28 14:42:34.133,3.277656766900691,1.4787883060871536,0.048175338853980065,0.22349749106251693
2025-10-28 14:42:35.157,3.2774988190158183,1.4791042018568987,0.0477014951993624,0.22562978750829643
2025-10-28 14:42:36.189,3.277972662670436,1.4789462539720262,0.04809636491154379,0.22223390798353648
2025-10-28 14:42:37.220,3.278288558440181,1.4787883060871536,0.0484122606812889,0.22270775163815415
2025-10-28 14:42:38.250,3.2780516366128722,1.4792621497417713,0.04904405222077912,0.22294467346546298
2025-10-28 14:42:39.277,3.2775777929582546,1.4790252279144624,0.04880713039347029,0.22531389173855132
2025-10-28 14:42:40.306,3.277656766900691,1.4791042018568987,0.046753807890127064,0.2228656995230267
2025-10-28 14:42:41.331,3.277656766900691,1.4794200976266438,0.0477014951993624,0.22555081356586015
2025-10-28 14:42:42.362,3.277419845073382,1.4783934363749722,0.04762252125692612,0.2235764650049532
2025-10-28 14:42:43.392,3.277735740843127,1.479183175799335,0.047464573372053565,0.22476107414149737
2025-10-28 14:42:44.423,3.2775777929582546,1.4794200976266438,0.04849123462372518,0.22278672558059043
2025-10-28 14:42:45.452,3.277419845073382,1.4789462539720262,0.04754354731448984,0.22602465722047782
2025-10-28 14:42:46.480,3.2772618971885095,1.4796570194539527,0.04722765154474473,0.22294467346546298
2025-10-28 14:42:47.509,3.2773408711309457,1.479183175799335,0.04991276558757818,0.2235764650049532
2025-10-28 14:42:48.538,3.277419845073382,1.4796570194539527,0.04762252125692612,0.22586670933560526
2025-10-28 14:42:49.568,3.2769460014187644,1.4796570194539527,0.04738559942961729,0.22231288192597276
2025-10-28 14:42:50.596,3.2774988190158183,1.4792621497417713,0.05022866135732329,0.22373441288982576
2025-10-28 14:42:51.621,3.277182923246073,1.4794990715690801,0.04951789587539679,0.22476107414149737
2025-10-28 14:42:52.651,3.277103949303637,1.4784724103174085,0.046753807890127064,0.22389236077469832
2025-10-28 14:42:53.683,3.2775777929582546,1.479183175799335,0.05030763529975957,0.22247082981084532
2025-10-28 14:42:54.714,3.277419845073382,1.479183175799335,0.05046558318463212,0.2235764650049532
2025-10-28 14:42:55.739,3.277182923246073,1.4792621497417713,0.047859443084234954,0.22341851712008065
2025-10-28 14:42:56.768,3.277419845073382,1.4789462539720262,0.0484122606812889,0.2232605692352081
2025-10-28 14:42:57.791,3.2773408711309457,1.4798939412812615,0.04920200010565168,0.22231288192597276
2025-10-28 14:42:58.816,3.276867027476328,1.4794990715690801,0.047859443084234954,0.2235764650049532
2025-10-28 14:42:59.846,3.2770249753612006,1.4792621497417713,0.048175338853980065,0.22341851712008065
2025-10-28 14:43:00.876,3.276551131706583,1.4798939412812615,0.047464573372053565,0.2246821001990611
2025-10-28 14:43:01.902,3.276788053533892,1.479183175799335,0.04738559942961729,0.2228656995230267
2025-10-28 14:43:02.928,3.276551131706583,1.4789462539720262,0.04801739096910751,0.2218390382713551
2025-10-28 14:43:03.957,3.2763931838217104,1.4791042018568987,0.047859443084234954,0.22484004808393365
2025-10-28 14:43:04.986,3.2772618971885095,1.479183175799335,0.0477014951993624,0.2228656995230267
2025-10-28 14:43:06.016,3.276788053533892,1.4794990715690801,0.04754354731448984,0.22444517837175226
2025-10-28 14:43:07.046,3.276788053533892,1.4798939412812615,0.04809636491154379,0.22373441288982576
2025-10-28 14:43:08.078,3.276867027476328,1.4798939412812615,0.0484122606812889,0.2253928656809876
2025-10-28 14:43:09.104,3.277103949303637,1.4794990715690801,0.04975481770270562,0.22318159529277182
2025-10-28 14:43:10.129,3.2769460014187644,1.4787093321447173,0.04762252125692612,0.22247082981084532
2025-10-28 14:43:11.157,3.2769460014187644,1.4793411236842076,0.04762252125692612,0.22373441288982576
2025-10-28 14:43:12.183,3.276551131706583,1.4785513842598448,0.048175338853980065,0.2246821001990611
2025-10-28 14:43:13.205,3.276551131706583,1.47886728002959,0.04951789587539679,0.22223390798353648
2025-10-28 14:43:14.237,3.2763931838217104,1.4787883060871536,0.048175338853980065,0.22349749106251693
2025-10-28 14:43:15.263,3.2766301056490192,1.4798149673388252,0.048175338853980065,0.2221549340411002
2025-10-28 14:43:16.291,3.2767090795914555,1.479735993396389,0.04722765154474473,0.22191801221379137
2025-10-28 14:43:17.321,3.276235235936838,1.479735993396389,0.04754354731448984,0.22436620442931599
2025-10-28 14:43:18.347,3.276314209879274,1.4798149673388252,0.047069703659872175,0.22381338683226204
2025-10-28 14:43:19.373,3.2763931838217104,1.4787093321447173,0.0477014951993624,0.2246821001990611
2025-10-28 14:43:20.402,3.2760772880519653,1.479183175799335,0.04959686981783307,0.22262877769571787
2025-10-28 14:43:21.430,3.2763931838217104,1.4787883060871536,0.0469907297174359,0.22270775163815415
2025-10-28 14:43:22.457,3.276551131706583,1.4793411236842076,0.047464573372053565,0.22373441288982576
2025-10-28 14:43:23.484,3.2760772880519653,1.4794200976266438,0.04714867760230845,0.22341851712008065
2025-10-28 14:43:24.512,3.2764721577641467,1.4792621497417713,0.05022866135732329,0.2228656995230267
2025-10-28 14:43:25.542,3.276314209879274,1.4790252279144624,0.0484122606812889,0.22389236077469832
2025-10-28 14:43:26.570,3.2761562619944016,1.4791042018568987,0.04872815645103401,0.2235764650049532
2025-10-28 14:43:27.598,3.276235235936838,1.4793411236842076,0.04762252125692612,0.2246821001990611
2025-10-28 14:43:28.630,3.275998314109529,1.4792621497417713,0.0469907297174359,0.22294467346546298
2025-10-28 14:43:29.655,3.2761562619944016,1.4793411236842076,0.04738559942961729,0.22381338683226204
2025-10-28 14:43:30.686,3.2758403662246565,1.4787093321447173,0.048570208566161455,0.22373441288982576
2025-10-28 14:43:31.717,3.2759193401670927,1.4791042018568987,0.048570208566161455,0.2242872304868797
2025-10-28 14:43:32.748,3.2761562619944016,1.4794990715690801,0.0469907297174359,0.22278672558059043
2025-10-28 14:43:33.779,3.2761562619944016,1.4792621497417713,0.04754354731448984,0.22405030865957087
2025-10-28 14:43:34.802,3.27576139228222,1.4794990715690801,0.04793841702667123,0.22310262135033554
2025-10-28 14:43:35.830,3.2763931838217104,1.4796570194539527,0.04683278183256334,0.2242872304868797
2025-10-28 14:43:36.858,3.2756034443973476,1.4792621497417713,0.04801739096910751,0.2235764650049532
2025-10-28 14:43:37.887,3.27576139228222,1.4799729152236978,0.04825431279641634,0.22278672558059043
2025-10-28 14:43:38.913,3.27576139228222,1.4791042018568987,0.047859443084234954,0.22412928260200715
2025-10-28 14:43:39.944,3.275998314109529,1.479183175799335,0.04825431279641634,0.2232605692352081
2025-10-28 14:43:40.972,3.27576139228222,1.4798149673388252,0.04754354731448984,0.22318159529277182
2025-10-28 14:43:42.004,3.275682418339784,1.4791042018568987,0.04762252125692612,0.22247082981084532
2025-10-28 14:43:43.035,3.2758403662246565,1.4787093321447173,0.04809636491154379,0.22586670933560526
2025-10-28 14:43:44.066,3.275998314109529,1.479735993396389,0.04762252125692612,0.22333954317764437
2025-10-28 14:43:45.096,3.2756034443973476,1.4787883060871536,0.048175338853980065,0.22531389173855132
2025-10-28 14:43:46.122,3.2752875486276025,1.4791042018568987,0.04872815645103401,0.22270775163815415
2025-10-28 14:43:47.150,3.275682418339784,1.4793411236842076,0.0484122606812889,0.22476107414149737
2025-10-28 14:43:48.181,3.2758403662246565,1.480051889166134,0.04722765154474473,0.22373441288982576
2025-10-28 14:43:49.212,3.2755244704549114,1.4793411236842076,0.047780469141798676,0.22223390798353648
2025-10-28 14:43:50.241,3.2752875486276025,1.4799729152236978,0.04754354731448984,0.22365543894738948
2025-10-28 14:43:51.264,3.2752085746851662,1.4796570194539527,0.04714867760230845,0.22270775163815415
2025-10-28 14:43:52.291,3.275445496512475,1.4794200976266438,0.04801739096910751,0.22365543894738948
2025-10-28 14:43:53.318,3.275366522570039,1.479735993396389,0.049280974048087955,0.2242872304868797
2025-10-28 14:43:54.349,3.2755244704549114,1.4791042018568987,0.04809636491154379,0.22476107414149737
2025-10-28 14:43:55.378,3.2755244704549114,1.4807626546480606,0.050386609242195846,0.22389236077469832
2025-10-28 14:43:56.408,3.2756034443973476,1.4794990715690801,0.04935994799052423,0.2235764650049532
2025-10-28 14:43:57.435,3.275682418339784,1.4793411236842076,0.04762252125692612,0.22341851712008065
2025-10-28 14:43:58.462,3.2755244704549114,1.4789462539720262,0.04793841702667123,0.22562978750829643
2025-10-28 14:43:59.492,3.2758403662246565,1.478630358202281,0.046753807890127064,0.22318159529277182
2025-10-28 14:44:00.520,3.27512960074273,1.4787093321447173,0.0477014951993624,0.22405030865957087
2025-10-28 14:44:01.546,3.27512960074273,1.4791042018568987,0.04762252125692612,0.22333954317764437
2025-10-28 14:44:02.574,3.2752875486276025,1.4794200976266438,0.046674833947690786,0.22341851712008065
2025-10-28 14:44:03.604,3.2756034443973476,1.4793411236842076,0.04722765154474473,0.22349749106251693
2025-10-28 14:44:04.635,3.27512960074273,1.4798939412812615,0.047780469141798676,0.2235764650049532
2025-10-28 14:44:05.658,3.274813704972985,1.479183175799335,0.047464573372053565,0.22452415231418854
2025-10-28 14:44:06.681,3.275366522570039,1.4798149673388252,0.04880713039347029,0.22270775163815415
2025-10-28 14:44:07.707,3.275445496512475,1.4791042018568987,0.048175338853980065,0.22199698615622765
2025-10-28 14:44:08.733,3.2752085746851662,1.4791042018568987,0.04683278183256334,0.22160211644404626
2025-10-28 14:44:09.759,3.2752875486276025,1.4796570194539527,0.04825431279641634,0.22318159529277182
2025-10-28 14:44:10.787,3.2755244704549114,1.303545127821053,0.04825431279641634,0.22333954317764437
2025-10-28 14:44:11.815,3.27512960074273,1.4787883060871536,0.04762252125692612,0.22247082981084532
2025-10-28 14:44:12.840,3.2752875486276025,1.4795780455115164,0.04738559942961729,0.22302364740789926
2025-10-28 14:44:13.867,3.274892678915421,1.4790252279144624,0.04730662548718101,0.22420825654444343
2025-10-28 14:44:14.896,3.2746557570881123,1.4801308631085703,0.04801739096910751,0.22420825654444343
2025-10-28 14:44:15.926,3.2747347310305486,1.4789462539720262,0.047464573372053565,0.22294467346546298
2025-10-28 14:44:16.956,3.274813704972985,1.4794990715690801,0.04722765154474473,0.22405030865957087
2025-10-28 14:44:17.986,3.2749716528578574,1.304097945418107,0.0484122606812889,0.22294467346546298
2025-10-28 14:44:19.012,3.2750506268002937,1.478630358202281,0.047069703659872175,0.22207596009866393
2025-10-28 14:44:20.044,3.274892678915421,1.4793411236842076,0.047069703659872175,0.22207596009866393
2025-10-28 14:44:21.074,3.274892678915421,1.47886728002959,0.04793841702667123,0.22349749106251693
2025-10-28 14:44:22.104,3.274892678915421,1.478630358202281,0.048175338853980065,0.22247082981084532
2025-10-28 14:44:23.135,3.2744978092032397,1.3033082059937442,0.046753807890127064,0.22562978750829643
2025-10-28 14:44:24.167,3.2744978092032397,1.4794200976266438,0.04762252125692612,0.2218390382713551
2025-10-28 14:44:25.195,3.274260887375931,1.477761644835482,0.0498337916451419,0.22333954317764437
2025-10-28 14:44:26.226,3.274892678915421,1.3059143460941414,0.04809636491154379,0.22310262135033554
2025-10-28 14:44:27.255,3.2747347310305486,1.4792621497417713,0.0477014951993624,0.22460312625662482
2025-10-28 14:44:28.285,3.274339861318367,1.4798939412812615,0.04849123462372518,0.22247082981084532
2025-10-28 14:44:29.308,3.2744188352608035,1.478630358202281,0.04730662548718101,0.22270775163815415
2025-10-28 14:44:30.335,3.274339861318367,1.479735993396389,0.04691175577499962,0.22349749106251693
2025-10-28 14:44:31.365,3.2749716528578574,1.3034661538786168,0.04849123462372518,0.22349749106251693
2025-10-28 14:44:32.394,3.2744188352608035,1.4793411236842076,0.04754354731448984,0.22318159529277182
2025-10-28 14:44:33.426,3.2744188352608035,1.4785513842598448,0.04833328673885262,0.22278672558059043
2025-10-28 14:44:34.456,3.2746557570881123,1.4793411236842076,0.04793841702667123,0.2239713347171346
2025-10-28 14:44:35.483,3.2744188352608035,1.4789462539720262,0.04959686981783307,0.22318159529277182
2025-10-28 14:44:36.510,3.274260887375931,1.479183175799335,0.05046558318463212,0.22270775163815415
2025-10-28 14:44:37.538,3.274339861318367,1.3039399975332344,0.0491230261632154,0.22373441288982576
2025-10-28 14:44:38.569,3.274576783145676,1.479183175799335,0.049280974048087955,0.22373441288982576
2025-10-28 14:44:39.599,3.274576783145676,1.4790252279144624,0.04762252125692612,0.22389236077469832
2025-10-28 14:44:40.626,3.2746557570881123,1.4793411236842076,0.04801739096910751,0.2235764650049532
2025-10-28 14:44:41.650,3.274813704972985,1.4795780455115164,0.0469907297174359,0.22333954317764437
2025-10-28 14:44:42.673,3.2741029394910584,1.4803677849358792,0.047859443084234954,0.22247082981084532
2025-10-28 14:44:43.697,3.274260887375931,1.4790252279144624,0.046753807890127064,0.22349749106251693
2025-10-28 14:44:44.720,3.2741819134334946,1.4791042018568987,0.047464573372053565,0.22341851712008065
2025-10-28 14:44:45.742,3.2746557570881123,1.4794200976266438,0.0477014951993624,0.22373441288982576
2025-10-28 14:44:46.766,3.274260887375931,1.3413736462480301,0.050386609242195846,0.22294467346546298
2025-10-28 14:44:47.790,3.274260887375931,1.4790252279144624,0.04691175577499962,0.22270775163815415
2025-10-28 14:44:48.813,3.2741029394910584,1.3044928151302884,0.04801739096910751,0.22405030865957087
2025-10-28 14:44:49.840,3.274023965548622,1.4789462539720262,0.047859443084234954,0.22333954317764437
2025-10-28 14:44:50.864,3.2741029394910584,1.4784724103174085,0.04864918250859773,0.22452415231418854
2025-10-28 14:44:51.889,3.274023965548622,1.478630358202281,0.04714867760230845,0.22294467346546298
2025-10-28 14:44:52.914,3.273471147951568,1.4798939412812615,0.047780469141798676,0.22389236077469832
2025-10-28 14:44:53.940,3.273708069778877,1.4756293483897025,0.04864918250859773,0.2242872304868797
2025-10-28 14:44:54.964,3.273708069778877,1.479183175799335,0.047859443084234954,0.22310262135033554
2025-10-28 14:44:55.987,3.273708069778877,1.4799729152236978,0.04833328673885262,0.22310262135033554
2025-10-28 14:44:57.010,3.2736290958364407,1.479183175799335,0.04722765154474473,0.2228656995230267
2025-10-28 14:44:58.033,3.273944991606186,1.479183175799335,0.0491230261632154,0.22412928260200715
2025-10-28 14:44:59.059,3.273944991606186,1.4789462539720262,0.04762252125692612,0.22444517837175226
2025-10-28 14:45:00.098,3.2744188352608035,1.4790252279144624,0.04801739096910751,0.22562978750829643
2025-10-28 14:45:01.121,3.2744188352608035,1.4791042018568987,0.04833328673885262,0.22373441288982576
2025-10-28 14:45:02.145,3.2738660176637495,1.4781565145476634,0.04872815645103401,0.2228656995230267
2025-10-28 14:45:03.169,3.273944991606186,1.479183175799335,0.04722765154474473,0.22262877769571787
2025-10-28 14:45:04.203,3.273392174009132,1.4787883060871536,0.05101840078168607,0.22270775163815415
2025-10-28 14:45:05.234,3.2735501218940044,1.4795780455115164,0.047780469141798676,0.22270775163815415
2025-10-28 14:45:06.257,3.2736290958364407,1.478630358202281,0.047859443084234954,0.22341851712008065
2025-10-28 14:45:07.286,3.273471147951568,1.4787093321447173,0.048570208566161455,0.22476107414149737
2025-10-28 14:45:08.313,3.2736290958364407,1.4798149673388252,0.04683278183256334,0.22231288192597276
2025-10-28 14:45:09.340,3.2735501218940044,1.4790252279144624,0.05030763529975957,0.22420825654444343
2025-10-28 14:45:10.368,3.273708069778877,1.478630358202281,0.047069703659872175,0.22333954317764437
2025-10-28 14:45:11.396,3.273392174009132,1.4794200976266438,0.04793841702667123,0.22294467346546298
2025-10-28 14:45:12.424,3.2741029394910584,1.3045717890727246,0.04738559942961729,0.22310262135033554
2025-10-28 14:45:13.455,3.2737870437213132,1.4794200976266438,0.047859443084234954,0.22239185586840904
2025-10-28 14:45:14.485,3.2730762782393867,1.360643288202482,0.05062353106950468,0.22278672558059043
2025-10-28 14:45:15.514,3.2736290958364407,1.47886728002959,0.0477014951993624,0.22302364740789926
2025-10-28 14:45:16.545,3.2737870437213132,1.4794200976266438,0.04714867760230845,0.22270775163815415
2025-10-28 14:45:17.577,3.2733132000666956,1.4793411236842076,0.050386609242195846,0.2242872304868797
2025-10-28 14:45:18.608,3.2735501218940044,1.4798149673388252,0.05030763529975957,0.2225498037532816
2025-10-28 14:45:19.639,3.273155252181823,1.4789462539720262,0.05046558318463212,0.22318159529277182
2025-10-28 14:45:20.670,3.2733132000666956,1.303545127821053,0.046674833947690786,0.2239713347171346
2025-10-28 14:45:21.701,3.2732342261242593,1.4794990715690801,0.04872815645103401,0.22373441288982576
2025-10-28 14:45:22.731,3.2733132000666956,1.47886728002959,0.047069703659872175,0.22231288192597276
2025-10-28 14:45:23.762,3.2733132000666956,1.4794200976266438,0.0477014951993624,0.22555081356586015
2025-10-28 14:45:24.791,3.2730762782393867,1.3038610235907981,0.04793841702667123,0.22294467346546298
2025-10-28 14:45:25.817,3.273155252181823,1.479735993396389,0.046674833947690786,0.22381338683226204
2025-10-28 14:45:26.845,3.273471147951568,1.3039399975332344,0.04738559942961729,0.22444517837175226
2025-10-28 14:45:27.869,3.2736290958364407,1.3042558933029795,0.04880713039347029,0.22389236077469832
2025-10-28 14:45:28.897,3.272918330354514,1.3037820496483619,0.046674833947690786,0.22294467346546298
2025-10-28 14:45:29.922,3.273471147951568,1.4793411236842076,0.04872815645103401,0.22405030865957087
2025-10-28 14:45:30.948,3.2729973042969505,1.47886728002959,0.04864918250859773,0.22294467346546298
2025-10-28 14:45:31.979,3.2729973042969505,1.304097945418107,0.048965078278342844,0.2246821001990611
2025-10-28 14:45:33.012,3.2730762782393867,1.4478305206521327,0.0498337916451419,0.22207596009866393
2025-10-28 14:45:34.043,3.272839356412078,1.4793411236842076,0.048570208566161455,0.22318159529277182
2025-10-28 14:45:35.070,3.2730762782393867,1.4789462539720262,0.04809636491154379,0.22270775163815415
2025-10-28 14:45:36.099,3.273392174009132,1.4792621497417713,0.04825431279641634,0.22412928260200715
2025-10-28 14:45:37.125,3.273155252181823,1.4789462539720262,0.048570208566161455,0.22333954317764437
2025-10-28 14:45:38.151,3.2727603824696416,1.480604706763188,0.0484122606812889,0.22318159529277182
2025-10-28 14:45:39.182,3.2729973042969505,1.4792621497417713,0.04738559942961729,0.22341851712008065
2025-10-28 14:45:40.210,3.2729973042969505,1.4784724103174085,0.050070713472450734,0.22333954317764437
2025-10-28 14:45:41.240,3.273392174009132,1.4791042018568987,0.04730662548718101,0.225787735393169
2025-10-28 14:45:42.267,3.2723655127574602,1.4789462539720262,0.04825431279641634,0.2232605692352081
2025-10-28 14:45:43.296,3.273155252181823,1.479183175799335,0.05014968741488701,0.22310262135033554
2025-10-28 14:45:44.325,3.2726814085272053,1.3027553883966903,0.04722765154474473,0.2232605692352081
2025-10-28 14:45:45.355,3.272839356412078,1.4792621497417713,0.04920200010565168,0.22168109038648254
2025-10-28 14:45:46.378,3.2727603824696416,1.3042558933029795,0.047069703659872175,0.22341851712008065
2025-10-28 14:45:47.407,3.272602434584769,1.4794200976266438,0.04793841702667123,0.22247082981084532
2025-10-28 14:45:48.433,3.2724444866998965,1.4794990715690801,0.04722765154474473,0.22278672558059043
2025-10-28 14:45:49.459,3.272918330354514,1.4796570194539527,0.04738559942961729,0.2239713347171346
2025-10-28 14:45:50.489,3.272839356412078,1.4793411236842076,0.04825431279641634,0.22318159529277182
2025-10-28 14:45:51.517,3.272523460642333,1.4795780455115164,0.04714867760230845,0.2232605692352081
2025-10-28 14:45:52.543,3.2722075648725877,1.4784724103174085,0.050781478954377235,0.22523491779611504
2025-10-28 14:45:53.573,3.272286538815024,1.4790252279144624,0.0477014951993624,0.22262877769571787
2025-10-28 14:45:54.602,3.2724444866998965,1.3037030757059256,0.04935994799052423,0.22381338683226204
2025-10-28 14:45:55.631,3.2722075648725877,1.4791042018568987,0.048965078278342844,0.22389236077469832
2025-10-28 14:45:56.660,3.2729973042969505,1.478630358202281,0.04825431279641634,0.22452415231418854
2025-10-28 14:45:57.690,3.271970643045279,1.4791042018568987,0.04951789587539679,0.22476107414149737
2025-10-28 14:45:58.720,3.271970643045279,1.3190240205385635,0.047464573372053565,0.22460312625662482
2025-10-28 14:45:59.751,3.2723655127574602,1.4794990715690801,0.049991739530014456,0.22412928260200715
2025-10-28 14:46:00.781,3.2723655127574602,1.4801308631085703,0.0498337916451419,0.22531389173855132
2025-10-28 14:46:01.810,3.271970643045279,1.3033871799361805,0.04730662548718101,0.2232605692352081
2025-10-28 14:46:02.841,3.2718126951604063,1.3048087109000335,0.047464573372053565,0.22562978750829643
2025-10-28 14:46:03.867,3.2718916691028426,1.3029133362815628,0.04754354731448984,0.2232605692352081
2025-10-28 14:46:04.897,3.2723655127574602,1.480288810993443,0.04683278183256334,0.22333954317764437
2025-10-28 14:46:05.928,3.271970643045279,1.3037820496483619,0.0484122606812889,0.22302364740789926
2025-10-28 14:46:06.957,3.2716547472755337,1.3038610235907981,0.05022866135732329,0.22507696991124249
2025-10-28 14:46:07.982,3.2715757733330975,1.3037030757059256,0.04904405222077912,0.22389236077469832
2025-10-28 14:46:09.009,3.2715757733330975,1.303229232051308,0.04730662548718101,0.22262877769571787
2025-10-28 14:46:10.035,3.271417825448225,1.4794200976266438,0.04691175577499962,0.2228656995230267
2025-10-28 14:46:11.063,3.271970643045279,1.4790252279144624,0.04762252125692612,0.22436620442931599
2025-10-28 14:46:12.088,3.2718126951604063,1.303545127821053,0.05022866135732329,0.22318159529277182
2025-10-28 14:46:13.117,3.2718916691028426,1.4787883060871536,0.04683278183256334,0.22484004808393365
2025-10-28 14:46:14.146,3.271970643045279,1.3038610235907981,0.0498337916451419,0.22365543894738948
2025-10-28 14:46:15.177,3.2718916691028426,1.3033082059937442,0.050070713472450734,0.22302364740789926
2025-10-28 14:46:16.206,3.2716547472755337,1.3036241017634893,0.05093942683924979,0.22294467346546298
2025-10-28 14:46:17.237,3.2715757733330975,1.3043348672454158,0.050070713472450734,0.2228656995230267
2025-10-28 14:46:18.264,3.2718916691028426,1.3040189714756707,0.04833328673885262,0.22318159529277182
2025-10-28 14:46:19.290,3.2715757733330975,1.4794990715690801,0.04762252125692612,0.22207596009866393
2025-10-28 14:46:20.319,3.2716547472755337,1.3038610235907981,0.047069703659872175,0.22333954317764437
2025-10-28 14:46:21.350,3.271496799390661,1.3033871799361805,0.047780469141798676,0.2225498037532816
2025-10-28 14:46:22.379,3.2712598775633523,1.4791042018568987,0.047859443084234954,0.22341851712008065
2025-10-28 14:46:23.408,3.2715757733330975,1.3042558933029795,0.04754354731448984,0.22484004808393365
2025-10-28 14:46:24.436,3.271417825448225,1.4791042018568987,0.0477014951993624,0.2221549340411002
2025-10-28 14:46:25.465,3.2715757733330975,1.4795780455115164,0.0477014951993624,0.22381338683226204
2025-10-28 14:46:26.496,3.271496799390661,1.303545127821053,0.047780469141798676,0.2228656995230267
2025-10-28 14:46:27.527,3.2716547472755337,1.480051889166134,0.04833328673885262,0.22318159529277182
2025-10-28 14:46:28.557,3.2715757733330975,1.3033871799361805,0.04683278183256334,0.22341851712008065
2025-10-28 14:46:29.585,3.2712598775633523,1.4798149673388252,0.04754354731448984,0.22310262135033554
2025-10-28 14:46:30.619,3.271180903620916,1.4789462539720262,0.0469907297174359,0.2235764650049532
2025-10-28 14:46:31.649,3.2715757733330975,1.304413841187852,0.04691175577499962,0.22239185586840904
2025-10-28 14:46:32.672,3.271496799390661,1.4789462539720262,0.050386609242195846,0.22412928260200715
2025-10-28 14:46:33.705,3.2715757733330975,1.47886728002959,0.0477014951993624,0.225787735393169
2025-10-28 14:46:34.733,3.2716547472755337,1.3033082059937442,0.04849123462372518,0.2232605692352081
2025-10-28 14:46:35.761,3.271496799390661,1.4790252279144624,0.048965078278342844,0.22484004808393365
2025-10-28 14:46:36.786,3.271496799390661,1.3037030757059256,0.04730662548718101,0.22405030865957087
2025-10-28 14:46:37.814,3.2716547472755337,1.4784724103174085,0.04793841702667123,0.2221549340411002
2025-10-28 14:46:38.840,3.27110192967848,1.479735993396389,0.0477014951993624,0.2242872304868797
2025-10-28 14:46:39.866,3.2712598775633523,1.3044928151302884,0.04730662548718101,0.22436620442931599
2025-10-28 14:46:40.892,3.2713388515057886,1.4793411236842076,0.047859443084234954,0.22294467346546298
2025-10-28 14:46:41.922,3.27110192967848,1.3037820496483619,0.04872815645103401,0.22365543894738948
2025-10-28 14:46:42.949,3.271417825448225,1.478630358202281,0.04935994799052423,0.22262877769571787
2025-10-28 14:46:43.974,3.2712598775633523,1.4792621497417713,0.04801739096910751,0.22333954317764437
2025-10-28 14:46:44.998,3.271180903620916,1.4787093321447173,0.04904405222077912,0.22460312625662482
2025-10-28 14:46:46.022,3.27173372121797,1.4795780455115164,0.04730662548718101,0.22318159529277182
2025-10-28 14:46:47.048,3.270865007851171,1.4795780455115164,0.047859443084234954,0.22341851712008065
2025-10-28 14:46:48.074,3.270865007851171,1.4794200976266438,0.04833328673885262,0.22349749106251693
2025-10-28 14:46:49.100,3.270628086023862,1.4804467588783154,0.04801739096910751,0.22452415231418854
2025-10-28 14:46:50.127,3.2707860339087347,1.47886728002959,0.047780469141798676,0.22389236077469832
2025-10-28 14:46:51.155,3.2707860339087347,1.4614140387511725,0.048175338853980065,0.2221549340411002
2025-10-28 14:46:52.183,3.2707070599662984,1.4779985666627908,0.04762252125692612,0.22626157904778665
2025-10-28 14:46:53.210,3.2707860339087347,1.4795780455115164,0.048886104335906566,0.2232605692352081
2025-10-28 14:46:54.237,3.270628086023862,1.4794990715690801,0.047780469141798676,0.22310262135033554
2025-10-28 14:46:55.261,3.2709439817936072,1.478630358202281,0.04793841702667123,0.22420825654444343
2025-10-28 14:46:56.288,3.2709439817936072,1.4789462539720262,0.05062353106950468,0.22310262135033554
2025-10-28 14:46:57.315,3.271180903620916,1.4798149673388252,0.0498337916451419,0.22191801221379137
2025-10-28 14:46:58.342,3.270312190254117,1.479735993396389,0.04849123462372518,0.22310262135033554
2025-10-28 14:46:59.368,3.270865007851171,1.4780775406052271,0.04762252125692612,0.2246821001990611
2025-10-28 14:47:00.395,3.2707070599662984,1.47886728002959,0.04825431279641634,0.22168109038648254
2025-10-28 14:47:01.424,3.2703911641965533,1.479183175799335,0.04849123462372518,0.2249979959688062
2025-10-28 14:47:02.448,3.270628086023862,1.4792621497417713,0.04809636491154379,0.22294467346546298
2025-10-28 14:47:03.473,3.2703911641965533,1.4798149673388252,0.0469907297174359,0.22207596009866393
2025-10-28 14:47:04.501,3.270865007851171,1.4798149673388252,0.050070713472450734,0.22349749106251693
2025-10-28 14:47:05.527,3.2702332163116807,1.4801308631085703,0.04722765154474473,0.22302364740789926
2025-10-28 14:47:06.552,3.2704701381389896,1.47886728002959,0.047069703659872175,0.2228656995230267
2025-10-28 14:47:07.580,3.2703911641965533,1.4794990715690801,0.046753807890127064,0.22405030865957087
2025-10-28 14:47:08.609,3.2703911641965533,1.4801308631085703,0.04754354731448984,0.2228656995230267
2025-10-28 14:47:09.637,3.270628086023862,1.4796570194539527,0.04801739096910751,0.22294467346546298
2025-10-28 14:47:10.665,3.2707860339087347,1.479183175799335,0.04880713039347029,0.22460312625662482
2025-10-28 14:47:11.692,3.270628086023862,1.4789462539720262,0.0469907297174359,0.22333954317764437
2025-10-28 14:47:12.721,3.270628086023862,1.4785513842598448,0.047780469141798676,0.22436620442931599
2025-10-28 14:47:13.748,3.2709439817936072,1.479183175799335,0.04722765154474473,0.22294467346546298
2025-10-28 14:47:14.775,3.269996294484372,1.4789462539720262,0.046753807890127064,0.22436620442931599
2025-10-28 14:47:15.802,3.270312190254117,1.47886728002959,0.04825431279641634,0.22365543894738948
2025-10-28 14:47:16.830,3.2699173205419356,1.4794200976266438,0.047464573372053565,0.2246821001990611
2025-10-28 14:47:17.856,3.2703911641965533,1.4793411236842076,0.04880713039347029,0.22231288192597276
2025-10-28 14:47:18.882,3.270075268426808,1.4787883060871536,0.04825431279641634,0.22333954317764437
2025-10-28 14:47:19.908,3.270549112081426,1.4789462539720262,0.05086045289681351,0.2232605692352081
2025-10-28 14:47:20.937,3.2702332163116807,1.4785513842598448,0.048570208566161455,0.22405030865957087
2025-10-28 14:47:21.963,3.2699173205419356,1.479183175799335,0.04793841702667123,0.22436620442931599
2025-10-28 14:47:22.989,3.2696014247721905,1.4798149673388252,0.04825431279641634,0.22270775163815415
2025-10-28 14:47:24.015,3.2702332163116807,1.4792621497417713,0.04991276558757818,0.2228656995230267
2025-10-28 14:47:25.041,3.2701542423692445,1.4796570194539527,0.0484122606812889,0.22333954317764437
2025-10-28 14:47:26.067,3.2698383465994993,1.4796570194539527,0.048570208566161455,0.22381338683226204
2025-10-28 14:47:27.092,3.2701542423692445,1.4794200976266438,0.04825431279641634,0.22341851712008065
2025-10-28 14:47:28.117,3.2695224508297542,1.479735993396389,0.04880713039347029,0.22207596009866393
2025-10-28 14:47:29.144,3.269680398714627,1.479183175799335,0.0505445571270684,0.22436620442931599
2025-10-28 14:47:30.170,3.2695224508297542,1.3037820496483619,0.048175338853980065,0.22262877769571787
2025-10-28 14:47:31.195,3.269996294484372,1.4791042018568987,0.04691175577499962,0.22231288192597276
2025-10-28 14:47:32.221,3.2698383465994993,1.3043348672454158,0.047859443084234954,0.2235764650049532
2025-10-28 14:47:33.246,3.269759372657063,1.4792621497417713,0.04809636491154379,0.22365543894738948
2025-10-28 14:47:34.271,3.2695224508297542,1.479183175799335,0.0491230261632154,0.22199698615622765
2025-10-28 14:47:35.298,3.2702332163116807,1.478630358202281,0.04722765154474473,0.22223390798353648
2025-10-28 14:47:36.329,3.269443476887318,1.4796570194539527,0.04920200010565168,0.22341851712008065
2025-10-28 14:47:37.361,3.269759372657063,1.4794990715690801,0.046674833947690786,0.22365543894738948
2025-10-28 14:47:38.388,3.2699173205419356,1.3030712841664354,0.05062353106950468,0.22349749106251693
2025-10-28 14:47:39.418,3.269206555060009,1.4794200976266438,0.046753807890127064,0.22349749106251693
2025-10-28 14:47:40.448,3.2696014247721905,1.4798939412812615,0.04849123462372518,0.22310262135033554
2025-10-28 14:47:41.475,3.269996294484372,1.4802098370510066,0.04714867760230845,0.22168109038648254
2025-10-28 14:47:42.506,3.269996294484372,1.3033871799361805,0.048965078278342844,0.22476107414149737
2025-10-28 14:47:43.536,3.2695224508297542,1.4793411236842076,0.04920200010565168,0.2214441685591737
2025-10-28 14:47:44.566,3.2695224508297542,1.4793411236842076,0.04959686981783307,0.22294467346546298
2025-10-28 14:47:45.592,3.269443476887318,1.3038610235907981,0.04801739096910751,0.2221549340411002
2025-10-28 14:47:46.621,3.269443476887318,1.4779985666627908,0.04754354731448984,0.22341851712008065
2025-10-28 14:47:47.647,3.269206555060009,1.4798149673388252,0.05046558318463212,0.2232605692352081
2025-10-28 14:47:48.678,3.2693645029448817,1.4794200976266438,0.047859443084234954,0.2228656995230267
2025-10-28 14:47:49.709,3.2695224508297542,1.4787093321447173,0.0469907297174359,0.2225498037532816
2025-10-28 14:47:50.737,3.269443476887318,1.303229232051308,0.04849123462372518,0.2242872304868797
2025-10-28 14:47:51.764,3.269206555060009,1.4448295108395541,0.048175338853980065,0.22405030865957087
2025-10-28 14:47:52.789,3.2695224508297542,1.4593607162478293,0.04833328673885262,0.22341851712008065
2025-10-28 14:47:53.818,3.269127581117573,1.325973727472956,0.04738559942961729,0.22294467346546298
2025-10-28 14:47:54.843,3.2693645029448817,1.4789462539720262,0.048570208566161455,0.2239713347171346
2025-10-28 14:47:55.872,3.269127581117573,1.304097945418107,0.04730662548718101,0.22302364740789926
2025-10-28 14:47:56.904,3.2695224508297542,1.4792621497417713,0.04825431279641634,0.22405030865957087
2025-10-28 14:47:57.927,3.2690486071751366,1.4801308631085703,0.04754354731448984,0.22389236077469832
2025-10-28 14:47:58.955,3.2692855290024454,1.3043348672454158,0.047069703659872175,0.22302364740789926
2025-10-28 14:47:59.984,3.2689696332327003,1.3550361382895062,0.048570208566161455,0.22389236077469832
2025-10-28 14:48:01.010,3.2690486071751366,1.304097945418107,0.04872815645103401,0.22278672558059043
2025-10-28 14:48:02.036,3.2690486071751366,1.4795780455115164,0.047464573372053565,0.22247082981084532
2025-10-28 14:48:03.060,3.269127581117573,1.4794200976266438,0.04809636491154379,0.22239185586840904
2025-10-28 14:48:04.083,3.269206555060009,1.3037820496483619,0.0484122606812889,0.22515594385367876
2025-10-28 14:48:05.106,3.2688116853478277,1.4782354884900997,0.04872815645103401,0.22310262135033554
2025-10-28 14:48:06.130,3.2684168156356463,1.3038610235907981,0.04738559942961729,0.22262877769571787
2025-10-28 14:48:07.153,3.268890659290264,1.4766560096413741,0.0484122606812889,0.22476107414149737
2025-10-28 14:48:08.176,3.2689696332327003,1.4796570194539527,0.048175338853980065,0.22262877769571787
2025-10-28 14:48:09.200,3.2689696332327003,1.3044928151302884,0.046753807890127064,0.22294467346546298
2025-10-28 14:48:10.223,3.2687327114053915,1.302992310223999,0.050386609242195846,0.2235764650049532
2025-10-28 14:48:11.246,3.268653737462955,1.303229232051308,0.04864918250859773,0.22547183962342388
2025-10-28 14:48:12.270,3.269127581117573,1.3037030757059256,0.047859443084234954,0.22302364740789926
2025-10-28 14:48:13.296,3.269206555060009,1.3043348672454158,0.047780469141798676,0.22310262135033554
2025-10-28 14:48:14.321,3.268890659290264,1.4792621497417713,0.0491230261632154,0.22270775163815415
2025-10-28 14:48:15.348,3.2687327114053915,1.479183175799335,0.04864918250859773,0.22365543894738948
2025-10-28 14:48:16.371,3.2690486071751366,1.3047297369575972,0.05014968741488701,0.2249979959688062
2025-10-28 14:48:17.395,3.2687327114053915,1.4793411236842076,0.04920200010565168,0.22460312625662482
2025-10-28 14:48:18.420,3.2692855290024454,1.304097945418107,0.046753807890127064,0.2218390382713551
2025-10-28 14:48:19.443,3.2687327114053915,1.4784724103174085,0.0469907297174359,0.22373441288982576
2025-10-28 14:48:20.466,3.2684957895780826,1.4798149673388252,0.04825431279641634,0.22389236077469832
2025-10-28 14:48:21.493,3.2688116853478277,1.480051889166134,0.04833328673885262,0.22381338683226204
2025-10-28 14:48:22.520,3.2690486071751366,1.4804467588783154,0.04691175577499962,0.22191801221379137
2025-10-28 14:48:23.543,3.2684957895780826,1.479735993396389,0.04714867760230845,0.22476107414149737
2025-10-28 14:48:24.567,3.26833784169321,1.3041769193605433,0.04833328673885262,0.22444517837175226
2025-10-28 14:48:25.594,3.268574763520519,1.3031502581088716,0.04714867760230845,0.22444517837175226
2025-10-28 14:48:26.622,3.2684957895780826,1.3042558933029795,0.04691175577499962,0.2242872304868797
2025-10-28 14:48:27.653,3.268574763520519,1.303229232051308,0.04793841702667123,0.22270775163815415
2025-10-28 14:48:28.683,3.268574763520519,1.4796570194539527,0.0484122606812889,0.22444517837175226
2025-10-28 14:48:29.709,3.268258867750774,1.479183175799335,0.04793841702667123,0.22373441288982576
2025-10-28 14:48:30.734,3.268653737462955,1.3034661538786168,0.04793841702667123,0.2235764650049532
2025-10-28 14:48:31.767,3.268574763520519,1.3040189714756707,0.04754354731448984,0.22436620442931599
2025-10-28 14:48:32.793,3.268890659290264,1.4793411236842076,0.04714867760230845,0.22460312625662482
2025-10-28 14:48:33.822,3.2681798938083375,1.4796570194539527,0.0484122606812889,0.22626157904778665
2025-10-28 14:48:34.853,3.26833784169321,1.3171286459200928,0.04714867760230845,0.22270775163815415
2025-10-28 14:48:35.883,3.268258867750774,1.478630358202281,0.04801739096910751,0.2235764650049532
2025-10-28 14:48:36.908,3.2681798938083375,1.3036241017634893,0.049280974048087955,0.22586670933560526
2025-10-28 14:48:37.932,3.268021945923465,1.302676414454254,0.04959686981783307,0.22223390798353648
2025-10-28 14:48:38.964,3.26833784169321,1.3031502581088716,0.04825431279641634,0.22349749106251693
2025-10-28 14:48:39.994,3.26833784169321,1.4796570194539527,0.04825431279641634,0.2228656995230267
2025-10-28 14:48:41.022,3.26833784169321,1.3037030757059256,0.05022866135732329,0.2249979959688062
2025-10-28 14:48:42.048,3.268021945923465,1.4790252279144624,0.04762252125692612,0.22341851712008065
2025-10-28 14:48:43.075,3.267785024096156,1.3034661538786168,0.04793841702667123,0.22262877769571787
2025-10-28 14:48:44.104,3.268021945923465,1.3039399975332344,0.047069703659872175,0.2232605692352081
2025-10-28 14:48:45.130,3.26770605015372,1.3033082059937442,0.048570208566161455,0.22270775163815415
2025-10-28 14:48:46.160,3.267785024096156,1.4794200976266438,0.04691175577499962,0.2221549340411002
2025-10-28 14:48:47.188,3.267785024096156,1.3170496719776565,0.04849123462372518,0.2235764650049532
2025-10-28 14:48:48.215,3.2681009198659012,1.303545127821053,0.04935994799052423,0.22262877769571787
2025-10-28 14:48:49.245,3.2673901543839747,1.3033871799361805,0.04754354731448984,0.22452415231418854
2025-10-28 14:48:50.273,3.267785024096156,1.3042558933029795,0.0491230261632154,0.22207596009866393
2025-10-28 14:48:51.304,3.2676270762112836,1.3039399975332344,0.04975481770270562,0.22373441288982576
2025-10-28 14:48:52.335,3.2676270762112836,1.303229232051308,0.048175338853980065,0.22341851712008065
2025-10-28 14:48:53.364,3.2678639980385924,1.3030712841664354,0.04754354731448984,0.22349749106251693
2025-10-28 14:48:54.394,3.26770605015372,1.3038610235907981,0.048175338853980065,0.2225498037532816
2025-10-28 14:48:55.425,3.267153232556666,1.3038610235907981,0.04872815645103401,0.2239713347171346
2025-10-28 14:48:56.454,3.2675481022688473,1.3044928151302884,0.047069703659872175,0.22365543894738948
2025-10-28 14:48:57.479,3.267785024096156,1.3033871799361805,0.04651688606281823,0.2225498037532816
2025-10-28 14:48:58.507,3.267153232556666,1.479735993396389,0.049991739530014456,0.22349749106251693
2025-10-28 14:48:59.538,3.26770605015372,1.3037820496483619,0.04683278183256334,0.22278672558059043
2025-10-28 14:49:00.568,3.2675481022688473,1.3040189714756707,0.04730662548718101,0.22420825654444343
2025-10-28 14:49:01.593,3.268021945923465,1.3043348672454158,0.0484122606812889,0.2232605692352081
2025-10-28 14:49:02.621,3.266916310729357,1.3039399975332344,0.05022866135732329,0.22349749106251693
2025-10-28 14:49:03.651,3.2670742586142296,1.4792621497417713,0.04722765154474473,0.2232605692352081
2025-10-28 14:49:04.682,3.2669952846717933,1.3037820496483619,0.04738559942961729,0.2235764650049532
2025-10-28 14:49:05.708,3.2675481022688473,1.3037820496483619,0.04762252125692612,0.22389236077469832
2025-10-28 14:49:06.736,3.267153232556666,1.3039399975332344,0.04738559942961729,0.22294467346546298
2025-10-28 14:49:07.765,3.267785024096156,1.303545127821053,0.04864918250859773,0.22381338683226204
2025-10-28 14:49:08.792,3.2673111804415385,1.3040189714756707,0.04991276558757818,0.22333954317764437
2025-10-28 14:49:09.817,3.267469128326411,1.3039399975332344,0.046753807890127064,0.22247082981084532
2025-10-28 14:49:10.845,3.2673901543839747,1.4789462539720262,0.04714867760230845,0.22389236077469832
2025-10-28 14:49:11.870,3.267153232556666,1.3037820496483619,0.048965078278342844,0.2225498037532816
2025-10-28 14:49:12.896,3.2673111804415385,1.3033082059937442,0.05046558318463212,0.22405030865957087
2025-10-28 14:49:13.922,3.267153232556666,1.304097945418107,0.048965078278342844,0.22270775163815415
2025-10-28 14:49:14.953,3.267153232556666,1.3037820496483619,0.047780469141798676,0.22223390798353648
2025-10-28 14:49:15.982,3.267469128326411,1.3037030757059256,0.04659586000525451,0.22491902202636993
2025-10-28 14:49:17.013,3.2670742586142296,1.3033871799361805,0.04951789587539679,0.22294467346546298
2025-10-28 14:49:18.038,3.267232206499102,1.3030712841664354,0.04959686981783307,0.2242872304868797
2025-10-28 14:49:19.062,3.2673111804415385,1.3037030757059256,0.04793841702667123,0.2221549340411002
2025-10-28 14:49:20.088,3.2670742586142296,1.3047297369575972,0.04904405222077912,0.2239713347171346
2025-10-28 14:49:21.115,3.2669952846717933,1.3036241017634893,0.047780469141798676,0.22247082981084532
2025-10-28 14:49:22.145,3.266837336786921,1.3038610235907981,0.04793841702667123,0.22365543894738948
2025-10-28 14:49:23.171,3.266916310729357,1.3041769193605433,0.05030763529975957,0.22373441288982576
2025-10-28 14:49:24.202,3.2665214410171757,1.303545127821053,0.04659586000525451,0.22302364740789926
2025-10-28 14:49:25.229,3.2667583628444845,1.304413841187852,0.04864918250859773,0.2246821001990611
2025-10-28 14:49:26.254,3.266363493132303,1.3036241017634893,0.04722765154474473,0.2228656995230267
2025-10-28 14:49:27.284,3.266600414959612,1.3042558933029795,0.04691175577499962,0.2242872304868797
2025-10-28 14:49:28.315,3.266600414959612,1.4684427196280012,0.04730662548718101,0.22484004808393365
2025-10-28 14:49:29.337,3.2665214410171757,1.3040189714756707,0.0469907297174359,0.22231288192597276
2025-10-28 14:49:30.367,3.2666793889020482,1.303545127821053,0.048965078278342844,0.22365543894738948
2025-10-28 14:49:31.397,3.266363493132303,1.304097945418107,0.04809636491154379,0.22412928260200715
2025-10-28 14:49:32.427,3.2665214410171757,1.3033871799361805,0.04833328673885262,0.22444517837175226
2025-10-28 14:49:33.454,3.266284519189867,1.3038610235907981,0.04872815645103401,0.22278672558059043
2025-10-28 14:49:34.482,3.266047597362558,1.304650763015161,0.05022866135732329,0.22310262135033554
2025-10-28 14:49:35.505,3.266284519189867,1.304413841187852,0.04722765154474473,0.22349749106251693
2025-10-28 14:49:36.537,3.2662055452474306,1.3038610235907981,0.046674833947690786,0.2235764650049532
2025-10-28 14:49:37.566,3.2666793889020482,1.3037820496483619,0.04801739096910751,0.22562978750829643
2025-10-28 14:49:38.594,3.266363493132303,1.3043348672454158,0.04880713039347029,0.22278672558059043
2025-10-28 14:49:39.623,3.266600414959612,1.3036241017634893,0.0469907297174359,0.22389236077469832
2025-10-28 14:49:40.647,3.266363493132303,1.3042558933029795,0.04864918250859773,0.2235764650049532
2025-10-28 14:49:41.677,3.266047597362558,1.3042558933029795,0.0484122606812889,0.22278672558059043
2025-10-28 14:49:42.709,3.266600414959612,1.3040189714756707,0.05086045289681351,0.22373441288982576
2025-10-28 14:49:43.736,3.266363493132303,1.4798939412812615,0.04691175577499962,0.2221549340411002
2025-10-28 14:49:44.767,3.265810675535249,1.3033871799361805,0.047464573372053565,0.22476107414149737
2025-10-28 14:49:45.794,3.2658896494776855,1.303545127821053,0.04849123462372518,0.2242872304868797
2025-10-28 14:49:46.820,3.266047597362558,1.3036241017634893,0.04762252125692612,0.22168109038648254
2025-10-28 14:49:47.849,3.266284519189867,1.3039399975332344,0.047859443084234954,0.22247082981084532
2025-10-28 14:49:48.880,3.265731701592813,1.3041769193605433,0.04714867760230845,0.22239185586840904
2025-10-28 14:49:49.906,3.2658896494776855,1.3036241017634893,0.04738559942961729,0.22420825654444343
2025-10-28 14:49:50.929,3.266047597362558,1.3034661538786168,0.04864918250859773,0.2239713347171346
2025-10-28 14:49:51.958,3.265731701592813,1.3041769193605433,0.047780469141798676,0.22191801221379137
2025-10-28 14:49:52.980,3.2658896494776855,1.3043348672454158,0.04825431279641634,0.22381338683226204
2025-10-28 14:49:54.011,3.266363493132303,1.3031502581088716,0.04809636491154379,0.2242872304868797
2025-10-28 14:49:55.041,3.265415805823068,1.3040189714756707,0.048175338853980065,0.22199698615622765
2025-10-28 14:49:56.071,3.2656527276503766,1.3040189714756707,0.04880713039347029,0.22405030865957087
2025-10-28 14:49:57.098,3.2659686234201217,1.3036241017634893,0.0469907297174359,0.2249979959688062
2025-10-28 14:49:58.125,3.265494779765504,1.3040189714756707,0.04659586000525451,0.22318159529277182
2025-10-28 14:49:59.151,3.2656527276503766,1.3043348672454158,0.04754354731448984,0.22333954317764437
2025-10-28 14:50:00.177,3.2659686234201217,1.3030712841664354,0.04825431279641634,0.22262877769571787
2025-10-28 14:50:01.206,3.2656527276503766,1.3037030757059256,0.04714867760230845,0.22373441288982576
2025-10-28 14:50:02.235,3.265810675535249,1.303229232051308,0.048965078278342844,0.2225498037532816
2025-10-28 14:50:03.261,3.2658896494776855,1.3028343623391265,0.046753807890127064,0.22294467346546298
2025-10-28 14:50:04.287,3.265494779765504,1.3042558933029795,0.048570208566161455,0.22341851712008065
2025-10-28 14:50:05.317,3.2661265713049943,1.3034661538786168,0.047464573372053565,0.22247082981084532
2025-10-28 14:50:06.343,3.2659686234201217,1.3036241017634893,0.047464573372053565,0.2225498037532816
2025-10-28 14:50:07.369,3.2658896494776855,1.3038610235907981,0.04754354731448984,0.22302364740789926
2025-10-28 14:50:08.395,3.2656527276503766,1.3040189714756707,0.048886104335906566,0.2242872304868797
2025-10-28 14:50:09.422,3.2655737537079403,1.3037820496483619,0.04943892193296051,0.22239185586840904
2025-10-28 14:50:10.450,3.265415805823068,1.3034661538786168,0.05046558318463212,0.22381338683226204
2025-10-28 14:50:11.479,3.265415805823068,1.304097945418107,0.04825431279641634,0.22247082981084532
2025-10-28 14:50:12.507,3.265494779765504,1.4772878011808643,0.04738559942961729,0.2253928656809876
2025-10-28 14:50:13.535,3.2656527276503766,1.3033871799361805,0.04730662548718101,0.22191801221379137
2025-10-28 14:50:14.563,3.265415805823068,1.3039399975332344,0.04730662548718101,0.22176006432891882
2025-10-28 14:50:15.592,3.2653368318806315,1.3037030757059256,0.04951789587539679,0.22310262135033554
2025-10-28 14:50:16.620,3.265415805823068,1.3034661538786168,0.04864918250859773,0.2225498037532816
2025-10-28 14:50:17.646,3.2658896494776855,1.3038610235907981,0.0469907297174359,0.22420825654444343
2025-10-28 14:50:18.674,3.2658896494776855,1.303545127821053,0.04722765154474473,0.22333954317764437
2025-10-28 14:50:19.701,3.2653368318806315,1.3044928151302884,0.04714867760230845,0.22278672558059043
2025-10-28 14:50:20.727,3.265178883995759,1.3039399975332344,0.04825431279641634,0.22420825654444343
2025-10-28 14:50:21.753,3.2653368318806315,1.3037820496483619,0.04991276558757818,0.2235764650049532
2025-10-28 14:50:22.780,3.265178883995759,1.3036241017634893,0.04714867760230845,0.22231288192597276
2025-10-28 14:50:23.805,3.2650209361108864,1.3028343623391265,0.046753807890127064,0.22405030865957087
2025-10-28 14:50:24.832,3.2650209361108864,1.303229232051308,0.050070713472450734,0.22389236077469832
2025-10-28 14:50:25.859,3.2652578579381952,1.3038610235907981,0.04722765154474473,0.22223390798353648
2025-10-28 14:50:26.887,3.2647840142835776,1.3043348672454158,0.04738559942961729,0.22341851712008065
2025-10-28 14:50:27.913,3.265178883995759,1.303229232051308,0.05093942683924979,0.22262877769571787
2025-10-28 14:50:28.939,3.2650999100533227,1.3038610235907981,0.0498337916451419,0.22341851712008065
2025-10-28 14:50:29.971,3.26494196216845,1.3027553883966903,0.04809636491154379,0.2239713347171346
2025-10-28 14:50:30.999,3.2655737537079403,1.3034661538786168,0.04722765154474473,0.22199698615622765
2025-10-28 14:50:32.025,3.2650999100533227,1.3037820496483619,0.049675843760269345,0.2221549340411002
2025-10-28 14:50:33.051,3.264626066398705,1.3036241017634893,0.04872815645103401,0.2246821001990611
2025-10-28 14:50:34.079,3.265178883995759,1.3037030757059256,0.04714867760230845,0.22262877769571787
2025-10-28 14:50:35.103,3.2650209361108864,1.3040189714756707,0.04904405222077912,0.22231288192597276
2025-10-28 14:50:36.128,3.2650209361108864,1.3037030757059256,0.048570208566161455,0.22460312625662482
2025-10-28 14:50:37.156,3.26494196216845,1.303545127821053,0.04722765154474473,0.22262877769571787
2025-10-28 14:50:38.187,3.2653368318806315,1.3039399975332344,0.04825431279641634,0.2239713347171346
2025-10-28 14:50:39.217,3.26494196216845,1.3036241017634893,0.0484122606812889,0.22262877769571787
2025-10-28 14:50:40.247,3.264862988226014,1.3039399975332344,0.04762252125692612,0.22381338683226204
2025-10-28 14:50:41.278,3.2647840142835776,1.3044928151302884,0.04801739096910751,0.22223390798353648
2025-10-28 14:50:42.309,3.2644681185138325,1.3041769193605433,0.047780469141798676,0.22278672558059043
2025-10-28 14:50:43.339,3.2645470924562687,1.3039399975332344,0.04738559942961729,0.22207596009866393
2025-10-28 14:50:44.367,3.264862988226014,1.3043348672454158,0.05070250501194096,0.22318159529277182
2025-10-28 14:50:45.394,3.2644681185138325,1.3045717890727246,0.05062353106950468,0.2225498037532816
2025-10-28 14:50:46.423,3.264862988226014,1.3038610235907981,0.04762252125692612,0.22310262135033554
2025-10-28 14:50:47.451,3.265178883995759,1.3039399975332344,0.05046558318463212,0.22349749106251693
2025-10-28 14:50:48.479,3.2647050403411413,1.303229232051308,0.04793841702667123,0.22278672558059043
2025-10-28 14:50:49.509,3.2650209361108864,1.3029133362815628,0.04951789587539679,0.2253928656809876
2025-10-28 14:50:50.535,3.264389144571396,1.302992310223999,0.048175338853980065,0.22318159529277182
2025-10-28 14:50:51.560,3.2641522227440873,1.304097945418107,0.04793841702667123,0.22262877769571787
2025-10-28 14:50:52.587,3.2647050403411413,1.3043348672454158,0.0469907297174359,0.2261036311629141
2025-10-28 14:50:53.615,3.2644681185138325,1.304097945418107,0.04975481770270562,0.22341851712008065
2025-10-28 14:50:54.641,3.2644681185138325,1.3041769193605433,0.048175338853980065,0.22231288192597276
2025-10-28 14:50:55.669,3.2644681185138325,1.3030712841664354,0.04872815645103401,0.22460312625662482
2025-10-28 14:50:56.696,3.26494196216845,1.303545127821053,0.04849123462372518,0.22231288192597276
2025-10-28 14:50:57.725,3.2642311966865236,1.303229232051308,0.0477014951993624,0.22262877769571787
2025-10-28 14:50:58.754,3.2645470924562687,1.3034661538786168,0.04920200010565168,0.22436620442931599
2025-10-28 14:50:59.780,3.2644681185138325,1.3038610235907981,0.050386609242195846,0.2232605692352081
2025-10-28 14:51:00.806,3.26431017062896,1.3037030757059256,0.0477014951993624,0.22491902202636993
2025-10-28 14:51:01.833,3.2647050403411413,1.3037030757059256,0.047464573372053565,0.22333954317764437
2025-10-28 14:51:02.860,3.2644681185138325,1.3039399975332344,0.04683278183256334,0.22239185586840904
2025-10-28 14:51:03.889,3.26431017062896,1.303229232051308,0.047859443084234954,0.2249979959688062
2025-10-28 14:51:04.915,3.2642311966865236,1.3039399975332344,0.04730662548718101,0.22247082981084532
2025-10-28 14:51:05.941,3.264389144571396,1.3036241017634893,0.048175338853980065,0.22168109038648254
2025-10-28 14:51:06.969,3.2645470924562687,1.3031502581088716,0.04738559942961729,0.22318159529277182
2025-10-28 14:51:07.993,3.2645470924562687,1.3048876848424698,0.04825431279641634,0.2225498037532816
2025-10-28 14:51:09.021,3.264389144571396,1.304097945418107,0.04951789587539679,0.22199698615622765
2025-10-28 14:51:10.048,3.2642311966865236,1.3033871799361805,0.047780469141798676,0.22349749106251693
2025-10-28 14:51:11.076,3.264626066398705,1.303229232051308,0.048886104335906566,0.22247082981084532
2025-10-28 14:51:12.104,3.2641522227440873,1.3041769193605433,0.04935994799052423,0.22349749106251693
2025-10-28 14:51:13.134,3.2647840142835776,1.3037030757059256,0.04951789587539679,0.22381338683226204
2025-10-28 14:51:14.161,3.263994274859215,1.3040189714756707,0.04793841702667123,0.22412928260200715
2025-10-28 14:51:15.188,3.264389144571396,1.3044928151302884,0.04691175577499962,0.22373441288982576
2025-10-28 14:51:16.214,3.2647050403411413,1.304097945418107,0.04991276558757818,0.22436620442931599
2025-10-28 14:51:17.241,3.26431017062896,1.3039399975332344,0.04849123462372518,0.22349749106251693
2025-10-28 14:51:18.269,3.264073248801651,1.303545127821053,0.0469907297174359,0.22333954317764437
2025-10-28 14:51:19.297,3.263994274859215,1.3037030757059256,0.04722765154474473,0.2228656995230267
2025-10-28 14:51:20.326,3.263994274859215,1.3029133362815628,0.04762252125692612,0.22515594385367876
2025-10-28 14:51:21.352,3.264073248801651,1.3043348672454158,0.04904405222077912,0.22294467346546298
2025-10-28 14:51:22.378,3.2642311966865236,1.3027553883966903,0.04920200010565168,0.22270775163815415
2025-10-28 14:51:23.404,3.2642311966865236,1.3040189714756707,0.048570208566161455,0.22191801221379137
2025-10-28 14:51:24.427,3.2635994051470334,1.3030712841664354,0.05022866135732329,0.22294467346546298
2025-10-28 14:51:25.450,3.2636783790894697,1.3036241017634893,0.04730662548718101,0.22412928260200715
2025-10-28 14:51:26.473,3.2642311966865236,1.3043348672454158,0.04754354731448984,0.22436620442931599
2025-10-28 14:51:27.496,3.2639153009167785,1.3037820496483619,0.04975481770270562,0.22223390798353648
2025-10-28 14:51:28.518,3.263757353031906,1.3031502581088716,0.048570208566161455,0.22444517837175226
2025-10-28 14:51:29.541,3.2638363269743422,1.3038610235907981,0.04754354731448984,0.22270775163815415
2025-10-28 14:51:30.564,3.263757353031906,1.3037030757059256,0.047780469141798676,0.2242872304868797
2025-10-28 14:51:31.591,3.2632835093772883,1.3041769193605433,0.04762252125692612,0.22523491779611504
2025-10-28 14:51:32.616,3.2638363269743422,1.3029133362815628,0.0484122606812889,0.22349749106251693
2025-10-28 14:51:33.643,3.263994274859215,1.3041769193605433,0.0477014951993624,0.2218390382713551
2025-10-28 14:51:34.666,3.263757353031906,1.3037030757059256,0.05030763529975957,0.22168109038648254
2025-10-28 14:51:35.691,3.2632835093772883,1.3033082059937442,0.04762252125692612,0.22452415231418854
2025-10-28 14:51:36.722,3.263757353031906,1.3042558933029795,0.05046558318463212,0.22247082981084532
2025-10-28 14:51:37.746,3.2633624833197246,1.3033082059937442,0.0477014951993624,0.2228656995230267
2025-10-28 14:51:38.775,3.263520431204597,1.304097945418107,0.05093942683924979,0.22349749106251693
2025-10-28 14:51:39.798,3.2636783790894697,1.303545127821053,0.04801739096910751,0.22349749106251693
2025-10-28 14:51:40.821,3.263520431204597,1.3040189714756707,0.047859443084234954,0.22239185586840904
2025-10-28 14:51:41.845,3.2635994051470334,1.304650763015161,0.04722765154474473,0.22262877769571787
2025-10-28 14:51:42.867,3.2632835093772883,1.3036241017634893,0.047859443084234954,0.22262877769571787
2025-10-28 14:51:43.891,3.2638363269743422,1.3040189714756707,0.05030763529975957,0.2239713347171346
2025-10-28 14:51:44.920,3.2638363269743422,1.303545127821053,0.047464573372053565,0.22294467346546298
2025-10-28 14:51:45.947,3.263520431204597,1.304097945418107,0.04793841702667123,0.22270775163815415
2025-10-28 14:51:46.978,3.2635994051470334,1.304097945418107,0.05062353106950468,0.22381338683226204
2025-10-28 14:51:48.004,3.2639153009167785,1.3037820496483619,0.04920200010565168,0.22302364740789926
2025-10-28 14:51:49.030,3.263757353031906,1.3037820496483619,0.048570208566161455,0.22586670933560526
2025-10-28 14:51:50.057,3.2639153009167785,1.3030712841664354,0.048570208566161455,0.22405030865957087
2025-10-28 14:51:51.085,3.2635994051470334,1.3037820496483619,0.04801739096910751,0.22476107414149737
2025-10-28 14:51:52.115,3.2635994051470334,1.3036241017634893,0.04793841702667123,0.2228656995230267
2025-10-28 14:51:53.144,3.2633624833197246,1.303229232051308,0.04920200010565168,0.22310262135033554
2025-10-28 14:51:54.171,3.2633624833197246,1.304097945418107,0.04904405222077912,0.22310262135033554
2025-10-28 14:51:55.198,3.263441457262161,1.303229232051308,0.05070250501194096,0.2232605692352081
2025-10-28 14:51:56.225,3.263204535434852,1.3038610235907981,0.04683278183256334,0.2232605692352081
2025-10-28 14:51:57.251,3.2630465875499794,1.304413841187852,0.0477014951993624,0.22594568327804154
2025-10-28 14:51:58.277,3.262888639665107,1.3027553883966903,0.0484122606812889,0.2249979959688062
2025-10-28 14:51:59.305,3.2630465875499794,1.3034661538786168,0.047859443084234954,0.22294467346546298
2025-10-28 14:52:00.330,3.262651717837798,1.3037820496483619,0.0505445571270684,0.22349749106251693
2025-10-28 14:52:01.358,3.2633624833197246,1.302992310223999,0.04849123462372518,0.22231288192597276
2025-10-28 14:52:02.386,3.263204535434852,1.3030712841664354,0.04762252125692612,0.22452415231418854
2025-10-28 14:52:03.413,3.2631255614924157,1.3034661538786168,0.04809636491154379,0.2228656995230267
2025-10-28 14:52:04.444,3.262967613607543,1.3040189714756707,0.04809636491154379,0.22152314250160998
2025-10-28 14:52:05.470,3.2632835093772883,1.3038610235907981,0.04754354731448984,0.22412928260200715
2025-10-28 14:52:06.498,3.262572743895362,1.3033871799361805,0.0469907297174359,0.22302364740789926
2025-10-28 14:52:07.524,3.2632835093772883,1.303545127821053,0.04833328673885262,0.22207596009866393
2025-10-28 14:52:08.546,3.262888639665107,1.3044928151302884,0.0469907297174359,0.22484004808393365
2025-10-28 14:52:09.573,3.262651717837798,1.3027553883966903,0.04801739096910751,0.22507696991124249
2025-10-28 14:52:10.602,3.2628096657226706,1.3037030757059256,0.04793841702667123,0.2232605692352081
2025-10-28 14:52:11.629,3.262888639665107,1.3037820496483619,0.050386609242195846,0.22444517837175226
2025-10-28 14:52:12.655,3.262888639665107,1.3040189714756707,0.04833328673885262,0.22294467346546298
2025-10-28 14:52:13.682,3.262335822068053,1.3037820496483619,0.047069703659872175,0.22239185586840904
2025-10-28 14:52:14.711,3.2627306917802343,1.3038610235907981,0.048886104335906566,0.22365543894738948
2025-10-28 14:52:15.738,3.262572743895362,1.3036241017634893,0.04825431279641634,0.22476107414149737
2025-10-28 14:52:16.764,3.2624937699529255,1.3036241017634893,0.04864918250859773,0.22231288192597276
2025-10-28 14:52:17.789,3.2628096657226706,1.3036241017634893,0.04714867760230845,0.22302364740789926
2025-10-28 14:52:18.815,3.2624147960104892,1.3036241017634893,0.048570208566161455,0.22278672558059043
2025-10-28 14:52:19.841,3.2630465875499794,1.3034661538786168,0.04880713039347029,0.22294467346546298
2025-10-28 14:52:20.867,3.262335822068053,1.3039399975332344,0.047069703659872175,0.22302364740789926
2025-10-28 14:52:21.892,3.262651717837798,1.304097945418107,0.04975481770270562,0.22365543894738948
2025-10-28 14:52:22.918,3.2624937699529255,1.3039399975332344,0.04762252125692612,0.22436620442931599
2025-10-28 14:52:23.945,3.262098900240744,1.304097945418107,0.047859443084234954,0.22270775163815415
2025-10-28 14:52:24.969,3.2622568481256167,1.3037030757059256,0.04730662548718101,0.2235764650049532
2025-10-28 14:52:26.000,3.2627306917802343,1.3033871799361805,0.04738559942961729,0.22412928260200715
2025-10-28 14:52:27.025,3.262572743895362,1.3042558933029795,0.047780469141798676,0.22207596009866393
2025-10-28 14:52:28.049,3.2628096657226706,1.3031502581088716,0.04801739096910751,0.2228656995230267
2025-10-28 14:52:29.075,3.262572743895362,1.3036241017634893,0.04754354731448984,0.22365543894738948
2025-10-28 14:52:30.102,3.2621778741831804,1.3038610235907981,0.04935994799052423,0.22270775163815415
2025-10-28 14:52:31.129,3.2621778741831804,1.3038610235907981,0.04754354731448984,0.22270775163815415
2025-10-28 14:52:32.158,3.2624937699529255,1.3037030757059256,0.04730662548718101,0.22405030865957087
2025-10-28 14:52:33.184,3.2624937699529255,1.3028343623391265,0.047069703659872175,0.2214441685591737
2025-10-28 14:52:34.210,3.262651717837798,1.3033871799361805,0.04714867760230845,0.2232605692352081
2025-10-28 14:52:35.237,3.2622568481256167,1.3033082059937442,0.04959686981783307,0.22231288192597276
2025-10-28 14:52:36.268,3.2627306917802343,1.304413841187852,0.04691175577499962,0.22389236077469832
2025-10-28 14:52:37.299,3.262651717837798,1.3038610235907981,0.05022866135732329,0.22223390798353648
2025-10-28 14:52:38.331,3.2624147960104892,1.3037820496483619,0.04920200010565168,0.22452415231418854
2025-10-28 14:52:39.357,3.262651717837798,1.3039399975332344,0.04754354731448984,0.22223390798353648
2025-10-28 14:52:40.383,3.261783004470999,1.3041769193605433,0.048175338853980065,0.22223390798353648
2025-10-28 14:52:41.410,3.2616250565861264,1.3031502581088716,0.04849123462372518,0.22420825654444343
2025-10-28 14:52:42.439,3.2616250565861264,1.3043348672454158,0.047859443084234954,0.22231288192597276
2025-10-28 14:52:43.472,3.262019926298308,1.304413841187852,0.04951789587539679,0.22547183962342388
2025-10-28 14:52:44.502,3.262098900240744,1.3037820496483619,0.047859443084234954,0.22302364740789926
2025-10-28 14:52:45.531,3.261783004470999,1.3033082059937442,0.048175338853980065,0.22412928260200715
2025-10-28 14:52:46.562,3.2621778741831804,1.3041769193605433,0.050070713472450734,0.22412928260200715
2025-10-28 14:52:47.587,3.2618619784134353,1.3031502581088716,0.049991739530014456,0.22460312625662482
2025-10-28 14:52:48.618,3.2624147960104892,1.3039399975332344,0.05046558318463212,0.22270775163815415
2025-10-28 14:52:49.652,3.2621778741831804,1.3037820496483619,0.04754354731448984,0.2232605692352081
2025-10-28 14:52:50.679,3.261467108701254,1.304413841187852,0.050386609242195846,0.22436620442931599
2025-10-28 14:52:51.710,3.262098900240744,1.3045717890727246,0.04714867760230845,0.22333954317764437
2025-10-28 14:52:52.740,3.2617040305285627,1.3033082059937442,0.047780469141798676,0.22302364740789926
2025-10-28 14:52:53.771,3.262098900240744,1.3034661538786168,0.047780469141798676,0.22507696991124249
2025-10-28 14:52:54.797,3.261467108701254,1.3041769193605433,0.0505445571270684,0.22231288192597276
2025-10-28 14:52:55.828,3.2617040305285627,1.3033082059937442,0.04730662548718101,0.22247082981084532
2025-10-28 14:52:56.855,3.2617040305285627,1.3040189714756707,0.05086045289681351,0.22341851712008065
2025-10-28 14:52:57.882,3.262019926298308,1.3033082059937442,0.04809636491154379,0.22199698615622765
2025-10-28 14:52:58.907,3.2616250565861264,1.3038610235907981,0.047859443084234954,0.22231288192597276
2025-10-28 14:52:59.933,3.26154608264369,1.3037820496483619,0.04880713039347029,0.2242872304868797
2025-10-28 14:53:00.965,3.261467108701254,1.3039399975332344,0.04730662548718101,0.22136519461673743
2025-10-28 14:53:01.989,3.2619409523558716,1.3038610235907981,0.04801739096910751,0.22239185586840904
2025-10-28 14:53:03.014,3.2616250565861264,1.3037030757059256,0.047464573372053565,0.22365543894738948
2025-10-28 14:53:04.046,3.2617040305285627,1.3036241017634893,0.047069703659872175,0.22191801221379137
2025-10-28 14:53:05.077,3.2609932650466362,1.3037030757059256,0.047464573372053565,0.22349749106251693
2025-10-28 14:53:06.103,3.2613881347588176,1.3037820496483619,0.047069703659872175,0.22333954317764437
2025-10-28 14:53:07.125,3.2616250565861264,1.3048087109000335,0.048175338853980065,0.22278672558059043
2025-10-28 14:53:08.157,3.2613091608163813,1.3037030757059256,0.0484122606812889,0.2239713347171346
2025-10-28 14:53:09.184,3.2613881347588176,1.3037820496483619,0.04801739096910751,0.22270775163815415
2025-10-28 14:53:10.209,3.2616250565861264,1.3042558933029795,0.0477014951993624,0.2249979959688062
2025-10-28 14:53:11.235,3.2610722389890725,1.3041769193605433,0.04801739096910751,0.22412928260200715
2025-10-28 14:53:12.259,3.261151212931509,1.3033871799361805,0.047859443084234954,0.2225498037532816
2025-10-28 14:53:13.289,3.2616250565861264,1.3044928151302884,0.047859443084234954,0.22476107414149737
2025-10-28 14:53:14.321,3.261783004470999,1.3031502581088716,0.04809636491154379,0.2218390382713551
2025-10-28 14:53:15.351,3.261151212931509,1.3047297369575972,0.04722765154474473,0.22333954317764437
2025-10-28 14:53:16.379,3.26154608264369,1.3040189714756707,0.04730662548718101,0.22231288192597276
2025-10-28 14:53:17.411,3.262019926298308,1.3041769193605433,0.04825431279641634,0.2239713347171346
2025-10-28 14:53:18.440,3.261151212931509,1.3034661538786168,0.04825431279641634,0.2225498037532816
2025-10-28 14:53:19.466,3.2613091608163813,1.3031502581088716,0.04683278183256334,0.22349749106251693
2025-10-28 14:53:20.497,3.2608353171617637,1.304097945418107,0.04849123462372518,0.22389236077469832
2025-10-28 14:53:21.525,3.261230186873945,1.3036241017634893,0.04801739096910751,0.22247082981084532
2025-10-28 14:53:22.556,3.261151212931509,1.3041769193605433,0.04793841702667123,0.22262877769571787
2025-10-28 14:53:23.588,3.261151212931509,1.3036241017634893,0.04809636491154379,0.2225498037532816
2025-10-28 14:53:24.615,3.261230186873945,1.3044928151302884,0.04762252125692612,0.22389236077469832
2025-10-28 14:53:25.641,3.261467108701254,1.3037820496483619,0.047069703659872175,0.22294467346546298
2025-10-28 14:53:26.672,3.2609142911042,1.3033082059937442,0.04809636491154379,0.2239713347171346
2025-10-28 14:53:27.703,3.261230186873945,1.3039399975332344,0.04809636491154379,0.22239185586840904
2025-10-28 14:53:28.731,3.2610722389890725,1.3042558933029795,0.04880713039347029,0.22389236077469832
2025-10-28 14:53:29.756,3.260598395334455,1.3039399975332344,0.04762252125692612,0.2235764650049532
2025-10-28 14:53:30.788,3.2608353171617637,1.3041769193605433,0.04762252125692612,0.2221549340411002
2025-10-28 14:53:31.815,3.2605194213920186,1.3044928151302884,0.050781478954377235,0.2235764650049532
2025-10-28 14:53:32.845,3.2610722389890725,1.304650763015161,0.04864918250859773,0.22207596009866393
2025-10-28 14:53:33.876,3.2608353171617637,1.303545127821053,0.05093942683924979,0.22484004808393365
2025-10-28 14:53:34.907,3.260598395334455,1.3042558933029795,0.047859443084234954,0.22223390798353648
2025-10-28 14:53:35.937,3.2609142911042,1.3039399975332344,0.04762252125692612,0.22420825654444343
2025-10-28 14:53:36.968,3.2607563432193274,1.3036241017634893,0.04754354731448984,0.22341851712008065
2025-10-28 14:53:37.996,3.2610722389890725,1.3036241017634893,0.04809636491154379,0.225787735393169
2025-10-28 14:53:39.024,3.2605194213920186,1.3028343623391265,0.04683278183256334,0.22318159529277182
2025-10-28 14:53:40.055,3.2605194213920186,1.304097945418107,0.04762252125692612,0.22341851712008065
2025-10-28 14:53:41.083,3.2608353171617637,1.3037030757059256,0.047069703659872175,0.22262877769571787
2025-10-28 14:53:42.107,3.2607563432193274,1.304097945418107,0.047780469141798676,0.22318159529277182
2025-10-28 14:53:43.135,3.2602824995647097,1.3037820496483619,0.04880713039347029,0.2235764650049532
2025-10-28 14:53:44.166,3.2602035256222734,1.3036241017634893,0.04738559942961729,0.22247082981084532
2025-10-28 14:53:45.196,3.2605194213920186,1.303229232051308,0.048570208566161455,0.22341851712008065
2025-10-28 14:53:46.227,3.260677369276891,1.3034661538786168,0.047859443084234954,0.22239185586840904
2025-10-28 14:53:47.260,3.260361473507146,1.3037820496483619,0.04991276558757818,0.2246821001990611
2025-10-28 14:53:48.290,3.260361473507146,1.3036241017634893,0.04920200010565168,0.2242872304868797
2025-10-28 14:53:49.321,3.2605194213920186,1.3042558933029795,0.048175338853980065,0.22373441288982576
2025-10-28 14:53:50.350,3.260677369276891,1.3038610235907981,0.047069703659872175,0.22389236077469832
2025-10-28 14:53:51.377,3.260124551679837,1.3037030757059256,0.0484122606812889,0.2249979959688062
2025-10-28 14:53:52.405,3.2602035256222734,1.303545127821053,0.048570208566161455,0.22199698615622765
2025-10-28 14:53:53.435,3.2599666037949646,1.3039399975332344,0.04762252125692612,0.22349749106251693
2025-10-28 14:53:54.467,3.260045577737401,1.3033871799361805,0.04801739096910751,0.22420825654444343
2025-10-28 14:53:55.498,3.2602035256222734,1.3034661538786168,0.049280974048087955,0.22310262135033554
2025-10-28 14:53:56.528,3.260045577737401,1.3033082059937442,0.04651688606281823,0.22223390798353648
2025-10-28 14:53:57.558,3.2602035256222734,1.3033082059937442,0.04959686981783307,0.22460312625662482
2025-10-28 14:53:58.589,3.260598395334455,1.3042558933029795,0.04833328673885262,0.22247082981084532
2025-10-28 14:53:59.620,3.260598395334455,1.304097945418107,0.048175338853980065,0.2235764650049532
2025-10-28 14:54:00.651,3.260361473507146,1.3029133362815628,0.048175338853980065,0.22231288192597276
2025-10-28 14:54:01.677,3.2607563432193274,1.3045717890727246,0.0491230261632154,0.22523491779611504
2025-10-28 14:54:02.711,3.2602824995647097,1.303545127821053,0.046674833947690786,0.22412928260200715
2025-10-28 14:54:03.742,3.2602824995647097,1.3042558933029795,0.04722765154474473,0.22341851712008065
2025-10-28 14:54:04.773,3.2604404474495823,1.3044928151302884,0.04825431279641634,0.22389236077469832
2025-10-28 14:54:05.804,3.2602035256222734,1.3041769193605433,0.047859443084234954,0.22460312625662482
2025-10-28 14:54:06.835,3.2607563432193274,1.3039399975332344,0.048965078278342844,0.22341851712008065
2025-10-28 14:54:07.860,3.260124551679837,1.3042558933029795,0.04714867760230845,0.2235764650049532
2025-10-28 14:54:08.891,3.2605194213920186,1.3039399975332344,0.04691175577499962,0.22602465722047782
2025-10-28 14:54:09.918,3.2605194213920186,1.3030712841664354,0.04849123462372518,0.22310262135033554
2025-10-28 14:54:10.947,3.2604404474495823,1.3033871799361805,0.04754354731448984,0.22270775163815415
2025-10-28 14:54:11.973,3.260124551679837,1.3037030757059256,0.04809636491154379,0.22365543894738948
2025-10-28 14:54:12.998,3.2602824995647097,1.3039399975332344,0.0484122606812889,0.22389236077469832
2025-10-28 14:54:14.026,3.2599666037949646,1.3033871799361805,0.04904405222077912,0.22176006432891882
2025-10-28 14:54:15.056,3.2602035256222734,1.3040189714756707,0.04880713039347029,0.22365543894738948
2025-10-28 14:54:16.086,3.259808655910092,1.3039399975332344,0.04691175577499962,0.2221549340411002
2025-10-28 14:54:17.109,3.2598876298525283,1.3037820496483619,0.046753807890127064,0.22262877769571787
2025-10-28 14:54:18.139,3.2598876298525283,1.3044928151302884,0.05014968741488701,0.22294467346546298
2025-10-28 14:54:19.169,3.2602035256222734,1.3042558933029795,0.04809636491154379,0.22207596009866393
2025-10-28 14:54:20.194,3.259492760140347,1.3033082059937442,0.04864918250859773,0.22436620442931599
2025-10-28 14:54:21.226,3.259808655910092,1.3040189714756707,0.050070713472450734,0.22191801221379137
2025-10-28 14:54:22.256,3.259729681967656,1.304097945418107,0.04872815645103401,0.2232605692352081
2025-10-28 14:54:23.283,3.2604404474495823,1.303545127821053,0.0469907297174359,0.22191801221379137
2025-10-28 14:54:24.307,3.2598876298525283,1.3039399975332344,0.04809636491154379,0.22262877769571787
2025-10-28 14:54:25.335,3.2593348122554744,1.3034661538786168,0.04762252125692612,0.22507696991124249
2025-10-28 14:54:26.366,3.259492760140347,1.3038610235907981,0.048570208566161455,0.2235764650049532
2025-10-28 14:54:27.396,3.2602035256222734,1.303545127821053,0.04872815645103401,0.22333954317764437
2025-10-28 14:54:28.427,3.2593348122554744,1.3030712841664354,0.04872815645103401,0.22302364740789926
2025-10-28 14:54:29.454,3.2596507080252195,1.3038610235907981,0.05030763529975957,0.22318159529277182
2025-10-28 14:54:30.499,3.259492760140347,1.3031502581088716,0.04801739096910751,0.22373441288982576
2025-10-28 14:54:31.530,3.2593348122554744,1.3036241017634893,0.04801739096910751,0.22349749106251693
2025-10-28 14:54:32.556,3.2596507080252195,1.303545127821053,0.047859443084234954,0.2249979959688062
2025-10-28 14:54:33.586,3.259808655910092,1.3034661538786168,0.04730662548718101,0.22310262135033554
2025-10-28 14:54:34.616,3.259492760140347,1.3039399975332344,0.05101840078168607,0.22460312625662482
2025-10-28 14:54:35.639,3.2590189164857293,1.3045717890727246,0.04864918250859773,0.2239713347171346
2025-10-28 14:54:36.668,3.259255838313038,1.3039399975332344,0.04730662548718101,0.22278672558059043
2025-10-28 14:54:37.697,3.2594137861979107,1.3033082059937442,0.047859443084234954,0.22310262135033554
2025-10-28 14:54:38.723,3.2594137861979107,1.3040189714756707,0.04754354731448984,0.22365543894738948
2025-10-28 14:54:39.752,3.2593348122554744,1.3037820496483619,0.05022866135732329,0.22412928260200715
2025-10-28 14:54:40.775,3.258939942543293,1.3039399975332344,0.04738559942961729,0.2232605692352081
2025-10-28 14:54:41.801,3.2590978904281656,1.3029133362815628,0.04825431279641634,0.2232605692352081
2025-10-28 14:54:42.827,3.259492760140347,1.3037030757059256,0.04833328673885262,0.22262877769571787
2025-10-28 14:54:43.856,3.259176864370602,1.3044928151302884,0.047859443084234954,0.22302364740789926
2025-10-28 14:54:44.885,3.2590978904281656,1.3034661538786168,0.04825431279641634,0.22207596009866393
2025-10-28 14:54:45.915,3.258939942543293,1.3037030757059256,0.0484122606812889,0.22555081356586015
2025-10-28 14:54:46.939,3.259492760140347,1.3042558933029795,0.04872815645103401,0.22523491779611504
2025-10-28 14:54:47.963,3.259255838313038,1.3033871799361805,0.048886104335906566,0.22294467346546298
2025-10-28 14:54:48.986,3.2588609686008567,1.3034661538786168,0.048175338853980065,0.22436620442931599
2025-10-28 14:54:50.010,3.258703020715984,1.3034661538786168,0.04714867760230845,0.2218390382713551
2025-10-28 14:54:51.033,3.2590978904281656,1.3047297369575972,0.04738559942961729,0.2242872304868797
2025-10-28 14:54:52.056,3.2590189164857293,1.3028343623391265,0.05070250501194096,0.22460312625662482
2025-10-28 14:54:53.079,3.258939942543293,1.3048087109000335,0.05086045289681351,0.2235764650049532
2025-10-28 14:54:54.102,3.2590978904281656,1.3039399975332344,0.0484122606812889,0.22270775163815415
2025-10-28 14:54:55.125,3.2590189164857293,1.3041769193605433,0.048570208566161455,0.22444517837175226
2025-10-28 14:54:56.148,3.2588609686008567,1.304650763015161,0.04904405222077912,0.22270775163815415
2025-10-28 14:54:57.172,3.2590978904281656,1.3037030757059256,0.047780469141798676,0.22231288192597276
2025-10-28 14:54:58.196,3.2590978904281656,1.3031502581088716,0.048965078278342844,0.2232605692352081
2025-10-28 14:54:59.221,3.259255838313038,1.3040189714756707,0.04833328673885262,0.2235764650049532
2025-10-28 14:55:00.245,3.2587819946584204,1.3034661538786168,0.047069703659872175,0.22373441288982576
2025-10-28 14:55:01.267,3.2585450728311116,1.3039399975332344,0.04801739096910751,0.2228656995230267
2025-10-28 14:55:02.291,3.2588609686008567,1.3041769193605433,0.047464573372053565,0.22294467346546298
2025-10-28 14:55:03.314,3.2590978904281656,1.3039399975332344,0.04722765154474473,0.2257087614507327
2025-10-28 14:55:04.339,3.258703020715984,1.3037030757059256,0.047464573372053565,0.22373441288982576
2025-10-28 14:55:05.363,3.2588609686008567,1.3042558933029795,0.047859443084234954,0.22310262135033554
2025-10-28 14:55:06.388,3.2590189164857293,1.3036241017634893,0.05030763529975957,0.22223390798353648
2025-10-28 14:55:07.411,3.258703020715984,1.3036241017634893,0.046753807890127064,0.22239185586840904
2025-10-28 14:55:08.436,3.2585450728311116,1.3036241017634893,0.0484122606812889,0.22507696991124249
2025-10-28 14:55:09.464,3.258624046773548,1.3034661538786168,0.04833328673885262,0.2242872304868797
2025-10-28 14:55:10.491,3.258939942543293,1.3034661538786168,0.04959686981783307,0.2232605692352081
2025-10-28 14:55:11.520,3.2587819946584204,1.3041769193605433,0.048570208566161455,0.22333954317764437
2025-10-28 14:55:12.546,3.2590189164857293,1.3039399975332344,0.04904405222077912,0.22310262135033554
2025-10-28 14:55:13.571,3.258071229176494,1.3037030757059256,0.04683278183256334,0.2232605692352081
2025-10-28 14:55:14.598,3.258624046773548,1.3033082059937442,0.04762252125692612,0.2249979959688062
2025-10-28 14:55:15.628,3.2584660988886753,1.3033082059937442,0.048965078278342844,0.22389236077469832
2025-10-28 14:55:16.655,3.258703020715984,1.3037820496483619,0.04722765154474473,0.22389236077469832
2025-10-28 14:55:17.683,3.2585450728311116,1.304413841187852,0.047859443084234954,0.22452415231418854
2025-10-28 14:55:18.711,3.2582291770613665,1.3034661538786168,0.04683278183256334,0.2239713347171346
2025-10-28 14:55:19.739,3.2583081510038028,1.3040189714756707,0.05093942683924979,0.22389236077469832
2025-10-28 14:55:20.769,3.2582291770613665,1.3040189714756707,0.0498337916451419,0.2218390382713551
2025-10-28 14:55:21.798,3.2582291770613665,1.3033082059937442,0.04722765154474473,0.2249979959688062
2025-10-28 14:55:22.830,3.257834307349185,1.3039399975332344,0.0477014951993624,0.2228656995230267
2025-10-28 14:55:23.860,3.258387124946239,1.3038610235907981,0.04809636491154379,0.22318159529277182
2025-10-28 14:55:24.885,3.2584660988886753,1.3033871799361805,0.047859443084234954,0.22310262135033554
2025-10-28 14:55:25.915,3.25815020311893,1.302992310223999,0.04849123462372518,0.22412928260200715
2025-10-28 14:55:26.947,3.258071229176494,1.304097945418107,0.04809636491154379,0.22294467346546298
2025-10-28 14:55:27.976,3.2575973855218763,1.3029133362815628,0.04975481770270562,0.22349749106251693
2025-10-28 14:55:29.008,3.2579132812916214,1.3037030757059256,0.04809636491154379,0.22294467346546298
2025-10-28 14:55:30.037,3.2573604636945674,1.3036241017634893,0.04872815645103401,0.22365543894738948
2025-10-28 14:55:31.061,3.2583081510038028,1.3037030757059256,0.04722765154474473,0.22365543894738948
2025-10-28 14:55:32.091,3.25751841157944,1.3034661538786168,0.04762252125692612,0.22239185586840904
2025-10-28 14:55:33.122,3.2579922552340577,1.3033871799361805,0.04730662548718101,0.22223390798353648
2025-10-28 14:55:34.153,3.2579922552340577,1.3040189714756707,0.0469907297174359,0.22333954317764437
2025-10-28 14:55:35.183,3.2576763594643126,1.3034661538786168,0.0484122606812889,0.22333954317764437
2025-10-28 14:55:36.219,3.25751841157944,1.3034661538786168,0.049280974048087955,0.22302364740789926
2025-10-28 14:55:37.247,3.257755333406749,1.3044928151302884,0.04991276558757818,0.22278672558059043
2025-10-28 14:55:38.275,3.25751841157944,1.303545127821053,0.05046558318463212,0.22436620442931599
2025-10-28 14:55:39.303,3.257202515809695,1.303545127821053,0.04825431279641634,0.22247082981084532
2025-10-28 14:55:40.333,3.25751841157944,1.3037030757059256,0.047859443084234954,0.22515594385367876
2025-10-28 14:55:41.363,3.257834307349185,1.3037030757059256,0.04833328673885262,0.2246821001990611
2025-10-28 14:55:42.394,3.2576763594643126,1.3034661538786168,0.04801739096910751,0.22262877769571787
2025-10-28 14:55:43.418,3.2576763594643126,1.3033871799361805,0.048175338853980065,0.22491902202636993
2025-10-28 14:55:44.448,3.256965593982386,1.3036241017634893,0.04801739096910751,0.22294467346546298
2025-10-28 14:55:45.477,3.257834307349185,1.303545127821053,0.047464573372053565,0.2261036311629141
2025-10-28 14:55:46.501,3.257281489752131,1.3038610235907981,0.048965078278342844,0.22294467346546298
2025-10-28 14:55:47.532,3.257281489752131,1.3038610235907981,0.0469907297174359,0.225787735393169
2025-10-28 14:55:48.564,3.2570445679248223,1.3034661538786168,0.049675843760269345,0.2221549340411002
2025-10-28 14:55:49.595,3.2570445679248223,1.3038610235907981,0.04722765154474473,0.2232605692352081
2025-10-28 14:55:50.625,3.257281489752131,1.3037030757059256,0.04722765154474473,0.22389236077469832
2025-10-28 14:55:51.649,3.257202515809695,1.3047297369575972,0.047464573372053565,0.22278672558059043
2025-10-28 14:55:52.675,3.2570445679248223,1.3037820496483619,0.04754354731448984,0.22523491779611504
2025-10-28 14:55:53.707,3.2571235418672586,1.3039399975332344,0.047069703659872175,0.2225498037532816
2025-10-28 14:55:54.737,3.2568866200399498,1.3039399975332344,0.049675843760269345,0.22381338683226204
2025-10-28 14:55:55.768,3.2573604636945674,1.304097945418107,0.048175338853980065,0.22270775163815415
2025-10-28 14:55:56.798,3.2568076460975135,1.3033082059937442,0.048886104335906566,0.22333954317764437
2025-10-28 14:55:57.823,3.2568866200399498,1.3038610235907981,0.0491230261632154,0.22460312625662482
2025-10-28 14:55:58.852,3.2575973855218763,1.3040189714756707,0.05030763529975957,0.2232605692352081
2025-10-28 14:55:59.879,3.2574394376370037,1.3036241017634893,0.0477014951993624,0.22294467346546298
2025-10-28 14:56:00.911,3.257202515809695,1.3034661538786168,0.04849123462372518,0.22223390798353648
2025-10-28 14:56:01.936,3.2573604636945674,1.3033871799361805,0.04825431279641634,0.2235764650049532
2025-10-28 14:56:02.961,3.2570445679248223,1.3037030757059256,0.04872815645103401,0.22318159529277182
2025-10-28 14:56:03.990,3.256965593982386,1.304097945418107,0.04793841702667123,0.22294467346546298
2025-10-28 14:56:05.021,3.257202515809695,1.3036241017634893,0.047780469141798676,0.22381338683226204
2025-10-28 14:56:06.052,3.256728672155077,1.304966658784906,0.04754354731448984,0.22294467346546298
2025-10-28 14:56:07.083,3.256728672155077,1.3033871799361805,0.05046558318463212,0.22365543894738948
2025-10-28 14:56:08.111,3.2568866200399498,1.303545127821053,0.04722765154474473,0.22239185586840904
2025-10-28 14:56:09.138,3.2561758545580233,1.3041769193605433,0.048175338853980065,0.22373441288982576
2025-10-28 14:56:10.163,3.2565707242702047,1.3038610235907981,0.04809636491154379,0.2228656995230267
2025-10-28 14:56:11.193,3.2568076460975135,1.3037820496483619,0.04659586000525451,0.22484004808393365
2025-10-28 14:56:12.215,3.256965593982386,1.3041769193605433,0.046753807890127064,0.22365543894738948
2025-10-28 14:56:13.239,3.2573604636945674,1.3040189714756707,0.0484122606812889,0.22294467346546298
2025-10-28 14:56:14.264,3.2565707242702047,1.303229232051308,0.04738559942961729,0.22302364740789926
2025-10-28 14:56:15.292,3.256649698212641,1.3036241017634893,0.04659586000525451,0.22444517837175226
2025-10-28 14:56:16.319,3.2559389327307144,1.3034661538786168,0.047859443084234954,0.22476107414149737
2025-10-28 14:56:17.350,3.256412776385332,1.3038610235907981,0.04951789587539679,0.22160211644404626
2025-10-28 14:56:18.382,3.2564917503277684,1.3034661538786168,0.04825431279641634,0.22333954317764437
2025-10-28 14:56:19.406,3.256649698212641,1.3037820496483619,0.04714867760230845,0.22191801221379137
2025-10-28 14:56:20.436,3.256412776385332,1.3039399975332344,0.048175338853980065,0.2232605692352081
2025-10-28 14:56:21.467,3.2562548285004596,1.3036241017634893,0.047464573372053565,0.22176006432891882
2025-10-28 14:56:22.494,3.256728672155077,1.3034661538786168,0.04833328673885262,0.22381338683226204
2025-10-28 14:56:23.524,3.256728672155077,1.3038610235907981,0.047069703659872175,0.2225498037532816
2025-10-28 14:56:24.549,3.2562548285004596,1.3040189714756707,0.046753807890127064,0.22160211644404626
2025-10-28 14:56:25.577,3.2565707242702047,1.3033871799361805,0.04880713039347029,0.22412928260200715
2025-10-28 14:56:26.607,3.256412776385332,1.304413841187852,0.0469907297174359,0.22278672558059043
2025-10-28 14:56:27.638,3.256412776385332,1.303545127821053,0.05093942683924979,0.22381338683226204
2025-10-28 14:56:28.667,3.256412776385332,1.3041769193605433,0.04833328673885262,0.22278672558059043
2025-10-28 14:56:29.698,3.256096880615587,1.3042558933029795,0.048570208566161455,0.22270775163815415
2025-10-28 14:56:30.730,3.2561758545580233,1.3047297369575972,0.04730662548718101,0.22239185586840904
2025-10-28 14:56:31.756,3.2559389327307144,1.304413841187852,0.048886104335906566,0.2235764650049532
2025-10-28 14:56:32.786,3.256096880615587,1.3047297369575972,0.0505445571270684,0.22270775163815415
2025-10-28 14:56:33.817,3.256333802442896,1.3044928151302884,0.0484122606812889,0.22310262135033554
2025-10-28 14:56:34.844,3.256412776385332,1.3037820496483619,0.04722765154474473,0.2228656995230267
2025-10-28 14:56:35.876,3.256096880615587,1.304097945418107,0.04683278183256334,0.22555081356586015
2025-10-28 14:56:36.903,3.2564917503277684,1.3033082059937442,0.0484122606812889,0.22231288192597276
2025-10-28 14:56:37.929,3.2565707242702047,1.3042558933029795,0.04809636491154379,0.22262877769571787
2025-10-28 14:56:38.955,3.256333802442896,1.3033082059937442,0.047780469141798676,0.2246821001990611
2025-10-28 14:56:39.981,3.2562548285004596,1.3042558933029795,0.04762252125692612,0.22420825654444343
2025-10-28 14:56:41.004,3.256333802442896,1.3039399975332344,0.05086045289681351,0.22365543894738948
2025-10-28 14:56:42.031,3.256333802442896,1.3037820496483619,0.04951789587539679,0.22270775163815415
2025-10-28 14:56:43.058,3.2565707242702047,1.3037820496483619,0.04864918250859773,0.22618260510535038
2025-10-28 14:56:44.087,3.2560179066731507,1.3044928151302884,0.04951789587539679,0.22373441288982576
2025-10-28 14:56:45.112,3.256333802442896,1.3038610235907981,0.046674833947690786,0.2228656995230267
2025-10-28 14:56:46.138,3.2557020109034056,1.3036241017634893,0.047464573372053565,0.22341851712008065
2025-10-28 14:56:47.164,3.255859958788278,1.304413841187852,0.0484122606812889,0.22270775163815415
2025-10-28 14:56:48.190,3.255859958788278,1.303545127821053,0.04714867760230845,0.22278672558059043
2025-10-28 14:56:49.216,3.2559389327307144,1.3033082059937442,0.04683278183256334,0.2235764650049532
2025-10-28 14:56:50.240,3.255780984845842,1.3037030757059256,0.048886104335906566,0.22389236077469832
2025-10-28 14:56:51.266,3.256096880615587,1.3031502581088716,0.047464573372053565,0.22436620442931599
2025-10-28 14:56:52.294,3.2560179066731507,1.3037030757059256,0.04904405222077912,0.22223390798353648
2025-10-28 14:56:53.322,3.2561758545580233,1.303229232051308,0.04738559942961729,0.22373441288982576
2025-10-28 14:56:54.347,3.2556230369609693,1.304097945418107,0.04691175577499962,0.22452415231418854
2025-10-28 14:56:55.375,3.2557020109034056,1.3037030757059256,0.047069703659872175,0.22515594385367876
2025-10-28 14:56:56.400,3.255307141191224,1.304097945418107,0.051176348666558624,0.22373441288982576
2025-10-28 14:56:57.425,3.255307141191224,1.303545127821053,0.048965078278342844,0.22310262135033554
2025-10-28 14:56:58.454,3.2559389327307144,1.3042558933029795,0.04659586000525451,0.22294467346546298
2025-10-28 14:56:59.480,3.256096880615587,1.3040189714756707,0.04920200010565168,0.22515594385367876
2025-10-28 14:57:00.506,3.2557020109034056,1.3031502581088716,0.04864918250859773,0.2232605692352081
2025-10-28 14:57:01.532,3.2557020109034056,1.3033871799361805,0.04825431279641634,0.22176006432891882
2025-10-28 14:57:02.560,3.2557020109034056,1.3037820496483619,0.04849123462372518,0.22278672558059043
2025-10-28 14:57:03.585,3.2554650890760968,1.3030712841664354,0.04793841702667123,0.22278672558059043
2025-10-28 14:57:04.611,3.2560179066731507,1.304413841187852,0.04809636491154379,0.22231288192597276
2025-10-28 14:57:05.636,3.255780984845842,1.304650763015161,0.04754354731448984,0.22373441288982576
2025-10-28 14:57:06.664,3.2554650890760968,1.3039399975332344,0.04864918250859773,0.22262877769571787
2025-10-28 14:57:07.689,3.2553861151336605,1.3040189714756707,0.0469907297174359,0.2225498037532816
2025-10-28 14:57:08.715,3.2561758545580233,1.3033871799361805,0.05014968741488701,0.22318159529277182
2025-10-28 14:57:09.743,3.2561758545580233,1.3034661538786168,0.048886104335906566,0.22405030865957087
2025-10-28 14:57:10.769,3.2554650890760968,1.303545127821053,0.0505445571270684,0.22239185586840904
2025-10-28 14:57:11.796,3.2554650890760968,1.3037820496483619,0.046674833947690786,0.22318159529277182
2025-10-28 14:57:12.825,3.255228167248788,1.3036241017634893,0.04801739096910751,0.22365543894738948
2025-10-28 14:57:13.855,3.2551491933063517,1.3048087109000335,0.04833328673885262,0.22294467346546298
2025-10-28 14:57:14.881,3.255228167248788,1.3041769193605433,0.04864918250859773,0.2253928656809876
2025-10-28 14:57:15.908,3.2557020109034056,1.3041769193605433,0.04833328673885262,0.2228656995230267
2025-10-28 14:57:16.935,3.255307141191224,1.3043348672454158,0.04691175577499962,0.2239713347171346
2025-10-28 14:57:17.960,3.255307141191224,1.3041769193605433,0.04904405222077912,0.22515594385367876
2025-10-28 14:57:18.985,3.2553861151336605,1.3033871799361805,0.04833328673885262,0.22247082981084532
2025-10-28 14:57:20.011,3.2554650890760968,1.304413841187852,0.04730662548718101,0.22270775163815415
2025-10-28 14:57:21.042,3.2550702193639154,1.3030712841664354,0.04864918250859773,0.22420825654444343
2025-10-28 14:57:22.071,3.2547543235941703,1.3042558933029795,0.04714867760230845,0.22365543894738948
2025-10-28 14:57:23.099,3.2548332975366066,1.3037820496483619,0.0505445571270684,0.22294467346546298
2025-10-28 14:57:24.128,3.2550702193639154,1.3037820496483619,0.047464573372053565,0.22341851712008065
2025-10-28 14:57:25.157,3.2548332975366066,1.3039399975332344,0.04683278183256334,0.22278672558059043
2025-10-28 14:57:26.185,3.254359453881989,1.3037030757059256,0.04738559942961729,0.22247082981084532
2025-10-28 14:57:27.209,3.254438427824425,1.304413841187852,0.047859443084234954,0.22444517837175226
2025-10-28 14:57:28.234,3.2547543235941703,1.3043348672454158,0.0469907297174359,0.22207596009866393
2025-10-28 14:57:29.259,3.2545963757092977,1.3033871799361805,0.04754354731448984,0.22405030865957087
2025-10-28 14:57:30.285,3.255228167248788,1.3044928151302884,0.04722765154474473,0.2235764650049532
2025-10-28 14:57:31.310,3.2548332975366066,1.3037820496483619,0.048965078278342844,0.22302364740789926
2025-10-28 14:57:32.337,3.2545174017668614,1.3038610235907981,0.046753807890127064,0.22341851712008065
2025-10-28 14:57:33.363,3.254438427824425,1.3036241017634893,0.05014968741488701,0.22484004808393365
2025-10-28 14:57:34.388,3.2545963757092977,1.3036241017634893,0.04722765154474473,0.22412928260200715
2025-10-28 14:57:35.411,3.2545963757092977,1.3036241017634893,0.04825431279641634,0.2232605692352081
2025-10-28 14:57:36.436,3.2545174017668614,1.3043348672454158,0.04691175577499962,0.22515594385367876
2025-10-28 14:57:37.467,3.2545963757092977,1.3033082059937442,0.04959686981783307,0.2235764650049532
2025-10-28 14:57:38.498,3.2547543235941703,1.3040189714756707,0.04691175577499962,0.22318159529277182
2025-10-28 14:57:39.528,3.2548332975366066,1.3042558933029795,0.049280974048087955,0.22262877769571787
2025-10-28 14:57:40.552,3.2545963757092977,1.303229232051308,0.046753807890127064,0.22199698615622765
2025-10-28 14:57:41.580,3.2547543235941703,1.304413841187852,0.04833328673885262,0.22373441288982576
2025-10-28 14:57:42.608,3.254675349651734,1.3042558933029795,0.04833328673885262,0.2218390382713551
2025-10-28 14:57:43.639,3.2542804799395526,1.3040189714756707,0.04880713039347029,0.22412928260200715
2025-10-28 14:57:44.670,3.2545174017668614,1.302992310223999,0.04801739096910751,0.2228656995230267
2025-10-28 14:57:45.698,3.2542804799395526,1.3038610235907981,0.048175338853980065,0.22381338683226204
2025-10-28 14:57:46.723,3.254675349651734,1.303229232051308,0.0477014951993624,0.2246821001990611
2025-10-28 14:57:47.756,3.254438427824425,1.3041769193605433,0.04691175577499962,0.2242872304868797
2025-10-28 14:57:48.786,3.2545963757092977,1.3037030757059256,0.050386609242195846,0.22207596009866393
2025-10-28 14:57:49.817,3.254438427824425,1.3034661538786168,0.047069703659872175,0.22278672558059043
2025-10-28 14:57:50.844,3.2545174017668614,1.303545127821053,0.05062353106950468,0.22341851712008065
2025-10-28 14:57:51.874,3.2547543235941703,1.3037820496483619,0.04959686981783307,0.22405030865957087
2025-10-28 14:57:52.905,3.25412253205468,1.303229232051308,0.047464573372053565,0.22349749106251693
2025-10-28 14:57:53.935,3.2539645841698075,1.3047297369575972,0.04809636491154379,0.2246821001990611
2025-10-28 14:57:54.965,3.254991245421479,1.3036241017634893,0.047464573372053565,0.22373441288982576
2025-10-28 14:57:55.995,3.2545174017668614,1.3037820496483619,0.04825431279641634,0.2228656995230267
2025-10-28 14:57:57.019,3.254438427824425,1.304097945418107,0.0484122606812889,0.2242872304868797
2025-10-28 14:57:58.044,3.2540435581122438,1.3037820496483619,0.04809636491154379,0.2225498037532816
2025-10-28 14:57:59.070,3.2542015059971163,1.3044928151302884,0.04691175577499962,0.22270775163815415
2025-10-28 14:58:00.101,3.2539645841698075,1.3030712841664354,0.04801739096910751,0.22318159529277182
2025-10-28 14:58:01.129,3.254359453881989,1.3040189714756707,0.04880713039347029,0.22199698615622765
2025-10-28 14:58:02.157,3.2542804799395526,1.3033871799361805,0.04991276558757818,0.22231288192597276
2025-10-28 14:58:03.181,3.2539645841698075,1.304097945418107,0.048570208566161455,0.22460312625662482
2025-10-28 14:58:04.210,3.2542015059971163,1.304097945418107,0.05014968741488701,0.22191801221379137
2025-10-28 14:58:05.236,3.254438427824425,1.3038610235907981,0.04801739096910751,0.2232605692352081
2025-10-28 14:58:06.268,3.253885610227371,1.3033082059937442,0.04833328673885262,0.2225498037532816
2025-10-28 14:58:07.290,3.2534117665727535,1.3039399975332344,0.04951789587539679,0.2228656995230267
2025-10-28 14:58:08.317,3.2539645841698075,1.3043348672454158,0.047780469141798676,0.2235764650049532
2025-10-28 14:58:09.340,3.2539645841698075,1.3036241017634893,0.04730662548718101,0.22460312625662482
2025-10-28 14:58:10.363,3.2534117665727535,1.304097945418107,0.04754354731448984,0.2242872304868797
2025-10-28 14:58:11.386,3.2539645841698075,1.3039399975332344,0.04754354731448984,0.22507696991124249
2025-10-28 14:58:12.409,3.2537276623424987,1.3037820496483619,0.04714867760230845,0.2228656995230267
2025-10-28 14:58:13.432,3.253806636284935,1.304413841187852,0.0469907297174359,0.22412928260200715
2025-10-28 14:58:14.455,3.253569714457626,1.3041769193605433,0.0484122606812889,0.22262877769571787
2025-10-28 14:58:15.478,3.2536486884000624,1.3043348672454158,0.050386609242195846,0.22555081356586015
2025-10-28 14:58:16.501,3.253885610227371,1.3038610235907981,0.047464573372053565,0.22373441288982576
2025-10-28 14:58:17.524,3.2537276623424987,1.3036241017634893,0.04920200010565168,0.22349749106251693
2025-10-28 14:58:18.549,3.25412253205468,1.3037820496483619,0.04738559942961729,0.22302364740789926
2025-10-28 14:58:19.573,3.2536486884000624,1.3034661538786168,0.04801739096910751,0.22247082981084532
2025-10-28 14:58:20.598,3.2539645841698075,1.3033082059937442,0.049675843760269345,0.22294467346546298
2025-10-28 14:58:21.621,3.2540435581122438,1.3034661538786168,0.04754354731448984,0.22436620442931599
2025-10-28 14:58:22.644,3.2533327926303173,1.3031502581088716,0.047780469141798676,0.22373441288982576
2025-10-28 14:58:23.667,3.2534117665727535,1.3040189714756707,0.04825431279641634,0.22412928260200715
2025-10-28 14:58:24.692,3.253253818687881,1.3033871799361805,0.047464573372053565,0.2232605692352081
2025-10-28 14:58:25.719,3.2536486884000624,1.3037820496483619,0.04754354731448984,0.2228656995230267
2025-10-28 14:58:26.747,3.2534117665727535,1.3047297369575972,0.0505445571270684,0.2232605692352081
2025-10-28 14:58:27.770,3.2530958708030084,1.303545127821053,0.04722765154474473,0.22199698615622765
2025-10-28 14:58:28.793,3.2534117665727535,1.3042558933029795,0.04809636491154379,0.22239185586840904
2025-10-28 14:58:29.818,3.2536486884000624,1.3037030757059256,0.04793841702667123,0.2239713347171346
2025-10-28 14:58:30.847,3.2531748447454447,1.3031502581088716,0.04730662548718101,0.2232605692352081
2025-10-28 14:58:31.878,3.253253818687881,1.3039399975332344,0.04793841702667123,0.22270775163815415
2025-10-28 14:58:32.906,3.2536486884000624,1.3037030757059256,0.048886104335906566,0.22491902202636993
2025-10-28 14:58:33.937,3.2534117665727535,1.3038610235907981,0.047859443084234954,0.2232605692352081
2025-10-28 14:58:34.963,3.2537276623424987,1.3037820496483619,0.05101840078168607,0.22436620442931599
2025-10-28 14:58:35.990,3.253253818687881,1.3037820496483619,0.04825431279641634,0.22294467346546298
2025-10-28 14:58:37.016,3.253253818687881,1.3040189714756707,0.046753807890127064,0.2228656995230267
2025-10-28 14:58:38.043,3.25349074051519,1.3039399975332344,0.04959686981783307,0.22365543894738948
2025-10-28 14:58:39.072,3.2533327926303173,1.3037820496483619,0.04801739096910751,0.22247082981084532
2025-10-28 14:58:40.103,3.2539645841698075,1.3039399975332344,0.0477014951993624,0.22547183962342388
2025-10-28 14:58:41.128,3.253569714457626,1.3033871799361805,0.04738559942961729,0.22333954317764437
2025-10-28 14:58:42.154,3.2537276623424987,1.3036241017634893,0.04730662548718101,0.2228656995230267
2025-10-28 14:58:43.181,3.2533327926303173,1.303545127821053,0.04825431279641634,0.22444517837175226
2025-10-28 14:58:44.212,3.25349074051519,1.303545127821053,0.048175338853980065,0.2239713347171346
2025-10-28 14:58:45.245,3.2536486884000624,1.3033871799361805,0.047464573372053565,0.22302364740789926
2025-10-28 14:58:46.273,3.253253818687881,1.3042558933029795,0.047859443084234954,0.22436620442931599
2025-10-28 14:58:47.298,3.253253818687881,1.3043348672454158,0.04683278183256334,0.22586670933560526
2025-10-28 14:58:48.327,3.253253818687881,1.3037030757059256,0.05062353106950468,0.22452415231418854
2025-10-28 14:58:49.356,3.2534117665727535,1.3044928151302884,0.04659586000525451,0.22365543894738948
2025-10-28 14:58:50.386,3.2530958708030084,1.3037030757059256,0.05014968741488701,0.2253928656809876
2025-10-28 14:58:51.416,3.2528589489756996,1.3042558933029795,0.047780469141798676,0.22302364740789926
2025-10-28 14:58:52.442,3.2530958708030084,1.3027553883966903,0.04754354731448984,0.22507696991124249
2025-10-28 14:58:53.474,3.2533327926303173,1.3039399975332344,0.048965078278342844,0.22294467346546298
2025-10-28 14:58:54.504,3.253016896860572,1.303545127821053,0.047464573372053565,0.2232605692352081
2025-10-28 14:58:55.534,3.2534117665727535,1.3040189714756707,0.04809636491154379,0.22270775163815415
2025-10-28 14:58:56.563,3.252937922918136,1.3033082059937442,0.04762252125692612,0.22349749106251693
2025-10-28 14:58:57.587,3.2528589489756996,1.3039399975332344,0.048886104335906566,0.22341851712008065
2025-10-28 14:58:58.619,3.2534117665727535,1.3030712841664354,0.04793841702667123,0.22373441288982576
2025-10-28 14:58:59.650,3.253253818687881,1.3039399975332344,0.04714867760230845,0.22318159529277182
2025-10-28 14:59:00.680,3.2531748447454447,1.3048087109000335,0.04683278183256334,0.22444517837175226
2025-10-28 14:59:01.706,3.2533327926303173,1.3038610235907981,0.04754354731448984,0.22420825654444343
2025-10-28 14:59:02.729,3.252937922918136,1.3042558933029795,0.04833328673885262,0.22231288192597276
2025-10-28 14:59:03.755,3.2530958708030084,1.3033082059937442,0.04738559942961729,0.22168109038648254
2025-10-28 14:59:04.781,3.252937922918136,1.3036241017634893,0.04738559942961729,0.22507696991124249
2025-10-28 14:59:05.806,3.2531748447454447,1.303545127821053,0.04825431279641634,0.22373441288982576
2025-10-28 14:59:06.829,3.252701001090827,1.3029133362815628,0.04991276558757818,0.22247082981084532
2025-10-28 14:59:07.858,3.252937922918136,1.3043348672454158,0.046674833947690786,0.2221549340411002
2025-10-28 14:59:08.886,3.252701001090827,1.3037030757059256,0.047859443084234954,0.22262877769571787
2025-10-28 14:59:09.912,3.253016896860572,1.304097945418107,0.047464573372053565,0.22302364740789926
2025-10-28 14:59:10.942,3.2530958708030084,1.3037030757059256,0.05101840078168607,0.22436620442931599
2025-10-28 14:59:11.972,3.253253818687881,1.3039399975332344,0.0477014951993624,0.2225498037532816
2025-10-28 14:59:13.000,3.252701001090827,1.3033082059937442,0.04825431279641634,0.22333954317764437
2025-10-28 14:59:14.026,3.252937922918136,1.304097945418107,0.04762252125692612,0.2246821001990611
2025-10-28 14:59:15.056,3.2530958708030084,1.3036241017634893,0.04691175577499962,0.2221549340411002
2025-10-28 14:59:16.087,3.252385105321082,1.3042558933029795,0.04951789587539679,0.22262877769571787
2025-10-28 14:59:17.118,3.253253818687881,1.3052035806122149,0.046674833947690786,0.22239185586840904
2025-10-28 14:59:18.149,3.2530958708030084,1.303229232051308,0.050781478954377235,0.2232605692352081
2025-10-28 14:59:19.172,3.252385105321082,1.3037030757059256,0.048175338853980065,0.22294467346546298
2025-10-28 14:59:20.200,3.2525430532059545,1.3036241017634893,0.04849123462372518,0.2239713347171346
2025-10-28 14:59:21.230,3.2526220271483908,1.3041769193605433,0.04738559942961729,0.22223390798353648
2025-10-28 14:59:22.257,3.2525430532059545,1.3040189714756707,0.046753807890127064,0.22223390798353648
2025-10-28 14:59:23.288,3.252464079263518,1.3031502581088716,0.04935994799052423,0.22294467346546298
2025-10-28 14:59:24.319,3.252464079263518,1.3037820496483619,0.0477014951993624,0.22381338683226204
2025-10-28 14:59:25.347,3.2525430532059545,1.3036241017634893,0.048570208566161455,0.22310262135033554
2025-10-28 14:59:26.381,3.252701001090827,1.304413841187852,0.04920200010565168,0.22302364740789926
2025-10-28 14:59:27.413,3.253016896860572,1.303545127821053,0.05022866135732329,0.22160211644404626
2025-10-28 14:59:28.444,3.2530958708030084,1.3043348672454158,0.0477014951993624,0.22555081356586015
2025-10-28 14:59:29.473,3.2522271574362094,1.303229232051308,0.04801739096910751,0.22262877769571787
2025-10-28 14:59:30.502,3.2522271574362094,1.3036241017634893,0.04738559942961729,0.22389236077469832
2025-10-28 14:59:31.530,3.2519902356089005,1.304413841187852,0.04722765154474473,0.2228656995230267
2025-10-28 14:59:32.560,3.2522271574362094,1.3040189714756707,0.04833328673885262,0.22349749106251693
2025-10-28 14:59:33.592,3.2519112616664643,1.302992310223999,0.04801739096910751,0.2225498037532816
2025-10-28 14:59:34.621,3.2522271574362094,1.3037030757059256,0.04730662548718101,0.22373441288982576
2025-10-28 14:59:35.650,3.252385105321082,1.304097945418107,0.049991739530014456,0.22247082981084532
2025-10-28 14:59:36.682,3.252148183493773,1.3036241017634893,0.050070713472450734,0.22452415231418854
2025-10-28 14:59:37.713,3.2523061313786457,1.3037030757059256,0.0469907297174359,0.22452415231418854
2025-10-28 14:59:38.744,3.252385105321082,1.3030712841664354,0.048886104335906566,0.2239713347171346
2025-10-28 14:59:39.774,3.252069209551337,1.3037030757059256,0.05022866135732329,0.22373441288982576
2025-10-28 14:59:40.803,3.2527799750332633,1.3033871799361805,0.04754354731448984,0.22436620442931599
2025-10-28 14:59:41.830,3.252385105321082,1.3043348672454158,0.048570208566161455,0.22239185586840904
2025-10-28 14:59:42.857,3.2523061313786457,1.3040189714756707,0.04683278183256334,0.22507696991124249
2025-10-28 14:59:43.887,3.2519112616664643,1.3042558933029795,0.04730662548718101,0.22310262135033554
2025-10-28 14:59:44.913,3.252385105321082,1.3034661538786168,0.047464573372053565,0.2249979959688062
2025-10-28 14:59:45.942,3.252069209551337,1.3039399975332344,0.05062353106950468,0.22491902202636993
2025-10-28 14:59:46.973,3.2517533137815917,1.3037820496483619,0.048175338853980065,0.22310262135033554
2025-10-28 14:59:48.000,3.2519112616664643,1.3043348672454158,0.04975481770270562,0.22341851712008065
2025-10-28 14:59:49.028,3.2519902356089005,1.3040189714756707,0.0484122606812889,0.22318159529277182
2025-10-28 14:59:50.059,3.2519902356089005,1.3039399975332344,0.0469907297174359,0.2257087614507327
2025-10-28 14:59:51.088,3.2519902356089005,1.3040189714756707,0.04849123462372518,0.22294467346546298
2025-10-28 14:59:52.116,3.2519112616664643,1.3031502581088716,0.04833328673885262,0.22207596009866393
2025-10-28 14:59:53.142,3.252148183493773,1.3037030757059256,0.04730662548718101,0.2239713347171346
2025-10-28 14:59:54.172,3.2517533137815917,1.3043348672454158,0.0484122606812889,0.22341851712008065
2025-10-28 14:59:55.203,3.2517533137815917,1.3037030757059256,0.050781478954377235,0.22341851712008065
2025-10-28 14:59:56.230,3.251516391954283,1.3039399975332344,0.050070713472450734,0.22365543894738948
2025-10-28 14:59:57.253,3.2514374180118466,1.304097945418107,0.047069703659872175,0.2225498037532816
2025-10-28 14:59:58.286,3.251516391954283,1.3037030757059256,0.047464573372053565,0.22341851712008065
2025-10-28 14:59:59.312,3.251516391954283,1.3039399975332344,0.04722765154474473,0.22476107414149737
2025-10-28 15:00:00.343,3.2516743398391554,1.3034661538786168,0.04975481770270562,0.22420825654444343
2025-10-28 15:00:01.373,3.251516391954283,1.303545127821053,0.047069703659872175,0.22341851712008065
2025-10-28 15:00:02.398,3.251595365896719,1.3042558933029795,0.04935994799052423,0.22444517837175226
2025-10-28 15:00:03.424,3.2511215222421015,1.3048087109000335,0.047859443084234954,0.22412928260200715
2025-10-28 15:00:04.451,3.251516391954283,1.3041769193605433,0.04991276558757818,0.22460312625662482
2025-10-28 15:00:05.478,3.250963574357229,1.303545127821053,0.04801739096910751,0.22310262135033554
2025-10-28 15:00:06.509,3.251279470126974,1.3033082059937442,0.04833328673885262,0.22491902202636993
2025-10-28 15:00:07.538,3.251595365896719,1.3034661538786168,0.04754354731448984,0.2221549340411002
2025-10-28 15:00:08.568,3.2513584440694103,1.303545127821053,0.04880713039347029,0.22318159529277182
2025-10-28 15:00:09.597,3.2511215222421015,1.3033871799361805,0.04904405222077912,0.22199698615622765
2025-10-28 15:00:10.623,3.250963574357229,1.304097945418107,0.048886104335906566,0.22460312625662482
2025-10-28 15:00:11.651,3.2508056264723564,1.3047297369575972,0.04991276558757818,0.22333954317764437
2025-10-28 15:00:12.678,3.2511215222421015,1.3039399975332344,0.047859443084234954,0.22176006432891882
2025-10-28 15:00:13.703,3.2508056264723564,1.3033871799361805,0.04754354731448984,0.22405030865957087
2025-10-28 15:00:14.730,3.251042548299665,1.303545127821053,0.04872815645103401,0.2218390382713551
2025-10-28 15:00:15.758,3.2508056264723564,1.3041769193605433,0.04683278183256334,0.22207596009866393
2025-10-28 15:00:16.789,3.251516391954283,1.3039399975332344,0.04809636491154379,0.22247082981084532
2025-10-28 15:00:17.818,3.251042548299665,1.3039399975332344,0.04730662548718101,0.22168109038648254
2025-10-28 15:00:18.840,3.251042548299665,1.3037820496483619,0.04730662548718101,0.22444517837175226
2025-10-28 15:00:19.872,3.2512004961845378,1.3043348672454158,0.0484122606812889,0.22223390798353648
2025-10-28 15:00:20.903,3.2512004961845378,1.3043348672454158,0.04833328673885262,0.225787735393169
2025-10-28 15:00:21.932,3.2508846004147927,1.3037820496483619,0.05014968741488701,0.22412928260200715
2025-10-28 15:00:22.957,3.2512004961845378,1.3037820496483619,0.047464573372053565,0.22176006432891882
2025-10-28 15:00:23.985,3.25072665252992,1.3034661538786168,0.049675843760269345,0.22318159529277182
2025-10-28 15:00:25.014,3.2511215222421015,1.3038610235907981,0.046753807890127064,0.2225498037532816
2025-10-28 15:00:26.043,3.2512004961845378,1.3036241017634893,0.04722765154474473,0.2257087614507327
2025-10-28 15:00:27.071,3.2505687046450475,1.3036241017634893,0.04951789587539679,0.22239185586840904
2025-10-28 15:00:28.100,3.250410756760175,1.303545127821053,0.047069703659872175,0.22262877769571787
2025-10-28 15:00:29.129,3.2508056264723564,1.3040189714756707,0.050781478954377235,0.2225498037532816
2025-10-28 15:00:30.155,3.2508846004147927,1.3038610235907981,0.05030763529975957,0.22294467346546298
2025-10-28 15:00:31.180,3.251042548299665,1.3041769193605433,0.046674833947690786,0.22333954317764437
2025-10-28 15:00:32.206,3.25072665252992,1.3039399975332344,0.049280974048087955,0.22381338683226204
2025-10-28 15:00:33.237,3.2508846004147927,1.3033082059937442,0.047859443084234954,0.22247082981084532
2025-10-28 15:00:34.266,3.2511215222421015,1.3036241017634893,0.048965078278342844,0.2232605692352081
2025-10-28 15:00:35.290,3.25072665252992,1.3044928151302884,0.04920200010565168,0.22365543894738948
2025-10-28 15:00:36.322,3.250647678587484,1.304097945418107,0.04793841702667123,0.22318159529277182
2025-10-28 15:00:37.345,3.25072665252992,1.3039399975332344,0.04880713039347029,0.22381338683226204
2025-10-28 15:00:38.376,3.2508846004147927,1.3037820496483619,0.04730662548718101,0.22412928260200715
2025-10-28 15:00:39.403,3.250647678587484,1.3040189714756707,0.05014968741488701,0.2242872304868797
2025-10-28 15:00:40.431,3.2504897307026113,1.3042558933029795,0.05014968741488701,0.22318159529277182
2025-10-28 15:00:41.458,3.250410756760175,1.3040189714756707,0.047859443084234954,0.22333954317764437
2025-10-28 15:00:42.489,3.2508846004147927,1.3033082059937442,0.047464573372053565,0.22262877769571787
2025-10-28 15:00:43.520,3.250410756760175,1.3043348672454158,0.04714867760230845,0.22333954317764437
2025-10-28 15:00:44.549,3.250647678587484,1.3034661538786168,0.0477014951993624,0.22507696991124249
2025-10-28 15:00:45.580,3.2503317828177387,1.303545127821053,0.0469907297174359,0.22262877769571787
2025-10-28 15:00:46.610,3.2503317828177387,1.3038610235907981,0.049280974048087955,0.2232605692352081
2025-10-28 15:00:47.641,3.2504897307026113,1.3034661538786168,0.04793841702667123,0.22531389173855132
2025-10-28 15:00:48.671,3.250410756760175,1.3040189714756707,0.050386609242195846,0.22262877769571787
2025-10-28 15:00:49.702,3.2505687046450475,1.304650763015161,0.04801739096910751,0.22333954317764437
2025-10-28 15:00:50.732,3.2504897307026113,1.3038610235907981,0.04714867760230845,0.2225498037532816
2025-10-28 15:00:51.764,3.2508846004147927,1.3041769193605433,0.05093942683924979,0.22389236077469832
2025-10-28 15:00:52.792,3.2508056264723564,1.304097945418107,0.04864918250859773,0.22207596009866393
2025-10-28 15:00:53.819,3.2504897307026113,1.3033871799361805,0.04691175577499962,0.22405030865957087
2025-10-28 15:00:54.848,3.250647678587484,1.3033871799361805,0.04793841702667123,0.2246821001990611
2025-10-28 15:00:55.878,3.250410756760175,1.304413841187852,0.047069703659872175,0.22294467346546298
2025-10-28 15:00:56.900,3.2502528088753024,1.3036241017634893,0.05030763529975957,0.22507696991124249
2025-10-28 15:00:57.932,3.2500158870479936,1.304413841187852,0.04801739096910751,0.2235764650049532
2025-10-28 15:00:58.962,3.25009486099043,1.3040189714756707,0.047780469141798676,0.22381338683226204
2025-10-28 15:00:59.992,3.2502528088753024,1.3037030757059256,0.047859443084234954,0.22231288192597276
2025-10-28 15:01:01.020,3.249857939163121,1.304097945418107,0.0484122606812889,0.22333954317764437
2025-10-28 15:01:02.047,3.2502528088753024,1.3031502581088716,0.04864918250859773,0.22365543894738948
2025-10-28 15:01:03.073,3.2502528088753024,1.304097945418107,0.047069703659872175,0.22405030865957087
2025-10-28 15:01:04.105,3.2502528088753024,1.3037030757059256,0.04762252125692612,0.2239713347171346
2025-10-28 15:01:05.136,3.25009486099043,1.304097945418107,0.04691175577499962,0.22247082981084532
2025-10-28 15:01:06.167,3.2496999912782485,1.3038610235907981,0.048570208566161455,0.2239713347171346
2025-10-28 15:01:07.196,3.2494630694509397,1.303229232051308,0.05022866135732329,0.22310262135033554
2025-10-28 15:01:08.224,3.2500158870479936,1.3045717890727246,0.0484122606812889,0.22310262135033554
2025-10-28 15:01:09.255,3.2499369131055573,1.3042558933029795,0.04801739096910751,0.2228656995230267
2025-10-28 15:01:10.282,3.2496999912782485,1.304650763015161,0.0469907297174359,0.22247082981084532
2025-10-28 15:01:11.309,3.249621017335812,1.3034661538786168,0.048570208566161455,0.22531389173855132
2025-10-28 15:01:12.338,3.2500158870479936,1.304097945418107,0.04864918250859773,0.22176006432891882
2025-10-28 15:01:13.361,3.2496999912782485,1.303545127821053,0.0477014951993624,0.22302364740789926
2025-10-28 15:01:14.389,3.249542043393376,1.303545127821053,0.04880713039347029,0.22405030865957087
2025-10-28 15:01:15.416,3.249621017335812,1.3033082059937442,0.04714867760230845,0.22341851712008065
2025-10-28 15:01:16.444,3.2496999912782485,1.3037030757059256,0.0484122606812889,0.22365543894738948
2025-10-28 15:01:17.474,3.249621017335812,1.3039399975332344,0.04738559942961729,0.22420825654444343
2025-10-28 15:01:18.500,3.2494630694509397,1.304097945418107,0.04801739096910751,0.22294467346546298
2025-10-28 15:01:19.523,3.249542043393376,1.3034661538786168,0.05014968741488701,0.22602465722047782
2025-10-28 15:01:20.553,3.2497789652206848,1.3034661538786168,0.04722765154474473,0.22420825654444343
2025-10-28 15:01:21.581,3.249305121566067,1.3037820496483619,0.04738559942961729,0.22476107414149737
2025-10-28 15:01:22.612,3.249621017335812,1.3043348672454158,0.04833328673885262,0.2249979959688062
2025-10-28 15:01:23.638,3.2497789652206848,1.3031502581088716,0.0491230261632154,0.22247082981084532
2025-10-28 15:01:24.666,3.249305121566067,1.3041769193605433,0.04872815645103401,0.22547183962342388
2025-10-28 15:01:25.693,3.249542043393376,1.3037820496483619,0.04975481770270562,0.22278672558059043
2025-10-28 15:01:26.724,3.249542043393376,1.3041769193605433,0.04730662548718101,0.22547183962342388
2025-10-28 15:01:27.755,3.2493840955085034,1.3037030757059256,0.047859443084234954,0.22302364740789926
2025-10-28 15:01:28.786,3.2493840955085034,1.3043348672454158,0.04738559942961729,0.22349749106251693
2025-10-28 15:01:29.818,3.2493840955085034,1.3037030757059256,0.049991739530014456,0.2228656995230267
2025-10-28 15:01:30.842,3.249305121566067,1.3042558933029795,0.04683278183256334,0.2242872304868797
2025-10-28 15:01:31.866,3.2490681997387583,1.3042558933029795,0.04754354731448984,0.22349749106251693
2025-10-28 15:01:32.890,3.249226147623631,1.3033871799361805,0.04754354731448984,0.2235764650049532
2025-10-28 15:01:33.913,3.2490681997387583,1.3033082059937442,0.04801739096910751,0.2228656995230267
2025-10-28 15:01:34.936,3.249305121566067,1.304413841187852,0.04959686981783307,0.22452415231418854
2025-10-28 15:01:35.959,3.2496999912782485,1.3039399975332344,0.047859443084234954,0.2225498037532816
2025-10-28 15:01:36.982,3.249226147623631,1.3037820496483619,0.04691175577499962,0.22452415231418854
2025-10-28 15:01:38.005,3.2496999912782485,1.3033082059937442,0.0469907297174359,0.22373441288982576
2025-10-28 15:01:39.028,3.2491471736811945,1.3036241017634893,0.04872815645103401,0.22349749106251693
2025-10-28 15:01:40.053,3.249857939163121,1.3031502581088716,0.047069703659872175,0.22278672558059043
2025-10-28 15:01:41.077,3.2493840955085034,1.3033871799361805,0.048886104335906566,0.2242872304868797
2025-10-28 15:01:42.101,3.2485943560841406,1.3039399975332344,0.04920200010565168,0.2246821001990611
2025-10-28 15:01:43.126,3.2490681997387583,1.3030712841664354,0.04762252125692612,0.22365543894738948
2025-10-28 15:01:44.154,3.248673330026577,1.304413841187852,0.04714867760230845,0.22341851712008065
2025-10-28 15:01:45.181,3.249226147623631,1.3037030757059256,0.04951789587539679,0.22247082981084532
2025-10-28 15:01:46.205,3.2488312779114494,1.3038610235907981,0.0477014951993624,0.22302364740789926
2025-10-28 15:01:47.227,3.2490681997387583,1.3047297369575972,0.04754354731448984,0.22531389173855132
2025-10-28 15:01:48.251,3.2491471736811945,1.304097945418107,0.04722765154474473,0.22405030865957087
2025-10-28 15:01:49.275,3.2485153821417043,1.303545127821053,0.04904405222077912,0.22341851712008065
2025-10-28 15:01:50.299,3.2491471736811945,1.3034661538786168,0.04801739096910751,0.22270775163815415
2025-10-28 15:01:51.327,3.2490681997387583,1.3034661538786168,0.04833328673885262,0.22586670933560526
2025-10-28 15:01:52.360,3.248752303969013,1.3036241017634893,0.04975481770270562,0.22223390798353648
2025-10-28 15:01:53.390,3.2493840955085034,1.302676414454254,0.04730662548718101,0.22412928260200715
2025-10-28 15:01:54.416,3.248752303969013,1.3034661538786168,0.047069703659872175,0.22310262135033554
2025-10-28 15:01:55.442,3.2488312779114494,1.3043348672454158,0.05030763529975957,0.22231288192597276
2025-10-28 15:01:56.468,3.248673330026577,1.303545127821053,0.048175338853980065,0.2249979959688062
2025-10-28 15:01:57.492,3.248673330026577,1.3036241017634893,0.04833328673885262,0.22294467346546298
2025-10-28 15:01:58.519,3.248989225796322,1.3037030757059256,0.047464573372053565,0.22207596009866393
2025-10-28 15:01:59.545,3.2488312779114494,1.304097945418107,0.04738559942961729,0.22302364740789926
2025-10-28 15:02:00.571,3.248199486371959,1.3034661538786168,0.048570208566161455,0.22436620442931599
2025-10-28 15:02:01.598,3.2483574342568318,1.3033871799361805,0.04801739096910751,0.22270775163815415
2025-10-28 15:02:02.624,3.2483574342568318,1.3043348672454158,0.047859443084234954,0.22262877769571787
2025-10-28 15:02:03.652,3.2480415384870867,1.3040189714756707,0.04730662548718101,0.22333954317764437
2025-10-28 15:02:04.680,3.248120512429523,1.3043348672454158,0.04714867760230845,0.2235764650049532
2025-10-28 15:02:05.707,3.2483574342568318,1.3042558933029795,0.04864918250859773,0.22436620442931599
2025-10-28 15:02:06.734,3.248436408199268,1.3039399975332344,0.048570208566161455,0.22302364740789926
2025-10-28 15:02:07.760,3.248673330026577,1.304097945418107,0.04730662548718101,0.22452415231418854
2025-10-28 15:02:08.791,3.2485153821417043,1.3040189714756707,0.04833328673885262,0.22381338683226204
2025-10-28 15:02:09.816,3.248199486371959,1.3038610235907981,0.04793841702667123,0.22199698615622765
2025-10-28 15:02:10.844,3.2480415384870867,1.3041769193605433,0.047859443084234954,0.22515594385367876
2025-10-28 15:02:11.871,3.2483574342568318,1.3036241017634893,0.05093942683924979,0.2228656995230267
2025-10-28 15:02:12.898,3.2479625645446504,1.304097945418107,0.047069703659872175,0.2232605692352081
2025-10-28 15:02:13.926,3.248199486371959,1.3041769193605433,0.04730662548718101,0.22405030865957087
2025-10-28 15:02:14.954,3.248199486371959,1.3040189714756707,0.0469907297174359,0.2228656995230267
2025-10-28 15:02:15.979,3.2482784603143955,1.3037820496483619,0.04833328673885262,0.22318159529277182
2025-10-28 15:02:17.007,3.247804616659778,1.3038610235907981,0.047464573372053565,0.22318159529277182
2025-10-28 15:02:18.032,3.248199486371959,1.3034661538786168,0.048886104335906566,0.22294467346546298
2025-10-28 15:02:19.058,3.2480415384870867,1.3037030757059256,0.04793841702667123,0.22349749106251693
2025-10-28 15:02:20.088,3.2479625645446504,1.304413841187852,0.0491230261632154,0.22507696991124249
2025-10-28 15:02:21.113,3.2476466687749053,1.304097945418107,0.04738559942961729,0.22270775163815415
2025-10-28 15:02:22.138,3.247804616659778,1.3037030757059256,0.04691175577499962,0.2242872304868797
2025-10-28 15:02:23.163,3.247804616659778,1.3039399975332344,0.047069703659872175,0.22231288192597276
2025-10-28 15:02:24.190,3.248199486371959,1.3033082059937442,0.05093942683924979,0.2242872304868797
2025-10-28 15:02:25.214,3.247567694832469,1.303545127821053,0.05046558318463212,0.22484004808393365
2025-10-28 15:02:26.244,3.247804616659778,1.3045717890727246,0.04691175577499962,0.22223390798353648
2025-10-28 15:02:27.270,3.2479625645446504,1.3037820496483619,0.0477014951993624,0.2228656995230267
2025-10-28 15:02:28.295,3.2474887208900327,1.3041769193605433,0.04738559942961729,0.2221549340411002
2025-10-28 15:02:29.321,3.2477256427173415,1.3036241017634893,0.048175338853980065,0.2218390382713551
2025-10-28 15:02:30.348,3.2477256427173415,1.3038610235907981,0.050781478954377235,0.22310262135033554
2025-10-28 15:02:31.377,3.2477256427173415,1.3037030757059256,0.04714867760230845,0.22341851712008065
2025-10-28 15:02:32.405,3.2474887208900327,1.3037030757059256,0.04991276558757818,0.2239713347171346
2025-10-28 15:02:33.430,3.2479625645446504,1.3039399975332344,0.04738559942961729,0.2253928656809876
2025-10-28 15:02:34.455,3.247567694832469,1.303545127821053,0.0491230261632154,0.22349749106251693
2025-10-28 15:02:35.484,3.247804616659778,1.3048876848424698,0.046674833947690786,0.22310262135033554
2025-10-28 15:02:36.511,3.248120512429523,1.303229232051308,0.047464573372053565,0.22491902202636993
2025-10-28 15:02:37.542,3.248120512429523,1.3045717890727246,0.04683278183256334,0.22191801221379137
2025-10-28 15:02:38.573,3.24733077300516,1.3034661538786168,0.05014968741488701,0.2228656995230267
2025-10-28 15:02:39.602,3.2476466687749053,1.3043348672454158,0.047859443084234954,0.22247082981084532
2025-10-28 15:02:40.629,3.247567694832469,1.304097945418107,0.05086045289681351,0.22302364740789926
2025-10-28 15:02:41.658,3.2477256427173415,1.3037820496483619,0.04959686981783307,0.2242872304868797
2025-10-28 15:02:42.689,3.2470938511778513,1.3034661538786168,0.04762252125692612,0.22341851712008065
2025-10-28 15:02:43.720,3.2477256427173415,1.3037030757059256,0.04762252125692612,0.2225498037532816
2025-10-28 15:02:44.750,3.247883590602214,1.3038610235907981,0.04754354731448984,0.22460312625662482
2025-10-28 15:02:45.781,3.247567694832469,1.3042558933029795,0.04730662548718101,0.2214441685591737
2025-10-28 15:02:46.809,3.2470938511778513,1.3036241017634893,0.051097374724122346,0.22420825654444343
2025-10-28 15:02:47.838,3.2474097469475964,1.3037820496483619,0.04691175577499962,0.22278672558059043
2025-10-28 15:02:48.864,3.247567694832469,1.3033871799361805,0.04683278183256334,0.22523491779611504
2025-10-28 15:02:49.893,3.2477256427173415,1.3037030757059256,0.048570208566161455,0.2225498037532816
2025-10-28 15:02:50.923,3.247251799062724,1.3037820496483619,0.047069703659872175,0.2218390382713551
2025-10-28 15:02:51.952,3.247567694832469,1.304413841187852,0.04880713039347029,0.22365543894738948
2025-10-28 15:02:52.978,3.2474887208900327,1.3042558933029795,0.048175338853980065,0.22381338683226204
2025-10-28 15:02:54.008,3.2474097469475964,1.3037820496483619,0.0484122606812889,0.225787735393169
2025-10-28 15:02:55.037,3.2470938511778513,1.3038610235907981,0.04801739096910751,0.22302364740789926
2025-10-28 15:02:56.068,3.247567694832469,1.3037820496483619,0.04825431279641634,0.22333954317764437
2025-10-28 15:02:57.094,3.2466200075232337,1.304413841187852,0.04738559942961729,0.2221549340411002
2025-10-28 15:02:58.121,3.2470938511778513,1.3040189714756707,0.04975481770270562,0.22341851712008065
2025-10-28 15:02:59.148,3.247014877235415,1.304097945418107,0.04833328673885262,0.22586670933560526
2025-10-28 15:03:00.179,3.247567694832469,1.3031502581088716,0.04825431279641634,0.2228656995230267
2025-10-28 15:03:01.206,3.2470938511778513,1.3038610235907981,0.04809636491154379,0.22310262135033554
2025-10-28 15:03:02.234,3.2474097469475964,1.3039399975332344,0.05022866135732329,0.22294467346546298
2025-10-28 15:03:03.256,3.2470938511778513,1.3037030757059256,0.04959686981783307,0.2225498037532816
2025-10-28 15:03:04.285,3.2469359032929788,1.3041769193605433,0.05022866135732329,0.22389236077469832
2025-10-28 15:03:05.312,3.2468569293505425,1.3033871799361805,0.04825431279641634,0.22476107414149737
2025-10-28 15:03:06.338,3.2471728251202876,1.3038610235907981,0.04801739096910751,0.22476107414149737
2025-10-28 15:03:07.365,3.247251799062724,1.3039399975332344,0.04809636491154379,0.22381338683226204
2025-10-28 15:03:08.396,3.247014877235415,1.303545127821053,0.0469907297174359,0.22239185586840904
2025-10-28 15:03:09.425,3.247014877235415,1.3048876848424698,0.047069703659872175,0.22333954317764437
2025-10-28 15:03:10.451,3.247567694832469,1.3037030757059256,0.04825431279641634,0.22381338683226204
2025-10-28 15:03:11.479,3.2468569293505425,1.3031502581088716,0.0469907297174359,0.22484004808393365
2025-10-28 15:03:12.505,3.2470938511778513,1.3041769193605433,0.047780469141798676,0.22302364740789926
2025-10-28 15:03:13.531,3.2471728251202876,1.3033082059937442,0.0477014951993624,0.2232605692352081
2025-10-28 15:03:14.561,3.2471728251202876,1.3042558933029795,0.048175338853980065,0.22310262135033554
2025-10-28 15:03:15.592,3.2470938511778513,1.3037820496483619,0.04849123462372518,0.22262877769571787
2025-10-28 15:03:16.625,3.246777955408106,1.304097945418107,0.04793841702667123,0.2235764650049532
2025-10-28 15:03:17.656,3.2468569293505425,1.3033871799361805,0.0484122606812889,0.2235764650049532
2025-10-28 15:03:18.683,3.2474097469475964,1.3041769193605433,0.047464573372053565,0.22199698615622765
2025-10-28 15:03:19.706,3.247014877235415,1.3036241017634893,0.046753807890127064,0.22231288192597276
2025-10-28 15:03:20.737,3.2469359032929788,1.3037820496483619,0.0498337916451419,0.22333954317764437
2025-10-28 15:03:21.767,3.2469359032929788,1.3039399975332344,0.04722765154474473,0.2261036311629141
2025-10-28 15:03:22.798,3.246777955408106,1.3037820496483619,0.0498337916451419,0.22239185586840904
2025-10-28 15:03:23.829,3.2469359032929788,1.3042558933029795,0.0484122606812889,0.22602465722047782
2025-10-28 15:03:24.852,3.2468569293505425,1.3027553883966903,0.04809636491154379,0.22389236077469832
2025-10-28 15:03:25.880,3.246383085695925,1.3038610235907981,0.04714867760230845,0.22191801221379137
2025-10-28 15:03:26.903,3.2468569293505425,1.3039399975332344,0.0477014951993624,0.22160211644404626
2025-10-28 15:03:27.930,3.247014877235415,1.304097945418107,0.05022866135732329,0.2228656995230267
2025-10-28 15:03:28.961,3.246777955408106,1.3037030757059256,0.049991739530014456,0.2235764650049532
2025-10-28 15:03:29.989,3.246777955408106,1.303545127821053,0.04864918250859773,0.22294467346546298
2025-10-28 15:03:31.019,3.24669898146567,1.3039399975332344,0.04943892193296051,0.2218390382713551
2025-10-28 15:03:32.049,3.246462059638361,1.3031502581088716,0.0484122606812889,0.22318159529277182
2025-10-28 15:03:33.077,3.2466200075232337,1.303229232051308,0.04833328673885262,0.22191801221379137
2025-10-28 15:03:34.106,3.2465410335807974,1.3037030757059256,0.046753807890127064,0.22270775163815415
2025-10-28 15:03:35.137,3.2468569293505425,1.3040189714756707,0.0498337916451419,0.22365543894738948
2025-10-28 15:03:36.171,3.24669898146567,1.304097945418107,0.04880713039347029,0.22381338683226204
2025-10-28 15:03:37.201,3.2465410335807974,1.3039399975332344,0.047464573372053565,0.2242872304868797
2025-10-28 15:03:38.232,3.2468569293505425,1.3037820496483619,0.04762252125692612,0.22460312625662482
2025-10-28 15:03:39.262,3.246146163868616,1.3038610235907981,0.04793841702667123,0.22199698615622765
2025-10-28 15:03:40.291,3.2463041117534885,1.3039399975332344,0.04864918250859773,0.22333954317764437
2025-10-28 15:03:41.316,3.24669898146567,1.3033082059937442,0.05062353106950468,0.22239185586840904
2025-10-28 15:03:42.340,3.246383085695925,1.3043348672454158,0.0477014951993624,0.22262877769571787
2025-10-28 15:03:43.366,3.246383085695925,1.3048087109000335,0.0477014951993624,0.2242872304868797
2025-10-28 15:03:44.397,3.2465410335807974,1.3037820496483619,0.05030763529975957,0.22270775163815415
2025-10-28 15:03:45.422,3.2460671899261797,1.3037820496483619,0.047780469141798676,0.22199698615622765
2025-10-28 15:03:46.450,3.2456723202139983,1.303545127821053,0.048175338853980065,0.22389236077469832
2025-10-28 15:03:47.474,3.2459882159837434,1.304413841187852,0.04738559942961729,0.2225498037532816
2025-10-28 15:03:48.505,3.2463041117534885,1.3043348672454158,0.05030763529975957,0.22262877769571787
2025-10-28 15:03:49.536,3.245909242041307,1.3039399975332344,0.049280974048087955,0.22460312625662482
2025-10-28 15:03:50.567,3.2463041117534885,1.3036241017634893,0.047780469141798676,0.2253928656809876
2025-10-28 15:03:51.596,3.246462059638361,1.303545127821053,0.04809636491154379,0.22199698615622765
2025-10-28 15:03:52.627,3.2459882159837434,1.3039399975332344,0.047780469141798676,0.22294467346546298
2025-10-28 15:03:53.659,3.246462059638361,1.3041769193605433,0.04714867760230845,0.2228656995230267
2025-10-28 15:03:54.689,3.246146163868616,1.3039399975332344,0.050781478954377235,0.22349749106251693
2025-10-28 15:03:55.719,3.245830268098871,1.3034661538786168,0.04683278183256334,0.22262877769571787
2025-10-28 15:03:56.750,3.245593346271562,1.3037030757059256,0.04762252125692612,0.2242872304868797
2025-10-28 15:03:57.776,3.245909242041307,1.3039399975332344,0.04849123462372518,0.22278672558059043
2025-10-28 15:03:58.806,3.245909242041307,1.3037820496483619,0.049280974048087955,0.2239713347171346
2025-10-28 15:03:59.838,3.245593346271562,1.3033082059937442,0.04951789587539679,0.22199698615622765
2025-10-28 15:04:00.868,3.2459882159837434,1.3042558933029795,0.04849123462372518,0.22333954317764437
2025-10-28 15:04:01.895,3.2459882159837434,1.3037820496483619,0.0477014951993624,0.22349749106251693
2025-10-28 15:04:02.918,3.245593346271562,1.304097945418107,0.050386609242195846,0.22239185586840904
2025-10-28 15:04:03.948,3.2454353983866895,1.3042558933029795,0.0491230261632154,0.22547183962342388
2025-10-28 15:04:04.977,3.2455143723291258,1.3031502581088716,0.0469907297174359,0.22247082981084532
2025-10-28 15:04:06.009,3.245356424444253,1.3037820496483619,0.04730662548718101,0.22310262135033554
2025-10-28 15:04:07.035,3.245356424444253,1.3036241017634893,0.04849123462372518,0.2249979959688062
2025-10-28 15:04:08.066,3.245909242041307,1.3043348672454158,0.04801739096910751,0.22168109038648254
2025-10-28 15:04:09.094,3.2455143723291258,1.304097945418107,0.047780469141798676,0.2242872304868797
2025-10-28 15:04:10.124,3.2455143723291258,1.3041769193605433,0.049991739530014456,0.22191801221379137
2025-10-28 15:04:11.151,3.2456723202139983,1.3036241017634893,0.05101840078168607,0.22302364740789926
2025-10-28 15:04:12.178,3.244961554732072,1.3037030757059256,0.05062353106950468,0.22223390798353648
2025-10-28 15:04:13.205,3.245277450501817,1.3039399975332344,0.04920200010565168,0.22152314250160998
2025-10-28 15:04:14.231,3.2457512941564346,1.3043348672454158,0.04738559942961729,0.22365543894738948
2025-10-28 15:04:15.257,3.2451195026169444,1.3043348672454158,0.04738559942961729,0.22239185586840904
2025-10-28 15:04:16.283,3.2455143723291258,1.3037030757059256,0.04975481770270562,0.22310262135033554
2025-10-28 15:04:17.313,3.245909242041307,1.3039399975332344,0.04880713039347029,0.22452415231418854
2025-10-28 15:04:18.343,3.245593346271562,1.3037820496483619,0.04904405222077912,0.2225498037532816
2025-10-28 15:04:19.369,3.245356424444253,1.303545127821053,0.05062353106950468,0.22333954317764437
2025-10-28 15:04:20.397,3.2456723202139983,1.3039399975332344,0.0505445571270684,0.22491902202636993
2025-10-28 15:04:21.426,3.245277450501817,1.3029133362815628,0.05030763529975957,0.2232605692352081
2025-10-28 15:04:22.456,3.245356424444253,1.3036241017634893,0.04793841702667123,0.22523491779611504
2025-10-28 15:04:23.487,3.2455143723291258,1.3039399975332344,0.048965078278342844,0.22199698615622765
2025-10-28 15:04:24.510,3.245909242041307,1.3041769193605433,0.049675843760269345,0.22365543894738948
2025-10-28 15:04:25.539,3.245356424444253,1.3037820496483619,0.04943892193296051,0.22278672558059043
2025-10-28 15:04:26.570,3.2455143723291258,1.304097945418107,0.04864918250859773,0.2257087614507327
2025-10-28 15:04:27.601,3.245040528674508,1.3038610235907981,0.048175338853980065,0.2232605692352081
2025-10-28 15:04:28.632,3.2451984765593807,1.3037820496483619,0.0484122606812889,0.22452415231418854
2025-10-28 15:04:29.658,3.244961554732072,1.304097945418107,0.04730662548718101,0.22247082981084532
2025-10-28 15:04:30.686,3.2455143723291258,1.3042558933029795,0.047069703659872175,0.22294467346546298
2025-10-28 15:04:31.714,3.245040528674508,1.3037030757059256,0.048570208566161455,0.2257087614507327
2025-10-28 15:04:32.740,3.2454353983866895,1.3041769193605433,0.047069703659872175,0.22270775163815415
2025-10-28 15:04:33.770,3.244961554732072,1.3039399975332344,0.047780469141798676,0.2261036311629141
2025-10-28 15:04:34.800,3.2451195026169444,1.303545127821053,0.04809636491154379,0.22262877769571787
2025-10-28 15:04:35.828,3.245356424444253,1.3033871799361805,0.0477014951993624,0.22294467346546298
2025-10-28 15:04:36.855,3.2454353983866895,1.3033082059937442,0.04738559942961729,0.22389236077469832
2025-10-28 15:04:37.884,3.245356424444253,1.3040189714756707,0.04738559942961729,0.22294467346546298
2025-10-28 15:04:38.910,3.245040528674508,1.302992310223999,0.04738559942961729,0.2239713347171346
2025-10-28 15:04:39.936,3.2448825807896355,1.3037820496483619,0.0498337916451419,0.2235764650049532
2025-10-28 15:04:40.961,3.2448036068471993,1.304413841187852,0.048175338853980065,0.22278672558059043
2025-10-28 15:04:41.987,3.2448825807896355,1.3038610235907981,0.047464573372053565,0.22231288192597276
2025-10-28 15:04:43.013,3.2443297631925816,1.3041769193605433,0.048886104335906566,0.22365543894738948
2025-10-28 15:04:44.038,3.244961554732072,1.304097945418107,0.04793841702667123,0.22231288192597276
2025-10-28 15:04:45.064,3.244408737135018,1.3031502581088716,0.047780469141798676,0.22168109038648254
2025-10-28 15:04:46.095,3.2451984765593807,1.3044928151302884,0.050781478954377235,0.22270775163815415
2025-10-28 15:04:47.123,3.244961554732072,1.304413841187852,0.047069703659872175,0.22262877769571787
2025-10-28 15:04:48.152,3.244487711077454,1.3045717890727246,0.04864918250859773,0.22389236077469832
2025-10-28 15:04:49.184,3.244408737135018,1.3034661538786168,0.04975481770270562,0.22239185586840904
2025-10-28 15:04:50.211,3.244487711077454,1.3037030757059256,0.04833328673885262,0.22341851712008065
2025-10-28 15:04:51.238,3.2445666850198904,1.3041769193605433,0.04738559942961729,0.2232605692352081
2025-10-28 15:04:52.264,3.2446456589623267,1.3037030757059256,0.0469907297174359,0.22341851712008065
2025-10-28 15:04:53.287,3.2448036068471993,1.303229232051308,0.04683278183256334,0.22294467346546298
2025-10-28 15:04:54.310,3.245040528674508,1.3036241017634893,0.05062353106950468,0.22349749106251693
2025-10-28 15:04:55.334,3.244408737135018,1.303545127821053,0.04864918250859773,0.2232605692352081
2025-10-28 15:04:56.357,3.2446456589623267,1.3033871799361805,0.04904405222077912,0.22262877769571787
2025-10-28 15:04:57.381,3.2446456589623267,1.3042558933029795,0.04738559942961729,0.2221549340411002
2025-10-28 15:04:58.405,3.244408737135018,1.304097945418107,0.04904405222077912,0.22231288192597276
2025-10-28 15:04:59.434,3.2448036068471993,1.304413841187852,0.04880713039347029,0.22515594385367876
2025-10-28 15:05:00.459,3.244724632904763,1.3043348672454158,0.04920200010565168,0.22278672558059043
2025-10-28 15:05:01.483,3.2448825807896355,1.3037030757059256,0.04809636491154379,0.22310262135033554
2025-10-28 15:05:02.506,3.244487711077454,1.3036241017634893,0.04833328673885262,0.2221549340411002
2025-10-28 15:05:03.529,3.244724632904763,1.3033871799361805,0.047780469141798676,0.22310262135033554
2025-10-28 15:05:04.553,3.2448825807896355,1.3036241017634893,0.04762252125692612,0.22373441288982576
2025-10-28 15:05:05.577,3.2442507892501453,1.3043348672454158,0.0477014951993624,0.22341851712008065
2025-10-28 15:05:06.602,3.2443297631925816,1.3039399975332344,0.048886104335906566,0.22349749106251693
2025-10-28 15:05:07.625,3.2440138674228365,1.3037820496483619,0.0477014951993624,0.22310262135033554
2025-10-28 15:05:08.649,3.2442507892501453,1.3038610235907981,0.046753807890127064,0.2253928656809876
2025-10-28 15:05:09.672,3.244171815307709,1.3033871799361805,0.0477014951993624,0.2232605692352081
2025-10-28 15:05:10.699,3.2440138674228365,1.3040189714756707,0.04959686981783307,0.2228656995230267
2025-10-28 15:05:11.724,3.244724632904763,1.304413841187852,0.050386609242195846,0.22239185586840904
2025-10-28 15:05:12.752,3.2440928413652728,1.3044928151302884,0.0505445571270684,0.22365543894738948
2025-10-28 15:05:13.779,3.244171815307709,1.3034661538786168,0.047069703659872175,0.2225498037532816
2025-10-28 15:05:14.811,3.2439348934804,1.3037820496483619,0.05086045289681351,0.22294467346546298
2025-10-28 15:05:15.839,3.2442507892501453,1.3036241017634893,0.048570208566161455,0.2239713347171346
2025-10-28 15:05:16.865,3.243855919537964,1.3042558933029795,0.047069703659872175,0.22405030865957087
2025-10-28 15:05:17.891,3.2443297631925816,1.3039399975332344,0.047859443084234954,0.2242872304868797
2025-10-28 15:05:18.919,3.243855919537964,1.3034661538786168,0.04864918250859773,0.22278672558059043
2025-10-28 15:05:19.944,3.244487711077454,1.3037820496483619,0.05030763529975957,0.22262877769571787
2025-10-28 15:05:20.971,3.2439348934804,1.3041769193605433,0.04849123462372518,0.22333954317764437
2025-10-28 15:05:21.999,3.243618997710655,1.3030712841664354,0.04730662548718101,0.22318159529277182
2025-10-28 15:05:23.027,3.2436979716530914,1.3040189714756707,0.048175338853980065,0.22302364740789926
2025-10-28 15:05:24.056,3.243540023768219,1.304097945418107,0.04935994799052423,0.2239713347171346
2025-10-28 15:05:25.083,3.2434610498257825,1.3029133362815628,0.047859443084234954,0.22373441288982576
2025-10-28 15:05:26.111,3.243540023768219,1.3037820496483619,0.05086045289681351,0.2242872304868797
2025-10-28 15:05:27.140,3.2437769455955276,1.302992310223999,0.0484122606812889,0.2246821001990611
2025-10-28 15:05:28.167,3.2437769455955276,1.3033871799361805,0.04801739096910751,0.22310262135033554
2025-10-28 15:05:29.193,3.243540023768219,1.3037030757059256,0.047464573372053565,0.22365543894738948
2025-10-28 15:05:30.220,3.2437769455955276,1.3039399975332344,0.04849123462372518,0.22262877769571787
2025-10-28 15:05:31.248,3.243855919537964,1.3044928151302884,0.047859443084234954,0.22476107414149737
2025-10-28 15:05:32.277,3.2436979716530914,1.3039399975332344,0.0484122606812889,0.2253928656809876
2025-10-28 15:05:33.304,3.24330310194091,1.3051246066697786,0.04801739096910751,0.22231288192597276
2025-10-28 15:05:34.332,3.2437769455955276,1.3038610235907981,0.04730662548718101,0.22420825654444343
2025-10-28 15:05:35.358,3.243618997710655,1.3034661538786168,0.050386609242195846,0.22507696991124249
2025-10-28 15:05:36.381,3.2433820758833463,1.3036241017634893,0.047069703659872175,0.22452415231418854
2025-10-28 15:05:37.408,3.2436979716530914,1.3037820496483619,0.0491230261632154,0.22247082981084532
2025-10-28 15:05:38.434,3.2432241279984737,1.3038610235907981,0.049280974048087955,0.2235764650049532
2025-10-28 15:05:39.461,3.2431451540560374,1.3039399975332344,0.05022866135732329,0.22310262135033554
2025-10-28 15:05:40.487,3.24330310194091,1.3038610235907981,0.04809636491154379,0.22239185586840904
2025-10-28 15:05:41.517,3.2434610498257825,1.3037030757059256,0.048175338853980065,0.22333954317764437
2025-10-28 15:05:42.541,3.243618997710655,1.3040189714756707,0.04722765154474473,0.22460312625662482
2025-10-28 15:05:43.570,3.243618997710655,1.304097945418107,0.04793841702667123,0.22294467346546298
2025-10-28 15:05:44.596,3.2431451540560374,1.3037820496483619,0.0477014951993624,0.22405030865957087
2025-10-28 15:05:45.623,3.243540023768219,1.3033871799361805,0.04793841702667123,0.22476107414149737
2025-10-28 15:05:46.650,3.2432241279984737,1.3038610235907981,0.047464573372053565,0.22302364740789926
2025-10-28 15:05:47.675,3.2434610498257825,1.303545127821053,0.0491230261632154,0.22420825654444343
2025-10-28 15:05:48.704,3.243540023768219,1.3038610235907981,0.04691175577499962,0.2228656995230267
2025-10-28 15:05:49.732,3.2433820758833463,1.3034661538786168,0.04730662548718101,0.22310262135033554
2025-10-28 15:05:50.759,3.243618997710655,1.3036241017634893,0.049991739530014456,0.22199698615622765
2025-10-28 15:05:51.788,3.2432241279984737,1.3038610235907981,0.04683278183256334,0.22168109038648254
2025-10-28 15:05:52.812,3.2428292582862923,1.3043348672454158,0.04722765154474473,0.22436620442931599
2025-10-28 15:05:53.837,3.243066180113601,1.3038610235907981,0.04754354731448984,0.22262877769571787
2025-10-28 15:05:54.866,3.2432241279984737,1.303545127821053,0.04793841702667123,0.22420825654444343
2025-10-28 15:05:55.896,3.243540023768219,1.3037820496483619,0.04762252125692612,0.22515594385367876
2025-10-28 15:05:56.922,3.2432241279984737,1.3041769193605433,0.04904405222077912,0.22373441288982576
2025-10-28 15:05:57.954,3.242987206171165,1.3044928151302884,0.048886104335906566,0.22318159529277182
2025-10-28 15:05:58.982,3.2429082322287286,1.3047297369575972,0.04722765154474473,0.22239185586840904
2025-10-28 15:06:00.008,3.242987206171165,1.3042558933029795,0.050070713472450734,0.22452415231418854
2025-10-28 15:06:01.038,3.2429082322287286,1.3042558933029795,0.0484122606812889,0.22278672558059043
2025-10-28 15:06:02.063,3.2429082322287286,1.3039399975332344,0.047859443084234954,0.22278672558059043
2025-10-28 15:06:03.094,3.2431451540560374,1.3031502581088716,0.048965078278342844,0.22460312625662482
2025-10-28 15:06:04.122,3.2428292582862923,1.3037030757059256,0.05022866135732329,0.22262877769571787
2025-10-28 15:06:05.149,3.2429082322287286,1.3041769193605433,0.04691175577499962,0.22239185586840904
2025-10-28 15:06:06.178,3.2436979716530914,1.3041769193605433,0.05022866135732329,0.22341851712008065
2025-10-28 15:06:07.205,3.2429082322287286,1.304097945418107,0.04683278183256334,0.22239185586840904
2025-10-28 15:06:08.232,3.2432241279984737,1.3034661538786168,0.047069703659872175,0.2235764650049532
2025-10-28 15:06:09.260,3.2431451540560374,1.3040189714756707,0.04722765154474473,0.22333954317764437
2025-10-28 15:06:10.289,3.243540023768219,1.3044928151302884,0.048570208566161455,0.2232605692352081
2025-10-28 15:06:11.318,3.2425923364589835,1.3036241017634893,0.04864918250859773,0.22523491779611504
2025-10-28 15:06:12.346,3.242750284343856,1.3037030757059256,0.04833328673885262,0.22381338683226204
2025-10-28 15:06:13.372,3.242987206171165,1.3031502581088716,0.0498337916451419,0.22507696991124249
2025-10-28 15:06:14.397,3.2425923364589835,1.3033871799361805,0.04991276558757818,0.2228656995230267
2025-10-28 15:06:15.424,3.242750284343856,1.302992310223999,0.04691175577499962,0.22310262135033554
2025-10-28 15:06:16.453,3.2426713104014198,1.3031502581088716,0.047780469141798676,0.22460312625662482
2025-10-28 15:06:17.479,3.242750284343856,1.3034661538786168,0.0484122606812889,0.22318159529277182
2025-10-28 15:06:18.504,3.2426713104014198,1.3037030757059256,0.046753807890127064,0.2225498037532816
2025-10-28 15:06:19.533,3.243066180113601,1.3034661538786168,0.04730662548718101,0.22341851712008065
2025-10-28 15:06:20.561,3.242750284343856,1.3037030757059256,0.04738559942961729,0.2228656995230267
2025-10-28 15:06:21.591,3.242750284343856,1.3029133362815628,0.04659586000525451,0.22491902202636993
2025-10-28 15:06:22.618,3.2432241279984737,1.303229232051308,0.04754354731448984,0.22341851712008065
2025-10-28 15:06:23.645,3.2428292582862923,1.304650763015161,0.04730662548718101,0.22373441288982576
2025-10-28 15:06:24.671,3.2426713104014198,1.3038610235907981,0.048175338853980065,0.2232605692352081
2025-10-28 15:06:25.697,3.242118492804366,1.303545127821053,0.04762252125692612,0.22412928260200715
2025-10-28 15:06:26.728,3.242197466746802,1.3040189714756707,0.047464573372053565,0.22294467346546298
2025-10-28 15:06:27.754,3.242987206171165,1.3039399975332344,0.0484122606812889,0.22381338683226204
2025-10-28 15:06:28.780,3.2425923364589835,1.304097945418107,0.04738559942961729,0.22531389173855132
2025-10-28 15:06:29.806,3.242118492804366,1.304097945418107,0.0484122606812889,0.22247082981084532
2025-10-28 15:06:30.829,3.2422764406892384,1.3039399975332344,0.04691175577499962,0.22176006432891882
2025-10-28 15:06:31.856,3.2420395188619295,1.3040189714756707,0.04872815645103401,0.2235764650049532
2025-10-28 15:06:32.882,3.2423554146316746,1.3036241017634893,0.0484122606812889,0.22294467346546298
2025-10-28 15:06:33.908,3.2423554146316746,1.3041769193605433,0.046753807890127064,0.22247082981084532
2025-10-28 15:06:34.933,3.242434388574111,1.3033082059937442,0.047780469141798676,0.22365543894738948
2025-10-28 15:06:35.962,3.2423554146316746,1.3042558933029795,0.048175338853980065,0.22191801221379137
2025-10-28 15:06:36.993,3.242118492804366,1.3037030757059256,0.04691175577499962,0.2239713347171346
2025-10-28 15:06:38.018,3.241881570977057,1.3031502581088716,0.047780469141798676,0.22310262135033554
2025-10-28 15:06:39.045,3.241565675207312,1.3048087109000335,0.047780469141798676,0.22444517837175226
2025-10-28 15:06:40.071,3.241881570977057,1.3037820496483619,0.047069703659872175,0.2232605692352081
2025-10-28 15:06:41.097,3.241565675207312,1.3043348672454158,0.04864918250859773,0.2232605692352081
2025-10-28 15:06:42.123,3.2422764406892384,1.3040189714756707,0.05014968741488701,0.22239185586840904
2025-10-28 15:06:43.149,3.241881570977057,1.3045717890727246,0.048886104335906566,0.22247082981084532
2025-10-28 15:06:44.174,3.242197466746802,1.3037030757059256,0.047464573372053565,0.2232605692352081
2025-10-28 15:06:45.199,3.2420395188619295,1.3042558933029795,0.04825431279641634,0.22247082981084532
2025-10-28 15:06:46.225,3.241881570977057,1.304413841187852,0.049991739530014456,0.22223390798353648
2025-10-28 15:06:47.249,3.2422764406892384,1.3038610235907981,0.0491230261632154,0.22199698615622765
2025-10-28 15:06:48.274,3.242434388574111,1.3039399975332344,0.050386609242195846,0.22373441288982576
2025-10-28 15:06:49.302,3.242118492804366,1.3039399975332344,0.04951789587539679,0.22341851712008065
2025-10-28 15:06:50.329,3.2420395188619295,1.3036241017634893,0.049280974048087955,0.22247082981084532
2025-10-28 15:06:51.355,3.241881570977057,1.3036241017634893,0.0484122606812889,0.22412928260200715
2025-10-28 15:06:52.385,3.2422764406892384,1.3040189714756707,0.047859443084234954,0.22302364740789926
2025-10-28 15:06:53.415,3.2420395188619295,1.303229232051308,0.05101840078168607,0.22341851712008065
2025-10-28 15:06:54.446,3.2423554146316746,1.304097945418107,0.04880713039347029,0.22294467346546298
2025-10-28 15:06:55.473,3.241881570977057,1.3037030757059256,0.04691175577499962,0.2257087614507327
2025-10-28 15:06:56.503,3.2417236230921844,1.303229232051308,0.04825431279641634,0.22373441288982576
2025-10-28 15:06:57.533,3.2417236230921844,1.3033871799361805,0.04683278183256334,0.2235764650049532
2025-10-28 15:06:58.562,3.241644649149748,1.3037030757059256,0.048570208566161455,0.22365543894738948
2025-10-28 15:06:59.593,3.2418025970346207,1.3039399975332344,0.04825431279641634,0.22349749106251693
2025-10-28 15:07:00.622,3.241644649149748,1.304413841187852,0.048965078278342844,0.22270775163815415
2025-10-28 15:07:01.650,3.241644649149748,1.3039399975332344,0.04659586000525451,0.22278672558059043
2025-10-28 15:07:02.678,3.241091831552694,1.3039399975332344,0.04738559942961729,0.225787735393169
2025-10-28 15:07:03.702,3.241644649149748,1.303545127821053,0.047464573372053565,0.2232605692352081
2025-10-28 15:07:04.732,3.241328753380003,1.3036241017634893,0.0484122606812889,0.22333954317764437
2025-10-28 15:07:05.763,3.2414077273224393,1.3033871799361805,0.0484122606812889,0.22262877769571787
2025-10-28 15:07:06.790,3.2419605449194933,1.3033082059937442,0.047069703659872175,0.22239185586840904
2025-10-28 15:07:07.819,3.2417236230921844,1.3036241017634893,0.047859443084234954,0.22523491779611504
2025-10-28 15:07:08.845,3.2412497794375668,1.3042558933029795,0.04872815645103401,0.22310262135033554
2025-10-28 15:07:09.873,3.241328753380003,1.303229232051308,0.04691175577499962,0.22389236077469832
2025-10-28 15:07:10.899,3.2414867012648756,1.303545127821053,0.04833328673885262,0.2249979959688062
2025-10-28 15:07:11.928,3.241091831552694,1.3045717890727246,0.04825431279641634,0.22349749106251693
2025-10-28 15:07:12.956,3.2409338836678216,1.3041769193605433,0.04762252125692612,0.22476107414149737
2025-10-28 15:07:13.983,3.2411708054951305,1.3048876848424698,0.0477014951993624,0.22223390798353648
2025-10-28 15:07:15.010,3.241328753380003,1.3039399975332344,0.04801739096910751,0.22176006432891882
2025-10-28 15:07:16.035,3.2412497794375668,1.304097945418107,0.0484122606812889,0.225787735393169
2025-10-28 15:07:17.061,3.241565675207312,1.3036241017634893,0.048886104335906566,0.22349749106251693
2025-10-28 15:07:18.087,3.241012857610258,1.3037030757059256,0.047780469141798676,0.22341851712008065
2025-10-28 15:07:19.111,3.241565675207312,1.3037820496483619,0.04975481770270562,0.22333954317764437
2025-10-28 15:07:20.138,3.2412497794375668,1.3042558933029795,0.05101840078168607,0.2235764650049532
2025-10-28 15:07:21.166,3.241091831552694,1.3042558933029795,0.04722765154474473,0.22294467346546298
2025-10-28 15:07:22.192,3.2411708054951305,1.303229232051308,0.04754354731448984,0.2239713347171346
2025-10-28 15:07:23.218,3.241012857610258,1.303545127821053,0.04833328673885262,0.22381338683226204
2025-10-28 15:07:24.243,3.2414077273224393,1.3040189714756707,0.04738559942961729,0.2218390382713551
2025-10-28 15:07:25.266,3.241091831552694,1.3039399975332344,0.04714867760230845,0.22310262135033554
2025-10-28 15:07:26.293,3.2414077273224393,1.3039399975332344,0.04762252125692612,0.22562978750829643
2025-10-28 15:07:27.321,3.2414867012648756,1.3038610235907981,0.04959686981783307,0.22476107414149737
2025-10-28 15:07:28.346,3.241091831552694,1.3041769193605433,0.04809636491154379,0.22373441288982576
2025-10-28 15:07:29.369,3.2409338836678216,1.3037820496483619,0.04754354731448984,0.2225498037532816
2025-10-28 15:07:30.396,3.241328753380003,1.3033082059937442,0.04849123462372518,0.22405030865957087
2025-10-28 15:07:31.423,3.2418025970346207,1.3031502581088716,0.048175338853980065,0.22302364740789926
2025-10-28 15:07:32.448,3.2414077273224393,1.303229232051308,0.04762252125692612,0.22247082981084532
2025-10-28 15:07:33.473,3.241091831552694,1.3041769193605433,0.04659586000525451,0.22262877769571787
2025-10-28 15:07:34.499,3.240696961840513,1.3037820496483619,0.04872815645103401,0.22278672558059043
2025-10-28 15:07:35.527,3.241012857610258,1.3036241017634893,0.04864918250859773,0.22270775163815415
2025-10-28 15:07:36.552,3.2409338836678216,1.303545127821053,0.047464573372053565,0.2218390382713551
2025-10-28 15:07:37.578,3.241012857610258,1.3040189714756707,0.0477014951993624,0.22412928260200715
2025-10-28 15:07:38.604,3.240460040013204,1.3033871799361805,0.04849123462372518,0.22460312625662482
2025-10-28 15:07:39.636,3.2409338836678216,1.3033871799361805,0.05070250501194096,0.22310262135033554
2025-10-28 15:07:40.664,3.2403810660707677,1.3039399975332344,0.04880713039347029,0.2221549340411002
2025-10-28 15:07:41.687,3.2405390139556403,1.3033871799361805,0.04833328673885262,0.22381338683226204
2025-10-28 15:07:42.718,3.2403810660707677,1.3044928151302884,0.05014968741488701,0.22349749106251693
2025-10-28 15:07:43.747,3.2405390139556403,1.3037030757059256,0.04825431279641634,0.22207596009866393
2025-10-28 15:07:44.774,3.240696961840513,1.3037820496483619,0.04825431279641634,0.22531389173855132
2025-10-28 15:07:45.800,3.2405390139556403,1.3037030757059256,0.04864918250859773,0.22523491779611504
2025-10-28 15:07:46.825,3.2408549097253854,1.303229232051308,0.05014968741488701,0.2235764650049532
2025-10-28 15:07:47.857,3.2411708054951305,1.3037820496483619,0.047464573372053565,0.22436620442931599
2025-10-28 15:07:48.888,3.2409338836678216,1.3041769193605433,0.04825431279641634,0.22278672558059043
2025-10-28 15:07:49.915,3.2405390139556403,1.3040189714756707,0.04833328673885262,0.22349749106251693
2025-10-28 15:07:50.946,3.240775935782949,1.3045717890727246,0.047464573372053565,0.22231288192597276
2025-10-28 15:07:51.977,3.2406179878980765,1.302992310223999,0.04793841702667123,0.22476107414149737
2025-10-28 15:07:53.005,3.2405390139556403,1.3036241017634893,0.050070713472450734,0.22444517837175226
2025-10-28 15:07:54.032,3.2405390139556403,1.3033871799361805,0.047069703659872175,0.2228656995230267
2025-10-28 15:07:55.060,3.2405390139556403,1.3040189714756707,0.047859443084234954,0.22389236077469832
2025-10-28 15:07:56.090,3.2405390139556403,1.3042558933029795,0.04825431279641634,0.22302364740789926
2025-10-28 15:07:57.116,3.2403810660707677,1.3034661538786168,0.04825431279641634,0.22618260510535038
2025-10-28 15:07:58.143,3.240460040013204,1.3043348672454158,0.04722765154474473,0.22507696991124249
2025-10-28 15:07:59.168,3.2405390139556403,1.3040189714756707,0.0469907297174359,0.2228656995230267
2025-10-28 15:08:00.194,3.240460040013204,1.3040189714756707,0.04762252125692612,0.22333954317764437
2025-10-28 15:08:01.221,3.240144144243459,1.304413841187852,0.04849123462372518,0.22333954317764437
2025-10-28 15:08:02.247,3.2405390139556403,1.3040189714756707,0.047859443084234954,0.22239185586840904
2025-10-28 15:08:03.272,3.2405390139556403,1.3033871799361805,0.04683278183256334,0.22420825654444343
2025-10-28 15:08:04.300,3.240144144243459,1.304413841187852,0.04864918250859773,0.2225498037532816
2025-10-28 15:08:05.331,3.2403020921283314,1.3039399975332344,0.0477014951993624,0.22191801221379137
2025-10-28 15:08:06.363,3.2398282484737138,1.3036241017634893,0.049991739530014456,0.22444517837175226
2025-10-28 15:08:07.394,3.2403810660707677,1.3037030757059256,0.04691175577499962,0.22349749106251693
2025-10-28 15:08:08.422,3.240696961840513,1.3033082059937442,0.05070250501194096,0.22318159529277182
2025-10-28 15:08:09.447,3.23990722241615,1.3048087109000335,0.04951789587539679,0.22262877769571787
2025-10-28 15:08:10.474,3.23990722241615,1.303545127821053,0.04801739096910751,0.2228656995230267
2025-10-28 15:08:11.501,3.2403020921283314,1.3036241017634893,0.05022866135732329,0.22294467346546298
2025-10-28 15:08:12.529,3.23990722241615,1.3039399975332344,0.04920200010565168,0.22318159529277182
2025-10-28 15:08:13.555,3.2403020921283314,1.3043348672454158,0.04872815645103401,0.22389236077469832
2025-10-28 15:08:14.586,3.2405390139556403,1.3033871799361805,0.04762252125692612,0.22223390798353648
2025-10-28 15:08:15.609,3.2403020921283314,1.3040189714756707,0.04714867760230845,0.2232605692352081
2025-10-28 15:08:16.632,3.2399861963585863,1.3039399975332344,0.04793841702667123,0.2246821001990611
2025-10-28 15:08:17.656,3.2400651703010226,1.3039399975332344,0.0477014951993624,0.22412928260200715
2025-10-28 15:08:18.679,3.2399861963585863,1.3037820496483619,0.04880713039347029,0.2235764650049532
2025-10-28 15:08:19.702,3.2400651703010226,1.3038610235907981,0.047780469141798676,0.22278672558059043
2025-10-28 15:08:20.725,3.2397492745312775,1.3039399975332344,0.04959686981783307,0.22207596009866393
2025-10-28 15:08:21.748,3.2395123527039686,1.3038610235907981,0.04691175577499962,0.22333954317764437
2025-10-28 15:08:22.774,3.2403020921283314,1.3044928151302884,0.05022866135732329,0.2242872304868797
2025-10-28 15:08:23.801,3.2400651703010226,1.304413841187852,0.047464573372053565,0.2228656995230267
2025-10-28 15:08:24.831,3.2398282484737138,1.3048087109000335,0.04975481770270562,0.2232605692352081
2025-10-28 15:08:25.854,3.2397492745312775,1.3037820496483619,0.047464573372053565,0.22507696991124249
2025-10-28 15:08:26.877,3.23990722241615,1.3041769193605433,0.049280974048087955,0.2232605692352081
2025-10-28 15:08:27.901,3.239670300588841,1.3037820496483619,0.04825431279641634,0.22389236077469832
2025-10-28 15:08:28.924,3.23990722241615,1.304966658784906,0.048175338853980065,0.2249979959688062
2025-10-28 15:08:29.949,3.2394333787615324,1.3041769193605433,0.047464573372053565,0.22231288192597276
2025-10-28 15:08:30.976,3.2395123527039686,1.3037820496483619,0.04754354731448984,0.22412928260200715
2025-10-28 15:08:31.999,3.2398282484737138,1.3041769193605433,0.04864918250859773,0.2242872304868797
2025-10-28 15:08:33.022,3.2399861963585863,1.3040189714756707,0.04738559942961729,0.22262877769571787
2025-10-28 15:08:34.044,3.239670300588841,1.3038610235907981,0.047780469141798676,0.22270775163815415
2025-10-28 15:08:35.067,3.2391174829917873,1.303229232051308,0.048175338853980065,0.22294467346546298
2025-10-28 15:08:36.096,3.239354404819096,1.303545127821053,0.04762252125692612,0.2235764650049532
2025-10-28 15:08:37.137,3.23927543087666,1.3038610235907981,0.04991276558757818,0.22318159529277182
2025-10-28 15:08:38.162,3.2391964569342235,1.3040189714756707,0.04864918250859773,0.22294467346546298
2025-10-28 15:08:39.197,3.2398282484737138,1.3048876848424698,0.047859443084234954,0.2232605692352081
2025-10-28 15:08:40.229,3.2394333787615324,1.304413841187852,0.04722765154474473,0.22365543894738948
2025-10-28 15:08:41.256,3.239591326646405,1.3041769193605433,0.05030763529975957,0.22547183962342388
2025-10-28 15:08:42.279,3.23927543087666,1.3038610235907981,0.04880713039347029,0.22365543894738948
2025-10-28 15:08:43.308,3.239591326646405,1.3038610235907981,0.04691175577499962,0.22231288192597276
2025-10-28 15:08:44.337,3.2395123527039686,1.3039399975332344,0.0477014951993624,0.22405030865957087
2025-10-28 15:08:45.368,3.239354404819096,1.3030712841664354,0.04801739096910751,0.22302364740789926
2025-10-28 15:08:46.398,3.239670300588841,1.3039399975332344,0.048570208566161455,0.22420825654444343
2025-10-28 15:08:47.422,3.2391964569342235,1.3041769193605433,0.04714867760230845,0.22239185586840904
2025-10-28 15:08:48.454,3.2394333787615324,1.3034661538786168,0.049280974048087955,0.22239185586840904
2025-10-28 15:08:49.479,3.2391964569342235,1.3041769193605433,0.04825431279641634,0.22547183962342388
2025-10-28 15:08:50.510,3.23927543087666,1.303545127821053,0.0491230261632154,0.22444517837175226
2025-10-28 15:08:51.542,3.2391964569342235,1.3030712841664354,0.047780469141798676,0.22247082981084532
2025-10-28 15:08:52.571,3.239670300588841,1.3038610235907981,0.04801739096910751,0.22231288192597276
2025-10-28 15:08:53.597,3.2391964569342235,1.3042558933029795,0.04801739096910751,0.22562978750829643
2025-10-28 15:08:54.624,3.2391174829917873,1.3034661538786168,0.047464573372053565,0.22278672558059043
2025-10-28 15:08:55.653,3.2389595351069147,1.3031502581088716,0.04793841702667123,0.22405030865957087
2025-10-28 15:08:56.685,3.2391964569342235,1.3036241017634893,0.04943892193296051,0.22191801221379137
2025-10-28 15:08:57.715,3.23927543087666,1.3042558933029795,0.047464573372053565,0.22333954317764437
2025-10-28 15:08:58.743,3.23927543087666,1.3034661538786168,0.04738559942961729,0.22262877769571787
2025-10-28 15:08:59.769,3.2388805611644784,1.303545127821053,0.04809636491154379,0.22310262135033554
2025-10-28 15:09:00.798,3.239038509049351,1.3038610235907981,0.04762252125692612,0.2239713347171346
2025-10-28 15:09:01.825,3.23927543087666,1.3038610235907981,0.04825431279641634,0.22168109038648254
2025-10-28 15:09:02.850,3.239591326646405,1.3036241017634893,0.04809636491154379,0.22247082981084532
2025-10-28 15:09:03.880,3.2391174829917873,1.3033871799361805,0.049675843760269345,0.22405030865957087
2025-10-28 15:09:04.910,3.239354404819096,1.3037030757059256,0.04801739096910751,0.22152314250160998
2025-10-28 15:09:05.941,3.2397492745312775,1.304413841187852,0.04920200010565168,0.2235764650049532
2025-10-28 15:09:06.967,3.239354404819096,1.3033082059937442,0.047069703659872175,0.22262877769571787
2025-10-28 15:09:07.997,3.238722613279606,1.3040189714756707,0.05062353106950468,0.2232605692352081
2025-10-28 15:09:09.023,3.2388805611644784,1.3029133362815628,0.05022866135732329,0.22318159529277182
2025-10-28 15:09:10.049,3.238722613279606,1.3033082059937442,0.04738559942961729,0.22270775163815415
2025-10-28 15:09:11.075,3.2385646653947333,1.3045717890727246,0.050070713472450734,0.22223390798353648
2025-10-28 15:09:12.101,3.238801587222042,1.3042558933029795,0.0477014951993624,0.22594568327804154
2025-10-28 15:09:13.126,3.2388805611644784,1.3033082059937442,0.04738559942961729,0.22515594385367876
2025-10-28 15:09:14.154,3.2385646653947333,1.304413841187852,0.04762252125692612,0.22294467346546298
2025-10-28 15:09:15.181,3.239038509049351,1.3033082059937442,0.048570208566161455,0.2253928656809876
2025-10-28 15:09:16.211,3.2383277435674245,1.3038610235907981,0.04691175577499962,0.22223390798353648
2025-10-28 15:09:17.242,3.2385646653947333,1.3034661538786168,0.048175338853980065,0.2232605692352081
2025-10-28 15:09:18.271,3.238485691452297,1.3037030757059256,0.04801739096910751,0.22199698615622765
2025-10-28 15:09:19.300,3.238485691452297,1.304097945418107,0.04754354731448984,0.22452415231418854
2025-10-28 15:09:20.325,3.2388805611644784,1.3042558933029795,0.047464573372053565,0.22310262135033554
2025-10-28 15:09:21.356,3.2384067175098608,1.3047297369575972,0.04801739096910751,0.22452415231418854
2025-10-28 15:09:22.387,3.2384067175098608,1.3025974405118177,0.048175338853980065,0.22310262135033554
2025-10-28 15:09:23.418,3.2384067175098608,1.3027553883966903,0.04864918250859773,0.22310262135033554
2025-10-28 15:09:24.449,3.238169795682552,1.3037820496483619,0.04793841702667123,0.2235764650049532
2025-10-28 15:09:25.473,3.2384067175098608,1.3038610235907981,0.04793841702667123,0.22270775163815415
2025-10-28 15:09:26.502,3.2388805611644784,1.3048876848424698,0.047780469141798676,0.22484004808393365
2025-10-28 15:09:27.532,3.238248769624988,1.3038610235907981,0.04809636491154379,0.22176006432891882
2025-10-28 15:09:28.558,3.2380908217401156,1.3037030757059256,0.047464573372053565,0.22349749106251693
2025-10-28 15:09:29.589,3.2383277435674245,1.3033871799361805,0.04730662548718101,0.22349749106251693
2025-10-28 15:09:30.614,3.238248769624988,1.3034661538786168,0.04951789587539679,0.22318159529277182
2025-10-28 15:09:31.644,3.2384067175098608,1.3039399975332344,0.05046558318463212,0.22555081356586015
2025-10-28 15:09:32.667,3.2380118477976794,1.3037820496483619,0.04722765154474473,0.22310262135033554
2025-10-28 15:09:33.697,3.2385646653947333,1.3038610235907981,0.04801739096910751,0.22460312625662482
2025-10-28 15:09:34.727,3.237853899912807,1.3037030757059256,0.04738559942961729,0.22223390798353648
2025-10-28 15:09:35.752,3.2380908217401156,1.3034661538786168,0.04809636491154379,0.22176006432891882
2025-10-28 15:09:36.780,3.2384067175098608,1.303545127821053,0.04833328673885262,0.22484004808393365
2025-10-28 15:09:37.813,3.238169795682552,1.304097945418107,0.04691175577499962,0.22270775163815415
2025-10-28 15:09:38.840,3.2386436393371696,1.3037820496483619,0.047780469141798676,0.2235764650049532
2025-10-28 15:09:39.870,3.237853899912807,1.3040189714756707,0.04801739096910751,0.2239713347171346
2025-10-28 15:09:40.899,3.2384067175098608,1.3036241017634893,0.04880713039347029,0.22365543894738948
2025-10-28 15:09:41.926,3.2380118477976794,1.3040189714756707,0.048175338853980065,0.2232605692352081
2025-10-28 15:09:42.958,3.238248769624988,1.3037030757059256,0.04951789587539679,0.22373441288982576
2025-10-28 15:09:43.988,3.2380908217401156,1.3042558933029795,0.04935994799052423,0.22262877769571787
2025-10-28 15:09:45.018,3.2380118477976794,1.3042558933029795,0.04730662548718101,0.22436620442931599
2025-10-28 15:09:46.046,3.238169795682552,1.3037820496483619,0.047859443084234954,0.2253928656809876
2025-10-28 15:09:47.083,3.2384067175098608,1.3034661538786168,0.04951789587539679,0.2249979959688062
2025-10-28 15:09:48.114,3.2385646653947333,1.3036241017634893,0.04683278183256334,0.22199698615622765
2025-10-28 15:09:49.141,3.238169795682552,1.3038610235907981,0.04959686981783307,0.2242872304868797
2025-10-28 15:09:50.170,3.238248769624988,1.3030712841664354,0.04714867760230845,0.2232605692352081
2025-10-28 15:09:51.201,3.2376959520279343,1.3038610235907981,0.04825431279641634,0.22547183962342388
2025-10-28 15:09:52.231,3.238248769624988,1.3042558933029795,0.04880713039347029,0.22278672558059043
2025-10-28 15:09:53.257,3.2377749259703705,1.3047297369575972,0.04714867760230845,0.22562978750829643
2025-10-28 15:09:54.286,3.2380908217401156,1.3030712841664354,0.04991276558757818,0.22476107414149737
2025-10-28 15:09:55.316,3.237932873855243,1.303545127821053,0.046753807890127064,0.22239185586840904
2025-10-28 15:09:56.344,3.2380908217401156,1.3044928151302884,0.04722765154474473,0.22318159529277182
2025-10-28 15:09:57.373,3.2376959520279343,1.3034661538786168,0.0477014951993624,0.2235764650049532
2025-10-28 15:09:58.401,3.237932873855243,1.303545127821053,0.04849123462372518,0.2232605692352081
2025-10-28 15:09:59.430,3.2375380041430617,1.3047297369575972,0.04975481770270562,0.22223390798353648
2025-10-28 15:10:00.455,3.2376959520279343,1.3040189714756707,0.04809636491154379,0.22452415231418854
2025-10-28 15:10:01.482,3.2377749259703705,1.3039399975332344,0.04872815645103401,0.22381338683226204
2025-10-28 15:10:02.510,3.2383277435674245,1.3037820496483619,0.050070713472450734,0.22333954317764437
2025-10-28 15:10:03.540,3.2380118477976794,1.304097945418107,0.04864918250859773,0.22444517837175226
2025-10-28 15:10:04.570,3.2377749259703705,1.3040189714756707,0.04825431279641634,0.22231288192597276
2025-10-28 15:10:05.600,3.238169795682552,1.303545127821053,0.047859443084234954,0.2239713347171346
2025-10-28 15:10:06.631,3.2380908217401156,1.3040189714756707,0.047859443084234954,0.22294467346546298
2025-10-28 15:10:07.654,3.238169795682552,1.3037030757059256,0.047069703659872175,0.2221549340411002
2025-10-28 15:10:08.680,3.2376959520279343,1.3040189714756707,0.048570208566161455,0.22444517837175226
2025-10-28 15:10:09.715,3.2377749259703705,1.3037820496483619,0.047859443084234954,0.2221549340411002
2025-10-28 15:10:10.743,3.2377749259703705,1.3040189714756707,0.04793841702667123,0.22333954317764437
2025-10-28 15:10:11.773,3.2375380041430617,1.303545127821053,0.04793841702667123,0.22278672558059043
2025-10-28 15:10:12.802,3.237853899912807,1.3037030757059256,0.0477014951993624,0.2242872304868797
2025-10-28 15:10:13.831,3.2380908217401156,1.3031502581088716,0.04793841702667123,0.22278672558059043
2025-10-28 15:10:14.859,3.237853899912807,1.3037820496483619,0.04714867760230845,0.225787735393169
2025-10-28 15:10:15.887,3.237853899912807,1.3031502581088716,0.047464573372053565,0.22239185586840904
2025-10-28 15:10:16.919,3.2380908217401156,1.3036241017634893,0.04793841702667123,0.22420825654444343
2025-10-28 15:10:17.950,3.238248769624988,1.304650763015161,0.04793841702667123,0.22318159529277182
2025-10-28 15:10:18.981,3.237616978085498,1.3038610235907981,0.047780469141798676,0.22333954317764437
2025-10-28 15:10:20.014,3.237380056258189,1.3033082059937442,0.0469907297174359,0.22223390798353648
2025-10-28 15:10:21.041,3.2376959520279343,1.3037820496483619,0.05101840078168607,0.22531389173855132
2025-10-28 15:10:22.073,3.2380118477976794,1.302992310223999,0.04683278183256334,0.22318159529277182
2025-10-28 15:10:23.105,3.2375380041430617,1.3038610235907981,0.05022866135732329,0.22207596009866393
2025-10-28 15:10:24.134,3.237853899912807,1.3037820496483619,0.047069703659872175,0.2228656995230267
2025-10-28 15:10:25.158,3.2377749259703705,1.3030712841664354,0.048175338853980065,0.2232605692352081
2025-10-28 15:10:26.188,3.2380118477976794,1.3040189714756707,0.0477014951993624,0.22207596009866393
2025-10-28 15:10:27.218,3.2377749259703705,1.3042558933029795,0.04801739096910751,0.22278672558059043
2025-10-28 15:10:28.248,3.2376959520279343,1.3038610235907981,0.0484122606812889,0.22207596009866393
2025-10-28 15:10:29.276,3.2375380041430617,1.3044928151302884,0.047859443084234954,0.2228656995230267
2025-10-28 15:10:30.302,3.237853899912807,1.3039399975332344,0.0477014951993624,0.22294467346546298
2025-10-28 15:10:31.333,3.2374590302006254,1.3039399975332344,0.047859443084234954,0.22152314250160998
2025-10-28 15:10:32.363,3.2376959520279343,1.3037820496483619,0.0491230261632154,0.22365543894738948
2025-10-28 15:10:33.394,3.2371431344308803,1.303545127821053,0.0477014951993624,0.22239185586840904
2025-10-28 15:10:34.425,3.2377749259703705,1.3037820496483619,0.048886104335906566,0.22341851712008065
2025-10-28 15:10:35.453,3.2374590302006254,1.3044928151302884,0.04833328673885262,0.22176006432891882
2025-10-28 15:10:36.479,3.2374590302006254,1.3043348672454158,0.04864918250859773,0.22373441288982576
2025-10-28 15:10:37.508,3.237380056258189,1.3037820496483619,0.04951789587539679,0.22278672558059043
2025-10-28 15:10:38.538,3.2371431344308803,1.3038610235907981,0.04691175577499962,0.22555081356586015
2025-10-28 15:10:39.568,3.237301082315753,1.3033082059937442,0.048886104335906566,0.22199698615622765
2025-10-28 15:10:40.599,3.237301082315753,1.3037820496483619,0.047069703659872175,0.22318159529277182
2025-10-28 15:10:41.628,3.237380056258189,1.3041769193605433,0.04849123462372518,0.22239185586840904
2025-10-28 15:10:42.654,3.237301082315753,1.304413841187852,0.04904405222077912,0.22341851712008065
2025-10-28 15:10:43.684,3.2376959520279343,1.303545127821053,0.04762252125692612,0.22349749106251693
2025-10-28 15:10:44.715,3.2369851865460078,1.3030712841664354,0.0477014951993624,0.22278672558059043
2025-10-28 15:10:45.747,3.2369062126035715,1.3036241017634893,0.04833328673885262,0.2232605692352081
2025-10-28 15:10:46.777,3.2376959520279343,1.3031502581088716,0.04975481770270562,0.2235764650049532
2025-10-28 15:10:47.807,3.2375380041430617,1.3036241017634893,0.048965078278342844,0.22476107414149737
2025-10-28 15:10:48.836,3.237380056258189,1.3041769193605433,0.04762252125692612,0.22223390798353648
2025-10-28 15:10:49.863,3.236827238661135,1.303229232051308,0.04904405222077912,0.22515594385367876
2025-10-28 15:10:50.894,3.236748264718699,1.304413841187852,0.04801739096910751,0.22318159529277182
2025-10-28 15:10:51.925,3.2371431344308803,1.3030712841664354,0.04991276558757818,0.2239713347171346
2025-10-28 15:10:52.951,3.2369851865460078,1.3037030757059256,0.0469907297174359,0.22223390798353648
2025-10-28 15:10:53.977,3.2369062126035715,1.3043348672454158,0.0491230261632154,0.22294467346546298
2025-10-28 15:10:55.003,3.237064160488444,1.304413841187852,0.04880713039347029,0.2253928656809876
2025-10-28 15:10:56.033,3.237301082315753,1.3040189714756707,0.04825431279641634,0.22318159529277182
2025-10-28 15:10:57.061,3.2371431344308803,1.3031502581088716,0.04738559942961729,0.2242872304868797
2025-10-28 15:10:58.087,3.2371431344308803,1.3045717890727246,0.04825431279641634,0.22207596009866393
2025-10-28 15:10:59.112,3.236748264718699,1.3041769193605433,0.04691175577499962,0.2228656995230267
2025-10-28 15:11:00.143,3.2369851865460078,1.3031502581088716,0.04762252125692612,0.22294467346546298
2025-10-28 15:11:01.172,3.236748264718699,1.3044928151302884,0.0469907297174359,0.22160211644404626
2025-10-28 15:11:02.200,3.236748264718699,1.3042558933029795,0.04825431279641634,0.22436620442931599
2025-10-28 15:11:03.225,3.236748264718699,1.3036241017634893,0.04849123462372518,0.22302364740789926
2025-10-28 15:11:04.248,3.2365903168338264,1.3042558933029795,0.0484122606812889,0.22318159529277182
2025-10-28 15:11:05.278,3.2369851865460078,1.3041769193605433,0.04691175577499962,0.2232605692352081
2025-10-28 15:11:06.308,3.23651134289139,1.3040189714756707,0.047780469141798676,0.22223390798353648
2025-10-28 15:11:07.337,3.2366692907762626,1.302992310223999,0.049675843760269345,0.2221549340411002
2025-10-28 15:11:08.366,3.2365903168338264,1.3037820496483619,0.048175338853980065,0.22333954317764437
2025-10-28 15:11:09.393,3.236748264718699,1.304097945418107,0.04793841702667123,0.2221549340411002
2025-10-28 15:11:10.419,3.236827238661135,1.3028343623391265,0.05022866135732329,0.22381338683226204
2025-10-28 15:11:11.445,3.236827238661135,1.3039399975332344,0.047464573372053565,0.22349749106251693
2025-10-28 15:11:12.468,3.236748264718699,1.3034661538786168,0.04730662548718101,0.22310262135033554
2025-10-28 15:11:13.496,3.236827238661135,1.3037030757059256,0.047859443084234954,0.22270775163815415
2025-10-28 15:11:14.522,3.2366692907762626,1.3033082059937442,0.047859443084234954,0.2235764650049532
2025-10-28 15:11:15.553,3.2366692907762626,1.3042558933029795,0.04683278183256334,0.22199698615622765
2025-10-28 15:11:16.584,3.23651134289139,1.3043348672454158,0.05101840078168607,0.22318159529277182
2025-10-28 15:11:17.610,3.236195447121645,1.3037820496483619,0.04738559942961729,0.22223390798353648
2025-10-28 15:11:18.638,3.236827238661135,1.3037820496483619,0.04691175577499962,0.22381338683226204
2025-10-28 15:11:19.663,3.2362744210640813,1.302676414454254,0.0484122606812889,0.22318159529277182
2025-10-28 15:11:20.696,3.2363533950065175,1.3041769193605433,0.05030763529975957,0.2225498037532816
2025-10-28 15:11:21.726,3.2358795513519,1.3043348672454158,0.04762252125692612,0.22523491779611504
2025-10-28 15:11:22.755,3.2358795513519,1.3043348672454158,0.048886104335906566,0.22302364740789926
2025-10-28 15:11:23.785,3.2358795513519,1.3038610235907981,0.048570208566161455,0.22515594385367876
2025-10-28 15:11:24.810,3.235642629524591,1.3029133362815628,0.04809636491154379,0.2225498037532816
2025-10-28 15:11:25.839,3.236195447121645,1.3041769193605433,0.04691175577499962,0.22333954317764437
2025-10-28 15:11:26.870,3.2362744210640813,1.3041769193605433,0.04730662548718101,0.22341851712008065
2025-10-28 15:11:27.897,3.2357216034670273,1.3033871799361805,0.047859443084234954,0.2221549340411002
2025-10-28 15:11:28.925,3.2358795513519,1.3037820496483619,0.04872815645103401,0.22365543894738948
2025-10-28 15:11:29.955,3.2361164731792087,1.3038610235907981,0.04738559942961729,0.2225498037532816
2025-10-28 15:11:30.981,3.2360374992367724,1.3034661538786168,0.04872815645103401,0.22412928260200715
2025-10-28 15:11:32.013,3.2358795513519,1.3041769193605433,0.048886104335906566,0.2235764650049532
2025-10-28 15:11:33.043,3.235958525294336,1.3038610235907981,0.04801739096910751,0.22389236077469832
2025-10-28 15:11:34.075,3.2358005774094636,1.3040189714756707,0.04872815645103401,0.22278672558059043
2025-10-28 15:11:35.105,3.2355636555821548,1.304097945418107,0.047780469141798676,0.2239713347171346
2025-10-28 15:11:36.130,3.2357216034670273,1.3041769193605433,0.04833328673885262,0.2232605692352081
2025-10-28 15:11:37.153,3.2354846816397185,1.3031502581088716,0.048175338853980065,0.22168109038648254
2025-10-28 15:11:38.186,3.2360374992367724,1.3028343623391265,0.048570208566161455,0.22436620442931599
2025-10-28 15:11:39.209,3.2354846816397185,1.3036241017634893,0.047464573372053565,0.22302364740789926
2025-10-28 15:11:40.232,3.2360374992367724,1.3040189714756707,0.047464573372053565,0.2228656995230267
2025-10-28 15:11:41.255,3.2357216034670273,1.3034661538786168,0.047464573372053565,0.2228656995230267
2025-10-28 15:11:42.278,3.2361164731792087,1.304097945418107,0.0469907297174359,0.22318159529277182
2025-10-28 15:11:43.302,3.2362744210640813,1.3039399975332344,0.04849123462372518,0.2235764650049532
2025-10-28 15:11:44.325,3.2355636555821548,1.3037030757059256,0.04872815645103401,0.22373441288982576
2025-10-28 15:11:45.348,3.2358795513519,1.3037030757059256,0.04738559942961729,0.2225498037532816
2025-10-28 15:11:46.373,3.2358005774094636,1.3042558933029795,0.04714867760230845,0.22278672558059043
2025-10-28 15:11:47.400,3.2351687858699734,1.3038610235907981,0.04730662548718101,0.2232605692352081
2025-10-28 15:11:48.428,3.235642629524591,1.3041769193605433,0.04849123462372518,0.22262877769571787
2025-10-28 15:11:49.455,3.2351687858699734,1.3038610235907981,0.047069703659872175,0.22278672558059043
2025-10-28 15:11:50.477,3.2351687858699734,1.303545127821053,0.048886104335906566,0.22318159529277182
2025-10-28 15:11:51.500,3.235642629524591,1.3036241017634893,0.04683278183256334,0.22318159529277182
2025-10-28 15:11:52.524,3.235642629524591,1.3039399975332344,0.05046558318463212,0.2253928656809876
2025-10-28 15:11:53.549,3.235405707697282,1.3040189714756707,0.05022866135732329,0.22278672558059043
2025-10-28 15:11:54.576,3.235642629524591,1.3034661538786168,0.04738559942961729,0.22160211644404626
2025-10-28 15:11:55.605,3.2355636555821548,1.3037820496483619,0.04754354731448984,0.2225498037532816
2025-10-28 15:11:56.629,3.235326733754846,1.303545127821053,0.04730662548718101,0.22302364740789926
2025-10-28 15:11:57.653,3.2354846816397185,1.3037820496483619,0.048570208566161455,0.2221549340411002
2025-10-28 15:11:58.679,3.235642629524591,1.3037030757059256,0.04801739096910751,0.22333954317764437
2025-10-28 15:11:59.706,3.2351687858699734,1.3039399975332344,0.04872815645103401,0.22389236077469832
2025-10-28 15:12:00.731,3.2354846816397185,1.3042558933029795,0.0484122606812889,0.22302364740789926
2025-10-28 15:12:01.758,3.235958525294336,1.3038610235907981,0.046753807890127064,0.2225498037532816
2025-10-28 15:12:02.785,3.2357216034670273,1.3031502581088716,0.049675843760269345,0.2239713347171346
2025-10-28 15:12:03.813,3.235642629524591,1.303545127821053,0.04825431279641634,0.22294467346546298
2025-10-28 15:12:04.841,3.2357216034670273,1.304413841187852,0.0469907297174359,0.2235764650049532
2025-10-28 15:12:05.868,3.2357216034670273,1.3036241017634893,0.04714867760230845,0.2225498037532816
2025-10-28 15:12:06.893,3.235089811927537,1.3034661538786168,0.04833328673885262,0.22247082981084532
2025-10-28 15:12:07.918,3.235089811927537,1.304097945418107,0.04991276558757818,0.22160211644404626
2025-10-28 15:12:08.952,3.2351687858699734,1.303545127821053,0.04730662548718101,0.2221549340411002
2025-10-28 15:12:09.977,3.235326733754846,1.3036241017634893,0.04951789587539679,0.2218390382713551
2025-10-28 15:12:11.005,3.235010837985101,1.3040189714756707,0.0505445571270684,0.2228656995230267
2025-10-28 15:12:12.033,3.2352477598124096,1.303545127821053,0.04730662548718101,0.22191801221379137
2025-10-28 15:12:13.061,3.235089811927537,1.3039399975332344,0.047780469141798676,0.22365543894738948
2025-10-28 15:12:14.087,3.235089811927537,1.3037820496483619,0.048570208566161455,0.22531389173855132
2025-10-28 15:12:15.113,3.234773916157792,1.3039399975332344,0.048886104335906566,0.22365543894738948
2025-10-28 15:12:16.139,3.235089811927537,1.3033082059937442,0.047464573372053565,0.2232605692352081
2025-10-28 15:12:17.165,3.2346949422153557,1.3048876848424698,0.0484122606812889,0.22460312625662482
2025-10-28 15:12:18.191,3.235089811927537,1.303229232051308,0.04825431279641634,0.22318159529277182
2025-10-28 15:12:19.217,3.2346159682729194,1.303545127821053,0.04738559942961729,0.22278672558059043
2025-10-28 15:12:20.245,3.235010837985101,1.3037820496483619,0.048965078278342844,0.22484004808393365
2025-10-28 15:12:21.271,3.235010837985101,1.3036241017634893,0.04959686981783307,0.22318159529277182
2025-10-28 15:12:22.296,3.235089811927537,1.303545127821053,0.047464573372053565,0.2225498037532816
2025-10-28 15:12:23.322,3.234221098560738,1.3048087109000335,0.0469907297174359,0.22531389173855132
2025-10-28 15:12:24.347,3.234536994330483,1.3033871799361805,0.0484122606812889,0.22381338683226204
2025-10-28 15:12:25.382,3.234458020388047,1.3030712841664354,0.047859443084234954,0.2235764650049532
2025-10-28 15:12:26.407,3.234536994330483,1.303229232051308,0.04793841702667123,0.2225498037532816
2025-10-28 15:12:27.433,3.2348528901002283,1.3033871799361805,0.047069703659872175,0.22199698615622765
2025-10-28 15:12:28.461,3.2346159682729194,1.3043348672454158,0.0498337916451419,0.2257087614507327
2025-10-28 15:12:29.489,3.2343000725031743,1.304097945418107,0.04809636491154379,0.22365543894738948
2025-10-28 15:12:30.515,3.2341421246183018,1.3031502581088716,0.048886104335906566,0.22341851712008065
2025-10-28 15:12:31.541,3.2343000725031743,1.304097945418107,0.047780469141798676,0.22531389173855132
2025-10-28 15:12:32.566,3.234221098560738,1.3037820496483619,0.0484122606812889,0.22349749106251693
2025-10-28 15:12:33.592,3.2341421246183018,1.3044928151302884,0.04683278183256334,0.22436620442931599
2025-10-28 15:12:34.619,3.2337472549061204,1.3038610235907981,0.05030763529975957,0.22270775163815415
2025-10-28 15:12:35.650,3.233984176733429,1.3037030757059256,0.04809636491154379,0.22278672558059043
2025-10-28 15:12:36.677,3.234221098560738,1.304097945418107,0.04880713039347029,0.22207596009866393
2025-10-28 15:12:37.702,3.233905202790993,1.304097945418107,0.047069703659872175,0.22318159529277182
2025-10-28 15:12:38.729,3.2343790464456106,1.3038610235907981,0.047464573372053565,0.2232605692352081
2025-10-28 15:12:39.758,3.234221098560738,1.3038610235907981,0.04722765154474473,0.22460312625662482
2025-10-28 15:12:40.789,3.2340631506758655,1.3037820496483619,0.050070713472450734,0.22278672558059043
2025-10-28 15:12:41.819,3.2335103330788115,1.3044928151302884,0.04809636491154379,0.22231288192597276
2025-10-28 15:12:42.849,3.2337472549061204,1.3037030757059256,0.04920200010565168,0.22278672558059043
2025-10-28 15:12:43.881,3.233984176733429,1.3040189714756707,0.046674833947690786,0.2235764650049532
2025-10-28 15:12:44.913,3.2334313591363752,1.3031502581088716,0.05030763529975957,0.22460312625662482
2025-10-28 15:12:45.943,3.2332734112515027,1.3037820496483619,0.050386609242195846,0.22420825654444343
2025-10-28 15:12:46.968,3.2341421246183018,1.3047297369575972,0.05062353106950468,0.22333954317764437
2025-10-28 15:12:47.995,3.2337472549061204,1.303545127821053,0.04864918250859773,0.22262877769571787
2025-10-28 15:12:49.024,3.233352385193939,1.3038610235907981,0.048570208566161455,0.22460312625662482
2025-10-28 15:12:50.052,3.233352385193939,1.3036241017634893,0.04872815645103401,0.22310262135033554
2025-10-28 15:12:51.079,3.2331944373090664,1.3044928151302884,0.046674833947690786,0.22262877769571787
2025-10-28 15:12:52.106,3.233668280963684,1.3043348672454158,0.04801739096910751,0.22507696991124249
2025-10-28 15:12:53.136,3.2335103330788115,1.3036241017634893,0.047464573372053565,0.2221549340411002
2025-10-28 15:12:54.168,3.233352385193939,1.3036241017634893,0.047859443084234954,0.22341851712008065
2025-10-28 15:12:55.199,3.2328785415393213,1.3037030757059256,0.04659586000525451,0.22310262135033554
2025-10-28 15:12:56.230,3.233036489424194,1.3040189714756707,0.0477014951993624,0.22270775163815415
2025-10-28 15:12:57.258,3.232799567596885,1.3037030757059256,0.04793841702667123,0.22420825654444343
2025-10-28 15:12:58.287,3.23248367182714,1.3039399975332344,0.048886104335906566,0.22294467346546298
2025-10-28 15:12:59.317,3.2329575154817576,1.3033871799361805,0.047464573372053565,0.22191801221379137
2025-10-28 15:13:00.349,3.2324046978847036,1.3045717890727246,0.04801739096910751,0.22239185586840904
2025-10-28 15:13:01.375,3.232562645769576,1.3037030757059256,0.0469907297174359,0.22365543894738948
2025-10-28 15:13:02.404,3.232167776057395,1.3038610235907981,0.04801739096910751,0.22420825654444343
2025-10-28 15:13:03.427,3.232562645769576,1.3045717890727246,0.04833328673885262,0.2239713347171346
2025-10-28 15:13:04.456,3.2327205936544487,1.3039399975332344,0.04722765154474473,0.2221549340411002
2025-10-28 15:13:05.487,3.232562645769576,1.3039399975332344,0.04762252125692612,0.22405030865957087
2025-10-28 15:13:06.515,3.2318518802876497,1.3031502581088716,0.0477014951993624,0.22191801221379137
2025-10-28 15:13:07.543,3.232167776057395,1.3040189714756707,0.05046558318463212,0.22318159529277182
2025-10-28 15:13:08.568,3.231693932402777,1.3044928151302884,0.04754354731448984,0.22381338683226204
2025-10-28 15:13:09.594,3.231614958460341,1.3043348672454158,0.05046558318463212,0.2232605692352081
2025-10-28 15:13:10.620,3.231930854230086,1.3033871799361805,0.05014968741488701,0.2225498037532816
2025-10-28 15:13:11.647,3.231614958460341,1.3033082059937442,0.05070250501194096,0.2239713347171346
2025-10-28 15:13:12.675,3.2315359845179046,1.304413841187852,0.04793841702667123,0.22231288192597276
2025-10-28 15:13:13.703,3.231378036633032,1.3033082059937442,0.04849123462372518,0.2235764650049532
2025-10-28 15:13:14.735,3.231062140863287,1.3041769193605433,0.04793841702667123,0.22333954317764437
2025-10-28 15:13:15.761,3.231141114805723,1.3038610235907981,0.047780469141798676,0.22294467346546298
2025-10-28 15:13:16.790,3.231141114805723,1.3047297369575972,0.04920200010565168,0.22491902202636993
2025-10-28 15:13:17.821,3.2309831669208506,1.303545127821053,0.04754354731448984,0.22302364740789926
2025-10-28 15:13:18.852,3.2309041929784144,1.3036241017634893,0.048965078278342844,0.22349749106251693
2025-10-28 15:13:19.878,3.230825219035978,1.3042558933029795,0.0484122606812889,0.2218390382713551
2025-10-28 15:13:20.906,3.2309831669208506,1.3043348672454158,0.04762252125692612,0.22318159529277182
2025-10-28 15:13:21.937,3.230746245093542,1.3034661538786168,0.04738559942961729,0.22270775163815415
2025-10-28 15:13:22.969,3.2304303493237967,1.3040189714756707,0.049675843760269345,0.2228656995230267
2025-10-28 15:13:23.998,3.2304303493237967,1.303229232051308,0.046753807890127064,0.2228656995230267
2025-10-28 15:13:25.021,3.2304303493237967,1.303545127821053,0.046753807890127064,0.22302364740789926
2025-10-28 15:13:26.048,3.2301144535540516,1.3040189714756707,0.04833328673885262,0.22365543894738948
2025-10-28 15:13:27.077,3.230509323266233,1.3037030757059256,0.048175338853980065,0.22207596009866393
2025-10-28 15:13:28.108,3.2304303493237967,1.3039399975332344,0.05014968741488701,0.2239713347171346
2025-10-28 15:13:29.139,3.230272401438924,1.3039399975332344,0.048965078278342844,0.22262877769571787
2025-10-28 15:13:30.168,3.230193427496488,1.3042558933029795,0.047780469141798676,0.22373441288982576
2025-10-28 15:13:31.198,3.230193427496488,1.3037820496483619,0.047780469141798676,0.22199698615622765
2025-10-28 15:13:32.228,3.2298775317267427,1.303229232051308,0.04793841702667123,0.22389236077469832
2025-10-28 15:13:33.257,3.229956505669179,1.3040189714756707,0.04920200010565168,0.22199698615622765
2025-10-28 15:13:34.289,3.2300354796116153,1.303545127821053,0.0477014951993624,0.22365543894738948
2025-10-28 15:13:35.321,3.229640609899434,1.303545127821053,0.04801739096910751,0.22223390798353648
2025-10-28 15:13:36.347,3.2291667662448162,1.304097945418107,0.04730662548718101,0.22389236077469832
2025-10-28 15:13:37.376,3.2297985577843065,1.3039399975332344,0.04793841702667123,0.22207596009866393
2025-10-28 15:13:38.406,3.229403688072125,1.3039399975332344,0.05022866135732329,0.22460312625662482
2025-10-28 15:13:39.437,3.2298775317267427,1.3039399975332344,0.046753807890127064,0.2246821001990611
2025-10-28 15:13:40.463,3.229324714129689,1.304097945418107,0.047780469141798676,0.22381338683226204
2025-10-28 15:13:41.488,3.2290088183599437,1.3037820496483619,0.04738559942961729,0.2232605692352081
2025-10-28 15:13:42.518,3.2294826620145614,1.304650763015161,0.048965078278342844,0.2228656995230267
2025-10-28 15:13:43.548,3.2289298444175074,1.3041769193605433,0.047464573372053565,0.22420825654444343
2025-10-28 15:13:44.579,3.228771896532635,1.304097945418107,0.04683278183256334,0.2228656995230267
2025-10-28 15:13:45.608,3.2286139486477623,1.3034661538786168,0.04864918250859773,0.22381338683226204
2025-10-28 15:13:46.637,3.228771896532635,1.304650763015161,0.047069703659872175,0.22373441288982576
2025-10-28 15:13:47.666,3.2286139486477623,1.3038610235907981,0.049280974048087955,0.22602465722047782
2025-10-28 15:13:48.697,3.2286929225901986,1.3034661538786168,0.04762252125692612,0.2239713347171346
2025-10-28 15:13:49.723,3.2286929225901986,1.3037820496483619,0.04683278183256334,0.2261036311629141
2025-10-28 15:13:50.752,3.2283770268204535,1.3033082059937442,0.04849123462372518,0.22349749106251693
2025-10-28 15:13:51.783,3.2286929225901986,1.3034661538786168,0.046753807890127064,0.22270775163815415
2025-10-28 15:13:52.809,3.228771896532635,1.3039399975332344,0.04809636491154379,0.2232605692352081
2025-10-28 15:13:53.838,3.2284560007628897,1.3037820496483619,0.048175338853980065,0.22302364740789926
2025-10-28 15:13:54.866,3.227982157108272,1.3039399975332344,0.04864918250859773,0.22594568327804154
2025-10-28 15:13:55.898,3.2284560007628897,1.3037030757059256,0.048886104335906566,0.22176006432891882
2025-10-28 15:13:56.928,3.2286139486477623,1.3034661538786168,0.04872815645103401,0.22452415231418854
2025-10-28 15:13:57.958,3.227903183165836,1.3037820496483619,0.047464573372053565,0.22412928260200715
2025-10-28 15:13:58.990,3.227903183165836,1.304097945418107,0.050386609242195846,0.2249979959688062
2025-10-28 15:14:00.021,3.227982157108272,1.304097945418107,0.04975481770270562,0.22436620442931599
2025-10-28 15:14:01.052,3.227666261338527,1.3037030757059256,0.0505445571270684,0.22231288192597276
2025-10-28 15:14:02.078,3.227666261338527,1.304413841187852,0.046753807890127064,0.22341851712008065
2025-10-28 15:14:03.102,3.227666261338527,1.303545127821053,0.04762252125692612,0.2232605692352081
2025-10-28 15:14:04.134,3.2272713916263456,1.3042558933029795,0.04825431279641634,0.2225498037532816
2025-10-28 15:14:05.161,3.227350365568782,1.3038610235907981,0.04738559942961729,0.22294467346546298
2025-10-28 15:14:06.184,3.2275083134536544,1.3042558933029795,0.047780469141798676,0.22444517837175226
2025-10-28 15:14:07.211,3.226797547971728,1.303229232051308,0.04864918250859773,0.2246821001990611
2025-10-28 15:14:08.241,3.2270344697990367,1.3031502581088716,0.046753807890127064,0.22247082981084532
2025-10-28 15:14:09.271,3.2267185740292916,1.3040189714756707,0.04864918250859773,0.22341851712008065
2025-10-28 15:14:10.297,3.227350365568782,1.3036241017634893,0.04683278183256334,0.22302364740789926
2025-10-28 15:14:11.323,3.2270344697990367,1.3033871799361805,0.046753807890127064,0.22270775163815415
2025-10-28 15:14:12.349,3.2267185740292916,1.3041769193605433,0.05030763529975957,0.22333954317764437
2025-10-28 15:14:13.375,3.226481652201983,1.3033871799361805,0.04825431279641634,0.22302364740789926
2025-10-28 15:14:14.404,3.226876521914164,1.3042558933029795,0.046753807890127064,0.22302364740789926
2025-10-28 15:14:15.430,3.2260867824898014,1.3042558933029795,0.04825431279641634,0.22310262135033554
2025-10-28 15:14:16.462,3.2264026782595465,1.3037820496483619,0.046753807890127064,0.22168109038648254
2025-10-28 15:14:17.492,3.226007808547365,1.303545127821053,0.04754354731448984,0.22199698615622765
2025-10-28 15:14:18.522,3.2260867824898014,1.3042558933029795,0.047780469141798676,0.22191801221379137
2025-10-28 15:14:19.552,3.2256129388351837,1.3040189714756707,0.04849123462372518,0.22365543894738948
2025-10-28 15:14:20.580,3.2257708867200563,1.3042558933029795,0.0469907297174359,0.22160211644404626
2025-10-28 15:14:21.609,3.22569191277762,1.3041769193605433,0.048175338853980065,0.22523491779611504
2025-10-28 15:14:22.639,3.225928834604929,1.3042558933029795,0.04904405222077912,0.22168109038648254
2025-10-28 15:14:23.670,3.2260867824898014,1.3039399975332344,0.04880713039347029,0.22333954317764437
2025-10-28 15:14:24.702,3.2258498606624926,1.304097945418107,0.04714867760230845,0.22302364740789926
2025-10-28 15:14:25.732,3.22569191277762,1.0836816720784554,0.05030763529975957,0.22318159529277182
2025-10-28 15:14:26.763,3.225376017007875,1.3043348672454158,0.04683278183256334,0.22373441288982576
2025-10-28 15:14:27.788,3.22506012123813,1.300149248296293,0.04849123462372518,0.22389236077469832
2025-10-28 15:14:28.816,3.225454990950311,1.3037820496483619,0.05022866135732329,0.22302364740789926
2025-10-28 15:14:29.845,3.2252180691230024,1.3036241017634893,0.0484122606812889,0.22365543894738948
2025-10-28 15:14:30.873,3.224823199410821,1.3037820496483619,0.04880713039347029,0.2228656995230267
2025-10-28 15:14:31.899,3.22506012123813,1.2528438567769626,0.04801739096910751,0.22247082981084532
2025-10-28 15:14:32.926,3.2249811472956935,1.0039179902178148,0.04833328673885262,0.22302364740789926
2025-10-28 15:14:33.957,3.2246652515259484,1.304097945418107,0.048175338853980065,0.22262877769571787
2025-10-28 15:14:34.990,3.2252180691230024,1.3038610235907981,0.05030763529975957,0.22373441288982576
2025-10-28 15:14:36.017,3.2249021733532572,1.0043918338724325,0.04920200010565168,0.2221549340411002
2025-10-28 15:14:37.046,3.2249021733532572,1.0043918338724325,0.050781478954377235,0.22452415231418854
2025-10-28 15:14:38.074,3.2247442254683847,1.0038390162753785,0.0484122606812889,0.2221549340411002
2025-10-28 15:14:39.105,3.224586277583512,1.0041549120451236,0.050386609242195846,0.22420825654444343
2025-10-28 15:14:40.133,3.2241914078713307,1.0114205147492612,0.047464573372053565,0.22270775163815415
2025-10-28 15:14:41.157,3.2241914078713307,1.0038390162753785,0.04880713039347029,0.22207596009866393
2025-10-28 15:14:42.183,3.224586277583512,1.0036020944480697,0.046674833947690786,0.2221549340411002
2025-10-28 15:14:43.209,3.2243493557562033,1.0037600423329422,0.04754354731448984,0.22341851712008065
2025-10-28 15:14:44.240,3.224586277583512,1.0037600423329422,0.04793841702667123,0.22168109038648254
2025-10-28 15:14:45.269,3.2241914078713307,1.0041549120451236,0.04864918250859773,0.22341851712008065
2025-10-28 15:14:46.297,3.224033459986458,1.0046287556997413,0.04793841702667123,0.22199698615622765
2025-10-28 15:14:47.322,3.223717564216713,1.00423388598756,0.0469907297174359,0.2225498037532816
2025-10-28 15:14:48.353,3.2235596163318405,1.0043128599299962,0.04730662548718101,0.22381338683226204
2025-10-28 15:14:49.384,3.223401668446968,1.0032861986783246,0.050386609242195846,0.2228656995230267
2025-10-28 15:14:50.414,3.223717564216713,1.0035231205056334,0.04849123462372518,0.22373441288982576
2025-10-28 15:14:51.441,3.2238755121015856,1.0043128599299962,0.047859443084234954,0.2218390382713551
2025-10-28 15:14:52.470,3.2230067987347866,1.0043128599299962,0.04951789587539679,0.22484004808393365
2025-10-28 15:14:53.498,3.223401668446968,1.003996964160251,0.04793841702667123,0.22270775163815415
2025-10-28 15:14:54.528,3.2237965381591493,1.0039179902178148,0.05101840078168607,0.22586670933560526
2025-10-28 15:14:55.556,3.2230067987347866,1.003681068390506,0.04825431279641634,0.2239713347171346
2025-10-28 15:14:56.588,3.2227698769074777,1.0040759381026874,0.048570208566161455,0.22373441288982576
2025-10-28 15:14:57.614,3.2230067987347866,1.0038390162753785,0.048886104335906566,0.22231288192597276
2025-10-28 15:14:58.638,3.2232437205620954,1.0040759381026874,0.0484122606812889,0.22191801221379137
2025-10-28 15:14:59.661,3.2229278247923503,1.0030492768510157,0.04864918250859773,0.22160211644404626
2025-10-28 15:15:00.684,3.2224539811377326,1.0040759381026874,0.05022866135732329,0.22168109038648254
2025-10-28 15:15:01.707,3.2227698769074777,1.0039179902178148,0.04691175577499962,0.2239713347171346
2025-10-28 15:15:02.731,3.222217059310424,1.0046287556997413,0.04864918250859773,0.22460312625662482
2025-10-28 15:15:03.754,3.221743215655806,1.0037600423329422,0.04991276558757818,0.22365543894738948
2025-10-28 15:15:04.777,3.22229603325286,1.0036020944480697,0.04714867760230845,0.22247082981084532
2025-10-28 15:15:05.801,3.2219011635406787,1.0038390162753785,0.04833328673885262,0.22223390798353648
2025-10-28 15:15:06.824,3.221980137483115,1.004549781757305,0.04793841702667123,0.2225498037532816
2025-10-28 15:15:07.848,3.2218221895982424,1.003996964160251,0.04872815645103401,0.22365543894738948
2025-10-28 15:15:08.871,3.2219011635406787,1.0037600423329422,0.04920200010565168,0.225787735393169
2025-10-28 15:15:09.894,3.221427319886061,1.003681068390506,0.05022866135732329,0.2249979959688062
2025-10-28 15:15:10.918,3.221427319886061,1.00423388598756,0.0469907297174359,0.22318159529277182
2025-10-28 15:15:11.946,3.2213483459436247,1.0038390162753785,0.04809636491154379,0.22318159529277182
2025-10-28 15:15:12.975,3.2215062938284973,1.003996964160251,0.0491230261632154,0.22310262135033554
2025-10-28 15:15:13.999,3.2213483459436247,1.0043918338724325,0.047780469141798676,0.22436620442931599
2025-10-28 15:15:15.022,3.220874502289007,1.0037600423329422,0.04825431279641634,0.22341851712008065
2025-10-28 15:15:16.045,3.2215062938284973,1.004549781757305,0.04951789587539679,0.22523491779611504
2025-10-28 15:15:17.071,3.2213483459436247,1.003996964160251,0.05062353106950468,0.22278672558059043
2025-10-28 15:15:18.096,3.220795528346571,1.0039179902178148,0.04825431279641634,0.22318159529277182
2025-10-28 15:15:19.120,3.2209534762314433,1.003681068390506,0.050386609242195846,0.22310262135033554
2025-10-28 15:15:20.143,3.2206375804616982,1.003681068390506,0.04801739096910751,0.22318159529277182
2025-10-28 15:15:21.173,3.220874502289007,1.0034441465631971,0.04904405222077912,0.22270775163815415
2025-10-28 15:15:22.204,3.2201637368070806,1.0039179902178148,0.05022866135732329,0.22476107414149737
2025-10-28 15:15:23.235,3.220558606519262,1.0046287556997413,0.048175338853980065,0.22231288192597276
2025-10-28 15:15:24.264,3.220242710749517,1.0043128599299962,0.04793841702667123,0.2228656995230267
2025-10-28 15:15:25.290,3.2206375804616982,1.0038390162753785,0.05101840078168607,0.22373441288982576
2025-10-28 15:15:26.316,3.2200847628646443,1.0041549120451236,0.04722765154474473,0.22318159529277182
2025-10-28 15:15:27.342,3.2201637368070806,1.0036020944480697,0.04683278183256334,0.22270775163815415
2025-10-28 15:15:28.371,3.2204006586343894,1.003996964160251,0.049280974048087955,0.2253928656809876
2025-10-28 15:15:29.401,3.220242710749517,1.0040759381026874,0.04754354731448984,0.22389236077469832
2025-10-28 15:15:30.430,3.2201637368070806,1.003996964160251,0.04880713039347029,0.22373441288982576
2025-10-28 15:15:31.458,3.219768867094899,1.0040759381026874,0.048175338853980065,0.22231288192597276
2025-10-28 15:15:32.484,3.2200847628646443,1.0047077296421776,0.04730662548718101,0.22476107414149737
2025-10-28 15:15:33.511,3.2200847628646443,1.00423388598756,0.04825431279641634,0.22278672558059043
2025-10-28 15:15:34.542,3.219689893152463,1.0047077296421776,0.0469907297174359,0.2232605692352081
2025-10-28 15:15:35.567,3.2196109192100266,1.0043128599299962,0.04691175577499962,0.2239713347171346
2025-10-28 15:15:36.590,3.2189791276705364,1.0043918338724325,0.047859443084234954,0.2232605692352081
2025-10-28 15:15:37.621,3.219768867094899,1.0038390162753785,0.04722765154474473,0.22176006432891882
2025-10-28 15:15:38.651,3.2189791276705364,1.0043918338724325,0.05062353106950468,0.22349749106251693
2025-10-28 15:15:39.681,3.2192950234402815,1.003996964160251,0.04793841702667123,0.2221549340411002
2025-10-28 15:15:40.713,3.2190581016129727,1.0041549120451236,0.04880713039347029,0.2232605692352081
2025-10-28 15:15:41.738,3.2189001537281,1.0043128599299962,0.04833328673885262,0.2228656995230267
2025-10-28 15:15:42.764,3.2189791276705364,1.0036020944480697,0.05014968741488701,0.2246821001990611
2025-10-28 15:15:43.791,3.2189791276705364,1.0041549120451236,0.05030763529975957,0.22302364740789926
2025-10-28 15:15:44.821,3.2185052840159187,1.0039179902178148,0.048175338853980065,0.2218390382713551
2025-10-28 15:15:45.851,3.218584257958355,1.003996964160251,0.04730662548718101,0.22310262135033554
2025-10-28 15:15:46.883,3.218821179785664,1.0041549120451236,0.047859443084234954,0.22262877769571787
2025-10-28 15:15:47.914,3.2189791276705364,1.0037600423329422,0.047859443084234954,0.22270775163815415
2025-10-28 15:15:48.944,3.218584257958355,1.0039179902178148,0.047069703659872175,0.22507696991124249
2025-10-28 15:15:49.974,3.217952466418865,1.0047077296421776,0.04754354731448984,0.22373441288982576
2025-10-28 15:15:51.004,3.2181893882461736,1.0040759381026874,0.04691175577499962,0.2225498037532816
2025-10-28 15:15:52.036,3.217715544591556,1.0032072247358883,0.04738559942961729,0.22231288192597276
2025-10-28 15:15:53.065,3.217952466418865,1.003996964160251,0.05030763529975957,0.22310262135033554
2025-10-28 15:15:54.095,3.217952466418865,1.0038390162753785,0.04801739096910751,0.22223390798353648
2025-10-28 15:15:55.123,3.217952466418865,1.0044708078148687,0.04762252125692612,0.2218390382713551
2025-10-28 15:15:56.154,3.217715544591556,1.003996964160251,0.05014968741488701,0.22373441288982576
2025-10-28 15:15:57.183,3.2177945185339922,1.0040759381026874,0.0469907297174359,0.22310262135033554
2025-10-28 15:15:58.212,3.2175575967066834,1.0034441465631971,0.048570208566161455,0.22365543894738948
2025-10-28 15:15:59.238,3.2176365706491197,1.003681068390506,0.0477014951993624,0.2221549340411002
2025-10-28 15:16:00.264,3.2178734924764285,1.0047077296421776,0.04809636491154379,0.22476107414149737
2025-10-28 15:16:01.292,3.2175575967066834,1.003996964160251,0.047464573372053565,0.22405030865957087
2025-10-28 15:16:02.319,3.216925805167193,1.00423388598756,0.04864918250859773,0.22436620442931599
2025-10-28 15:16:03.344,3.2176365706491197,1.0043918338724325,0.04809636491154379,0.2228656995230267
2025-10-28 15:16:04.370,3.2167678572823206,1.0038390162753785,0.04833328673885262,0.2246821001990611
2025-10-28 15:16:05.400,3.216925805167193,1.0035231205056334,0.04825431279641634,0.22262877769571787
2025-10-28 15:16:06.433,3.2170047791096295,1.0037600423329422,0.04801739096910751,0.22507696991124249
2025-10-28 15:16:07.464,3.216925805167193,1.003996964160251,0.046753807890127064,0.22223390798353648
2025-10-28 15:16:08.492,3.216846831224757,1.0039179902178148,0.05101840078168607,0.22373441288982576
2025-10-28 15:16:09.523,3.2164519615125755,1.0043918338724325,0.048965078278342844,0.22262877769571787
2025-10-28 15:16:10.549,3.2167678572823206,1.0039179902178148,0.05046558318463212,0.22373441288982576
2025-10-28 15:16:11.572,3.216294013627703,1.0043128599299962,0.050781478954377235,0.22302364740789926
2025-10-28 15:16:12.600,3.2161360657428304,1.0044708078148687,0.04809636491154379,0.22191801221379137
2025-10-28 15:16:13.625,3.2161360657428304,1.00423388598756,0.04872815645103401,0.22160211644404626
2025-10-28 15:16:14.653,3.2167678572823206,1.0055764430089766,0.04880713039347029,0.22531389173855132
2025-10-28 15:16:15.681,3.2162150396852667,1.003996964160251,0.04691175577499962,0.22247082981084532
2025-10-28 15:16:16.707,3.2161360657428304,1.0035231205056334,0.0469907297174359,0.22318159529277182
2025-10-28 15:16:17.734,3.216057091800394,1.0043128599299962,0.04849123462372518,0.22484004808393365
2025-10-28 15:16:18.763,3.2158201699730853,1.0035231205056334,0.04959686981783307,0.22168109038648254
2025-10-28 15:16:19.786,3.2156622220882127,1.003996964160251,0.0477014951993624,0.22262877769571787
2025-10-28 15:16:20.817,3.216057091800394,1.0038390162753785,0.049675843760269345,0.22278672558059043
2025-10-28 15:16:21.847,3.2155832481457765,1.003681068390506,0.04738559942961729,0.22310262135033554
2025-10-28 15:16:22.870,3.2153463263184676,1.0040759381026874,0.04793841702667123,0.22586670933560526
2025-10-28 15:16:23.899,3.215188378433595,1.0038390162753785,0.047069703659872175,0.2221549340411002
2025-10-28 15:16:24.928,3.2153463263184676,1.0040759381026874,0.047069703659872175,0.22333954317764437
2025-10-28 15:16:25.956,3.2150304305487225,1.003996964160251,0.04991276558757818,0.22389236077469832
2025-10-28 15:16:26.982,3.2149514566062862,1.0040759381026874,0.04825431279641634,0.22207596009866393
2025-10-28 15:16:28.012,3.215188378433595,1.0040759381026874,0.04872815645103401,0.22412928260200715
2025-10-28 15:16:29.042,3.214635560836541,1.0043128599299962,0.04833328673885262,0.22239185586840904
2025-10-28 15:16:30.069,3.214319665066796,1.0040759381026874,0.04809636491154379,0.22618260510535038
2025-10-28 15:16:31.099,3.2147935087214137,1.0041549120451236,0.050070713472450734,0.2239713347171346
2025-10-28 15:16:32.127,3.2147145347789774,1.004549781757305,0.04691175577499962,0.2228656995230267
2025-10-28 15:16:33.157,3.214556586894105,1.0038390162753785,0.0477014951993624,0.2242872304868797
2025-10-28 15:16:34.187,3.2147145347789774,1.0043128599299962,0.047069703659872175,0.22562978750829643
2025-10-28 15:16:35.219,3.214082743239487,1.0032861986783246,0.04754354731448984,0.22207596009866393
2025-10-28 15:16:36.247,3.213766847469742,1.00423388598756,0.04754354731448984,0.22523491779611504
2025-10-28 15:16:37.276,3.2139247953546146,1.0041549120451236,0.04864918250859773,0.22333954317764437
2025-10-28 15:16:38.302,3.2139247953546146,1.0041549120451236,0.047069703659872175,0.2218390382713551
2025-10-28 15:16:39.328,3.214082743239487,1.0037600423329422,0.046753807890127064,0.22278672558059043
2025-10-28 15:16:40.354,3.214319665066796,1.0038390162753785,0.050781478954377235,0.22476107414149737
2025-10-28 15:16:41.377,3.2135299256424332,1.0048656775270501,0.0484122606812889,0.22476107414149737
2025-10-28 15:16:42.406,3.2139247953546146,1.0047077296421776,0.046753807890127064,0.22452415231418854
2025-10-28 15:16:43.431,3.2135299256424332,1.0038390162753785,0.04849123462372518,0.2232605692352081
2025-10-28 15:16:44.457,3.2135299256424332,1.0035231205056334,0.04849123462372518,0.2228656995230267
2025-10-28 15:16:45.483,3.213214029872688,1.0046287556997413,0.0484122606812889,0.22231288192597276
2025-10-28 15:16:46.510,3.213450951699997,1.0038390162753785,0.04730662548718101,0.22389236077469832
2025-10-28 15:16:47.538,3.2136088995848695,1.0036020944480697,0.049991739530014456,0.22262877769571787
2025-10-28 15:16:48.564,3.2129771080453793,1.0034441465631971,0.04793841702667123,0.2239713347171346
2025-10-28 15:16:49.589,3.213135055930252,1.0043918338724325,0.047859443084234954,0.22523491779611504
2025-10-28 15:16:50.615,3.2128191601605067,1.0044708078148687,0.04872815645103401,0.2225498037532816
2025-10-28 15:16:51.642,3.213135055930252,1.003996964160251,0.047069703659872175,0.2225498037532816
2025-10-28 15:16:52.670,3.2127401862180704,1.0039179902178148,0.050781478954377235,0.22555081356586015
2025-10-28 15:16:53.697,3.212582238333198,1.0041549120451236,0.0484122606812889,0.2225498037532816
2025-10-28 15:16:54.722,3.212661212275634,1.0036020944480697,0.04904405222077912,0.22278672558059043
2025-10-28 15:16:55.750,3.2124242904483253,1.00423388598756,0.04825431279641634,0.22341851712008065
2025-10-28 15:16:56.776,3.2124242904483253,1.0046287556997413,0.0477014951993624,0.22278672558059043
2025-10-28 15:16:57.807,3.2124242904483253,1.0041549120451236,0.05014968741488701,0.2246821001990611
2025-10-28 15:16:58.835,3.2121083946785802,1.0040759381026874,0.04943892193296051,0.22373441288982576
2025-10-28 15:16:59.861,3.2121083946785802,1.0039179902178148,0.047464573372053565,0.22247082981084532
2025-10-28 15:17:00.886,3.212029420736144,1.0034441465631971,0.0477014951993624,0.22231288192597276
2025-10-28 15:17:01.916,3.2121873686210165,1.00423388598756,0.048886104335906566,0.22262877769571787
2025-10-28 15:17:02.939,3.21147660313909,1.003128250793452,0.04722765154474473,0.22199698615622765
2025-10-28 15:17:03.964,3.211713524966399,1.0035231205056334,0.0477014951993624,0.22239185586840904
2025-10-28 15:17:04.992,3.21147660313909,1.0039179902178148,0.04754354731448984,0.22294467346546298
2025-10-28 15:17:06.018,3.211239681311781,1.0036020944480697,0.0477014951993624,0.22460312625662482
2025-10-28 15:17:07.043,3.21147660313909,1.0036020944480697,0.047464573372053565,0.22247082981084532
2025-10-28 15:17:08.070,3.2116345510239626,1.0036020944480697,0.047859443084234954,0.22365543894738948
2025-10-28 15:17:09.097,3.211792498908835,1.003681068390506,0.04730662548718101,0.22341851712008065
2025-10-28 15:17:10.122,3.2113186552542174,1.0043918338724325,0.04864918250859773,0.22294467346546298
2025-10-28 15:17:11.150,3.211160707369345,1.0040759381026874,0.0505445571270684,0.22420825654444343
2025-10-28 15:17:12.177,3.211239681311781,1.0037600423329422,0.04849123462372518,0.22341851712008065
2025-10-28 15:17:13.204,3.2106868637147272,1.003996964160251,0.04833328673885262,0.2214441685591737
2025-10-28 15:17:14.231,3.2105289158298547,1.0036020944480697,0.048570208566161455,0.2253928656809876
2025-10-28 15:17:15.257,3.2106868637147272,1.0035231205056334,0.04738559942961729,0.22420825654444343
2025-10-28 15:17:16.284,3.2107658376571635,1.003681068390506,0.048175338853980065,0.22191801221379137
2025-10-28 15:17:17.310,3.2104499418874184,1.003996964160251,0.05062353106950468,0.22349749106251693
2025-10-28 15:17:18.336,3.2105289158298547,1.0043128599299962,0.04833328673885262,0.2235764650049532
2025-10-28 15:17:19.359,3.2101340461176733,1.003996964160251,0.04943892193296051,0.22365543894738948
2025-10-28 15:17:20.385,3.210291994002546,1.0039179902178148,0.0484122606812889,0.22199698615622765
2025-10-28 15:17:21.413,3.210055072175237,1.0043128599299962,0.04864918250859773,0.22586670933560526
2025-10-28 15:17:22.440,3.210607889772291,1.0043918338724325,0.04849123462372518,0.22223390798353648
2025-10-28 15:17:23.467,3.2107658376571635,1.0041549120451236,0.04762252125692612,0.22349749106251693
2025-10-28 15:17:24.494,3.2095812285206193,1.0043128599299962,0.04762252125692612,0.22333954317764437
2025-10-28 15:17:25.521,3.2098971242903644,1.0041549120451236,0.04722765154474473,0.2239713347171346
2025-10-28 15:17:26.546,3.209818150347928,1.0038390162753785,0.04935994799052423,0.22231288192597276
2025-10-28 15:17:27.572,3.209818150347928,1.0039179902178148,0.04872815645103401,0.22349749106251693
2025-10-28 15:17:28.598,3.209186358808438,1.0041549120451236,0.0477014951993624,0.22223390798353648
2025-10-28 15:17:29.623,3.208949436981129,1.0035231205056334,0.05014968741488701,0.22160211644404626
2025-10-28 15:17:30.653,3.209502254578183,1.0047077296421776,0.047780469141798676,0.2253928656809876
2025-10-28 15:17:31.679,3.2093443066933105,1.00423388598756,0.04920200010565168,0.22333954317764437
2025-10-28 15:17:32.707,3.2090284109235654,1.0039179902178148,0.04691175577499962,0.22420825654444343
2025-10-28 15:17:33.733,3.2092653327508742,1.0040759381026874,0.05093942683924979,0.22318159529277182
2025-10-28 15:17:34.760,3.209186358808438,1.0035231205056334,0.04738559942961729,0.2235764650049532
2025-10-28 15:17:35.788,3.2087125151538203,1.0047867035846139,0.048175338853980065,0.22294467346546298
2025-10-28 15:17:36.816,3.2087914890962566,1.0039179902178148,0.05070250501194096,0.22365543894738948
2025-10-28 15:17:37.844,3.208949436981129,1.0035231205056334,0.04730662548718101,0.2228656995230267
2025-10-28 15:17:38.874,3.2091073848660017,1.0039179902178148,0.049280974048087955,0.22381338683226204
2025-10-28 15:17:39.905,3.2084755933265114,1.0038390162753785,0.04730662548718101,0.22247082981084532
2025-10-28 15:17:40.928,3.2087125151538203,1.0043128599299962,0.047859443084234954,0.22373441288982576
2025-10-28 15:17:41.958,3.208317645441639,1.0044708078148687,0.04959686981783307,0.22333954317764437
2025-10-28 15:17:42.986,3.208317645441639,1.0040759381026874,0.04951789587539679,0.2228656995230267
2025-10-28 15:17:44.012,3.208396619384075,1.0041549120451236,0.05101840078168607,0.22365543894738948
2025-10-28 15:17:45.038,3.207843801787021,1.0041549120451236,0.04864918250859773,0.22341851712008065
2025-10-28 15:17:46.064,3.2079227757294575,1.0044708078148687,0.0484122606812889,0.22270775163815415
2025-10-28 15:17:47.092,3.2082386714992026,1.0034441465631971,0.04864918250859773,0.22594568327804154
2025-10-28 15:17:48.118,3.207527906017276,1.0044708078148687,0.047780469141798676,0.22262877769571787
2025-10-28 15:17:49.147,3.2076858539021487,1.0040759381026874,0.04825431279641634,0.2221549340411002
2025-10-28 15:17:50.178,3.2076068799597124,1.0036020944480697,0.049280974048087955,0.22452415231418854
2025-10-28 15:17:51.205,3.207527906017276,1.0036020944480697,0.04825431279641634,0.22231288192597276
2025-10-28 15:17:52.233,3.2076858539021487,1.0044708078148687,0.047859443084234954,0.22420825654444343
2025-10-28 15:17:53.263,3.2072909841899673,1.0046287556997413,0.048175338853980065,0.22270775163815415
2025-10-28 15:17:54.293,3.207527906017276,1.0040759381026874,0.047859443084234954,0.22562978750829643
2025-10-28 15:17:55.323,3.2072909841899673,1.0041549120451236,0.0469907297174359,0.2225498037532816
2025-10-28 15:17:56.353,3.2070540623626584,1.003996964160251,0.04762252125692612,0.22436620442931599
2025-10-28 15:17:57.378,3.20744893207484,1.0036020944480697,0.05046558318463212,0.22278672558059043
2025-10-28 15:17:58.404,3.2065802187080408,1.0037600423329422,0.050386609242195846,0.22247082981084532
2025-10-28 15:17:59.432,3.206975088420222,1.0032861986783246,0.04880713039347029,0.2232605692352081
2025-10-28 15:18:00.460,3.2068171405353496,1.0041549120451236,0.04959686981783307,0.22191801221379137
2025-10-28 15:18:01.485,3.2072909841899673,1.0047077296421776,0.047464573372053565,0.22160211644404626
2025-10-28 15:18:02.508,3.2065012447656045,1.003996964160251,0.04809636491154379,0.22262877769571787
2025-10-28 15:18:03.538,3.2062643229382957,1.003996964160251,0.04809636491154379,0.22231288192597276
2025-10-28 15:18:04.564,3.2068171405353496,1.0041549120451236,0.04762252125692612,0.22247082981084532
2025-10-28 15:18:05.591,3.206027401110987,1.00423388598756,0.0484122606812889,0.22349749106251693
2025-10-28 15:18:06.621,3.2056325313988054,1.003996964160251,0.05046558318463212,0.22365543894738948
2025-10-28 15:18:07.647,3.2065012447656045,1.0033651726207609,0.04691175577499962,0.22231288192597276
2025-10-28 15:18:08.677,3.2059484271685506,1.0043128599299962,0.04880713039347029,0.22365543894738948
2025-10-28 15:18:09.708,3.2065802187080408,1.0040759381026874,0.047780469141798676,0.22444517837175226
2025-10-28 15:18:10.736,3.205790479283678,1.0029703029085795,0.0491230261632154,0.22302364740789926
2025-10-28 15:18:11.762,3.2059484271685506,1.00423388598756,0.050070713472450734,0.22333954317764437
2025-10-28 15:18:12.789,3.2061853489958594,1.0047077296421776,0.04738559942961729,0.22294467346546298
2025-10-28 15:18:13.817,3.206343296880732,1.0041549120451236,0.0491230261632154,0.2239713347171346
2025-10-28 15:18:14.843,3.206027401110987,1.0044708078148687,0.04691175577499962,0.22207596009866393
2025-10-28 15:18:15.868,3.205237661686624,1.0043128599299962,0.04920200010565168,0.22247082981084532
2025-10-28 15:18:16.898,3.2057115053412417,1.0035231205056334,0.0484122606812889,0.2232605692352081
2025-10-28 15:18:17.924,3.2050797138017515,1.0034441465631971,0.04691175577499962,0.22176006432891882
2025-10-28 15:18:18.947,3.2050797138017515,1.0037600423329422,0.04793841702667123,0.22247082981084532
2025-10-28 15:18:19.974,3.205474583513933,1.0034441465631971,0.048886104335906566,0.22302364740789926
2025-10-28 15:18:20.997,3.2051586877441878,1.00423388598756,0.0477014951993624,0.22389236077469832
2025-10-28 15:18:22.020,3.2047638180320064,1.0034441465631971,0.04872815645103401,0.22278672558059043
2025-10-28 15:18:23.043,3.205474583513933,1.0035231205056334,0.05014968741488701,0.22436620442931599
2025-10-28 15:18:24.065,3.2048427919744427,1.0046287556997413,0.04809636491154379,0.22302364740789926
2025-10-28 15:18:25.088,3.2045268962046976,1.0037600423329422,0.04683278183256334,0.22389236077469832
2025-10-28 15:18:26.112,3.204605870147134,1.0043918338724325,0.04683278183256334,0.22381338683226204
2025-10-28 15:18:27.135,3.2048427919744427,1.0033651726207609,0.04959686981783307,0.2235764650049532
2025-10-28 15:18:28.158,3.20468484408957,1.00423388598756,0.04793841702667123,0.2249979959688062
2025-10-28 15:18:29.181,3.204605870147134,1.0039179902178148,0.0491230261632154,0.2228656995230267
2025-10-28 15:18:30.204,3.204368948319825,1.003996964160251,0.049280974048087955,0.2228656995230267
2025-10-28 15:18:31.227,3.20468484408957,1.0040759381026874,0.047780469141798676,0.2239713347171346
2025-10-28 15:18:32.256,3.203816130722771,1.00423388598756,0.0477014951993624,0.22507696991124249
2025-10-28 15:18:33.284,3.2038951046652073,1.0033651726207609,0.049675843760269345,0.22318159529277182
2025-10-28 15:18:34.311,3.20405305255008,1.0038390162753785,0.04754354731448984,0.22239185586840904
2025-10-28 15:18:35.334,3.203816130722771,1.003681068390506,0.04762252125692612,0.22341851712008065
2025-10-28 15:18:36.357,3.203579208895462,1.0043128599299962,0.04864918250859773,0.22318159529277182
2025-10-28 15:18:37.381,3.2039740786076436,1.0043918338724325,0.0484122606812889,0.22247082981084532
2025-10-28 15:18:38.404,3.203500234953026,1.0037600423329422,0.04730662548718101,0.22191801221379137
2025-10-28 15:18:39.429,3.2037371567803348,1.0039179902178148,0.047780469141798676,0.22168109038648254
2025-10-28 15:18:40.455,3.203579208895462,1.0040759381026874,0.04920200010565168,0.22318159529277182
2025-10-28 15:18:41.480,3.2031053652408445,1.003996964160251,0.04833328673885262,0.22207596009866393
2025-10-28 15:18:42.507,3.2033422870681534,1.003681068390506,0.047859443084234954,0.2228656995230267
2025-10-28 15:18:43.538,3.2031053652408445,1.0037600423329422,0.04762252125692612,0.22310262135033554
2025-10-28 15:18:44.570,3.2031053652408445,1.0034441465631971,0.04738559942961729,0.22231288192597276
2025-10-28 15:18:45.601,3.2028684434135357,1.004549781757305,0.05022866135732329,0.22247082981084532
2025-10-28 15:18:46.627,3.202710495528663,1.0032861986783246,0.048886104335906566,0.22231288192597276
2025-10-28 15:18:47.653,3.2027894694710994,1.00423388598756,0.04801739096910751,0.22476107414149737
2025-10-28 15:18:48.680,3.2024735737013543,1.0047077296421776,0.049991739530014456,0.22270775163815415
2025-10-28 15:18:49.707,3.2024735737013543,1.0043918338724325,0.046674833947690786,0.22247082981084532
2025-10-28 15:18:50.737,3.2024735737013543,1.00423388598756,0.0477014951993624,0.22294467346546298
2025-10-28 15:18:51.763,3.202710495528663,1.0039179902178148,0.04691175577499962,0.2246821001990611
2025-10-28 15:18:52.787,3.2023156258164818,1.0040759381026874,0.04935994799052423,0.22381338683226204
2025-10-28 15:18:53.817,3.2019997300467367,1.0043128599299962,0.048175338853980065,0.22373441288982576
2025-10-28 15:18:54.846,3.2019997300467367,1.0039179902178148,0.04801739096910751,0.22436620442931599
2025-10-28 15:18:55.876,3.2019997300467367,1.0036020944480697,0.0505445571270684,0.22294467346546298
2025-10-28 15:18:56.907,3.201762808219428,1.003681068390506,0.0498337916451419,0.22389236077469832
2025-10-28 15:18:57.933,3.2019997300467367,1.0035231205056334,0.04730662548718101,0.22412928260200715
2025-10-28 15:18:58.962,3.201762808219428,1.0036020944480697,0.05070250501194096,0.22231288192597276
2025-10-28 15:18:59.990,3.201762808219428,1.003996964160251,0.048175338853980065,0.2228656995230267
2025-10-28 15:19:01.019,3.2016048603345553,1.0038390162753785,0.0484122606812889,0.22262877769571787
2025-10-28 15:19:02.046,3.20128896456481,1.00423388598756,0.048175338853980065,0.2218390382713551
2025-10-28 15:19:03.075,3.2014469124496827,1.003996964160251,0.04849123462372518,0.22405030865957087
2025-10-28 15:19:04.106,3.201841782161864,1.0047867035846139,0.04801739096910751,0.22270775163815415
2025-10-28 15:19:05.137,3.2016838342769915,1.0039179902178148,0.047859443084234954,0.2228656995230267
2025-10-28 15:19:06.168,3.201841782161864,1.00423388598756,0.0484122606812889,0.2225498037532816
2025-10-28 15:19:07.199,3.2013679385072464,1.0039179902178148,0.0469907297174359,0.22239185586840904
2025-10-28 15:19:08.229,3.2005781990828837,1.0043128599299962,0.047859443084234954,0.2214441685591737
2025-10-28 15:19:09.256,3.2011310166799376,1.0038390162753785,0.047780469141798676,0.22302364740789926
2025-10-28 15:19:10.282,3.201525886392119,1.0039179902178148,0.04825431279641634,0.22207596009866393
2025-10-28 15:19:11.309,3.2008151209101925,1.0030492768510157,0.04691175577499962,0.22176006432891882
2025-10-28 15:19:12.335,3.200420251198011,1.0047077296421776,0.047464573372053565,0.22444517837175226
2025-10-28 15:19:13.363,3.200736146967756,1.0035231205056334,0.04793841702667123,0.2225498037532816
2025-10-28 15:19:14.392,3.200420251198011,1.0035231205056334,0.05062353106950468,0.22341851712008065
2025-10-28 15:19:15.422,3.200341277255575,1.0039179902178148,0.04714867760230845,0.22270775163815415
2025-10-28 15:19:16.451,3.200341277255575,1.0040759381026874,0.04683278183256334,0.22247082981084532
2025-10-28 15:19:17.476,3.200420251198011,1.003996964160251,0.05070250501194096,0.22412928260200715
2025-10-28 15:19:18.506,3.200341277255575,1.0040759381026874,0.04714867760230845,0.22223390798353648
2025-10-28 15:19:19.537,3.200341277255575,1.0039179902178148,0.04754354731448984,0.22365543894738948
2025-10-28 15:19:20.565,3.2004992251404474,1.003996964160251,0.048175338853980065,0.22207596009866393
2025-10-28 15:19:21.591,3.1999464075433934,1.0038390162753785,0.04714867760230845,0.2239713347171346
2025-10-28 15:19:22.621,3.1999464075433934,1.0041549120451236,0.050386609242195846,0.22349749106251693
2025-10-28 15:19:23.650,3.1997094857160846,1.0041549120451236,0.04659586000525451,0.22294467346546298
2025-10-28 15:19:24.680,3.199867433600957,1.0039179902178148,0.04738559942961729,0.22294467346546298
2025-10-28 15:19:25.706,3.199551537831212,1.0039179902178148,0.046674833947690786,0.22199698615622765
2025-10-28 15:19:26.737,3.199867433600957,1.0039179902178148,0.04730662548718101,0.2228656995230267
2025-10-28 15:19:27.769,3.199788459658521,1.0040759381026874,0.04801739096910751,0.22231288192597276
2025-10-28 15:19:28.799,3.1991566681190307,1.0041549120451236,0.04872815645103401,0.22349749106251693
2025-10-28 15:19:29.826,3.1996305117736483,1.0035231205056334,0.04793841702667123,0.22302364740789926
2025-10-28 15:19:30.850,3.198919746291722,1.0039179902178148,0.04801739096910751,0.2228656995230267
2025-10-28 15:19:31.880,3.1990776941765944,1.0039179902178148,0.04920200010565168,0.22294467346546298
2025-10-28 15:19:32.907,3.1991566681190307,1.0039179902178148,0.04722765154474473,0.22365543894738948
2025-10-28 15:19:33.937,3.198682824464413,1.0034441465631971,0.04864918250859773,0.22310262135033554
2025-10-28 15:19:34.967,3.1988407723492855,1.0039179902178148,0.046753807890127064,0.22207596009866393
2025-10-28 15:19:35.993,3.1985248765795404,1.003996964160251,0.04754354731448984,0.22373441288982576
2025-10-28 15:19:37.019,3.1991566681190307,1.0050236254119227,0.047780469141798676,0.22341851712008065
2025-10-28 15:19:38.046,3.198366928694668,1.0035231205056334,0.0484122606812889,0.22381338683226204
2025-10-28 15:19:39.076,3.198682824464413,1.0044708078148687,0.04872815645103401,0.22389236077469832
2025-10-28 15:19:40.106,3.1985248765795404,1.0037600423329422,0.04683278183256334,0.22302364740789926
2025-10-28 15:19:41.136,3.198366928694668,1.0040759381026874,0.04754354731448984,0.22341851712008065
2025-10-28 15:19:42.163,3.1982089808097953,1.0047077296421776,0.049991739530014456,0.2232605692352081
2025-10-28 15:19:43.192,3.198130006867359,1.00423388598756,0.04793841702667123,0.22436620442931599
2025-10-28 15:19:44.223,3.1979720589824865,1.00423388598756,0.04730662548718101,0.22405030865957087
2025-10-28 15:19:45.253,3.198366928694668,1.0048656775270501,0.047069703659872175,0.22341851712008065
2025-10-28 15:19:46.279,3.198366928694668,1.0034441465631971,0.04849123462372518,0.22389236077469832
2025-10-28 15:19:47.314,3.198130006867359,1.0041549120451236,0.04754354731448984,0.22476107414149737
2025-10-28 15:19:48.340,3.198366928694668,1.0038390162753785,0.047859443084234954,0.2239713347171346
2025-10-28 15:19:49.367,3.1976561632127414,1.0036020944480697,0.05022866135732329,0.22310262135033554
2025-10-28 15:19:50.395,3.19789308504005,1.0039179902178148,0.05086045289681351,0.225787735393169
2025-10-28 15:19:51.422,3.1973402674429963,1.0044708078148687,0.04722765154474473,0.2228656995230267
2025-10-28 15:19:52.449,3.1979720589824865,1.0036020944480697,0.04762252125692612,0.22176006432891882
2025-10-28 15:19:53.477,3.1973402674429963,1.0037600423329422,0.04951789587539679,0.22420825654444343
2025-10-28 15:19:54.504,3.1977351371551777,1.0041549120451236,0.04714867760230845,0.22476107414149737
2025-10-28 15:19:55.531,3.19726129350056,1.003996964160251,0.0469907297174359,0.22452415231418854
2025-10-28 15:19:56.560,3.1974192413854325,1.0034441465631971,0.050386609242195846,0.22389236077469832
2025-10-28 15:19:57.587,3.197024371673251,1.003996964160251,0.047859443084234954,0.22207596009866393
2025-10-28 15:19:58.615,3.19726129350056,1.0034441465631971,0.04920200010565168,0.22341851712008065
2025-10-28 15:19:59.645,3.1976561632127414,1.003996964160251,0.04722765154474473,0.2228656995230267
2025-10-28 15:20:00.674,3.1971033456156874,1.0036020944480697,0.04809636491154379,0.22310262135033554
2025-10-28 15:20:01.701,3.1968664237883786,1.003681068390506,0.0484122606812889,0.22341851712008065
2025-10-28 15:20:02.727,3.196471554076197,1.0038390162753785,0.048570208566161455,0.22176006432891882
2025-10-28 15:20:03.757,3.1967874498459423,1.0043918338724325,0.04864918250859773,0.2239713347171346
2025-10-28 15:20:04.783,3.1966295019610698,1.0036020944480697,0.04722765154474473,0.22373441288982576
2025-10-28 15:20:05.813,3.196945397730815,1.0043128599299962,0.04683278183256334,0.2235764650049532
2025-10-28 15:20:06.845,3.1965505280186335,1.003996964160251,0.04714867760230845,0.22231288192597276
2025-10-28 15:20:07.873,3.196471554076197,1.0032861986783246,0.04801739096910751,0.22199698615622765
2025-10-28 15:20:08.895,3.1959187364791433,1.0041549120451236,0.04880713039347029,0.2257087614507327
2025-10-28 15:20:09.924,3.1959187364791433,1.00423388598756,0.04793841702667123,0.2225498037532816
2025-10-28 15:20:10.951,3.196471554076197,1.0034441465631971,0.047780469141798676,0.22349749106251693
2025-10-28 15:20:11.980,3.196076684364016,1.0043918338724325,0.04864918250859773,0.22333954317764437
2025-10-28 15:20:13.004,3.195602840709398,1.0035231205056334,0.0484122606812889,0.22176006432891882
2025-10-28 15:20:14.031,3.1956818146518344,1.0037600423329422,0.046753807890127064,0.22231288192597276
2025-10-28 15:20:15.059,3.1956818146518344,1.0034441465631971,0.048570208566161455,0.2253928656809876
2025-10-28 15:20:16.088,3.1957607885942707,1.0038390162753785,0.048965078278342844,0.22239185586840904
2025-10-28 15:20:17.116,3.195286944939653,1.0034441465631971,0.05046558318463212,0.2232605692352081
2025-10-28 15:20:18.144,3.195602840709398,1.003681068390506,0.04809636491154379,0.22262877769571787
2025-10-28 15:20:19.173,3.195602840709398,1.0036020944480697,0.05014968741488701,0.2235764650049532
2025-10-28 15:20:20.204,3.195286944939653,1.0037600423329422,0.0484122606812889,0.22191801221379137
2025-10-28 15:20:21.231,3.1953659188820893,1.0039179902178148,0.04691175577499962,0.22294467346546298
2025-10-28 15:20:22.258,3.195050023112344,1.0038390162753785,0.05014968741488701,0.22318159529277182
2025-10-28 15:20:23.285,3.1951289970547805,1.0036020944480697,0.0491230261632154,0.2232605692352081
2025-10-28 15:20:24.313,3.1948920752274717,1.0034441465631971,0.04943892193296051,0.22381338683226204
2025-10-28 15:20:25.342,3.194655153400163,1.0043128599299962,0.0484122606812889,0.22302364740789926
2025-10-28 15:20:26.369,3.194734127342599,1.0037600423329422,0.04801739096910751,0.22223390798353648
2025-10-28 15:20:27.397,3.194734127342599,1.0037600423329422,0.04825431279641634,0.22333954317764437
2025-10-28 15:20:28.423,3.1943392576304177,1.0037600423329422,0.04872815645103401,0.2228656995230267
2025-10-28 15:20:29.449,3.1943392576304177,1.0034441465631971,0.05030763529975957,0.2235764650049532
2025-10-28 15:20:30.476,3.1942602836879814,1.003996964160251,0.04714867760230845,0.2232605692352081
2025-10-28 15:20:31.502,3.194418231572854,1.0034441465631971,0.04935994799052423,0.22302364740789926
2025-10-28 15:20:32.529,3.1937074660909275,1.0037600423329422,0.04683278183256334,0.22239185586840904
2025-10-28 15:20:33.555,3.194181309745545,1.0043918338724325,0.046674833947690786,0.22381338683226204
2025-10-28 15:20:34.581,3.1937074660909275,1.0035231205056334,0.05030763529975957,0.22389236077469832
2025-10-28 15:20:35.608,3.1937864400333638,1.0040759381026874,0.04833328673885262,0.22223390798353648
2025-10-28 15:20:36.634,3.193628492148491,1.0043918338724325,0.0469907297174359,0.22444517837175226
2025-10-28 15:20:37.665,3.193628492148491,1.0041549120451236,0.047069703659872175,0.22270775163815415
2025-10-28 15:20:38.692,3.193628492148491,1.0037600423329422,0.047859443084234954,0.22436620442931599
2025-10-28 15:20:39.719,3.1937864400333638,1.0038390162753785,0.04880713039347029,0.22412928260200715
2025-10-28 15:20:40.745,3.1934705442636186,1.0035231205056334,0.04793841702667123,0.22436620442931599
2025-10-28 15:20:41.769,3.1934705442636186,1.0035231205056334,0.05022866135732329,0.22278672558059043
2025-10-28 15:20:42.796,3.193312596378746,1.0040759381026874,0.04691175577499962,0.2235764650049532
2025-10-28 15:20:43.821,3.1929177266665647,1.0039179902178148,0.04738559942961729,0.2225498037532816
2025-10-28 15:20:44.849,3.192996700609001,1.0039179902178148,0.04738559942961729,0.22294467346546298
2025-10-28 15:20:45.876,3.1928387527241284,1.0040759381026874,0.0505445571270684,0.22318159529277182
2025-10-28 15:20:46.908,3.192996700609001,1.00423388598756,0.04801739096910751,0.2235764650049532
2025-10-28 15:20:47.934,3.1930756745514373,1.0034441465631971,0.04809636491154379,0.2225498037532816
2025-10-28 15:20:48.963,3.1931546484938735,1.00423388598756,0.047780469141798676,0.2235764650049532
2025-10-28 15:20:49.989,3.1931546484938735,1.0038390162753785,0.04793841702667123,0.22262877769571787
2025-10-28 15:20:51.014,3.1925228569543833,1.0038390162753785,0.04991276558757818,0.22318159529277182
2025-10-28 15:20:52.043,3.1925228569543833,1.003996964160251,0.05030763529975957,0.22231288192597276
2025-10-28 15:20:53.070,3.1922859351270745,1.0040759381026874,0.047069703659872175,0.2228656995230267
2025-10-28 15:20:54.097,3.1925228569543833,1.0043128599299962,0.04833328673885262,0.22373441288982576
2025-10-28 15:20:55.124,3.1922859351270745,1.0035231205056334,0.04849123462372518,0.22405030865957087
2025-10-28 15:20:56.151,3.1925228569543833,1.0043918338724325,0.04801739096910751,0.22373441288982576
2025-10-28 15:20:57.178,3.1917331175300205,1.0039179902178148,0.04762252125692612,0.22270775163815415
2025-10-28 15:20:58.207,3.1919700393573294,1.0035231205056334,0.04738559942961729,0.22318159529277182
2025-10-28 15:20:59.232,3.1922859351270745,1.0041549120451236,0.04714867760230845,0.22168109038648254
2025-10-28 15:21:00.261,3.1920490132997656,1.0035231205056334,0.04809636491154379,0.22270775163815415
2025-10-28 15:21:01.289,3.191812091472457,1.00423388598756,0.04809636491154379,0.22381338683226204
2025-10-28 15:21:02.314,3.191812091472457,1.0038390162753785,0.04801739096910751,0.22278672558059043
2025-10-28 15:21:03.338,3.1917331175300205,1.0036020944480697,0.04849123462372518,0.22412928260200715
2025-10-28 15:21:04.366,3.191338247817839,1.0039179902178148,0.04951789587539679,0.22247082981084532
2025-10-28 15:21:05.398,3.1914172217602754,1.004549781757305,0.04959686981783307,0.22349749106251693
2025-10-28 15:21:06.428,3.1914172217602754,1.0040759381026874,0.04793841702667123,0.22270775163815415
2025-10-28 15:21:07.458,3.191259273875403,1.003996964160251,0.047859443084234954,0.22381338683226204
2025-10-28 15:21:08.489,3.191575169645148,1.0038390162753785,0.04730662548718101,0.22262877769571787
2025-10-28 15:21:09.516,3.1911802999329666,1.0038390162753785,0.047069703659872175,0.22523491779611504
2025-10-28 15:21:10.545,3.190706456278349,1.0039179902178148,0.05062353106950468,0.22270775163815415
2025-10-28 15:21:11.573,3.1911013259905303,1.004549781757305,0.049280974048087955,0.22207596009866393
2025-10-28 15:21:12.599,3.191259273875403,1.003681068390506,0.05046558318463212,0.22412928260200715
2025-10-28 15:21:13.628,3.190706456278349,1.0038390162753785,0.04691175577499962,0.22310262135033554
2025-10-28 15:21:14.656,3.190706456278349,1.003996964160251,0.04793841702667123,0.22333954317764437
2025-10-28 15:21:15.682,3.19046953445104,1.0039179902178148,0.04864918250859773,0.2239713347171346
2025-10-28 15:21:16.708,3.190785430220785,1.0037600423329422,0.048175338853980065,0.2235764650049532
2025-10-28 15:21:17.737,3.190390560508604,1.0033651726207609,0.05086045289681351,0.22405030865957087
2025-10-28 15:21:18.766,3.190390560508604,1.0038390162753785,0.04880713039347029,0.22247082981084532
2025-10-28 15:21:19.792,3.190390560508604,1.0040759381026874,0.049280974048087955,0.22191801221379137
2025-10-28 15:21:20.818,3.1902326126237313,1.0039179902178148,0.051097374724122346,0.22318159529277182
2025-10-28 15:21:21.849,3.1900746647388587,1.0039179902178148,0.04714867760230845,0.22333954317764437
2025-10-28 15:21:22.879,3.1900746647388587,1.0043128599299962,0.049675843760269345,0.2257087614507327
2025-10-28 15:21:23.910,3.1899956907964224,1.0034441465631971,0.047464573372053565,0.22199698615622765
2025-10-28 15:21:24.937,3.1906274823359126,1.0033651726207609,0.04959686981783307,0.2239713347171346
2025-10-28 15:21:25.969,3.189363899256932,1.00423388598756,0.04691175577499962,0.2228656995230267
2025-10-28 15:21:27.001,3.1892059513720596,1.003996964160251,0.04793841702667123,0.2239713347171346
2025-10-28 15:21:28.024,3.1897587689691136,1.0038390162753785,0.047859443084234954,0.22341851712008065
2025-10-28 15:21:29.052,3.189916716853986,1.0037600423329422,0.04730662548718101,0.22302364740789926
2025-10-28 15:21:30.081,3.189284925314496,1.0040759381026874,0.047780469141798676,0.22302364740789926
2025-10-28 15:21:31.114,3.189600821084241,1.0035231205056334,0.046753807890127064,0.2221549340411002
2025-10-28 15:21:32.145,3.1894428731993685,1.0043128599299962,0.048175338853980065,0.22436620442931599
2025-10-28 15:21:33.175,3.1895218471418048,1.0047867035846139,0.0469907297174359,0.2239713347171346
2025-10-28 15:21:34.206,3.189284925314496,1.0047867035846139,0.04951789587539679,0.22420825654444343
2025-10-28 15:21:35.237,3.189600821084241,1.0041549120451236,0.0469907297174359,0.22515594385367876
2025-10-28 15:21:36.264,3.189363899256932,1.0032072247358883,0.04754354731448984,0.2249979959688062
2025-10-28 15:21:37.291,3.1895218471418048,1.0041549120451236,0.04722765154474473,0.22247082981084532
2025-10-28 15:21:38.317,3.189600821084241,1.0044708078148687,0.04833328673885262,0.22365543894738948
2025-10-28 15:21:39.345,3.1892059513720596,1.0035231205056334,0.04849123462372518,0.22349749106251693
2025-10-28 15:21:40.370,3.189284925314496,1.0038390162753785,0.047780469141798676,0.22310262135033554
2025-10-28 15:21:41.394,3.188732107717442,1.0043128599299962,0.04714867760230845,0.2239713347171346
2025-10-28 15:21:42.416,3.188495185890133,1.0043128599299962,0.04683278183256334,0.22310262135033554
2025-10-28 15:21:43.441,3.188416211947697,1.0043128599299962,0.047859443084234954,0.22444517837175226
2025-10-28 15:21:44.464,3.189048003487187,1.00423388598756,0.048965078278342844,0.22523491779611504
2025-10-28 15:21:45.487,3.1886531337750057,1.0037600423329422,0.04801739096910751,0.22294467346546298
2025-10-28 15:21:46.513,3.1888110816598783,1.0037600423329422,0.047859443084234954,0.22168109038648254
2025-10-28 15:21:47.535,3.1883372380052606,1.003996964160251,0.047069703659872175,0.22176006432891882
2025-10-28 15:21:48.558,3.1883372380052606,1.0037600423329422,0.04714867760230845,0.22365543894738948
2025-10-28 15:21:49.581,3.1882582640628243,1.0038390162753785,0.047780469141798676,0.2228656995230267
2025-10-28 15:21:50.609,3.1877054464657704,1.0038390162753785,0.047464573372053565,0.22444517837175226
2025-10-28 15:21:51.636,3.1877844204082066,1.0037600423329422,0.0477014951993624,0.22349749106251693
2025-10-28 15:21:52.663,3.1877054464657704,1.003681068390506,0.04864918250859773,0.2246821001990611
2025-10-28 15:21:53.687,3.187547498580898,1.0041549120451236,0.048965078278342844,0.22436620442931599
2025-10-28 15:21:54.710,3.187310576753589,1.003681068390506,0.04833328673885262,0.22278672558059043
2025-10-28 15:21:55.734,3.187547498580898,1.0041549120451236,0.04809636491154379,0.22365543894738948
2025-10-28 15:21:56.762,3.1873895506960253,1.0043918338724325,0.04754354731448984,0.22365543894738948
2025-10-28 15:21:57.791,3.1873895506960253,1.0037600423329422,0.046753807890127064,0.2228656995230267
2025-10-28 15:21:58.819,3.187547498580898,1.0037600423329422,0.04904405222077912,0.22373441288982576
2025-10-28 15:21:59.842,3.187547498580898,1.0039179902178148,0.04738559942961729,0.22333954317764437
2025-10-28 15:22:00.865,3.1874685246384615,1.003681068390506,0.04849123462372518,0.2232605692352081
2025-10-28 15:22:01.890,3.1873895506960253,1.003996964160251,0.04754354731448984,0.22262877769571787
2025-10-28 15:22:02.914,3.1869157070414076,1.0038390162753785,0.04738559942961729,0.22191801221379137
2025-10-28 15:22:03.949,3.1871526288687164,1.003996964160251,0.048570208566161455,0.22333954317764437
2025-10-28 15:22:04.973,3.18707365492628,1.003996964160251,0.048570208566161455,0.22278672558059043
2025-10-28 15:22:05.998,3.186757759156535,1.0035231205056334,0.05062353106950468,0.22341851712008065
2025-10-28 15:22:07.026,3.186994680983844,1.0041549120451236,0.05046558318463212,0.22476107414149737
2025-10-28 15:22:08.053,3.1869157070414076,1.0038390162753785,0.04809636491154379,0.22270775163815415
2025-10-28 15:22:09.081,3.1865998112716625,1.003681068390506,0.0477014951993624,0.2242872304868797
2025-10-28 15:22:10.108,3.18644186338679,1.0038390162753785,0.04683278183256334,0.22333954317764437
2025-10-28 15:22:11.134,3.1866787852140988,1.0037600423329422,0.04864918250859773,0.22191801221379137
2025-10-28 15:22:12.160,3.18644186338679,1.0046287556997413,0.051097374724122346,0.2232605692352081
2025-10-28 15:22:13.185,3.1869157070414076,1.0049446514694864,0.04738559942961729,0.2242872304868797
2025-10-28 15:22:14.213,3.1862839155019174,1.0035231205056334,0.04793841702667123,0.22223390798353648
2025-10-28 15:22:15.242,3.185889045789736,1.0038390162753785,0.04762252125692612,0.22365543894738948
2025-10-28 15:22:16.269,3.1862839155019174,1.0038390162753785,0.04714867760230845,0.22373441288982576
2025-10-28 15:22:17.294,3.185889045789736,1.003996964160251,0.04738559942961729,0.2239713347171346
2025-10-28 15:22:18.319,3.1859680197321723,1.0032072247358883,0.047859443084234954,0.22333954317764437
2025-10-28 15:22:19.345,3.1859680197321723,1.0044708078148687,0.04849123462372518,0.22310262135033554
2025-10-28 15:22:20.369,3.186125967617045,1.0039179902178148,0.048886104335906566,0.22302364740789926
2025-10-28 15:22:21.397,3.185889045789736,1.0035231205056334,0.047069703659872175,0.2257087614507327
2025-10-28 15:22:22.424,3.185573150019991,1.0040759381026874,0.04730662548718101,0.22420825654444343
2025-10-28 15:22:23.449,3.185336228192682,1.0038390162753785,0.04864918250859773,0.22294467346546298
2025-10-28 15:22:24.474,3.185573150019991,1.003996964160251,0.0469907297174359,0.22460312625662482
2025-10-28 15:22:25.501,3.1857310979048634,1.00423388598756,0.04920200010565168,0.22373441288982576
2025-10-28 15:22:26.530,3.185573150019991,1.003681068390506,0.0469907297174359,0.2221549340411002
2025-10-28 15:22:27.558,3.185336228192682,1.004549781757305,0.04691175577499962,0.22302364740789926
2025-10-28 15:22:28.583,3.1846254627107555,1.0035231205056334,0.04872815645103401,0.22223390798353648
2025-10-28 15:22:29.610,3.185099306365373,1.0041549120451236,0.047069703659872175,0.22168109038648254
2025-10-28 15:22:30.637,3.185020332422937,1.0036020944480697,0.04683278183256334,0.22247082981084532
2025-10-28 15:22:31.664,3.1851782803078095,1.003128250793452,0.047859443084234954,0.22302364740789926
2025-10-28 15:22:32.690,3.1849413584805006,1.0038390162753785,0.04762252125692612,0.22262877769571787
2025-10-28 15:22:33.716,3.184704436653192,1.004549781757305,0.04809636491154379,0.22207596009866393
2025-10-28 15:22:34.741,3.1848623845380644,1.0043128599299962,0.04833328673885262,0.22381338683226204
2025-10-28 15:22:35.771,3.1846254627107555,1.0037600423329422,0.048175338853980065,0.2225498037532816
2025-10-28 15:22:36.794,3.1843095669410104,1.0040759381026874,0.047780469141798676,0.22444517837175226
2025-10-28 15:22:37.823,3.1843885408834467,1.0041549120451236,0.05086045289681351,0.2235764650049532
2025-10-28 15:22:38.851,3.1843095669410104,1.0036020944480697,0.047780469141798676,0.2221549340411002
2025-10-28 15:22:39.883,3.1840726451137016,1.0039179902178148,0.04825431279641634,0.22389236077469832
2025-10-28 15:22:40.914,3.183598801459084,1.003996964160251,0.04762252125692612,0.22239185586840904
2025-10-28 15:22:41.947,3.184151619056138,1.003681068390506,0.04730662548718101,0.22318159529277182
2025-10-28 15:22:42.974,3.183598801459084,1.003681068390506,0.049280974048087955,0.22199698615622765
2025-10-28 15:22:44.001,3.1838357232863927,1.002812355023707,0.04738559942961729,0.2232605692352081
2025-10-28 15:22:45.027,3.1840726451137016,1.0038390162753785,0.05030763529975957,0.22247082981084532
2025-10-28 15:22:46.058,3.183598801459084,1.003996964160251,0.05030763529975957,0.22318159529277182
2025-10-28 15:22:47.089,3.184151619056138,1.0033651726207609,0.049280974048087955,0.22152314250160998
2025-10-28 15:22:48.118,3.1839936711712653,1.0036020944480697,0.046674833947690786,0.22460312625662482
2025-10-28 15:22:49.146,3.1834408535742114,1.0041549120451236,0.05070250501194096,0.22302364740789926
2025-10-28 15:22:50.176,3.1837567493439565,1.00423388598756,0.047464573372053565,0.2235764650049532
2025-10-28 15:22:51.208,3.18367777540152,1.0038390162753785,0.04864918250859773,0.22389236077469832
2025-10-28 15:22:52.237,3.1835198275166476,1.0043918338724325,0.0484122606812889,0.22223390798353648
2025-10-28 15:22:53.267,3.1829670099195937,1.0035231205056334,0.048175338853980065,0.2218390382713551
2025-10-28 15:22:54.298,3.183282905689339,1.0034441465631971,0.04683278183256334,0.22341851712008065
2025-10-28 15:22:55.328,3.1831249578044662,1.0043128599299962,0.04833328673885262,0.22231288192597276
2025-10-28 15:22:56.360,3.182493166264976,1.003996964160251,0.04738559942961729,0.22302364740789926
2025-10-28 15:22:57.390,3.1828880359771574,1.0041549120451236,0.04833328673885262,0.2218390382713551
2025-10-28 15:22:58.414,3.1831249578044662,1.0044708078148687,0.0477014951993624,0.22247082981084532
2025-10-28 15:22:59.443,3.182809062034721,1.0041549120451236,0.04880713039347029,0.22389236077469832
2025-10-28 15:23:00.472,3.1826511141498486,1.0040759381026874,0.04809636491154379,0.22270775163815415
2025-10-28 15:23:01.500,3.182730088092285,1.0037600423329422,0.04730662548718101,0.22365543894738948
2025-10-28 15:23:02.528,3.182730088092285,1.0036020944480697,0.04762252125692612,0.22239185586840904
2025-10-28 15:23:03.559,3.182809062034721,1.003681068390506,0.047780469141798676,0.22523491779611504
2025-10-28 15:23:04.586,3.1823352183801035,1.0043128599299962,0.0484122606812889,0.2228656995230267
2025-10-28 15:23:05.617,3.1829670099195937,1.0037600423329422,0.046753807890127064,0.2225498037532816
2025-10-28 15:23:06.647,3.1820982965527946,1.0036020944480697,0.04833328673885262,0.2228656995230267
2025-10-28 15:23:07.677,3.182493166264976,1.003996964160251,0.04801739096910751,0.22484004808393365
2025-10-28 15:23:08.708,3.1820982965527946,1.0043128599299962,0.048175338853980065,0.22302364740789926
2025-10-28 15:23:09.733,3.181940348667922,1.0034441465631971,0.04730662548718101,0.22247082981084532
2025-10-28 15:23:10.759,3.1823352183801035,1.0034441465631971,0.0505445571270684,0.2235764650049532
2025-10-28 15:23:11.786,3.1820193226103584,1.0044708078148687,0.04730662548718101,0.22460312625662482
2025-10-28 15:23:12.812,3.1817034268406132,1.0037600423329422,0.04714867760230845,0.22294467346546298
2025-10-28 15:23:13.837,3.1817824007830495,1.0034441465631971,0.04762252125692612,0.22247082981084532
2025-10-28 15:23:14.861,3.1820982965527946,1.0032861986783246,0.0484122606812889,0.22476107414149737
2025-10-28 15:23:15.890,3.181940348667922,1.0029703029085795,0.04825431279641634,0.22207596009866393
2025-10-28 15:23:16.919,3.1817824007830495,1.003681068390506,0.04793841702667123,0.22294467346546298
2025-10-28 15:23:17.947,3.181940348667922,1.003996964160251,0.04880713039347029,0.22239185586840904
2025-10-28 15:23:18.976,3.1812295831859956,1.0041549120451236,0.04683278183256334,0.22199698615622765
2025-10-28 15:23:20.006,3.1817034268406132,1.003996964160251,0.048570208566161455,0.22247082981084532
2025-10-28 15:23:21.038,3.1809136874162505,1.0041549120451236,0.05014968741488701,0.2249979959688062
2025-10-28 15:23:22.063,3.180755739531378,1.00423388598756,0.04864918250859773,0.22373441288982576
2025-10-28 15:23:23.089,3.180834713473814,1.004549781757305,0.050070713472450734,0.22239185586840904
2025-10-28 15:23:24.119,3.1809136874162505,1.0044708078148687,0.0505445571270684,0.22349749106251693
2025-10-28 15:23:25.150,3.1815454789557407,1.0032861986783246,0.04849123462372518,0.2221549340411002
2025-10-28 15:23:26.177,3.180834713473814,1.0043128599299962,0.046674833947690786,0.22270775163815415
2025-10-28 15:23:27.207,3.181308557128432,1.0043128599299962,0.0498337916451419,0.2225498037532816
2025-10-28 15:23:28.237,3.181071635301123,1.0035231205056334,0.047780469141798676,0.22231288192597276
2025-10-28 15:23:29.268,3.1809926613586867,1.0041549120451236,0.04849123462372518,0.22176006432891882
2025-10-28 15:23:30.299,3.1805977916465054,1.0039179902178148,0.047859443084234954,0.22373441288982576
2025-10-28 15:23:31.326,3.180518817704069,1.0040759381026874,0.04722765154474473,0.2242872304868797
2025-10-28 15:23:32.352,3.180202921934324,1.0035231205056334,0.04951789587539679,0.2232605692352081
2025-10-28 15:23:33.380,3.1803608698191965,1.003681068390506,0.04959686981783307,0.22318159529277182
2025-10-28 15:23:34.413,3.1803608698191965,1.0032861986783246,0.047069703659872175,0.22365543894738948
2025-10-28 15:23:35.440,3.1800449740494514,1.0038390162753785,0.0469907297174359,0.2232605692352081
2025-10-28 15:23:36.462,3.1797290782797063,1.0043128599299962,0.04730662548718101,0.22444517837175226
2025-10-28 15:23:37.489,3.1800449740494514,1.0038390162753785,0.050386609242195846,0.2235764650049532
2025-10-28 15:23:38.512,3.179966000107015,1.003996964160251,0.04683278183256334,0.22270775163815415
2025-10-28 15:23:39.542,3.1795711303948337,1.0039179902178148,0.0477014951993624,0.2257087614507327
2025-10-28 15:23:40.572,3.1797290782797063,1.0037600423329422,0.047069703659872175,0.22223390798353648
2025-10-28 15:23:41.598,3.17965010433727,1.0033651726207609,0.04801739096910751,0.22262877769571787
2025-10-28 15:23:42.628,3.1795711303948337,1.0039179902178148,0.050781478954377235,0.22318159529277182
2025-10-28 15:23:43.660,3.1801239479918877,1.0038390162753785,0.04738559942961729,0.22444517837175226
2025-10-28 15:23:44.690,3.1803608698191965,1.0043918338724325,0.04738559942961729,0.22239185586840904
2025-10-28 15:23:45.722,3.1800449740494514,1.0037600423329422,0.0477014951993624,0.22333954317764437
2025-10-28 15:23:46.751,3.1801239479918877,1.0040759381026874,0.04825431279641634,0.22247082981084532
2025-10-28 15:23:47.780,3.179887026164579,1.0037600423329422,0.04825431279641634,0.22341851712008065
2025-10-28 15:23:48.808,3.1798080522221426,1.0047077296421776,0.04738559942961729,0.22270775163815415
2025-10-28 15:23:49.833,3.1795711303948337,1.003681068390506,0.04849123462372518,0.22294467346546298
2025-10-28 15:23:50.860,3.179887026164579,1.0038390162753785,0.047859443084234954,0.22341851712008065
2025-10-28 15:23:51.889,3.1801239479918877,1.0036020944480697,0.04801739096910751,0.22349749106251693
2025-10-28 15:23:52.912,3.179413182509961,1.00423388598756,0.04935994799052423,0.22199698615622765
2025-10-28 15:23:53.942,3.179413182509961,1.003681068390506,0.05014968741488701,0.22381338683226204
2025-10-28 15:23:54.973,3.179097286740216,1.0043128599299962,0.048175338853980065,0.22302364740789926
2025-10-28 15:23:56.004,3.179334208567525,1.003996964160251,0.05101840078168607,0.22333954317764437
2025-10-28 15:23:57.034,3.17901831279778,1.0036020944480697,0.048175338853980065,0.22278672558059043
2025-10-28 15:23:58.060,3.179097286740216,1.004549781757305,0.047780469141798676,0.22333954317764437
2025-10-28 15:23:59.089,3.1789393388553435,1.0043128599299962,0.04872815645103401,0.2235764650049532
2025-10-28 15:24:00.116,3.179097286740216,1.0038390162753785,0.04935994799052423,0.2225498037532816
2025-10-28 15:24:01.146,3.178781390970471,1.003681068390506,0.04849123462372518,0.2242872304868797
2025-10-28 15:24:02.172,3.178544469143162,1.0039179902178148,0.04738559942961729,0.2225498037532816
2025-10-28 15:24:03.197,3.1789393388553435,1.0035231205056334,0.04730662548718101,0.22207596009866393
2025-10-28 15:24:04.224,3.178781390970471,1.0039179902178148,0.047780469141798676,0.22555081356586015
2025-10-28 15:24:05.256,3.178781390970471,1.003996964160251,0.0469907297174359,0.22262877769571787
2025-10-28 15:24:06.286,3.178781390970471,1.003681068390506,0.048570208566161455,0.22310262135033554
2025-10-28 15:24:07.318,3.178228573373417,1.0039179902178148,0.05030763529975957,0.2235764650049532
2025-10-28 15:24:08.347,3.177912677603672,1.0044708078148687,0.047859443084234954,0.22365543894738948
2025-10-28 15:24:09.371,3.1787024170280347,1.0037600423329422,0.04920200010565168,0.2221549340411002
2025-10-28 15:24:10.401,3.1781495994309807,1.0036020944480697,0.0484122606812889,0.2242872304868797
2025-10-28 15:24:11.428,3.1778337036612356,1.0047867035846139,0.04730662548718101,0.22270775163815415
2025-10-28 15:24:12.455,3.1781495994309807,1.0041549120451236,0.04683278183256334,0.22270775163815415
2025-10-28 15:24:13.481,3.177596781833927,1.0043128599299962,0.0469907297174359,0.22318159529277182
2025-10-28 15:24:14.511,3.177359860006618,1.0043918338724325,0.048175338853980065,0.2232605692352081
2025-10-28 15:24:15.535,3.177912677603672,1.0039179902178148,0.04833328673885262,0.2232605692352081
2025-10-28 15:24:16.566,3.1775178078914905,1.0036020944480697,0.04904405222077912,0.22262877769571787
2025-10-28 15:24:17.597,3.177675755776363,1.0037600423329422,0.0477014951993624,0.22278672558059043
2025-10-28 15:24:18.629,3.1775178078914905,1.0039179902178148,0.049280974048087955,0.22341851712008065
2025-10-28 15:24:19.658,3.177596781833927,1.0036020944480697,0.047780469141798676,0.22405030865957087
2025-10-28 15:24:20.687,3.177912677603672,1.0040759381026874,0.04864918250859773,0.2228656995230267
2025-10-28 15:24:21.716,3.177043964236873,1.00423388598756,0.04754354731448984,0.22278672558059043
2025-10-28 15:24:22.746,3.1774388339490542,1.003681068390506,0.04880713039347029,0.22294467346546298
2025-10-28 15:24:23.776,3.177675755776363,1.0044708078148687,0.0469907297174359,0.22302364740789926
2025-10-28 15:24:24.807,3.1772808860641817,1.0040759381026874,0.04864918250859773,0.22247082981084532
2025-10-28 15:24:25.838,3.177122938179309,1.003996964160251,0.0491230261632154,0.22239185586840904
2025-10-28 15:24:26.868,3.1774388339490542,1.003996964160251,0.0484122606812889,0.22294467346546298
2025-10-28 15:24:27.900,3.1767280684671277,1.0046287556997413,0.04691175577499962,0.22294467346546298
2025-10-28 15:24:28.931,3.176807042409564,1.004549781757305,0.048570208566161455,0.2225498037532816
2025-10-28 15:24:29.961,3.176807042409564,1.003681068390506,0.05022866135732329,0.22191801221379137
2025-10-28 15:24:30.989,3.176491146639819,1.0043128599299962,0.04809636491154379,0.22333954317764437
2025-10-28 15:24:32.020,3.176491146639819,1.0037600423329422,0.04809636491154379,0.22262877769571787
2025-10-28 15:24:33.050,3.176570120582255,1.0035231205056334,0.04825431279641634,0.2218390382713551
2025-10-28 15:24:34.081,3.1763331987549464,1.0040759381026874,0.048175338853980065,0.22420825654444343
2025-10-28 15:24:35.112,3.17625422481251,1.0040759381026874,0.04754354731448984,0.22270775163815415
2025-10-28 15:24:36.142,3.17625422481251,1.0038390162753785,0.04714867760230845,0.22294467346546298
2025-10-28 15:24:37.167,3.176491146639819,1.003996964160251,0.048175338853980065,0.22294467346546298
2025-10-28 15:24:38.198,3.1758593551003287,1.003681068390506,0.04762252125692612,0.2218390382713551
2025-10-28 15:24:39.230,3.1760173029852012,1.003128250793452,0.04722765154474473,0.22199698615622765
2025-10-28 15:24:40.262,3.1757803811578924,1.00423388598756,0.04809636491154379,0.22349749106251693
2025-10-28 15:24:41.293,3.1760962769276375,1.0035231205056334,0.04683278183256334,0.2239713347171346
2025-10-28 15:24:42.323,3.1763331987549464,1.003681068390506,0.051097374724122346,0.22547183962342388
2025-10-28 15:24:43.354,3.1757803811578924,1.003996964160251,0.04880713039347029,0.22460312625662482
2025-10-28 15:24:44.384,3.175701407215456,1.00423388598756,0.04793841702667123,0.22310262135033554
2025-10-28 15:24:45.415,3.1757803811578924,1.003996964160251,0.049280974048087955,0.22318159529277182
2025-10-28 15:24:46.438,3.175385511445711,1.003681068390506,0.0469907297174359,0.22239185586840904
2025-10-28 15:24:47.464,3.175385511445711,1.0039179902178148,0.04730662548718101,0.2242872304868797
2025-10-28 15:24:48.493,3.1752275635608385,1.0041549120451236,0.047780469141798676,0.22349749106251693
2025-10-28 15:24:49.524,3.1749116677910934,1.0034441465631971,0.04754354731448984,0.22318159529277182
2025-10-28 15:24:50.554,3.175148589618402,1.0036020944480697,0.047859443084234954,0.2232605692352081
2025-10-28 15:24:51.585,3.1753065375032747,1.0032861986783246,0.04801739096910751,0.22310262135033554
2025-10-28 15:24:52.616,3.175385511445711,1.0034441465631971,0.048886104335906566,0.2242872304868797
2025-10-28 15:24:53.643,3.175148589618402,1.0039179902178148,0.04809636491154379,0.22420825654444343
2025-10-28 15:24:54.675,3.175069615675966,1.0034441465631971,0.047069703659872175,0.22270775163815415
2025-10-28 15:24:55.704,3.1752275635608385,1.0039179902178148,0.04991276558757818,0.2239713347171346
2025-10-28 15:24:56.734,3.174832693848657,1.003996964160251,0.0477014951993624,0.22278672558059043
2025-10-28 15:24:57.766,3.1753065375032747,1.003996964160251,0.048175338853980065,0.22278672558059043
2025-10-28 15:24:58.796,3.174832693848657,1.0037600423329422,0.04691175577499962,0.2225498037532816
2025-10-28 15:24:59.820,3.1749906417335296,1.00423388598756,0.04714867760230845,0.22199698615622765
2025-10-28 15:25:00.846,3.1749116677910934,1.0032861986783246,0.04738559942961729,0.22318159529277182
2025-10-28 15:25:01.874,3.175385511445711,1.003996964160251,0.04793841702667123,0.22302364740789926
2025-10-28 15:25:02.901,3.174516798078912,1.0041549120451236,0.050386609242195846,0.22270775163815415
2025-10-28 15:25:03.927,3.1746747459637845,1.0047077296421776,0.0484122606812889,0.22349749106251693
2025-10-28 15:25:04.951,3.174516798078912,1.0038390162753785,0.0484122606812889,0.22231288192597276
2025-10-28 15:25:05.974,3.174200902309167,1.0035231205056334,0.04730662548718101,0.22405030865957087
2025-10-28 15:25:06.997,3.1740429544242943,1.0040759381026874,0.04880713039347029,0.2232605692352081
2025-10-28 15:25:08.021,3.1744378241364757,1.0043918338724325,0.047859443084234954,0.22191801221379137
2025-10-28 15:25:09.043,3.1744378241364757,1.0036020944480697,0.04809636491154379,0.2257087614507327
2025-10-28 15:25:10.066,3.1738850065394217,1.0039179902178148,0.049675843760269345,0.22349749106251693
2025-10-28 15:25:11.089,3.1743588501940394,1.0035231205056334,0.04872815645103401,0.22333954317764437
2025-10-28 15:25:12.118,3.173963980481858,1.003681068390506,0.04691175577499962,0.22223390798353648
2025-10-28 15:25:13.143,3.173648084712113,1.0028913289661432,0.0469907297174359,0.22278672558059043
2025-10-28 15:25:14.172,3.173648084712113,1.0038390162753785,0.050386609242195846,0.22168109038648254
2025-10-28 15:25:15.201,3.1740429544242943,1.0033651726207609,0.04691175577499962,0.22262877769571787
2025-10-28 15:25:16.230,3.1740429544242943,1.0046287556997413,0.04849123462372518,0.22373441288982576
2025-10-28 15:25:17.254,3.173727058654549,1.0046287556997413,0.04943892193296051,0.22207596009866393
2025-10-28 15:25:18.277,3.173648084712113,1.0044708078148687,0.04762252125692612,0.22239185586840904
2025-10-28 15:25:19.299,3.1735691107696766,1.00423388598756,0.047069703659872175,0.22152314250160998
2025-10-28 15:25:20.327,3.1734901368272403,1.0044708078148687,0.04872815645103401,0.22452415231418854
2025-10-28 15:25:21.355,3.17285834528775,1.0039179902178148,0.04738559942961729,0.22207596009866393
2025-10-28 15:25:22.379,3.173411162884804,1.0043128599299962,0.04809636491154379,0.22452415231418854
2025-10-28 15:25:23.402,3.1734901368272403,1.003681068390506,0.046753807890127064,0.2235764650049532
2025-10-28 15:25:24.425,3.1729373192301864,1.0035231205056334,0.04849123462372518,0.22523491779611504
2025-10-28 15:25:25.449,3.17285834528775,1.003996964160251,0.04793841702667123,0.22412928260200715
2025-10-28 15:25:26.478,3.173411162884804,1.0044708078148687,0.04935994799052423,0.22262877769571787
2025-10-28 15:25:27.506,3.1730162931726227,1.0038390162753785,0.04951789587539679,0.22278672558059043
2025-10-28 15:25:28.535,3.173332188942368,1.003681068390506,0.04683278183256334,0.2228656995230267
2025-10-28 15:25:29.564,3.173332188942368,1.0036020944480697,0.04754354731448984,0.2228656995230267
2025-10-28 15:25:30.590,3.172779371345314,1.003681068390506,0.04738559942961729,0.22223390798353648
2025-10-28 15:25:31.617,3.1732532149999315,1.0040759381026874,0.048965078278342844,0.22262877769571787
2025-10-28 15:25:32.648,3.1727003974028776,1.003128250793452,0.04864918250859773,0.22333954317764437
2025-10-28 15:25:33.679,3.1729373192301864,1.0033651726207609,0.04880713039347029,0.2214441685591737
2025-10-28 15:25:34.709,3.1726214234604413,1.0041549120451236,0.04809636491154379,0.22239185586840904
2025-10-28 15:25:35.737,3.1727003974028776,1.0040759381026874,0.0469907297174359,0.2221549340411002
2025-10-28 15:25:36.765,3.172305527690696,1.0047867035846139,0.04714867760230845,0.22381338683226204
2025-10-28 15:25:37.793,3.172542449518005,1.003681068390506,0.04825431279641634,0.22270775163815415
2025-10-28 15:25:38.819,3.172305527690696,1.003681068390506,0.04825431279641634,0.2218390382713551
2025-10-28 15:25:39.850,3.1727003974028776,1.0032861986783246,0.04793841702667123,0.22191801221379137
2025-10-28 15:25:40.879,3.1724634755755687,1.0037600423329422,0.04793841702667123,0.2225498037532816
2025-10-28 15:25:41.907,3.1720686058633873,1.0038390162753785,0.04793841702667123,0.22365543894738948
2025-10-28 15:25:42.933,3.172542449518005,1.0043918338724325,0.04833328673885262,0.2232605692352081
2025-10-28 15:25:43.961,3.1723845016331325,1.0046287556997413,0.046674833947690786,0.22270775163815415
2025-10-28 15:25:44.990,3.171989631920951,1.003996964160251,0.047859443084234954,0.22239185586840904
2025-10-28 15:25:46.020,3.1724634755755687,1.0033651726207609,0.046753807890127064,0.22207596009866393
2025-10-28 15:25:47.052,3.171673736151206,1.0037600423329422,0.0477014951993624,0.22278672558059043
2025-10-28 15:25:48.080,3.1724634755755687,1.0041549120451236,0.04793841702667123,0.22405030865957087
2025-10-28 15:25:49.108,3.171436814323897,1.0039179902178148,0.049675843760269345,0.22349749106251693
2025-10-28 15:25:50.137,3.1718316840360785,1.0035231205056334,0.05046558318463212,0.22231288192597276
2025-10-28 15:25:51.167,3.1712788664390246,1.00423388598756,0.04864918250859773,0.22302364740789926
2025-10-28 15:25:52.190,3.1712788664390246,1.0047077296421776,0.047069703659872175,0.22302364740789926
2025-10-28 15:25:53.223,3.171436814323897,1.004549781757305,0.04714867760230845,0.22247082981084532
2025-10-28 15:25:54.249,3.1711998924965883,1.0040759381026874,0.04762252125692612,0.2232605692352081
2025-10-28 15:25:55.280,3.1711998924965883,1.004549781757305,0.047859443084234954,0.2218390382713551
2025-10-28 15:25:56.309,3.171357840381461,1.0038390162753785,0.04754354731448984,0.2232605692352081
2025-10-28 15:25:57.340,3.1711998924965883,1.0043128599299962,0.04691175577499962,0.22199698615622765
2025-10-28 15:25:58.364,3.1710419446117157,1.0034441465631971,0.04849123462372518,0.22436620442931599
2025-10-28 15:25:59.395,3.170883996726843,1.0046287556997413,0.04801739096910751,0.22176006432891882
2025-10-28 15:26:00.425,3.171436814323897,1.0034441465631971,0.04754354731448984,0.22373441288982576
2025-10-28 15:26:01.453,3.1709629706692795,1.0043128599299962,0.04714867760230845,0.22262877769571787
2025-10-28 15:26:02.476,3.170805022784407,1.0043918338724325,0.04825431279641634,0.22349749106251693
2025-10-28 15:26:03.506,3.170568100957098,1.0040759381026874,0.04864918250859773,0.22373441288982576
2025-10-28 15:26:04.533,3.170568100957098,1.0036020944480697,0.04730662548718101,0.22444517837175226
2025-10-28 15:26:05.564,3.170489127014662,1.0043128599299962,0.050781478954377235,0.22333954317764437
2025-10-28 15:26:06.594,3.1707260488419706,1.0036020944480697,0.0477014951993624,0.22278672558059043
2025-10-28 15:26:07.624,3.170489127014662,1.0043918338724325,0.04849123462372518,0.22381338683226204
2025-10-28 15:26:08.656,3.1707260488419706,1.0040759381026874,0.04880713039347029,0.22239185586840904
2025-10-28 15:26:09.686,3.170489127014662,1.003681068390506,0.04754354731448984,0.22412928260200715
2025-10-28 15:26:10.711,3.1707260488419706,1.0037600423329422,0.050386609242195846,0.22278672558059043
2025-10-28 15:26:11.737,3.170805022784407,1.0036020944480697,0.047859443084234954,0.2218390382713551
2025-10-28 15:26:12.762,3.170252205187353,1.0043918338724325,0.04762252125692612,0.22318159529277182
2025-10-28 15:26:13.789,3.1700942573024804,1.0035231205056334,0.049280974048087955,0.22349749106251693
2025-10-28 15:26:14.814,3.1701732312449167,1.0047867035846139,0.047464573372053565,0.22231288192597276
2025-10-28 15:26:15.841,3.1701732312449167,1.0034441465631971,0.0469907297174359,0.22278672558059043
2025-10-28 15:26:16.867,3.169936309417608,1.0040759381026874,0.050386609242195846,0.22507696991124249
2025-10-28 15:26:17.893,3.169699387590299,1.0039179902178148,0.04738559942961729,0.22207596009866393
2025-10-28 15:26:18.922,3.1700942573024804,1.003996964160251,0.046674833947690786,0.22247082981084532
2025-10-28 15:26:19.953,3.1698573354751716,1.003996964160251,0.04833328673885262,0.22270775163815415
2025-10-28 15:26:20.983,3.1698573354751716,1.0038390162753785,0.047069703659872175,0.2257087614507327
2025-10-28 15:26:22.014,3.1700942573024804,1.0038390162753785,0.0477014951993624,0.22302364740789926
2025-10-28 15:26:23.043,3.1695414397054265,1.0035231205056334,0.0469907297174359,0.2228656995230267
2025-10-28 15:26:24.071,3.170252205187353,1.0038390162753785,0.05014968741488701,0.22270775163815415
2025-10-28 15:26:25.099,3.1693045178781176,1.0051815732967952,0.04991276558757818,0.2218390382713551
2025-10-28 15:26:26.130,3.1692255439356813,1.0037600423329422,0.04722765154474473,0.22349749106251693
2025-10-28 15:26:27.158,3.169699387590299,1.003681068390506,0.04762252125692612,0.22199698615622765
2025-10-28 15:26:28.190,3.169067596050809,1.0038390162753785,0.04872815645103401,0.22381338683226204
2025-10-28 15:26:29.220,3.1689096481659362,1.00423388598756,0.05030763529975957,0.2239713347171346
2025-10-28 15:26:30.250,3.1692255439356813,1.0039179902178148,0.0477014951993624,0.22310262135033554
2025-10-28 15:26:31.277,3.169383491820554,1.003681068390506,0.04809636491154379,0.22247082981084532
2025-10-28 15:26:32.307,3.1686727263386274,1.0037600423329422,0.047859443084234954,0.22452415231418854
2025-10-28 15:26:33.338,3.1693045178781176,1.0041549120451236,0.04793841702667123,0.2235764650049532
2025-10-28 15:26:34.368,3.1689886221083725,1.003681068390506,0.04754354731448984,0.22310262135033554
2025-10-28 15:26:35.397,3.169146569993245,1.0037600423329422,0.04833328673885262,0.22302364740789926
2025-10-28 15:26:36.426,3.1687517002810637,1.003996964160251,0.04864918250859773,0.22381338683226204
2025-10-28 15:26:37.453,3.1689096481659362,1.00423388598756,0.048570208566161455,0.2242872304868797
2025-10-28 15:26:38.479,3.169067596050809,1.00423388598756,0.047859443084234954,0.22191801221379137
2025-10-28 15:26:39.505,3.1688306742235,1.0032861986783246,0.05070250501194096,0.22349749106251693
2025-10-28 15:26:40.531,3.1692255439356813,1.0032861986783246,0.048570208566161455,0.22531389173855132
2025-10-28 15:26:41.557,3.1689096481659362,1.0033651726207609,0.04809636491154379,0.22270775163815415
2025-10-28 15:26:42.582,3.1689886221083725,1.003996964160251,0.04714867760230845,0.22160211644404626
2025-10-28 15:26:43.607,3.1686727263386274,1.004549781757305,0.048886104335906566,0.2228656995230267
2025-10-28 15:26:44.635,3.1688306742235,1.0032072247358883,0.04833328673885262,0.22176006432891882
2025-10-28 15:26:45.660,3.1688306742235,1.0030492768510157,0.04991276558757818,0.22341851712008065
2025-10-28 15:26:46.685,3.1683568305688823,1.0039179902178148,0.050386609242195846,0.22349749106251693
2025-10-28 15:26:47.713,3.168593752396191,1.0038390162753785,0.0477014951993624,0.2221549340411002
2025-10-28 15:26:48.740,3.1681199087415735,1.0039179902178148,0.04991276558757818,0.22168109038648254
2025-10-28 15:26:49.766,3.1683568305688823,1.0044708078148687,0.049991739530014456,0.22294467346546298
2025-10-28 15:26:50.794,3.168277856626446,1.0040759381026874,0.05022866135732329,0.2242872304868797
2025-10-28 15:26:51.819,3.168514778453755,1.0040759381026874,0.0491230261632154,0.22247082981084532
2025-10-28 15:26:52.843,3.167725039029392,1.0037600423329422,0.04801739096910751,0.22523491779611504
2025-10-28 15:26:53.872,3.168040934799137,1.0039179902178148,0.04833328673885262,0.22278672558059043
2025-10-28 15:26:54.900,3.1678040129718283,1.0032861986783246,0.0484122606812889,0.22231288192597276
2025-10-28 15:26:55.923,3.1678040129718283,1.0035231205056334,0.048175338853980065,0.2235764650049532
2025-10-28 15:26:56.951,3.1681199087415735,1.0034441465631971,0.05086045289681351,0.22318159529277182
2025-10-28 15:26:57.979,3.1678829869142646,1.0038390162753785,0.04691175577499962,0.22381338683226204
2025-10-28 15:26:59.004,3.167961960856701,1.0037600423329422,0.047859443084234954,0.22318159529277182
2025-10-28 15:27:00.029,3.1678829869142646,1.0044708078148687,0.04793841702667123,0.22349749106251693
2025-10-28 15:27:01.059,3.167725039029392,1.0040759381026874,0.04762252125692612,0.22239185586840904
2025-10-28 15:27:02.086,3.167646065086956,1.0037600423329422,0.04714867760230845,0.22310262135033554
2025-10-28 15:27:03.115,3.1673301693172107,1.0037600423329422,0.05046558318463212,0.22199698615622765
2025-10-28 15:27:04.141,3.167093247489902,1.0035231205056334,0.046753807890127064,0.22199698615622765
2025-10-28 15:27:05.168,3.1675670911445195,1.0043128599299962,0.04754354731448984,0.2253928656809876
2025-10-28 15:27:06.196,3.1672511953747744,1.0043128599299962,0.04738559942961729,0.22247082981084532
2025-10-28 15:27:07.218,3.167172221432338,1.0036020944480697,0.04793841702667123,0.2225498037532816
2025-10-28 15:27:08.245,3.167409143259647,1.0043128599299962,0.0498337916451419,0.22444517837175226
2025-10-28 15:27:09.268,3.1669352996050293,1.0043918338724325,0.047859443084234954,0.22444517837175226
2025-10-28 15:27:10.294,3.1670142735474656,1.0043128599299962,0.04920200010565168,0.22341851712008065
2025-10-28 15:27:11.324,3.1670142735474656,1.0041549120451236,0.0469907297174359,0.2249979959688062
2025-10-28 15:27:12.352,3.1669352996050293,1.0040759381026874,0.04762252125692612,0.2239713347171346
2025-10-28 15:27:13.380,3.1670142735474656,1.0036020944480697,0.048175338853980065,0.22278672558059043
2025-10-28 15:27:14.407,3.166540429892848,1.003681068390506,0.048965078278342844,0.22444517837175226
2025-10-28 15:27:15.434,3.1664614559504116,1.003681068390506,0.04754354731448984,0.22381338683226204
2025-10-28 15:27:16.461,3.167093247489902,1.0038390162753785,0.04762252125692612,0.2242872304868797
2025-10-28 15:27:17.486,3.1664614559504116,1.0043128599299962,0.0484122606812889,0.2239713347171346
2025-10-28 15:27:18.512,3.166619403835284,1.00423388598756,0.047464573372053565,0.22405030865957087
2025-10-28 15:27:19.540,3.1666983777777205,1.00423388598756,0.04722765154474473,0.22160211644404626
2025-10-28 15:27:20.567,3.1670142735474656,1.0043128599299962,0.047780469141798676,0.22310262135033554
2025-10-28 15:27:21.593,3.166303508065539,1.004549781757305,0.04849123462372518,0.22270775163815415
2025-10-28 15:27:22.619,3.1664614559504116,1.003996964160251,0.04683278183256334,0.22239185586840904
2025-10-28 15:27:23.644,3.1661455601806665,1.0046287556997413,0.05022866135732329,0.22444517837175226
2025-10-28 15:27:24.670,3.1660665862382302,1.0040759381026874,0.048965078278342844,0.22341851712008065
2025-10-28 15:27:25.696,3.166540429892848,1.0043128599299962,0.048175338853980065,0.22318159529277182
2025-10-28 15:27:26.722,3.1663824820079753,1.003681068390506,0.04849123462372518,0.22262877769571787
2025-10-28 15:27:27.748,3.166303508065539,1.003681068390506,0.05101840078168607,0.22389236077469832
2025-10-28 15:27:28.774,3.1663824820079753,1.003996964160251,0.04738559942961729,0.22333954317764437
2025-10-28 15:27:29.800,3.165987612295794,1.003681068390506,0.050070713472450734,0.2221549340411002
2025-10-28 15:27:30.824,3.166224534123103,1.0040759381026874,0.04754354731448984,0.2218390382713551
2025-10-28 15:27:31.849,3.16543479469874,1.003996964160251,0.04754354731448984,0.22389236077469832
2025-10-28 15:27:32.875,3.166224534123103,1.0040759381026874,0.047464573372053565,0.22247082981084532
2025-10-28 15:27:33.900,3.1653558207563037,1.0037600423329422,0.0477014951993624,0.22365543894738948
2025-10-28 15:27:34.926,3.165987612295794,1.0032861986783246,0.047859443084234954,0.2239713347171346
2025-10-28 15:27:35.956,3.1652768468138675,1.0040759381026874,0.04738559942961729,0.2228656995230267
2025-10-28 15:27:36.985,3.1655927425836126,1.0038390162753785,0.047780469141798676,0.2232605692352081
2025-10-28 15:27:38.017,3.1655137686411763,1.0037600423329422,0.047464573372053565,0.22168109038648254
2025-10-28 15:27:39.047,3.165118898928995,1.0037600423329422,0.04762252125692612,0.22531389173855132
2025-10-28 15:27:40.080,3.1655137686411763,1.0038390162753785,0.04762252125692612,0.22341851712008065
2025-10-28 15:27:41.110,3.165197872871431,1.004549781757305,0.04825431279641634,0.22270775163815415
2025-10-28 15:27:42.135,3.165671716526049,1.00423388598756,0.0505445571270684,0.22207596009866393
2025-10-28 15:27:43.162,3.164881977101686,1.004549781757305,0.04920200010565168,0.22176006432891882
2025-10-28 15:27:44.187,3.165118898928995,1.0037600423329422,0.04809636491154379,0.22389236077469832
2025-10-28 15:27:45.217,3.16480300315925,1.0040759381026874,0.048175338853980065,0.2242872304868797
2025-10-28 15:27:46.248,3.165118898928995,1.003996964160251,0.04738559942961729,0.2228656995230267
2025-10-28 15:27:47.273,3.16480300315925,1.0036020944480697,0.0477014951993624,0.2225498037532816
2025-10-28 15:27:48.303,3.1649609510441223,1.0039179902178148,0.04683278183256334,0.22168109038648254
2025-10-28 15:27:49.333,3.164566081331941,1.0041549120451236,0.04872815645103401,0.22452415231418854
2025-10-28 15:27:50.361,3.1647240292168135,1.0036020944480697,0.04991276558757818,0.2211282727894286
2025-10-28 15:27:51.391,3.1649609510441223,1.0039179902178148,0.05046558318463212,0.22302364740789926
2025-10-28 15:27:52.416,3.164566081331941,1.0032861986783246,0.047464573372053565,0.22452415231418854
2025-10-28 15:27:53.445,3.1646450552743772,1.0043128599299962,0.04793841702667123,0.2228656995230267
2025-10-28 15:27:54.476,3.164881977101686,1.0040759381026874,0.05014968741488701,0.22191801221379137
2025-10-28 15:27:55.507,3.16480300315925,1.0039179902178148,0.047069703659872175,0.22294467346546298
2025-10-28 15:27:56.537,3.1647240292168135,1.0046287556997413,0.04754354731448984,0.22152314250160998
2025-10-28 15:27:57.566,3.1641712116197596,1.0040759381026874,0.047859443084234954,0.2232605692352081
2025-10-28 15:27:58.593,3.164881977101686,1.003681068390506,0.05086045289681351,0.22302364740789926
2025-10-28 15:27:59.624,3.164329159504632,1.003681068390506,0.04691175577499962,0.22310262135033554
2025-10-28 15:28:00.655,3.164566081331941,1.00423388598756,0.04825431279641634,0.22176006432891882
2025-10-28 15:28:01.682,3.1638553158500144,1.004549781757305,0.04951789587539679,0.22207596009866393
2025-10-28 15:28:02.712,3.1638553158500144,1.003996964160251,0.05070250501194096,0.2235764650049532
2025-10-28 15:28:03.742,3.163776341907578,1.0041549120451236,0.04683278183256334,0.22136519461673743
2025-10-28 15:28:04.772,3.1638553158500144,1.0041549120451236,0.04880713039347029,0.22491902202636993
2025-10-28 15:28:05.799,3.1636183940227056,1.0039179902178148,0.04935994799052423,0.22262877769571787
2025-10-28 15:28:06.828,3.164013263734887,1.0040759381026874,0.04872815645103401,0.2246821001990611
2025-10-28 15:28:07.856,3.1639342897924507,1.0041549120451236,0.04738559942961729,0.22191801221379137
2025-10-28 15:28:08.880,3.163460446137833,1.0037600423329422,0.0469907297174359,0.22318159529277182
2025-10-28 15:28:09.907,3.1640922376773233,1.0036020944480697,0.04714867760230845,0.22341851712008065
2025-10-28 15:28:10.935,3.1633024982529605,1.0037600423329422,0.04849123462372518,0.22231288192597276
2025-10-28 15:28:11.962,3.163460446137833,1.0041549120451236,0.04793841702667123,0.22176006432891882
2025-10-28 15:28:12.989,3.1632235243105242,1.0036020944480697,0.0484122606812889,0.22349749106251693
2025-10-28 15:28:14.015,3.1638553158500144,1.0035231205056334,0.04738559942961729,0.22373441288982576
2025-10-28 15:28:15.041,3.163144550368088,1.00423388598756,0.04809636491154379,0.22191801221379137
2025-10-28 15:28:16.071,3.163776341907578,1.003128250793452,0.050386609242195846,0.22341851712008065
2025-10-28 15:28:17.103,3.1629866024832154,1.0038390162753785,0.04762252125692612,0.2218390382713551
2025-10-28 15:28:18.130,3.1629866024832154,1.0041549120451236,0.04833328673885262,0.22333954317764437
2025-10-28 15:28:19.157,3.1633024982529605,1.0038390162753785,0.048175338853980065,0.22318159529277182
2025-10-28 15:28:20.188,3.163381472195397,1.003681068390506,0.04762252125692612,0.22452415231418854
2025-10-28 15:28:21.218,3.1633024982529605,1.0043128599299962,0.05062353106950468,0.22389236077469832
2025-10-28 15:28:22.244,3.162907628540779,1.003996964160251,0.04683278183256334,0.22333954317764437
2025-10-28 15:28:23.271,3.1629866024832154,1.0036020944480697,0.0477014951993624,0.22333954317764437
2025-10-28 15:28:24.301,3.1625127588285977,1.003681068390506,0.04714867760230845,0.2228656995230267
2025-10-28 15:28:25.327,3.1625127588285977,1.003996964160251,0.047464573372053565,0.2239713347171346
2025-10-28 15:28:26.350,3.1624337848861614,1.0041549120451236,0.04849123462372518,0.22310262135033554
2025-10-28 15:28:27.375,3.162354810943725,1.0043128599299962,0.04793841702667123,0.22199698615622765
2025-10-28 15:28:28.398,3.1621968630588526,1.0039179902178148,0.04730662548718101,0.2228656995230267
2025-10-28 15:28:29.421,3.1625127588285977,1.0035231205056334,0.05046558318463212,0.2221549340411002
2025-10-28 15:28:30.444,3.1621968630588526,1.0034441465631971,0.04793841702667123,0.22207596009866393
2025-10-28 15:28:31.468,3.1625127588285977,1.003996964160251,0.04714867760230845,0.22405030865957087
2025-10-28 15:28:32.491,3.162275837001289,1.004549781757305,0.04880713039347029,0.22381338683226204
2025-10-28 15:28:33.515,3.1621968630588526,1.0033651726207609,0.04872815645103401,0.22302364740789926
2025-10-28 15:28:34.538,3.1626707067134703,1.0039179902178148,0.047780469141798676,0.22405030865957087
2025-10-28 15:28:35.562,3.162354810943725,1.0034441465631971,0.04809636491154379,0.22318159529277182
2025-10-28 15:28:36.586,3.1624337848861614,1.003996964160251,0.047859443084234954,0.22247082981084532
2025-10-28 15:28:37.610,3.16203891517398,1.0043128599299962,0.04730662548718101,0.22420825654444343
2025-10-28 15:28:38.635,3.162354810943725,1.003681068390506,0.04904405222077912,0.22278672558059043
2025-10-28 15:28:39.658,3.161723019404235,1.004549781757305,0.04714867760230845,0.22389236077469832
2025-10-28 15:28:40.681,3.1624337848861614,1.0041549120451236,0.047464573372053565,0.22341851712008065
2025-10-28 15:28:41.705,3.161959941231544,1.0032861986783246,0.04683278183256334,0.22207596009866393
2025-10-28 15:28:42.729,3.1618809672891075,1.0035231205056334,0.04714867760230845,0.22381338683226204
2025-10-28 15:28:43.756,3.1615650715193624,1.003996964160251,0.04872815645103401,0.22247082981084532
2025-10-28 15:28:44.782,3.1616440454617987,1.003681068390506,0.048175338853980065,0.22168109038648254
2025-10-28 15:28:45.814,3.1618019933466712,1.0038390162753785,0.0491230261632154,0.22278672558059043
2025-10-28 15:28:46.838,3.1616440454617987,1.0036020944480697,0.048570208566161455,0.22460312625662482
2025-10-28 15:28:47.860,3.161486097576926,1.0043918338724325,0.048175338853980065,0.22349749106251693
2025-10-28 15:28:48.890,3.161486097576926,1.003996964160251,0.04872815645103401,0.22412928260200715
2025-10-28 15:28:49.920,3.16140712363449,1.0038390162753785,0.050070713472450734,0.22349749106251693
2025-10-28 15:28:50.950,3.1618809672891075,1.0033651726207609,0.048570208566161455,0.2242872304868797
2025-10-28 15:28:51.978,3.1615650715193624,1.0035231205056334,0.04825431279641634,0.22310262135033554
2025-10-28 15:28:53.009,3.161486097576926,1.00423388598756,0.04793841702667123,0.22405030865957087
2025-10-28 15:28:54.036,3.1610912278647447,1.0034441465631971,0.04714867760230845,0.22318159529277182
2025-10-28 15:28:55.065,3.1615650715193624,1.0043918338724325,0.04762252125692612,0.22294467346546298
2025-10-28 15:28:56.092,3.1612491757496173,1.0041549120451236,0.04801739096910751,0.22333954317764437
2025-10-28 15:28:57.122,3.1612491757496173,1.00423388598756,0.04935994799052423,0.22247082981084532
2025-10-28 15:28:58.152,3.1607753320949996,1.0040759381026874,0.04880713039347029,0.22381338683226204
2025-10-28 15:28:59.183,3.1610122539223084,1.0039179902178148,0.04809636491154379,0.22262877769571787
2025-10-28 15:29:00.213,3.1607753320949996,0.9589028430291364,0.04754354731448984,0.2228656995230267
2025-10-28 15:29:01.242,3.1607753320949996,1.0041549120451236,0.04864918250859773,0.2239713347171346
2025-10-28 15:29:02.266,3.160617384210127,1.00423388598756,0.046753807890127064,0.2235764650049532
2025-10-28 15:29:03.295,3.1612491757496173,1.0027333810812706,0.04849123462372518,0.22420825654444343
2025-10-28 15:29:04.324,3.1606963581525633,1.0032072247358883,0.04762252125692612,0.2218390382713551
2025-10-28 15:29:05.351,3.1607753320949996,1.0038390162753785,0.04754354731448984,0.22389236077469832
2025-10-28 15:29:06.380,3.160617384210127,1.003996964160251,0.0477014951993624,0.22223390798353648
2025-10-28 15:29:07.412,3.160854306037436,1.0043128599299962,0.048965078278342844,0.22318159529277182
2025-10-28 15:29:08.441,3.1610122539223084,1.0038390162753785,0.047464573372053565,0.22318159529277182
2025-10-28 15:29:09.465,3.160617384210127,1.003996964160251,0.047780469141798676,0.22199698615622765
2025-10-28 15:29:10.498,3.1606963581525633,1.0041549120451236,0.04801739096910751,0.22333954317764437
2025-10-28 15:29:11.523,3.160538410267691,1.0041549120451236,0.048570208566161455,0.22231288192597276
2025-10-28 15:29:12.549,3.160064566613073,1.0043918338724325,0.0469907297174359,0.2228656995230267
2025-10-28 15:29:13.577,3.1604594363252545,1.005102599354359,0.04730662548718101,0.22310262135033554
2025-10-28 15:29:14.604,3.1604594363252545,1.0038390162753785,0.04691175577499962,0.22199698615622765
2025-10-28 15:29:15.637,3.1601435405555094,1.0043128599299962,0.0491230261632154,0.22262877769571787
2025-10-28 15:29:16.664,3.160538410267691,1.0037600423329422,0.0469907297174359,0.22207596009866393
2025-10-28 15:29:17.692,3.1598276447857643,1.0041549120451236,0.04754354731448984,0.2235764650049532
2025-10-28 15:29:18.723,3.1601435405555094,1.0047077296421776,0.0469907297174359,0.2228656995230267
2025-10-28 15:29:19.752,3.160617384210127,1.0040759381026874,0.04872815645103401,0.22405030865957087
2025-10-28 15:29:20.782,3.160064566613073,1.00423388598756,0.04730662548718101,0.22176006432891882
2025-10-28 15:29:21.812,3.1604594363252545,1.00423388598756,0.04880713039347029,0.22491902202636993
2025-10-28 15:29:22.844,3.1602225144979457,1.003128250793452,0.04809636491154379,0.22176006432891882
2025-10-28 15:29:23.874,3.1601435405555094,1.0034441465631971,0.048175338853980065,0.2242872304868797
2025-10-28 15:29:24.903,3.160064566613073,1.0041549120451236,0.05046558318463212,0.22310262135033554
2025-10-28 15:29:25.932,3.1598276447857643,1.0038390162753785,0.04959686981783307,0.22349749106251693
2025-10-28 15:29:26.964,3.159748670843328,1.0034441465631971,0.04880713039347029,0.22262877769571787
2025-10-28 15:29:27.992,3.159432775073583,1.003996964160251,0.04864918250859773,0.22373441288982576
2025-10-28 15:29:29.018,3.159748670843328,1.0041549120451236,0.04738559942961729,0.22239185586840904
2025-10-28 15:29:30.049,3.1592748271887103,1.0032861986783246,0.0498337916451419,0.22562978750829643
2025-10-28 15:29:31.075,3.1592748271887103,1.00423388598756,0.0477014951993624,0.2228656995230267
2025-10-28 15:29:32.106,3.159748670843328,1.0040759381026874,0.0477014951993624,0.2225498037532816
2025-10-28 15:29:33.137,3.1595907229584554,1.003681068390506,0.049675843760269345,0.2228656995230267
2025-10-28 15:29:34.162,3.1590379053614015,0.9580341296623374,0.05022866135732329,0.22223390798353648
2025-10-28 15:29:35.190,3.1596696969008917,0.9587448951442639,0.05062353106950468,0.22420825654444343
2025-10-28 15:29:36.221,3.1595907229584554,1.004549781757305,0.05022866135732329,0.22310262135033554
2025-10-28 15:29:37.247,3.1590379053614015,1.0033651726207609,0.047069703659872175,0.22231288192597276
2025-10-28 15:29:38.277,3.1588009835340927,1.0046287556997413,0.04880713039347029,0.2249979959688062
2025-10-28 15:29:39.308,3.159195853246274,1.003996964160251,0.048175338853980065,0.22381338683226204
2025-10-28 15:29:40.340,3.158958931418965,1.0037600423329422,0.047464573372053565,0.22239185586840904
2025-10-28 15:29:41.371,3.158879957476529,1.0033651726207609,0.05046558318463212,0.22436620442931599
2025-10-28 15:29:42.400,3.1588009835340927,1.0041549120451236,0.05030763529975957,0.22452415231418854
2025-10-28 15:29:43.431,3.159195853246274,0.9597715563959355,0.0484122606812889,0.22547183962342388
2025-10-28 15:29:44.460,3.1590379053614015,1.004549781757305,0.04714867760230845,0.2242872304868797
2025-10-28 15:29:45.491,3.158879957476529,0.9592977127413178,0.048175338853980065,0.22310262135033554
2025-10-28 15:29:46.523,3.158564061706784,1.003996964160251,0.04935994799052423,0.2228656995230267
2025-10-28 15:29:47.549,3.158958931418965,1.003996964160251,0.047069703659872175,0.22278672558059043
2025-10-28 15:29:48.576,3.1591168793038378,0.9573233641804109,0.048965078278342844,0.22262877769571787
2025-10-28 15:29:49.605,3.1587220095916564,1.0040759381026874,0.04754354731448984,0.22247082981084532
2025-10-28 15:29:50.636,3.1584850877643476,1.00423388598756,0.048570208566161455,0.2225498037532816
2025-10-28 15:29:51.668,3.158327139879475,0.9584289993745188,0.0491230261632154,0.2221549340411002
2025-10-28 15:29:52.695,3.15864303564922,1.003996964160251,0.047464573372053565,0.22310262135033554
2025-10-28 15:29:53.724,3.158090218052166,1.0038390162753785,0.050070713472450734,0.22262877769571787
2025-10-28 15:29:54.754,3.1578532962248573,1.0036020944480697,0.048570208566161455,0.22349749106251693
2025-10-28 15:29:55.781,3.1584850877643476,0.9589028430291364,0.04762252125692612,0.22302364740789926
2025-10-28 15:29:56.809,3.1582481659370387,1.00423388598756,0.047464573372053565,0.22523491779611504
2025-10-28 15:29:57.840,3.1584061138219113,1.0038390162753785,0.05062353106950468,0.2218390382713551
2025-10-28 15:29:58.872,3.1582481659370387,1.0039179902178148,0.04825431279641634,0.2228656995230267
2025-10-28 15:29:59.899,3.157537400455112,1.003996964160251,0.0469907297174359,0.22160211644404626
2025-10-28 15:30:00.931,3.1578532962248573,0.9582710514896462,0.04730662548718101,0.22381338683226204
2025-10-28 15:30:01.957,3.157458426512676,1.0040759381026874,0.04722765154474473,0.22199698615622765
2025-10-28 15:30:02.988,3.1579322701672936,0.9591397648564453,0.047780469141798676,0.22223390798353648
2025-10-28 15:30:04.014,3.157774322282421,1.0041549120451236,0.05046558318463212,0.22302364740789926
2025-10-28 15:30:05.039,3.1579322701672936,1.0037600423329422,0.047780469141798676,0.22223390798353648
2025-10-28 15:30:06.066,3.1576163743975485,1.003996964160251,0.046753807890127064,0.22420825654444343
2025-10-28 15:30:07.095,3.1576953483399848,1.0037600423329422,0.047464573372053565,0.2221549340411002
2025-10-28 15:30:08.128,3.157458426512676,1.0041549120451236,0.046753807890127064,0.22270775163815415
2025-10-28 15:30:09.159,3.157221504685367,1.0037600423329422,0.04801739096910751,0.22262877769571787
2025-10-28 15:30:10.184,3.157774322282421,1.0043128599299962,0.04809636491154379,0.22278672558059043
2025-10-28 15:30:11.210,3.157458426512676,1.0038390162753785,0.048886104335906566,0.2228656995230267
2025-10-28 15:30:12.235,3.157458426512676,1.00423388598756,0.048570208566161455,0.22373441288982576
2025-10-28 15:30:13.261,3.1573004786278034,1.0037600423329422,0.04833328673885262,0.22365543894738948
2025-10-28 15:30:14.286,3.1570635568004946,0.9585869472593913,0.04691175577499962,0.22294467346546298
2025-10-28 15:30:15.318,3.1570635568004946,1.0036020944480697,0.0484122606812889,0.22381338683226204
2025-10-28 15:30:16.348,3.1567476610307494,1.0036020944480697,0.048175338853980065,0.22239185586840904
2025-10-28 15:30:17.371,3.157142530742931,0.9582710514896462,0.04833328673885262,0.22436620442931599
2025-10-28 15:30:18.400,3.1570635568004946,1.0043128599299962,0.04864918250859773,0.22262877769571787
2025-10-28 15:30:19.430,3.1568266349731857,1.0036020944480697,0.04762252125692612,0.22318159529277182
2025-10-28 15:30:20.454,3.156668687088313,1.003996964160251,0.04754354731448984,0.22310262135033554
2025-10-28 15:30:21.482,3.1568266349731857,1.0038390162753785,0.0484122606812889,0.22278672558059043
2025-10-28 15:30:22.508,3.156589713145877,1.0038390162753785,0.04809636491154379,0.22168109038648254
2025-10-28 15:30:23.534,3.1568266349731857,1.0038390162753785,0.05086045289681351,0.22349749106251693
2025-10-28 15:30:24.563,3.1567476610307494,0.9589818169715727,0.04754354731448984,0.22160211644404626
2025-10-28 15:30:25.589,3.156905608915622,1.00423388598756,0.04880713039347029,0.22168109038648254
2025-10-28 15:30:26.616,3.1565107392034406,1.0040759381026874,0.048175338853980065,0.22223390798353648
2025-10-28 15:30:27.644,3.1569845828580583,1.0040759381026874,0.04825431279641634,0.22191801221379137
2025-10-28 15:30:28.676,3.1569845828580583,1.003996964160251,0.0484122606812889,0.22460312625662482
2025-10-28 15:30:29.705,3.1569845828580583,1.0032861986783246,0.04849123462372518,0.22231288192597276
2025-10-28 15:30:30.735,3.1564317652610043,0.9587448951442639,0.050781478954377235,0.22294467346546298
2025-10-28 15:30:31.763,3.156668687088313,0.9584289993745188,0.04801739096910751,0.22278672558059043
2025-10-28 15:30:32.794,3.156352791318568,1.0043128599299962,0.05093942683924979,0.22381338683226204
2025-10-28 15:30:33.824,3.156115869491259,1.0039179902178148,0.04691175577499962,0.22247082981084532
2025-10-28 15:30:34.854,3.156036895548823,1.0044708078148687,0.04801739096910751,0.22333954317764437
2025-10-28 15:30:35.884,3.1567476610307494,0.9584289993745188,0.0498337916451419,0.22262877769571787
2025-10-28 15:30:36.911,3.1564317652610043,0.9589818169715727,0.04801739096910751,0.2228656995230267
2025-10-28 15:30:37.939,3.1561948434336955,1.0043128599299962,0.04738559942961729,0.22318159529277182
2025-10-28 15:30:38.967,3.1562738173761318,1.0036020944480697,0.04762252125692612,0.22120724673186487
2025-10-28 15:30:39.993,3.15524715612446,0.9580341296623374,0.0484122606812889,0.22484004808393365
2025-10-28 15:30:41.024,3.155720999779078,0.9581131036047736,0.04920200010565168,0.22160211644404626
2025-10-28 15:30:42.047,3.1558789476639504,0.9587448951442639,0.047069703659872175,0.22223390798353648
2025-10-28 15:30:43.073,3.1556420258366416,0.9588238690867001,0.0484122606812889,0.22507696991124249
2025-10-28 15:30:44.099,3.155484077951769,1.003996964160251,0.04825431279641634,0.2246821001990611
2025-10-28 15:30:45.128,3.155484077951769,1.003681068390506,0.05014968741488701,0.2218390382713551
2025-10-28 15:30:46.159,3.1553261300668964,1.004549781757305,0.0498337916451419,0.22231288192597276
2025-10-28 15:30:47.187,3.1554051040093327,0.9581131036047736,0.047859443084234954,0.22231288192597276
2025-10-28 15:30:48.217,3.15524715612446,1.00423388598756,0.050386609242195846,0.22373441288982576
2025-10-28 15:30:49.246,3.1553261300668964,1.0038390162753785,0.04864918250859773,0.22262877769571787
2025-10-28 15:30:50.277,3.1554051040093327,0.9585869472593913,0.05093942683924979,0.22484004808393365
2025-10-28 15:30:51.308,3.1555630518942053,0.9591397648564453,0.04738559942961729,0.22278672558059043
2025-10-28 15:30:52.333,3.1556420258366416,1.003681068390506,0.047464573372053565,0.22381338683226204
2025-10-28 15:30:53.359,3.15524715612446,1.0035231205056334,0.04872815645103401,0.22223390798353648
2025-10-28 15:30:54.388,3.1550102342971513,1.003996964160251,0.04809636491154379,0.2228656995230267
2025-10-28 15:30:55.418,3.155799973721514,0.9583500254320825,0.048570208566161455,0.22302364740789926
2025-10-28 15:30:56.450,3.1550102342971513,1.0037600423329422,0.050386609242195846,0.22262877769571787
2025-10-28 15:30:57.478,3.1550892082395876,0.9580341296623374,0.049675843760269345,0.22318159529277182
2025-10-28 15:30:58.503,3.1548522864122788,0.9586659212018276,0.0491230261632154,0.22294467346546298
2025-10-28 15:30:59.532,3.1548522864122788,1.0041549120451236,0.04762252125692612,0.2239713347171346
2025-10-28 15:31:00.559,3.1544574167000974,0.9582710514896462,0.04754354731448984,0.22239185586840904
2025-10-28 15:31:01.587,3.1547733124698425,0.9581920775472099,0.04801739096910751,0.22247082981084532
2025-10-28 15:31:02.617,3.155168182182024,0.9588238690867001,0.05046558318463212,0.22341851712008065
2025-10-28 15:31:03.642,3.1547733124698425,0.9582710514896462,0.05046558318463212,0.22278672558059043
2025-10-28 15:31:04.667,3.154378442757661,1.0037600423329422,0.04714867760230845,0.22278672558059043
2025-10-28 15:31:05.697,3.155168182182024,0.9589028430291364,0.04722765154474473,0.22262877769571787
2025-10-28 15:31:06.727,3.154694338527406,0.9579551557199011,0.04683278183256334,0.22168109038648254
2025-10-28 15:31:07.758,3.154299468815225,0.9585869472593913,0.04849123462372518,0.22247082981084532
2025-10-28 15:31:08.787,3.1542204948727885,0.9583500254320825,0.04722765154474473,0.22191801221379137
2025-10-28 15:31:09.814,3.154694338527406,0.9584289993745188,0.047780469141798676,0.22420825654444343
2025-10-28 15:31:10.840,3.154694338527406,0.9580341296623374,0.04754354731448984,0.2228656995230267
2025-10-28 15:31:11.865,3.1544574167000974,0.9577972078350285,0.04714867760230845,0.22310262135033554
2025-10-28 15:31:12.892,3.154299468815225,0.9581131036047736,0.0469907297174359,0.22586670933560526
2025-10-28 15:31:13.918,3.1545363906425337,0.9579551557199011,0.048570208566161455,0.22294467346546298
2025-10-28 15:31:14.946,3.153746651218171,0.959060790914009,0.0491230261632154,0.22247082981084532
2025-10-28 15:31:15.972,3.1541415209303523,0.9581131036047736,0.04691175577499962,0.22278672558059043
2025-10-28 15:31:17.000,3.154062546987916,0.9586659212018276,0.047464573372053565,0.22294467346546298
2025-10-28 15:31:18.028,3.1542204948727885,0.957639259950156,0.04730662548718101,0.22168109038648254
2025-10-28 15:31:19.059,3.1539045991030434,0.9587448951442639,0.04872815645103401,0.22507696991124249
2025-10-28 15:31:20.084,3.1542204948727885,0.9580341296623374,0.049675843760269345,0.2225498037532816
2025-10-28 15:31:21.113,3.153509729390862,0.9584289993745188,0.048570208566161455,0.22389236077469832
2025-10-28 15:31:22.144,3.153746651218171,0.959060790914009,0.04683278183256334,0.22191801221379137
2025-10-28 15:31:23.175,3.1534307554484258,0.9589028430291364,0.048886104335906566,0.2253928656809876
2025-10-28 15:31:24.203,3.153193833621117,0.9577182338925923,0.0484122606812889,0.22333954317764437
2025-10-28 15:31:25.230,3.1535887033332983,0.9578761817774648,0.050386609242195846,0.22231288192597276
2025-10-28 15:31:26.259,3.153825625160607,0.9581131036047736,0.04762252125692612,0.22349749106251693
2025-10-28 15:31:27.289,3.1534307554484258,0.958507973316955,0.05030763529975957,0.2221549340411002
2025-10-28 15:31:28.318,3.1536676772757346,0.9581920775472099,0.04738559942961729,0.2232605692352081
2025-10-28 15:31:29.349,3.153272807563553,0.958507973316955,0.04691175577499962,0.22168109038648254
2025-10-28 15:31:30.378,3.153509729390862,0.9582710514896462,0.047780469141798676,0.22349749106251693
2025-10-28 15:31:31.403,3.1534307554484258,0.9582710514896462,0.04801739096910751,0.22247082981084532
2025-10-28 15:31:32.434,3.1534307554484258,0.9589028430291364,0.04762252125692612,0.22365543894738948
2025-10-28 15:31:33.463,3.1533517815059895,0.9581131036047736,0.04801739096910751,0.22270775163815415
2025-10-28 15:31:34.493,3.1533517815059895,0.958507973316955,0.047464573372053565,0.22491902202636993
2025-10-28 15:31:35.522,3.153272807563553,0.9581920775472099,0.05046558318463212,0.22207596009866393
2025-10-28 15:31:36.551,3.152956911793808,0.9582710514896462,0.04691175577499962,0.2218390382713551
2025-10-28 15:31:37.577,3.153272807563553,0.9581920775472099,0.048965078278342844,0.2239713347171346
2025-10-28 15:31:38.603,3.1525620420816267,0.9583500254320825,0.04738559942961729,0.22199698615622765
2025-10-28 15:31:39.627,3.152956911793808,0.9586659212018276,0.04825431279641634,0.2232605692352081
2025-10-28 15:31:40.653,3.1527989639089355,0.9587448951442639,0.04730662548718101,0.22239185586840904
2025-10-28 15:31:41.678,3.153193833621117,0.9587448951442639,0.04754354731448984,0.22270775163815415
2025-10-28 15:31:42.705,3.152877937851372,0.9582710514896462,0.05046558318463212,0.22168109038648254
2025-10-28 15:31:43.731,3.1524830681391904,0.9577182338925923,0.047859443084234954,0.22239185586840904
2025-10-28 15:31:44.758,3.152325120254318,0.9581920775472099,0.04880713039347029,0.22381338683226204
2025-10-28 15:31:45.784,3.1531148596786807,0.958507973316955,0.04809636491154379,0.2221549340411002
2025-10-28 15:31:46.810,3.1521671723694453,0.9579551557199011,0.04801739096910751,0.2228656995230267
2025-10-28 15:31:47.840,3.1520092244845728,0.9583500254320825,0.0477014951993624,0.22294467346546298
2025-10-28 15:31:48.863,3.1524830681391904,0.9583500254320825,0.04730662548718101,0.2228656995230267
2025-10-28 15:31:49.886,3.152088198427009,0.958507973316955,0.04801739096910751,0.2221549340411002
2025-10-28 15:31:50.910,3.152088198427009,0.9577972078350285,0.049280974048087955,0.2239713347171346
2025-10-28 15:31:51.933,3.1524830681391904,0.9588238690867001,0.0484122606812889,0.2232605692352081
2025-10-28 15:31:52.956,3.1524830681391904,0.9578761817774648,0.04754354731448984,0.2235764650049532
2025-10-28 15:31:53.979,3.152088198427009,0.9577972078350285,0.0484122606812889,0.22373441288982576
2025-10-28 15:31:55.003,3.1521671723694453,0.958507973316955,0.04825431279641634,0.22247082981084532
2025-10-28 15:31:56.027,3.1518512765997,0.957639259950156,0.04801739096910751,0.22239185586840904
2025-10-28 15:31:57.054,3.1522461463118816,0.9584289993745188,0.04754354731448984,0.22318159529277182
2025-10-28 15:31:58.077,3.1516143547723914,0.9579551557199011,0.048965078278342844,0.2253928656809876
2025-10-28 15:31:59.103,3.1516933287148277,0.9585869472593913,0.05070250501194096,0.2218390382713551
2025-10-28 15:32:00.126,3.1519302505421365,0.9584289993745188,0.04738559942961729,0.22262877769571787
2025-10-28 15:32:01.153,3.151456406887519,0.957639259950156,0.05014968741488701,0.2235764650049532
2025-10-28 15:32:02.183,3.1516933287148277,0.9580341296623374,0.04793841702667123,0.22191801221379137
2025-10-28 15:32:03.211,3.151456406887519,0.9580341296623374,0.0469907297174359,0.2235764650049532
2025-10-28 15:32:04.233,3.151456406887519,0.9580341296623374,0.04762252125692612,0.22294467346546298
2025-10-28 15:32:05.257,3.150903589290465,0.9584289993745188,0.051176348666558624,0.22389236077469832
2025-10-28 15:32:06.280,3.151535380829955,0.9587448951442639,0.04762252125692612,0.2235764650049532
2025-10-28 15:32:07.303,3.1513774329450825,0.9587448951442639,0.04762252125692612,0.22412928260200715
2025-10-28 15:32:08.330,3.15121948506021,0.9578761817774648,0.047069703659872175,0.22239185586840904
2025-10-28 15:32:09.362,3.1512984590026463,0.9581131036047736,0.049280974048087955,0.22318159529277182
2025-10-28 15:32:10.393,3.15121948506021,0.957639259950156,0.0469907297174359,0.225787735393169
2025-10-28 15:32:11.419,3.150903589290465,0.9581920775472099,0.04833328673885262,0.22405030865957087
2025-10-28 15:32:12.445,3.15121948506021,0.9584289993745188,0.04833328673885262,0.22270775163815415
2025-10-28 15:32:13.473,3.1510615371753374,0.9584289993745188,0.0469907297174359,0.22310262135033554
2025-10-28 15:32:14.502,3.15121948506021,0.9581131036047736,0.047859443084234954,0.22420825654444343
2025-10-28 15:32:15.529,3.1505876935207198,0.9577182338925923,0.04825431279641634,0.22262877769571787
2025-10-28 15:32:16.555,3.151456406887519,0.958507973316955,0.04849123462372518,0.22373441288982576
2025-10-28 15:32:17.580,3.1511405111177737,0.9577972078350285,0.048570208566161455,0.22444517837175226
2025-10-28 15:32:18.607,3.1508246153480286,0.9582710514896462,0.0469907297174359,0.22191801221379137
2025-10-28 15:32:19.633,3.1508246153480286,0.958507973316955,0.046753807890127064,0.22270775163815415
2025-10-28 15:32:20.657,3.1508246153480286,0.9581131036047736,0.04880713039347029,0.22373441288982576
2025-10-28 15:32:21.683,3.150429745635847,0.9578761817774648,0.04722765154474473,0.22239185586840904
2025-10-28 15:32:22.710,3.1499559019812295,0.9579551557199011,0.049991739530014456,0.22223390798353648
2025-10-28 15:32:23.736,3.1502717977509747,0.9581131036047736,0.0477014951993624,0.22412928260200715
2025-10-28 15:32:24.761,3.1501928238085384,0.9585869472593913,0.050781478954377235,0.22405030865957087
2025-10-28 15:32:25.787,3.150034875923666,0.9581920775472099,0.0484122606812889,0.22247082981084532
2025-10-28 15:32:26.815,3.150034875923666,0.9581131036047736,0.04801739096910751,0.22389236077469832
2025-10-28 15:32:27.842,3.1501928238085384,0.9585869472593913,0.05030763529975957,0.22318159529277182
2025-10-28 15:32:28.867,3.150113849866102,0.9582710514896462,0.05046558318463212,0.22168109038648254
2025-10-28 15:32:29.892,3.150350771693411,0.9583500254320825,0.0477014951993624,0.22405030865957087
2025-10-28 15:32:30.919,3.1498769280387933,0.9582710514896462,0.04872815645103401,0.22436620442931599
2025-10-28 15:32:31.946,3.150113849866102,0.9582710514896462,0.04754354731448984,0.2228656995230267
2025-10-28 15:32:32.972,3.1498769280387933,0.9584289993745188,0.04809636491154379,0.22389236077469832
2025-10-28 15:32:33.997,3.1498769280387933,0.9586659212018276,0.051097374724122346,0.2228656995230267
2025-10-28 15:32:35.023,3.150113849866102,0.9588238690867001,0.04872815645103401,0.2232605692352081
2025-10-28 15:32:36.052,3.1501928238085384,0.9579551557199011,0.04691175577499962,0.22223390798353648
2025-10-28 15:32:37.081,3.150034875923666,0.9579551557199011,0.04880713039347029,0.22278672558059043
2025-10-28 15:32:38.106,3.150034875923666,0.9587448951442639,0.0477014951993624,0.22262877769571787
2025-10-28 15:32:39.133,3.1493241104417393,0.9582710514896462,0.04793841702667123,0.2257087614507327
2025-10-28 15:32:40.165,3.149245136499303,0.9579551557199011,0.04714867760230845,0.22191801221379137
2025-10-28 15:32:41.195,3.1493241104417393,0.9583500254320825,0.04833328673885262,0.22318159529277182
2025-10-28 15:32:42.222,3.149797954096357,0.9591397648564453,0.048886104335906566,0.22507696991124249
2025-10-28 15:32:43.248,3.1497189801539207,0.9583500254320825,0.0477014951993624,0.22389236077469832
2025-10-28 15:32:44.274,3.1491661625568668,0.9583500254320825,0.047069703659872175,0.225787735393169
2025-10-28 15:32:45.305,3.149245136499303,0.958507973316955,0.0477014951993624,0.2225498037532816
2025-10-28 15:32:46.335,3.1494030843841756,0.9584289993745188,0.0505445571270684,0.2249979959688062
2025-10-28 15:32:47.362,3.1490871886144305,0.9585869472593913,0.048886104335906566,0.22484004808393365
2025-10-28 15:32:48.390,3.1494030843841756,0.9580341296623374,0.049280974048087955,0.22270775163815415
2025-10-28 15:32:49.416,3.149245136499303,0.9581131036047736,0.047859443084234954,0.22349749106251693
2025-10-28 15:32:50.446,3.1487712928446854,0.9583500254320825,0.04880713039347029,0.22302364740789926
2025-10-28 15:32:51.477,3.148929240729558,0.9591397648564453,0.051097374724122346,0.22349749106251693
2025-10-28 15:32:52.507,3.149008214671994,0.958507973316955,0.0484122606812889,0.2228656995230267
2025-10-28 15:32:53.533,3.1487712928446854,0.959060790914009,0.0477014951993624,0.22476107414149737
2025-10-28 15:32:54.561,3.149245136499303,0.9586659212018276,0.04833328673885262,0.2235764650049532
2025-10-28 15:32:55.591,3.1491661625568668,0.9581920775472099,0.04683278183256334,0.2221549340411002
2025-10-28 15:32:56.623,3.1487712928446854,0.9584289993745188,0.05014968741488701,0.22223390798353648
2025-10-28 15:32:57.654,3.1487712928446854,0.9588238690867001,0.046674833947690786,0.22310262135033554
2025-10-28 15:32:58.686,3.1487712928446854,0.9578761817774648,0.048175338853980065,0.22168109038648254
2025-10-28 15:32:59.721,3.1487712928446854,0.9586659212018276,0.0491230261632154,0.22389236077469832
2025-10-28 15:33:00.751,3.148692318902249,0.9580341296623374,0.04935994799052423,0.22191801221379137
2025-10-28 15:33:01.777,3.1488502667871217,0.9581920775472099,0.048570208566161455,0.22412928260200715
2025-10-28 15:33:02.809,3.1485343710173765,0.9580341296623374,0.04809636491154379,0.22128622067430115
2025-10-28 15:33:03.838,3.1485343710173765,0.9589028430291364,0.04864918250859773,0.22381338683226204
2025-10-28 15:33:04.863,3.1487712928446854,0.9588238690867001,0.04864918250859773,0.22239185586840904
2025-10-28 15:33:05.892,3.148376423132504,0.9585869472593913,0.04691175577499962,0.22444517837175226
2025-10-28 15:33:06.924,3.1482974491900677,0.9589818169715727,0.05022866135732329,0.22223390798353648
2025-10-28 15:33:07.953,3.1487712928446854,0.9585869472593913,0.04754354731448984,0.22247082981084532
2025-10-28 15:33:08.982,3.1477446315930138,0.958507973316955,0.04935994799052423,0.2235764650049532
2025-10-28 15:33:10.012,3.1479025794778863,0.958507973316955,0.046674833947690786,0.22262877769571787
2025-10-28 15:33:11.038,3.148139501305195,0.958507973316955,0.04864918250859773,0.2239713347171346
2025-10-28 15:33:12.064,3.1484553970749403,0.9578761817774648,0.0498337916451419,0.22294467346546298
2025-10-28 15:33:13.091,3.1479815534203226,0.9577182338925923,0.047464573372053565,0.22128622067430115
2025-10-28 15:33:14.116,3.1477446315930138,0.9587448951442639,0.04833328673885262,0.2246821001990611
2025-10-28 15:33:15.142,3.147586683708141,0.9583500254320825,0.04738559942961729,0.22231288192597276
2025-10-28 15:33:16.168,3.147507709765705,0.9578761817774648,0.04793841702667123,0.22207596009866393
2025-10-28 15:33:17.194,3.14782360553545,0.9586659212018276,0.046674833947690786,0.2232605692352081
2025-10-28 15:33:18.224,3.1476656576505775,0.9588238690867001,0.04730662548718101,0.22199698615622765
2025-10-28 15:33:19.254,3.147586683708141,0.9581131036047736,0.0477014951993624,0.22349749106251693
2025-10-28 15:33:20.285,3.1477446315930138,0.9579551557199011,0.04809636491154379,0.22231288192597276
2025-10-28 15:33:21.316,3.1473497618808324,0.9581131036047736,0.047780469141798676,0.2235764650049532
2025-10-28 15:33:22.344,3.1473497618808324,0.9581920775472099,0.049280974048087955,0.22160211644404626
2025-10-28 15:33:23.376,3.147507709765705,0.9588238690867001,0.04943892193296051,0.22310262135033554
2025-10-28 15:33:24.407,3.147507709765705,0.9582710514896462,0.04714867760230845,0.22191801221379137
2025-10-28 15:33:25.437,3.147270787938396,0.958507973316955,0.04754354731448984,0.22381338683226204
2025-10-28 15:33:26.466,3.1468759182262147,0.9581131036047736,0.047464573372053565,0.2225498037532816
2025-10-28 15:33:27.492,3.1468759182262147,0.9582710514896462,0.04762252125692612,0.22270775163815415
2025-10-28 15:33:28.523,3.146954892168651,0.9584289993745188,0.0484122606812889,0.2242872304868797
2025-10-28 15:33:29.554,3.1474287358232687,0.9579551557199011,0.04714867760230845,0.22507696991124249
2025-10-28 15:33:30.585,3.146954892168651,0.9579551557199011,0.05014968741488701,0.22262877769571787
2025-10-28 15:33:31.608,3.147270787938396,0.958507973316955,0.04801739096910751,0.22176006432891882
2025-10-28 15:33:32.639,3.147507709765705,0.9574813120652834,0.047780469141798676,0.2225498037532816
2025-10-28 15:33:33.669,3.1468759182262147,0.9578761817774648,0.048175338853980065,0.2218390382713551
2025-10-28 15:33:34.698,3.1468759182262147,0.9582710514896462,0.051097374724122346,0.22389236077469832
2025-10-28 15:33:35.728,3.1471128400535235,0.9584289993745188,0.046753807890127064,0.22199698615622765
2025-10-28 15:33:36.751,3.146954892168651,0.9582710514896462,0.04951789587539679,0.22136519461673743
2025-10-28 15:33:37.779,3.146954892168651,0.9585869472593913,0.048175338853980065,0.22333954317764437
2025-10-28 15:33:38.808,3.1471128400535235,0.9580341296623374,0.04683278183256334,0.2218390382713551
2025-10-28 15:33:39.836,3.1468759182262147,0.9584289993745188,0.05022866135732329,0.22294467346546298
2025-10-28 15:33:40.863,3.1467969442837784,0.9578761817774648,0.04762252125692612,0.2232605692352081
2025-10-28 15:33:41.894,3.146717970341342,0.9588238690867001,0.04659586000525451,0.22247082981084532
2025-10-28 15:33:42.924,3.146717970341342,0.9585869472593913,0.04738559942961729,0.22294467346546298
2025-10-28 15:33:43.954,3.1464810485140333,0.9586659212018276,0.04691175577499962,0.2225498037532816
2025-10-28 15:33:44.986,3.1460072048594157,0.9574813120652834,0.04722765154474473,0.22373441288982576
2025-10-28 15:33:46.017,3.146165152744288,0.9580341296623374,0.050781478954377235,0.2239713347171346
2025-10-28 15:33:47.048,3.146086178801852,0.9587448951442639,0.047069703659872175,0.22270775163815415
2025-10-28 15:33:48.078,3.1462441266867245,0.9573233641804109,0.04738559942961729,0.22349749106251693
2025-10-28 15:33:49.105,3.146165152744288,0.9581920775472099,0.048570208566161455,0.22207596009866393
2025-10-28 15:33:50.137,3.1460072048594157,0.9579551557199011,0.047069703659872175,0.22586670933560526
2025-10-28 15:33:51.167,3.1460072048594157,0.9587448951442639,0.0484122606812889,0.22223390798353648
2025-10-28 15:33:52.196,3.1460072048594157,0.9587448951442639,0.04683278183256334,0.22302364740789926
2025-10-28 15:33:53.220,3.1459282309169794,0.9582710514896462,0.04738559942961729,0.2228656995230267
2025-10-28 15:33:54.248,3.1460072048594157,0.9587448951442639,0.0469907297174359,0.22333954317764437
2025-10-28 15:33:55.279,3.146086178801852,0.958507973316955,0.0498337916451419,0.2257087614507327
2025-10-28 15:33:56.309,3.1456913090896705,0.9581920775472099,0.0469907297174359,0.22270775163815415
2025-10-28 15:33:57.339,3.1463231006291608,0.959060790914009,0.04849123462372518,0.22341851712008065
2025-10-28 15:33:58.368,3.146165152744288,0.9577972078350285,0.04714867760230845,0.22349749106251693
2025-10-28 15:33:59.403,3.146402074571597,0.9581131036047736,0.04801739096910751,0.22373441288982576
2025-10-28 15:34:00.429,3.1453754133199254,0.9578761817774648,0.04722765154474473,0.22381338683226204
2025-10-28 15:34:01.460,3.145770283032107,0.9582710514896462,0.047464573372053565,0.2239713347171346
2025-10-28 15:34:02.483,3.1463231006291608,0.9583500254320825,0.04849123462372518,0.2225498037532816
2025-10-28 15:34:03.510,3.145533361204798,0.9584289993745188,0.04849123462372518,0.22341851712008065
2025-10-28 15:34:04.537,3.1456123351472343,0.9584289993745188,0.04691175577499962,0.22389236077469832
2025-10-28 15:34:05.565,3.1456123351472343,0.9585869472593913,0.05030763529975957,0.22318159529277182
2025-10-28 15:34:06.594,3.145533361204798,0.9587448951442639,0.0484122606812889,0.22270775163815415
2025-10-28 15:34:07.625,3.145533361204798,0.958507973316955,0.047780469141798676,0.22318159529277182
2025-10-28 15:34:08.654,3.145770283032107,0.9588238690867001,0.04793841702667123,0.22262877769571787
2025-10-28 15:34:09.686,3.1451384914926166,0.9577182338925923,0.050386609242195846,0.22444517837175226
2025-10-28 15:34:10.713,3.1450595175501803,0.9574813120652834,0.048570208566161455,0.2225498037532816
2025-10-28 15:34:11.739,3.1454543872623617,0.9580341296623374,0.04754354731448984,0.22484004808393365
2025-10-28 15:34:12.764,3.1454543872623617,0.9577182338925923,0.05086045289681351,0.22294467346546298
2025-10-28 15:34:13.789,3.144743621780435,0.9585869472593913,0.04991276558757818,0.22247082981084532
2025-10-28 15:34:14.816,3.1448225957228715,0.9581920775472099,0.047780469141798676,0.22452415231418854
2025-10-28 15:34:15.843,3.1451384914926166,0.9581920775472099,0.04833328673885262,0.2235764650049532
2025-10-28 15:34:16.869,3.144743621780435,0.9581920775472099,0.04738559942961729,0.22247082981084532
2025-10-28 15:34:17.899,3.144664647837999,0.9583500254320825,0.04730662548718101,0.225787735393169
2025-10-28 15:34:18.926,3.1448225957228715,0.9584289993745188,0.04793841702667123,0.22247082981084532
2025-10-28 15:34:19.954,3.1445856738955626,0.9581920775472099,0.04943892193296051,0.22176006432891882
2025-10-28 15:34:20.980,3.1448225957228715,0.9587448951442639,0.05062353106950468,0.22389236077469832
2025-10-28 15:34:22.009,3.1445066999531264,0.9589818169715727,0.047069703659872175,0.2225498037532816
2025-10-28 15:34:23.040,3.1440328562985087,0.9579551557199011,0.05101840078168607,0.2232605692352081
2025-10-28 15:34:24.071,3.1441908041833813,0.9587448951442639,0.04714867760230845,0.22176006432891882
2025-10-28 15:34:25.102,3.1441908041833813,0.9580341296623374,0.048175338853980065,0.22333954317764437
2025-10-28 15:34:26.130,3.1445066999531264,0.9581131036047736,0.04904405222077912,0.22160211644404626
2025-10-28 15:34:27.161,3.14442772601069,0.9581131036047736,0.048570208566161455,0.22270775163815415
2025-10-28 15:34:28.191,3.1442697781258175,0.9591397648564453,0.04904405222077912,0.22176006432891882
2025-10-28 15:34:29.220,3.1440328562985087,0.9581920775472099,0.0477014951993624,0.22349749106251693
2025-10-28 15:34:30.251,3.1440328562985087,0.9584289993745188,0.04825431279641634,0.22160211644404626
2025-10-28 15:34:31.279,3.1439538823560724,0.9587448951442639,0.05022866135732329,0.2239713347171346
2025-10-28 15:34:32.311,3.1442697781258175,0.9585869472593913,0.04864918250859773,0.2218390382713551
2025-10-28 15:34:33.342,3.144348752068254,0.9586659212018276,0.04833328673885262,0.22531389173855132
2025-10-28 15:34:34.373,3.1439538823560724,0.9581920775472099,0.04943892193296051,0.22247082981084532
2025-10-28 15:34:35.400,3.144348752068254,0.9584289993745188,0.048570208566161455,0.22302364740789926
2025-10-28 15:34:36.428,3.143559012643891,0.9583500254320825,0.04730662548718101,0.2225498037532816
2025-10-28 15:34:37.453,3.1437169605287636,0.957639259950156,0.04793841702667123,0.22302364740789926
2025-10-28 15:34:38.485,3.1434800387014548,0.9579551557199011,0.04825431279641634,0.22239185586840904
2025-10-28 15:34:39.516,3.1434010647590185,0.9577972078350285,0.047859443084234954,0.22531389173855132
2025-10-28 15:34:40.547,3.143874908413636,0.957639259950156,0.048175338853980065,0.22239185586840904
2025-10-28 15:34:41.573,3.1434800387014548,0.9581131036047736,0.047464573372053565,0.22176006432891882
2025-10-28 15:34:42.599,3.143559012643891,0.9578761817774648,0.04833328673885262,0.2261036311629141
2025-10-28 15:34:43.629,3.1439538823560724,0.9586659212018276,0.04722765154474473,0.22207596009866393
2025-10-28 15:34:44.656,3.1434010647590185,0.9585869472593913,0.04920200010565168,0.22199698615622765
2025-10-28 15:34:45.682,3.1437959344712,0.9586659212018276,0.049280974048087955,0.22302364740789926
